file;xml_id;form;vers;action;review_grund;geaendert;alt_pos;neu_pos;alt_lemmaRef;neu_lemmaRef;alt_corresp;neu_corresp;verdict_lemma;verdict_pos;confidence;begruendung;kontext
ADP.tei.xml;ADP_4300800_12;minne;;REVIEW;confidence;nein;NOM;;;;;;lemma_4130;NAM;medium;Eine der drei iungfrowen der Klosterallegorie, die anschliessend handeln: Personifikation.;. des phlegent dri iungfrowe . daz ist guot wille . vroelichkait . und rainiu **minne** . diu erst iungfrowe ist guot wille . diu lât die geste in . wan
ADP.tei.xml;ADP_4303900_2;minne;;REVIEW;confidence;nein;NOM;;;;;;lemma_4130;NAM;medium;Die iungfrowe minne setzt den Herren nieder und spricht: handelnde Personifikation.;sele sont ain stæt wonung han mit enander . diu dritte iungfrowe ist diu edel **minne** . diu setzet ünsern herren nider . und sprichet . herre wir sont sitzen .
ADP.tei.xml;ADP_4304300_2;minne;;REVIEW;confidence;nein;NOM;;;;;;lemma_4130;NAM;medium;spricht diu minne: die Personifikation redet selbst.;. sitz herre . la mich mit dir kosen . o lieber herre spricht diu **minne** . wir süllent ain wonung entzwüschent üns machen . du waist doch wol daz ich
ADP.tei.xml;ADP_4304400_7;minne;;REVIEW;confidence;nein;NOM;;;;;;lemma_4130;NOM;medium;ich bin diu minne: Praedikatsnomen auf das Abstraktum, im Mund der Allegorie.;wir süllent ain wonung entzwüschent üns machen . du waist doch wol daz ich diu **minne** bin . mit der du din wonung hast . als sant iohannes spricht . deus
ADP.tei.xml;ADP_4304600_8;minne;;REVIEW;confidence;nein;NOM;;;;;;lemma_4130;NOM;medium;wan ich bin diu minne: Praedikatsnomen, Abstraktum (deus caritas est zitiert).;est . o herre . du muost bi mir bliben . wan ich bin diu **minne** . und bist ôch du diu minne . so sitzet denn ünser herre und ruowet
ADP.tei.xml;ADP_4304600_15;minne;;REVIEW;confidence;nein;NOM;;;;;;lemma_4130;NOM;medium;bist ôch du diu minne (Gott ist die Liebe): Praedikatsnomen, Abstraktum.;bi mir bliben . wan ich bin diu minne . und bist ôch du diu **minne** . so sitzet denn ünser herre und ruowet in der sele . minne . und
ADP.tei.xml;ADP_4304700_11;minne;;REVIEW;confidence;nein;NOM;;;;;;lemma_4130;NOM;medium;ruowet in der sele minne: Genitivfuegung (Liebe der Seele), trotz Interpunktion nominal.;du diu minne . so sitzet denn ünser herre und ruowet in der sele . **minne** . und koset guetlich mit ir . und spricht mir ist vil sanft . daz
ADP.tei.xml;ADP_4312400_7;minne;;REVIEW;confidence;nein;NAM;;;;;;lemma_4130;NAM;medium;beschaidenhait und minne ruegent enander: handelnde Personifikationen.;samen gehellent . und doch mit der gnade belibent . dar nach ruegent beschaidenhait und **minne** enander . und sprichet vro beschaidenhait . vro minne iuwer minne ist also vil .
ADP.tei.xml;ADP_4312500_5;minne;;REVIEW;confidence;nein;NAM;;;;;;lemma_4130;NAM;medium;Anrede vro minne: personifizierte Figur wird angesprochen.;. dar nach ruegent beschaidenhait und minne enander . und sprichet vro beschaidenhait . vro **minne** iuwer minne ist also vil . daz ich es nit erliden mag . so ir
ADP.tei.xml;ADP_4313000_7;minne;;REVIEW;confidence;nein;NAM;;;;;;lemma_4130;NAM;medium;so spricht denn vro minne: redende Personifikation mit vro.;sont ainest werchen . daz ir ôch andrest mugent werchen . so spricht denn vro **minne** . vro beschaidenhait iuwer beschaidenhait ist also vil . daz ir als træge sint .
ADP.tei.xml;ADP_4313700_13;minne;;REVIEW;confidence;nein;NAM;;;;;;lemma_4130;NAM;medium;Anrede vro minne ir sont: angesprochene Personifikation.;samen . ir sint als unfridsam mit enander . daz es übel stât . vro **minne** ir sont nit als vngefuoklich varen . sint mæssiger . aber ir vro beschaidenhait .
ADP.tei.xml;ADP_4510300_2;minne;;REVIEW;confidence;nein;NOM;;;;;;lemma_4130;NAM;medium;Die sibende iungfrowe diu minne kroennet die sele: handelnde Personifikation.;volbringet er ir nit so ist es nit loblich . diu sibende iungfrowe ist diu **minne** . diu kroennet die sele . und hilfet ir ain iungfrowe diu haisset beschaidenhait .
ADP.tei.xml;ADP_5201900_3;minne;;REVIEW;confidence;nein;NOM;;;;;;lemma_4130;NOM;medium;"twang mich diu minne: Gottes Liebe als Antrieb in Christi Rede; Personifikationslesart bleibt offen.";daz getet ich och nie dekainer schlaht creatur me . da von twang mich diu **minne** daz ich selbe min selbez glichnust wolte loesen . diu vierde sache ist . daz
ADP.tei.xml;ADP_5305500_4;minne;;REVIEW;prior-konflikt;nein;NOM;;;;;;lemma_4133;VRB;high;Jussiver Konjunktiv 'swer ... welle gewinnen, der minne allis daz' mit Akkusativobjekt: Verb, gegen pos_prior.;minnet gvoter dinge div sint sin . swer denne vil gvotis welle gewinnen . der **minne** allis das er gvotis an eime ieglichen menschen siht . alde hoerit . so ist
ADP.tei.xml;ADP_6404400_10;minne;;REVIEW;confidence;nein;NOM;;;;;;lemma_4130;NOM;medium;Subjekt mit Artikel 'da bindet diu minne': goettliche Liebe als Kraft, Personifikation bleibt denkbar.;wil allein mit der minne zuo der minnerin gebunden werden . triuwen da bindet diu **minne** die minnerin zuo dem minner unt denne sprichet diu minnende sele . oherre wir sont
ADP.tei.xml;ADP_9302800_8;minne;;REVIEW;confidence;nein;NOM;;;;;;lemma_4130;NOM;medium;"Artikel 'div', Subjekt von 'zerbrach' neben 'der tot'; agentiv, aber abstrakte Gottesliebe, keine Frau Minne.";so sich an mine not . mit erbarmeherzigen ovgen herre durch din herce das div **minne** vnde der tot andem criuze zerbrach so brich min herze von toetlicher minne die mine
AUP.tei.xml;AUP_840_4;minne;84;REVIEW;confidence;nein;;;;;;;lemma_4130;NAM;medium;"'daz tet diu strenge minne': Minne handelt als Subjekt; Personifikationslesart, Artikel laesst NOM offen.";"an witzen unde an sinne ; / daz tet diu strenge **minne** . / diu künigîn het eine maget ,"
AUP.tei.xml;AUP_1100_2;minne;110;REVIEW;confidence;nein;;;;;;;lemma_4130;NAM;medium;"'swen nû minne twinge': Minne zwingt als handelnde Macht; generische NOM-Lesart bleibt moeglich.";an dem jüngelinge . / swen nû **minne** twinge , / der merke , wie im wære :
AUP.tei.xml;AUP_1140_1;minne;114;REVIEW;confidence;nein;;;;;;;lemma_4130;NAM;medium;"'diu minne... getwanc eines mannes herze': Minne als zwingende Akteurin; NOM-Lesart bleibt offen.";enweste , wie gebâren . / diu **minne** in tûsent jâren / getwanc nie sô sêre
AUP.tei.xml;AUP_2090_2;minne;209;REVIEW;confidence;nein;;;;;;;lemma_4130;NOM;medium;"'diu gewaltige minne diu was... komen': Artikel und Adjektiv; schwach agentiv, Personifikation nicht sicher.";durch in , als er durch sî , beladen . / diu gewaltige **minne** / diu was ouch in ir sinne
AUP.tei.xml;AUP_3520_1;minne;352;REVIEW;confidence;nein;;;;;;;lemma_4130;NAM;medium;'diu minne tet im manigen schâch und machte in zeime kinde': Minne handelt als Figur.;unde eine hitze darnâch . / diu **minne** tet im manigen schâch / und machte in zeime kinde .
AUP.tei.xml;AUP_4670_2;minne;467;REVIEW;confidence;nein;;;;;;;lemma_4130;NAM;medium;Apposition 'der sinne ein rouberinne', 'betwanc den meister': klar personifizierte Akteurin.;daz mære , dâ ez wart verlân . / diu gewaltige **minne** , / der sinne ein rouberinne ,
AXR.tei.xml;AXR_49500_1;minne;495;REVIEW;confidence;nein;;;;;;;lemma_4130;NAM;medium;Minne handelt als Figur: 'diu minne zim geslichen kam' und nimmt ihm das gemüete.;ir minne sîn gemüete twanc , / diu **minne** zim geslichen kam , / sîn gemüete si im nam
AXR.tei.xml;AXR_1837900_4;minne;18379;REVIEW;confidence;nein;;;;;;;lemma_4130;NAM;medium;Minne als handelnde Macht: 'diu minne twinget alle sinne und endet swaz si enden wil'.;des muoster ir nû sîn bereit , / wan eht ie diu **minne** / twinget alle sinne
AXR.tei.xml;AXR_1838600_2;minne;18386;REVIEW;confidence;nein;;;;;;;lemma_4130;NAM;medium;"Personifikationskontext: der minne erweren; sie 'underwindet sich' und 'bindet in ir bant'.";der list des vil daz wîp noch man / sich der **minne** erweren kan , / des si sich underwindet
AXU.tei.xml;AXU_315_1;minne;315;REVIEW;confidence;nein;;;;;;;lemma_4130;NAM;medium;'frou minne' als charakterisierte Figur ('ist doch wunderlich').;die edle küniginne . / frou **minne** ist doch wunderlich / daz sie niht versinnet sich
AXU.tei.xml;AXU_327_2;minne;327;REVIEW;confidence;nein;;;;;;;lemma_4130;NOM;medium;"'von der minne' präpositional; Folgeverse geben ihr aber verwundende Agens-Rolle.";die zwei beide / von der **minne** worden kunt . / sie het mich alsô sêre verwunt
AXU.tei.xml;AXU_339_0;minne;339;REVIEW;confidence;nein;;;;;;;lemma_4130;NOM;medium;"Gnomisches Subjekt 'minne kan gewalten'; Personifikationslesart bleibt offen.";der ist grôzer sorgen frî . / **minne** kan gewalten / an jungen und an alten ,
AXU.tei.xml;AXU_685_3;minne;685;REVIEW;confidence;nein;;;;;;;lemma_4130;NAM;medium;'frouwe minne' als zwingende Handlungsfigur ('twanc der küniginne sinne').;als ich rehte waene . / dô twanc frouwe **minne** / der küniginne sinne
AXU.tei.xml;AXU_3909_1;minne;3909;REVIEW;confidence;nein;;;;;;;lemma_4130;NOM;medium;'waz minne gnâde begât': Genitiv- oder Agens-Lesart, beide nominal, Agens spricht für Personifikation.;dem ir süeze minne gan . / waz **minne** gnâde an im begât , / den sie mit süezer minne enphât
AXU.tei.xml;AXU_6178_4;minne;6178;REVIEW;confidence;nein;;;;;;;lemma_4130;NOM;medium;"Artikel 'die minne' als Subjekt von 'twanc'; zwingende Agens-Rolle lässt NAM offen.";ir helme nâch tiurem steine gevar . / die werden twanc die **minne** dar . / schilde , die sie brâhten dar ,
AXU.tei.xml;AXU_6181_3;minne;6181;REVIEW;confidence;nein;;;;;;;lemma_4130;NOM;medium;"Genitiv 'ze êren der minne'; Apposition zu Venus lässt Gottheits-Lesart offen.";dâ sach man ûf entworfen clâr / ze êren der **minne** / vênus die gotinne ,
AXU.tei.xml;AXU_6185_0;minne;6185;REVIEW;confidence;nein;;;;;;;lemma_4130;NAM;medium;"Minne klagt als Figur den Verlust ihrer Ritter; Kompositum-Lesart 'minne verlust' bleibt offen.";sie wolden der minne ritter sîn . / **minne** verlust sît an in clagte , / als mir der meister sagte .
AXU.tei.xml;AXU_6897_1;minne;6897;REVIEW;confidence;nein;;;;;;;lemma_4130;NAM;medium;'frou minne' als Handlungsfigur: 'kan füegen liep mit leide', 'sie gît'.;und süezen gewalt an im begiengen . / frou **minne** die kan beide / füegen liep mit leide .
AXU.tei.xml;AXU_8107_1;minne;8107;REVIEW;confidence;nein;;;;;;;lemma_4130;NAM;medium;"Minne als handelnde Figur erleidet Verlust; Kontext (ir dienaere 8304) stuetzt Personifikation.";des tôt die wîp lêrte pîn . / die **minne** verlust dô enphienc / an dem dô schedelich mort ergienc .
AXU.tei.xml;AXU_8127_3;minne;8127;REVIEW;confidence;nein;;;;;;;lemma_4130;NAM;medium;Minne handelt als Figur (die minne hazzet jemanden): Personifikation.;daz ir hêrre erslagen waere . / den dô die **minne** hazzet , / permêniô sich niht lazzet .
AXU.tei.xml;AXU_8304_3;minne;8304;REVIEW;confidence;nein;;;;;;;lemma_4130;NAM;medium;Minne klagt um ir werden dienaere: eindeutig handelnde Personifikation.;die tôt von im wurden erslagen . / man hôrt die **minne** über in clagen / umb ir werden dienaere ,
AXU.tei.xml;AXU_11563_5;minne;11563;REVIEW;confidence;nein;;;;;;;lemma_4130;NAM;medium;frou Minne bezwingt Davids Sinne: explizite Personifikation mit vrouwe.;dâ mit er in von leben schiet . / er mâlte ouch wie frou **minne** / hern dâvîdes sinne
AXU.tei.xml;AXU_17261_1;minne;17261;REVIEW;confidence;nein;;;;;;;lemma_4130;NOM;medium;Anrede süeze minne meint die Geliebte (saelic wîp), Kosewort, keine Personifikation.;daz wurde mîner sorgen slac . / süeze **minne** , mîne sinne / jâmert sêre nâch dîner minne .
AXU.tei.xml;AXU_17550_3;minne;17550;REVIEW;confidence;nein;;;;;;;lemma_4133;VRB;medium;"Verbletztstellung im Nebensatz (in mînem herzen minne = ich liebe); Nominallesart bleibt moeglich.";mit getriuwelîchem sinne / in mînem herzen **minne** . / ob daz von uns ergienge nuo ,
AXU.tei.xml;AXU_18817_3;minne;18817;REVIEW;confidence;nein;;;;;;;lemma_4130;NAM;medium;Minne zwingt und herrscht mit ir meisterschaft: agentive Personifikation.;und sie manheit niht erliezen : / des twanc sie **minne** und liebe craft . / gewaldic mit ir meisterschaft
AXU.tei.xml;AXU_20481_3;minne;20481;REVIEW;confidence;nein;;;;;;;lemma_4130;NAM;medium;Minne ist bereit und twanc ir wîpheit: handelnde Personifikation.;und sîn gnâde haete . / nû was die **minne** dô bereit , / die des twanc ir wîpheit ,
AXU.tei.xml;AXU_24310_3;minne;24310;REVIEW;confidence;nein;;;;;;;lemma_4130;NAM;medium;vrô Minne gebietet als Figur: explizite Personifikation mit vrouwe.;der küniginne mündel rôt , / als im vrô **minne** daz gebôt : / sie moht wol haben den prassidis ,
AXU.tei.xml;AXU_26845_2;minne;26845;REVIEW;confidence;nein;;;;;;;lemma_4130;NAM;medium;Die sigehafte Minne will vröude mezzen und warp nâch gewinne: handelnde Personifikation.;in wolde vröude mezzen , / die sigehafte **minne** , / die dâ warp nâch gewinne .
BVSN.tei.xml;BVSN_9270_9;minne;;REVIEW;confidence;nein;;;;;;;lemma_4130;NOM;medium;"Nominal von werd abhaengig (der minne wert); Konstruktion elliptisch, aber klar Substantiv.";gab di er zu menschleichen geslecht je gewan , davon ist si uns pilleich und **minne** werd und genäm . daz aber dise gâb uns gegeben sey von got in der
BVSN.tei.xml;BVSN_12010_7;minne;;REVIEW;confidence;nein;;;;;;;lemma_4130;NOM;medium;"Anrede Gottes als volchomen minne (Bernhart-Zitat); nominal, keine Frau-Minne-Figur.";gancz rost der volchomen minne und dâvon spricht sant bernhart : got suzze und volchomen **minne** mag ich dich nicht geminnen als ich schol so minne ich dich als ich dich
BVSN.tei.xml;BVSN_12050_0;minne;;REVIEW;confidence;nein;;;;;;;lemma_4130;NOM;medium;"Zitierte Gottesanrede got volchomen minne; nominal, keine Frau-Minne-Figur.";"den aittoven der volchomen minne gemainte an dem , daz er sprach : got volchomen **minne** ; und an dem daz er sprach : so minne ich dich doch als ich"
BVSN.tei.xml;BVSN_16020_9;minne;;REVIEW;confidence;nein;;;;;;;lemma_4130;NAM;medium;"Direkte Anrufung (o heilige minne) in Apostrophenreihe; Personifikationsfrage bleibt offen.";dem wazzer , alsô durstet mein sêl nach got dem lebentigen prunne . o heilige **minne** , ô minnecleiche suzze , ô himelischer honicsam , ô gottleicher influs , ô aller
BVSN.tei.xml;BVSN_16160_3;minne;;REVIEW;confidence;nein;;;;;;;lemma_4130;NAM;medium;"Angerufen und handelnd (o suzze hohe minne ... du uberwindest); Personifikation der Gottesminne.";"ist er geedelt , daz er aller hanttât auf erd herre ist o suzze hôhe **minne** , ô starchez chrefticleichez pant , du úberwindest den , den niemant uberwinden chan ;"
BVSN.tei.xml;BVSN_17130_6;minne;;REVIEW;confidence;nein;;;;;;;lemma_4130;NAM;medium;"Minne handelt als Fuersprecherin (di minne fur uns pittet); Personifikationsfrage ins Review.";"gewerest fur got in seinem herczen ; wer schol da nicht gedingen haben da di **minne** fur uns pittet di fur got gewalticleich gewesen mage ? daz sint di fúmf staffel"
CHH.tei.xml;CHH_1580_1;minne;158;REVIEW;confidence;nein;;;;;;;lemma_4130;NAM;medium;Minne handelt: wendet den Fall ab und raunt mit der Gottheit, allegorische Figur.;gegen helle alzehant . / diu **minne** den val uns hat erwant , / diu minne mit der gothait
CHH.tei.xml;CHH_1590_1;minne;159;REVIEW;confidence;nein;;;;;;;lemma_4130;NAM;medium;Minne spricht ('begunde rounen') mit der Gottheit, klar personifiziert.;diu minne den val uns hat erwant , / diu **minne** mit der gothait / begunde rounen , want ir was lait
CHH.tei.xml;CHH_2530_2;minne;253;REVIEW;confidence;nein;;;;;;;lemma_4130;NAM;medium;Minne ringt mit Gott und bezwingt ihn ('mit dir ranc'), handelnde Figur.;du drei unt doch aingaehtich , / daz diu **minne** mit dir ranc , / diu dich ouf menschliech hail bedwanc
CHH.tei.xml;CHH_2660_1;minne;266;REVIEW;confidence;nein;;;;;;;lemma_4130;NAM;medium;Minne handelt: hebt den Fluch auf ('des fluches uns gewac'), allegorische Figur.;da von der flûch ouf uns gelac . / diu **minne** des fluches uns gewac , / des schul wir lob der minne sagen
CHH.tei.xml;CHH_2670_5;minne;267;REVIEW;confidence;nein;;;;;;;lemma_4130;NAM;medium;Lob gilt der handelnden Minne ('daz si uns des hat uber tragen'), Personifikation.;diu minne des fluches uns gewac , / des schul wir lob der **minne** sagen / daz si uns des hat uber tragen .
CHH.tei.xml;CHH_2690_2;minne;269;REVIEW;confidence;nein;;;;;;;lemma_4130;NAM;medium;Minne sendet neben Gott einen Boten, handelnde allegorische Figur.;daz si uns des hat uber tragen . / von der **minne** unt von got / wart herab gesant ain pot
CHH.tei.xml;CHH_3260_2;minne;326;REVIEW;confidence;nein;;;;;;;lemma_4130;NAM;medium;"'von der minne gebot' wird Gott Mensch; die gebietende Minne der Allegorie.";ein ganzer mensch unt warer got / von der **minne** gebot . / hie wart got mensh .
CHH.tei.xml;CHH_19320_3;minne;1932;REVIEW;confidence;nein;;;;;;;lemma_4130;NAM;medium;'als im diu minne gebôt': Minne gebietet Christus die Passion, Personifikation.;da er lait der marter nôt , / als im diu **minne** gebôt . / er wart an daz chriuce gestrackt
CHH.tei.xml;CHH_23240_3;minne;2324;REVIEW;confidence;nein;;;;;;;lemma_4130;NAM;medium;Minne treibt Maria Magdalena zum Suchen ('uf sûchen traib'), handelnde Kraft.;die zwo giengen , diu dritte pelaib / want sei diu **minne** uf sûchen traib : / maria magdalena
CKI.tei.xml;CKI_504006000_2;minne;6;REVIEW;confidence;nein;;;;;;;lemma_4130;NAM;medium;Minne handelt als Verwundende ('den diu minne hât verwunt'), Personifikation moeglich.;dâ wirt siecher man gesunt / den diu **minne** hât verwunt : / manic roeselehter munt
CKI.tei.xml;CKI_603006000_0;minne;6;REVIEW;confidence;nein;;;;;;;lemma_4130;NAM;medium;Direkte Anrede 'minne, sich' mit 'dîn/du' in Folge, angerufene Figur.;wil ein wîp mich twingen mit unminne , / **minne** , sich , daz ist fürwâr dîn widerteil . / wilt du , sô wird ich an stæten fröiden geil ,
CRO.tei.xml;CRO_787400_2;minne;7874;REVIEW;confidence;nein;;;;;;;lemma_4130;NAM;medium;'vrowe minne' als handelnde Figur ('heizet phlegen'): Personifikation.;von in beiden vnder wegen , / des vrowe **minne** heizet phlegen . / daz was ab do von dem site .
CRO.tei.xml;CRO_807200_0;minne;8072;REVIEW;confidence;nein;;;;;;;lemma_4130;NAM;medium;Direkte Anrede der Minne, die in die Ächte bringt: Personifikation.;dv bringst in die æhte , / **minne** , der dir gevellet . / wie ist hie gesellet
CRO.tei.xml;CRO_810200_5;minne;8102;REVIEW;confidence;nein;;;;;;;lemma_4130;NAM;medium;'vrowe minne tuot': handelnde Figur, Personifikation.;an gawein so herter muot . / jch wæn , ez vrowe **minne** tuot , / div manigem an hat gesiget ,
CRO.tei.xml;CRO_833000_1;minne;8330;REVIEW;confidence;nein;;;;;;;lemma_4130;NAM;medium;'vrowe minne' schneidet die Scham aus dem Herzen: Personifikation.;vnder in vnd lobesam . / vrowe **minne** het alle scham / jr von dem hertzen gesniten ,
CRO.tei.xml;CRO_833400_1;minne;8334;REVIEW;confidence;nein;;;;;;;lemma_4130;NAM;medium;Minne 'wil gebaren', handelnde Figur im Frau-Minne-Passus: Personifikation.;daz si so ein waren . / swie **minne** wil gebaren , / wer mag ir des wider sein ?
CRO.tei.xml;CRO_834100_6;minne;8341;REVIEW;confidence;nein;;;;;;;lemma_4130;NAM;medium;'daz wil vrou minne': handelnde Figur, Personifikation.;sint mit vroeden hie ensamt / disiv zwei , daz wil vrou **minne** , / wan ir hertz mit einem sinne
CRO.tei.xml;CRO_835000_2;minne;8350;REVIEW;confidence;nein;;;;;;;lemma_4130;NAM;medium;'vrou minne' hat den Kranch geworfen: handelnde Figur, Personifikation.;vreude beidiv svnder danch . / seit vrou **minne** disen chranch / hat geworfen dar vnder ,
CRO.tei.xml;CRO_838600_5;minne;8386;REVIEW;confidence;nein;;;;;;;lemma_4130;NAM;medium;'vrou minne tet': handelnde Figur, Personifikation.;der velschet sich selben dar an , / wan ez vil gar vrou **minne** tet . / ez wurde verzigen manig bet ,
CRO.tei.xml;CRO_839000_4;minne;8390;REVIEW;confidence;nein;;;;;;;lemma_4130;NAM;medium;'vrowe minne' als hypothetisch Handelnde ('tæt ez'): Personifikation.;dar an man sich übersiht , / vnd tæt ez vrowe **minne** niht . / an in behabt minne ir streit .
CRO.tei.xml;CRO_839100_3;minne;8391;REVIEW;confidence;nein;;;;;;;lemma_4130;NAM;medium;Minne behauptet 'ir streit' im Frau-Minne-Passus: Personifikation.;vnd tæt ez vrowe minne niht . / an in behabt **minne** ir streit . / nv was ez vor der ezzens zeit ,
CRO.tei.xml;CRO_840000_2;minne;8400;REVIEW;confidence;nein;;;;;;;lemma_4130;NAM;medium;Minne hat die beiden aufeinander 'geladen': handelnde Figur.;vil chlein möht geschaden . / si het **minne** so geladen / auf ein ander mit liebe ,
CRO.tei.xml;CRO_841600_2;minne;8416;REVIEW;confidence;nein;;;;;;;lemma_4130;NAM;medium;'vrowe minne' neben Magd und Zwerg als Figur genannt: Personifikation.;wan div magt vnd daz getwerc / vnd vrowe **minne** vnd ir geberc / bei gawein vnd der meide .
CRO.tei.xml;CRO_842400_3;minne;8424;REVIEW;confidence;nein;;;;;;;lemma_4130;NAM;medium;'vrowe minne' hat 'erbowen': handelnde Figur, Personifikation.;eins willen , niht vnd ja : / so het vrowe **minne** erbowen da / jn einr churtzen stvnde .
CRO.tei.xml;CRO_843000_2;minne;8430;REVIEW;confidence;nein;;;;;;;lemma_4130;NAM;medium;'vrou minne was vnder in': als Figur anwesend, Personifikation.;wolt si mir immer lonen so . / seit vrou **minne** was vnder in , / so muost ir leip vnd ir sin
CRO.tei.xml;CRO_848200_3;minne;8482;REVIEW;confidence;nein;;;;;;;lemma_4130;NAM;medium;'vrou minne' verheißt und schwört Lohn: handelnde Figur, Personifikation.;amvrfina , div schone , / die im vrou **minne** ze lone / gehiez vnd stæt swuor
CRO.tei.xml;CRO_849000_2;minne;8490;REVIEW;confidence;nein;;;;;;;lemma_4130;NAM;medium;'vrou minne vnder in zwein': als Figur anwesend, Personifikation.;"amurfina vnd her gawein / vnd vrou **minne** vnder in zwein ; / di andern schuoffen ir gemach ."
CRO.tei.xml;CRO_849600_3;minne;8496;REVIEW;confidence;nein;;;;;;;lemma_4130;NAM;medium;'vrou minne phlage': handelnde Figur, Personifikation.;daz stro nahen lage , / seit ir vrou **minne** phlage , / daz het gawein vertragen
CRO.tei.xml;CRO_853600_6;minne;8536;REVIEW;confidence;nein;;;;;;;lemma_4130;NAM;medium;'als vrou minne wil': handelnde Figur, Personifikation.;als er ir muot geneiget / ze seinem willen , als vrou **minne** wil . / wan ir güet ist so vil ,
CRO.tei.xml;CRO_854800_0;minne;8548;REVIEW;confidence;nein;;;;;;;lemma_4130;NAM;medium;Minne 'würchet mit eile', parallel zu Fortuna: Personifikation.;fortuna an der weile , / **minne** würchet mit eile / alsolhe temperunge ,
CRO.tei.xml;CRO_855500_1;minne;8555;REVIEW;confidence;nein;;;;;;;lemma_4130;NAM;medium;Minne hat beiden die Wunden geschlagen: handelnde Figur im Allegorie-Passus.;vnd di wunden so starch swernt , / die **minne** beiden het geslagen , / vnd des niht noch wil vertragen ,
CRO.tei.xml;CRO_861600_0;minne;8616;REVIEW;confidence;nein;;;;;;;lemma_4130;NAM;medium;"Apposition zu 'si': Minne vergilt denen, die ihr folgen; Personifikation.";oft hat si den vergolten , / **minne** , di ir volgen wolten . / also snelle gawein enphant ,
CRO.tei.xml;CRO_862000_1;minne;8620;REVIEW;confidence;nein;;;;;;;lemma_4130;NAM;medium;'vrou minne' gebietet ('hiez'): handelnde Figur, Personifikation.;vnd im den leip daz swert verliez , / vrou **minne** in vro wesen hiez / vnd enphalh im amvrfinam ,
CRO.tei.xml;CRO_868400_4;minne;8684;REVIEW;confidence;nein;;;;;;;lemma_4130;NAM;medium;'vrou minne' neben 'div vrowe' als Figur: Personifikation.;da wider muost vreude tragen / div vrowe vnd vrou **minne** , / den beiden er di sinne
CRO.tei.xml;CRO_879600_1;minne;8796;REVIEW;confidence;nein;;;;;;;lemma_4130;NAM;medium;Minne hat ihre Tjost Gawein anbefohlen: handelnde Figur, Personifikation.;der nv suochet auentivr , / seit **minne** ir tiostivr / hern gawein enpholhen hat ,
CRO.tei.xml;CRO_882200_1;minne;8822;REVIEW;confidence;nein;;;;;;;lemma_4130;NAM;medium;Minne 'schivhet' den Fliehenden, 'ir spor': handelnde Figur, Personifikation.;vnd gesigt , der da flivhet . / wan **minne** den schivhet , / der ir alles vlivhet vor .
CRO.tei.xml;CRO_882900_4;minne;8829;REVIEW;confidence;nein;;;;;;;lemma_4130;NAM;medium;'vrowen minne' beraubt aller Sinne: Personifikation.;sigelos vnd wunder / geligen , von vrowen **minne** / beroubet allr sinne .
CRO.tei.xml;CRO_883400_2;minne;8834;REVIEW;confidence;nein;;;;;;;lemma_4130;NAM;medium;'vrowen minne bande': Fesseln der Frau Minne, Personifikation.;wie lang er da wær / jn vrowen **minne** bande , / als mich diu fabel mande ,
CRO.tei.xml;CRO_910600_4;minne;9106;REVIEW;confidence;nein;;;;;;;lemma_4130;NAM;medium;'vrou minne' hat die Sinne beschlossen: handelnde Figur, Personifikation.;da bei man wizzen solde , / daz im het vrou **minne** / beslozen seine sinne
CRO.tei.xml;CRO_1052500_3;minne;10525;REVIEW;confidence;nein;;;;;;;lemma_4130;NAM;medium;'vrowe minne gebot': handelnde Figur, Personifikation.;dar auf was ein chleinot , / als imz vrowe **minne** gebot : / durch ein hertz ein scharpf stral
CRO.tei.xml;CRO_1162600_4;minne;11626;REVIEW;confidence;nein;;;;;;;lemma_4130;NOM;medium;"Artikel 'div' spricht fürs Substantiv; agentives 'twanc' lässt Personifikation offen.";sol man der warheit iehen . / ouch twanc in div **minne** , / div het sein sinne
CRO.tei.xml;CRO_1171000_1;minne;11710;REVIEW;confidence;nein;;;;;;;lemma_4130;NAM;medium;Minne kriecht von Glied zu Glied und entzündet: artikellos handelnd, Personifikationsfrage.;do muost ez wesen ane vride , / wan **minne** chras von lide ze lide / vnd began in gar enzünden .
CRO.tei.xml;CRO_1172300_2;minne;11723;REVIEW;confidence;nein;;;;;;;lemma_4130;NAM;medium;'vrowe minne' pflegt des Palas: handelnde Figur, Personifikation.;vntz er chom vür daz palas , / des vrowe **minne** ein phliget / vnd da ir geberc tougen liget :
DFE.tei.xml;DFE_108_1;minne;108;REVIEW;confidence;nein;;;;;;;lemma_4130;NOM;medium;"Genitivattribut der minne zu straul; Amor-Bildlichkeit laesst NAM-Lesart offen.";enzündet ward das herze sein . / der **minne** straul ward auch darein / geschossen ze der selben stunt ,
DFL.tei.xml;DFL_8970_1;minne;897;REVIEW;confidence;nein;;;;;;;lemma_4130;NOM;medium;"Genitivattribut der minne loen; kurz vor der Namensnennung v.899, NAM-Lesart bleibt offen.";sô hâstû mit gewinne / der **minne** lôn errungen / und ist dir wol gelungen .
DFL.tei.xml;DFL_8990_0;minne;899;REVIEW;confidence;nein;;;;;;;lemma_4130;NAM;medium;Minne soe ist si genant, mit Land und Vater: benannte Figur, Personifikation.;und ist dir wol gelungen . / **minne** sô ist si genant / und heizet westenmer ir lant ,
DFL.tei.xml;DFL_9050_0;minne;905;REVIEW;confidence;nein;;;;;;;lemma_4130;NAM;medium;Minne diu vil schoene, vuer alle vrouwen gekroent: angerufene Figur.;daz si dir werde ze teile , / **minne** diu vil schoene , / die ich vür alle vrouwen croene
DFL.tei.xml;DFL_12900_3;minne;1290;REVIEW;confidence;nein;;;;;;;lemma_4130;NAM;medium;Min tohter Minne als Person, die ihm ze einer vrouwen zimet: Figurenname.;des bringt er mich wol inne . / ob mîn tohter **minne** / im zimet ze einer vrouwen ,
DFL.tei.xml;DFL_13190_2;minne;1319;REVIEW;confidence;nein;;;;;;;lemma_4130;NAM;medium;Miner tohter Minne als Empfaengerin von Stadt und Gut: Figurenname im Dativ.;und diu stat ze mundâl / mîner tohter **minne** . / dannoch in mînem sinne
DFL.tei.xml;DFL_17390_0;minne;1739;REVIEW;confidence;nein;;;;;;;lemma_4130;NAM;medium;Minne diu vil schoene geht dem Zug voran, vuer alle vrowen gekroent: handelnde Figur.;ze vorderst gie ( daz ist wâr ) / **minne** diu vil schoene , / die ich an dem maere croene
DFR.tei.xml;DFR_3112590_4;minne;1259;REVIEW;confidence;nein;;;;;;;lemma_4130;NOM;medium;"Artikel die, Praedikatsmetapher kuniginne der tugende; Personifikationslesart bleibt offen.";si muzzen ir fuze suchen . / da von ist die **minne** / der tugende kuniginne .
DFR.tei.xml;DFR_3115580_3;minne;1558;REVIEW;confidence;nein;;;;;;;lemma_4130;NOM;medium;"Objekt zu bete (baete): um minne bitten; Verblesart minne+bete weniger plausibel.";und sin selbes unstete , / ob er sie **minne** bete , / daz er dar nach niht mê moechte
DFT.tei.xml;DFT_2910_2;minne;291;REVIEW;confidence;nein;;;;;;;lemma_4130;NOM;medium;Artikel und Adjektiv diu strenge, aber handelndes Subjekt: leichte Personifikation bleibt offen.;vor liebe : daz was sîn ungewin . / diu strenge **minne** tet im sô heiz , / diu wunde von ein ander reiz ,
DJEM.tei.xml;DJEM_21001_6;minne;1;REVIEW;confidence;nein;;;;;;;lemma_4130;NAM;medium;Direkt angeredete und befragte Minne ('ich vrage dich, vil minnichliche minne'): Personifikation.;< her weichelinc , ir sit ein man mit wibes muot . > / ich vrage dich , vil minnichliche **minne** : / swa ein man wendet alle sine sinne
DJEM.tei.xml;DJEM_30101_3;minne;1;REVIEW;confidence;nein;;;;;;;lemma_4130;NAM;medium;Angeredete Minne erhaelt Auftrag ('du solt jeten unminne'): Personifikation.;eime herren endelich ist eren vil bekant . / vil sueze zarte **minne** , / du solt jeten unminne uz eren garten ,
DJEM.tei.xml;DJEM_30112_8;minne;12;REVIEW;confidence;nein;;;;;;;lemma_4130;NAM;medium;"Anrede; Minne wundet und heilt als handelnde Figur: Personifikation.";du schiuz der minnen strale mit gewalt durch wibes ougen in mannes herze . / du wundes unde heiles wider , sich , **minne** , daz ist ein trute
DJEM.tei.xml;DJEM_160704_3;minne;4;REVIEW;confidence;nein;;;;;;;lemma_4130;NAM;medium;Imperativische Anrede 'nu troste, minne, mine sinne': Personifikation.;swer sie minnet , dem git sie vil richer minnen solt . / nu troste , **minne** , mine sinne / unde gib mich ruwe , of daz ich beweine
DJUM.tei.xml;DJUM_110506_11;minne;6;REVIEW;confidence;nein;;;;;;;lemma_4130;NOM;medium;"Objekt von 'hilt' (verbirgt Minne); elliptische Syntax laesst Restzweifel.";in minnen strick gar sunder wer werden sie verzwicket , / so daz ir lip , ir mut , ir leben hilt **minne** sam minne diebe . / wa die friuntschaft geschicht , da wirt ein ummevank
DJUM.tei.xml;DJUM_110506_13;minne;6;REVIEW;confidence;nein;;;;;;;lemma_4130;NOM;medium;Erstglied der Fuegung 'minne diebe' (Minnediebe): nominal.;in minnen strick gar sunder wer werden sie verzwicket , / so daz ir lip , ir mut , ir leben hilt minne sam **minne** diebe . / wa die friuntschaft geschicht , da wirt ein ummevank
DJUM.tei.xml;DJUM_110511_3;minne;11;REVIEW;confidence;nein;;;;;;;lemma_4130;NOM;medium;"Artikel 'die', Subjekt von 'gesmücket hat'; agentivisch, Personifikationslesart bleibt offen.";munt an munt gedrücket . / sus hat die **minne** mit gewalt zesamen sie gesmücket . / ich wen , daz ieman lebe so clug , der die friuntschaft zercliebe .
DJUM.tei.xml;DJUM_110603_4;minne;3;REVIEW;confidence;nein;;;;;;;lemma_4130;NAM;medium;Direkte Anrede 'geblümet bist du, minne': Personifikation.;du warez wort ! / geblümet bist du , **minne** . / wer gar sine sinne
DJUM.tei.xml;DJUM_140202_1;minne;2;REVIEW;confidence;nein;;;;;;;lemma_4130;NOM;medium;"Artikel 'die', Subjekt im Falkenvergleich; Metapher, aber nominal.";wa lieplich liep bi herzenliebe luzet , / die **minne** alsam ein vederspil sich muzet : / sie reret leit unt kleidet an sich lieplich gevider in werents liep .
DJUM.tei.xml;DJUM_140301_1;minne;1;REVIEW;confidence;nein;;;;;;;lemma_4130;NAM;medium;Anrede 'ach minne, daz du bist so gar gewaltig': Personifikation.;mit glicher wage liep widerwegen . / ach **minne** , daz du bist so gar gewaltig , / daz dine stricke sint so manigvaltig -
DJUM.tei.xml;DJUM_140304_0;minne;4;REVIEW;confidence;nein;;;;;;;lemma_4130;NAM;medium;Anrede 'minne, wer mag din wunder vollen schriben': Personifikation.;du törest mangen wisen man , doch sint dir holt beide jung unde alt . / **minne** , wer mag din wunder vollen schriben , / daz du begêst an mannen und an wiben ?
DJUM.tei.xml;DJUM_140307_1;minne;7;REVIEW;confidence;nein;;;;;;;lemma_4130;NAM;medium;Anrede 'süze minne ... din nam ist gehiure': Personifikation.;dem du friuntschaft erzeigen wilt , den dunket , er hab wunsches gewalt . / süze **minne** , minneklîche , din nam ist gehiure , / tiure bist du , daz ist war ,
DJUM.tei.xml;DJUM_150311_3;minne;11;REVIEW;confidence;nein;;;;;;;lemma_4130;NOM;medium;"Artikel 'die', Subjekt von 'toubet'; agentivisch, Personifikationslesart bleibt offen.";machet toub - / sust toubet die **minne** mangen man , / doch nieman ir güte volschriben kan .
DJUM.tei.xml;DJUM_215501_2;minne;1;REVIEW;confidence;nein;;;;;;;lemma_4130;NAM;medium;Angeredete, um Rat gebetene Minne ('nü mercke und gib mir dinen rat'): Personifikation.;und laß mich eine cleine stünde an dime libe herwarmen . / vil edel **minne** , nü mercke und gib mir dinen rat : / min leben stat
DMN.tei.xml;DMN_490_1;minne;49;REVIEW;confidence;nein;;;;;;;lemma_4130;NAM;medium;vrowe minne handelt (machet iuch gesunt): Personifikation.;"zware ob ir siech laget : / vrowe **minne** machet iuch gesunt . / ja enbindet si niht zaller stunt ;"
DMN.tei.xml;DMN_1970_4;minne;197;REVIEW;confidence;nein;;;;;;;lemma_4130;NAM;medium;vrow minne als handelnde Figur (hat gesant).;iu geschiht an dem libe niht . / daz hat iu vrow **minne** gesant , / nach der ir vart in die lant . >
DMN.tei.xml;DMN_2150_3;minne;215;REVIEW;confidence;nein;;;;;;;lemma_4130;NAM;medium;vrow minne als handelnde Figur (hat gegeben).;si sprach : < daz ist der ander brief , / den iu vrow **minne** hat gegeben . / nu mugt ir wol mit vreuden leben . >
DMN.tei.xml;DMN_2190_3;minne;219;REVIEW;confidence;nein;;;;;;;lemma_4130;NAM;medium;vrow minne sitzt vor dem Tor: Personifikation.;< wær ich in minem kloster noch / und sæze vrow **minne** vor dem tor , / ich enkom nimmer dar vor . >
DUR.tei.xml;DUR_201011000_0;minne;11;REVIEW;confidence;nein;;;;;;;lemma_4130;NAM;medium;Direkte Anrufung mit Imperativ: minne, hilf enzit.;sît ich stæteclîchen in ir glüete brinne . / **minne** , hilf enzît , sît daz ich stên genâden bar . / owê mîner ougen weide ,
DUR.tei.xml;DUR_402002000_5;minne;2;REVIEW;confidence;nein;;;;;;;lemma_4130;NAM;medium;Minne handelt als Schuetzin: wunden, die minne schoz.;ich hân leides vil verwunden , / swunden wunden mir , die **minne** schôz , / dô si mich mit blanken armen
DWA.tei.xml;DWA_402001000_2;minne;1;REVIEW;confidence;nein;;;;;;;lemma_4130;NAM;medium;Direkte Anrufung: owe, minne, miner sinne meisterinne.;dâ man wachen sol ! / owê , **minne** , / mîner sinne
DWA.tei.xml;DWA_402016000_4;minne;16;REVIEW;confidence;nein;;;;;;;lemma_4130;NOM;medium;"Genitivattribut: der minne strale; Personifikationsbild bleibt offen.";sît ich trage / den slac von der **minne** strâle . / wære ein man ê siech gewesen ,
DWA.tei.xml;DWA_601003000_3;minne;3;REVIEW;confidence;nein;;;;;;;lemma_4130;NAM;medium;diu minne will und raet: handelnde Figur.;ein leit als ich daz trîbe ! / daz wil diu **minne** und ist ir rât / daz ich dâ von sô schrîbe .
DWA.tei.xml;DWA_602006000_0;minne;6;REVIEW;confidence;nein;;;;;;;lemma_4130;NAM;medium;minne wil und kan gebieten: gebietende Figur.;doch mit jâmer unser tage : / **minne** wil und kan gebieten / daz wir uns durch sî genieten
DWA.tei.xml;DWA_603001000_3;minne;1;REVIEW;confidence;nein;;;;;;;lemma_4130;NAM;medium;vrou minne bietet stiure: handelnde Figur.;kurzer vröude und langer klage . / dô mir vrou **minne** ir stiure bôt , / ach wæren wir dô beide
DWA.tei.xml;DWA_603006000_3;minne;6;REVIEW;confidence;nein;;;;;;;lemma_4130;NAM;medium;Direkte Anrede: schone, vrouwe minne, schone.;von einander müesen wesen . / schône , vrouwe **minne** , schône , / tobe niht mit solchem lône ,
DWA.tei.xml;DWA_604002000_7;minne;2;REVIEW;confidence;nein;;;;;;;lemma_4130;NAM;medium;minne spricht selbst: sprach minne.;nu toete mich und lâ si leben ! / < nein , ich enwil > sprach **minne** . / < mîn schiltgeverten wil ich geben
DWA.tei.xml;DWA_604006000_2;minne;6;REVIEW;confidence;nein;;;;;;;lemma_4130;NAM;medium;Eigenname der sprechenden Figur: daz ich minne niht enhieze.;dâ stêt an dem brieve mîn / daz ich **minne** niht enhieze , / ob ich unversêret lieze
DWA.tei.xml;DWA_700003000_0;minne;3;REVIEW;confidence;nein;;;;;;;lemma_4130;NAM;medium;minne handelt als Figur: daz mich versneit minne (Schild-Allegorie).;ist daz daz mich versneit / **minne** , owê ! / sol aber ich nu tragen
DWA.tei.xml;DWA_700008000_1;minne;8;REVIEW;confidence;nein;;;;;;;lemma_4130;NOM;medium;"Genitivattribut: der minne rat; Allegorie-Kontext laesst NAM offen.";daz an mir begât / der **minne** rât ? / nein , ich sol mich
DWA.tei.xml;DWA_700025000_2;minne;25;REVIEW;confidence;nein;;;;;;;lemma_4130;NAM;medium;Direkte Anrede mit du: zwar, minne, du hast mir gegeben.;"troestet mich und anders niht . / zwâr , **minne** , dû hast mir gegeben / nâch liebem wâne ein strengez leben ;"
DWA.tei.xml;DWA_700041000_0;minne;41;REVIEW;confidence;nein;;;;;;;lemma_4130;NOM;medium;"Gnomische Praedikation: minne ist solch geselle; Personifikation offen.";swenne urloup genomen wirt . / **minne** ist solch geselle , / swer ir dienen welle ,
DWA.tei.xml;DWA_700053000_2;minne;53;REVIEW;confidence;nein;;;;;;;lemma_4130;NAM;medium;diu minne ueberwant in: zwingende Figur der Allegorie.;in den grimmen tôt / als diu **minne** in überwant . / nu êre mich , hêre
DWA.tei.xml;DWA_700055000_0;minne;55;REVIEW;confidence;nein;;;;;;;lemma_4130;NAM;medium;Direkte Anrede mit din: here minne, dinen schilt und dich.;nu êre mich , hêre / **minne** , wie daz ich / dînen schilt und dich
DWA.tei.xml;DWA_700066000_0;minne;66;REVIEW;confidence;nein;;;;;;;lemma_4130;NAM;medium;Figur neben Venus: Venus gab minne ir zeichen unde ir don.;vênus gap und geben kan / **minne** ir zeichen unde ir dôn . / nu nemet war , daz ist der schilt
DWA.tei.xml;DWA_700081000_3;minne;81;REVIEW;confidence;nein;;;;;;;lemma_4130;NAM;medium;Direkte Anrede mit Imperativ: wecke uf, minne.;irn nemet ouch der glôse war . / wecke ûf , **minne** , spæhe sinne ! / tuo dîn reht durch daz dîn her
DWA.tei.xml;DWA_700103000_2;minne;103;REVIEW;confidence;nein;;;;;;;lemma_4130;NAM;medium;Direkte Anrede: schone, minne, schone, tobe niht.;ich , sô ist ein schuz geschehen . / schône , **minne** , schône , / tobe niht mit der krône :
ENE.tei.xml;ENE_8480_3;minne;848;REVIEW;confidence;nein;;;;;;;lemma_4130;NAM;medium;'diu minne sêre dwanc': Minne zwingt als handelnde Macht, Personifikation möglich.;des dûhte die frowen vil lanc , / wan sie diu **minne** sêre dwanc . / do enweste niht ênêas ,
ENE.tei.xml;ENE_13030_1;minne;1303;REVIEW;confidence;nein;;;;;;;lemma_4130;NAM;medium;'diu minne dwanc si sêre': Minne als zwingende Akteurin, Personifikationslesart.;daz hete sie bedaht ouch . / diu **minne** dwanc si sêre , / idoch konde si die êre
ENE.tei.xml;ENE_13420_1;minne;1342;REVIEW;confidence;nein;;;;;;;lemma_4130;NAM;medium;Minne handelt: kommt über sie und benimmt ihr den Schlaf, personifizierend.;si wolde belîben eine dâ . / diu **minne** was ir alze nâ , / diu si ze unsanft ane quam
ENE.tei.xml;ENE_13810_5;minne;1381;REVIEW;confidence;nein;;;;;;;lemma_4130;NOM;medium;Nach Präposition 'mit der minne vaht': nominal, Personifikation bleibt denkbar.;done weste niht ênêas , / daz si sô mit der **minne** vaht / und si in aller der naht
ENE.tei.xml;ENE_15320_3;minne;1532;REVIEW;confidence;nein;;;;;;;lemma_4130;NAM;medium;'sie diu minne dwank': Minne zwingt als handelnde Macht, Personifikation möglich.;und dar nâch nê . > uber lank , / alsô sie diu **minne** dwank , / ê si vollesprâche as ,
ENE.tei.xml;ENE_18020_1;minne;1802;REVIEW;confidence;nein;;;;;;;lemma_4130;NAM;medium;'diu minne dwanc si sêre': Minne als zwingende Akteurin, Personifikationslesart.;ein got vile hêre . / diu **minne** dwanc si sêre . / die den wech kunden ,
ENE.tei.xml;ENE_23740_3;minne;2374;REVIEW;confidence;nein;;;;;;;lemma_4130;NAM;medium;Direkte Anrufung 'ouwê, unsenfte minne, wie dû mich hâst bedwungen': Apostrophe.;alle mîne sinne . / ouwê , unsenfte **minne** , / wie dû mich hâst bedwungen !
ENE.tei.xml;ENE_24300_3;minne;2430;REVIEW;confidence;nein;;;;;;;lemma_4130;NOM;medium;"Prädikatsnomen mit Adjektiv 'unrehtiu minne'; Relativsatz 'diu dwanc' lässt Personifikation offen.";daz quam von unsinne . / ez was unrehtiu **minne** , / diu sie dar zû dwanc ,
ENE.tei.xml;ENE_25270_1;minne;2527;REVIEW;confidence;nein;;;;;;;lemma_4130;NAM;medium;'sich die minne bedwingen lâzen': Minne als zwingende Instanz, Personifikation möglich.;daz sie sich solde lâzen / die **minne** bedwingen / zû sô freislîchen dingen .
ENE.tei.xml;ENE_97990_7;minne;9799;REVIEW;confidence;nein;;;;;;;lemma_4130;NAM;medium;"'wer is diu minne?' fragt nach einer Person; Antwort: sie herrscht über die Welt.";< diu minne sal dichz lêren . > / < dorch got , wer is diu **minne** ? > / < si is von aneginne
ENE.tei.xml;ENE_98580_0;minne;9858;REVIEW;confidence;nein;;;;;;;lemma_4130;NAM;medium;'minne tût kalt unde heize': Minne handelt als wirkende Macht im Lehrgespräch.;wan man bekêret nâch dem sweize . / **minne** tût kalt unde heize / mêr denne der viertage rite . >
ENE.tei.xml;ENE_98870_2;minne;9887;REVIEW;confidence;nein;;;;;;;lemma_4130;NOM;medium;"'hât diu minne solhe bûze': Subjekt mit Artikel, stativ; Personifikation nicht sicher.";ze diseme dinge iegeslîche / hât diu **minne** solhe bûze . > / < sis aber von êrist vil unsûze ,
ENE.tei.xml;ENE_99140_3;minne;9914;REVIEW;confidence;nein;;;;;;;lemma_4130;NAM;medium;Allegorese des Amor-Bildes: 'die minne, diu gewaldech is ubr alliu lant', Figur.;engegen der ture inne , / daz bezeichent die **minne** , / diu gewaldech is ubr alliu lant .
ENE.tei.xml;ENE_99430_2;minne;9943;REVIEW;confidence;nein;;;;;;;lemma_4130;NAM;medium;'die diu minne ie hât gereit': Minne handelt (bereitet Salben) in der Allegorese.;si bezeichent die salben , / die diu **minne** ie hât gereit . / diu senftet al die arbeit
ENE.tei.xml;ENE_99460_2;minne;9946;REVIEW;confidence;nein;;;;;;;lemma_4130;NAM;medium;'swen diu minne wunt tût': Minne verwundet und heilt, handelnde Figur.;und machet ez allez gût , / swen diu **minne** wunt tût , / daz si in geheilet .
ENE.tei.xml;ENE_101530_4;minne;10153;REVIEW;confidence;nein;;;;;;;lemma_4130;NAM;medium;'daz tût diu starke minne, diu bringet mich ûzer sinne': Minne als Akteurin.;wer twinget mich dar zû ? / daz tût diu starke **minne** , / diu bringet mich ûzer sinne ,
ENE.tei.xml;ENE_102360_6;minne;10236;REVIEW;confidence;nein;;;;;;;lemma_4130;NAM;medium;'daz mich diu minne wol gelêren solde': Minne als lehrende Instanz.;diu wîse kuneginne , / si sprach , daz mich diu **minne** / wol gelêren solde
ENE.tei.xml;ENE_102460_0;minne;10246;REVIEW;confidence;nein;;;;;;;lemma_4130;NAM;medium;Direkte Anrufung 'minne, ich hân dich funden': Apostrophe an die Minne.;unde von ir wunden . / **minne** , ich hân dich funden / bitter albetalle .
ENE.tei.xml;ENE_102480_0;minne;10248;REVIEW;confidence;nein;;;;;;;lemma_4130;NAM;medium;Direkte Anrede 'minne, dû bist noch galle': Apostrophe.;bitter albetalle . / **minne** , dû bist noch galle , / minne , nû wirt sûze ,
ENE.tei.xml;ENE_102490_0;minne;10249;REVIEW;confidence;nein;;;;;;;lemma_4130;NAM;medium;Anrede mit Aufforderung 'minne, nû wirt sûze': Apostrophe.;minne , dû bist noch galle , / **minne** , nû wirt sûze , / daz ich dich loben mûze .
ENE.tei.xml;ENE_102510_0;minne;10251;REVIEW;confidence;nein;;;;;;;lemma_4130;NAM;medium;Anrede mit Imperativ 'minne, senfte mir etewaz': Apostrophe.;daz ich dich loben mûze . / **minne** , senfte mir etewaz , / deich dir gedienen moge baz .
ENE.tei.xml;ENE_102530_0;minne;10253;REVIEW;confidence;nein;;;;;;;lemma_4130;NAM;medium;Anrede 'minne, sal ich iht lange leben, sô mûst dû ...': Apostrophe mit 'dû'.;deich dir gedienen moge baz . / **minne** , sal ich iht lange leben , / sô mûst dû mir trôst geben
ENE.tei.xml;ENE_102560_5;minne;10256;REVIEW;confidence;nein;;;;;;;lemma_4130;NAM;medium;Direkte Anrede 'waz hilfet dich daz, minne': Apostrophe.;mit etelîchem sinne . / waz hilfet dich daz , **minne** , / daz ich sus smilze enbinne ?
ENE.tei.xml;ENE_102580_3;minne;10258;REVIEW;confidence;nein;;;;;;;lemma_4130;NAM;medium;In der Apostrophe: 'dû heizest unreht minne, dû bist ein quelerinne', Benennung der Figur.;daz ich sus smilze enbinne ? / dû heizest unreht **minne** , / als ich dich noch bekenne :
ENE.tei.xml;ENE_102660_4;minne;10266;REVIEW;confidence;nein;;;;;;;lemma_4130;NAM;medium;Direkte Anrede: 'dû treges salbe, minne', Minne als handelnde Figur angesprochen.;( sprach diu kuneginne ) , / dû treges salbe , **minne** , / is daz ich der gewinne
ENE.tei.xml;ENE_102680_5;minne;10268;REVIEW;confidence;nein;;;;;;;lemma_4130;NAM;medium;Vokativ mit Adjektiv: 'so genese ich, edeliu minne', Anrufung der Minne.;is daz ich der gewinne / so genese ich , edeliu **minne** , / und hâstus michel êre ,
ENE.tei.xml;ENE_103640_3;minne;10364;REVIEW;confidence;nein;;;;;;;lemma_4130;NOM;medium;"Subjekt mit Artikel: 'daz mir diu minne sanfte tû'; Agens spricht auch fuer Personifikation.";und siz bringen dar zû / daz mir diu **minne** sanfte tû , / diu mir sus wê hât getân .
ENE.tei.xml;ENE_104660_1;minne;10466;REVIEW;confidence;nein;;;;;;;lemma_4130;NOM;medium;"Subjekt mit Artikel: 'diu minne hâte grôze maht'; zwingende Macht, Personifikation moeglich.";si mûste wachen al die naht . / diu **minne** hâte grôze maht , / diu si vil unsanfte twank .
ENE.tei.xml;ENE_104710_3;minne;10471;REVIEW;confidence;nein;;;;;;;lemma_4130;NOM;medium;"Subjekt mit Artikel: 'als sie diu minne lêrde'; lehrendes Agens, Personifikation moeglich.";mislîche sie dahte , / als sie diu **minne** lêrde . / dicke sie sich kêrde
ENE.tei.xml;ENE_104760_6;minne;10476;REVIEW;confidence;nein;;;;;;;lemma_4130;NAM;medium;Vokativ mit dû-Anrede: 'ôwê ... minne, wie unsanfte dû mir tûst'.;mislîche sinne . / < ôwê > sprach si < **minne** , / wie unsanfte dû mir tûst ,
ENE.tei.xml;ENE_107260_2;minne;10726;REVIEW;confidence;nein;;;;;;;lemma_4130;NAM;medium;Direkte Anrufung: 'ôwî minne und ungemach, wie ungenâdich ir mir sît'.;dô rihte si sich ûf und sprach / < ôwî **minne** und ungemach , / wie ungenâdich ir mir sît !
ENE.tei.xml;ENE_108050_2;minne;10805;REVIEW;confidence;nein;;;;;;;lemma_4130;NOM;medium;"Subjekt mit Artikel: 'daz diu minne vil getût'; gnomische Agens-Aussage.";und vil wol gedenke des , / daz diu **minne** vil getût . > / alsô dûhtez sie gût .
ENE.tei.xml;ENE_108170_4;minne;10817;REVIEW;confidence;nein;;;;;;;lemma_4130;NOM;medium;"Subjekt mit Artikel: 'daz lêrde sie diu minne'; lehrendes Agens, Personifikation moeglich.";den brief si umb den zein want , / daz lêrde sie diu **minne** . / die scrift kêrdes enbinne
ENE.tei.xml;ENE_110980_1;minne;11098;REVIEW;confidence;nein;;;;;;;lemma_4130;NAM;medium;"Vokativ mit ir-Anrede: 'minne, ir tût mir al ze wê'; Eneas' Minne-Apostrophe.";enêas sprach aber mê / < **minne** , ir tût mir al ze wê , / wan daz ir sîn niht welt enberen .
ENE.tei.xml;ENE_111000_0;minne;11100;REVIEW;confidence;nein;;;;;;;lemma_4130;NAM;medium;Vokativ in der Anaphernreihe: 'minne, sal ez lange weren'.;wan daz ir sîn niht welt enberen . / **minne** , sal ez lange weren , / sô mûz ez mir anz leben gân .
ENE.tei.xml;ENE_111020_0;minne;11102;REVIEW;confidence;nein;;;;;;;lemma_4130;NAM;medium;Vokativ mit û-Anrede: 'minne, waz hân ich û getân'.;sô mûz ez mir anz leben gân . / **minne** , waz hân ich û getân , / daz ir mich quelt sô sêre ?
ENE.tei.xml;ENE_111040_0;minne;11104;REVIEW;confidence;nein;;;;;;;lemma_4130;NAM;medium;Vokativ mit ir-Anrede: 'minne, nemet ir mir mîn êre'.;daz ir mich quelt sô sêre ? / **minne** , nemet ir mir mîn êre , / war zû sal mir dan der lîb ?
ENE.tei.xml;ENE_111080_0;minne;11108;REVIEW;confidence;nein;;;;;;;lemma_4130;NAM;medium;Vokativ in der Anaphernreihe: 'minne, al daz ich mach und kan'.;holfez mich iht , ich bin ein man . / **minne** , al daz ich mach und kan , / daz hilfet wider ûch niht ein hâr .
ENE.tei.xml;ENE_111100_0;minne;11110;REVIEW;confidence;nein;;;;;;;lemma_4130;NAM;medium;Vokativ mit ûr (euer): 'minne, ûr burde is mir ze swâr'.;daz hilfet wider ûch niht ein hâr . / **minne** , ûr burde is mir ze swâr , / ichn mach si langer niht getragen .
ENE.tei.xml;ENE_111120_0;minne;11112;REVIEW;confidence;nein;;;;;;;lemma_4130;NAM;medium;Vokativ mit û-Anrede: 'minne, ichn getar von û niht klagen'.;ichn mach si langer niht getragen . / **minne** , ichn getar von û niht klagen , / swie unsanfte so ir mir tût .
ENE.tei.xml;ENE_111140_0;minne;11114;REVIEW;confidence;nein;;;;;;;lemma_4130;NAM;medium;Vokativ mit Imperativ an die Figur: 'minne, nû trôstet mir den mût'.;swie unsanfte so ir mir tût . / **minne** , nû trôstet mir den mût / schiere , des is mir nôt ,
ENE.tei.xml;ENE_111160_0;minne;11116;REVIEW;confidence;nein;;;;;;;lemma_4130;NAM;medium;Vokativ mit ûch: 'minne, waz holfe ûch mîn tôt?'.;schiere , des is mir nôt , / **minne** , waz holfe ûch mîn tôt ? > / aber sprach ênêas
ENE.tei.xml;ENE_111470_2;minne;11147;REVIEW;confidence;nein;;;;;;;lemma_4130;NOM;medium;"Nach Praeposition mit Artikel: 'von der minne diu si tût'; Relativsatz gibt Agens.";gezelen albesunder / von der **minne** diu si tût , / beidiu ubel unde gût .
ENE.tei.xml;ENE_111490_6;minne;11149;REVIEW;confidence;nein;;;;;;;lemma_4130;NAM;medium;Vokativ: 'genâde (sprach her), minne', direkte Anrufung.;beidiu ubel unde gût . / genâde ( sprach her ) , **minne** , / sint daz ich des beginne ,
ENE.tei.xml;ENE_111510_5;minne;11151;REVIEW;confidence;nein;;;;;;;lemma_4130;NAM;medium;Vokativ mit û: 'deich û sal dienen, minne'.;sint daz ich des beginne , / deich û sal dienen , **minne** , / so bedarf ich gûter sinne .
ENE.tei.xml;ENE_111530_5;minne;11153;REVIEW;confidence;nein;;;;;;;lemma_4130;NAM;medium;Vokativ mit ir-Imperativ: 'der helfet ir mir, minne'.;so bedarf ich gûter sinne . / der helfet ir mir , **minne** , / ê danne ich gar verbrinne .
ENE.tei.xml;ENE_111550_5;minne;11155;REVIEW;confidence;nein;;;;;;;lemma_4130;NAM;medium;Vokativ mit û: 'waz hilfet û daz, minne'.;ê danne ich gar verbrinne . / waz hilfet û daz , **minne** , / daz ich sus smelze enbinne ?
ENE.tei.xml;ENE_111570_4;minne;11157;REVIEW;confidence;nein;;;;;;;lemma_4130;NAM;medium;Vokativ mit ir-Anrede: 'genâdet ir mir, minne'.;daz ich sus smelze enbinne ? / genâdet ir mir , **minne** , / ê ich den schaden gewinne .
ENE.tei.xml;ENE_111590_3;minne;11159;REVIEW;confidence;nein;;;;;;;lemma_4130;NAM;medium;Vokativ mit Apposition: 'getrôstet mich, minne, starkiu kuneginne!'.;ê ich den schaden gewinne . / getrôstet mich , **minne** , / starkiu kuneginne !
ENE.tei.xml;ENE_111610_4;minne;11161;REVIEW;confidence;nein;;;;;;;lemma_4130;NAM;medium;Vokativ, mit Venus identifiziert: 'bistû mîn mûder, minne, vênûs, hêriu gotinne'.;starkiu kuneginne ! / bistû mîn mûder , **minne** , / vênûs , hêriu gotinne ,
ENE.tei.xml;ENE_111630_6;minne;11163;REVIEW;confidence;nein;;;;;;;lemma_4130;NAM;medium;Vokativ mit dîn-Anrede: 'ob ich dîn sun bin, minne'.;vênûs , hêriu gotinne , / ob ich dîn sun bin , **minne** , / des brink mich schiere inne . >
ENE.tei.xml;ENE_111910_3;minne;11191;REVIEW;confidence;nein;;;;;;;lemma_4130;NOM;medium;"Subjekt mit Artikel: 'ob ir diu minne nam den sin'; Agens-Wendung, Personifikation moeglich.";waz wunders was daz umb ein wîb , / ob ir diu **minne** nam den sin ? / und daz ich ein man bin
ENE.tei.xml;ENE_112650_3;minne;11265;REVIEW;confidence;nein;;;;;;;lemma_4130;NOM;medium;"Subjekt mit Artikel: 'den tihte diu minne'; dichtendes Agens, Personifikation moeglich.";den selben brief den ich dâ las / den tihte diu **minne** . / hern moht von wîbes sinne
ENE.tei.xml;ENE_112700_3;minne;11270;REVIEW;confidence;nein;;;;;;;lemma_4130;NOM;medium;"Subjekt mit Artikel: 'het ez diu minne niht getân'; handelndes Agens.";diun getorstez niemer bestân , / het ez diu **minne** niht getân , / daz si sie dar zû betwank .
ENE.tei.xml;ENE_113220_3;minne;11322;REVIEW;confidence;nein;;;;;;;lemma_4130;NOM;medium;"Subjekt mit Artikel: 'sâlich sî diu minne, diu tihte den brief'; Segenswunsch an Agens.";mit scôneme sinne . / sâlich sî diu **minne** , / diu tihte den brief und daz liet .
ENE.tei.xml;ENE_113500_3;minne;11350;REVIEW;confidence;nein;;;;;;;lemma_4130;NOM;medium;"Subjekt mit Artikel: 'daz het diu minne gemachet'; handelndes Agens.";hete uberwachet . / daz het diu **minne** gemachet . / des slief deste vaster
ENE.tei.xml;ENE_113700_2;minne;11370;REVIEW;confidence;nein;;;;;;;lemma_4130;NOM;medium;"Subjekt mit Artikel: 'diu minne twank si der zû'; zwingendes Agens, Personifikation moeglich.";ûf gestanden vile frû , / wand diu **minne** twank si der zû , / diu si mûte unz an den tach .
ENE.tei.xml;ENE_115020_1;minne;11502;REVIEW;confidence;nein;;;;;;;lemma_4130;NOM;medium;"Subjekt mit Artikel: 'diu minne twank si beide'; zwingendes Agens, Personifikation moeglich.";von rouwen und von leide : / diu **minne** twank si beide . / si sprach mit grôzen rouwen
ENE.tei.xml;ENE_115200_5;minne;11520;REVIEW;confidence;nein;;;;;;;lemma_4130;NOM;medium;"Subjekt mit Artikel: 'daz im diu minne al mîn rede habe gesaget'; sprechendes Agens.";mit manlîchem sinne . / ich vorht daz im diu **minne** / al mîn rede habe gesaget .
ENE.tei.xml;ENE_127100_1;minne;12710;REVIEW;confidence;nein;;;;;;;lemma_4130;NOM;medium;"Subjekt mit Artikel: 'diu minne liez im ir maht schînen'; Agens, Personifikation moeglich.";her mûste wachen al die naht . / diu **minne** liez im ir maht / vil unsanfte schînen ,
ENG.tei.xml;ENG_898_1;minne;898;REVIEW;confidence;nein;;;;;;;lemma_4130;NAM;medium;diu minne wolte erscheinen und gewaltes pflegen: handelnde Figur.;und der vil lobes reinen / diu **minne** wolte erscheinen / daz si gewaltes künde pflegen .
ENG.tei.xml;ENG_904_3;minne;904;REVIEW;confidence;nein;;;;;;;lemma_4130;NAM;medium;diu minne kan herz unde muot enzuenden: Minne als handelnde Macht.;wil mezzen unde ergründen , / dâ kan diu **minne** enzünden / herz unde muot dem wîbe
ENG.tei.xml;ENG_966_2;minne;966;REVIEW;confidence;nein;;;;;;;lemma_4130;NAM;medium;diu minne begunde ein wunder stellen: handelnde Figur.;an den zwein gesellen / daz diu **minne** stellen / begunde an ir besunder
ENG.tei.xml;ENG_977_2;minne;977;REVIEW;confidence;nein;;;;;;;lemma_4130;NAM;medium;frou minne: explizite Personifikation.;und von dem fiure enzündet / daz frou **minne** enpfenget , / sô si sich ofte menget
ENG.tei.xml;ENG_992_1;minne;992;REVIEW;confidence;nein;;;;;;;lemma_4130;NAM;medium;minne ist wandelbaere und leret (Folgevers): personifizierte Figur.;hie prüeve ich an dem maere / daz **minne** wandelbaere / was an ir gedanken ie .
ENG.tei.xml;ENG_1010_1;minne;1010;REVIEW;confidence;nein;;;;;;;lemma_4130;NAM;medium;wil minne mit ir raeten varn: Minne handelt mit eigenem Willen.;wer sol hier under sich bewarn ? / wil **minne** mit ir raeten varn / sô gar unstaeteclîche ,
ENG.tei.xml;ENG_1702_1;minne;1702;REVIEW;confidence;nein;;;;;;;lemma_4130;NAM;medium;diu minne haete den sic genomen: Minne als siegende Figur.;dâ von ez nimmer mohte komen . / diu **minne** haete alrêrst genomen / gar endelîche an ir den sic .
ENG.tei.xml;ENG_1868_1;minne;1868;REVIEW;confidence;nein;;;;;;;lemma_4130;NAM;medium;swaa minne tougen richset: Minne herrscht und gebietet.;mit hazze man gelîchset / swâ **minne** tougen rîchset . / daz selbe tet ouch engeltrût .
ENG.tei.xml;ENG_1907_1;minne;1907;REVIEW;confidence;nein;;;;;;;lemma_4130;NAM;medium;diu minne ir wunder machete: handelnde Figur.;nû daz dar inne tougen / diu **minne** ir wunder machete / und in her wider lachete
ENG.tei.xml;ENG_1914_2;minne;1914;REVIEW;confidence;nein;;;;;;;lemma_4130;NAM;medium;swaz diu minne wolte: Minne mit eigenem Willen.;daz ime geschehen solte . / swaz diu **minne** wolte , / daz wart an im erfüllet .
ENG.tei.xml;ENG_1928_3;minne;1928;REVIEW;confidence;nein;;;;;;;lemma_4130;NAM;medium;minne het in in ir kloben gezogen: handelnde Figur mit Possessiv ir.;mit süezer stimme wirt betrogen . / sus het in **minne** dô gezogen / mit süezen worten in ir kloben .
ENG.tei.xml;ENG_2099_3;minne;2099;REVIEW;confidence;nein;;;;;;;lemma_4130;NAM;medium;mich minne dar zuo twanc: Minne zwingt als handelnde Macht.;< ich haete es iuch erlâzen wol , / wan daz mich **minne** dar zuo twanc / daz ich iu sunder mînen danc
ENG.tei.xml;ENG_2181_3;minne;2181;REVIEW;confidence;nein;;;;;;;lemma_4130;NAM;medium;diu minne twanc in dar zuo: Minne zwingt als handelnde Macht.;und gienc von jâmer töuwende / daz in diu **minne** dar zuo twanc / daz er sunder sînen danc
ENG.tei.xml;ENG_3120_1;minne;3120;REVIEW;confidence;nein;;;;;;;lemma_4130;NAM;medium;diu minne kunde in liebes wol gestaten: Minne handelt und gewaehrt.;daz in von herzen würde wol . / diu **minne** süezer dinge vol / kunde in liebes wol gestaten .
ENG.tei.xml;ENG_3171_1;minne;3171;REVIEW;confidence;nein;;;;;;;lemma_4130;NAM;medium;frou minne: explizite Personifikation, Minne handelt.;wan in nâch liebe leit geschach . / frou **minne** des niht wolte enbern , / diu lange nimmer lât gewern
ENG.tei.xml;ENG_3184_3;minne;3184;REVIEW;confidence;nein;;;;;;;lemma_4130;NAM;medium;diu minne liez sorge drunder vallen: handelnde Figur.;alrêrst begunden üeben , / dô liez diu **minne** ir trüeben / sorge drunder vallen
ENG.tei.xml;ENG_3241_5;minne;3241;REVIEW;confidence;nein;;;;;;;lemma_4130;NAM;medium;diu minne hete in siner sinne beroubet: handelnde Macht.;wan engelhart beslôz ez niht . / in hete sô gar diu **minne** / beroubet sîner sinne
ENG.tei.xml;ENG_3916_1;minne;3916;REVIEW;confidence;nein;;;;;;;lemma_4130;NAM;medium;diu minne schuof ir wunder: handelnde Figur.;ûf daz rîs dar under / diu **minne** schuof ir wunder / an iu beiden , wizze krist .
FBS.tei.xml;FBS_575_2;minne;575;REVIEW;confidence;nein;;;;;;;lemma_4130;NAM;medium;Personifikation 'fraw minne', mit künegin verglichen: Frau Minne als Figur.;ob erz icht anders gewinnen kan . / sol fraw **minne** feile sin , / wie stat daz einer künegin ,
FDS.tei.xml;FDS_50005_3;minne;5;REVIEW;confidence;nein;;;;;;;lemma_4130;NOM;medium;"Getrennt geschriebenes Kompositum minne-unsaelic; minne als nominales Erstglied.";da von so muoz ich truric sin / reht als ein **minne** unsaelic man . / ich enmoht ouch niht die boten han ,
FDS.tei.xml;FDS_807002_1;minne;2;REVIEW;confidence;nein;;;;;;;lemma_4130;NAM;medium;Minne handelt als Figur: sie zwingt mit ir starcken chraft.;von ir gesinde was grozer chlanc , / diu **minne** ir etslichen twanc / mit ir vil starcken chraft also ,
FDS.tei.xml;FDS_807006_1;minne;6;REVIEW;confidence;nein;;;;;;;lemma_4130;NAM;medium;Minne handelt an ir friunden: si tuot we und wol, si gibt.;ir was ouch maniger hochgemuot . / diu **minne** also ir friunden tuot : / si tuot dem we , si tuot dem wol ,
FDS.tei.xml;FDS_936004_3;minne;4;REVIEW;confidence;nein;;;;;;;lemma_4130;NAM;medium;Minne als handelndes Subjekt: diu minne vie mich niht.;der da von liehten ougen gie . / daz mich diu **minne** da niht vie , / daz wande niht wan diu staete min .
FDS.tei.xml;FDS_1156007_3;minne;7;REVIEW;confidence;nein;;;;;;;lemma_4130;NOM;medium;Subjekt, aber koordiniert mit abstraktem ander leit: eher Abstraktum als Figur.;( vor alter solt sin noch niht sin ) : / sus hat diu **minne** und ander leit / min houbet ze dem andern mal gechleit .
FDS.tei.xml;FDS_1157001_1;minne;1;REVIEW;confidence;nein;;;;;;;lemma_4130;NOM;medium;Subjekt, koordiniert mit abstraktem ungetriwer rat: Abstraktum, keine Figur.;min houbet ze dem andern mal gechleit . / diu **minne** und ungetriwer rat / min houbet gra geverbet hat .
FDS.tei.xml;FDS_1157003_3;minne;3;REVIEW;confidence;nein;;;;;;;lemma_4130;NOM;medium;"Dativobjekt zu dienen (der minne dienen); Folgvers klingt leicht personifiziert.";min houbet gra geverbet hat . / swelch man der **minne** dienet vil / und im diu minne niht lonen wil ,
FDS.tei.xml;FDS_1157004_3;minne;4;REVIEW;confidence;nein;;;;;;;lemma_4130;NAM;medium;Minne handelt volitional: diu minne niht lonen wil.;swelch man der minne dienet vil / und im diu **minne** niht lonen wil , / der muoz vil ungemüetes tragen ,
FDS.tei.xml;FDS_1177003_3;minne;3;REVIEW;confidence;nein;;;;;;;lemma_4130;NAM;medium;Minne als zwingendes Subjekt: mich twanc diu minne.;"der minnen gir min herze twanc , / mich twanc diu **minne** uf hohen muot ; / diu minne ist werden liuten guot ,"
FDS.tei.xml;FDS_1380001_4;minne;1;REVIEW;confidence;nein;;;;;;;lemma_4130;NAM;medium;Minne als zwingendes Subjekt: mich die minne twanc.;minnen valscher manne lip . / swie chleine mich die **minne** twanc , / ze dienst ich der vrowen sanc
FDS.tei.xml;FDS_1468004_6;minne;4;REVIEW;confidence;nein;;;;;;;lemma_4130;NAM;medium;Deutlich personifiziert: diu minne hat hus im herzen, si lat iuch niht ruowen.;< got willechomen , chünec artus ! / ich sihe wol , daz diu **minne** hus / für war in iwerm herzen hat ,
FDS.tei.xml;FDS_1810003_2;minne;3;REVIEW;confidence;nein;;;;;;;lemma_4130;NAM;medium;Minne handelt: reizet mit ir spil, wil ir friunden lonen.;ez ist hoher freuden ein ursprinc : / da reizet **minne** mit ir spil , / so si ir friunden lonen wil .
FDS.tei.xml;FDS_1817002_3;minne;2;REVIEW;confidence;nein;;;;;;;lemma_4130;NOM;medium;"Getrennt geschriebenes Farbkompositum minne-rot; minne nominales Erstglied.";"von disen dingen leit ich not , / minnen bleich und **minne** rot , / der beider varbe man mich siht ;"
FLD.tei.xml;FLD_74010_4;minne;1;REVIEW;confidence;nein;;;;;;;lemma_4130;NAM;medium;Anrufung 'owe frowe minne' mit 'nu grif her': Frau Minne als angerufene Figur.;scheidet nieman wan diu wip . / owe , owe frowe **minne** , / mir ist we ,
FLD.tei.xml;FLD_74070_2;minne;7;REVIEW;confidence;nein;;;;;;;lemma_4130;NAM;medium;Direkte Anrede 'chanstu, minne': Minne als handelnde, helfende Figur angesprochen.;diu mir an dem herzen lit . / chanstu , **minne** , triuwe minnen , / so hilfestu mir enzit .
FLD.tei.xml;FLD_101010_3;minne;1;REVIEW;confidence;nein;;;;;;;lemma_4130;NAM;medium;Direkte Anrede 'wie chanstu, minne': Minne raubt Sinne und Mut, handelnde Figur.;ein tanzwise und ist diu zehende wise / wie chanstu , **minne** , - mit sorgen die sinne , / den muot berouben mit sender klage !
FLD.tei.xml;FLD_105050_5;minne;5;REVIEW;confidence;nein;;;;;;;lemma_4130;NAM;medium;Imperativische Anrufung 'nu troeste mich, minne, und sprich': Minne soll sprechen.;mit ungedulde , so lazze mich vri . / nu troeste mich , - **minne** , und sprich , / wie ich nach swere - trost an ir bejage
FLD.tei.xml;FLD_111010_2;minne;1;REVIEW;confidence;nein;;;;;;;lemma_4130;NAM;medium;Anrede 'vil saelic minne' mit 'din gewalt mir gebot': gebietende Figur.;daz ist ein sincwise und ist diu einleft wise / vil saelic **minne** , habe ich nu getan / den dienst , den din gewalt mir gebot ,
FLD.tei.xml;FLD_121050_0;minne;5;REVIEW;confidence;nein;;;;;;;lemma_4133;VRB;medium;Fortsetzung von 'daz ich si minne': Verbpaar 'minne und meine' mit Objekt 'si reine'.;reht als ein wunder - so sunder , - so sere / **minne** und meine , - si reine , - si saelic , si here . / saelden ich waere - vil rich und an vreuden der fruote ,
FLD.tei.xml;FLD_162040_3;minne;4;REVIEW;confidence;nein;;;;;;;lemma_4130;NOM;medium;"Artikel und Adjektiv ('diu vil werde minne'); 'git freude', 'suoze lere' klingen leicht personifizierend.";des lonet vil hohe mit hohem gewinne / diu vil werde **minne** : - diu git freude und ere . / wol ir suozen lere ! - si chan troesten sere .
FLD.tei.xml;FLD_232030_0;minne;3;REVIEW;confidence;nein;;;;;;;lemma_4130;NOM;medium;Didaktische Fortsetzung von 'rehtiu minne': abstraktes Subjekt zu 'wil halten', leichte Agens-Faerbung.;des wil rehtiu minne niht , / **minne** wil si halten beide , / si hat mit in staete pfliht :
FLD.tei.xml;FLD_235010_0;minne;1;REVIEW;confidence;nein;;;;;;;lemma_4130;NOM;medium;Subjekt zu 'het gebunden': konventionelle Bindungs-Metapher, Personifikation moeglich.;sit niht triwen lit an ir . / **minne** het mich ir gebunden / und lie si bande vri ,
FLD.tei.xml;FLD_292080_1;minne;8;REVIEW;confidence;nein;;;;;;;lemma_4130;NOM;medium;"Adjektiv 'werdiu', Subjekt zu 'chan geben, swem si wil'; leichte Agens-Faerbung.";freuden leben - chan wol geben / werdiu **minne** , swem si wil : / si hat sin vil .
FLD.tei.xml;FLD_303010_2;minne;1;REVIEW;confidence;nein;;;;;;;lemma_4130;NOM;medium;"Definitionsantwort 'minne ist so gewaltic'; Herrscherbild ('ir dienent elliu lant') mit Personifikationsnaehe.";daz ich mich vor im bewar . > / vrowe , **minne** ist so gewaltic , / daz ir dienent elliu lant :
FLD.tei.xml;FLD_324010_6;minne;1;REVIEW;confidence;nein;;;;;;;lemma_4130;NAM;medium;'du und diu minne sult mir helfen dienen': Minne als Helferfigur neben personifiziertem hohen muot.;diu dich zuo mir her hat gesant . / hoher muot , du und diu **minne** / sult mir helfen dienen ir
FLD.tei.xml;FLD_326060_2;minne;6;REVIEW;confidence;nein;;;;;;;lemma_4130;NAM;medium;Minne als mitgebrachte Begleitfigur: 'hat die minne mit ir braht', danach Plural 'si habent gedaht'.;si vil guote , süeze , reine / hat die **minne** mit ir braht : / si habent ze huse da gedaht .
FLD.tei.xml;FLD_364050_6;minne;5;REVIEW;confidence;nein;;;;;;;lemma_4130;NAM;medium;Allegorische Handlung: diu minne schliesst die Liebe mit der Triuwe hinter der Herzenstuer ein.;da sich diu liebe erzeigte mite . / ir vil luter liebe sloz diu **minne** / mit der triwe vaste ze einem sinne
FLD.tei.xml;FLD_366030_3;minne;3;REVIEW;confidence;nein;;;;;;;lemma_4130;NAM;medium;'do riet diu minne in beiden': Minne raet als handelnde Figur im Erzaehlkontext.;"daz tet in herzenlichen we ; / do riet diu **minne** in beiden , / ein süezez spil verenden e ."
FLD.tei.xml;FLD_525040_0;minne;4;REVIEW;confidence;nein;;;;;;;lemma_4130;NOM;medium;Subjekt zu 'bant' ('minne mich ir bant'): Bindungs-Metapher, Personifikation moeglich.;da von bin ich ir gebunden : / **minne** mich ir mit der staete bant . / des ist truren mir verswunden ,
FLD.tei.xml;FLD_574010_5;minne;1;REVIEW;confidence;nein;;;;;;;lemma_4130;NAM;medium;Erzaehlte Handlung: 'zuo uns kam diu werde minne und slos uns beide vaste ein', Minne als Figur.;da von ich gerne wünschen sol . / zuo uns kam diu werde **minne** / und slos uns beide vaste ein ,
FLD.tei.xml;FLD_574040_3;minne;4;REVIEW;confidence;nein;;;;;;;lemma_4130;NOM;medium;Generische Aussage 'wie minne flihtet arme und bein': abstrakte Kraft, Agens-Faerbung.;ich und si , wir wurden inne / wol , wie **minne** flihtet arme und bein / und wie si gemachet , daz ein wip
FLD.tei.xml;FLD_581050_2;minne;5;REVIEW;confidence;nein;;;;;;;lemma_4130;NOM;medium;'swaz diu minne mir mit twingen tuot': zwingende Kraft, Personifikationsnaehe im swaz-Satz.;des sicht man mich wol gesunt . / swaz diu **minne** mir mit twingen tuot , / da für han ich arzenie , diu ist guot .
FLD.tei.xml;FLD_582010_2;minne;1;REVIEW;confidence;nein;;;;;;;lemma_4130;NAM;medium;Minne verwundet 'mit ir stral': Pfeil-Attribut und Handlung zeigen die personifizierte Figur.;da für han ich arzenie , diu ist guot . / do diu **minne** mir verwundet / mit ir stral das herze min ,
FLG.tei.xml;FLG_1022190_4;minne;;REVIEW;confidence;nein;NOM;;;;;;lemma_4130;NAM;medium;Minne spricht mit der Kuenigin (zesamen sprechent): handelnde Figur, Personifikation.;andehteklich núnstunt úberlesen . dis ist das erste teil dis buoches i . wie dú **minne** und dú kúneginne zesamen sprechent ii . von drin personen und drin gaben iii .
FLG.tei.xml;FLG_1041021_4;minne;;REVIEW;confidence;nein;NOM;;;;;;lemma_4130;NAM;medium;Kapitelrubrik: Minne und Kuenigin sprechen zesamene, Minne als Dialogfigur.;i . wie dú **minne** und dú kúneginne zesamene sprachen
FLG.tei.xml;FLG_1041040_5;minne;;REVIEW;confidence;nein;NOM;;;;;;lemma_4130;NAM;medium;Die Seele kommt zur Minne und gruesst sie ('gruoste si'): angeredete Figur.;die sele kam zuo der **minne** und gruoste si mit tieffen sinnen und sprach : < got gruesse úch , vro
FLG.tei.xml;FLG_1041050_8;minne;;REVIEW;confidence;nein;NAM;;;;;;lemma_4130;NAM;medium;Direkte Anrede 'vro minne' im Dialog: personifizierte Frau Minne.;und gruoste si mit tieffen sinnen und sprach : < got gruesse úch , vro **minne** . > < got lone úch , liebú vro kúneginne . > < vro minne
FLG.tei.xml;FLG_1041060_5;minne;;REVIEW;confidence;nein;NAM;;;;;;lemma_4130;NAM;medium;Anrede 'vro minne, ir sint...': personifizierte Dialogfigur.;minne . > < got lone úch , liebú vro kúneginne . > < vro **minne** , ir sint sere vollekomen . > < vro kúneginne , des bin ich allen
FLG.tei.xml;FLG_1041070_9;minne;;REVIEW;confidence;nein;NAM;;;;;;lemma_4130;NAM;medium;Anrede 'vro minne, ir hant...': personifizierte Dialogfigur.;> < vro kúneginne , des bin ich allen dingen oben . > < vro **minne** , ir hant manig jar gerungen , e ir habint die hohen drivaltekeit dar zuo
FLG.tei.xml;FLG_1041100_10;minne;;REVIEW;confidence;nein;NAM;;;;;;lemma_4130;NAM;medium;Anrede 'frov minne' im Wechselgespraech mit der Kuenigin: Personifikation.;> < frovwe kúneginne , das ist úwer ere und vrome . > < frov **minne** , nu sint ir har zuo mir komen und ir hant mir alles benomen ,
FLG.tei.xml;FLG_1041120_12;minne;;REVIEW;confidence;nein;NAM;;;;;;lemma_4130;NAM;medium;Anrede 'frovwe minne, ir hant mir benomen...': Personifikation.;> < frovwe kúnegin , ir hant einen seligen wehsel getan . > < frovwe **minne** , ir hant mir benomen mine kintheit . > < frovwe kúneginne , da wider
FLG.tei.xml;FLG_1041140_7;minne;;REVIEW;confidence;nein;NAM;;;;;;lemma_4130;NAM;medium;Anrede 'frovwe minne, ir hant mir benomen...': Personifikation.;frovwe kúneginne , da wider han ich úch gegeben himelsche vriheit . > < frovwe **minne** , ir hant mir benomen alle mine jugent . > < frovwe kúnegin , da
FLG.tei.xml;FLG_1041160_6;minne;;REVIEW;confidence;nein;NAM;;;;;;lemma_4130;NAM;medium;Anrede 'frovwe minne, ir hant mir benomen...': Personifikation.;kúnegin , da wider han ich úch gegeben manig helige tugent . > < frovwe **minne** , ir hant mir benomen guot , frúnde und mage . > < eya frovwe
FLG.tei.xml;FLG_1041170_17;minne;;REVIEW;confidence;nein;NAM;;;;;;lemma_4130;NAM;medium;Anrede 'frovwe minne, ir hant mir benomen...': Personifikation.;> < eya frovwe kúnegin , das ist ein snoedú klage . > < frovwe **minne** , ir hant mir benomen die welt , weltlich ere und allen weltlichen richtuom .
FLG.tei.xml;FLG_1041210_0;minne;;REVIEW;confidence;nein;NAM;;;;;;lemma_4130;NAM;medium;Anrede 'frovwe minne, ir hant mich betwungen': zwingende, angeredete Figur.;mit dem heiligen geiste nach allem úwerm willen in ertrich gelten . > < frovwe **minne** , ir hant mich also sere betwungen , das min licham ist komen in sunderlich
FLG.tei.xml;FLG_1041230_7;minne;;REVIEW;confidence;nein;NAM;;;;;;lemma_4130;NAM;medium;Anrede 'frovwe minne, ir hant verzert...': Personifikation.;kúnegin , da wider han ich úch gegeben manig hohe bekantheit . > < frovwe **minne** , ir hant verzert min fleisch und min bluot . > < frovwe kúnegin ,
FLG.tei.xml;FLG_1041250_5;minne;;REVIEW;confidence;nein;NAM;;;;;;lemma_4130;NAM;medium;Anrede 'frovwe minne, ir sint ein rovberinne': Personifikation.;kúnegin , da mitte sint ir gelútert und gezogen in got . > < frovwe **minne** , ir sint ein rovberinne , dennoch sont ir mir gelten . > < frovwe
FLG.tei.xml;FLG_1041260_13;minne;;REVIEW;confidence;nein;NAM;;;;;;lemma_4130;NAM;medium;Anrede 'frovwe minne, nu hant ir mir vergolten': Personifikation.;. > < frovwe kúnegin , so nement reht mich selben . > < frovwe **minne** , nu hant ir mir vergolten hundertvalt in ertriche . > < frov kúnegin ,
FLG.tei.xml;FLG_1052022_2;minne;;REVIEW;confidence;nein;NOM;;;;;;lemma_4130;NAM;medium;Rubrik zum Dialogkapitel: 'der minne schlage' meint die Schlaege der Minne-Figur.;iii . von den megden der sele und von der **minne** schlage
FLG.tei.xml;FLG_1052040_3;minne;;REVIEW;confidence;nein;NOM;;;;;;lemma_4130;NAM;medium;Die Seele klagt der Minne ihre Not und redet sie an: Adressatin, Figur.;alle heilige cristanliche tugende sint der sele megede . der sele suesser urdrutz claget der **minne** ir not : < eya allerliebeste jungfrovwe , nu hast du lange min kamererin gewesen
FLG.tei.xml;FLG_1052090_17;minne;;REVIEW;confidence;nein;NOM;;;;;;lemma_4130;NAM;medium;Sprecherangabe 'die minne :' vor direkter Rede: sprechende Figur.;, so were mir bas , das ich dich nie hette bekant . > die **minne** : < das ich dich jagete , des luste mich , das ich dich vieng
FLG.tei.xml;FLG_1052180_1;minne;;REVIEW;confidence;nein;NOM;;;;;;lemma_4130;NAM;medium;Sprecherangabe 'die minne :' vor direkter Rede: sprechende Figur.;got dikke hat gegeben , das ich vor dir selben moege genesen . > die **minne** : < so man die gevangenen nút wil haben tot , so git man inen
FLG.tei.xml;FLG_1052230_14;minne;;REVIEW;confidence;nein;NOM;;;;;;lemma_4130;NAM;medium;Direkte Anrufung 'o minne' samt 'us dinem munde': angeredete Figur.;lichamen stelen und wil dich dime liebe geben . > die sele : < o **minne** , disen brief han ich us dinem munde geschriben , nu gip mir , frovwe
FLG.tei.xml;FLG_1061020_4;minne;;REVIEW;confidence;nein;NOM;;;;;;lemma_4130;NAM;medium;Sprecherangabe 'die minne :' vor direkter Rede: sprechende Figur.;dinem munde geschriben , nu gip mir , frovwe , din ingesigel . > die **minne** : < swer got ie úber sich selben liep gewan , der weis wol ,
FLG.tei.xml;FLG_1082220_3;minne;;REVIEW;confidence;nein;NOM;;;;;;lemma_4130;NOM;medium;'allein die minne' kann troesten: Substantiv, leichte Agens-Lesart bleibt offen.;darumbe mag mich enkein creature noch miner edelen nature getroesten noch entginnen denne allein die **minne** . > < vrovwe sant maria , dis wunders bist du ein muoter . wenne
FLG.tei.xml;FLG_1151040_5;minne;;REVIEW;confidence;nein;NOM;;;;;;lemma_4130;NAM;medium;Allegorische Jungfrau namens Minne, 'die leittet die brut': handelnde Figur.;ist gekroenet mit der ewekeit . die brut hat vier jungfrovwen . die eine ist **minne** , die leittet die brut , die ist gekleidet mit der kúschekeit und ist gekroenet
FLG.tei.xml;FLG_2161020_3;minne;;REVIEW;confidence;nein;NOM;;;;;;lemma_4130;NOM;medium;'die minne machet hohe in der sele': abstraktes Subjekt, Personifikation bleibt offen.;"i . die **minne** machet hohe in der sele nit umbe menschlich arbeit ; das kumt von eigenem willen"
FLG.tei.xml;FLG_2162220_4;minne;;REVIEW;confidence;nein;NOM;;;;;;lemma_4130;NAM;medium;Minne fragt, lehrt und spricht zur Seele: handelnde Figur, Personifikation.;vraget die minnende sele von seraphym und von dem nidersten menschen xxiii . wie dú **minne** vraget und leret die stumphen sele und brehte si gerne zuo irem lieben und sprichet
FLG.tei.xml;FLG_2171021_3;minne;;REVIEW;confidence;nein;NOM;;;;;;lemma_4130;NOM;medium;'die minne machet hohi in der sele': abstraktes Subjekt, Personifikation bleibt offen.;"i . die **minne** machet hohi in der sele , nit unmenschlich arbeit ; das kumt von eigem willen"
FLG.tei.xml;FLG_2232220_8;minne;;REVIEW;confidence;nein;NOM;;;;;;lemma_4130;NOM;medium;"Artikel, Objekt: 'die minne gewaltig úber mich wesen lan'; leichte Personifikation moeglich.";himmel und erde treit , muos mir eweklich undertenig sin . lan ich nu die **minne** gewaltig úber mich wesen , also das ich ir die statte gebe , das si
FLG.tei.xml;FLG_2261201_4;minne;;REVIEW;confidence;nein;NOM;;;;;;lemma_4130;NAM;medium;Personifikation: Minne 'vraget und leret ... und sprichet', handelnde Figur.;xxiii . wie dú **minne** vraget und leret die stumpfen selen und brehte si gerne zuo irme liebe und sprichet
FLG.tei.xml;FLG_2272020_7;minne;;REVIEW;confidence;nein;NOM;;;;;;lemma_4130;NAM;medium;Direkte Anrufung als Figur: 'eya minne, wiltu mich noch enpfan?'.;habe , so wil ich doch noch us allen dingen in got gan . eya **minne** , wiltu mich noch enpfan ? > < ja , got hat sich nieman verseit
FLG.tei.xml;FLG_2281020_4;minne;;REVIEW;confidence;nein;NOM;;;;;;lemma_4130;NAM;medium;Allegorische Figur: 'minne dú gewaltige kellerin'.;geist der luter win , und wie dú ganze drivaltekeit ist der volle kopf und **minne** dú gewaltige kellerin , weis got so neme ich gerne , das mich dú minne
FLG.tei.xml;FLG_2281030_5;minne;;REVIEW;confidence;nein;NOM;;;;;;lemma_4130;NAM;medium;Minne handelt als Kellerin-Figur: 'das mich dú minne da ze huse bete'.;minne dú gewaltige kellerin , weis got so neme ich gerne , das mich dú **minne** da ze huse bete . nu ich wil noch hie gerne gallen trinken . eya
FLG1.tei.xml;FLG1_3080030140_9;minne;;REVIEW;confidence;nein;;;;;;;lemma_4130;NAM;medium;"'dú minne gebútet mir; das si wil, das muos sin': Minne gebietet als handelnde Figur.";"ich aber wurde úbertrunken , so mag ich mines libes nit gedenken , wan dú **minne** gebútet mir ; das si wil , das muos sin , und des sich got"
FLG1.tei.xml;FLG1_4113021030_1;minne;;REVIEW;confidence;nein;;;;;;;lemma_4130;NAM;medium;'es heisset mich die minne': Minne befiehlt der Sprecherin das Schreiben, handelnde Figur.;dar inne qweln . dis spriche ich nit von sinne , es heisset mich die **minne** . do ich zuo geistlichem leben kam und zuo der welte urlop nam , do
FLG1.tei.xml;FLG1_4113021160_2;minne;;REVIEW;confidence;nein;;;;;;;lemma_4130;NOM;medium;'kam dú gewaltige minne und beschaste mich': Attributadjektiv spricht fuer Abstraktum, NAM-Lesart bleibt offen.;arbeit und dar zuo manig swere siechtag von nature . hie zuo kam dú gewaltige **minne** und beschaste mich so sere mit disen wundern , das ich es nit getorste verswigen
FLG1.tei.xml;FLG1_4124120490_11;minne;;REVIEW;confidence;nein;;;;;;;lemma_4130;NAM;medium;Minne handelt als Figur: fuor ir strasse, in der Allegorieszene mit vro truwe.;das lieht , und umb gottes heimlicheit wiste ich nit , und dú vil selige **minne** fuor ovch ir strasse . do sprach dú sele : < war sint ir nu
FLG1.tei.xml;FLG1_4124120500_19;minne;;REVIEW;confidence;nein;;;;;;;lemma_4130;NAM;medium;Allegorieszene: das ambaht der (personifizierten) Minne wird an vro truwe uebergeben.;: < war sint ir nu , vro trúwe ? ich wil úch nu der **minne** ambaht bevelhen und ir sont gottes ere an mir bewarn . > do underwant sich
FLG1.tei.xml;FLG1_4130160060_1;minne;;REVIEW;confidence;nein;;;;;;;lemma_4130;NAM;medium;Direkte Anrufung mit Vokativ: o allerseligostu minne, wa sint die, die dich bekennent.;"an ir selben allerinnest ; si begriffet allermeist und behaltet allerminst . < o allerseligostú **minne** , wa sint die , die dich bekennent ? > < si sint gentzlich verbrant"
FLG1.tei.xml;FLG1_4135190011_6;minne;;REVIEW;confidence;nein;;;;;;;lemma_4130;NAM;medium;Ueberschrift zum Anrufungskapitel: das ambaht der gebenedigten Minne als Amtstraegerin.;xix . das ambaht der gebenedigten **minne** ist manigvalt
FLG1.tei.xml;FLG1_4135190020_2;minne;;REVIEW;confidence;nein;;;;;;;lemma_4130;NAM;medium;Direkte Anrufung: o gebenedicte minne, das was din ambaht.;o gebenedicte **minne** , das was sunder beginne din ambaht und ist noch , das du got und
FLG1.tei.xml;FLG1_4136190080_1;minne;;REVIEW;confidence;nein;;;;;;;lemma_4130;NAM;medium;Anrufung mit vrovwe: o minne, vrovwe, hilf du mir.;. du hast mich in gotte verleitet , das ich seleklich gebunden bin . o **minne** , vrovwe , hilf du mir , das ich an sinem arme verscheide , da
FLG1.tei.xml;FLG1_4136190110_0;minne;;REVIEW;confidence;nein;;;;;;;lemma_4130;NAM;medium;Direkte Anrede mit du: minne, du hast den groessosten gewalt.;". iedoch wil ich gerne liden des todes pine an dem súndigen lichamen min . **minne** , du hast den groessosten gewalt vor allen tugenden iemer me ; des wil ich"
FLG1.tei.xml;FLG1_4136190170_3;minne;;REVIEW;confidence;nein;;;;;;;lemma_4130;NOM;medium;"Gnomischer Satz mit Artikel: die minne machet herzen vol; agentiv, aber ohne Anrede.";herzen erwelt sint . den dis an gat , der bevindet es wol : die **minne** machet ital herzen vol . mere wenne wir werden vol wranges unde surekeit , so
FLG1.tei.xml;FLG1_4136190190_3;minne;;REVIEW;confidence;nein;;;;;;;lemma_4130;NAM;medium;Direkte Anrede beim Abschied: guote nacht, minne.;unde surekeit , so ist úns der minne spil vil unbereit . guote nacht , **minne** , als ich schlaffen welle , alleluia !
FLG1.tei.xml;FLG1_5156040030_3;minne;;REVIEW;confidence;nein;;;;;;;lemma_4130;NAM;medium;Direkte Anrufung mit du: o wunderlichu gottes minne, du erluhtest die sele.;o wunderlichú gottes **minne** , du hast heilig grosse kraft , du erlúhtest die sele und lerest die sinne
FLG1.tei.xml;FLG1_5156040050_12;minne;;REVIEW;confidence;nein;;;;;;;lemma_4130;NAM;medium;Anrufung mit vrovwe im Kontext: eya minne, du bist wunnenklich.;wol mir armen dorperinne , das ich dich , vrovwe , ie gesach ! eya **minne** , du bist wunnenklich und zuo allen werken lobesan , das bevinde ich in der
FLG1.tei.xml;FLG1_5156040100_0;minne;;REVIEW;confidence;nein;;;;;;;lemma_4130;NOM;medium;"Nach Praeposition: mit der minne gan; das folgende ir undertan laesst Personifikation offen.";"kúscheit oder angenomen , die gliche luter vollestan , dise zwuo tugende muessent mit der **minne** gan ; doch sint si ir undertan . die minne wandelet dur die sinne und"
FLG1.tei.xml;FLG1_5156040110_1;minne;;REVIEW;confidence;nein;;;;;;;lemma_4130;NAM;medium;Minne handelt: wandelet dur die sinne und stuermet uf die sele.;"zwuo tugende muessent mit der minne gan ; doch sint si ir undertan . die **minne** wandelet dur die sinne und stúrmet mit ganzen tugenden uf die sele . die wile"
FLG1.tei.xml;FLG1_5178231070_0;minne;;REVIEW;confidence;nein;;;;;;;lemma_4130;NOM;medium;"Artikel und Genitivattribut: du minne williger armuot; allegorische Agensrolle bleibt offen.";do sprach si : < die helige vliessende miltekeit und dú notdúrftige barmeherzekeit und dú **minne** williger armuot , die hant mir den schatz benomen . min oppferlamp was jhesus christus
FLG1.tei.xml;FLG1_5189300030_3;minne;;REVIEW;confidence;nein;;;;;;;lemma_4130;NAM;medium;"Direkte Anrufung: eya liebú gottes minne, behalse die sele; angerufene, handelnde Figur.";eya liebú gottes **minne** , behalse ie die sele min , wan es múrdete mich ob allem we ,
FLG1.tei.xml;FLG1_5189300040_10;minne;;REVIEW;confidence;nein;;;;;;;lemma_4130;NAM;medium;"Anrufung mit Imperativ an sie: eia minne, nu la mich nit erkuelen; personifiziert.";es múrdete mich ob allem we , solte ich wesen von dir vri ! eia **minne** , nu la mich nit erkuelen , minú werk sint allú tot , so ich
FLG1.tei.xml;FLG1_5189300050_12;minne;;REVIEW;confidence;nein;;;;;;;lemma_4130;NAM;medium;Angeredete Handelnde: o minne, du machest suesse pine, du gibest lere.;erkuelen , minú werk sint allú tot , so ich dich nit vuele . o **minne** , du machest suesse pine und not , du gibest den waren gottes kinden lere
FLG1.tei.xml;FLG1_5189300070_14;minne;;REVIEW;confidence;nein;;;;;;;lemma_4130;NAM;medium;"Anrede mit du-Prädikaten: o minne, du machest grosse burdin lichte; Personifikation.";"din suessú hant hat den gewalt , si bindet beide jung und alt . o **minne** , du machest grosse burdin lichte , und kleinú súnde dunket dich swere ; du"
FLG1.tei.xml;FLG1_5189300090_10;minne;;REVIEW;confidence;nein;;;;;;;lemma_4130;NAM;medium;Anrufung mit Bitte um Handeln: eya suessú gottes minne ... so tuo wol.;"dich swere ; du dienest gerne sunder lon allen creaturen undertan . eya suessú gottes **minne** , swenne ich alze lange sclaffe an versumekeit guoter dingen , so tuo wol und"
FLG1.tei.xml;FLG1_5189300120_3;minne;;REVIEW;confidence;nein;;;;;;;lemma_4130;NAM;medium;"Explizit minne vrowe, mit Imperativ wirf mich under dich; Frau Minne als Figur.";dinen sang , da du die sele mitte ruerest als ein suesse seitenklang . eya **minne** vrowe , wirf mich under dich , ich wúrde vil gerne sigelos . das du
FLG1.tei.xml;FLG1_5189300140_5;minne;;REVIEW;confidence;nein;;;;;;;lemma_4130;NAM;medium;"Anrede: owe miltú gottes minne, du schonest min; handelnde Angerufene.";leben , dar an lit , vrowe , aller min trost . owe miltú gottes **minne** , du schonest min alze sere , das clage ich iemer mere . minne ,
FLG1.tei.xml;FLG1_5189300150_2;minne;;REVIEW;confidence;nein;;;;;;;lemma_4130;NAM;medium;Vokativ in der Minne-Litanei: minne, din vil edle gruos hat erfúllet minen muot.;gottes minne , du schonest min alze sere , das clage ich iemer mere . **minne** , din vil edle gruos der hat erfúllet minen muot . minne , din vil
FLG1.tei.xml;FLG1_5189300150_14;minne;;REVIEW;confidence;nein;;;;;;;lemma_4130;NAM;medium;Vokativ der Litanei: minne, din vil reine quelen tuot mich ane súnde leben.;iemer mere . minne , din vil edle gruos der hat erfúllet minen muot . **minne** , din vil reine quelen tuot mich ane súnde leben . minne , dinú stetú
FLG1.tei.xml;FLG1_5190300160_8;minne;;REVIEW;confidence;nein;;;;;;;lemma_4130;NAM;medium;"Vokativ: minne, dinú stetú andaht hat mich in kumber braht; personifiziert.";minen muot . minne , din vil reine quelen tuot mich ane súnde leben . **minne** , dinú stetú andaht hat mich in also suessen kumber braht . o goetlichú minne
FLG1.tei.xml;FLG1_5190300170_7;minne;;REVIEW;confidence;nein;;;;;;;lemma_4130;NAM;medium;"Anrede: o goetlichú minne ... so du mir wilt vroemde wesen; sie handelt und wird angeredet.";minne , dinú stetú andaht hat mich in also suessen kumber braht . o goetlichú **minne** , wie sol ich din mit gedult enbern , so du mir wilt vroemde wesen
FLG1.tei.xml;FLG1_5190300180_9;minne;;REVIEW;confidence;nein;;;;;;;lemma_4130;NAM;medium;"Vokativ mit din-Bezug: minne, das mir din vroemdi wol tuot; Fortsetzung der Anrede.";wie sol ich din mit gedult enbern , so du mir wilt vroemde wesen . **minne** , das ist ein wunnenklich himmelsch homuot , das mir din vroemdi wol tuot .
FLG1.tei.xml;FLG1_5190300190_12;minne;;REVIEW;confidence;nein;;;;;;;lemma_4130;NAM;medium;"Anrede: o wunderlichú minne, wol selig der, den du lerst; Lehrende als Figur.";"ist ein wunnenklich himmelsch homuot , das mir din vroemdi wol tuot . o wunderlichú **minne** , wol selig der iemer , den du lerst ; das ist sin wunnenklichestú diemuetekeit"
FLG1.tei.xml;FLG1_5190300210_13;minne;;REVIEW;confidence;nein;;;;;;;lemma_4130;NAM;medium;"Anrufung: eya minne, wie kleine du der vindest, die dich ...; direkt angeredet.";er , vrovwe , dich es bittet , das du von ime kerest . eya **minne** , wie kleine du der vindest , die dich mit aller maht in allen dingen
FLG1.tei.xml;FLG1_5190300250_5;minne;;REVIEW;confidence;nein;;;;;;;lemma_4130;NAM;medium;"Vokativ: minne, din scheiden und din komen; Kommen und Gehen einer Figur.";, die dir mit dem munde ruoffent und mit den werken von dir kerent . **minne** , din scheiden und din komen das ist gliche willekomen der wol geordeneten sele .
FLG1.tei.xml;FLG1_5190300260_6;minne;;REVIEW;confidence;nein;;;;;;;lemma_4130;NAM;medium;Angeredete Handelnde: minne, du hast alles das wunder getan.;, din scheiden und din komen das ist gliche willekomen der wol geordeneten sele . **minne** , du hast alles das wunder getan , das got hat mit úns begangen in
FLG1.tei.xml;FLG1_5190300270_12;minne;;REVIEW;confidence;nein;;;;;;;lemma_4130;NAM;medium;"Vokativ der Litanei: minne, din vil edelú luterkeit; Anrede setzt sich fort.";alles das wunder getan , das got hat mit úns begangen in herzeklicher liebi . **minne** , din vil edelú luterkeit , dú als ein schoene spiegel stat vor gotte an
FLG1.tei.xml;FLG1_5190300310_2;minne;;REVIEW;confidence;nein;;;;;;;lemma_4130;NAM;medium;Vokativ: minne, din helig barmherzekeit tuot den túfelen manig leit.;. die sere minnen unde megde sint , das sint die jungvrowan von seraphin . **minne** , din helig barmherzekeit dú tuot den túfelen manig leit . minne , din vil
FLG1.tei.xml;FLG1_5190300320_0;minne;;REVIEW;confidence;nein;;;;;;;lemma_4130;NAM;medium;"Vokativ: minne, din vil suesse vride bringet senfte gemuete; Litanei-Anrede.";von seraphin . minne , din helig barmherzekeit dú tuot den túfelen manig leit . **minne** , din vil suesse vride bringet senfte gemuete und reine sitten . minne , din
FLG1.tei.xml;FLG1_5190300320_13;minne;;REVIEW;confidence;nein;;;;;;;lemma_4130;NAM;medium;"Vokativ: minne, din heligú genuegunge machet vri gemuete; Litanei-Anrede.";leit . minne , din vil suesse vride bringet senfte gemuete und reine sitten . **minne** , din heligú genuegunge machet vri gemuete in willeclichem aremuete . minne , din warn
FLG1.tei.xml;FLG1_5190300330_9;minne;;REVIEW;confidence;nein;;;;;;;lemma_4130;NAM;medium;"Vokativ: minne, din warn durnehtekeit dú claget nit gerne; Abschluss der Litanei.";reine sitten . minne , din heligú genuegunge machet vri gemuete in willeclichem aremuete . **minne** , din warn durnehtekeit dú claget nit gerne missekemi noch arbeit .
FLG1.tei.xml;FLG1_5190310030_2;minne;;REVIEW;confidence;nein;;;;;;;lemma_4130;NAM;medium;"Anrufung: o minne, wie breit wirt din lieht; direkt angeredete Figur.";< o **minne** , wie breit wirt din lieht in der sele und wie vúrig ist din schin
FLG1.tei.xml;FLG1_6200000350_12;minne;;REVIEW;confidence;nein;;;;;;;lemma_4130;NOM;medium;"Artikel: die minne vlússet; Wesensbeschreibung der Liebe, leichte Personifikation bleibt offen.";getat mag bringen xx . dis buoch ist komen von drier hande gabe . die **minne** vlússet , si ist rich und girig , si wirt siech . wer das himmelrich
FLG1.tei.xml;FLG1_6228190070_12;minne;;REVIEW;confidence;nein;;;;;;;lemma_4130;NAM;medium;"Handelnde Figur: die gewaltige minne hat mich gezogen, si hat mich gedruket; Personifikation.";was , das ich der dingen kein ende konde vinden , da mich die gewaltige **minne** mit irs fúres flammen hin gezogen hatte . nu hat si mich gedruket in einen
FLG1.tei.xml;FLG1_6229200011_12;minne;;REVIEW;confidence;nein;;;;;;;lemma_4130;NOM;medium;"Überschrift: die minne vlússet, si ist rich; Wesensbeschreibung, Personifikation bleibt offen.";"xx . dis buoch ist komen von drier hande gabe ; die **minne** vlússet , si ist rich und girig , si wirt siech ; wer das himmelriche"
FLG1.tei.xml;FLG1_7253000580_4;minne;;REVIEW;confidence;nein;;;;;;;lemma_4130;NAM;medium;"Visionstitel: die minne wart gesehen mit iren jungfrovwen; Figur mit Gefolge.";. von einer súnde , die boese ist úber alle súnde xlviii . wie die **minne** wart gesehen mit iren jungfrovwen xlix . von einem leiebruoder l . von der pinlichin
FLG1.tei.xml;FLG1_7261030570_18;minne;;REVIEW;confidence;nein;;;;;;;lemma_4130;NOM;medium;Subjekt mit Artikel (die minne wonen bi), Tugendreihe wie diemuetekeit: abstraktes Substantiv.;"da bi und allen súnden gram . das rate ich mir , da muos die **minne** wonen bi ; dunkelguot soellen wir niemer sin , da wonet dú diemuetekeit gerne bi"
FLG1.tei.xml;FLG1_7277270380_13;minne;;REVIEW;confidence;nein;;;;;;;lemma_4130;NOM;medium;Subjekt mit Artikel und Genitivattribut (die gottes minne leret dich): handelndes Abstraktum, nominal.;der minne durchvlossen . nu hoere noch die stimme , das leret dich die gottes **minne** , wie der smiden hammere klopfeten und slugen dur sine hende und voesse an dem
FLG1.tei.xml;FLG1_7281340030_7;minne;;REVIEW;confidence;nein;;;;;;;lemma_4130;NAM;medium;Explizit als eine der drie juncfrovwen personifiziert, die die Seele vor Gott bringen.;"man wol senfter spise . die ufstigende gerunge und die sinkende diemuetekeit und die vliessende **minne** , dise drie juncfrovwen bringent die sele uf ze himmele vúr got ; und so"
FLG1.tei.xml;FLG1_7284360100_5;minne;;REVIEW;confidence;nein;;;;;;;lemma_4130;NAM;medium;Klosterallegorie: die eptischin ist die ware minne, sie handelt und bewaret die samenunge.;ein geistlich closter , das was mit tugenden gebuwen . die eptischin ist die ware **minne** , die hat vil heliger sinne , da si mit vlisse die samenunge mit bewaret
FLG1.tei.xml;FLG1_7284360130_12;minne;;REVIEW;confidence;nein;;;;;;;lemma_4130;NAM;medium;Klosterallegorie: die diemuetekeit ist der minne als Figur undertan, mit eigener capellaninne.;"sele vri . der minnen capellaninne ist die goetliche diemuetekeit , die ist iemer der **minne** undertan ; so muos dú hofart bi siten gan . die priorinne die ist der"
FLG1.tei.xml;FLG1_7284360280_8;minne;;REVIEW;confidence;nein;;;;;;;lemma_4130;NOM;medium;Praeposition, Artikel, Adjektiv (in der himelschen minne): nominal, trotz Allegorie-Umfeld.;. der mit ir also singet , dem sol mit ir gelingen in der himelschen **minne** . die schuolmeisterin das ist die wisheit , die mit guotem willen die tumben vlisseklich
FLG1.tei.xml;FLG1_7293480011_4;minne;;REVIEW;confidence;nein;;;;;;;lemma_4130;NAM;medium;Visionsueberschrift: die minne wart gesehen mit iren jungfrovwen, geschaute Figur.;xlviii . wie die **minne** wart gesehen mit iren jungfrovwen
FLG1.tei.xml;FLG1_7294480180_0;minne;;REVIEW;confidence;nein;;;;;;;lemma_4130;NAM;medium;Offenbart sich als Gestalt glich einer edelen keyserinne mit Leib: Personifikation.;. dis hus sach ich vinster enbinnen . do offenbarte sich mir die geware gottes **minne** , die was glich einer edelen keyserinne . si was adellich gebildet an irme libe
FLG1.tei.xml;FLG1_7294480330_8;minne;;REVIEW;confidence;nein;;;;;;;lemma_4130;NOM;medium;Praepositionalphrase (dur die waren gottes minne geloeset): abstrakt-nominal im Visionskontext.;"; also sere lustet mich eins lutern herzen , das sich dur die waren gottes **minne** hat geloeset von allen irdenschen dingen . > das meinet si : wie vil man"
FLG1.tei.xml;FLG1_7296480690_3;minne;;REVIEW;confidence;nein;;;;;;;lemma_4130;NAM;medium;Die minne hat wunden geslagen: handelnde Minne-Figur im Visionskapitel.;bitte úch , das ir zesamen bindent alle min herzen wunden , die mir die **minne** hat geslagen , das ich ie behalte den gottes segen , was mir ungemaches werde
FLG1.tei.xml;FLG1_7296480840_8;minne;;REVIEW;confidence;nein;;;;;;;lemma_4130;NAM;medium;Jungfrauenallegorie: die wisheit steht bi der minne als Figur unter Figuren.;"mag in niemer alles nútze wesen . die wisheit ist ze allen ziten bi der **minne** und ist aller jungfrovwen meisterinne ; si behaltet , swas die minne git ; si"
FLG1.tei.xml;FLG1_7296480850_5;minne;;REVIEW;confidence;nein;;;;;;;lemma_4130;NAM;medium;Die minne git in der Jungfrauenallegorie: handelnde Figur.;"ziten bi der minne und ist aller jungfrovwen meisterinne ; si behaltet , swas die **minne** git ; si machet dem menschen nútze , was er leret oder liset . die"
FLG1.tei.xml;FLG1_7296480920_6;minne;;REVIEW;confidence;nein;;;;;;;lemma_4130;NAM;medium;Direkt angerufen als liebú gottes minne, vrovwe keyserinne: Personifikation.;moegent alle mine jungvrowen irs ambahtes wol enpflegen . ich danke dir , liebú gottes **minne** , vrovwe keyserinne , das hastu alles ze helfe mir gegeben in mime ellendigen himmelwege
FLG1.tei.xml;FLG1_7302550320_2;minne;;REVIEW;confidence;nein;;;;;;;lemma_4130;NOM;medium;Subjekt mit Artikel (was die minne inwendig verzert hat): handelndes Abstraktum, nominal.;widergelt der arbeit , das ist úns leider vil dike swere , wan das die **minne** hat inwendig verzert , des muos leider der mensche underwilen uswendig enbern . wie swere
FLG1.tei.xml;FLG1_7302550370_3;minne;;REVIEW;confidence;nein;;;;;;;lemma_4130;NOM;medium;Gnomisches Subjekt mit Artikel (die minne machet liden suesse): abstraktes Substantiv.;"mich selber versmahen und gotte clagen , das ich also deine tugende han . die **minne** machet liden suesse me denne man gesprechen moege ; und wellen wir got werden glich"
FLG1.tei.xml;FLG1_7305610120_2;minne;;REVIEW;confidence;nein;;;;;;;lemma_4130;NAM;medium;Apostrophe mit du (eya begerendú minne, du rueffest): angerufene Figur.;. wellen wir hie nit abelassen , so werden wir gottes inne . eya begerendú **minne** , du rueffest manige suesse stimme in das ore dines lieben herren . din rúwe
FLG1.tei.xml;FLG1_7305610150_2;minne;;REVIEW;confidence;nein;;;;;;;lemma_4130;NAM;medium;Apostrophe mit du (eya sinkendú minne, du lidest): angerufene Figur.;"swige nit , er wil sich noch mit vroeden zuo dir keren . eya sinkendú **minne** , du lidest mange suesse not ; din ellende das ist gros . wie soltu"
FLG1.tei.xml;FLG1_7306560190_2;minne;;REVIEW;confidence;nein;;;;;;;lemma_4130;NAM;medium;Apostrophe mit du (eya vriú minne, du spenest min herze): angerufene Figur.;eya vriú **minne** , du spenest so sere min herze und min sinne , das ich balde wil
FLG1.tei.xml;FLG1_7306560220_2;minne;;REVIEW;confidence;nein;;;;;;;lemma_4130;NAM;medium;Apostrophe mit du (eya creftigú minne, du bist): angerufene Figur.;"nach wúnsche nit gewinnen ; so muos ich doch nach jamer minnen . eya creftigú **minne** , du bist in grosser huote ; du meinest allir ding mit guote ; du"
FLG1.tei.xml;FLG1_7306560250_2;minne;;REVIEW;confidence;nein;;;;;;;lemma_4130;NAM;medium;Apostrophe mit du (eya wisú minne, du hast): angerufene Figur.;und din gelovbe ist gros . du solt uberwinden alle din not . eya wisú **minne** , du hast helige ordenunge , wie du got lobest und bekennest dar inne und
FLG1.tei.xml;FLG1_7308620840_0;minne;;REVIEW;confidence;nein;;;;;;;lemma_4130;NAM;medium;Allegorie: dise minne wonet, ruowet und temperte die jungfrovwen, handelnde Figur.;und si temperte alle dise jungfrovwen ze dienste irre vrowen , der kúnegin . dise **minne** wonet in dem cristam gelovben , si ruowet in dem palaste ir vrowen , der
FLO.tei.xml;FLO_701_0;minne;701;REVIEW;confidence;nein;;;;;;;lemma_4130;NAM;medium;Minne handelt: sie hat unter den Brüsten 'ir stat besezzen', Personifikation.;alsô hât undr ir brusten / **minne** ir stat besezzen , / daz sie niht mohten vergezzen
FLO.tei.xml;FLO_729_1;minne;729;REVIEW;confidence;nein;;;;;;;lemma_4130;NAM;medium;'diu minne' gibt hôch gemüete und 'gebiutet daz man trûre': handelnd-gebietend.;wie rehte hôch gemüete gît / diu **minne** etewenne , / doch sî aber denne
FLO.tei.xml;FLO_978_1;minne;978;REVIEW;confidence;nein;;;;;;;lemma_4130;NAM;medium;'diu minne weiz die liste gar, sî kan nieman betriegen': wissend-handelnde Figur.;daz erkennent unde nement es war . / diu **minne** weiz die liste gar : / sî kan nieman betriegen .
FLO.tei.xml;FLO_1204_1;minne;1204;REVIEW;confidence;nein;;;;;;;lemma_4130;NAM;medium;Direkte Anrufung: 'ach minne wer dû bist, wie valsch und unstaete!';âne schulde verrâten ist . / ach **minne** wer dû bist , / wie valsch und unstaete !
FLO.tei.xml;FLO_2567_5;minne;2567;REVIEW;confidence;nein;;;;;;;lemma_4130;NAM;medium;"Trotz 'von der' folgt: sî 'twanc' der Kinder Sinne; Minne als zwingende Figur.";ê er sî tôt od lebende funde . / nû hoerent wunder von der **minne** , / daz sî der zweier kinde sinne
FLO.tei.xml;FLO_3740_1;minne;3740;REVIEW;confidence;nein;;;;;;;lemma_4130;NAM;medium;'minne und wîsheit gesazten sich ... wider strît': allegorisch handelnde Figuren.;"unde harte ungereit ; / wande **minne** und wîsheit / gesazten sich durch alten nît"
FLO.tei.xml;FLO_3776_4;minne;3776;REVIEW;confidence;nein;;;;;;;lemma_4130;NAM;medium;'dâ wider sprach diu minne': Minne spricht mit direkter Rede, Personifikation.;dîner tumben beginne . > / dâ wider sprach diu **minne** / < flôre , helt , verzage niht .
FLO.tei.xml;FLO_3866_2;minne;3866;REVIEW;confidence;nein;;;;;;;lemma_4130;NAM;medium;'daz riet minne flîzeclîche unde starkt in': ratend-handelnde Figur.;lieze verzegenlîche . / daz riet **minne** flîzeclîche / unde starkt in dar an ,
FLO.tei.xml;FLO_4510_1;minne;4510;REVIEW;confidence;nein;;;;;;;lemma_4130;NOM;medium;'diu minne kumet ir ze sêre': Artikel, abstrakte Kraft ohne klare Figurenrolle.;ein jâr und niht mêre . / diu **minne** kumet ir ze sêre . / von morne über drî wochen
FLO.tei.xml;FLO_7902_2;minne;7902;REVIEW;confidence;nein;;;;;;;lemma_4130;NOM;medium;"'diu valsche minne' als Gattungsbegriff mit Adjektiv; schwache Agensrolle ('lât').";alle unser missetât . / diu valsche **minne** niemen lât / komen dar sie kâmen .
FR1.tei.xml;FR1_1006130_1;minne;13;REVIEW;confidence;nein;;;;;;;lemma_4130;NOM;medium;Epitheton in Anredereihe (du minne, du senftekeit): Abstraktum als Praedikation, nicht Frau Minne als Figur.;den kirchen , ach du bernder grunt , / du **minne** , wisheit was dir kunt , / du senftekeit , du künste funt ,
FR1.tei.xml;FR1_3026030_4;minne;3;REVIEW;confidence;nein;;;;;;;lemma_4130;NAM;medium;vroun minne gut: Kombination mit vrouwe zeigt die Personifikation.;wer wirfet in des mannes herze minne glut ? / wer zeret brustlich vroun **minne** gut ? / wer willet man uf mancher hande manlich tat ?
FR1.tei.xml;FR1_4001010_3;minne;1;REVIEW;confidence;nein;;;;;;;lemma_4130;NOM;medium;"Genitiv der minne zu craft; der Rahmen des Streitgedichts laesst Personifikation offen.";durch die man alle vrouwen eret ! / ich han der **minne** und ouch der werlte craft gewegen , / nu dünket mich , daz ich enmag
FR1.tei.xml;FR1_4001080_5;minne;8;REVIEW;confidence;nein;;;;;;;lemma_4130;NOM;medium;Genitiv nach Praeposition (nach minne rat): Substantiv, agentive Lesart bleibt offen.;erliuchtet . ( ) alle ding begern / geminnert und gemeret sin nach **minne** rat , / wurm , vogel , visch ( ) , tier ,
FR1.tei.xml;FR1_4001110_1;minne;11;REVIEW;confidence;nein;;;;;;;lemma_4130;NAM;medium;Handelndes Subjekt (allez wirken kan), Werlt soll ir untertan sein: Personifikation.;wurz unde crut , stein unde holz , die han ir gir . / sus **minne** ez allez wirken kan : / sich , werlt , des wis ir untertan .
FR1.tei.xml;FR1_4002120_3;minne;12;REVIEW;confidence;nein;;;;;;;lemma_4130;NAM;medium;Direkte Anrede mit Imperativ (nu laze, minne): Frau Minne als Figur.;du zierest , als ( ) din art gebot , / nu laze , **minne** , mich ane not . / wes dankest du der werlt , laz mich die wirde haben .
FR1.tei.xml;FR1_4004090_2;minne;9;REVIEW;confidence;nein;;;;;;;lemma_4130;NAM;medium;Direkte Anrede du, minne, bist ein wirkerinne: Personifikation.;und nimt für gut noch hiute , daz er wirt min schaz . / du , **minne** , bist / ein wirkerinne uf miner stift , ob du hast list :
FR1.tei.xml;FR1_4006100_2;minne;10;REVIEW;confidence;nein;;;;;;;lemma_4130;NAM;medium;Direkte Anrede du, minne, bist nach ir genant: Personifikation.;nicht wan der nam : / du , **minne** , bist nach ir genant , swa du hast scham , / du macht dich dort hin nicht gewegen :
FR1.tei.xml;FR1_4008010_1;minne;1;REVIEW;confidence;nein;;;;;;;lemma_4130;NAM;medium;Anrede zwar minne, du und al din amt: Personifikation.;daz sust , daz so : nicht sich min wert . / zwar **minne** , du und al din amt , die dienen mir : / ich bin , die walte hie und dort .
FR1.tei.xml;FR1_4008120_2;minne;12;REVIEW;confidence;nein;;;;;;;lemma_4130;NAM;medium;Anrede noch, minne mit Imperativ laz: Personifikation.;nicht wan in mir ! des sint sie min . / noch , **minne** , laz mich ob dir sin . / got dienet allez daz , daz er gewirdet hat .
FR1.tei.xml;FR1_4009100_1;minne;10;REVIEW;confidence;nein;;;;;;;lemma_4130;NAM;medium;Selbstnennung der Sprecherin (ich minne bin ein ursprinc): Personifikation.;werlt , sich dar an : / ich **minne** bin ein ursprinc , mir ist untertan / al din geschefte , lebende und tot .
FR1.tei.xml;FR1_4011010_1;minne;1;REVIEW;confidence;nein;;;;;;;lemma_4130;NAM;medium;Apposition zur Sprecherin (ich Minne), parallel zur Selbstnennung in 4009100: Personifikation.;"mir werlt ; vierfaltig ist min grunt . / ich **minne** minne maze , maze minnet mich , / ( ) bescheidenheit ( ) ist unser frucht ."
FR1.tei.xml;FR1_4011010_2;minne;1;REVIEW;confidence;nein;;;;;;;lemma_4133;VRB;medium;Verbform 1. Sg. (ich Minne minne maze), Chiasmus mit maze minnet mich.;"mir werlt ; vierfaltig ist min grunt . / ich minne **minne** maze , maze minnet mich , / ( ) bescheidenheit ( ) ist unser frucht ."
FR1.tei.xml;FR1_4012010_2;minne;1;REVIEW;confidence;nein;;;;;;;lemma_4130;NAM;medium;Anrede ei, minne mit du: Personifikation.;solch werben tirmec craft versneit . / ei , **minne** , waz du loser vünde bringest vür ! / daz han ich oft an dir ervarn ,
FR1.tei.xml;FR1_4014060_2;minne;6;REVIEW;confidence;nein;;;;;;;lemma_4130;NAM;medium;Anrede du, minne mit Imperativ sich: Personifikation.;waz sol ein as gepriset ho , daz tot ist , sider ! / du , **minne** , sich an dinen rouch : / in diner freude ein dorn unwert ,
FR1.tei.xml;FR1_4015010_1;minne;1;REVIEW;confidence;nein;;;;;;;lemma_4130;NAM;medium;Selbstnennung der Sprecherin (ich minne sol): Personifikation.;und maniger von derselben schar . / ich **minne** sol nicht böser dinge kunde han , / niur wirdiglicher wirdikeit
FR1.tei.xml;FR1_4020010_5;minne;1;REVIEW;confidence;nein;;;;;;;lemma_4130;NAM;medium;Anrede ei, minne, du hast: Personifikation.;ere und pris , die sint in holt . / ei , ( ) **minne** , du hast einen wunderlichen mut . / din werken sunder minen rat
FR1.tei.xml;FR1_4020060_2;minne;6;REVIEW;confidence;nein;;;;;;;lemma_4130;NAM;medium;Anrede sich, minne mit din werken: Personifikation.;swer über houbet vehet , daz enist nicht gut . / sich , **minne** , so din werken stat : / man sicht dich in mich blintlichen toben ,
FR1.tei.xml;FR1_4020120_2;minne;12;REVIEW;confidence;nein;;;;;;;lemma_4130;NAM;medium;Anrede noch, minne, swig (Imperativ): Personifikation.;und ouch die sele , wizze daz . / noch , **minne** , swig , du macht nicht baz . / swach und unfrut mag man mich , werlt , nicht snöuwen an ,
FR1.tei.xml;FR1_5018100_0;minne;10;REVIEW;confidence;nein;;;;;;;lemma_4130;NOM;medium;Subjekt im gnomischen Satz (minne sich vinden lat): Abstraktum, leichte agentive Lesart.;dro schieches get zu kreize . / **minne** in helfe sweize / durch lieben vriunt sich vinden lat , holt tut holt geheize . >
FR1.tei.xml;FR1_5093010_4;minne;1;REVIEW;confidence;nein;;;;;;;lemma_4130;NOM;medium;Genitiv der waren minne zu swester: Substantiv, allegorische Verwandtschaft bleibt offen.;sie sitzet zwischen gut und arc unter eim spehen dache . / triuwe ist der waren **minne** swester , wizzet daz . / ich sage iu baz :
FR1.tei.xml;FR1_5100020_1;minne;2;REVIEW;confidence;nein;;;;;;;lemma_4130;NAM;medium;vrou minne claget: Kombination mit vrouwe, handelnde Figur.;ir hohen vrouwen , reinen wib , iu si gesaget : / vrou **minne** claget / über iuch mit holdem mute :
FR1.tei.xml;FR1_5100100_2;minne;10;REVIEW;confidence;nein;;;;;;;lemma_4130;NAM;medium;Handelndes Subjekt (mir hat minne entstricket) im vrou-minne-Kontext: Personifikation.;sich von der lere erquicket . / mir hat **minne** entstricket , / daz vrouwen zucht ir erbe si , scham ir lieblich blicket ,
FR1.tei.xml;FR1_5100130_1;minne;13;REVIEW;confidence;nein;;;;;;;lemma_4130;NAM;medium;Subjekt, malt ir vriunde bla: handelnde Figur.;trost , heil , hort , aller tugende ursprinc lit bi dir , wibes künne . / sus **minne** ir vriunde malet ja / durch roten gruz unmechtic bla ,
FR1.tei.xml;FR1_5100190_1;minne;19;REVIEW;confidence;nein;;;;;;;lemma_4130;NAM;medium;Agens (kuer minne an sich manlichen mut, ir entruenne): Personifikation.;zwei lieb den tusent volgen na . / kür **minne** an sich manlichen mut , ich wene , ir icht entrünne . / zwar wib , sit du der hosten wünne ein garte bist ,
FR1.tei.xml;FR1_5101030_1;minne;3;REVIEW;confidence;nein;;;;;;;lemma_4130;NOM;medium;Artikel die, Kraft im Gartenbild (uz blicken touwet): eher Abstraktum.;dar in mit list / die **minne** uz blicken touwet , / ( ) schouwet
FR1.tei.xml;FR1_5101100_3;minne;10;REVIEW;confidence;nein;;;;;;;lemma_4130;NAM;medium;Direkte Anrede du minne starke: Personifikation.;uz herze in herzen arke ? / ja , du **minne** starke , - / du blümest wol der vrouwen site uz dem richen sarke ,
FR1.tei.xml;FR1_5101140_2;minne;14;REVIEW;confidence;nein;;;;;;;lemma_4130;NAM;medium;Anrede im Dativ (dir, minne): Personifikation.;ich muz ein lieblich strafen zern / dir , **minne** , und doch kein wandel nern : / du soldest wern ,
FR1.tei.xml;FR1_5101190_2;minne;19;REVIEW;confidence;nein;;;;;;;lemma_4130;NAM;medium;Anrede mit Sprechbefehl (ja, minne, sprich): Personifikation.;ir vinden doch nicht arges swern . / ja , **minne** , sprich : < da lit ein we , daz git ein rich gemüte . > / maget , wib und vrouwe , da lit aller selden goum .
FR1.tei.xml;FR1_6009100_1;minne;10;REVIEW;confidence;nein;;;;;;;lemma_4130;NAM;medium;vrou minne riet: Kombination mit vrouwe, handelnde Figur.;die minne , du must dich der sprenze erwern , / vrou **minne** riet . / wib , vliuch den glanzen sprenzel ,
FR1.tei.xml;FR1_7014130_3;minne;13;REVIEW;confidence;nein;;;;;;;lemma_4130;NAM;medium;Handelnde Fuehrerin (leiten, meizoginne, sie machet dich): Personifikation.;wis gernder diet in triuwen holt da bi . / la dich die **minne** leiten ! / wirt dir die meizoginne ganz ,
FR1.tei.xml;FR1_7040050_4;minne;5;REVIEW;confidence;nein;;;;;;;lemma_4130;NAM;medium;Direkte Anrede eia, vil liebe minne: Personifikation.;ja , hiure ( ) bin ich bi der vart , / eia , vil liebe **minne** , alsa , / daz ich hinfür der minnen fiur verwar .
FR1.tei.xml;FR1_8015180_3;minne;18;REVIEW;confidence;nein;;;;;;;lemma_4130;NAM;medium;Klage uf minne vor amor als voget: allegorische Gerichtsszene, Figur.;lieb wil sich entzwicken / und klaget uf **minne** . amor , der voget , / komt ingezoget .
FR2.tei.xml;FR2_102020_8;minne;2;REVIEW;confidence;nein;;;;;;;lemma_4130;NAM;medium;Direkte Anrede als klagend angerufene Instanz: minne, ich clage.;nu merket wunder , daz ein wip / ( ) mich mit mir selben überwindet . **minne** , ich clage : / min ir gedenken
FR2.tei.xml;FR2_208010_0;minne;1;REVIEW;confidence;nein;;;;;;;lemma_4130;NAM;medium;Angerufene Figur mit du-Frage: minne, kanst du freude borgen?;daz wort machet min jugent gra . / **minne** , kanst du freude borgen ? / des gihe ich dir niemer tac .
FR2.tei.xml;FR2_209010_0;minne;1;REVIEW;confidence;nein;;;;;;;lemma_4130;NAM;medium;"Anrede mit wiltu; Minne handelt (jamer uf mich erben).";solchen wucher treit din korn . / **minne** , wiltu solchen jamer / uf mich erben mine zit ?
FR2.tei.xml;FR2_210020_3;minne;2;REVIEW;confidence;nein;;;;;;;lemma_4130;NAM;medium;Parisurteil: der Apfel wird der Minne (als Figur/Venus) gegeben.;ach , solt ich den apfel teilen , / den paris der **minne** gab , / zwar , du müstest jamer seilen ,
FR2.tei.xml;FR2_314010_0;minne;1;REVIEW;confidence;nein;;;;;;;lemma_4130;NAM;medium;Anrede mit Schuldzuweisung: minne, daz sint dine schulde.;ach , müste ich den garten schouwen aber als e . / **minne** , daz sint dine schulde , / sol ich durch ein angesichte
FR2.tei.xml;FR2_314050_0;minne;5;REVIEW;confidence;nein;;;;;;;lemma_4130;NAM;medium;"Anrede; Minne als richtende Instanz: hast du recht gerichte.";zwar daz were ( ) ein ungedulde . / **minne** , hast du recht gerichte , / so la durch dine güte vuge werden schin ,
FR2.tei.xml;FR2_315050_2;minne;5;REVIEW;confidence;nein;;;;;;;lemma_4130;NAM;medium;Minne als handelndes Subjekt (verwizen, hegen), Personifikation.;"stetez werben ane unküste , / dem mag **minne** nicht verwizen ; / ungerechte liebe solde sie selten hegen ."
FR2.tei.xml;FR2_522090_1;minne;9;REVIEW;confidence;nein;;;;;;;lemma_4130;NAM;medium;Anruf ouwe minne mit folgender du-Frage (macht du richten).;mine sinne . / ouwe **minne** , / macht du richten gein ir , die so vestiglichen pinet ?
FR2.tei.xml;FR2_523110_2;minne;11;REVIEW;confidence;nein;;;;;;;lemma_4130;NAM;medium;Anrede mit Aufforderung: minne, du solt selbe richten.;sie sint , die mir tun und flizen sich uf min gevere . / ei , **minne** , du solt selbe richten . / süze minne ,
FR2.tei.xml;FR2_523120_1;minne;12;REVIEW;confidence;nein;;;;;;;lemma_4130;NAM;medium;Fortgesetzte Anrede (süze minne) mit Imperativen enlaz, hilf.;ei , minne , du solt selbe richten . / süze **minne** , / nicht enlaz mich so vernichten ,
FR2.tei.xml;FR2_524070_7;minne;7;REVIEW;confidence;nein;;;;;;;lemma_4130;NAM;medium;Eingeschobene Anrede: so tust du, minne, wol.;daz ich vor ir die sinne / hie habe , so tust du , **minne** , wol . / zwar ein sterben
FR2.tei.xml;FR2_524130_2;minne;13;REVIEW;confidence;nein;;;;;;;lemma_4130;NAM;medium;Imperativ-Anrede: wizze, minne, wie du mich swachest.;für ( ) die schönen . > / wizze , **minne** , wie du mich swachest , / daz du richen dienest ringer machest !
FR2.tei.xml;FR2_628060_2;minne;6;REVIEW;confidence;nein;;;;;;;lemma_4130;NAM;medium;Hilferuf an die Minne: hilf, minne, rich ...;lip , wa was ich do ? / hilf , **minne** , rich / die wunderliche wechselschicht ,
FR2.tei.xml;FR2_629100_0;minne;10;REVIEW;confidence;nein;;;;;;;lemma_4130;NAM;medium;"Anrede mit bistu und Imperativ erteile; Minne als Instanz.";heilflut der senften güte . / **minne** , bistu gut , / erteile ir herzen
FR2.tei.xml;FR2_629160_2;minne;16;REVIEW;confidence;nein;;;;;;;lemma_4130;NAM;medium;Anruf owe, minne in direkter Rede an die Figur.;sie tu mir halt , swie sie mir tu : / owe , **minne** , ich wil durch min leit / ir nimmer sweren wunsches leben ( )
FR2.tei.xml;FR2_731040_2;minne;4;REVIEW;confidence;nein;;;;;;;lemma_4130;NAM;medium;Doppelter Hilferuf: hilf, minne, hilf mir uz ...;du vindest da niur trüben mut . / hilf , **minne** , hilf mir uz der lieben ummevach , / sie bringet mir ir kummer tragenden smerzen .
FR2.tei.xml;FR2_732010_11;minne;1;REVIEW;confidence;nein;;;;;;;lemma_4130;NAM;medium;Anrede mit Epitheton: du wilt mich toeten, minne zart.;ez si gewin , ez si verlust . > / la stan , la stan ! du wilt mich töten , **minne** zart , / tust du mir nicht din tröstlich helfe zu stiure
FR2.tei.xml;FR2_733010_9;minne;1;REVIEW;confidence;nein;;;;;;;lemma_4130;NAM;medium;Eingeschobene Anrede: wie du mir helfest, minne, wol.;< sie hat gesiget , swie ez dir erge . > / ich han gedacht , wie du mir helfest , **minne** , wol : / hat sie besezzen gar mins herzen erbe ,
FR2.tei.xml;FR2_735010_11;minne;1;REVIEW;confidence;nein;;;;;;;lemma_4130;NAM;medium;Anrede in Ausruf: wie sol ich gebaren, minne, owi?;ez si der tot , ez si genesen . / nu dar ! nu wie sol ich ( ) gebaren , **minne** , owi ? / < toben soltu mit dir selber tougenlichen ,
FR2.tei.xml;FR2_735080_3;minne;8;REVIEW;confidence;nein;;;;;;;lemma_4130;NAM;medium;Anrede mit Epitheton und Bitte: nein, zarte minne, daz ... nicht erge.;< ja zwar , sie muz enpfinden we . > / nein , zarte **minne** , daz an ir daz nicht erge ! / la mich den kummer eine tragen ,
FR3.tei.xml;FR3_107204010040_4;minne;4;REVIEW;confidence;nein;;;;;;;lemma_4130;NOM;medium;"Subjekt 'die ware minne' mit Artikel und Adjektiv; allegorische Zweitlesart bleibt offen.";der was alsus gezieret : / da hete die ware **minne** ein blas / entzündet , daz gab solchen schin ,
FR3.tei.xml;FR3_308215030460_2;minne;46;REVIEW;confidence;nein;;;;;;;lemma_4130;NOM;medium;"Gnomisches Subjekt 'stete minne vert' mit Adjektiv; leichte Personifikationslesart bleibt.";wo minnen mit der stetikeit begigt . / wo stete **minne** gerne vert , / die wurckent nit , wann daz ein reine hercze gert .
FR3.tei.xml;FR3_308215030570_5;minne;57;REVIEW;confidence;nein;;;;;;;lemma_4130;NOM;medium;"Nach Praeposition 'mit der minne ringet'; allegorischer Kontext, Syntax nominal.";verzert er mut und sin . / wann aber liebe mit der **minne** ringet / und sich ein sloss zuschen den zweien dringet ,
FR3.tei.xml;FR3_308215040690_1;minne;69;REVIEW;confidence;nein;;;;;;;lemma_4130;NOM;medium;"Gnomisches 'die minne tut' im Minne-Preis; Personifikationslesart bleibt offen.";die minn ist mangem spiegel aller selden stam , / die **minne** tut , / waz lust volbringen wil .
FR3.tei.xml;FR3_308215040710_1;minne;71;REVIEW;confidence;nein;;;;;;;lemma_4130;NOM;medium;"Gnomisches Subjekt 'die minne mit der milte fert'; Zweitlesart Personifikation offen.";waz lust volbringen wil . / die **minne** mit der milte fert , / die minn hin zerrt ,
FR3.tei.xml;FR3_308215040730_1;minne;73;REVIEW;confidence;nein;;;;;;;lemma_4130;NOM;medium;"Gnomische Reihe 'die minne sich wert'; abstraktes Substantiv, Personifikation moeglich.";die minn hin zerrt , / die **minne** sich vor ungemüte wert , / die minn ist besser dann der tag ,
FR3.tei.xml;FR3_308215040780_1;minne;78;REVIEW;confidence;nein;;;;;;;lemma_4130;NOM;medium;"Gnomisches 'die minne sich lestet' in der Preisreihe; Zweitlesart offen.";den lust uß herczen zil . / die **minne** sich von ungemüte lestet . / sich hin , sich her , wie sich die minne vestet ,
FR3.tei.xml;FR3_308215040790_9;minne;79;REVIEW;confidence;nein;;;;;;;lemma_4130;NOM;medium;'wie sich die minne vestet': gnomisches Subjekt mit Artikel, Zweitlesart offen.;die minne sich von ungemüte lestet . / sich hin , sich her , wie sich die **minne** vestet , / in richem herczen restet :
FR3.tei.xml;FR3_111201030450_2;minne;45;REVIEW;confidence;nein;;;;;;;lemma_4130;NAM;medium;Direkte Anrede 'sprich, minne, wer erlost uns da': Minne als angerufene Figur.;das er uns seine trew auf erd wolt laisten . / sprich , **minne** , wer erlost uns da ? / sich : jhesus crist , der jung und gra ,
FR3.tei.xml;FR3_111207030350_7;minne;35;REVIEW;confidence;nein;;;;;;;lemma_4130;NAM;medium;'fraw minne' direkt angeredet und gelobt: Personifikation.;die rein , die dar , mit tugent noch vil pas . / ja lobt euch mein gedanck , fraw **minne** , / dorinn mein hertze und gemüte prinnen ,
FR3.tei.xml;FR3_111207030450_2;minne;45;REVIEW;confidence;nein;;;;;;;lemma_4130;NAM;medium;Anruf mit Imperativ 'ach, minne, nim ir wieder war': Personifikation.;der mich pracht in den mut und da bestecket ? / ach , **minne** , nim ir wieder war ! / nach lieber , reiner , süsser nar
FR3.tei.xml;FR3_111209040620_4;minne;62;REVIEW;confidence;nein;;;;;;;lemma_4130;NAM;medium;Direkte Anrede 'wie toett ir, minne': Minne als toetende, angerufene Figur.;sie tött durch minn den hector da vor troye . / wie tött ir , **minne** , werden so ! / die veint ließ ir haben ro
FR3.tei.xml;FR3_111209050730_8;minne;73;REVIEW;confidence;nein;;;;;;;lemma_4130;NAM;medium;Anruf 'owe, fraw minne', danach 'wie torst ir quelen mich': Personifikation.;sie ließ mich gar verharmen . / das was vergenglich leit , owe , fraw **minne** ! / wie torst ir quelen mich in hertzen
FR3.tei.xml;FR3_111209071040_4;minne;104;REVIEW;confidence;nein;;;;;;;lemma_4130;NAM;medium;'die minne thut, sie sich neiget, ir zwingen': handelnde, zwingende Minne im Anrede-Lied.;frei krefftiglicher zwanck erzaiget / wart : wenn die **minne** thut , wenn sie sich neiget , / ir zwingen ist gar manigfalt ,
FR3.tei.xml;FR3_111209071140_1;minne;114;REVIEW;confidence;nein;;;;;;;lemma_4130;NAM;medium;'die minne hat die schulde gar' am Fall Troja, danach 'sie zwinget': Personifikation.;"wie laute schrai der troyer schar , / die **minne** hat die schulde gar ; / an ampfrotas geschach für war"
FR3.tei.xml;FR3_111209071160_1;minne;116;REVIEW;confidence;nein;;;;;;;lemma_4130;NOM;medium;"Genitivattribut 'der minne clag'; Personifikationskontext, Syntax aber nominal.";"an ampfrotas geschach für war / der **minne** clag ; ist offenbar : / sie zwinget beide her und dar ,"
FR3.tei.xml;FR3_113203030230_3;minne;23;REVIEW;confidence;nein;;;;;;;lemma_4130;NOM;medium;"Gnomisches 'da hat die minne nicht vol ir amt'; Personifikationslesart bleibt offen.";swa sich nu lieb gein liebe schamt , / da hat die **minne** nicht vol ir amt : / scham grozer liebe unsanfte tut .
FR3.tei.xml;FR3_113203070530_1;minne;53;REVIEW;confidence;nein;;;;;;;lemma_4130;NOM;medium;"Gnomisches Subjekt 'die minne entsleusset in'; abstrakt-handelnd, Zweitlesart offen.";der ist wal aller seiden val . / die **minne** entsleusset in so gar , / als er den wunsch im selber weit .
FR3.tei.xml;FR3_113203090720_3;minne;72;REVIEW;confidence;nein;;;;;;;lemma_4130;NOM;medium;"Gnomisches 'geit die minne enttwer' mit Artikel; Zweitlesart Personifikation offen.";so wil das hercze von liebe dar , / dazwischen geit die **minne** enttwer . / solte ein verlegen geteling
FR3.tei.xml;FR3_114202030280_0;minne;28;REVIEW;confidence;nein;;;;;;;lemma_4130;NAM;medium;Direkte Anrede mit Imperativ 'minne, das las dich erparmen': Personifikation.;seint das mein heil und mein trost an dir leit . / **minne** , das las dich erparmen , / hilft in senndem leit dem armen ,
FVS.tei.xml;FVS_6411_5;minne;11;REVIEW;confidence;nein;;;;;;;lemma_4133;VRB;medium;Imperativreihe 'wis manlich, milte, minne zuht': minne als Imperativ mit Objekt zuht.;ir helfet helde erstigen ! / wis manlich , milte , **minne** zuht , / so muoz dir hochvart nigen .
GAR.tei.xml;GAR_13520_3;minne;1352;REVIEW;confidence;nein;;;;;;;lemma_4130;NAM;medium;Minne handelt als Figur: deu minne hat den Ritter dar gesant.;gezimiert ritterleiche , / den het deu **minne** dar gesant . / sein manhayt witen waz erchant .
GAR.tei.xml;GAR_75620_2;minne;7562;REVIEW;confidence;nein;;;;;;;lemma_4130;NAM;medium;Minne handelt: sie faengt den Ritter an ir strich, Personifikation.;den edeln ritter unverzaget / viench deu **minne** an ir strich . / der iunchfrawen liechter plikch
GAR.tei.xml;GAR_75670_1;minne;7567;REVIEW;confidence;nein;;;;;;;lemma_4130;NAM;medium;Minne als siegende Figur: ihr wird der Sieg zugestanden, si besaz sein hercze.;von gedanchen also we geschach . / der **minne** er dez sigez iach , / wan si sein hercze also besaz ,
GAR.tei.xml;GAR_87680_3;minne;8768;REVIEW;confidence;nein;;;;;;;lemma_4130;NOM;medium;"Artikel + Adjektiv der strengen minne nach mit; Ringkampf-Bild, Personifikation bleibt moeglich.";an slaf . ich waen , sein gedanch / mit der strengen **minne** ranch , / wan im vrawe laudamie ,
GAR.tei.xml;GAR_87820_2;minne;8782;REVIEW;confidence;nein;;;;;;;lemma_4130;NOM;medium;Artikel + Adjektiv, parallel zu deu starche lieb: abstrakte Kraft, kaum Figur.;daz si sein selten vergaz . / deu starche **minne** fuegte daz , / daz ir ietweders gedanch
GER.tei.xml;GER_3017_1;minne;3017;REVIEW;confidence;nein;;;;;;;lemma_4130;NOM;medium;diu minne leit ir bant: gnomische Agens-Metapher mit Artikel, konventionell nominal, keine Frau-Minne-Figur.;swie sî nie worden was sîn wîp . / diu **minne** leit vil dick ir bant / zwein herzen den vil unbekant
GER.tei.xml;GER_3020_1;minne;3020;REVIEW;confidence;nein;;;;;;;lemma_4130;NOM;medium;diu minne fueeget einen list: gnomische Agens-Aussage mit Artikel, konventionelle Abstraktum-Agency.;"der minne werc an minnen ist ; / diu **minne** füeget einen list / daz zwei ein ander liebes jehent"
GER.tei.xml;GER_3031_1;minne;3031;REVIEW;confidence;nein;;;;;;;lemma_4130;NOM;medium;Sprechverb jach, doch Relativsatz diu ich an miner vrowen sach verankert die beobachtete Liebe, nicht die Figur.;alsus mit liebe wirt gegeben . / diu **minne** mir der wârheit jach / diu ich an mîner vrowen sach ,
GER.tei.xml;GER_4840_2;minne;4840;REVIEW;confidence;nein;;;;;;;lemma_4130;NOM;medium;Subjekt zu wente mit Objekt ir senen: konventionelle Abstraktum-Agency ohne Figurenstatus.;der sich nâch liebe sente . / ir senen **minne** wente . / von sender minnen sender pîn
GER.tei.xml;GER_4988_5;minne;4988;REVIEW;confidence;nein;;;;;;;lemma_4130;NOM;medium;"Gnomische Formel den minne twanc: agentiv, aber generisch ohne Figurenstatus; Personifikation bleibt denkbar.";der dûht niemen dâ ze lanc , / ez waere ein man den **minne** twanc , / des herzen minne nâhen lac ,
GER.tei.xml;GER_4993_4;minne;4993;REVIEW;confidence;nein;;;;;;;lemma_4130;NAM;medium;vrou minne als sprechende Figur: ouch sagte mir vrou minne.;sîn herze ir herzen nâhen slôz . / ouch sagte mir vrou **minne** / daz mit gelîchem sinne
GER.tei.xml;GER_4999_3;minne;4999;REVIEW;confidence;nein;;;;;;;lemma_4130;NAM;medium;vrou minne als sprechende Figur: hat vrou minne mir geseit.;wâ von sî ir kûme bite , / daz hât vrou **minne** mir geseit / von ir kluogen wîpheit .
GER.tei.xml;GER_5015_5;minne;5015;REVIEW;confidence;nein;;;;;;;lemma_4130;NAM;medium;vrou minne als sprechende Gewaehrsfigur: do jach mir des vrou minne.;mit wünneclîcher sumerzît ? / dô jach mir des vrou **minne** / daz ez diu küniginne
GRG.tei.xml;GRG_54690_3;minne;5469;REVIEW;confidence;nein;;;;;;;lemma_4130;NAM;medium;"Direkte Anrufung als Figur: nu schouwe, minne; danach in dinem namen.";und ouch durch wîbe gebot . / nu schouwe , **minne** , wie daz stât , / der sînen friunt in noeten lât .
GRG.tei.xml;GRG_54730_0;minne;5473;REVIEW;confidence;nein;;;;;;;lemma_4130;NAM;medium;Direkte Anrede mit du: minne, du lonst als du taet ie.;des maht du dich immer schamen . / **minne** , du lônst als du taet ie . / nu lâze wir die rede hie . >
GVN.tei.xml;GVN_104001001_1;minne;1;REVIEW;confidence;nein;;;;;;;lemma_4130;NAM;medium;Anrede 'frouwe minne' mit Imperativ 'tuot sô wol': angerufene Personifikation.;mit sange , daz ez erben müeste an mînes kindes kint ! / frouwe **minne** , tuot sô wol , / lât mich des geniezen
GVN.tei.xml;GVN_105009001_5;minne;9;REVIEW;confidence;nein;;;;;;;lemma_4130;NAM;medium;Direkte Anrede 'daz klag ich dir, minne': Minne als angerufene Instanz.;iht wellen ruochen mîn . / daz klag ich dir , **minne** , von der süezen . / sît daz sie mir niht enwil mîn sende swære büezen ,
GVN.tei.xml;GVN_105011001_0;minne;11;REVIEW;confidence;nein;;;;;;;lemma_4130;NAM;medium;Vokativ mit Imperativ 'minne, füege enzît': angerufene Personifikation.;sît daz sie mir niht enwil mîn sende swære büezen , / **minne** , füege enzît daz ez werd ein gemeinez spil . / sumer , dîner fröidebernden wunne
GVN.tei.xml;GVN_203003000_0;minne;3;REVIEW;confidence;nein;;;;;;;lemma_4130;NAM;medium;Vokativ mit Imperativ 'so lâ dîne güete schouwen': Minne wird angerufen.;gar mîn heil und al mîn leben lît , / **minne** , so lâ dîne güete schouwen / unde scheide disen süezen strît .
GVN.tei.xml;GVN_203005000_0;minne;5;REVIEW;confidence;nein;;;;;;;lemma_4130;NAM;medium;Vokativ mit Imperativ 'mîn dich underwint': angerufene Personifikation.;unde scheide disen süezen strît . / **minne** , mîn dich underwint , / wan ich bin der sinne ein kint .
GVN.tei.xml;GVN_304009000_0;minne;9;REVIEW;confidence;nein;;;;;;;lemma_4130;NAM;medium;Vokativ mit Imperativ 'wer daz sie iht lache' (gewähre): Anrufung der Minne.;dâ hebt sich der wunnen spil . / **minne** , wer daz sie iht lache / swenne ich sie mit ougen sehe ,
GVN.tei.xml;GVN_304012000_1;minne;12;REVIEW;confidence;nein;;;;;;;lemma_4130;NAM;medium;Anrede 'süeziu minne' mit Imperativ 'daz mache': angerufene Personifikation.;wiltu daz mir sorge swache , / süeziu **minne** , an ir daz mache / daz si dir gewaltes jehe .
GVN.tei.xml;GVN_305007000_6;minne;7;REVIEW;confidence;nein;;;;;;;lemma_4130;NAM;medium;Direkte Anrede 'daz klag ich dir, süeziu minne': angerufene Instanz.;sorge wil mir niht entwîchen . / daz klag ich dir , süeziu **minne** , / daz diu minneclîche ir gruoz
GVN.tei.xml;GVN_402008000_3;minne;8;REVIEW;confidence;nein;;;;;;;lemma_4130;NOM;medium;"Artikel 'diu minne' als Subjekt; trotz Agens-Rolle nominale Konstruktion.";der wold in mîn herze lieplîch lachen . / alsô kan diu **minne** ein wunder an uns beiden machen . / minne , tuo mir swie du wellest : der gewalt ist dîn .
GVN.tei.xml;GVN_402009000_0;minne;9;REVIEW;confidence;nein;;;;;;;lemma_4130;NAM;medium;Vokativ mit Imperativ 'tuo mir swie du wellest': Minne wird angerufen.;alsô kan diu minne ein wunder an uns beiden machen . / **minne** , tuo mir swie du wellest : der gewalt ist dîn . / rôter munt , nu lache ,
GVN.tei.xml;GVN_405007000_5;minne;7;REVIEW;confidence;nein;;;;;;;lemma_4130;NAM;medium;Anrufung 'hilf mir, helferîchiu süeze minne' mit Imperativ: Personifikation.;"seht , sô wær mîn trûren kranc und wolde in fröiden sîn . / hilf mir , helferîchiu süeze **minne** ; / twinc die lieben sam si hât betwungen mîne sinne ,"
GVN.tei.xml;GVN_501008000_1;minne;8;REVIEW;confidence;nein;;;;;;;lemma_4130;NAM;medium;Anrede 'frouwe minne, daz ist allez dîn gewalt': angerufene Figur.;der ich gerne liep in herzen wære . / frouwe **minne** , daz ist allez dîn gewalt . / bar mîn herze ie bernde wunne ,
GVN.tei.xml;GVN_502006000_1;minne;6;REVIEW;confidence;nein;;;;;;;lemma_4130;NOM;medium;'owê minne wunden': eher Genitivattribut (Minnewunden), Vokativ-Lesart bleibt offen.;dar nâch wart mir leit in kurzen stunden . / owê **minne** wunden ! / wie hâst dû dich mîn sus underwunden
GVN.tei.xml;GVN_503001000_2;minne;1;REVIEW;confidence;nein;;;;;;;lemma_4130;NOM;medium;Artikel 'diu minne' als Subjekt von 'bant': nominale Konstruktion trotz Agens.;daz ich sender siecher bin noch fröiden bar ! / bant diu **minne** mich der süezen / und lât die vil lieben sunder trûren gân ,
GVN.tei.xml;GVN_503003000_0;minne;3;REVIEW;confidence;nein;;;;;;;lemma_4130;NAM;medium;Vokativ 'minne, wie wilt duz gebüezen': direkt angeredete Personifikation.;und lât die vil lieben sunder trûren gân , / **minne** , wie wilt duz gebüezen ? / minne , ich hânz dâ für , ez sî niht guot getân .
GVN.tei.xml;GVN_503004000_0;minne;4;REVIEW;confidence;nein;;;;;;;lemma_4130;NAM;medium;Vokativ in Anaphernreihe 'minne, ich hânz dâ für': angerufene Instanz.;minne , wie wilt duz gebüezen ? / **minne** , ich hânz dâ für , ez sî niht guot getân . / minne , hilf enzît : ich muoz verderben
GVN.tei.xml;GVN_503005000_0;minne;5;REVIEW;confidence;nein;;;;;;;lemma_4130;NAM;medium;Vokativ mit Imperativ 'minne, hilf enzît': angerufene Personifikation.;minne , ich hânz dâ für , ez sî niht guot getân . / **minne** , hilf enzît : ich muoz verderben / unde an fröiden sterben .
GVN.tei.xml;GVN_504007000_1;minne;7;REVIEW;confidence;nein;;;;;;;lemma_4130;NAM;medium;Anrede 'frouwe minne' mit Imperativ 'troestet mich': angerufene Figur.;unde helfe senden . > / frouwe **minne** , troestet mich vil senden , / wan ich stân von iuwern schulden fröidelôs .
GVN.tei.xml;GVN_505008000_0;minne;8;REVIEW;confidence;nein;;;;;;;lemma_4130;NAM;medium;Vokativ mit Imperativ 'minne, hilf daz...': angerufene Personifikation.;wâ ich ûzer leide in liebe kêre . / **minne** , hilf daz mich diu liebe ir liebe wer ! / hî , wie wunnenclîch diu heide
GVN.tei.xml;GVN_604005000_2;minne;5;REVIEW;confidence;nein;;;;;;;lemma_4130;NAM;medium;Anrede 'owê, minne, daz dîn wunde': Minne wird direkt angeklagt.;von ir rôsevarwen munde ! / owê , **minne** , daz dîn wunde / mich sô lange hât verwunt !
GVN.tei.xml;GVN_604009000_0;minne;9;REVIEW;confidence;nein;;;;;;;lemma_4130;NAM;medium;Vokativ 'minne, daz du sîst verteilet': direkte Verfluchung der Minne.;ich gewan gein dir nie heil . / **minne** , daz du sîst verteilet ! / habe ouch ir der minne ein teil :
GVN.tei.xml;GVN_605003000_4;minne;3;REVIEW;confidence;nein;;;;;;;lemma_4130;NOM;medium;Subjekt im Relativsatz 'man die minne ie twanc': abstraktes Nomen als Agens.;wâ sint wîp diu kunnen twingen ? / wâ sint man die **minne** ie twanc ? / wer kan stæte fröide bringen ?
GVN.tei.xml;GVN_605006000_0;minne;6;REVIEW;confidence;nein;;;;;;;lemma_4130;NOM;medium;Subjekt der gnomischen Aussage 'minne ie sorge ûz herzen dranc': Abstraktum.;wer kan sorge ûz herzen dringen ? / **minne** ie sorge ûz herzen dranc / von der wîbes ougen blicken ,
GVN.tei.xml;GVN_703004000_1;minne;4;REVIEW;confidence;nein;;;;;;;lemma_4130;NAM;medium;Anrede 'süeziu minne' mit 'dîne werden tugende': angerufene Figur.;sô bit ich die guoten daz si lâze mir gelingen . / süeziu **minne** , ob daz geschiht , dar umbe ich dîne werden tugende prîse , / minne , dû weist wol , ez ist diu liebe diech dâ meine .
GVN.tei.xml;GVN_703005000_0;minne;5;REVIEW;confidence;nein;;;;;;;lemma_4130;NAM;medium;Vokativ 'minne, dû weist wol': Minne als wissende, angeredete Instanz.;süeziu minne , ob daz geschiht , dar umbe ich dîne werden tugende prîse , / **minne** , dû weist wol , ez ist diu liebe diech dâ meine . / minne , hilf daz mir diu hêre troeste mîn gemüete .
GVN.tei.xml;GVN_703006000_0;minne;6;REVIEW;confidence;nein;;;;;;;lemma_4130;NAM;medium;Vokativ mit Imperativ 'minne, hilf daz...': angerufene Personifikation.;minne , dû weist wol , ez ist diu liebe diech dâ meine . / **minne** , hilf daz mir diu hêre troeste mîn gemüete . / obe des niht geschiht , sô wirt mir sender sorgen niemer rât .
GVN.tei.xml;GVN_704001000_2;minne;1;REVIEW;confidence;nein;;;;;;;lemma_4130;NAM;medium;Anrede 'owê, minne, sol ich niht...': Minne als angerufenes Gegenüber.;obe des niht geschiht , sô wirt mir sender sorgen niemer rât . / owê , **minne** , sol ich niht den rôten kus erwerben / und den süezen umbevanc , dar zuo ir minneclîchen lîp den lôsen !
GVN.tei.xml;GVN_704003000_1;minne;3;REVIEW;confidence;nein;;;;;;;lemma_4130;NAM;medium;Anrede 'süeziu minne, maht du...': direkt angeredete Personifikation.;und den süezen umbevanc , dar zuo ir minneclîchen lîp den lôsen ! / süeziu **minne** , maht du herzeliep an mir erzeigen ? / nû waz treit dich für , ob ich nâch der vil herzelieben lieben stirbe ?
GVN.tei.xml;GVN_704005000_0;minne;5;REVIEW;confidence;nein;;;;;;;lemma_4130;NAM;medium;Vokativ 'minne, ich muoz verderben': Klage an die angerufene Minne.;nû waz treit dich für , ob ich nâch der vil herzelieben lieben stirbe ? / **minne** , ich muoz verderben , obe ich niht die fröide vinde . / ach dur got , vil sælic wîp , noch helfet helfeclîche !
GVN.tei.xml;GVN_704007000_1;minne;7;REVIEW;confidence;nein;;;;;;;lemma_4130;NAM;medium;Anrede 'süeziu minne' mit Imperativ 'frâge sie': angerufene Figur.;ach dur got , vil sælic wîp , noch helfet helfeclîche ! / süeziu **minne** , frâge sie dur got waz ich ir habe getân . / nu stêt diu liebe heide bar
GVN.tei.xml;GVN_901009000_0;minne;9;REVIEW;confidence;nein;;;;;;;lemma_4130;NAM;medium;Vokativ 'minne, daz solt dû mir büezen': direkt angeredete Instanz.;diu mich lieplîch solde grüezen . / **minne** , daz solt dû mir büezen , / sît ich mich der lieben ie ze dienste bôt .
GVN.tei.xml;GVN_902006000_0;minne;6;REVIEW;confidence;nein;;;;;;;lemma_4130;NAM;medium;Vokativ mit Imperativ 'minne, sich, daz ist dîn haz': angeredete Figur.;daz ez nâch dem mînen weine , / **minne** , sich daz ist dîn haz , / den ich sender siecher dulde
GVN.tei.xml;GVN_902009000_0;minne;9;REVIEW;confidence;nein;;;;;;;lemma_4130;NAM;medium;Vokativ mit Imperativ 'minne, hilf mir umbe ir hulde': Anrufung.;gar ân alle mîne schulde . / **minne** , hilf mir umbe ir hulde , / daz si mich nâch wîbes güete troeste baz .
GVN.tei.xml;GVN_1002007000_0;minne;7;REVIEW;confidence;nein;;;;;;;lemma_4130;NOM;medium;Subjekt der gnomischen Aussage 'minne kan sich liep... lieben': Abstraktum.;unde in liep in liebe liebe lêret . / **minne** kan sich liep dur liebe lieben . / daz tuot sie niht wan eht minnedieben .
GVN.tei.xml;GVN_1305004000_2;minne;4;REVIEW;confidence;nein;;;;;;;lemma_4130;NOM;medium;Artikel 'diu minne' als Subjekt von 'hât verwunt': nominal trotz Agens-Rolle.;wol dir , dû kanst trûren swachen , / swâ diu **minne** ein sendez herze hât verwunt . / dîn vil rôsevarwer munt ,
GVN.tei.xml;GVN_1402009000_1;minne;9;REVIEW;confidence;nein;;;;;;;lemma_4130;NAM;medium;Anrede 'frou minne' mit Imperativ 'bit die hêren': angerufene Figur.;hôchgemüete lêren . / frou **minne** , bit die hêren / daz mich ir kiuscher lîp
GVN.tei.xml;GVN_1402012000_2;minne;12;REVIEW;confidence;nein;;;;;;;lemma_4130;NAM;medium;Vokativ 'vil minnenclîchiu minne' mit Imperativ 'getroeste': Anrufung.;getroeste : nûst si doch mîn küniginne . / vil minnenclîchiu **minne** , / getroeste mîne sinne ,
GVN.tei.xml;GVN_1503004000_1;minne;4;REVIEW;confidence;nein;;;;;;;lemma_4130;NOM;medium;Subjekt im gnomischen swâ-Satz 'swâ minne ir liebe wæge': Abstraktum.;von zwein gelieben gienge , daz tæt inneclîche wol . / swâ **minne** ir liebe wæge / gelîche und daz si pflæge
GVN.tei.xml;GVN_1504007000_4;minne;7;REVIEW;confidence;nein;;;;;;;lemma_4130;NAM;medium;Anrede 'nim war, frouwe minne': angerufene Personifikation mit Imperativ.;hin an der fröiden stat . des hât si mich enterbet gar . / nim war , frouwe **minne** , wiech si meine : / daz sie sô rehte kleine
GVN.tei.xml;GVN_1505003000_1;minne;3;REVIEW;confidence;nein;;;;;;;lemma_4130;NAM;medium;Anrede 'frou minne und ir vil sælic wîp, wie stât iu beiden': Figur.;und in der sorge ersterben , / frou **minne** und ir vil sælic wîp , wie stât iu beiden daz ? / vil minnenclîchiu minne ,
GVN.tei.xml;GVN_1505004000_2;minne;4;REVIEW;confidence;nein;;;;;;;lemma_4130;NAM;medium;Vokativ 'vil minnenclîchiu minne' mit Imperativ 'sprich': Anrufung.;frou minne und ir vil sælic wîp , wie stât iu beiden daz ? / vil minnenclîchiu **minne** , / sprich daz mîn küniginne
GVN.tei.xml;GVN_1505009000_6;minne;9;REVIEW;confidence;nein;;;;;;;lemma_4130;NOM;medium;Subjekt der Aussage 'minne treit den alten haz': Abstraktum als Agens.;ez wær wol in den zîten / daz sie mir solte lônen : **minne** treit den alten haz . / ich hoer aber die vogel singen ,
GVN.tei.xml;GVN_1602007000_0;minne;7;REVIEW;confidence;nein;;;;;;;lemma_4130;NAM;medium;Vokativ mit Imperativ 'minne, hilf: est an der zît': Anrufung.;reine sælic wîp , nu troestet baz . / **minne** , hilf : est an der zît . / sît mîn trôst lît an der süezen ,
GVN.tei.xml;GVN_1604001000_5;minne;1;REVIEW;confidence;nein;;;;;;;lemma_4130;NAM;medium;Anrede 'wunder kanst du, süeziu minne': direkt angeredete Figur.;"leit sint daz diu mich noch machent grâ . / wunder kanst du , süeziu **minne** . / minne , in dîner glüete ich brinne ;"
GVN.tei.xml;GVN_1604002000_0;minne;2;REVIEW;confidence;nein;;;;;;;lemma_4130;NAM;medium;Vokativ 'minne, in dîner glüete ich brinne': angeredete Personifikation.;"wunder kanst du , süeziu minne . / **minne** , in dîner glüete ich brinne ; / sinne herze muot hâst du mir hin ."
GVN.tei.xml;GVN_1803001000_0;minne;1;REVIEW;confidence;nein;;;;;;;lemma_4130;NAM;medium;Vokativ mit Imperativ 'minne, heile mîne wunden': Anrufung.;râtet obe ich für baz man . / **minne** , heile mîne wunden / die ich dulde zallen mâlen ,
GVN.tei.xml;GVN_1804006000_3;minne;6;REVIEW;confidence;nein;;;;;;;lemma_4130;NOM;medium;Artikel und Adjektiv 'diu süeze minne' als Subjekt: nominale Konstruktion.;sit ich ir mîn herze sende , / daz diu süeze **minne** ir bant . / seht , sô wurde ich noch gemeit ,
GVN.tei.xml;GVN_2002010000_0;minne;10;REVIEW;confidence;nein;;;;;;;lemma_4130;NAM;medium;Vokativ-Einschub 'sît daz mir nie gelanc, minne, an lieben dingen': Anrede.;sît daz mir nie gelanc , / **minne** , an lieben dingen : / sô wirt mîn trûren kranc .
GVN.tei.xml;GVN_2002019000_2;minne;19;REVIEW;confidence;nein;;;;;;;lemma_4130;NOM;medium;'eyâ, minne wunde': Genitivattribut zur angeredeten Wunde (Minnewunde).;noch roeter danne ein bluot . / eyâ , **minne** wunde , / du machest ungemuot .
GVN.tei.xml;GVN_2003008000_0;minne;8;REVIEW;confidence;nein;;;;;;;lemma_4130;NAM;medium;'minne unde ir kunden': Minne als Figur mit Gefolge (ihre Vertrauten).;ir munt rosenrôt . / **minne** unde ir kunden / die sint mir wol erkant .
GVN.tei.xml;GVN_2003021000_0;minne;21;REVIEW;confidence;nein;;;;;;;lemma_4130;NAM;medium;Vokativ 'minne, swer dich êret': direkt angeredete Personifikation.;mir lange wernden pîn ? / **minne** , swer dich êret , / des muot wirt gar verkêret .
GVN.tei.xml;GVN_2004015000_1;minne;15;REVIEW;confidence;nein;;;;;;;lemma_4130;NAM;medium;Vokativ 'lieplîchiu minne' nach Imperativ 'nu troeste mich baz': Anrufung.;nu troeste mich baz , / lieplîchiu **minne** , / ( min sendez herze ist wunt ) ,
GVN.tei.xml;GVN_2102007000_1;minne;7;REVIEW;confidence;nein;;;;;;;lemma_4130;NAM;medium;Anrede 'frouwe minne' mit Imperativ 'gip mir dînen rât': angerufene Figur.;sus bin ich in sorgen worden alt . / frouwe **minne** , gip mir dînen rât , / alde ich lebe in sendem pîne .
GVN.tei.xml;GVN_2103007000_0;minne;7;REVIEW;confidence;nein;;;;;;;lemma_4130;NAM;medium;Vokativ 'minne, sich, du lâst mich trûric gân': angeredete Instanz.;dâ von lîde ich sender sende nôt . / **minne** , sich , du lâst mich trûric gân . / trôst , der sælden übergulde ,
GVN.tei.xml;GVN_2202009000_0;minne;9;REVIEW;confidence;nein;;;;;;;lemma_4130;NOM;medium;Subjekt der gnomischen Aussage 'minne tuot si sorgen frî': Abstraktum.;"sô ist beiden danne wol . / **minne** tuot si sorgen frî ; / si stricket beidiu herze in ein"
GVN.tei.xml;GVN_2204001000_1;minne;1;REVIEW;confidence;nein;;;;;;;lemma_4130;NAM;medium;Vokativ 'süeze minne, mîne sinne jâmert...': angeredete Personifikation.;du bist der weite wunnespil . / süeze **minne** , mîne sinne / jâmert nach der lieben minne .
GVN.tei.xml;GVN_2204003000_0;minne;3;REVIEW;confidence;nein;;;;;;;lemma_4130;NAM;medium;Vokativ mit Imperativ 'minne, hilf, est an der zît': Anrufung.;jâmert nach der lieben minne . / **minne** , hilf , est an der zît . / minne , dû kanst trûren swenden ,
GVN.tei.xml;GVN_2204004000_0;minne;4;REVIEW;confidence;nein;;;;;;;lemma_4130;NAM;medium;Direkte Anrede, Minne wird Handlungsfaehigkeit zugesprochen (du kanst trueren swenden).;minne , hilf , est an der zît . / **minne** , dû kanst trûren swenden , / hôchgemüete in herze senden :
GVN.tei.xml;GVN_2204006000_0;minne;6;REVIEW;confidence;nein;;;;;;;lemma_4130;NAM;medium;Anrede mit Possessiv der 2. Person (din gewalt): personifizierte Minne.;hôchgemüete in herze senden : / **minne** , dîn gewalt ist wît . / minne , ich bin dir undertân :
GVN.tei.xml;GVN_2204007000_0;minne;7;REVIEW;confidence;nein;;;;;;;lemma_4130;NAM;medium;Anrede, Sprecher unterwirft sich ihr (ich bin dir undertan): Personifikation.;minne , dîn gewalt ist wît . / **minne** , ich bin dir undertân : / minne , wis gewaltic mîn .
GVN.tei.xml;GVN_2204008000_0;minne;8;REVIEW;confidence;nein;;;;;;;lemma_4130;NAM;medium;Anrede mit Imperativ (wis gewaltic min): angerufene Minne-Figur.;minne , ich bin dir undertân : / **minne** , wis gewaltic mîn . / owê minne , solte ich hân
GVN.tei.xml;GVN_2204009000_1;minne;9;REVIEW;confidence;nein;;;;;;;lemma_4130;NAM;medium;Klageanruf owe minne in fortlaufender Anredereihe an die Minne.;minne , wis gewaltic mîn . / owê **minne** , solte ich hân / ir minneclîchen wîbes lîp ,
GVN.tei.xml;GVN_2205001000_0;minne;1;REVIEW;confidence;nein;;;;;;;lemma_4130;NAM;medium;Anrede mit Frage an die Minne (weist du wen ich meine): Personifikation.;sô wær mîn trûren gar dâ hin . / **minne** , weist du wen ich meine ? / minne , ez ist diu liebe aleine
GVN.tei.xml;GVN_2205002000_0;minne;2;REVIEW;confidence;nein;;;;;;;lemma_4130;NAM;medium;Vokativische Anrede in der Anaphernreihe minne, ez ist ...: Personifikation.;"minne , weist du wen ich meine ? / **minne** , ez ist diu liebe aleine / der ich mich für eigen jach ;"
GVN.tei.xml;GVN_2205004000_0;minne;4;REVIEW;confidence;nein;;;;;;;lemma_4130;NAM;medium;Gleiche Anredereihe, Minne als angesprochenes Gegenueber.;"der ich mich für eigen jach ; / **minne** , ez ist diu minnenclîche , / minne , ez ist diu sælderîche ."
GVN.tei.xml;GVN_2205005000_0;minne;5;REVIEW;confidence;nein;;;;;;;lemma_4130;NAM;medium;Fortsetzung der Anredereihe an die personifizierte Minne.;minne , ez ist diu minnenclîche , / **minne** , ez ist diu sælderîche . / weist du , minne , waz beschach
GVN.tei.xml;GVN_2205006000_3;minne;6;REVIEW;confidence;nein;;;;;;;lemma_4130;NAM;medium;Eingeschobener Vokativ mit Frage (weist du, minne): angesprochene Figur.;minne , ez ist diu sælderîche . / weist du , **minne** , waz beschach / dô ich jungest was bî ir
GVN.tei.xml;GVN_2205009000_0;minne;9;REVIEW;confidence;nein;;;;;;;lemma_4130;NAM;medium;Anrede mit Imperativ sich und Handlungszuschreibung (do taet du mir).;unde ich vor der lieben saz ? / **minne** , sich , dô tæt du mir / daz ich vor liebe niht ensprach
GVN.tei.xml;GVN_2305005000_4;minne;5;REVIEW;confidence;nein;;;;;;;lemma_4130;NOM;medium;Subjekt mit Artikel (diu minne machet blint): abstrakte Kraft, Personifikation bleibt moeglich.;si sint sô tougen fröiden vol : / doch machet sie diu **minne** blint , / si kan in beiden herzeleit wol stillen .
GVN.tei.xml;GVN_2305010000_7;minne;10;REVIEW;confidence;nein;;;;;;;lemma_4130;NOM;medium;Subjekt mit Artikel (diu minne tuot ein wunder): abstraktes Substantiv, leichte Personifikation offen.;daz wunnebernde fröide gît , / dast âne strît , dâ tuot diu **minne** ein wunder . / sît daz diu minne wunder kan ,
GVN.tei.xml;GVN_2306001000_3;minne;1;REVIEW;confidence;nein;;;;;;;lemma_4130;NOM;medium;Subjekt mit Artikel (diu minne wunder kan): abstrakte Kraft, Personifikationslesart offen.;dast âne strît , dâ tuot diu minne ein wunder . / sît daz diu **minne** wunder kan , / war umbe tuot si wunder niht
GVN.tei.xml;GVN_2306007000_2;minne;7;REVIEW;confidence;nein;;;;;;;lemma_4130;NAM;medium;Anrede mit Ehrenattribut und Imperativ (vil heriu minne, twinc sie).;daz mac diu minneclîche mir wol büezen . / vil hêriu **minne** , twinc sie fröiderîche , / daz sie niht gar in wunnen swebe
GVN.tei.xml;GVN_2501014000_0;minne;14;REVIEW;confidence;nein;;;;;;;lemma_4130;NAM;medium;Anrede mit Imperativ (wende ir suezen haz): angerufene Minne.;die ich von ir dulde . / **minne** , wende ir süezen haz ! / minne , frouwe mîn ,
GVN.tei.xml;GVN_2502001000_0;minne;1;REVIEW;confidence;nein;;;;;;;lemma_4130;NAM;medium;Anrede mit Apposition frouwe min: klare Frau-Minne-Personifikation.;minne , wende ir süezen haz ! / **minne** , frouwe mîn , / tuo mir helfe kunt .
GVN.tei.xml;GVN_2502014000_0;minne;14;REVIEW;confidence;nein;;;;;;;lemma_4130;NAM;medium;Anrede mit Imperativ sich und Zuschreibung (des bist du wer).;sol mir wol gelingen , / **minne** , sich , des bist du wer . / wîp , dîn süezer nam
GVN.tei.xml;GVN_2603001000_1;minne;1;REVIEW;confidence;nein;;;;;;;lemma_4130;NAM;medium;Anrede mit Adjektiv und Frage (sueze minne, maht du binden).;nâch der ie mîn sendez herze ranc . / süeze **minne** , maht du binden / die von der ich bin gebunden ,
GVN.tei.xml;GVN_2903007001_4;minne;7;REVIEW;confidence;nein;;;;;;;lemma_4130;NOM;medium;Artikelloses Subjekt zu froeiwen muoz: abstraktes Substantiv.;an die brust , daz mac mich bringen / an die stat dâ **minne** fröiwen muoz . / wer kan trûren baz verswenden
GVN.tei.xml;GVN_3202008000_1;minne;8;REVIEW;confidence;nein;;;;;;;lemma_4130;NAM;medium;Anrede mit Imperativ (sueziu minne, sende): angerufene Minne.;wære bî vil lange unz an sîn ende . / süeziu **minne** , süeze helfe sende . / des ist nôt , sît ich von dînen schulden sorge ie leit .
GVN.tei.xml;GVN_3205001000_0;minne;1;REVIEW;confidence;nein;;;;;;;lemma_4130;NAM;medium;Anrede mit Dienstverhaeltnis (ich diene dir, du solt): Personifikation.;laschte sie mich mit ir minne , mir wær deste baz . / **minne** , ich diene dir : du solt / solt mir geben minneclîchen .
GVN.tei.xml;GVN_3205007000_1;minne;7;REVIEW;confidence;nein;;;;;;;lemma_4130;NAM;medium;Anrede (minneclichiu minne, ich was gebunden dir): angesprochene Figur.;wîchen muoz von mir leit daz mir nâhe lît . / minneclîchiu **minne** , ich was gebunden / dir von kinde ie . wiltu mich nu wunden ,
GVN.tei.xml;GVN_3205009000_6;minne;9;REVIEW;confidence;nein;;;;;;;lemma_4130;NAM;medium;Anrede mit Imperativ (minne, daz verbir).;"dir von kinde ie . wiltu mich nu wunden , / waz touc danne stætiu triuwe ? **minne** , daz verbir . / nû klag ich der kleinen vogel swære ;"
GVN.tei.xml;GVN_3301005000_9;minne;5;REVIEW;confidence;nein;;;;;;;lemma_4130;NAM;medium;Vokativ trut minne mit Schuldzuweisung (da bist du schuldic an).;hât beroubet gar der fröiden sinne . / sich , dâ bist du schuldic an , trût **minne** , / sît du weist daz ich sô gar in dîner glüete brinne .
GVN.tei.xml;GVN_3302003000_2;minne;3;REVIEW;confidence;nein;;;;;;;lemma_4130;NAM;medium;Klageanruf mit Frage (owe, minne, wenne wilt du troesten mich).;unde ir minneclîche helfe senden . / owê , **minne** , wenne wilt du troesten mich vil senden ? / wenne wilt du mir mîn trûren swachen ?
GVN.tei.xml;GVN_3303003000_1;minne;3;REVIEW;confidence;nein;;;;;;;lemma_4130;NAM;medium;Anrede mit Bitte (sueze minne, maht du die minneclichen leren).;sien wil mir enheine fröide mêren . / süeze **minne** , maht du doch die minneclîchen lêren , / daz si füege daz mir leit entwîche ,
GVN.tei.xml;GVN_3502008000_3;minne;8;REVIEW;confidence;nein;;;;;;;lemma_4130;NOM;medium;Subjekt mit Artikel und Adjektiv (diu sueze minne twinge): abstrakt, Personifikation offen.;"unde ein minneclîch gedinge , / daz diu süeze **minne** twinge / sô daz mir an iu gelinge ;"
GVN.tei.xml;GVN_3702001001_1;minne;1;REVIEW;confidence;nein;;;;;;;lemma_4130;NAM;medium;Vokativ sueziu minne, danach din minne: angesprochene Figur.;rôter munt , du maht mîn leit verdringen . / süeziu **minne** , sît dîn minne / sinne krenket zallen stunden ,
GVN.tei.xml;GVN_3702009001_0;minne;9;REVIEW;confidence;nein;;;;;;;lemma_4130;NAM;medium;Anrede mit Faehigkeitszuschreibung (du maht mir min leit vertriben).;sælic wîp , nu scheidet mich von swære . / **minne** , dû maht mir mîn leit vertrîben . / ich hân fröide von ir eine :
GVN.tei.xml;GVN_3803009001_1;minne;9;REVIEW;confidence;nein;;;;;;;lemma_4130;NAM;medium;Anrede mit Imperativ (sueze minne, bit die heren).;sô wird ich an fröiden wol gesunt . / süeze **minne** , bit die hêren / daz si troeste mich vil senden man .
GVN.tei.xml;GVN_4302006001_1;minne;6;REVIEW;confidence;nein;;;;;;;lemma_4130;NAM;medium;Anrede mit Bitte (sueze minne, maht du leren sie).;mir niht wil die fröide mêren . / süeze **minne** , maht du lêren / sie daz mir mîn leit zergê .
GVN.tei.xml;GVN_4502012001_1;minne;12;REVIEW;confidence;nein;;;;;;;lemma_4130;NAM;medium;Anrede frouwe minne mit Imperativ sprich: klare Personifikation.;daz mîn herze an fröiden krachet , / frouwe **minne** , dar zuo sprich . / minne , hilf daz mir diu hêre ,
GVN.tei.xml;GVN_4503001001_0;minne;1;REVIEW;confidence;nein;;;;;;;lemma_4130;NAM;medium;Anrede mit Imperativ hilf, in Reihe nach frouwe minne.;frouwe minne , dar zuo sprich . / **minne** , hilf daz mir diu hêre , / diu mir in mîn herze tougen
GVN.tei.xml;GVN_4503010001_0;minne;10;REVIEW;confidence;nein;;;;;;;lemma_4130;NAM;medium;Anrede mit Imperativ (minne, sprich daz sie mich grueze).;"von ir sendez ungemach . / **minne** , sprich daz sie mich grüeze ; / minne , wirp mir umbe ir hulde ;"
GVN.tei.xml;GVN_4503011001_0;minne;11;REVIEW;confidence;nein;;;;;;;lemma_4130;NAM;medium;Anrede mit Imperativ (minne, wirp mir umbe ir hulde).;"minne , sprich daz sie mich grüeze ; / **minne** , wirp mir umbe ir hulde ; / sost mir senden siechen baz ."
GVN.tei.xml;GVN_4803006001_5;minne;6;REVIEW;confidence;nein;;;;;;;lemma_4130;NAM;medium;Minne dringt herein und spricht danach (si sprach): handelnde Figur trotz Artikel.;"dar nâch ze hant dô wart ich ir gevangen . / dar zuo dô kam diu **minne** drin gedrungen ; / si sprach < nu hân ich mich dîn underwunden > ."
GVN.tei.xml;GVN_4804001001_6;minne;1;REVIEW;confidence;nein;;;;;;;lemma_4130;NAM;medium;Anrede frou minne mit Frage: klare Personifikation.;die stênt noch unverbunden . / waz treit iuch für , frou **minne** , ob ich verdirbe ? / waz hilfet ez iuch , süeziu sældebære ?
GVN.tei.xml;GVN_4804004001_6;minne;4;REVIEW;confidence;nein;;;;;;;lemma_4130;NAM;medium;Parallelvers, wieder Anrede frou minne.;durch got , nu bin ich doch verselt iu beiden . / waz treit iuch für , frou **minne** , ob ich erstirbe ? / waz hilfet iuch mîn lange werndiu swære ?
GVN.tei.xml;GVN_4902008001_0;minne;8;REVIEW;confidence;nein;;;;;;;lemma_4130;NAM;medium;Anrede mit Possessiv der 2. Person (sunder dinen danc): angesprochene Minne.;daz ichs umbevienge alsô , / **minne** , sunder dinen danc , so wære ich fro . / minne , < sunder dinen danc > ,
GVN.tei.xml;GVN_4903001001_0;minne;1;REVIEW;confidence;nein;;;;;;;lemma_4130;NAM;medium;Wiederholte Anrede mit Zitat sunder dinen danc.;minne , sunder dinen danc , so wære ich fro . / **minne** , < sunder dinen danc > , / habe ich daz gesprochen , daz ist mir vil leit .
GVN.tei.xml;GVN_4903005001_1;minne;5;REVIEW;confidence;nein;;;;;;;lemma_4130;NAM;medium;Anruf mit Interjektion und Imperativ (hei minne, sprich).;"nieman mich getroestet wan ir werdekeit . / hei **minne** , sprich , / fürder mich ;"
GVN.tei.xml;GVN_5001009001_0;minne;9;REVIEW;confidence;nein;;;;;;;lemma_4130;NOM;medium;Wiegenlied: Koseanrede ans Kind (trute minne, swic), Substantiv als Kosewort.;wenne wil ez tagen ? / **minne** minne , trûte minne , swîc , ich wil dich wagen . > / amme , nim daz kindelîn ,
GVN.tei.xml;GVN_5001009001_1;minne;9;REVIEW;confidence;nein;;;;;;;lemma_4130;NOM;medium;Zweites Kosewort der Reihe minne minne im Wiegenlied.;wenne wil ez tagen ? / minne **minne** , trûte minne , swîc , ich wil dich wagen . > / amme , nim daz kindelîn ,
GVN.tei.xml;GVN_5001009001_4;minne;9;REVIEW;confidence;nein;;;;;;;lemma_4130;NOM;medium;Mit Adjektiv trute als Koseanrede ans Kind: Substantiv.;wenne wil ez tagen ? / minne minne , trûte **minne** , swîc , ich wil dich wagen . > / amme , nim daz kindelîn ,
GVN.tei.xml;GVN_5002009001_0;minne;9;REVIEW;confidence;nein;;;;;;;lemma_4130;NOM;medium;Wiederholter Wiegenlied-Vers, Kosewort-Anrede ans Kind.;wenne wil ez tagen ? / **minne** minne , trûte minne , swîc , ich wil dich wagen . / diu nahtegal diu sanc sô wol
GVN.tei.xml;GVN_5002009001_1;minne;9;REVIEW;confidence;nein;;;;;;;lemma_4130;NOM;medium;Zweites Kosewort der Reihe im wiederholten Wiegenlied-Vers.;wenne wil ez tagen ? / minne **minne** , trûte minne , swîc , ich wil dich wagen . / diu nahtegal diu sanc sô wol
GVN.tei.xml;GVN_5002009001_4;minne;9;REVIEW;confidence;nein;;;;;;;lemma_4130;NOM;medium;Mit Adjektiv trute als Koseanrede: Substantiv.;wenne wil ez tagen ? / minne minne , trûte **minne** , swîc , ich wil dich wagen . / diu nahtegal diu sanc sô wol
GVV.tei.xml;GVV_50400300_3;minne;3;REVIEW;confidence;nein;;;;;;;lemma_4130;NAM;medium;Minne beobachtet und arrangiert Handlung (nam war, schuof): handelnde Figur.;der ritter und diu vrouwe hêr . / des nam diu **minne** guote war , / si enliez si langer beiten mêr ,
GVV.tei.xml;GVV_51200400_1;minne;4;REVIEW;confidence;nein;;;;;;;lemma_4130;NOM;medium;Subjekt mit Artikel (diu minne twinget mich): abstrakte Kraft, Personifikation offen.;jâ twinget mich vil senden man / diu **minne** , daz ich muoz begeben / die werlt in kurzen tagen
GVV.tei.xml;GVV_51900400_1;minne;4;REVIEW;confidence;nein;;;;;;;lemma_4130;NOM;medium;Subjekt mit Artikel (diu minne het geblant): abstraktes Substantiv.;si wurden beide ein ander vrô . / diu **minne** het an in geblant / riuw unde sende nôt .
GVV.tei.xml;GVV_52100200_5;minne;2;REVIEW;confidence;nein;;;;;;;lemma_4130;NOM;medium;Subjekt mit Artikel (diu minne twanc in): abstrakte Kraft.;swer ûch von ende solte sage , / wie daz in dô diu **minne** twanc / dô er erschrac von deme tage ,
GWTK.tei.xml;GWTK_41210236600_2;minne;2366;REVIEW;confidence;nein;;;;;;;lemma_4130;NAM;medium;Direkte Anrufung neben 'vennus künginne': personifizierte Minne wird angerufen.;ach vennus künginne ! / ach minekliche **minne** ! / du hast die rechten warhaitt
GWTK.tei.xml;GWTK_69110400100_2;minne;4001;REVIEW;confidence;nein;;;;;;;lemma_4130;NOM;medium;"Subjektposition: 'wa aber minne minnere mached fröde'; Text verderbt, Lesart aber nominal.";sinne sinne beschlossen han . / wa aber **minne** minnere / mached fröde berre ,
GWTK.tei.xml;GWTK_116210679600_0;minne;6796;REVIEW;confidence;nein;;;;;;;lemma_4130;NAM;medium;Anrede mit Klage und Hilferuf ('daz wil ich dir clagen: hilff'): personifizierte Minne.;sin mütt waz by den tagen ! / **minne** , daz wil ich dir clagen : / hilff , lïbe mine ,
GWTK.tei.xml;GWTK_125210733600_0;minne;7336;REVIEW;confidence;nein;;;;;;;lemma_4130;NOM;low;"Objekt zu 'schowen', Relativsatz Sg. 'dü edel ist' bezieht sich auf minne; junckfrowen ist Anrede. [Moderation 2026-08-24: Folgevers 'due edel ist' im Singular, daher wohl Possessiv 'mîne juncfrouwen'; zurueckgehalten.]";ir sölten bilich schowen / **minne** junckfrowen , / dü edel ist und da by gütt .
GWTK.tei.xml;GWTK_164120960100_0;minne;9601;REVIEW;confidence;nein;;;;;;;lemma_4130;NOM;medium;"Genitivattribut: 'minne trostlosse kind' = der Minne trostlose Kinder; Anrede 'dir' im Umfeld.";so enwaiss ich laider wa nun gand / **minne** trostlosse kind , / dü von dir vil blosse worden sind .
GWTK.tei.xml;GWTK_223221305700_0;minne;13057;REVIEW;confidence;nein;;;;;;;lemma_4130;NOM;low;"Wohl Possessiv 'mîne jemerlichen verlust' (GWTK schreibt mîne als minne); kein Kandidat passt, Review.";lond üch durch zuchtt erbarmen / **minne** jemerlichen verlust ! / we mir der unkust
GWTK.tei.xml;GWTK_331111929800_2;minne;19298;REVIEW;confidence;nein;;;;;;;lemma_4130;NOM;low;"Wohl Possessiv 'mîne mage rechen' = meine Verwandten raechen; kein Kandidat passt, Review noetig.";dar zü mitt todes wage / welt ich **minne** mage / paris fordert achilles zum zweikampf .
GWTK.tei.xml;GWTK_346112015000_2;minne;20150;REVIEW;confidence;nein;;;;;;;lemma_4130;NOM;low;"Wohl Possessiv 'vollende mîne gir und sage mir' = meinen Wunsch; kein Kandidat passt, Review.";er sprach : < so gelobe ich dir . / nun vollende **minne** gir / und sage mir , trutt geselle ,
GWTK.tei.xml;GWTK_379122210900_0;minne;22109;REVIEW;confidence;nein;;;;;;;lemma_4130;NOM;low;"Wohl Possessiv 'mîne wortt, wie es mir statt' = meine Worte; kein Kandidat passt, Review noetig.";( daz iu daz , fürste , wil gezemen , ) / **minne** wortt , wie es mir statt / und waz mir her umb ergatt !
GWTK.tei.xml;GWTK_401212342800_0;minne;23428;REVIEW;confidence;nein;;;;;;;lemma_4130;NOM;low;"Wohl Possessiv parallel zu 'minen gewaltt': 'mîne herschaft'; kein Kandidat passt, Review noetig.";und sag dem kaysser minen gewaltt , / **minne** herschaft ungezaltt , / daz ich alles krïchen
GWTK.tei.xml;GWTK_410212395200_0;minne;23952;REVIEW;confidence;nein;;;;;;;lemma_4130;NAM;medium;"Minne handelt als Figur: sie lehrt sterben, im Folgevers gebietet sie; Personifikations-Exkurs.";den lerett sy verderben , / **minne** lerett sterben . / gütte mine gebüttett
GWTK.tei.xml;GWTK_410212395600_0;minne;23956;REVIEW;confidence;nein;;;;;;;lemma_4130;NOM;medium;"Kopulasatz 'minne ist man und wip': gnomische Aussage ueber die Minne; leichte Personifikation im Umfeld.";den vil zartten fröwelin lip . / **minne** ist man und wip : / sy lerett übel unde gütt .
GWTK.tei.xml;GWTK_415212425200_0;minne;24252;REVIEW;confidence;nein;;;;;;;lemma_4130;NOM;low;"Wohl Possessiv 'mîne raysse wil ich üch sagen' = meine Fahrt; auch minne-reise moeglich, Review.";sid ir sin nun nit wend vertagen , / **minne** raysse wil ich üch sagen , / als ich dem ritter han geseitt
HSL.tei.xml;HSL_152_0;minne;152;REVIEW;confidence;nein;;;;;;;lemma_4130;NOM;medium;"Artikelloses Subjekt, koordiniert mit list; gnomisch, personifizierende Lesart bleibt moeglich.";"swaz lebelîchen lebende ist ; / **minne** und minneclîcher list / hât noch der welte gesiget an ."
HTR.tei.xml;HTR_117770_0;minne;11777;REVIEW;confidence;nein;;;;;;;lemma_4130;NAM;medium;Minne handelt als Figur: minnet, fliuhet, und flieht den, der sie flieht.;mit strîte gesiget man ir niht an . / **minne** minnet müezikeit / und fliuhet ernst und arbeit :
HUL.tei.xml;HUL_1557_3;minne;1557;REVIEW;confidence;nein;;;;;;;lemma_4130;NOM;medium;"'div minne' als wollendes Subjekt von 'wegen'; im geistlichen Text eher Abstraktum als Figur.";daz kuonnen sie wol hin gelegen / wolte sie div **minne** darzv wegen . / vraget ir wie man in nenne
HVS.tei.xml;HVS_10000100_3;minne;1;REVIEW;confidence;nein;;;;;;;lemma_4130;NAM;medium;Direkte Anrede 'owê dir, minne, wes zihestu mich': angerufene handelnde Figur.;owê dir , **minne** , wes zihestu mich ? / ich hân dir doch niht ze leide getân .
HVS.tei.xml;HVS_110100800_5;minne;8;REVIEW;confidence;nein;;;;;;;lemma_4130;NAM;medium;'dô gap mich ir diu minne': Minne handelt als vergebende Instanz, Personifikation.;dort ir êrsten gruoz enpfie ! / dô gap mich ir diu **minne** / daz mich ir nieman versprach
HVS.tei.xml;HVS_180100500_3;minne;5;REVIEW;confidence;nein;;;;;;;lemma_4130;NAM;medium;'mich getwanc diu minne': Minne zwingt als handelnde Macht, Personifikation.;dô huop sich alrêrste diu nôt an mir : / mich getwanc diu **minne** harter nâch ir / danne si tet ze sürîe in dem lande .
JEW.tei.xml;JEW_716600000_4;minne;7166;REVIEW;confidence;nein;;;;;;;lemma_4130;NOM;medium;Kosende Anrede an die Königin ('liebiu, schoeniu minne'), Substantiv mit Adjektiven, keine Personifikation der Minne selbst.;an der küniginne : / < liebiu , schoeniu **minne** , / hâst dû iht leides von mir ,
JEW.tei.xml;JEW_1392500000_4;minne;13925;REVIEW;confidence;nein;;;;;;;lemma_4130;NAM;medium;Selbstvorstellung der Figur: 'ich bin genant diu minne, venus diu götinne', Personifikation.;des solt dû vil gewis sîn . / ich bin genant diu **minne** , / venus diu götinne .
JEW.tei.xml;JEW_1397500000_3;minne;13975;REVIEW;confidence;nein;;;;;;;lemma_4130;NAM;medium;Apfel-Übergabe an die Figur: 'der süezen minne, froun venus der götinne', Apposition zur Person.;dâ von wil ich den apfel guot / geben der süezen **minne** , / froun venus der götinne . >
JEW.tei.xml;JEW_1403200000_4;minne;14032;REVIEW;confidence;nein;;;;;;;lemma_4130;NOM;medium;"'dem tet diu minne wê': konventionelle Wendung für das Gefühl; Venus-Kontext lässt Personifikation offen.";waz sol ich dâ von sagen me ? / paris dem tet diu **minne** wê . / swie er doch wær ein heiden ,
JEW.tei.xml;JEW_1406900000_5;minne;14069;REVIEW;confidence;nein;;;;;;;lemma_4130;NAM;medium;Direkte Anrufung der Figur: 'frou venus, edliu minne', Personifikation.;dô sprach daz minniclîch wîp : / < frou venus , edliu **minne** , / swie ich doch sî küniginne
JEW.tei.xml;JEW_1408300000_4;minne;14083;REVIEW;confidence;nein;;;;;;;lemma_4130;NAM;medium;Sprechende Figur mit Apposition: 'dô sprach venus diu minne', Personifikation.;und vil gar verderben . > / dô sprach venus diu **minne** : / < vil werdiu küniginne ,
JEW.tei.xml;JEW_1410600000_5;minne;14106;REVIEW;confidence;nein;;;;;;;lemma_4130;NAM;medium;Anrufung der Figur: 'venus, vil süeziu minne, nû brinc mir in', Personifikation.;dô sprach diu küniginne : / < venus , vil süeziu **minne** , / nû brinc mir in drâte !
JEW.tei.xml;JEW_1411300000_3;minne;14113;REVIEW;confidence;nein;;;;;;;lemma_4130;NAM;medium;Handelnde Figur: 'brâht diu minne, venus diu götinne, paris zuo der frouwen'.;mînen lieben friunt parîs . > / zehant brâht diu **minne** , / venus diu götinne ,
JEW.tei.xml;JEW_1412300000_5;minne;14123;REVIEW;confidence;nein;;;;;;;lemma_4130;NAM;medium;"'daz schuof et allez diu minne': Minne handelt; im Venus-Kontext eher die Figur als das Abstraktum.";"mit armen si in umbevie ; / daz schuof et allez diu **minne** . / si sprach : < daz ich mîn sinne"
JEW.tei.xml;JEW_1413000000_5;minne;14130;REVIEW;confidence;nein;;;;;;;lemma_4130;NOM;medium;"'der minne volget': Objekt von folgen mit Artikel; Venus-Kontext lässt Figur-Lesart offen.";"und ir stark sinne , / daz si sô sêr der **minne** / iht volget , ez wær missetân ;"
JEW.tei.xml;JEW_1421900000_3;minne;14219;REVIEW;confidence;nein;;;;;;;lemma_4130;NAM;medium;Handelnde Figur mit vrouwe-Titel: 'frou venus diu minne kêrt dar zuo ir sinne'.;wan si betwanc der minne nôt . / frou venus diu **minne** / kêrt dar zuo ir sinne ,
JEW.tei.xml;JEW_1423500000_4;minne;14235;REVIEW;confidence;nein;;;;;;;lemma_4130;NAM;medium;'rætet mir diu minne': Minne handelt als Ratgeberin, im Venus-Kontext Personifikation.;ez stêt mir wærlîch niht wol . / iedoch rætet mir diu **minne** , / daz ich muoz mit dir von hinne ,
JEW.tei.xml;JEW_1617900000_3;minne;16179;REVIEW;confidence;nein;;;;;;;lemma_4130;NOM;medium;"Nach Praeposition: 'komen von der minne'; Venus-Anschluss lässt Figur-Lesart offen.";dâ von ist disiu geschiht / komen von der **minne** . / venus diu götinne ,
KAN.tei.xml;KAN_40300100_0;minne;1;REVIEW;confidence;nein;;;;;;;lemma_4130;NAM;medium;Direkte Anrede der Minne mit du/dîn (dîn gewalt, du lâst): Personifikation.;daz si kan sô stæte sîn . / **minne** , kûme ich hân gelouben / daz iht grôz sî dîn gewalt ,
KAN.tei.xml;KAN_40300500_0;minne;5;REVIEW;confidence;nein;;;;;;;lemma_4130;NAM;medium;"Direkte Anrede: minne, dû maht schamen dich; Minne als angesprochene Figur.";dich die lieben wolgestalt . / **minne** , dû maht schamen dich / daz ein wîp mit wîbes krefte
KAN.tei.xml;KAN_70300100_1;minne;1;REVIEW;confidence;nein;;;;;;;lemma_4130;NAM;medium;frouwe minne direkt angerufen (sît du kanst betwingen): Personifikation.;heilent sendes herzen swære und troestent mannes lîp . / frouwe **minne** , sît du kanst betwingen / beide man und ouch diu wîp ,
KAN.tei.xml;KAN_70300900_7;minne;9;REVIEW;confidence;nein;;;;;;;lemma_4130;NAM;medium;Anrede mit Imperativ hoer und Epitheton süeze minne: angerufene Figur.;sî wenz an dich werben . / hoer wes sî dir muotent , süeze **minne** , / lêrs ouch sendiu herzen gern ,
KAN.tei.xml;KAN_80300300_0;minne;3;REVIEW;confidence;nein;;;;;;;lemma_4130;NOM;medium;"Gnomische Anapher, Subjekt wie wîbes minne davor; Personifikationslesart bleibt offen.";lieplich wunsch an wîben lît . / **minne** hôhgemüete schenket , / minne lieb in herzen gît .
KAN.tei.xml;KAN_80300400_0;minne;4;REVIEW;confidence;nein;;;;;;;lemma_4130;NOM;medium;Anapherreihe minne gît: abstraktes Subjekt, keine Anrede, kein vrouwe.;minne hôhgemüete schenket , / **minne** lieb in herzen gît . / minne ir friunden fröide teilet ,
KAN.tei.xml;KAN_80300500_0;minne;5;REVIEW;confidence;nein;;;;;;;lemma_4130;NOM;medium;"Anapherreihe minne teilet: abstraktes Subjekt; Personifikation nicht markiert.";minne lieb in herzen gît . / **minne** ir friunden fröide teilet , / minne wundet , minne heilet ,
KAN.tei.xml;KAN_80300600_0;minne;6;REVIEW;confidence;nein;;;;;;;lemma_4130;NOM;medium;Anapherreihe minne wundet: gnomisches Subjekt, nominal gelesen.;minne ir friunden fröide teilet , / **minne** wundet , minne heilet , / minne stillet senden strît .
KAN.tei.xml;KAN_80300600_3;minne;6;REVIEW;confidence;nein;;;;;;;lemma_4130;NOM;medium;Anapherreihe minne heilet: gnomisches Subjekt, nominal gelesen.;minne ir friunden fröide teilet , / minne wundet , **minne** heilet , / minne stillet senden strît .
KAN.tei.xml;KAN_80300700_0;minne;7;REVIEW;confidence;nein;;;;;;;lemma_4130;NOM;medium;Anapherreihe minne stillet senden strît: abstraktes Subjekt mit Objekt.;minne wundet , minne heilet , / **minne** stillet senden strît . / veiger winter , hinnen scheide
KAN.tei.xml;KAN_120300200_0;minne;2;REVIEW;confidence;nein;;;;;;;lemma_4133;VRB;medium;"Imperativ an wîp mit Objekten zuht kiusch scham; sô wirdest dû stuetzt Aufforderung. Nominalreihe bleibt denkbar.";wîp , reiner nam , / **minne** zuht kiusch unde scham , / sô wirdest dû geblüemet
KAN.tei.xml;KAN_170100101_1;minne;1;REVIEW;confidence;nein;;;;;;;lemma_4130;NAM;medium;frou minne direkt angerufen, dîn nam: Personifikation.;kein man sold in behalden noch behûsen . / frou **minne** , getiuret sî dîn nam . / du bist genennet süeze .
KCR.tei.xml;KCR_129940_1;minne;12994;REVIEW;confidence;nein;;;;;;;lemma_4130;NOM;medium;"diu minne haizet: rhetorische Antithese zu vorhte, beide abstrakt; keine Frau-Minne-Figur.";diu vorhte haizet den man fliechen , / diu **minne** haizet in belîben , / diu vorhte haizet in enwec gân ,
KCR.tei.xml;KCR_129960_1;minne;12996;REVIEW;confidence;nein;;;;;;;lemma_4130;NOM;medium;"Parallelstelle der vorhte/minne-Antithese; abstraktes Substantiv, leichte Personifikation.";diu vorhte haizet in enwec gân , / diu **minne** haizet in bistân , / diu vorhte haizet in allez widerstreben ,
KCR.tei.xml;KCR_129980_1;minne;12998;REVIEW;confidence;nein;;;;;;;lemma_4130;NOM;medium;"Parallelstelle der vorhte/minne-Antithese; abstraktes Substantiv, leichte Personifikation.";diu vorhte haizet in allez widerstreben , / diu **minne** haizet in mit êren leben . > / dô volgete der chunich hêre
KRA.tei.xml;KRA_54101850_3;minne;185;REVIEW;confidence;nein;;;;;;;lemma_4130;NOM;medium;diu minne sendet gedanche: Artikel, metaphorische Agens-Rolle, kein Frau-Minne-Auftritt.;stent als die steinwænde , / wi vil diu **minne** under in / gedanche her und hin
KRA.tei.xml;KRA_54101920_2;minne;192;REVIEW;confidence;nein;;;;;;;lemma_4130;NAM;medium;"Allegorie: diu minne sitzt auf ihrem stuole vor den tugenden; personifizierte Figur.";daz si da gent zeschule , / da diu **minne** uf ir stuole / vor den tugenden ist gesezzen .
KRM.tei.xml;KRM_1671850_3;minne;185;REVIEW;confidence;nein;;;;;;;lemma_4130;NOM;medium;die minne sendet gedancke: Artikel, metaphorische Agens-Rolle, kein Frau-Minne-Auftritt.;stent als die stein wende , / wie vil die **minne** under in / gedancke her und hin
KRM.tei.xml;KRM_1671920_2;minne;192;REVIEW;confidence;nein;;;;;;;lemma_4130;NAM;medium;"Allegorie: die minne sitzt auf ihrem stuole vor den tugenden; personifizierte Figur.";daz sie da gent zu schuole / da die **minne** uf ir stuole / vor den tugenden ist gesezzen .
KVO.tei.xml;KVO_403400_5;minne;34;REVIEW;confidence;nein;;;;;;;lemma_4133;VRB;medium;Nach Modalverb suelle: apokopierter Infinitiv bzw. Verbform von minnen im Reim auf drinne.;der vierzehende badet drinne / und went , er suelle **minne** . / den fuenfzehende muewet und badet auch ,
KWL.tei.xml;KWL_2133_0;minne;133;REVIEW;confidence;nein;;;;;;;lemma_4130;NOM;medium;"Artikelloses agentives Subjekt von roestet; Personifikation moeglich, aber generische Aussage.";iuwer sorge wirt wol rât : / **minne** noch vil mangen roestet / der mit criegen umbe gât .
KWL.tei.xml;KWL_8017_2;minne;17;REVIEW;confidence;nein;;;;;;;lemma_4130;NAM;medium;"Minne wird gegruesst und soll ir friunde buezen; angeredete handelnde Figur.";durch der minneclîchen reinen wîbe gruoz . / ich wil **minne** grüezen , diu büezen ir süezen friunde sol / kumber unde senelichez ungemach .
KWL.tei.xml;KWL_8019_0;minne;19;REVIEW;confidence;nein;;;;;;;lemma_4130;NAM;medium;"Minne suezet mit ir stiure; setzt die Personifikation des Gruss-Verses fort.";kumber unde senelichez ungemach . / **minne** mit ir stiure gehiure vil siure süezet wol , / unde machet herzeliebe trûren swach .
KWL.tei.xml;KWL_8023_0;minne;23;REVIEW;confidence;nein;;;;;;;lemma_4130;NAM;medium;"Minne leret eren und heilt ir dienestman mit arzenie; handelnde Figur.";"mit gewinne wil si fröude mêren . / **minne** diu mac lêren vil êren ; ir sêren dienestman / heilen si mit senfter arzenîe kan ."
KWL.tei.xml;KWL_14023_1;minne;23;REVIEW;confidence;nein;;;;;;;lemma_4130;NOM;medium;"Artikel diu, gnomische Charakterisierung; agentive Fortsetzung laesst NAM-Lesart offen.";dîn scheiden sêret mich ze grunde . / diu **minne** ist wunderlich gemuot : / in übel kêret si daz guot
KWL.tei.xml;KWL_26006_2;minne;6;REVIEW;confidence;nein;;;;;;;lemma_4130;NOM;medium;"Objekt von merte im Binnenreimvers; Syntax verdichtet, nominale Lesart am plausibelsten.";schoene doene clungen jungen liuten , / triuten inne **minne** mêrte : / sunder wunderbære swære wilden
LGR.tei.xml;LGR_923000_3;minne;923;REVIEW;confidence;nein;;;;;;;lemma_4130;NOM;medium;"Subjekt mit Artikel diu, aber nur schwach agentiv (iht ze schaffen haete); NAM-Lesart bleibt offen.";daz ietwederz dem andern gar sîn klârheit galt . / seht ob diu **minne** dâ iht ze schaffen haete . / daz lâzzet sîn , ich sage iu mêr
LGR.tei.xml;LGR_954000_1;minne;954;REVIEW;confidence;nein;;;;;;;lemma_4130;NAM;medium;Minne hat in beider Brust gehuset: handelnde Figur, die Wohnung nimmt.;von maniger hande rede die sie hâten . / diu **minne** in ir beider brust / het gehûset , daz ir antwurt süezen lust
LGR.tei.xml;LGR_958000_1;minne;958;REVIEW;confidence;nein;;;;;;;lemma_4130;NOM;medium;Subjekt diu minne, doch schwach agentiv (erlie des niht): abstrakte Kraft, NAM offen.;manic ritter unde magt die an den tischen sâzen , / diu **minne** lîht dâ niht erlie / des , daz eteswâ ein solchiu rede ergie ,
LGR.tei.xml;LGR_962000_4;minne;962;REVIEW;confidence;nein;;;;;;;lemma_4130;NAM;medium;Minne zwingt die Herzen (twanc): explizites Personifikations-Indiz.;ich waen , daz ezzen niht ze lanc / díe dûht die diu **minne** in dem herzen twanc / und sînem liep mit worten wolde zarten .
LGR.tei.xml;LGR_965000_2;minne;965;REVIEW;confidence;nein;;;;;;;lemma_4130;NAM;medium;Minne schafft mit ir kraft dort und hie: handelnde Figur mit eigener Macht.;manic tougen blic ergie , / daz diu **minne** mit ir kraft schuof dort und hie / von liep gein liep , wer sol des alles warten ?
LGR.tei.xml;LGR_969000_1;minne;969;REVIEW;confidence;nein;;;;;;;lemma_4130;NAM;medium;Minne graebt sich in die Herzen (sich gruop), die mit ihr Kummer leiden: agierende Figur.;diú tischláchen man ûf huop . / diu **minne** sich in manic herze alsô gruop , / daz ez sich mit ir muoste kumbers nieten .
LGR.tei.xml;LGR_1335000_3;minne;1335;REVIEW;confidence;nein;;;;;;;lemma_4130;NAM;medium;Minne ringt mit ir sinne (ranc): menschliches Handeln, personifiziert.;den dûht daz ezzen niht ze lanc . / swié sterclích diu **minne** mit ir sinne ranc , / daz schieden niht die münde gevar nâch rôsen .
LGR.tei.xml;LGR_1515000_2;minne;1515;REVIEW;confidence;nein;;;;;;;lemma_4130;NAM;medium;Minne hegt Herzen in ir hage ein und haelt Geiseln: Herrscherfigur.;an daz ich wol einez sage : / daz diu **minne** het verheget in ir hage / manic vrîez herze , daz nû was ir gîsel ,
LGR.tei.xml;LGR_1520000_6;minne;1520;REVIEW;confidence;nein;;;;;;;lemma_4130;NAM;medium;Herzen muessen der Minne zinsen wie einem gebieter: Figur, die Tribut empfaengt.;daz man leisten muoz swes der gebieter giht , / sam muosten ouch diu herzen der **minne** dâ zinsen . / der minne münze was dâ gebe ,
LGR.tei.xml;LGR_1521000_1;minne;1521;REVIEW;confidence;nein;;;;;;;lemma_4130;NAM;medium;Der Minne Muenze und ir ambtliute: Figur mit Hofstaat in fortlaufender Allegorie.;sam muosten ouch diu herzen der minne dâ zinsen . / der **minne** münze was dâ gebe , / daz dâ mit gewalte ir ambtlíute stebe
LGR.tei.xml;LGR_1525000_2;minne;1525;REVIEW;confidence;nein;;;;;;;lemma_4130;NAM;medium;Minne gibt den Schluessel nicht von sich: Figur als Schliesserin des Herzens.;die daz herze versarket hât / und diu **minne** der slüzzel von ir niht enlât . / swie süeze sî ir nam mit rede güfte ,
LGR.tei.xml;LGR_1531000_1;minne;1531;REVIEW;confidence;nein;;;;;;;lemma_4130;NAM;medium;"Minne verwirrt es dicke; davor als scharfe und sanfte nachgebure charakterisiert: Figur.";"sus ist sie scharf und senfter nâchgebûre . / diu **minne** ez sus dicke wirret . / daz lât sîn ; hoert wie sich in den landen virret"
LGR.tei.xml;LGR_1670000_5;minne;1670;REVIEW;confidence;nein;;;;;;;lemma_4130;NAM;medium;Minne senkt ir anker ins Herz: handelnde Figur mit Attribut.;sîn herze was gar lûter âne valsches muor , / swie doch dar în diu **minne** ir anker sanket . / der vürstinne marschalkes stap
LGR.tei.xml;LGR_1792000_2;minne;1792;REVIEW;confidence;nein;;;;;;;lemma_4130;NAM;medium;Minne underwant sich ir beider: nimmt die Liebenden in ihre Gewalt, agierende Figur.;daz was diu kiusche von prâbant , / wan diu **minne** sich ir beider underwant / des êrsten , dô er quam ze ir gesigelet
LGR.tei.xml;LGR_1795000_5;minne;1795;REVIEW;confidence;nein;;;;;;;lemma_4130;NAM;medium;Minne hat beider Herzensgrund verslozzen und verrigelet: Figur mit Schluesselgewalt.;und sie einander wurden kunt . / ich waen , daz diu **minne** ietweders herzen grunt / zesamne het verslozzen und verrigelet .
LGR.tei.xml;LGR_1986000_7;minne;1986;REVIEW;confidence;nein;;;;;;;lemma_4130;NOM;medium;Passivisch von der minne gevalt nach Praeposition: abstrakte Kraft, NAM-Lesart offen.;die der keiser und diu keiserinne sach . / vil maniger dâ gevalt wart von der **minne** . / daz het ouch ein ende nû . ze herbergen die vrouwen
LGR.tei.xml;LGR_2157000_3;minne;2157;REVIEW;confidence;nein;;;;;;;lemma_4130;NAM;medium;Minne ist ir beider kerzen zuendel: Figurenrolle als Anzuenderin.;der selbe gedinge in beiden quam ze trôste . / alsus was diu **minne** dâ ir beider kerzen zündel / dâ von dicke daz viur erschraet
LGR.tei.xml;LGR_2377000_7;minne;2377;REVIEW;confidence;nein;;;;;;;lemma_4130;NOM;medium;"Subjekt die minne het gemachet: kausale, schwach personifizierte Aussage; NAM offen.";ietweders herze daz ander het vürz sîne , / wan sie beide niht wan ein die **minne** het gemachet . / nû giengen in die ougen zuo .
LGR.tei.xml;LGR_2453000_7;minne;2453;REVIEW;confidence;nein;;;;;;;lemma_4130;NAM;medium;Minne lehrt den Ritter (lerte): menschliches Handeln, personifizierte Figur.;dô man schrei : < hie kumt kostlîch ein vróuwen dienáere . > ? / daz was ouch einer , den diu **minne** lêrte : / man nande mir in den von kleven .
LGR.tei.xml;LGR_2736000_3;minne;2736;REVIEW;confidence;nein;;;;;;;lemma_4130;NAM;medium;Minne hat ihn mit ir soume beladen: Figur mit eigenem Gepaeck, artikellos handelnd.;durch gedrenge in zorn er gein dem hiunen kêrt , / den het ouch **minne** geladen mit ir soume . / bald er daz von im ersach , daz er in niht wolt mîden .
LGR.tei.xml;LGR_3107000_4;minne;3107;REVIEW;confidence;nein;;;;;;;lemma_4130;NOM;medium;Subjekt, doch schwach agentiv (lie kum die bite), parallel zur begir: abstrakte Kraft, NAM offen.;die sich des âbents zîtlîch legen wolden , / eteslîichem herzen lie diu **minne** kûm die bîte / ze sînes liebes heimlichkeit .
LGR.tei.xml;LGR_3140000_3;minne;3140;REVIEW;confidence;nein;;;;;;;lemma_4130;NAM;medium;Minne hat ir ampt wohl begangen: Figur mit Amt.;in ir herzen . ê diu sunne braeht den tac , / dô het diu **minne** ir ampt dâ wol begangen . / des tages vruo vergangen was .
LGR.tei.xml;LGR_4142000_4;minne;4142;REVIEW;confidence;nein;;;;;;;lemma_4130;NOM;medium;Subjekt, aber koordiniert mit dem Abstraktum hochgemuete: eher Kraft als Figur.;der beier doch vil durch ir manhéit / vuoren , die diu **minne** und hôchgemüete ieit / daz man sie an der schar wol prüeven mohte .
LGR.tei.xml;LGR_4553000_7;minne;4553;REVIEW;confidence;nein;;;;;;;lemma_4130;NOM;medium;Dativ der werden minne mit Adjektiv, doch neben den goten: NAM-Anklang bleibt.;sînem enn , dem künic von affricân , ze lôn , / dar zuo den goten und der werden **minne** . / diu schar wart überkreftic rîch ,
LGR.tei.xml;LGR_4806000_5;minne;4806;REVIEW;confidence;nein;;;;;;;lemma_4130;NOM;medium;"Der werden minne ze solde: Adjektivattribut und Kasusfuegung nominal; Empfaengerin-Lesart offen.";offenlîch , swie er doch habe gevellet nider / hiut manigen man der werden **minne** ze solde . > / nû brâht der iunge atmerât die nîunden schar mit krefte ,
LGR.tei.xml;LGR_5196000_4;minne;5196;REVIEW;confidence;nein;;;;;;;lemma_4130;NAM;medium;Diu zarte minne erlachet: lachende Figur trotz Adjektivattribut.;alsô wart gevóhten dâ in maniger hande wîs , / daz sîn diu zarte **minne** in lust erlachet . / doch was ouch unminne dâ , diu manîgem gap ein sterben .
LGR.tei.xml;LGR_5198000_3;minne;5198;REVIEW;confidence;nein;;;;;;;lemma_4130;NAM;medium;Minne kommt gegen unminne, beide werben nach ir ampte: agierendes Figurenpaar.;"doch was ouch unminne dâ , diu manîgem gap ein sterben . / sus quam diu **minne** gein unminne ; / als ich mich kan reht verstân in mînem sinne ,"
LGR.tei.xml;LGR_6234000_4;minne;6234;REVIEW;confidence;nein;;;;;;;lemma_4130;NAM;medium;Minne zwingt viele Frauen (twanc): explizites Personifikations-Indiz.;von liehten , zarten , klâren , spilden ougen . / vil manic wîp diu **minne** des twanc , / daz sie an in sant ir blick oft under danc ,
LGR.tei.xml;LGR_6640000_3;minne;6640;REVIEW;confidence;nein;;;;;;;lemma_4130;NAM;medium;Minne saeumt nicht und schiesst ir bolzelin: Amor-artige Schuetzenfigur.;dô sie sich urloupte , dá zdem antschouvîn , / ich waen diu **minne** sich aber niht ensûme , / sie schüzze ot dar ir bolzelîn ,
LGR.tei.xml;LGR_6780000_3;minne;6780;REVIEW;confidence;nein;;;;;;;lemma_4130;NAM;medium;Minne kommt her mit ir brande: Figur mit Brandfackel.;ích waené , daz keiniu waer sô rîche sô hêr , / ir quaem diu **minne** ot her mit ir brande . / e in der maere ein ende würd
LGR.tei.xml;LGR_6820000_1;minne;6820;REVIEW;confidence;nein;;;;;;;lemma_4130;NOM;medium;Gnomische Aussage diu minne kan die liebe undersazen: abstrakte Kraft, NAM offen.;und muoz werden ze einem lîbe dû und ich . / diu **minne** kan die liebe sus undersâzen . / swie lieplîch liep bî ebe lac ,
LGR.tei.xml;LGR_6972000_5;minne;6972;REVIEW;confidence;nein;;;;;;;lemma_4130;NOM;medium;"Minne verjagt ir ungemuet: kausal-agentiv, aber ohne Figurenattribute; NAM offen.";diu zarte vürbaz nimmêr seit . / dáz schuof , daz diu **minne** ir ungemüet verieit , / dar nâch sie aber wolde hân gesprochen .
LVS.tei.xml;LVS_80200600_3;minne;6;REVIEW;confidence;nein;;;;;;;lemma_4130;NOM;medium;"Artikelloses Subjekt: minne will milte und manheit benemen; abstrakte Kraft, NAM offen.";ez enlât dir nimmer wâfen wol gezemen , / ez wil dir **minne** milte manheit gar benemen . / bartloser muot , nu birc daz kinne !
MAI.tei.xml;MAI_3520_1;minne;352;REVIEW;confidence;nein;;;;;;;lemma_4130;NOM;medium;"Genitivattribut 'der minne waffen'; Waffen-Metapher laesst Personifikation offen.";ir schon alle schon nider sluc . / der **minne** waffen si truc . / ez was ir suzze gemute
MAI.tei.xml;MAI_4310_5;minne;431;REVIEW;confidence;nein;;;;;;;lemma_4130;NAM;medium;Minne handelt ('enliez in niht', 'blendet diu sinne'), gleich darauf direkt angerufen.;so er gerne wer chomen dan , / so enliez in niht dev **minne** , / div manigen blendet diu sinne .
MAI.tei.xml;MAI_4330_1;minne;433;REVIEW;confidence;nein;;;;;;;lemma_4130;NAM;medium;Direkte Apostrophe 'ey minne, was du wunders chanst': angerufene Figur.;div manigen blendet diu sinne . / ey **minne** , was du wunders chanst , / wi benich tu gemaches ganst ,
MAI.tei.xml;MAI_4610_2;minne;461;REVIEW;confidence;nein;;;;;;;lemma_4130;NAM;medium;'div suzze minne tugende phlac': Minne als handelndes Subjekt, Lesart als Abstraktum bleibt offen.;ouf alle tugende stund ir gir / div suzze **minne** tugende phlac . / durch die der chunich sich bebach
MAI.tei.xml;MAI_6420_2;minne;642;REVIEW;confidence;nein;;;;;;;lemma_4130;NAM;medium;'dev minne reitzte' manigen: Minne wirkt als handelnde Macht auf Personen.;do diu werd erbaizte , / manigen dev **minne** reitzte / von schonen vrowen , di er sach ,
MAI.tei.xml;MAI_8170_2;minne;817;REVIEW;confidence;nein;;;;;;;lemma_4130;NAM;medium;Anrede mit Imperativ: 'ey suzze minne, nu sich', direkt angerufene Figur.;sus was er von minnen wont . / ey suzze **minne** , nu sich , / daz geschach gar wider dich ,
MAI.tei.xml;MAI_8220_0;minne;822;REVIEW;confidence;nein;;;;;;;lemma_4130;NAM;medium;Direkte Anrede: 'minne, daz was dir getan', Minne als angesprochene Figur.;vnd an siner tohter began . / **minne** , daz was dir getan . / es moht niht heizen minne .
MAI.tei.xml;MAI_24980_1;minne;2498;REVIEW;confidence;nein;;;;;;;lemma_4130;NAM;medium;'diu minne tet im aber we': Minne als handelnde Macht, die den Helden zwingt.;biz er betwungen wart als e . / diu **minne** tet im aber we , / als si da vor hat getan .
MAI.tei.xml;MAI_25150_4;minne;2515;REVIEW;confidence;nein;;;;;;;lemma_4130;NOM;medium;Possessiv 'ewer minne', doch 'mit ir strale' traegt Personifikationszuege.;daz ir mir erste wurdet chunt . / so hat mich ewer **minne** enzunt / vnd mit ir strale sus verbunt ,
MAI.tei.xml;MAI_25650_2;minne;2565;REVIEW;confidence;nein;;;;;;;lemma_4130;NAM;medium;'waz diu minne chunde vnd wie sie verbunde man vnd wip': handelnde Macht.;daz sagt er ir an der stet , / waz diu **minne** chunde / vnd wie sie verbunde
MAI.tei.xml;MAI_36000_1;minne;3600;REVIEW;confidence;nein;;;;;;;lemma_4130;NAM;medium;'dev minne het in gereizet': Minne als handelnde Macht auf die Liebenden.;do si waren erbeizet , / dev **minne** het in gereizet . / bi der hant er si vie ,
MAI.tei.xml;MAI_43710_1;minne;4371;REVIEW;confidence;nein;;;;;;;lemma_4130;NAM;medium;'diu minne hat im niht verborn': Minne als handelndes Subjekt gegenueber dem Helden.;ist uz der rechte minne erborn . / diu **minne** hat im niht verborn . > / den werden er do schon enphie .
MAI.tei.xml;MAI_70820_3;minne;7082;REVIEW;confidence;nein;;;;;;;lemma_4130;NAM;medium;'div suzze starche minne het vnser beder sinne durch vlozzen': handelnde Macht.;mit der din leben was vergult . / div suzze starche **minne** / het vnser beder sinne
MAI.tei.xml;MAI_77110_2;minne;7711;REVIEW;confidence;nein;;;;;;;lemma_4130;NAM;medium;Minne-Exkurs: 'diu sicherliche minne het verzert' die Sinne, handelnde Macht.;vnd ouch alle ir sinne . / diu sicherliche **minne** / het verzert so gaenzlich .
MAI.tei.xml;MAI_77130_3;minne;7713;REVIEW;confidence;nein;;;;;;;lemma_4130;NOM;medium;"Stative Fuegung 'dev minne ist siges reich worden'; Personifikation im Exkurs bleibt offen.";het verzert so gaenzlich . / da von dev **minne** ist siges reich / was an beiden worden
MAI.tei.xml;MAI_77160_2;minne;7716;REVIEW;confidence;nein;;;;;;;lemma_4130;NAM;medium;Wollende Instanz: 'dev minne wil niht me, daz ir chraft fur baz ge'.;da nach innerchlichen orden , / want dev **minne** wil niht me , / daz ir chraft iht fur baz ge ,
MAI.tei.xml;MAI_77200_0;minne;7720;REVIEW;confidence;nein;;;;;;;lemma_4130;NAM;medium;Subjekt des AcI 'minne twingen vnd ir bant': zwingende Macht mit Possessivbezug.;maniger giht : in smerze / **minne** twingen vnd ir bant , / den nie minne wart bechant .
MAI.tei.xml;MAI_77240_3;minne;7724;REVIEW;confidence;nein;;;;;;;lemma_4130;NAM;medium;'den betwanc dev minne nie': Minne zwingt Personen, handelnde Macht.;in minne wan geteilet hat , / den betwanc dev **minne** nie , / als sie tet die liben hie .
MAI.tei.xml;MAI_77260_4;minne;7726;REVIEW;confidence;nein;;;;;;;lemma_4130;NAM;medium;'der herze het dev minne durch varn': Minne durchdringt handelnd die Herzen.;als sie tet die liben hie . / der herze het dev **minne** / durch varn mit der sinne ,
MAI.tei.xml;MAI_77340_2;minne;7734;REVIEW;confidence;nein;;;;;;;lemma_4130;NAM;medium;'dev minne reine mit in het gemeine': Minne als quasi-personale Instanz im Exkurs.;ir wille so geleiche wach , / daz dev **minne** reine / mit in het gemeine .
MAI.tei.xml;MAI_77390_5;minne;7739;REVIEW;confidence;nein;;;;;;;lemma_4130;NOM;medium;"Genitivattribut 'in der minne ioch'; Joch-Metapher im Personifikationsexkurs.";swie si geverret waren doch , / so het si in der **minne** ioch , / diu minne so chreftichlich gebeten ,
MAI.tei.xml;MAI_77400_1;minne;7740;REVIEW;confidence;nein;;;;;;;lemma_4130;NAM;medium;'diu minne so chreftichlich gebeten': Minne haelt die Liebenden handelnd im Joch.;so het si in der minne ioch , / diu **minne** so chreftichlich gebeten , / daz si niht mohten ouz getreten .
MAJ.tei.xml;MAJ_1130201_0;minne;1;REVIEW;confidence;nein;;;;;;;lemma_4130;NAM;medium;"Direkte Anrufung: 'minne, la mich vri!', danach 'du solt/du hast'; Minne als handelnde Figur.";gebt ime des lîbes tôt , daz wirt deme lîbe ein iemer leben . / **minne** , lâ mich vrî ! / du solt mich eine wîle sunder liebe lân .
MDE.tei.xml;MDE_102030_13;minne;3;REVIEW;confidence;nein;;;;;;;lemma_4130;NAM;medium;Direkte Anrufung 'owe minne' mit Anrede 'der din ane moehte sin' (dein).;< des enmac ich niht gelouben , sît mîn herze ist unerlôst . > / alsô redeten zwei geliebe , dô si von ein ander schieden . owê **minne** , / der dîn âne möhte sîn , daz waeren sinne .
MEL.tei.xml;MEL_12010_1;minne;1201;REVIEW;confidence;nein;;;;;;;lemma_4130;NAM;medium;"Minne als handelndes Subjekt: 'diu minne ir herze also besaz'; Personifikation moeglich.";lange nâch ein ander sît . / diu **minne** ir herze alsô besaz , / ietwederz des andern niht vergaz
MEL.tei.xml;MEL_12200_3;minne;1220;REVIEW;confidence;nein;;;;;;;lemma_4130;NOM;medium;"Possessiv 'ir minne' als Subjekt zu gebot; personengebundene Liebe, keine Figur.";sô wart er bleich und dar nâch rôt , / als im ir **minne** gebôt . / etwenne saz er âne sin
MEL.tei.xml;MEL_13620_6;minne;1362;REVIEW;confidence;nein;;;;;;;lemma_4130;NAM;medium;Minne als zwingende Instanz: 'diu minne ir juncfrowen sere twanc'.;diu het ouch vil guote sinne . / si verstuont sich wol daz diu **minne** / ir juncfrowen sêre twanc
MEL.tei.xml;MEL_13760_2;minne;1376;REVIEW;confidence;nein;;;;;;;lemma_4130;NAM;medium;Handelndes Subjekt mit Zwang: 'diu sueze minne in sere twanc'.;swie sanfte er lac , im was doch lanc : / diu süeze **minne** in sêre twanc . / von den gedanken muost er wachen .
MEL.tei.xml;MEL_13780_3;minne;1378;REVIEW;confidence;nein;;;;;;;lemma_4130;NAM;medium;Agens mit Willen: 'kan diu minne machen', danach 'si twinget swen si twingen wil'.;von den gedanken muost er wachen . / sus kan diu **minne** machen / an werden liuten noch ir spil .
MEL.tei.xml;MEL_13960_0;minne;1396;REVIEW;confidence;nein;;;;;;;lemma_4130;NAM;medium;Handelnde Instanz: 'minne solich wunder tuot', danach 'lat si mangen man'.;als dâ vor , daz ist unstaeter muot . / **minne** solich wunder tuot . / dâ bî lât si mangen man ,
MEL.tei.xml;MEL_14080_1;minne;1408;REVIEW;confidence;nein;;;;;;;lemma_4130;NAM;medium;Direkte Anrede mit frou: 'frou minne, deist gen iu min clage'.;mit iuwerm râte sîne tage , / frou **minne** , deist gên iu mîn clage / daz ir dem niht helfe tuot
MEL.tei.xml;MEL_18120_3;minne;1812;REVIEW;confidence;nein;;;;;;;lemma_4130;NAM;medium;Minne als lehrende Instanz: 'als in diu minne lerte'.;mit liebe an si kêrte , / als in diu **minne** lêrte . / des wart diu meisterinne frô .
MEL.tei.xml;MEL_18250_4;minne;1825;REVIEW;confidence;nein;;;;;;;lemma_4130;NAM;medium;Direkte Anrufung: 'owe minne, daz du mine sinne mir so gar hast benomen'.;dô erschrac diu süeze reine . / si sprach < owê **minne** , / daz du mîne sinne
MEL.tei.xml;MEL_18330_1;minne;1833;REVIEW;confidence;nein;;;;;;;lemma_4130;NAM;medium;Anrede mit frou und ir: 'frou minne, da sit ir schuldic an'.;sol ich die triuwe hân verlorn / frou **minne** , dâ sît ir schuldic an . / sît ir wîp unde man
MEL.tei.xml;MEL_25760_3;minne;2576;REVIEW;confidence;nein;;;;;;;lemma_4130;NAM;medium;Minne als Angreiferin: 'bestuont diu minne den werden degen und twanc in'.;durch slâf und ruowe solde pflegen , / sô bestuont diu **minne** den werden degen / und twanc in des mit ir craft
MEL.tei.xml;MEL_25820_4;minne;2582;REVIEW;confidence;nein;;;;;;;lemma_4130;NAM;medium;Zwingende Instanz als Subjekt: 'des twanc in diu minne'.;mit allem sînem sinne / des twanc in diu **minne** . / diu nôt im sô nâhen gie
MEL.tei.xml;MEL_26070_3;minne;2607;REVIEW;confidence;nein;;;;;;;lemma_4130;NAM;medium;Zwingende Instanz: 'daz dich diu minne twinget', danach 'swen si bestat mit gewalt'.;ich brüefe an den gebaerden dîn / daz dich diu **minne** twinget / diu dicke kumber bringet ,
MEL.tei.xml;MEL_33080_1;minne;3308;REVIEW;confidence;nein;;;;;;;lemma_4130;NAM;medium;Minne als weisende Instanz: 'diu minne in also wiset'.;der frowen arm geprîset . / diu **minne** in alsô wîset / daz er diu kleinâte truoc
MEL.tei.xml;MEL_38650_4;minne;3865;REVIEW;confidence;nein;;;;;;;lemma_4130;NAM;medium;Handelndes Subjekt: 'diu strenge minne verkerte sine sinne'.;underwîlen fuogt ez sich sô / daz im diu strenge **minne** / verkêrte sîne sinne
MEL.tei.xml;MEL_41130_4;minne;4113;REVIEW;confidence;nein;;;;;;;lemma_4130;NAM;medium;Zwingende Instanz: 'des twanc si diu minne, diu krenket hohe sinne'.;ir herze dicke wenken . / des twanc si diu **minne** , / diu krenket hôhe sinne .
MEL.tei.xml;MEL_41150_1;minne;4115;REVIEW;confidence;nein;;;;;;;lemma_4130;NAM;medium;Lehrende Instanz: 'diu minne si daz lerte'.;diu krenket hôhe sinne . / diu **minne** si daz lêrte / daz si dicke ir muot verkêrte ,
MEL.tei.xml;MEL_41900_1;minne;4190;REVIEW;confidence;nein;;;;;;;lemma_4130;NOM;medium;"Subjekt zu 'brahte', kausal wie bei Abstrakta; schwache Agentivitaet, keine klare Figur.";an die maget gedâhte : / diu **minne** im danne brâhte / die gedanke daz der werde man
MEL.tei.xml;MEL_73520_2;minne;7352;REVIEW;confidence;nein;;;;;;;lemma_4130;NAM;medium;Gebietende Instanz: 'als diu minne im daz gebot'.;vor liebe bleich und dar nâch rôt , / als diu **minne** im daz gebôt . / dô er si nennen hôrte ,
MEL.tei.xml;MEL_75060_2;minne;7506;REVIEW;confidence;nein;;;;;;;lemma_4133;VRB;medium;"Verb mit Objekt 'iuwer niftel'; Apposition 'die kuengin' im Akkusativ stuetzt die Verblesart.";von herzen und von sinne / iuwer niftel **minne** , / die küngin von camerîe .
MEL.tei.xml;MEL_123120_3;minne;12312;REVIEW;confidence;nein;;;;;;;lemma_4130;NAM;medium;Zwingende Instanz als Subjekt: 'wan in diu minne sere twanc'.;daz der tac was sô lanc , / wan in diu **minne** sêre twanc . / swie vil man dâ fröuden pflac ,
MFH.tei.xml;MFH_1150101_5;minne;1;REVIEW;confidence;nein;;;;;;;lemma_4130;NAM;medium;Minne handelt artikellos: hat mich gelazen, diu mich betwanc.;ir ie was undertân . / wâfenâ , wie hat mich **minne** gelâzen ! / diu mich betwanc , daz ich lie mîn gemüete
MFH.tei.xml;MFH_1150401_0;minne;1;REVIEW;confidence;nein;;;;;;;lemma_4130;NAM;medium;Direkte Anrufung: minne, got mueze mich an dir rechen.;sô wolt ich dar an gelouben iemer mêre . / **minne** , got müeze mich an dir rechen ! / wie vil dû mînem herzen der vröiden wendest !
MHA.tei.xml;MHA_1170105_3;minne;5;REVIEW;confidence;nein;;;;;;;lemma_4130;NAM;medium;Minne handelt: vienc mich, lie mich varn, hat mir enboten.;ich sage wol vür wâr die reise mîn . / mich vienc diu **minne** und lie mich varn ûf mîne sicherheit . / nu hât si mir enboten bî ir liebe , daz ich var .
MHA.tei.xml;MHA_1170304_3;minne;4;REVIEW;confidence;nein;;;;;;;lemma_4130;NOM;medium;"Subjekt mit Artikel diu; Personifikationslesart bleibt offen.";ich wil mich rüemen , ich mac wol von minnen singen , / sît mich diu **minne** hât und ich si hân . / daz ich dâ wil , seht , daz wil alse gerne haben mich .
MHM.tei.xml;MHM_1140101_7;minne;1;REVIEW;confidence;nein;;;;;;;lemma_4130;NAM;medium;Minne schwoert mit Herz und Schoene den Bund: handelnde Figur.;daz ich des schînen von ir niht enhân . / mîn herze , ir schoene und diu **minne** habent gesworn / zuo ein ander , des ich waene , ûf mîner vröuden tôt .
MHM.tei.xml;MHM_1140104_2;minne;4;REVIEW;confidence;nein;;;;;;;lemma_4130;NAM;medium;Direkte Anrede mit Imperativ: owe, minne, gebent ein teil.;zwiu habent diu driu mich einen dar zuo erkorn ? / ôwê , **minne** , gebent ein teil der lieben mîner nôt , / teilent si ir sô mite , daz sî gedanke ouch machen rôt .
MHM.tei.xml;MHM_1250203_7;minne;3;REVIEW;confidence;nein;;;;;;;lemma_4130;NAM;medium;Gestaltvergleich sam diu minne setzt die Liebe als Figur voraus.;seht an ir kele wîz und prüevent ir munt . / si ist âne lougen gestalt sam diu **minne** . / mir wart von vrouwen so liebez nie kunt .
MHM.tei.xml;MHM_1320201_0;minne;1;REVIEW;confidence;nein;;;;;;;lemma_4130;NAM;medium;Minne handelt artikellos: mehret Freude, brahte die Frau im Traum.;von der mir bî liebe leides vil geschach . / **minne** , diu der werelde ir vröude mêret , / seht , diu brâhte in troumes wîs die vrouwen mîn ,
MHM.tei.xml;MHM_2110207_7;minne;7;REVIEW;confidence;nein;;;;;;;lemma_4130;NOM;medium;Zitiertes Wort der Voegel: Nennform des Substantivs.;< ein sitich unde ein star âne sinne / wol gelerneten , daz siu sprâchen « **minne** » > , / wol , sprich daz unde habe des iemer danc .
MHR.tei.xml;MHR_1010501_0;minne;1;REVIEW;confidence;nein;;;;;;;lemma_4130;NOM;medium;"Subjekt zu minnet im Wortspiel; agentiv, daher zweite Lesart offen.";des sint siu beidiu unbehuot . > / **minne** minnet staeten man . / ob er ûf minne minnen wil ,
MHR.tei.xml;MHR_1010508_4;minne;8;REVIEW;confidence;nein;;;;;;;lemma_4130;NOM;medium;"Mittelposition als Objekt; daz-Satz ist verbletzt, Wortspiel offen.";die minne erzeige ich mit der minne , / daz ich ûf minne **minne** minne . / die minne meine ich an ein wîp .
MHR.tei.xml;MHR_1010508_5;minne;8;REVIEW;confidence;nein;;;;;;;lemma_4133;VRB;medium;"Letztposition im daz-Satz: finites Verb; Wortspiel bleibt offen.";die minne erzeige ich mit der minne , / daz ich ûf minne minne **minne** . / die minne meine ich an ein wîp .
MHR.tei.xml;MHR_1030105_3;minne;5;REVIEW;confidence;nein;;;;;;;lemma_4130;NOM;medium;"Subjekt mit Artikel diu; agentiv (benimt, ir lere), Lesart offen.";si ist mir vor liebe ze verre in dem muote . / daz tuot diu **minne** , diu benimt mir die sinne , / wand ich mich kêre nâch ir lêre ze vil ,
MHR.tei.xml;MHR_1080204_3;minne;4;REVIEW;confidence;nein;;;;;;;lemma_4130;NOM;medium;"Artikelloses Subjekt zu gnade taete; leicht personifiziert.";nâch rehte liez ich mînen strît , / daz mir ie **minne** lônes gnâde taete . / nu gemachet valscher liute nît ,
MHV.tei.xml;MHV_1010301_4;minne;1;REVIEW;confidence;nein;;;;;;;lemma_4130;NOM;medium;"'al ze hôhe minne' als Subjekt zu 'brâhten mich ûz dem sinne'; nominale Lesart, aber Numerus unklar.";noch sêre vürhte ich ir zorn . / al ze hôhe **minne** / brâhten mich ûz dem sinne .
MHV.tei.xml;MHV_1250101_1;minne;1;REVIEW;confidence;nein;;;;;;;lemma_4130;NAM;medium;Minne wird gebeten und angerufen und hat den Sprecher verwunnen: personifizierte Instanz.;niuwes loubes an der linde . / die **minne** bit ich unde man , / diu mich hât verwunnen al ,
MHV.tei.xml;MHV_1260101_1;minne;1;REVIEW;confidence;nein;;;;;;;lemma_4130;NAM;medium;'diu minne betwanc salomône': Minne zwingt als handelnde Macht (Minnesklaven-Topos).;sô verliuse ich ze vil dar an . / diu **minne** betwanc salomône , / der was der alrewîseste man ,
MHV.tei.xml;MHV_1310107_3;minne;7;REVIEW;confidence;nein;;;;;;;lemma_4130;NAM;medium;'wan sî diu minne noch nie betwanc': Minne als zwingende handelnde Macht.;des die tumben niene beginnen , / wan sî diu **minne** noch nie betwanc - / noch ir herze ruochte enbinden .
MHV.tei.xml;MHV_1330104_1;minne;4;REVIEW;confidence;nein;;;;;;;lemma_4130;NOM;medium;"Subjekt mit Artikel: 'diu minne, diu mîn herze umbevâhet'; Metapher, Personifikation bleibt denkbar.";sît al mîn leit nâch liebe ergât . / diu **minne** ist , diu mîn herze al umbevâhet . / dâ ist nie dehein dorpeit under
MML.tei.xml;MML_10101_1;minne;1;REVIEW;confidence;nein;;;;;;;lemma_4130;NOM;medium;"Refrain: minne als artikelloses Subjekt zu besaz; agentivisch, Personifikations-Lesart bleibt offen.";da **minne** menshin muot besaz , / ir wunder wolte dobin
MML.tei.xml;MML_10201_1;minne;1;REVIEW;confidence;nein;;;;;;;lemma_4130;NOM;medium;"Refrain: artikelloses agentivisches Subjekt zu besaz; Personifikations-Lesart bleibt offen.";minne ist ein er unde ein sie , zwei lieb ane uobel , ein zwivaltig guot . / da **minne** menshin muot besaz , / sich huob unstedekeit
MML.tei.xml;MML_10301_1;minne;1;REVIEW;confidence;nein;;;;;;;lemma_4130;NOM;medium;"Refrain: artikelloses agentivisches Subjekt zu besaz; Personifikations-Lesart bleibt offen.";huot dich for sullichim shadin , unde wilt duo plegin rehtir wicz . / da **minne** menshin muot besaz , / uf grozin ungewin
MML.tei.xml;MML_10401_1;minne;1;REVIEW;confidence;nein;;;;;;;lemma_4130;NOM;medium;"Refrain: artikelloses agentivisches Subjekt zu besaz; Personifikations-Lesart bleibt offen.";minner , la dich findin fruot , wande duo bist godis lib geshaft . / da **minne** menshin muot besaz , / ir wundir warin vil .
MML.tei.xml;MML_10501_2;minne;1;REVIEW;confidence;nein;;;;;;;lemma_4130;NOM;medium;"Refrain: artikelloses agentivisches Subjekt zu besaz; Personifikations-Lesart bleibt offen.";minne , die da wandil drage , vil liebir frunt , duo gar verhiel . / < da **minne** menshin muot besaz , / wen hette sie da vor
MML.tei.xml;MML_10601_1;minne;1;REVIEW;confidence;nein;;;;;;;lemma_4130;NOM;medium;"Refrain: artikelloses agentivisches Subjekt zu besaz; Personifikations-Lesart bleibt offen.";seht , der minne folgit nach , sa werd ir niht in shandin wunt . / da **minne** menshin muot besaz , / e was sie wordin kunt
MML.tei.xml;MML_10701_1;minne;1;REVIEW;confidence;nein;;;;;;;lemma_4130;NOM;medium;"Refrain: artikelloses agentivisches Subjekt zu besaz; Personifikations-Lesart bleibt offen.";shuohit hohfart , minnet minne , sa wierd uwir selde breit . / da **minne** menshin muot besaz / uf wandillichiu ker ,
MML.tei.xml;MML_10801_1;minne;1;REVIEW;confidence;nein;;;;;;;lemma_4130;NOM;medium;"Refrain: artikelloses agentivisches Subjekt zu besaz; Personifikations-Lesart bleibt offen.";muotirliche jungin lib , sie kunde sin mit minne plegin . / da **minne** menshin muot besaz , / david , daz wart dir kunt .
MML.tei.xml;MML_11301_1;minne;1;REVIEW;confidence;nein;;;;;;;lemma_4130;NOM;medium;"Refrain: artikelloses agentivisches Subjekt; Folgevers sie wart paulo bekant haelt Personifikation offen.";werde zuo deile minninclich , behuode uns for der helle grunt . / da **minne** menshin muot besaz , / sie wart paulo bekant ,
MML.tei.xml;MML_11401_1;minne;1;REVIEW;confidence;nein;;;;;;;lemma_4130;NOM;medium;"Refrain: artikelloses agentivisches Subjekt; Folgevers petre, waz det sie dir haelt Personifikation offen.";der nach paulo minnin kan , den ruore nummir hellebrant . / da **minne** menshin muot besaz , / petre , waz det sie dir ?
MML.tei.xml;MML_11405_4;minne;5;REVIEW;confidence;nein;;;;;;;lemma_4130;NOM;medium;"Praeposition und Artikel: von der minne; Fortsetzung sie habe betwungin dich laesst NAM-Lesart offen.";sage ane , iz ist mins herzin gir . / duo mir von der **minne** kunt , wie daz sie habe betwungin dich . / < marner , ich wil dir sagin daz ,
MML.tei.xml;MML_11501_2;minne;1;REVIEW;confidence;nein;;;;;;;lemma_4130;NOM;medium;"Refrain: artikelloses agentivisches Subjekt zu besaz; Personifikations-Lesart bleibt offen.";reiniz wib , erweltir man , an sus getane minne sich . / < da **minne** menshin muot besaz , / ir sin was wandels fri .
MML.tei.xml;MML_11601_2;minne;1;REVIEW;confidence;nein;;;;;;;lemma_4130;NOM;medium;"Refrain: artikelloses agentivisches Subjekt zu besaz; Personifikations-Lesart bleibt offen.";folgit , same die guote det , sa wirt uch minne gnade bereit . / < da **minne** menshin muot besaz , / wer hette sie uz gesant ?
MML.tei.xml;MML_11701_1;minne;1;REVIEW;confidence;nein;;;;;;;lemma_4130;NOM;medium;"Refrain: artikelloses agentivisches Subjekt zu besaz; Personifikations-Lesart bleibt offen.";folgit wisir lere gar , daz wird der sele rich vernunst . > / da **minne** menshin muot besaz , / wie sie do deilte sich ?
MML.tei.xml;MML_11705_12;minne;5;REVIEW;confidence;nein;;;;;;;lemma_4130;NOM;medium;"Artikel: die minne als Subjekt zu twang; zwingende Minne haelt NAM-Lesart offen.";da er in notin jemirlich / durch uns an deme cruoce stunt , dar zuo twang ien die **minne** do . / der eime diebe , wizzint daz ,
MML.tei.xml;MML_11708_3;minne;8;REVIEW;confidence;nein;;;;;;;lemma_4130;NOM;medium;"Artikelloses agentivisches Subjekt zu twang; NAM-Lesart bleibt offen.";bi ieme da hieng gelich , / den twang doch **minne** , also ich iz las , / er sprach : < min herre , erbarme dich ! >
MML.tei.xml;MML_11714_2;minne;14;REVIEW;confidence;nein;;;;;;;lemma_4130;NOM;medium;"Subjekt zu quam zuo helfe mit Apposition crist jesus; Personifikations-Lesart bleibt offen.";ie forteclich gelegin , / den quam **minne** minninclich zuo helfe , crist jesus , der degin . / sinir bittirlichin not manig sele do genoz ,
MNB.tei.xml;MNB_3006290_0;minne;629;REVIEW;confidence;nein;;;;;;;lemma_4130;NAM;medium;Direkte Anrede mit du (minne, du bist niht anders): Apostrophe an die personifizierte Minne.;und heissest mynne ane zorn . / **minne** , du bist niht anders , sich , / wiße , wanne ein vernunfticlich
MNB.tei.xml;MNB_3007160_1;minne;716;REVIEW;confidence;nein;;;;;;;lemma_4130;NOM;medium;"Subjekt eines gnomischen Satzes (minne ueberwindet alle Sinne); danach die mynne mit Artikel.";und wo von sie erblindet . / syt **minne** nu uber windet / alle menschliche synne ,
MNB.tei.xml;MNB_3008170_0;minne;817;REVIEW;confidence;nein;;;;;;;lemma_4130;NAM;medium;Anaphorische Apostrophe mit du (minne, du enfurchtest): Minne wird direkt angerufen.;wa du niht in den dingen bist . / **minne** , du enfurchtest kein geschicht . / minne , du enmissetruwest niht .
MNB.tei.xml;MNB_3008180_0;minne;818;REVIEW;confidence;nein;;;;;;;lemma_4130;NAM;medium;Anaphorische Apostrophe mit du (minne, du enmissetruwest niht): direkte Anrufung.;minne , du enfurchtest kein geschicht . / **minne** , du enmissetruwest niht . / minne , du hassest unstetikeit .
MNB.tei.xml;MNB_3008190_0;minne;819;REVIEW;confidence;nein;;;;;;;lemma_4130;NAM;medium;Anaphorische Apostrophe mit du (minne, du hassest unstetikeit): direkte Anrufung.;minne , du enmissetruwest niht . / **minne** , du hassest unstetikeit . / minne , du bist an kunterfeit
MNB.tei.xml;MNB_3008200_0;minne;820;REVIEW;confidence;nein;;;;;;;lemma_4130;NAM;medium;Anaphorische Apostrophe mit du (minne, du bist an kunterfeit): direkte Anrufung.;minne , du hassest unstetikeit . / **minne** , du bist an kunterfeit / daz getruweste dink uff erden .
MNB.tei.xml;MNB_3008220_0;minne;822;REVIEW;confidence;nein;;;;;;;lemma_4130;NAM;medium;Apostrophe mit du und Possessiv (minne, du hast dinen werden frunt): direkte Anrufung.;daz getruweste dink uff erden . / **minne** , du hast dinen werden / frunt als dich selber liep .
MNB.tei.xml;MNB_3008250_0;minne;825;REVIEW;confidence;nein;;;;;;;lemma_4130;NAM;medium;Apostrophe (minne, din gemintz versmehstu niht): Anrede mit du/din.;du stilest leit reht sam ein diep . / **minne** , din gemintz versmehstu niht . / minne , du liebest alle geschicht
MNB.tei.xml;MNB_3008260_0;minne;826;REVIEW;confidence;nein;;;;;;;lemma_4130;NAM;medium;Apostrophe mit du (minne, du liebest alle geschicht): direkte Anrufung.;minne , din gemintz versmehstu niht . / **minne** , du liebest alle geschicht / die uz gut sin gefloßen .
MNB.tei.xml;MNB_3008280_0;minne;828;REVIEW;confidence;nein;;;;;;;lemma_4130;NAM;medium;Apostrophe mit du (minne, du bist auch unverdroszen): direkte Anrufung.;"die uz gut sin gefloßen . / **minne** , du bist auch unverdroßen ; / und alle dink die sin ane dich ,"
MNB.tei.xml;MNB_3008300_0;minne;830;REVIEW;confidence;nein;;;;;;;lemma_4130;NAM;medium;Eingeschobener Vokativ in der du-Anrede-Reihe (ane dich, minne, gar verdrossenlich).;und alle dink die sin ane dich , / **minne** , gar verdrossenlich , / in den du niht enringest .
MNB.tei.xml;MNB_3008320_0;minne;832;REVIEW;confidence;nein;;;;;;;lemma_4130;NAM;medium;Apostrophe mit du (minne, alle dink du twingest): direkte Anrufung der Zwingenden.;"in den du niht enringest . / **minne** , alle dink du twingest ; / so mag kein dink betwingen dich ,"
MNB.tei.xml;MNB_3008420_0;minne;842;REVIEW;confidence;nein;;;;;;;lemma_4130;NAM;medium;Apostrophe mit du (minne, wenn du an gevehest): direkte Anrufung.;und dich zu im genehest . / **minne** , wenn du an gevehest , / so bistu krank und siehest wol
MNB.tei.xml;MNB_3008710_0;minne;871;REVIEW;confidence;nein;;;;;;;lemma_4130;NAM;medium;Apostrophe mit din (minne, din nutz ist unveraffet): direkte Anrufung.;der meister sprach : < zwar daz bistu ! / **minne** , din nutz ist unveraffet . / din macht dez hymels wegung schaffet ,
MNB.tei.xml;MNB_3008900_0;minne;890;REVIEW;confidence;nein;;;;;;;lemma_4130;NAM;medium;Apostrophe mit din (minne, din tugenthaften rete): direkte Anrufung.;wann als du woldest , daz man dir tet . / **minne** , din tugenthaften rete / schaffen allen dingen suen .
MNB.tei.xml;MNB_3009390_0;minne;939;REVIEW;confidence;nein;;;;;;;lemma_4130;NAM;medium;Vokativ mit dich (minne, wer dich by ym hat): direkte Anrede der Figur.;< der bosten dinge daz eines ist , / **minne** , wer dich by ym hat , / der dich dann alleine lat .
MNB.tei.xml;MNB_3009570_0;minne;957;REVIEW;confidence;nein;;;;;;;lemma_4130;NOM;medium;"Akkusativobjekt des Infinitivs (minne allein zu laszen); Personifikations-Lesart bleibt moeglich.";und auch ungehurlich / **minne** allein zu laßen , / ich mein in sulher moßen :
MNB.tei.xml;MNB_3010410_0;minne;1041;REVIEW;confidence;nein;;;;;;;lemma_4130;NAM;medium;Vokativ vor Imperativ sich = sieh und du-Anrede (da lihestu): Minne wird angesprochen.;beltzet ir frucht und sete , / **minne** sich , da lihestu / dines stames saff niht zu .
MNB.tei.xml;MNB_3013100_0;minne;1310;REVIEW;confidence;nein;;;;;;;lemma_4130;NAM;medium;Vokativ mit dir (minne, by dir auch wonen sol): direkte Anrede.;die zemen diner geburt wol . / **minne** , by dir auch wonen sol / verswigen und wisheit ,
MNB.tei.xml;MNB_3015910_6;minne;1591;REVIEW;confidence;nein;;;;;;;lemma_4130;NAM;medium;Vokativ mit Interjektion (ey minne zart) und din: direkte Anrufung.;gerucht zu erste ir diner sin , / din schatz uff mich , ey **minne** zart , / steten syfrid geerbet wart .
MNB.tei.xml;MNB_3016000_0;minne;1600;REVIEW;confidence;nein;;;;;;;lemma_4130;NAM;medium;Vokativ mit Imperativ (minne, wende noch ires zornes grat): Minne wird um Handeln gebeten.;ez tet ir heunen missetat . / **minne** , wende noch ires zornes grat / der usserwelten frawen zart
MNB.tei.xml;MNB_3020900_0;minne;2090;REVIEW;confidence;nein;;;;;;;lemma_4130;NAM;medium;Vokativ mit din (minne, din grosze meisterschaft): direkte Anrufung.;sin varb auch under ein ander get . / **minne** , din große meisterschaft / hat auch also große kraft ,
MNB.tei.xml;MNB_3021940_0;minne;2194;REVIEW;confidence;nein;;;;;;;lemma_4130;NAM;medium;Vokativ mit du (minne, syt du meisterscheftig bist): direkte Anrede.;der meyster sprach : < daz sag ich dir . / **minne** , syt du meisterscheftig / bist ein wirker kreftig ,
MNB.tei.xml;MNB_3030620_0;minne;3062;REVIEW;confidence;nein;;;;;;;lemma_4130;NAM;medium;Vokativ mit dinen/din und Aufforderung (uns alle sage): direkte Anrede der Figur.;daz dink an gerechtikeit laßen . / **minne** , dinen kumer großen / und din not und din clage
MNB.tei.xml;MNB_3031580_0;minne;3158;REVIEW;confidence;nein;;;;;;;lemma_4130;NAM;low;"Wohl Dativ der Allegorie-Figur (der Minne wurden die burgtor uff gesloszen); auch als Abstraktum lesbar.";daz ir gehort habt hie vor . / **minne** wurden do die burgtor / uff gesloßen uber al .
MNB.tei.xml;MNB_3032080_0;minne;3208;REVIEW;confidence;nein;;;;;;;lemma_4130;NAM;medium;Vokativ mit dinen (minne ... von dinen suszen reten): direkte Anrede um Trost.;wie mich noch trosten sulle gehuere , / **minne** , ein zertlich abentuere / von dinen sußen reten .
MNB.tei.xml;MNB_3037550_1;minne;3755;REVIEW;confidence;nein;;;;;;;lemma_4130;NAM;medium;Direkte Anrede mit ir (minne, ir wonet wandels fry): die Wisheit spricht die Figur an.;die wisheit synneclich do sprach : / < **minne** , ir wonet wandels fry / von natur nuer den besten by .
MNB.tei.xml;MNB_3046140_1;minne;4614;REVIEW;confidence;nein;;;;;;;lemma_4130;NAM;medium;Explizit fraw minne als Angeredete neben fraw truwe: Personifikation.;< die clag und auch min vorder rede , / fraw **minne** , habt ir gehoret bede > , / also sprach fraw truwe .
MR1.tei.xml;MR1_10011000001_3;minne;;REVIEW;confidence;nein;;;;;;;lemma_4130;NOM;medium;"Titel mit Artikel-Genitiv (der minne gericht): Substantiv; Gerichtsherrin-Lesart bleibt moeglich.";1 . der **minne** gericht .
MR1.tei.xml;MR1_20361015400_4;minne;154;REVIEW;confidence;nein;;;;;;;lemma_4130;NAM;medium;Direkte Anrede mit du und Adjektiv (so bistu, arme minne): Minne spricht ueber sich bzw. wird angeredet.;wie man mich wol gewinne . / so bistu , arme **minne** , / an mengen enden önwerde ,
MR1.tei.xml;MR1_60962008000_1;minne;80;REVIEW;confidence;nein;;;;;;;lemma_4130;NOM;medium;"Gnomisches Subjekt (minne sere darnach ye gruop); zuvor die mynne mit Artikel.";da sich die mynne an in erhuop ! / wanne **minne** sere darnach ye gruop / wie sich gehielte wip und man .
MR1.tei.xml;MR1_120202000001_3;minne;;REVIEW;confidence;nein;;;;;;;lemma_4130;NOM;medium;"Titel mit Artikel-Genitiv (der minne gericht): Substantiv; Gerichtsherrin-Lesart bleibt moeglich.";mir hail durch ewr güt . damit uns gott alle behütt ! 12 . der **minne** gericht . des morgens in dem külen tow kam ich gegangen in ain ow spatzieren
MR1.tei.xml;MR1_140482000001_3;minne;;REVIEW;confidence;nein;;;;;;;lemma_4130;NAM;medium;Titel mit frau minne als handelnder Figur (frau minne weisz rat): Personifikation.;ee geschehen . was wyltu dar zuo jenhen ? > amen . 14 . frau **minne** weiß rat . ich tuo durch fröden verjehen hie wie ich an ainem morgen gie
MR2.tei.xml;MR2_30035120227100_3;minne;227;REVIEW;confidence;nein;;;;;;;lemma_4130;NOM;medium;"Handelndes Subjekt (vuoicht eyme ein leifkyy); abstrakter Traktatgebrauch, Personifikation bleibt denkbar.";rych , gheweldich , edel , fry , / vuoicht eyme dan **minne** ein leifkyy / neit so von arde noch so rych ,
MR2.tei.xml;MR2_30035120229100_3;minne;229;REVIEW;confidence;nein;;;;;;;lemma_4130;NOM;medium;"Handelndes Subjekt (chan machen gelych); Sentenz ueber die Liebe, schwache Personifikation moeglich.";neit so von arde noch so rych , / so chan machen **minne** gelych / den leiven hertze , mueet und sin ,
MR2.tei.xml;MR2_30035210235100_2;minne;235;REVIEW;confidence;nein;;;;;;;lemma_4130;NOM;medium;"Subjekt (mircte ghein ungelych) im Lehrsatz; abstrakter Begriff, Personifikation nicht ganz auszuschliessen.";tuesschen arm und rych / ein mircte **minne** ghein ungelych . / dar uem lert ein lerar sus ,
MR2.tei.xml;MR2_30035210238100_0;minne;238;REVIEW;confidence;nein;;;;;;;lemma_4130;NOM;medium;"Subjekt im Hieronymus-Zitat (minne bint gelych); Sentenz, schwache Personifikation moeglich.";die gheheyst iherominus : / **minne** bint ghelych of macht gelych / czwey dee in duechden minnent sich ,
MR2.tei.xml;MR2_30035210244100_1;minne;244;REVIEW;confidence;nein;;;;;;;lemma_4130;NOM;medium;"Handelndes Subjekt (kan gelichen); Traktat-Sentenz, Personifikation bleibt denkbar.";das zee der minnen herste craft / das **minne** hoo neder kan gelichen / und dem armen mittem rychin
MR2.tei.xml;MR2_30035220286100_0;minne;286;REVIEW;confidence;nein;;;;;;;lemma_4130;NOM;medium;"Nominale Lesart im schwer deutbaren Vers (minne die not enwas verghiet); Syntax unsicher.";sulch zeichen brinct voort indelucht / **minne** die not enwas verghiet . / want als lief an leiven verspiet
MR2.tei.xml;MR2_30036110322100_1;minne;322;REVIEW;confidence;nein;;;;;;;lemma_4130;NOM;medium;"Handelndes Subjekt (neit anderz bidden kan); Lehrsatz, Personifikation bleibt denkbar.";ouch haf das van minre lere / das **minne** neit anderz bidden kan , / id indo virsuoichen dan .
MR2.tei.xml;MR2_30036110347100_3;minne;347;REVIEW;confidence;nein;;;;;;;lemma_4130;NOM;medium;"Handelndes Subjekt (chan versagen neit); Sentenz ueber rechte Minne, Personifikation moeglich.";wa man doch rechter minnen pliet , / da in chan **minne** versagen neit , / want minne enbeid neit dan gelich .
MR2.tei.xml;MR2_30036120348100_1;minne;348;REVIEW;confidence;nein;;;;;;;lemma_4130;NOM;medium;"Handelndes Subjekt (enbeid neit dan gelich); Sentenz, Personifikation moeglich.";da in chan minne versagen neit , / want **minne** enbeid neit dan gelich . / da mede brech ich dir dem krych ,
MR2.tei.xml;MR2_30036120363100_1;minne;363;REVIEW;confidence;nein;;;;;;;lemma_4130;NOM;medium;"Handelndes Subjekt (trueilich hat geleist); Lehrsatz, Personifikation bleibt denkbar.";wei das sevende zeichen heist . / wa **minne** trueilich hat geleist / zwey in genzzer stedicheit ,
MR2.tei.xml;MR2_30036120390100_1;minne;390;REVIEW;confidence;nein;;;;;;;lemma_4130;NOM;medium;"Handelndes Subjekt (verbint ir zweyer muoit); Sentenz, Personifikation moeglich.";dis ist din und das ist min . / wa **minne** verbint ir zweyer muoit , / da sal ein sin ir beider goit .
MRA.tei.xml;MRA_1120607_1;minne;7;REVIEW;confidence;nein;;;;;;;lemma_4130;NOM;medium;"Subjekt (git niuwan ungemach) im Konditionalsatz; abstrakt, leichte Personifikation moeglich.";des überhoere ich vil und tuon , als ich des niht verstê . / gît **minne** niuwan ungemach , / sô müeze minne unsaelic sîn .
MRA.tei.xml;MRA_1120608_2;minne;8;REVIEW;confidence;nein;;;;;;;lemma_4130;NOM;medium;"Subjekt mit Kopula: so mueze minne unsaelic sin; Verwuenschung des Abstraktums.";gît minne niuwan ungemach , / sô müeze **minne** unsaelic sîn . / die selben ich noch ie in bleicher varwe sach .
MRA.tei.xml;MRA_1380306_3;minne;6;REVIEW;confidence;nein;;;;;;;lemma_4130;NAM;medium;diu minne gebot den Menschen: gebietende Instanz, Personifikationsverdacht trotz Artikel.;den ez niht ze herzen gât / noch in diu **minne** nie gebôt , / die sprechent von der swaere mîn ,
MRA.tei.xml;MRA_1650106_2;minne;6;REVIEW;confidence;nein;;;;;;;lemma_4130;NOM;medium;"Wohl Genitivattribut zu saelikeit (ei, minne saelikeit); Anrede der Minne selbst nicht auszuschliessen.";ich han ein liep bî maniger arbeit . / ei , **minne** saelikeit , / wan wilduz an vröuden wenden ?
MRF.tei.xml;MRF_1010205_6;minne;5;REVIEW;confidence;nein;;;;;;;lemma_4130;NAM;medium;diu minne hat liste wider mich, braehte und leitet mich: handelnde Figur wie eine Person.;alsô hân ich mich ze spâte erkant / der grôzen liste , die diu **minne** wider mich hâte . / mit schoenen gebaerden si mich ze ir brâhte
MRF.tei.xml;MRF_1020101_0;minne;1;REVIEW;confidence;nein;;;;;;;lemma_4130;NAM;medium;minne gebiutet mir daz ich singe unde wil niht: gebietende, wollende Instanz.;mich von allen mînen vreuden vertrîbe . / **minne** gebiutet mir , daz ich singe / unde wil niht , daz mich iemer verdrieze ,
MRF.tei.xml;MRF_1020304_7;minne;4;REVIEW;confidence;nein;;;;;;;lemma_4130;NOM;medium;"Praeposition mit Artikel: lones von der minne; Minne als Lohnspenderin klingt an.";ez waere an mir ein sin , ob ich dâ baete , / dâ ich lônes mich versaehe von der **minne** . / lônes hân ich noch vil kleinen wân .
MRF.tei.xml;MRF_1030105_1;minne;5;REVIEW;confidence;nein;;;;;;;lemma_4130;NOM;medium;"Subjekt (hat mich braht in waen); metaphorische Agens-Rolle, Personifikation moeglich.";sô mugent si mit sange leider niht zergân , / wan **minne** hât mich brâht in sölhen wân , / dem ich sô lîhte niht mac entwenken ,
MRF.tei.xml;MRF_1030201_3;minne;1;REVIEW;confidence;nein;;;;;;;lemma_4130;NAM;medium;diu minne wolte mich eren, si hiez mich tragen: wollende und befehlende Figur.;wan ich ime lange her gevolget hân . / sît daz diu **minne** mich wolte alsus êren , / daz si mich hiez in dem herzen tragen ,
MRF.tei.xml;MRF_1050203_4;minne;3;REVIEW;confidence;nein;;;;;;;lemma_4130;NAM;medium;diu minne wil ir guete an mir zeigen: wollende Instanz mit Gewalt ueber den Sprecher.;"ir ûf gnâde ; der hât si gewalt . / ist , daz diu **minne** ir güete wil an mir zeigen , / sô ist al mîn kumber ze vröiden gestalt ."
MRL.tei.xml;MRL_10317_3;minne;17;REVIEW;confidence;nein;;;;;;;lemma_4130;NOM;medium;"Subjekt mit Artikel 'du minne kan teilen'; gnomische Aussage, Personifikation bleibt denkbar.";truogen ir herzen beide . / sus kan du **minne** / muot unde sinne
MRL.tei.xml;MRL_20209_2;minne;9;REVIEW;confidence;nein;;;;;;;lemma_4130;NOM;medium;"Subjekt ohne Artikel: 'noch hat minne werden man'; blasse Agensrolle, eher Abstraktum.";tristranden von minne dur ysalden dike we . / noch hat **minne** werden / man , der wirbet frowen gruos ,
MRL.tei.xml;MRL_20305_3;minne;5;REVIEW;confidence;nein;;;;;;;lemma_4130;NAM;medium;Tagelied-Szene: 'wachte da du minne' als wachende Figur, die den Ritter schuetzt.;sich umbe swief . / wachte da du **minne** , so / kumt der ritter wol von dan .
MRL.tei.xml;MRL_20307_0;minne;7;REVIEW;confidence;nein;;;;;;;lemma_4130;NAM;medium;'minne lach' im Tagelied: Minne als liegende, handelnde Figur neben unminne.;kumt der ritter wol von dan . / **minne** lach , unminne habe / unminne . entslus du , minne , tuo daz slos mit fuogen
MRL.tei.xml;MRL_20308_5;minne;8;REVIEW;confidence;nein;;;;;;;lemma_4130;NAM;medium;Direkte Anrede mit Imperativ: 'entslus du, minne, tuo daz slos'.;minne lach , unminne habe / unminne . entslus du , **minne** , tuo daz slos mit fuogen / du zit meldet melde .
MRL.tei.xml;MRL_40301_3;minne;1;REVIEW;confidence;nein;;;;;;;lemma_4130;NAM;medium;"Minne wird gescholten und handelt danach selbst ('si swachet ir eren'); personifiziert.";gefugel suessen schal . / ich wil die **minne** strafen : / si swachet
MRL.tei.xml;MRL_40402_1;minne;2;REVIEW;confidence;nein;;;;;;;lemma_4130;NOM;medium;"Subjekt mit Artikel 'du minne ... vur guot nimet'; gnomische Minnelehre.";schimpfwort , schimpfliches lachen / du **minne** / vur guot von dir nimet ,
MRL.tei.xml;MRL_40406_1;minne;6;REVIEW;confidence;nein;;;;;;;lemma_4130;NOM;medium;"Artikel 'die minne' mit stativem gezimet; nominale Lesart.";der sinne / die **minne** gezimet . / minne git zwein lieben einen muot und eine truwe .
MRL.tei.xml;MRL_40407_0;minne;7;REVIEW;confidence;nein;;;;;;;lemma_4130;NOM;medium;"Gnomische Aussage 'minne git zwein lieben einen muot'; Abstraktum als Subjekt.";die minne gezimet . / **minne** git zwein lieben einen muot und eine truwe . / wan daz ielich varwe ist gelfer in ir bluenden nuwe .
MRL.tei.xml;MRL_50211_0;minne;11;REVIEW;confidence;nein;;;;;;;lemma_4130;NAM;medium;Vokativische Anrede mit Imperativ: 'minne, la!'.;si giht : hie , dort unde da . / **minne** , la ! / sol unminne frundes minne heissen ?
MRL.tei.xml;MRL_50302_0;minne;2;REVIEW;confidence;nein;;;;;;;lemma_4130;NAM;medium;Vokativ mit Sprechaufforderung: 'minne, sprich'.;sol unminne frundes minne heissen ? / **minne** , sprich : / wie zimt diner frowen daz und ouch dir ?
MRL.tei.xml;MRL_70305_2;minne;5;REVIEW;confidence;nein;;;;;;;lemma_4130;NOM;medium;"Subjekt mit Artikel 'du minne letzet'; gnomische Klage ueber die Minne.";da ich gedæhte hin , / wie du **minne** letzet . / ir anegenge ist heis .
MRL.tei.xml;MRL_80207_7;minne;7;REVIEW;confidence;nein;;;;;;;lemma_4130;NOM;medium;"Subjekt mit Artikel 'du minne ... kunne pflegen'; nominale Lesart.";kanst du geben hohen muot . / i'n han niht versuochet , wie du **minne** ir frundes kunne pflegen . / swer bi liebe hat gelegen ,
MRS.tei.xml;MRS_1061706_2;minne;6;REVIEW;confidence;nein;;;;;;;lemma_4130;NOM;medium;"Nominal von 'werden' abhaengig: 'dem minne werden her' = des minnewerten; Konstruktion unklar.";die sungen von der heide , / von dem **minne** werden her , / von den vogeln , wie die bluomen sint gevar .
MRS.tei.xml;MRS_1071801_1;minne;1;REVIEW;confidence;nein;;;;;;;lemma_4130;NAM;medium;"Erzaehlte Handlung: 'do minne menschen muot besas, ir wunder wolde toben'; agierende Macht.";lug hat samen und ein krut , des wurze niht erdorren wil . / do **minne** menschen muot besas , / ir wunder wolde toben
MRS.tei.xml;MRS_1071812_4;minne;12;REVIEW;confidence;nein;;;;;;;lemma_4130;NOM;medium;"Artikel und Adjektiv 'du werde minne' im gnomischen Vergleich; nominale Lesart.";ein ieglich wurze verwet nach dem saffe ir bluomen bluot , / als ouch du werde **minne** ir frundes bilde tuot . / der minne varwe ist glanz ,
MRS.tei.xml;MRS_1071815_0;minne;15;REVIEW;confidence;nein;;;;;;;lemma_4130;NOM;medium;"Gnomische Aussage 'minne liebet unde leidet'; Abstraktum als Subjekt.";swa sich du zeiget ane meil , da wirt du werde minne ganz . / **minne** liebet unde leidet under wilent leit . / du minne treit
MRS.tei.xml;MRS_1071816_1;minne;16;REVIEW;confidence;nein;;;;;;;lemma_4130;NOM;medium;"Subjekt mit Artikel 'du minne treit lieb'; gnomische Fortsetzung der Minnedefinition.";minne liebet unde leidet under wilent leit . / du **minne** treit / mit gedultekeit
MSG.tei.xml;MSG_10108010_4;minne;1;REVIEW;confidence;nein;;;;;;;lemma_4130;NOM;medium;"Genitivattribut 'der minne pfeil'; Liebespfeil-Bild mit personifizierendem Beiklang.";dein schön sein götleich aug erwitert . / hat ie hievor der **minne** pfeil / drei ganz person so gar subteil
MVH.tei.xml;MVH_60400300_3;minne;3;REVIEW;confidence;nein;;;;;;;lemma_4130;NAM;medium;"'diu minne der minne gedaht': Minne denkt und lohnt; im Wortspiel agierende Macht.";dâz er die minne sô rehte wol minnet , / hât danne diu **minne** der minne gedâht / daz er des lôn von der minne gewinnet ,
MVH.tei.xml;MVH_60400700_0;minne;7;REVIEW;confidence;nein;;;;;;;lemma_4130;NAM;medium;"Subjekt von gebieten: 'minne gebot minne'; gebietende Minne im Wortspiel.";mîn minne diu sorget gar harte gein minne : / **minne** gebôt / minne ze dem der sich minne versinne .
MVH.tei.xml;MVH_60400800_0;minne;8;REVIEW;confidence;nein;;;;;;;lemma_4130;NOM;medium;"Objekt zu gebot: 'gebot minne ze dem'; im Wortspiel bleibt die Lesart offen.";minne gebôt / **minne** ze dem der sich minne versinne . / ich hân in mînem herzen fröide vil ,
MVL.tei.xml;MVL_1310107_3;minne;7;REVIEW;confidence;nein;;;;;;;lemma_4130;NOM;medium;"Artikel 'dî', Subjekt zu 'dwanc'; Zwingen-Topos laesst schwache Personifikation offen.";des dî dumbe nîne beginnen , / want sî dî **minne** nîne dwanc / noch here herte ne rachte binnen .
MVL.tei.xml;MVL_1330104_1;minne;4;REVIEW;confidence;nein;;;;;;;lemma_4130;NOM;medium;"Artikel 'dî', Subjekt: die minne umfaengt mein Herz; handelnde Abstraktion, Personifikation bleibt denkbar.";want al mîn leit te lîve ergeit . / dî **minne** is dî mîn herte al umbeveit . / dâ ne is negeine dumpheit under ,
MWE.tei.xml;MWE_10702110_1;minne;11;REVIEW;confidence;nein;;;;;;;lemma_4130;NAM;medium;"Minne als handelnde Helferin angerufen: 'hât minne an saelden teil, diu helfe mir'; Personifikation.";der tac wil niht erwinden . / hât **minne** an saelden teil , / diu helfe mir , daz ich dich noch mit vröiden müeze vinden . >
NEIC.tei.xml;NEIC_12003100_1;minne;10;REVIEW;confidence;nein;;;;;;;lemma_4130;NAM;medium;Direkte Anrufung 'susse minne mir gehaiß': Minne soll verheissen, personifiziert.;das sie darumb nicht enwais , / susse **minne** mir gehaiß , / ich súlle nicht verderben .
NML.tei.xml;NML_100200800_3;minne;8;REVIEW;confidence;nein;;;;;;;lemma_4130;NAM;medium;Direkte Anrufung mit Imperativ 'rat, edele minne': Personifikation.;ach daz tuot mir wê , ach die tuont mir wê . / rât , edele **minne** , daz sorge zergê . / ich sezte mînen fuoz
NML.tei.xml;NML_210300300_0;minne;3;REVIEW;confidence;nein;;;;;;;lemma_4130;NOM;medium;Gnomische Aussage 'minne hat ze sinne pfliht': abstraktes Subjekt, leicht agentiv.;dem der frouwen êre minnet . / **minne** hât ze sinne pfliht , / minne ist gar ein lieplich guot .
NML.tei.xml;NML_210300800_0;minne;8;REVIEW;confidence;nein;;;;;;;lemma_4130;NOM;medium;'minne vil gewaltes hat': gnomisch-abstrakt, aber agentive Lesart bleibt offen.;unminne ist ein missetât : / **minne** vil gewaltes hât , / herze zuo zeinander twingen kan der süezen minne rât .
NML.tei.xml;NML_220300800_2;minne;8;REVIEW;confidence;nein;;;;;;;lemma_4130;NOM;medium;"'waz diu minne kan': Artikel, Liebe als Macht; Personifikation nicht sicher.";dâ von lîde ich sendeclîchen smerzen . / waz diu **minne** widereffens kan ! / ich klage dir , sûre winter kalt ,
NML.tei.xml;NML_280100100_0;minne;1;REVIEW;confidence;nein;;;;;;;lemma_4130;NAM;medium;Direkte Anrede 'minne, ich klage dir': angerufene Personifikation.;vrô , verzaget ist dîn lîp . / **minne** , ich klage dir mînen kumber . / in weiz leider waz ich tumber
NML.tei.xml;NML_330000500_4;minne;5;REVIEW;confidence;nein;;;;;;;lemma_4130;NOM;medium;'diu minne hat mich ermant': religioes-abstrakte Liebe, agentive Lesart offen.;daz ich nâch der sinne was verdorben . / nû hât mich diu **minne** des ermant / daz krist durch uns ûf ertrîch wart gesant
NML.tei.xml;NML_360300500_3;minne;5;REVIEW;confidence;nein;;;;;;;lemma_4130;NOM;medium;'diu minne hat entzunt': konventionelle Liebesmacht, Personifikation offen.;dîn grimmen zorn an vînde rich ! / sint mich diu **minne** hât entzunt / und dîn zarte wîplich bilde ,
OVB.tei.xml;OVB_100000100_1;minne;1;REVIEW;confidence;nein;;;;;;;lemma_4130;NAM;medium;Anrede frou minne, ir lachet: personifizierte Frau Minne wird direkt angesprochen.;diu mich twanc unz morgen gen dem tage . > / frou **minne** , ir lachet mîner swære , / des ich mich nie hin ziu versach ,
OVG.tei.xml;OVG_1808100_2;minne;18081;REVIEW;confidence;nein;;;;;;;lemma_4130;NAM;medium;"Minne handelt (begund si rueren) und heisst suenaerinne; Personifikation im Minne-Exkurs.";nâch im begund si rüeren / diu gewaltigiu **minne** , / ein rehte suenærinne
OVG.tei.xml;OVG_1808800_2;minne;18088;REVIEW;confidence;nein;;;;;;;lemma_4130;NAM;medium;"diu minne tuot heiz: agierende Macht im Personifikations-Exkurs; gnomische Lesart bleibt moeglich.";für alle , die ich indert weiz . / swem diu **minne** tuot sô heiz / nâch einem süezen zarten wîbe ,
OVG.tei.xml;OVG_1815400_3;minne;18154;REVIEW;confidence;nein;;;;;;;lemma_4130;NAM;medium;der minne zange, danach faengt si mit ir stric: personifizierte Minne mit Werkzeug.;"daz bîten dûhte si ze lange , / wande ir der **minne** zange / tet vil manigen zwic ;"
OVG.tei.xml;OVG_1816900_5;minne;18169;REVIEW;confidence;nein;;;;;;;lemma_4130;NAM;medium;"Direkte Anrede: sim, minne, sage mir; Apostrophe an die Figur.";der ir zder ê niht gezam . / clxxvii . < sim , **minne** , sage mir , / warumbe hât man dir
OVG.tei.xml;OVG_1818500_2;minne;18185;REVIEW;confidence;nein;;;;;;;lemma_4130;NAM;medium;frouwe minne gesweiget mich unde sprach: sprechende Figur.;vil schiere dô gesweiget / mich frouwe **minne** unde sprach : / < ottacker , dir ist alze gâch
OVG.tei.xml;OVG_1820700_2;minne;18207;REVIEW;confidence;nein;;;;;;;lemma_4130;NOM;medium;"der minne gluot: Genitivattribut, hier das Gefuehl; Sprecherin Minne meint sich mit ich.";swenne ich han enzunt / mit der **minne** gluot / des wîbes herz und muot ,
OVG.tei.xml;OVG_1824100_7;minne;18241;REVIEW;confidence;nein;;;;;;;lemma_4130;NAM;medium;Anrede min frouwe minne in der Replik: angerufene Figur.;dô sprach ich hinwider : / clxxviii . < zwâr , mîn frouwe **minne** , / nû dunket mîne sinne ,
OVG.tei.xml;OVG_1826600_6;minne;18266;REVIEW;confidence;nein;;;;;;;lemma_4130;NAM;medium;Selbstnennung der Sprecherin: ich, minne, kan steln.;und aller dinge geheln . / si sprach : < ich , **minne** , kan steln / mit mîner werke süezikeit ,
OVG.tei.xml;OVG_1827900_5;minne;18279;REVIEW;confidence;nein;;;;;;;lemma_4130;NAM;medium;sprach diu minne: die Figur spricht im Dialog.;wie möhte danne widerstreben / mîner kraft , sprach diu **minne** , / von bêheim diu kuniginne ?
OVG.tei.xml;OVG_1911300_4;minne;19113;REVIEW;confidence;nein;;;;;;;lemma_4130;NAM;medium;diu minne verjeite in in ir netz: handelnde, jagende Minne.;ie harter in verjeite / in ir netz diu **minne** , / unz er al sîn sinne
OVG.tei.xml;OVG_7121100_1;minne;71211;REVIEW;confidence;nein;;;;;;;lemma_4130;NAM;medium;Minne als handelnde Instanz ('sol ir zellen groze flust'), Personifikationslesart naheliegend.;umb iwern gesellen / diu **minne** sol ir zellen / an im grôze flust ,
OVG.tei.xml;OVG_7121600_2;minne;71216;REVIEW;confidence;nein;;;;;;;lemma_4130;NAM;medium;Minne handelt: sie verbirgt 'irn hort' in der Kammer, agentive Personifikation.;ein want der kamer enge , / dâ diu **minne** starc / irn hort in verbarc .
OVG.tei.xml;OVG_7320100_1;minne;73201;REVIEW;confidence;nein;;;;;;;lemma_4130;NOM;medium;"Artikel 'diu', Subjekt von 'sich dahte'; eher verborgene Liebe als handelnde Figur, Personifikation bleibt moeglich.";daz sich darunder / diu **minne** alsô dahte , / daz si daz betrahten mohte ,
OVG.tei.xml;OVG_7321600_2;minne;73216;REVIEW;confidence;nein;;;;;;;lemma_4130;NOM;medium;"Artikel 'diu' und Praedikat 'ist betort' im gnomischen Satz; abstrakte Liebe, leichte Personifikationstendenz.";diu zuo der minne gehôrt . / wand diu **minne** ist betôrt , / swâ si der mâze vergizt ,
OVG.tei.xml;OVG_7533800_4;minne;75338;REVIEW;confidence;nein;;;;;;;lemma_4130;NAM;medium;Minne als Senderin ('in diu minne sande'), klassische agentive Personifikation.;daz er ir niht enkande , / nâch der in diu **minne** sande . / heimlich unde tougen
OVG.tei.xml;OVG_7575800_0;minne;75758;REVIEW;confidence;nein;;;;;;;lemma_4130;NAM;medium;Minne handelt listig ('tuot daz uf den list', 'wil belien'), artikellos als Figur.;daz niemen ander drinne ist - / **minne** tuot daz ûf den list , / daz si alein drin wil belîben -
OVG.tei.xml;OVG_7578900_2;minne;75789;REVIEW;confidence;nein;;;;;;;lemma_4130;NAM;medium;Direkte Anrede im Vokativ ('davon, minne, la davon'), Personifikation.;brint diu vackel der minne . / dâvon , **minne** , lâ dâvon / und tuo in niht sô gedon .
OVG.tei.xml;OVG_8639100_3;minne;86391;REVIEW;confidence;nein;;;;;;;lemma_4130;NAM;medium;Direkte Anrufung ('wa nu, minne und din kraft!', 'hastu kunst'), Personifikation.;daz si sich selben swachet . / wâ nû , **minne** und dîn kraft ! / hâstû kunst und meisterschaft ,
OVG.tei.xml;OVG_8639500_0;minne;86395;REVIEW;confidence;nein;;;;;;;lemma_4130;NAM;medium;Vokativische Anrede 'minne, wie hast duz verdolt', Personifikation.;und dise sache wilde . / **minne** , wie hâst dûz verdolt , / daz daz ie geschehen solt ,
OVG.tei.xml;OVG_8640100_0;minne;86401;REVIEW;confidence;nein;;;;;;;lemma_4130;NAM;medium;Vokativische Anrede 'minne, last duz ungerochen', Personifikation.;tragent an irm zartem lîp . / **minne** , lâst dûz ungerochen , / sô wirst dû besprochen ,
OVG.tei.xml;OVG_8642400_5;minne;86424;REVIEW;confidence;nein;;;;;;;lemma_4130;NOM;medium;"Genitivattribut 'diu munz der minne'; nominal im allegorischen Kontext.";niht als diu vâlentinne , / diu ûf die munz der **minne** / solch valscheit het geslagen ,
OVG.tei.xml;OVG_8828700_2;minne;88287;REVIEW;confidence;nein;;;;;;;lemma_4130;NOM;medium;"Artikel plus attributives Adjektiv 'diu gewaltige minne'; Siegen-Topos laesst Personifikation offen.";mit kunic otten sinne / diu gewaltige **minne** , / als si manigem man
OVG.tei.xml;OVG_8874100_2;minne;88741;REVIEW;confidence;nein;;;;;;;lemma_4130;NOM;medium;"Artikel plus Adjektiv 'diu gewaltic minne' als Subjekt; abstrakte Macht, Personifikation bleibt moeglich.";unz daz mit überlast / diu gewaltic **minne** / bekumbert sîne sinne ,
OVG.tei.xml;OVG_9029400_2;minne;90294;REVIEW;confidence;nein;;;;;;;lemma_4130;NAM;medium;Minne fuehrt 'ir amt' aus und 'begunde rueren': handelnde Figur, Personifikation.;kuonrât der salzpurgære . / ob diu **minne** dô verbære , / ir amt dâ ze volfüeren ?
OVG.tei.xml;OVG_9040000_2;minne;90400;REVIEW;confidence;nein;;;;;;;lemma_4130;NAM;medium;'diu minne kan dich rueren' im Personifikationskontext (Minne uebt ihr Amt aus), handelnde Macht.;die sache ze volfüeren > . / < diu **minne** kan dich rüeren > , / sprâch der kunic , < als ich mich
OVG.tei.xml;OVG_9185500_3;minne;91855;REVIEW;confidence;nein;;;;;;;lemma_4130;NOM;medium;"Artikel 'diu' als Subjekt im gnomischen Satz ueber die Kraft der Liebe; Personifikation bleibt moeglich.";ein snelliclich genist . / solher kraft diu **minne** phligt , / an swem ir kraft gesigt ,
PL1.tei.xml;PL1_102521_10;minne;;REVIEW;confidence;nein;;;;;;;lemma_4130;NOM;medium;"Nach Praeposition 'mit minne' (guetlich); Syntax der Stelle bleibt etwas unklar.";", ee ich das alles geleist , so wil ich uchselb den gewalt geben mit **minne** lib , das irs selb alles wol thút ; das wil ich uch zuhant swern"
PL1.tei.xml;PL1_146835_8;minne;;REVIEW;confidence;nein;;;;;;;lemma_4130;NOM;medium;"Anrede 'liebe minne' (Kosewort an eine Person), substantivisch; keine Personifikation.";< wo ist myn herre der konig und myn herre gawan ? > < liebe **minne** > , sprach sie , < sie sint noch gefangen da ir sie ließent .
PRT.tei.xml;PRT_1550_3;minne;1550;REVIEW;confidence;nein;;;;;;;lemma_4130;NAM;medium;Minne handelt als Subjekt: diu minne gab in zwein gelîchen sin, personifizierte Geberin.;und solher zühte wart enein . / dâ von diu **minne** gab in zwein / gelîchen sin und einen muot :
PRT.tei.xml;PRT_1693_4;minne;1693;REVIEW;confidence;nein;;;;;;;lemma_4130;NAM;medium;"Minne zwingt als Subjekt: des in diu starke minne twanc; personifizierende Lesart möglich.";ob er iht naeme mit gewalt / des in diu starke **minne** twanc , / daz er ein teil mê nâch ir ranc
PRT.tei.xml;PRT_1702_1;minne;1702;REVIEW;confidence;nein;;;;;;;lemma_4130;NAM;medium;Minne handelt: diu minne ir süeze werre an den zwein niht enlie.;von im würde ? nein ez , nein ! / diu **minne** an den gelieben zwein / ir süeze werre niht enlie .
PRT.tei.xml;PRT_1739_3;minne;1739;REVIEW;confidence;nein;;;;;;;lemma_4130;NAM;medium;Minne handelt: diu minne brâhte ir anevanc ze süezem ende.;wart erkennet noch erschein . / nu daz diu **minne** ir anevanc / an den gelieben über lanc
PRT.tei.xml;PRT_2153_2;minne;2153;REVIEW;confidence;nein;;;;;;;lemma_4130;NOM;medium;"Präposition mit Artikel: gelîchez mez wart von der minne gegeben; agentische Lesart bleibt möglich.";in beiden wart gelîchez mez / von der **minne** dar gegeben . / des wart ir muot in ein geweben ,
PRT.tei.xml;PRT_6622_3;minne;6622;REVIEW;confidence;nein;;;;;;;lemma_4130;NAM;medium;Minne gebietet und zwingt: als ez diu minne dâ gebôt, diu sîn gemüete twanc.;bleich und aber denne rôt , / als ez diu **minne** dâ gebôt , / diu sîn gemüete in sorgen twanc .
PRT.tei.xml;PRT_6951_1;minne;6951;REVIEW;confidence;nein;;;;;;;lemma_4130;NAM;medium;Minne handelt: ir lachete unde bluote diu minne ûz beiden ougen.;ir lachete unde bluote / diu **minne** ûz beiden ougen . / ouch was dar under tougen
PRT.tei.xml;PRT_7525_3;minne;7525;REVIEW;confidence;nein;;;;;;;lemma_4130;NOM;medium;"Akkusativobjekt mit Artikel: die minne fliehen; agentischer Relativsatz diu ze helle ziehe bleibt offen.";und in mit rede lêrent , / daz er die **minne** fliehe , / diu ze helle ziehe
PRT.tei.xml;PRT_11291_2;minne;11291;REVIEW;confidence;nein;;;;;;;lemma_4130;NAM;medium;Objekt von fliehen, aber Folgevers personifiziert: si kan die liute ziehen.;swer schône sich versünne , / der solte **minne** fliehen . / si kan die liute ziehen
PRT.tei.xml;PRT_12187_1;minne;12187;REVIEW;confidence;nein;;;;;;;lemma_4130;NAM;medium;Genitiv, aber Folgeverse personifizieren: si derret, brennet, drücket, bindet.;dâ von dir daz getiusche / der **minne** ist unerkennet . / si derret unde brennet ,
PRT.tei.xml;PRT_12199_1;minne;12199;REVIEW;confidence;nein;;;;;;;lemma_4130;NAM;medium;Minne handelt als Subjekt: diu minne prüevet unde birt, si machet.;fröud unde trûren beide / diu **minne** prüevet unde birt . / swem si zem êrsten süeze wirt ,
PRT.tei.xml;PRT_14014_3;minne;14014;REVIEW;confidence;nein;;;;;;;lemma_4130;NAM;medium;Minne handelt und zwingt als Subjekt: daz in diu minne twanc alsô.;erkante er niht ze rehte dô . / daz in diu **minne** twanc alsô , / daz waz im ein verborgen dinc .
PRT.tei.xml;PRT_15048_1;minne;15048;REVIEW;confidence;nein;;;;;;;lemma_4130;NAM;medium;Minne handelt als Subjekt: diu minne hete ir herze trunken gemachet.;dâ nider was gesunken . / diu **minne** ir herze trunken / hete dô gemachet ,
PRT.tei.xml;PRT_17384_1;minne;17384;REVIEW;confidence;nein;;;;;;;lemma_4130;NAM;medium;Minne handelt als Subjekt: diu minne ir ingesigel streich.;wart beide rôt unde bleich . / diu **minne** ir ingesigel streich / der klâren under ougen .
PRT.tei.xml;PRT_19917_1;minne;19917;REVIEW;confidence;nein;;;;;;;lemma_4130;NAM;medium;Personifikation mit Anrede-Titel: frou minne als lohnendes Subjekt.;daz dir ze lône müeze wegen / frou **minne** wunnebaeren solt . / ob du reinen wîben holt
PSG.tei.xml;PSG_10313050_1;minne;1305;REVIEW;confidence;nein;;;;;;;lemma_4130;NAM;medium;'frawe minne' neben 'gotez parmchait': Personifikation Frau Minne.;wan uber si braittet er stauchen / frawe **minne** und gotez parmchait / daz man in der ewichait
PTS.tei.xml;PTS_1383620_4;minne;362;REVIEW;confidence;nein;;;;;;;lemma_4130;NAM;medium;Allegorische Figur: man kommt zu der Minne, und sie weiset dich, handelnde Person.;wilt du nu sus verainen dich , / so kum zu der **minne** , dew weiset dich . / diw tohter auf ir fuzze trat ,
PTS.tei.xml;PTS_1383650_1;minne;365;REVIEW;confidence;nein;;;;;;;lemma_4130;NAM;medium;Die Tochter geht zur Minne und redet sie an (frawe mein): personifizierte Figur.;nach der weishait rât / czer **minne** si vil palde gink , / ir clage alsus sie anevink :
PTS.tei.xml;PTS_1393770_2;minne;377;REVIEW;confidence;nein;;;;;;;lemma_4130;NAM;medium;Die Minne ersieht die Klage der Tochter: Figur nimmt wahr und handelt.;wollent ir , so wirt mir paz . / do die **minne** dersach / der tohter clag und ungemach ,
PTS.tei.xml;PTS_1414760_5;minne;476;REVIEW;confidence;nein;;;;;;;lemma_4130;NAM;medium;Oracio spricht zer Minne, im Folgevers als fraw minne angeredet: Figur.;die rede erhort oracio , / sie sprach in scham zer **minne** do : / fraw minne ir habt mein begert ,
PTS.tei.xml;PTS_1414770_1;minne;477;REVIEW;confidence;nein;;;;;;;lemma_4130;NAM;medium;Direkte Anrede fraw minne mit ir: eindeutige Personifikation.;sie sprach in scham zer minne do : / fraw **minne** ir habt mein begert , / ich diend gern war ich sein wert .
PTS.tei.xml;PTS_1425160_4;minne;516;REVIEW;confidence;nein;;;;;;;lemma_4130;NAM;medium;Tochter und Minne treten gemeinsam vor den Koenig: handelnde Figur der Allegorie.;"si verloz do gar ir sinne . / di tohter und di **minne** / chumen fur den chunik stân ;"
PTS.tei.xml;PTS_1425200_3;minne;520;REVIEW;confidence;nein;;;;;;;lemma_4130;NAM;medium;"Agens der Ueberwaeltigung; im Folgevers schiesst dieselbe Minne den Blitz: Figur.";die tohter gar verloz ir chraft , / sie wart von **minne** sîgehaft / aller crêatûren ploz ,
PTS.tei.xml;PTS_1425220_3;minne;522;REVIEW;confidence;nein;;;;;;;lemma_4130;NAM;medium;Der minne bligt: der Blitz gehoert der schiessenden Figur mit Bogen.;"aller crêatûren ploz , / do si der **minne** bligt geschoz . / di minne vergaz ir selber nit ;"
PTS.tei.xml;PTS_1435230_1;minne;523;REVIEW;confidence;nein;;;;;;;lemma_4130;NAM;medium;Di minne vergaz ir selber nit und nimmt ihren Bogen: klar handelnde Figur.;"do si der minne bligt geschoz . / di **minne** vergaz ir selber nit ; / sie tet nach irem alten sit ,"
PTS.tei.xml;PTS_1445820_4;minne;582;REVIEW;confidence;nein;;;;;;;lemma_4130;NOM;medium;Genitiv der weishait und der minne, aus dem Mund getrunken: abstrakte Gabe.;"laz uns auch werden inne / der weishait und der **minne** , / die si auz deinem munde tranck ;"
PTS.tei.xml;PTS_1445900_2;minne;590;REVIEW;confidence;nein;;;;;;;lemma_4130;NOM;medium;Genitivattribut zu garten (minne garten): nominal, religioes-abstrakt.;daz wir mit jhesum dem czarten / gesiczen derselben **minne** garten , / und gedenchet auch mit trawen mein ,
PUL.tei.xml;PUL_10200500_0;minne;5;REVIEW;confidence;nein;;;;;;;lemma_4130;NAM;medium;Direkte Anrede mit du (woldest dû dich bedenken): angerufene Frau Minne.;niht mîn dienest wol behaget , dast ein wunder . / **minne** , woldest dû dich noch bedenken / daz ir güete trôste mich ,
PUL.tei.xml;PUL_50200500_0;minne;5;REVIEW;confidence;nein;;;;;;;lemma_4130;NAM;medium;Anrede mit Imperativ (disen kumber wende!): Minne wird direkt angerufen.;enpfangen z'ingesinde . / **minne** , disen kumber wende ! / rât daz sî mir helfe sende ,
PUL.tei.xml;PUL_50301100_0;minne;11;REVIEW;confidence;nein;;;;;;;lemma_4130;NAM;medium;Anrede mit du (sît du guoten wîben bist ze dienste): angerufene Figur.;nein mir fröide wil vertrîben . / **minne** , sît du guoten wîben / bist ze dienste wol bewant ,
PUT.tei.xml;PUT_670_3;minne;67;REVIEW;confidence;nein;;;;;;;lemma_4130;NAM;medium;Apostrophe mit du: minne, waz bist dû, dû keltest, dich strâfen.;dâ von der lîp sô gar verselt ? / und ouwê , **minne** , waz bist dû / daz dû uns sô sêr keltest nû ?
PUT.tei.xml;PUT_1020_4;minne;102;REVIEW;confidence;nein;;;;;;;lemma_4130;NOM;medium;Diu minne twanc: formelhafte abstrakte Macht mit Artikel, keine Figur der Handlung.;diu nacht wart in nie sô lanc : / als sêr si diu **minne** twanc . / in iren munt gar wênic kam ,
PUT.tei.xml;PUT_1060_1;minne;106;REVIEW;confidence;nein;;;;;;;lemma_4130;NOM;medium;Diu minne tet in twanc: konventionelle Machtaussage, Personifikation bleibt moeglich.;weder âz noch tranc . / diu **minne** tet in manigen twanc . / si wâren vil nâch verdorben
PUT.tei.xml;PUT_1530_3;minne;153;REVIEW;confidence;nein;;;;;;;lemma_4130;NOM;medium;Süeziu minne als Kosewort-Anrede an Tyspê (Apposition), nicht Frau Minne.;des volg ich dir vil drâte . / und ouwê süeziu **minne** , / dû hâst ouch gar mîn sinne ,
PUT.tei.xml;PUT_3410_2;minne;341;REVIEW;confidence;nein;;;;;;;lemma_4130;NOM;medium;Uz erweltiu minne: adjektivische Anrede an den toten Geliebten, Kosewort, kein Frau-Minne-Kontext.;miltez herze in reiner jugent , / uz erweltiu **minne** , / waz gap dir ie die sinne
PUT.tei.xml;PUT_3740_1;minne;374;REVIEW;confidence;nein;;;;;;;lemma_4130;NOM;medium;Gnomischer Satz diu minne kan nicht mâze hân: abstrakte Macht, leichte Personifikationstendenz.;dem müez ez fürbaz ze herzen gân . / diu **minne** kan nicht mâze hân . / adel , schoene und rîchheit ,
PUT.tei.xml;PUT_3800_1;minne;380;REVIEW;confidence;nein;;;;;;;lemma_4130;NOM;medium;Swen minne hât besezzen: generisch-abstrakte Macht, Personifikation nur angedeutet.;der wirt vil gar vergezzen , / swen **minne** hât besezzen . / wê mir , ach und immer wê ,
PUT.tei.xml;PUT_3880_1;minne;388;REVIEW;confidence;nein;;;;;;;lemma_4130;NOM;medium;Diu minne hât uns überstrebt: abstrakte Macht mit Artikel, keine handelnde Figur.;swie wênic wir haben gelebt , / diu **minne** hât uns überstrebt . / des leides wirt nimmer rât .
REN.tei.xml;REN_25830_4;minne;2583;REVIEW;confidence;nein;;;;;;;lemma_4133;VRB;medium;"Imperativkette (pflig ... shirme): 'minne zuht!'; Genitivlesart 'minne(n) zuht' bleibt moeglich.";mit gewalte erbarmunge pflegen . / pflig besheidenr milte und **minne** zuht ! / swer zu dir von note vluht
REN.tei.xml;REN_26190_2;minne;2619;REVIEW;confidence;nein;;;;;;;lemma_4130;NAM;medium;Minne als ratende Instanz: 'daz diu minne raten kan', Personifikation plausibel.;senit sich iender hin din muot / daz diu **minne** raten kan , / des rates sol ein muotig man
REN.tei.xml;REN_31890_3;minne;3189;REVIEW;confidence;nein;;;;;;;lemma_4130;NAM;medium;Minne handelt: 'ez tuot diu minne und ir rat', Possessiv 'ir' verweist auf sie als Figur.;( min leit ist ane shulde ) , / ez tuot diu **minne** und ir rat . / ir edele , ir shoene die sie hat ,
REN.tei.xml;REN_31910_3;minne;3191;REVIEW;confidence;nein;;;;;;;lemma_4130;NAM;medium;Minne als Handelnde: 'die hat diu minne an ir ersehen'.;ir edele , ir shoene die sie hat , / die hat diu **minne** an ir ersehen . / da von ist mir diz leit geshehen
REN.tei.xml;REN_32040_3;minne;3204;REVIEW;confidence;nein;;;;;;;lemma_4130;NAM;medium;Minne gebietet: 'daz dir diu minne daz gebot'.;und daz gelwe alles rot . / daz dir diu **minne** daz gebot / des sich din sin nit versan ,
REN.tei.xml;REN_32080_2;minne;3208;REVIEW;confidence;nein;;;;;;;lemma_4130;NAM;medium;Minne gewaehrt und hilft: 'dich gewer ... daz sie helfe dir', handelnde Figur.;und hast ez behalten her . / daz diu **minne** dich gewer / lones und daz sie helfe dir
REN.tei.xml;REN_34370_5;minne;3437;REVIEW;confidence;nein;;;;;;;lemma_4130;NAM;medium;Minne zwingt: 'des twang in gar diu minne'.;sin herze was an vraeuden kranc , / des twang in gar diu **minne** . / wie mohten so gar sin sinne
REN.tei.xml;REN_34400_5;minne;3440;REVIEW;confidence;nein;;;;;;;lemma_4130;NOM;medium;Kopulasatz 'diu minne (was) im ein gast': abstrakt, Personifikationsnaehe bleibt.;erkennen kummerlichen last ? / im was doch gar diu **minne** ein gast , / doch muoste er sie erkennen .
REN.tei.xml;REN_34420_3;minne;3442;REVIEW;confidence;nein;;;;;;;lemma_4130;NAM;medium;Minne als brennende Macht: 'in begunde diu minne so brennen', im Zwang-Kontext von V. 3437.;doch muoste er sie erkennen . / in begunde diu **minne** so brennen / daz sich daz hertze enzunte .
REN.tei.xml;REN_36030_3;minne;3603;REVIEW;confidence;nein;;;;;;;lemma_4130;NOM;medium;'swa mir diu minne entrinnet': eher abstraktes Entgleiten der Liebe als handelnde Figur.;so entsinnent sich mine sinne . / swa mir diu **minne** entrinnet , / daz enheize ich nit geminnet .
REN.tei.xml;REN_36070_3;minne;3607;REVIEW;confidence;nein;;;;;;;lemma_4130;NOM;medium;"Gegenliebe-Wortspiel: 'diu minne unminnet mich'; Personifikation nicht gesichert.";und vraeude von ir gewinnen . / swa mich diu **minne** unminnet / und von ir min herze brinnet ,
REN.tei.xml;REN_36090_3;minne;3609;REVIEW;confidence;nein;;;;;;;lemma_4130;NOM;medium;'da hat diu minne valshen muot': Zuschreibung im Gegenliebe-Wortspiel, abstrakt lesbar.;und von ir min herze brinnet , / da hat diu **minne** valshen muot . / swaz mir alysen minne tuot ,
REN.tei.xml;REN_36590_4;minne;3659;REVIEW;confidence;nein;;;;;;;lemma_4130;NAM;medium;Minne jagt: 'woelte mich diu minne jagen', handelnde Macht.;nu bin ich ein bloedes wip , / und woelte mich diu **minne** jagen , / ich enkuende an prise nit verzagen .
REN.tei.xml;REN_37260_5;minne;3726;REVIEW;confidence;nein;;;;;;;lemma_4130;NAM;medium;Dativobjekt, aber 'daz sie mich laze' macht Minne zur handelnden Figur.;daz sint din ungewinne . / ich enweiz wie ich der **minne** / tuo , daz sie mich laze
REN.tei.xml;REN_37370_1;minne;3737;REVIEW;confidence;nein;;;;;;;lemma_4130;NOM;medium;Kopula: 'diu minne ist ungetriwe', gnomische Aussage mit Personifikationsnaehe.;daz sie mich von kummer nimt . / diu **minne** ist ungetriwe : / gnade ich senfter hiwe
REN.tei.xml;REN_37440_1;minne;3744;REVIEW;confidence;nein;;;;;;;lemma_4130;NAM;medium;Minne handelt an Menschen: 'diu minne die luete toeret'.;daz man sihet noch hoeret . / diu **minne** die luete toeret . / an mir selber ich daz spuer :
REN.tei.xml;REN_42880_3;minne;4288;REVIEW;confidence;nein;;;;;;;lemma_4130;NOM;medium;"Verschachtelte Syntax, aber nominal (Dativ- oder Subjektlesart); finites Verb ist 'mag ... werden'.";verdienen wip mit sinne , / und da zuo **minne** ein minne / werden in dem paradyse . > -
REN.tei.xml;REN_42880_5;minne;4288;REVIEW;confidence;nein;;;;;;;lemma_4130;NOM;medium;Praedikatsnomen zu 'werden': 'ein minne werden in dem paradyse'.;verdienen wip mit sinne , / und da zuo minne ein **minne** / werden in dem paradyse . > -
REN.tei.xml;REN_43070_1;minne;4307;REVIEW;confidence;nein;;;;;;;lemma_4130;NOM;medium;Gegenliebe-Wortspiel: 'diu minne mich da minnet' (Gottesliebe), kaum Frau-Minne-Figur.;"die minne wil ich minnen ; / diu **minne** mich da minnet . / swes min sin an sie sinnet ,"
REN.tei.xml;REN_44340_5;minne;4434;REVIEW;confidence;nein;;;;;;;lemma_4130;NAM;medium;Minne raet: 'die sueze minne die riet dise gernde ger', handelnde Instanz.;der herze und der sinne . / ich waen , die sueze **minne** / die riet dise gernde ger .
REN.tei.xml;REN_47930_1;minne;4793;REVIEW;confidence;nein;;;;;;;lemma_4130;NOM;medium;"diu minne als Subjekt zu gevahen; agentiv, Personifikationslesart bleibt offen.";wie mohte den ellenthaften man / diu **minne** also gevahen ? / da sie nit ein ander sahen ,
REN.tei.xml;REN_58290_2;minne;5829;REVIEW;confidence;nein;;;;;;;lemma_4130;NOM;medium;"diu minne wunders pfligt, danach ir gewalt hat gesigt; Personifikation moeglich.";nu mueget ir rehte merken / daz diu **minne** wunders pfligt . / ir gewalt hat hie gesigt :
REN.tei.xml;REN_118240_2;minne;11824;REVIEW;confidence;nein;;;;;;;lemma_4130;NOM;medium;"diu minne wil sich rechen und legt den strig; Personifikationslesart offen.";reht urteil gesprechen . / swa diu **minne** sich wil rechen , / dar kan sie legen wol den strig .
REN.tei.xml;REN_118340_1;minne;11834;REVIEW;confidence;nein;;;;;;;lemma_4130;NOM;medium;"diu minne hat sich zu in gepflihtet; agentiv, Personifikationslesart offen.";danne willehalm dem markyse . / diu **minne** in gernder wise / sich hat zu in gepflihtet ,
REN.tei.xml;REN_129340_2;minne;12934;REVIEW;confidence;nein;;;;;;;lemma_4130;NOM;medium;"diu minne jagete einen; agentiv, Personifikationslesart bleibt offen.";die ich mit warheit sagete . / einen diu **minne** jagete , / der kam gevarn mit eime her .
REN.tei.xml;REN_152150_1;minne;15215;REVIEW;confidence;nein;;;;;;;lemma_4130;NOM;medium;Artikelloses Subjekt des Konjunktivsatzes: daz minne sich in kyburge verbuerge.;ob so min wage kunde gewegen , / daz **minne** sich in kyburge / biz an daz herze sich verbuerge .
REN.tei.xml;REN_153880_1;minne;15388;REVIEW;confidence;nein;;;;;;;lemma_4130;NAM;medium;Minne handelt als Akteurin der Szene: sie erlie in des nit und zwingt ihn zur Umarmung.;gewapent fuer kyburge gie . / die **minne** in do des nit erlie , / ern druchte ir herze an daz sine
REN.tei.xml;REN_174020_1;minne;17402;REVIEW;confidence;nein;;;;;;;lemma_4130;NOM;medium;Subjekt mit Artikel in gnomischer Aussage: die minne lat sich nieman minnen.;hoere wie ez umme die minne stat : / die **minne** sich nieman minnen lat / wan der ein rehter kristen ist .
REN.tei.xml;REN_174410_2;minne;17441;REVIEW;confidence;nein;;;;;;;lemma_4130;NOM;medium;Subjekt der Fass-Allegorie, koordiniert mit der haz: beide besitzen ein vaz.;ein ander unbekennet sint , / da hat **minne** und der haz / sament besezzen ein vaz .
REN.tei.xml;REN_191000_1;minne;19100;REVIEW;confidence;nein;;;;;;;lemma_4130;NOM;medium;Gnomisches Subjekt ohne Artikel: kan minne an vraeuden pfenden, so kans vraeude geben.;an werde minne wenden . / kan **minne** an vraeuden pfenden , / so kans auch vraeude geben vil .
REN.tei.xml;REN_191600_3;minne;19160;REVIEW;confidence;nein;;;;;;;lemma_4130;NAM;medium;Minne handelt als Figur der Szene: als in diu minne lerte.;"in manige varwe sich kerte , / als in diu **minne** lerte ; / sus saz er in gedanken ."
REN.tei.xml;REN_191700_1;minne;19170;REVIEW;confidence;nein;;;;;;;lemma_4130;NAM;medium;Minne handelt: diu minne hate ir herze zu samene gevlohten.;gar nach der minne rate : / diu **minne** ir herze hate / zu samene gar gevlohten .
REN.tei.xml;REN_191740_3;minne;19174;REVIEW;confidence;nein;;;;;;;lemma_4130;NAM;medium;Minne handelt als Ratgeberin der Szene: diz riet diu minne in beiden.;von ein ander sich gesheiden . / diz riet diu **minne** in beiden . / diu minne die sinne toeret ,
REN.tei.xml;REN_191750_1;minne;19175;REVIEW;confidence;nein;;;;;;;lemma_4130;NOM;medium;Gnomische Aussage ueber die Liebe: diu minne die sinne toeret.;diz riet diu minne in beiden . / diu **minne** die sinne toeret , / diu minne an nieman hoeret ,
REN.tei.xml;REN_191760_1;minne;19176;REVIEW;confidence;nein;;;;;;;lemma_4130;NOM;medium;Gnomische Aussage: diu minne an nieman hoeret.;diu minne die sinne toeret , / diu **minne** an nieman hoeret , / wa sie der volge innen wirt ,
REN.tei.xml;REN_192670_3;minne;19267;REVIEW;confidence;nein;;;;;;;lemma_4130;NAM;medium;Minne handelt in der Szene: wie in diu minne bunde.;malfer da wider begunde clagen , / wie in diu **minne** bunde / in der vil kurtzen stunde
REN.tei.xml;REN_192740_2;minne;19274;REVIEW;confidence;nein;;;;;;;lemma_4130;NAM;medium;Minne droht und ist zu fuerchten: diu minne tuot dir noch die dro.;vater , ist allen mannen so ? > - / < diu **minne** tuot dir noch die dro , / sun , daz du sie vuerhten muost .
REN.tei.xml;REN_195130_3;minne;19513;REVIEW;confidence;nein;;;;;;;lemma_4130;NAM;medium;Minne befiehlt in der Szene: als in diu minne hiez, diu in nit erliez.;und mit herzen minnen , / als in diu **minne** hiez , / diu dar nach in nit erliez ,
REN.tei.xml;REN_195270_2;minne;19527;REVIEW;confidence;nein;;;;;;;lemma_4130;NOM;medium;Artikel und Adjektiv typisieren (diu staete minne), trotz agentivischem leren.;nu begunde in aber zu leste / diu staete **minne** leren / daz er bejagte pris mit eren
REN.tei.xml;REN_200770_3;minne;20077;REVIEW;confidence;nein;;;;;;;lemma_4130;NAM;medium;Minne handelt: begunde diu minne des marcgraven sinne jagen.;und vil shiere daz geshaehe . / nu begunde diu **minne** / des marcgraven sinne
REN.tei.xml;REN_221320_4;minne;22132;REVIEW;confidence;nein;;;;;;;lemma_4130;NOM;medium;"Wohl Objekt zu wern (Minne gewaehren): kan die din herze minne wern; Verblesart bleibt denkbar.";der gote hulde drumme enbern , / kan die din herze **minne** wern . > / also sprach der kuenc tybalt .
REN.tei.xml;REN_241840_2;minne;24184;REVIEW;confidence;nein;;;;;;;lemma_4130;NOM;medium;Gnomisch-rhetorisches Subjekt mit Artikel: gewan diu minne ie soldier.;geivar , gagis , emulier , / gewan diu **minne** ie soldier , / so dienten sie der minnen solt .
REN.tei.xml;REN_243090_3;minne;24309;REVIEW;confidence;nein;;;;;;;lemma_4130;NAM;medium;Minne gebietet der Kyburg: die minne gebot daz die ir sinne an dem markysen wante.;diu saelde tet mich zu banne , / diu kyburge die **minne** / gebot daz die ir sinne
REN.tei.xml;REN_245460_6;minne;24546;REVIEW;confidence;nein;;;;;;;lemma_4130;NAM;medium;Minne befiehlt die Taufe: sie daz diu minne hiez, diu ir liebte dinen lip.;wan daz sie sich taufen liez . / ich waene , sie daz diu **minne** hiez / diu ir liebte dinen lip .
REN.tei.xml;REN_245520_3;minne;24552;REVIEW;confidence;nein;;;;;;;lemma_4130;NOM;medium;Gnomisch-agentivisches Subjekt mit Artikel: swa leit diu minne ir lage.;zwuo krone und vil mage . / swa leit diu **minne** ir lage , / niht ir da entrinnen kan .
REN.tei.xml;REN_247160_1;minne;24716;REVIEW;confidence;nein;;;;;;;lemma_4130;NAM;medium;Minne handelt: diu minne mich mit guotes wibes minne bant.;vil wol ich daz erkenne : / diu **minne** mich etteswenne / mit guotes wibes minne bant .
REN.tei.xml;REN_248080_4;minne;24808;REVIEW;confidence;nein;;;;;;;lemma_4130;NAM;medium;Minne gebietet: do mir gebot diu minne, daz ich minnete alysen lip.;ich waz gar ane sinne , / do mir gebot diu **minne** , / daz ich minnete alysen lip .
REN.tei.xml;REN_248190_4;minne;24819;REVIEW;confidence;nein;;;;;;;lemma_4130;NOM;medium;"Artikel 'diu' vor der Form; Subjekt zu 'twinget', appellativer Gebrauch mit Determinativ.";diu wonet minem hertzen bi . / des twinget mich diu **minne** . / sich , diu bi der kuenginne
REN.tei.xml;REN_249240_0;minne;24924;REVIEW;confidence;nein;;;;;;;lemma_4130;NAM;medium;Direkte Anrede ohne Artikel, mit 'din kraft' und Imperativ 'twing sie'.;heiz sie gein mir wesen guot ! / **minne** , din kraft ist manigvalt . / twing sie als du mich twingest !
REN.tei.xml;REN_249690_4;minne;24969;REVIEW;confidence;nein;;;;;;;lemma_4130;NOM;medium;"Artikel 'diu'; handelndes Subjekt, aber appellativ mit Determinativ.";als ein vil leidiger man , / dem bekummert hat diu **minne** / den lip , daz hertze , die sinne .
REN.tei.xml;REN_250160_3;minne;25016;REVIEW;confidence;nein;;;;;;;lemma_4130;NOM;medium;"Artikel 'diu'; Subjekt zu 'gesaet', personifizierend, aber appellativ bestimmt.";urlaub alle namen . / dem hete diu **minne** ir samen / gesaet in daz hertze ,
REN.tei.xml;REN_250630_2;minne;25063;REVIEW;confidence;nein;;;;;;;lemma_4130;NOM;medium;"Artikel 'diu', Subjekt zu 'triben kan'; appellativ bestimmt.";daz wunder nieman kan gezeln / daz diu **minne** triben kan : / ez si wib oder man ,
REN.tei.xml;REN_250680_3;minne;25068;REVIEW;confidence;nein;;;;;;;lemma_4130;NOM;medium;"Artikel 'diu', Subjekt zu 'erlat'; appellativ bestimmt.";din lip der minnen zeichen hat . / ob gar diu **minne** dich erlat / daz sie dir nymmer leit getuot ,
REN.tei.xml;REN_280060_1;minne;28006;REVIEW;confidence;nein;;;;;;;lemma_4130;NOM;medium;"Artikel 'diu', Subjekt zu 'mennet'; appellativ bestimmt.";dann ich ir habe erkennet . / diu **minne** manic herze mennet / mit ir vil sharpfen garte .
REN.tei.xml;REN_293890_3;minne;29389;REVIEW;confidence;nein;;;;;;;lemma_4130;NOM;medium;"Artikel 'diu', Subjekt zu 'fueret'; appellativ bestimmt.";< kein gewalt wart nie so vester / als den diu **minne** da fueret . / swen ir gealt rueret ,
REN.tei.xml;REN_294410_3;minne;29441;REVIEW;confidence;nein;;;;;;;lemma_4130;NOM;medium;"Artikel 'diu', Subjekt zu 'gebot'; appellativ bestimmt.";ein sterben kume mich verbirt . / die not diu **minne** mir gebot . > / do sprach aber gamelerot :
REN.tei.xml;REN_294460_1;minne;29446;REVIEW;confidence;nein;;;;;;;lemma_4130;NOM;medium;"Artikel 'diu', Subjekt zu 'hat gesenket'; appellativ bestimmt.";daz ez ziuhet sich so lange . / diu **minne** hat ir zange / in daz hertze min gesenket .
REN.tei.xml;REN_297490_2;minne;29749;REVIEW;confidence;nein;;;;;;;lemma_4130;NOM;medium;"Artikel 'diu', Subjekt zu 'dructe'; appellativ bestimmt.";etteswenne ich auch gewesen bin , / daz diu **minne** mich so dructe / daz sie mir gar vraeude zucte ,
REN.tei.xml;REN_298310_4;minne;29831;REVIEW;confidence;nein;;;;;;;lemma_4130;NOM;medium;"Artikel 'diu', Subjekt zu 'welle wider geben'; appellativ bestimmt.";der tot dem von mir geshiht . / mich dunket daz diu **minne** / mine manliche sinne
REN.tei.xml;REN_309400_1;minne;30940;REVIEW;confidence;nein;;;;;;;lemma_4130;NOM;medium;"Artikel 'diu', Subjekt zu 'kan ir lage gelegen'; appellativ bestimmt.";von sene in sweizes wage . / diu **minne** kan wol ir lage / dem minne gernden man gelegen .
REN.tei.xml;REN_314520_3;minne;31452;REVIEW;confidence;nein;;;;;;;lemma_4130;NOM;medium;"Artikel 'diu', Subjekt zu 'hat verlorn'; appellativ bestimmt.";edel ritter uz erkorn ! / was hat diu **minne** an dir verlorn ! / wie kunde ir lon dich gruezen !
REN.tei.xml;REN_316400_1;minne;31640;REVIEW;confidence;nein;;;;;;;lemma_4130;NAM;medium;Anrede 'vrau minne' mit folgendem Imperativ 'suene'.;da was ein anger gruene . / vrau **minne** , dich suene / mit den vil gelieben zwein !
REN.tei.xml;REN_316440_0;minne;31644;REVIEW;confidence;nein;;;;;;;lemma_4130;NAM;medium;Vokativ ohne Artikel, direkte Anrede 'du hast sie beladen'.;du solt ergetzen sie ir shaden . / **minne** , du hast sie beladen / mit minne vaste lange stunt .
REN.tei.xml;REN_316460_0;minne;31646;REVIEW;confidence;nein;;;;;;;lemma_4130;NAM;medium;Vokativ ohne Artikel, direkte Anrede 'swen du hast verwunt'.;mit minne vaste lange stunt . / **minne** , swen du hast verwunt , / wizze daz er kummer treit ,
REN.tei.xml;REN_316520_0;minne;31652;REVIEW;confidence;nein;;;;;;;lemma_4130;NAM;medium;Vokativ ohne Artikel, direkte Anrede 'ez ist dir suende'.;und ir gewinnet kuende . / **minne** , ez ist dir suende , / ob sie din trost verderben lat ,
REN.tei.xml;REN_316710_1;minne;31671;REVIEW;confidence;nein;;;;;;;lemma_4130;NAM;medium;Anrede 'vrau minne' mit folgendem Imperativ 'heiz shawen'.;hiez zu menshen werden . / vrau **minne** , heiz shawen / den man , dar zu die vrawen :
REN.tei.xml;REN_317100_1;minne;31710;REVIEW;confidence;nein;;;;;;;lemma_4130;NAM;medium;Direkte Anrede 'vrau minne, ich wil iwer tat ruegen': Personifikation als Adressatin.;vereinet , daz was der minnen rat . / vrau **minne** , ich wil iwer tat / hie , waene , mit worten ruegen .
REN.tei.xml;REN_320130_4;minne;32013;REVIEW;confidence;nein;;;;;;;lemma_4130;NAM;medium;'daz riet mir vrau minne': Frau Minne als handelnde Ratgeberin.;da ich dich mit den augen vant . / daz riet mir vrau **minne** , / daz ich hertze und sinne ,
REN.tei.xml;REN_320230_0;minne;32023;REVIEW;confidence;nein;;;;;;;lemma_4130;NAM;medium;Vokativ am Versanfang mit 'daz dich des gezeme': angerufene Figur.;wenne sol ich geleben den tag , / **minne** , daz dich des gezeme / daz min leit ein ende neme ?
REN.tei.xml;REN_322120_4;minne;32212;REVIEW;confidence;nein;;;;;;;lemma_4130;NOM;medium;"Determinativ 'diu minne' als Subjekt; handelnd, aber mit Artikel appellativ.";diu hertze und die sinne . / daz reizen machet diu **minne** . / sie ratet hin , sie ratet her ,
REN.tei.xml;REN_322160_4;minne;32216;REVIEW;confidence;nein;;;;;;;lemma_4130;NOM;medium;'ir strik kan die minne legen': Artikel 'die', Personifikation bleibt moeglich.;daz siez nit gelazen megen . / ir strik kan die **minne** legen / daz ir nit entrinnen kan :
REN.tei.xml;REN_322600_6;minne;32260;REVIEW;confidence;nein;;;;;;;lemma_4130;NAM;medium;'da kam vrau minne wol zu rehte': Frau Minne tritt als Figur auf.;der kuenc und diu kuenginne . / ich waen , da kam vrau **minne** / wol zu rehte an den zwein :
REN.tei.xml;REN_322860_3;minne;32286;REVIEW;confidence;nein;;;;;;;lemma_4130;NOM;medium;'daz ez diu minne wurde vro': Artikel, personifizierender Kontext denkbar.;mit sime libe gediente so / daz ez diu **minne** wurde vro . / diu kint nach kinden taten .
REN.tei.xml;REN_322880_0;minne;32288;REVIEW;confidence;nein;;;;;;;lemma_4130;NAM;medium;Vokativ mit 'du solt in raten': direkte Anrede der Minne.;diu kint nach kinden taten . / **minne** , du solt in raten / und ir dich underwinden :
REN.tei.xml;REN_322980_0;minne;32298;REVIEW;confidence;nein;;;;;;;lemma_4130;NAM;medium;Anrede mit Imperativ 'mache sie jamers vri': Minne als angerufene Figur.;hie lit ein maget der maegde bi : / **minne** , mache sie jamers vri ! / daz stet dir vil wol , minne .
REN.tei.xml;REN_322990_6;minne;32299;REVIEW;confidence;nein;;;;;;;lemma_4130;NAM;medium;'daz stet dir vil wol , minne': Vokativ mit Bezug auf 'dir'.;minne , mache sie jamers vri ! / daz stet dir vil wol , **minne** . / erkenne wie in brinne
REN.tei.xml;REN_323060_1;minne;32306;REVIEW;confidence;nein;;;;;;;lemma_4130;NOM;medium;'diu minne begunde sie leren': Artikel, handelnd, aber appellativisch gebraucht.;du solt ir leben verkeren . / diu **minne** begunde sie leren / ein liebes umme vahen ,
RF.tei.xml;RF_84300_1;minne;843;REVIEW;confidence;nein;;;;;;;lemma_4130;NOM;medium;Artikelloses Subjekt: 'wenne minne gibt dir hohen mvt'.;ern mvste zv der vrvnden gan . / wenne **minne** gibt dir hohen mvt , / da von dovchte sie in gvt .
RHB.tei.xml;RHB_4930_4;minne;493;REVIEW;confidence;nein;;;;;;;lemma_4130;NOM;medium;'wie sie betrouc diu minne': Artikel, personifizierende Lesart moeglich.;an der küniginne , / wie sie betrouc diu **minne** , / dô si den list eröugete ,
RLS.tei.xml;RLS_50110_4;minne;10;REVIEW;confidence;nein;;;;;;;lemma_4130;NOM;medium;"Apposition zur angeredeten Maria: 'du minne in hoem prise'; Verblesart offen.";sît gotes zorn ir minne twanc : / maget marîa ( du **minne** in hôem prîse ! ) / den starken got des überwant ,
RUB.tei.xml;RUB_20100300_3;minne;3;REVIEW;confidence;nein;;;;;;;lemma_4130;NOM;medium;"Abstraktes Subjekt zu 'tuot mir unrehte'; Personifikation moeglich.";vil minneclîche singen , / wan daz mir **minne** unrehte tuot . / swer wol von minnen singen sol
RUB.tei.xml;RUB_20100700_0;minne;7;REVIEW;confidence;nein;;;;;;;lemma_4130;NAM;medium;Direkte Anrede mit 'dir': 'minne, ich bin dir ... undertan'.;der muoz ouch frôlich sîn gemuot . / **minne** , ich bin dir und dem reinen wîbe / gewaltes iemer undertân :
RUB.tei.xml;RUB_80300900_2;minne;9;REVIEW;confidence;nein;;;;;;;lemma_4130;NOM;medium;"Artikelloses Subjekt zu 'gefrumte'; Personifikation nicht auszuschliessen.";unde süene beide nû vil manic jâr , / daz mich **minne** nie gefrumte als umbe ein hâr , / swie sî mir doch mit dienste riete dar .
RUB.tei.xml;RUB_130400100_1;minne;1;REVIEW;confidence;nein;;;;;;;lemma_4130;NOM;medium;"Artikelloses Subjekt zu 'taete ... we'; Personifikation moeglich.";si mac mir beide sorge und hôchgemüete geben . / tæte **minne** niht sô senelîchen wê , / waz bedörfte ein liep genâden danne mê ?
RUB.tei.xml;RUB_150300100_4;minne;1;REVIEW;confidence;nein;;;;;;;lemma_4130;NAM;medium;Direkte Anrede mit 'du ... merest' und 'in dinen hulden'.;doch fröuw ich mich deich mîn stæte an ir noch nie zebrâch . / sît daz du , **minne** , mêrest / swaz in dînen hulden ist ,
RUB.tei.xml;RUB_150400100_2;minne;1;REVIEW;confidence;nein;;;;;;;lemma_4130;NAM;medium;Vokativ mit Imperativ 'schouwe' und Anrede 'daz du saelic sist'.;woltest dû aleine , dâ wær mê genâden bî . / vil minneclîchiu **minne** , / schouwe - daz du saelic sîst ! - :
RUB.tei.xml;RUB_150400900_0;minne;9;REVIEW;confidence;nein;;;;;;;lemma_4130;NAM;medium;Anrede am Versanfang, fortgesetzt mit 'bistus flizic ... von dir'.;daz ein wîp ze guote mîne klage verneme . / **minne** , ich hân an mangem wol gesehen , / bistus flîzic , mir mac allez guot von dir geschehen .
RUB.tei.xml;RUB_160300500_2;minne;5;REVIEW;confidence;nein;;;;;;;lemma_4130;NOM;medium;"Subjekt zu 'sol meisterinne sin'; stark personifiziert, aber keine Anrede.";si mac mir wol liep nâch leide geben , / des sol **minne** meisterinne sîn : / diu kan ûz trûren fröide machen ,
RUD.tei.xml;RUD_442535_3;minne;35;REVIEW;confidence;nein;;;;;;;lemma_4130;NOM;medium;"Kosename in der Anrede an Bonifait, Adjektiv 'suze'; keine Frau Minne.";do sprach die kuniginnen / < bonifait suze **minne** , / wenne sal ich dinen neven sehen ? >
RVB.tei.xml;RVB_10100100_6;minne;1;REVIEW;confidence;nein;;;;;;;lemma_4130;NOM;medium;"Artikel und Adjektiv 'die minneclichen minne'; Personifikation neben got moeglich.";ich hân got und die minneclîchen **minne** / gebeten vlêhelîche nû vil manic jâr
RVB.tei.xml;RVB_10200600_9;minne;6;REVIEW;confidence;nein;;;;;;;lemma_4130;NAM;medium;Vokativ am Versende, fortgesetzt mit 'so bist du niht guot'.;sich ûf dîne triuwe wie mir senen tuot : / ich wæne ich müeze gar verderben dîner süeze , **minne** . / geschiht daz sô bist dû niht guot .
RVB.tei.xml;RVB_40801200_2;minne;12;REVIEW;confidence;nein;;;;;;;lemma_4130;NAM;medium;Anruf 'ach, minne, hilf' mit Imperativ und 'du'.;waz mîner wunne und bernder fröide an ir nu lît ! / ach , **minne** , hilf , sô tuost du wol : lâz mir an ir den wernden strît ! / die wîsen merken wie mir senden ist geschehen .
RVBR.tei.xml;RVBR_1104_2;minne;1104;REVIEW;confidence;nein;;;;;;;lemma_4130;NAM;medium;Direkte Anrede 'ei sueziu minne' mit Du-Anrede ('diniu bant', 'dinen kreften').;dar dâ er was unbekant . / ei süeziu **minne** , dîniu bant / bindent sunder heften .
RVBR.tei.xml;RVBR_1582_2;minne;1582;REVIEW;confidence;nein;;;;;;;lemma_4130;NAM;medium;Vokativische Anrede im Redezitat: 'minne, war um last', mit Du-Anrede davor.;sî dîn gewalt , als du mich hâst / gevangen ! **minne** , war um lâst , > / sprach er , < du sî sorgen bar ,
RVBR.tei.xml;RVBR_1619_5;minne;1619;REVIEW;confidence;nein;;;;;;;lemma_4130;NAM;medium;Anrede mit Du: 'gist du mir, sueze minne!'.;ei waz strenger loene / gist du mir , süeze **minne** ! > / nu saz diu küneginne
RVBR.tei.xml;RVBR_1626_0;minne;1626;REVIEW;confidence;nein;;;;;;;lemma_4130;NAM;medium;Artikelloses Subjekt, handelt 'mit ir krefte' und bringt das Herz dazu.;lieplîcher friuntschefte , / **minne** mit ir krefte / hât ir herze dâ zuo brâht
RVBR.tei.xml;RVBR_1690_2;minne;1690;REVIEW;confidence;nein;;;;;;;lemma_4130;NAM;medium;Anruf mit Imperativen: 'ei sueziu minne, troest und hilf und gib mir rat'.;tuot , ob ez niht senftet sich . / ei süeziu **minne** minneclîch , / troest und hilf und gib mir rât ,
RVBR.tei.xml;RVBR_1706_4;minne;1706;REVIEW;confidence;nein;;;;;;;lemma_4130;NOM;medium;"Artikelloses Subjekt ohne personifizierende Zusaetze; Abstraktum bleibt moeglich.";alze vast an in verdâht . / dâ zuo hât mich **minne** brâht . > / sus saz sî mit der trahte
RVBR.tei.xml;RVBR_1898_0;minne;1898;REVIEW;confidence;nein;;;;;;;lemma_4130;NAM;medium;Artikelloses Subjekt mit eigenem Zeichen: 'minne tet ir zeichen schin'.;und disem hie , daz lâzen sîn . / **minne** tet ir zeichen schîn / dicke an im der schande ie meit ,
RVBR.tei.xml;RVBR_2082_2;minne;2082;REVIEW;confidence;nein;;;;;;;lemma_4130;NAM;medium;Anrede mit Imperativen: 'ach sueziu minne, tuo so wol, la sin herze erkennen'.;den fürsten küssen als ich sol . / ach süeziu **minne** , tuo sô wol , / lâ sîn herze erkennen
RVBR.tei.xml;RVBR_2366_2;minne;2366;REVIEW;confidence;nein;;;;;;;lemma_4130;NOM;medium;Artikelloses Subjekt im gnomischen Ausruf 'waz minne wunders tuot'.;beide herze sin und muot . / ach waz **minne** wunders tuot / noch an zwein gelieben !
RVBR.tei.xml;RVBR_2402_0;minne;2402;REVIEW;confidence;nein;;;;;;;lemma_4130;NOM;medium;Artikelloses Subjekt in einer lehrhaften Sentenz ueber die Minne allgemein.;dâ hât rehter minne . / **minne** wîset sinne / niuwan an daz guote .
RVBR.tei.xml;RVBR_2408_0;minne;2408;REVIEW;confidence;nein;;;;;;;lemma_4130;NOM;medium;"Artikelloses Subjekt zu 'wahset'; Anrede-Lesart bleibt moeglich.";von minnen hôher sælden funt . / **minne** in sender herzen grunt / ûf wahset unde würze !
RVBR.tei.xml;RVBR_2418_3;minne;2418;REVIEW;confidence;nein;;;;;;;lemma_4130;NOM;medium;Artikelloses Subjekt im Sentenzkontext: 'des ist unschuldic minne'.;an herzen und an sinne . / des ist unschuldic **minne** , / wan diu wil niht wan guotes .
RVBR.tei.xml;RVBR_2420_0;minne;2420;REVIEW;confidence;nein;;;;;;;lemma_4130;NOM;medium;Artikelloses Subjekt in lehrhafter Aussage: 'minne phliget des muotes'.;wan diu wil niht wan guotes . / **minne** phliget des muotes / dem sin und herz ist undertân .
RVBR.tei.xml;RVBR_2436_1;minne;2436;REVIEW;confidence;nein;;;;;;;lemma_4130;NAM;medium;Artikelloses Subjekt, siegt 'mit ir krefte' in zwei Herzen.;friuntlîcher trûtschefte . / swâ **minne** mit ir krefte / gesiget in zwein herzen ,
RVBR.tei.xml;RVBR_2576_0;minne;2576;REVIEW;confidence;nein;;;;;;;lemma_4130;NAM;medium;Artikelloses Subjekt wetzt 'ir scharphen wafen' ueber den Sprecher.;dar umbe niemen strâfen . / **minne** ir scharphen wâfen / hât über mich gewetzet .
RVBR.tei.xml;RVBR_2654_3;minne;2654;REVIEW;confidence;nein;;;;;;;lemma_4130;NOM;medium;Subjekt mit Artikel, aber agentivisch ('in betwanc diu minne'): Personifikation moeglich;verdâht in mangem sinne . / in betwanc diu **minne** : / sô tet im wol der ginge .
RVBR.tei.xml;RVBR_2674_3;minne;2674;REVIEW;confidence;nein;;;;;;;lemma_4130;NOM;medium;"Subjekt zu 'gap ... lere', abstrakt gebraucht; handelnde Personifikation bleibt moeglich.";nâ wint sô manic kêre . / nu gap im **minne** lêre / als sî noch tuot und hât getân ,
RVBR.tei.xml;RVBR_2995_3;minne;2995;REVIEW;confidence;nein;;;;;;;lemma_4130;NOM;medium;"Subjekt zu 'warp'; abstrakt gelesen, personifizierte Lesart bleibt offen.";alsô ob sî sich niht vergâht . / alsô warp hie **minne** . / des werden fürsten sinne
RVBR.tei.xml;RVBR_3056_1;minne;3056;REVIEW;confidence;nein;;;;;;;lemma_4130;NOM;medium;"Subjekt zu 'bint'; abstrakt, aber die Bindeszene laesst Personifikation zu.";ein ander stæteclîche sint , / wan **minne** mit gedenken bint / sî beidiu in der minne stric .
RVBR.tei.xml;RVBR_3345_1;minne;3345;REVIEW;confidence;nein;;;;;;;lemma_4130;NOM;medium;"Subjekt zu 'hat mich geworren'; abstrakt, Personifikation moeglich.";in sô wunderlîchiu werch / hât **minne** mich geworren , / daz man mir siht dorren
RVBR.tei.xml;RVBR_3484_0;minne;3484;REVIEW;confidence;nein;;;;;;;lemma_4130;NOM;medium;"Subjekt zu 'moehte ... erschiezen'; abstrakt, personifizierte Lesart offen.";noch verschulte nie den haz . / **minne** möhte mir wol baz / mit ir gnâde erschiezen ,
RVBR.tei.xml;RVBR_3576_0;minne;3576;REVIEW;confidence;nein;;;;;;;lemma_4130;NOM;medium;"Subjekt zu 'sloz'; abstrakt, personifizierte Lesart bleibt offen.";sô lept doch niender mîn genôz . / **minne** hôher fröude slôz / nie in herzen sinne .
RVBR.tei.xml;RVBR_3613_3;minne;3613;REVIEW;confidence;nein;;;;;;;lemma_4130;NAM;medium;Direkte Anrede 'ei sueze minne minneclich' mit Fortsetzung 'din kraft'.;siufzende diu reine sprach : / < ei süeze **minne** minneclîch , / wie hât dîn kraft sô wunderlîch
RVBR.tei.xml;RVBR_3620_0;minne;3620;REVIEW;confidence;nein;;;;;;;lemma_4130;NAM;medium;Vokativ mit 'din gewalt' und 'du kanst': angerufene Figur.;hât versenket und verlopt . / **minne** , dîn gewalt der opt / aller hande krefte .
RVBR.tei.xml;RVBR_3624_0;minne;3624;REVIEW;confidence;nein;;;;;;;lemma_4130;NOM;medium;"Subjekt der Preisreihe 'minne diu kan linden'; Personifikation moeglich.";ein herze in jâmer binden . / **minne** diu kan linden / sorge herter denn ein flins .
RVBR.tei.xml;RVBR_3626_0;minne;3626;REVIEW;confidence;nein;;;;;;;lemma_4130;NOM;medium;"Subjekt der Preisreihe 'minne diu git'; Personifikation moeglich.";sorge herter denn ein flins . / **minne** diu gît swæren zins / iren besten friunden .
RVBR.tei.xml;RVBR_3628_0;minne;3628;REVIEW;confidence;nein;;;;;;;lemma_4130;NOM;medium;"Subjekt zu 'kan ueberbuenden' in der Preisreihe; Personifikation moeglich.";iren besten friunden . / **minne** überbünden / kan aller herzen sinne .
RVBR.tei.xml;RVBR_3630_0;minne;3630;REVIEW;confidence;nein;;;;;;;lemma_4130;NOM;medium;"Subjekt zu 'git gewinne' in der Preisreihe; Personifikation moeglich.";kan aller herzen sinne . / **minne** gît gewinne / und lêret doch verlieren .
RVBR.tei.xml;RVBR_3632_0;minne;3632;REVIEW;confidence;nein;;;;;;;lemma_4130;NOM;medium;"Subjekt zu 'kan sich zieren' in der Preisreihe; Personifikation moeglich.";und lêret doch verlieren . / **minne** kan sich zieren / mit jâmerlîchem luste .
RVBR.tei.xml;RVBR_3634_0;minne;3634;REVIEW;confidence;nein;;;;;;;lemma_4130;NOM;medium;"Subjekt zu 'huset mit gewalte' in der Preisreihe; Personifikation moeglich.";mit jâmerlîchem luste . / **minne** in ganzer bruste / hûset mit gewalte .
RVBR.tei.xml;RVBR_3636_0;minne;3636;REVIEW;confidence;nein;;;;;;;lemma_4130;NOM;medium;"Subjekt zu 'valte' in der Preisreihe; Personifikation moeglich.";hûset mit gewalte . / **minne** ûf fröuden valte / ie hôhen herzen wünne .
RVBR.tei.xml;RVBR_3638_0;minne;3638;REVIEW;confidence;nein;;;;;;;lemma_4130;NOM;medium;"Subjekt zu 'machet ... mit ir kuenste'; Personifikation moeglich.";ie hôhen herzen wünne . / **minne** sorgen dünne / ouch machet mit ir künste .
RVBR.tei.xml;RVBR_3640_0;minne;3640;REVIEW;confidence;nein;;;;;;;lemma_4130;NOM;medium;"Subjekt zu 'git vernuenste' in der Preisreihe; Personifikation moeglich.";ouch machet mit ir künste . / **minne** gît vernünste / die niemen ân sî vinden kan .
RVBR.tei.xml;RVBR_3642_0;minne;3642;REVIEW;confidence;nein;;;;;;;lemma_4130;NOM;medium;"Subjekt zu 'kan ze froeuden schalten'; Personifikation moeglich.";die niemen ân sî vinden kan . / **minne** frouwen unde man / kan ze fröuden schalten .
RVBR.tei.xml;RVBR_3644_0;minne;3644;REVIEW;confidence;nein;;;;;;;lemma_4130;NOM;medium;"Subjekt zu 'leret alten' in der Preisreihe; Personifikation moeglich.";kan ze fröuden schalten . / **minne** lêret alten / gar bî jungen jâren .
RVBR.tei.xml;RVBR_3647_4;minne;3647;REVIEW;confidence;nein;;;;;;;lemma_4130;NAM;medium;Anrede 'gen dir, zarte minne' mit folgendem 'sit du mir ... schibest'.;wie sol ich gebâren / gên dir , zarte **minne** , / sît du mir die sinne
RVBR.tei.xml;RVBR_3689_1;minne;3689;REVIEW;confidence;nein;;;;;;;lemma_4130;NOM;medium;"Subjekt zu 'hat mich geseilet'; abstrakt, Personifikation moeglich.";mit der sorgen bande / hât **minne** mich geseilet . / eht sî hât geteilet
RVBR.tei.xml;RVBR_3994_0;minne;3994;REVIEW;confidence;nein;;;;;;;lemma_4130;NOM;medium;"Subjekt zu 'fueget'; abstrakt, personifizierte Lesart bleibt offen.";nu sô sint sî denne rôt . / **minne** dise selbe nôt / an in beiden füeget .
RVBR.tei.xml;RVBR_4002_2;minne;4002;REVIEW;confidence;nein;;;;;;;lemma_4130;NOM;medium;"Subjekt zu 'twinget' in der Sentenz; Personifikation moeglich.";sin mit wâne bringet . / ei zwâre **minne** twinget / noch groezer sache denne alsô . >
RVBR.tei.xml;RVBR_4064_0;minne;4064;REVIEW;confidence;nein;;;;;;;lemma_4130;NOM;medium;"Subjekt zu 'wuerket' mit 'ir mugende'; Personifikation moeglich.";von mîner sinne untugende . / **minne** mit ir mugende / würket wunderlîchiu dinc .
RVBR.tei.xml;RVBR_4094_0;minne;4094;REVIEW;confidence;nein;;;;;;;lemma_4130;NOM;medium;"Artikelloses Subjekt zu 'het entslozzen'; Personifikation moeglich, aber ohne Anrede.";< ei war umb würbe du niht vor ? / **minne** het ir sælden tor / liht dir ûf entslozzen . >
RVBR.tei.xml;RVBR_4266_0;minne;4266;REVIEW;confidence;nein;;;;;;;lemma_4130;NAM;medium;"Anrufung der Minne mit Bitte/Imperativ 'bint'; Personifikation liegt nahe.";an iuch gedenken swâ ir sint . / **minne** mir mîn herze bint / alsô daz ez niht enmac
RVBR.tei.xml;RVBR_4296_0;minne;4296;REVIEW;confidence;nein;;;;;;;lemma_4130;NOM;medium;Artikelloses Subjekt zu 'hât gewundert', keine Anrede oder vrouwe-Fuegung.;ûz al der welt gesundert . / **minne** hât gewundert / an mir sô wildiu wunder ,
RVBR.tei.xml;RVBR_4326_0;minne;4326;REVIEW;confidence;nein;;;;;;;lemma_4130;NAM;medium;Minne handelt 'mit ir zangen', deutlich personifizierte Figur.;was beider sin bevangen . / **minne** mit ir zangen / sî leides hât beklæwet ,
RVBR.tei.xml;RVBR_4438_5;minne;4438;REVIEW;confidence;nein;;;;;;;lemma_4130;NAM;medium;Direkte Anrufung 'süeze minne, hilf und füege', Imperativ an die Figur.;hôrt diu küneginne , / sô dâht sî < süeze **minne** , / hilf und füege daz ich in
RVBR.tei.xml;RVBR_4706_2;minne;4706;REVIEW;confidence;nein;;;;;;;lemma_4130;NAM;medium;Klageanrede 'owê strenge minne' mit Fortsetzung 'bist du süez'.;daz ich in sorgen brinne . / owê strenge **minne** , / bist du süez , des weiz ich niht ,
RVBR.tei.xml;RVBR_4725_0;minne;4725;REVIEW;confidence;nein;;;;;;;lemma_4130;NOM;medium;Artikelloses Subjekt in gnomischer Aussage 'minne hât strengen orden'.;hât alsô strengen orden / **minne** an allen liuten , / sô ist ir lieplîch triuten
RVBR.tei.xml;RVBR_4826_6;minne;4826;REVIEW;confidence;nein;;;;;;;lemma_4130;NAM;medium;Anrede 'frô minne' mit ihr-Anrede, klare Personifikation.;trûrte in dem sinne . / wâ sint ir nu , frô **minne** , / waz went ir nu hie schicken ?
RVBR.tei.xml;RVBR_5052_1;minne;5052;REVIEW;confidence;nein;;;;;;;lemma_4130;NAM;medium;Anrufung 'ouwê minne' mit direkter du-Anrede 'kanst du geben'.;bezzers trôstes , sol ich leben . / ouwê **minne** , kanst du geben / alsô herte siure .
RVBR.tei.xml;RVBR_5124_2;minne;5124;REVIEW;confidence;nein;;;;;;;lemma_4130;NOM;medium;Artikelloses Subjekt zu 'lât fliezen', abstrakt-gnomisch statt angeredet.;dienet und gedienet hât , / ob iuch **minne** dar umb lât / lob in wandel fliezen ,
RVBR.tei.xml;RVBR_5285_3;minne;5285;REVIEW;confidence;nein;;;;;;;lemma_4130;NAM;medium;Klageanrede in direkter Rede: 'owê süeze minne, owê'.;er sprach mit trüeber stimme / < owê süeze **minne** , owê , / nu bin ich êrst iemer mê
RVBR.tei.xml;RVBR_5538_0;minne;5538;REVIEW;confidence;nein;;;;;;;lemma_4130;NOM;medium;Artikelloses Subjekt in gnomischer Sentenz zu 'stiftet'.;ir herze liep mit hazze truoc ? / **minne** solchen unfuoc / noch dick in herzen stiftet .
RVBR.tei.xml;RVBR_5566_2;minne;5566;REVIEW;confidence;nein;;;;;;;lemma_4130;NOM;medium;Artikelloses Subjekt im swâ-Satz zu 'begât', gnomische Aussage.;belîbet wol , sîn ist genuoc . / swâ aber **minne** den unfuoc / begât daz sî sich mêret
RVBR.tei.xml;RVBR_5570_2;minne;5570;REVIEW;confidence;nein;;;;;;;lemma_4130;NOM;medium;Artikelloses Subjekt zu 'hât sich überladen', abstrakter Gebrauch.;daz sî beginnet ungeraden , / dâ hât **minne** überladen / sich mit der unfuoge .
RVBR.tei.xml;RVBR_6310_5;minne;6310;REVIEW;confidence;nein;;;;;;;lemma_4130;NAM;medium;Anrede 'frô minne' mit Fragen an sie ('waz meinent ir').;von grundes herzen sinne . / nu sagent an , frô **minne** : / waz mære ist diz ? waz meinent ir ,
RVBR.tei.xml;RVBR_6383_0;minne;6383;REVIEW;confidence;nein;;;;;;;lemma_4130;NOM;medium;"Artikelloses Subjekt zu 'lêrt'; Personifikation moeglich, aber keine Anrede.";nu lêrt ze solchen dingen / **minne** mange fünde . / wie er sich umbe wünde
RVBR.tei.xml;RVBR_6387_1;minne;6387;REVIEW;confidence;nein;;;;;;;lemma_4130;NOM;medium;Artikelloses Subjekt im Relativsatz zu 'hât versêret'.;nu sus , nu sô , daz merke der / den **minne** ie hât versêret . / nu hin nu har sî kêret
RVBR.tei.xml;RVBR_6463_3;minne;6463;REVIEW;confidence;nein;;;;;;;lemma_4130;NOM;medium;"Artikel 'diu' als Subjekt zu 'lêrt'; agentisch, aber ohne Rede oder Anrede.";swaz joch iemer mir beschiht . > / sus lêrt diu **minne** liegen / und wandellîchen biegen
RVBR.tei.xml;RVBR_6468_0;minne;6468;REVIEW;confidence;nein;;;;;;;lemma_4130;NOM;medium;Artikelloses Subjekt zu 'het gewürket', abstrakte Wirkmacht der Minne.;daz er niht wiste waz er tet / **minne** grôziu wunder het / dik gewürket und tuot noch ,
RVBR.tei.xml;RVBR_7908_3;minne;7908;REVIEW;confidence;nein;;;;;;;lemma_4130;NOM;medium;"'der êre werde minne' mit attributivem Adjektiv; Konjunktivlesart bleibt moeglich.";und wol besniten sinne , / der êre werde **minne** / an mir und alliu reine wîp ,
RVBR.tei.xml;RVBR_8687_6;minne;8687;REVIEW;confidence;nein;;;;;;;lemma_4130;NAM;medium;Direkte Anrede mit 'frô minne' und Ihr-Anrede, Personifikation.;als ob in niht beswârte . / wâ sint ir nu , frô **minne** ? / wâ hânt ir iuwer sinne ,
RVBR.tei.xml;RVBR_8707_2;minne;8707;REVIEW;confidence;nein;;;;;;;lemma_4130;NAM;medium;'sprach diu minne' in direkter Rede, redende Figur Frau Minne.;mîn helfe wil sich ziehen , > / sprach diu **minne** , < niuwan dar / dâ ich aller schanden bar
RVBR.tei.xml;RVBR_8734_4;minne;8734;REVIEW;confidence;nein;;;;;;;lemma_4130;NAM;medium;'seit diu süeze minne' im Redekontext derselben Minne-Szene.;mich triegen denn mîn sinne . / jô seit diu süeze **minne** / in herzen mir daz er ez sî .
RVBR.tei.xml;RVBR_8763_2;minne;8763;REVIEW;confidence;nein;;;;;;;lemma_4130;NAM;medium;'sprach diu minne' mit folgendem Imperativ 'hoere mich', redende Figur.;< gern ich dir daz beslihte , > / sprach diu **minne** , < hoere mich . / diu nâtûre twinget dich
RVBR.tei.xml;RVBR_9108_5;minne;9108;REVIEW;confidence;nein;;;;;;;lemma_4130;NOM;medium;"Artikel 'diu'; bildlich agierend im Kampf, aber ohne Rede oder Anrede.";er und diu küniginne . / mit den zwein was diu **minne** / ouch in den strît gesprungen .
RVBR.tei.xml;RVBR_9228_4;minne;9228;REVIEW;confidence;nein;;;;;;;lemma_4130;NAM;medium;Vokativische Anrede 'ei vênus, süeze minne', Apposition zur Goettin.;daz jâmer in dem sinne . / ei vênus , süeze **minne** , / solte mir der werde helt
RVBR.tei.xml;RVBR_9255_1;minne;9255;REVIEW;confidence;nein;;;;;;;lemma_4130;NAM;medium;Apposition zu 'vênus' mit 'selbe', Minne als goettliche Figur.;nein , im wære vênus / diu **minne** selbe niht ze guot . > / nu kom der ritter hôchgemuot
RVBR.tei.xml;RVBR_9454_0;minne;9454;REVIEW;confidence;nein;;;;;;;lemma_4130;NOM;medium;Artikelloses Subjekt zu 'hât besezzen', abstrakte Wirkmacht.;dâ vor umb daz nârîten . / **minne** bî den zîten / hât ir sin besezzen
RVBR.tei.xml;RVBR_11092_0;minne;11092;REVIEW;confidence;nein;;;;;;;lemma_4130;NAM;medium;Direkte Anrede mit Vokativkomma und 'dir', Apostrophe an Frau Minne.;hât alliu herze troffen . / **minne** , dir stât offen / aller herzen sinne .
RVBR.tei.xml;RVBR_11098_0;minne;11098;REVIEW;confidence;nein;;;;;;;lemma_4130;NAM;medium;Anrede mit Possessiv 'dîn gewalt', Apostrophe an Frau Minne.;des sîn ouge nie gesach . / **minne** , dîn gewalt ie brach / für aller künge künicrîch .
RVBR.tei.xml;RVBR_11100_0;minne;11100;REVIEW;confidence;nein;;;;;;;lemma_4130;NAM;medium;Anrede mit 'dîner wirdekeit', Apostrophe an Frau Minne.;für aller künge künicrîch . / **minne** , nie niht moht gelîch / werden dîner wirdekeit .
RVBR.tei.xml;RVBR_11104_0;minne;11104;REVIEW;confidence;nein;;;;;;;lemma_4130;NAM;medium;Direkte Anrede mit Possessiv: 'minne, dîn gewalt was ie', Apostrophe an die Personifikation.;vor gote dort , ûf erden hie . / **minne** , dîn gewalt was ie / und ist und muoz ouch iemer sîn
RVBR.tei.xml;RVBR_11127_1;minne;11127;REVIEW;confidence;nein;;;;;;;lemma_4130;NOM;medium;"Artikelloses Subjekt zu 'hât gewürzet'; abstrakte Liebe als Ursache, Personifikation nur schwach.";daz ie beschach ald man noch tuot / hât **minne** allein gewürzet . / langiu rede gekürzet
RVBR.tei.xml;RVBR_14872_1;minne;14872;REVIEW;confidence;nein;;;;;;;lemma_4130;NOM;medium;"Artikelloses Subjekt zu 'hât gestôzen'; agentivisch, Personifikation aber nicht ausgewiesen.";umb ir schädelîch verlust . / hât **minne** fröude in ir brust / dâ vor ein wil gestôzen ,
RVBR.tei.xml;RVBR_16860_2;minne;16860;REVIEW;confidence;nein;;;;;;;lemma_4130;NOM;medium;"Artikelloses Subjekt zu 'konde wenden'; abstrakte Liebe als Wirkkraft, keine Anrede.";mit zuht und mit bescheidenheit . / dô konde **minne** wenden leit / und hôhgemüete lêren ,
RVBR.tei.xml;RVBR_17123_1;minne;17123;REVIEW;confidence;nein;;;;;;;lemma_4130;NAM;medium;Zitierte Inschrift 'minne twinget alliu dinc', Minne als zwingende Instanz (amor vincit omnia).;und mit tiut geslihtet / < **minne** twinget alliu dinc . > / hie bî wolt der jungelinc
RVBR.tei.xml;RVBR_22681_2;minne;22681;REVIEW;confidence;nein;;;;;;;lemma_4130;NOM;medium;"Subjekt koordiniert mit 'werdiu wip' zu 'gefroeuten'; abstraktes Nomen.";iuwer ritterlîcher lîp . / ob iuch **minne** und werdiu wîp / gefröuten ûf der erden ie ,
RVBR.tei.xml;RVBR_26141_2;minne;26141;REVIEW;confidence;nein;;;;;;;lemma_4130;NAM;medium;Direkte Anrufung mit Imperativ: 'ei sueziu minne, sag an wa'.;dar und was sîn lîp niht dâ . / ei süeziu **minne** , sag an wâ / was sîn herz gebunden an ?
RVR.tei.xml;RVR_100300400_1;minne;4;REVIEW;confidence;nein;;;;;;;lemma_4130;NAM;medium;Artikelloses Subjekt eines Wollens: 'wolte minne noch bedenken daz'.;daz mir eteswenne wol gelunge , / wolte **minne** noch bedenken daz . / waz kan baz ein herzeleit verkêren
RVR.tei.xml;RVR_150100700_2;minne;7;REVIEW;confidence;nein;;;;;;;lemma_4130;NAM;medium;Anrufung 'owe, minne' mit Possessiv 'din rat' und 'din helfe'.;mîner alten senden klage , / owê , **minne** , daz dîn rât / mir den kumber ie gebôt
SDG.tei.xml;SDG_202060_2;minne;6;REVIEW;confidence;nein;;;;;;;lemma_4130;NAM;medium;Direkte Anrede mit Imperativ 'sich' und 'von dir': Minne als angesprochene Figur.;gelîche liebe tuont si mir . / sich , **minne** , daz habe ich von dir ! / wære ich ein ungeduldig man
SDG.tei.xml;SDG_205050_0;minne;5;REVIEW;confidence;nein;;;;;;;lemma_4130;NAM;medium;Anrede im Vokativ, Minne handelt: 'daz hast du getan'.;und swaz ich herzefröide enbir , / **minne** , daz hâst dû getân ! / dûne woltest mich erlân ,
SDG.tei.xml;SDG_205170_2;minne;17;REVIEW;confidence;nein;;;;;;;lemma_4130;NOM;medium;"Artikel 'diu minne'; handelnde Lesart moeglich, aber Determinativ spricht fuer Appellativ.";der mich in disen kumber trach ? / daz diu **minne** , daz si sî / von mir verwâzin iemermê !
SDG.tei.xml;SDG_209010_0;minne;1;REVIEW;confidence;nein;;;;;;;lemma_4130;NAM;medium;Direkte Anrede mit 'dir': Minne als angeredete Figur.;der man niht gelükes hât ! > / **minne** , dir sî vor geseit , / wie heil , gelüke , sælde tuot :
SFE.tei.xml;SFE_1090_5;minne;109;REVIEW;confidence;nein;;;;;;;lemma_4130;NOM;medium;Possessiv 'ir minne' als Objekt zu 'liebe' (lieb machen).;die sin mir dar umbe iemer holt , / daz ich in liebe ir **minne** . / nu enkunnen mine sinne
SFE.tei.xml;SFE_15580_3;minne;1558;REVIEW;confidence;nein;;;;;;;lemma_4130;NOM;medium;Genitivobjekt zu 'baete' bei Akkusativ der Person: 'ob er si minne baete'.;und sin selbes unstæte , / ob er si **minne** bæte , / daz er dar nach niht möhte
SHF.tei.xml;SHF_403060_1;minne;6;REVIEW;confidence;nein;;;;;;;lemma_4130;NAM;medium;Anrede 'fro minne, ir sult sis twingen': Frau Minne wird angerufen und soll handeln.;daz si mir genædig sî ? / fro **minne** , ir sult sis twingen : / sint ir stæteklîche bî !
SHI.tei.xml;SHI_190_6;minne;19;REVIEW;confidence;nein;;;;;;;lemma_4130;NOM;medium;'vil liebiu minne min' als Koseanrede an die Geliebte, mit Adjektiv und Possessivum.;"von herzen alsô liep gewan . > / er sprach : < vil liebiu **minne** mîn , / ich ger deheines wibes wan dîn ;"
SHS.tei.xml;SHS_201010_2;minne;1;REVIEW;confidence;nein;;;;;;;lemma_4130;NAM;medium;Anrede 'vil suezziu minne' mit anschliessendem 'din suezzekeit': personifizierte Minne.;wünschent , daz si noch mîn leit verkêre ! / vil süezziu **minne** , / dîn süezzekeit
SHS.tei.xml;SHS_302010_0;minne;1;REVIEW;confidence;nein;;;;;;;lemma_4130;NAM;medium;Anrede mit Apposition 'suezziu fuegerinne' und Imperativen 'du fliege, du twinge'.;mîn ougen blihten dike dar . / **minne** , süezziu füegerinne , / du fliege , daz mîn werde rât !
SHS.tei.xml;SHS_404010_0;minne;1;REVIEW;confidence;nein;;;;;;;lemma_4130;NAM;medium;'minne fueget hubschen liben liebez leben': Minne handelt als Subjekt ohne Artikel.;daz tuot ouch vil sanfte mir . / **minne** füeget hübschen lîben / liebez leben und dâbî hôhen muot .
SJH.tei.xml;SJH_604010_0;minne;1;REVIEW;confidence;nein;;;;;;;lemma_4130;NAM;medium;Artikellos als handelndes Subjekt, das saeumt und zwingt: Personifikation.;und dô ich si sach so minnenklich . / **minne** sûmet an mir vaste ir triuwen sich : / si twinget mich minnen so hô ,
SJH.tei.xml;SJH_605010_2;minne;1;REVIEW;confidence;nein;;;;;;;lemma_4130;NOM;medium;"Artikel 'diu minne'; das Bezwingen laesst Personifikation offen.";so tæte si wol : wes zîhet si mich ? / daz diu **minne** mich so sêre bitwungen hât , / und daz si lât ir lîb so frî ,
SJH.tei.xml;SJH_605060_2;minne;6;REVIEW;confidence;nein;;;;;;;lemma_4130;NAM;medium;Direkte Anrede 'ôwê, minne' mit Verb in 2. Person 'wild'.;und twinge sî mîn noch genâde hân . / ôwê , **minne** , wild daz tuon , so tuoz inzit , / wan sender strît wil mich erslân .
SJH.tei.xml;SJH_901010_0;minne;1;REVIEW;confidence;nein;;;;;;;lemma_4130;NAM;medium;Artikelloses Subjekt, das sich kehrt und Alte wie Junge zwingt.;ir wunne sang ûz herzen treit . / **minne** ist so wunderlich , / sî kêrt sich an tumbe , an wîse ,
SJH.tei.xml;SJH_901100_0;minne;10;REVIEW;confidence;nein;;;;;;;lemma_4130;NAM;medium;Anrede mit Pronomen der 2. Person: 'minne, dir mag ich wol fluochen'.;unde sî nicht gegen mir . / **minne** , dir mag ich wol fluochen / tiefe ûz mînes herzen gir .
SJH.tei.xml;SJH_902010_0;minne;1;REVIEW;confidence;nein;;;;;;;lemma_4130;NAM;medium;Anrede mit Imperativ: 'minne, süene dich mit mir'.;tiefe ûz mînes herzen gir . / **minne** , süene dich mit mir , / kêr zuo zir , ald ich wil strâfen
SJH.tei.xml;SJH_902070_2;minne;7;REVIEW;confidence;nein;;;;;;;lemma_4130;NAM;medium;Anrede mit Imperativ 'kum' und 'fluoche ich dir'.;mange nacht und mangen tag ! / ôwê , **minne** , kum ir noch ze herzen , / mir ze heile , son fluoche ich dir nicht mê !
SJH.tei.xml;SJH_902110_0;minne;11;REVIEW;confidence;nein;;;;;;;lemma_4130;NAM;medium;Anrede mit Imperativ: 'minne, noch mîn nôt verstê'.;mir ist wê von sendem smerzen . / **minne** , noch mîn nôt verstê ! / jâne wizze ich ez nicht ir ,
SJH.tei.xml;SJH_903090_0;minne;9;REVIEW;confidence;nein;;;;;;;lemma_4130;NAM;medium;Anrede mit Imperativen 'wirde', 'kêre', 'twinge' und 'dîn friunt'.;wâvon solte sî dan ruochen mîn ? / **minne** , wirde mir noch fîn , / kêre hin und twinge ir sinne ,
SJH.tei.xml;SJH_1302100_0;minne;10;REVIEW;confidence;nein;;;;;;;lemma_4130;NAM;medium;Artikelloses Subjekt im Amor-Bild: 'minne schôz mich'.;mich bant der minne bunt , / **minne** schôz mich , daz ich mînen sin so gar verlôs . / owê , daz ich
SJH.tei.xml;SJH_1701090_3;minne;9;REVIEW;confidence;nein;;;;;;;lemma_4130;NOM;medium;"Artikel 'diu minne'; das handelnde 'gisellet' laesst Personifikation offen.";die klage wir betiuten , / daz uns diu **minne** gisellet / zuo dien die arbeit kellet .
SJH.tei.xml;SJH_1703070_0;minne;7;REVIEW;confidence;nein;;;;;;;lemma_4130;NAM;medium;Artikelloses Subjekt, das klemmt wie eine Zange: personifiziert handelnd.;daz mich ruowen irret . / **minne** klemmet rechte alsam ein zange . / swens an kumt gidrange ,
SJH.tei.xml;SJH_2403010_0;minne;1;REVIEW;confidence;nein;;;;;;;lemma_4130;NAM;medium;Anrede mit Possessiv der 2. Person: 'minne, dîn süez twingen'.;frömdes friunds nam ie so kleine war ! / **minne** , dîn süez twingen / hât betwungen mich
SJH.tei.xml;SJH_2403130_1;minne;13;REVIEW;confidence;nein;;;;;;;lemma_4130;NOM;medium;"Subjekt mit Genitiv 'des'; Verbalauffassung ohne Subjektpronomen unwahrscheinlich.";so wol , daz sî so mange wunne hât : / des **minne** mich von ir nit scheiden lât . / sumer hât gesendet ûz sîn wunne :
SJH.tei.xml;SJH_3102040_7;minne;4;REVIEW;confidence;nein;;;;;;;lemma_4130;NOM;medium;"Subjekt im daz-Satz; abstrakte Lesart 'Liebe trug meinen Sinn hin' liegt naeher.";"in mîn herze sender smerze ûf den grunt , / dâ mir kunt wart , daz mir **minne** truog / an mîne frowen mînen muot ;"
SJH.tei.xml;SJH_4501010_1;minne;1;REVIEW;confidence;nein;;;;;;;lemma_4130;NOM;medium;"Artikel 'diu minne'; das handelnde 'brichet ir recht' laesst Personifikation offen.";sin tüeje danne nôch der nôt mich frî . / diu **minne** brichet dike ir recht , ir güete : / si lât ir rechten dienestman
SJH.tei.xml;SJH_4702040_3;minne;4;REVIEW;confidence;nein;;;;;;;lemma_4130;NOM;medium;"Artikel 'diu minne'; das Gebieten laesst Personifikation offen.";wê , wes wart ich frô , daz ich darzuo wart brâcht , / do mir diu **minne** dar gebôt ! / don wisse echt ich des rechten smerzen niet :
SJH.tei.xml;SJH_4702070_1;minne;7;REVIEW;confidence;nein;;;;;;;lemma_4130;NAM;medium;Artikelloses Subjekt in Sprechakt: 'minne mir so suozze dar riet'.;in wânde nicht , in vunde schier genâde an ir , / wan **minne** mir so suozze dar riet . / hilf mir , frowe guot , dur dîne sælikeit ,
SJH.tei.xml;SJH_4802010_2;minne;1;REVIEW;confidence;nein;;;;;;;lemma_4130;NAM;medium;Artikelloses Subjekt, das bringt und zwingt: 'swen minne bringet inne'.;lieblich wunne gar . / doch swen **minne** / bringet inne ,
SJH.tei.xml;SJH_5403030_0;minne;3;REVIEW;confidence;nein;;;;;;;lemma_4130;NAM;medium;Artikelloses Subjekt, das faengt: 'minne vât mich in sendem strike'.;swenne ich schowe dich , so wirde ich vil wunnen inne . / **minne** vât mich danne in sendem strike : / des irsiufte ich also dike
SJW.tei.xml;SJW_105010_0;minne;1;REVIEW;confidence;nein;;;;;;;lemma_4130;NAM;medium;Anrede mit 'dû solt': 'minne, dû solt sîn gemeine'.;muoz ich an mîn ende sîn . / **minne** , dû solt sîn gemeine , / ald ich bin an fröiden tôt .
SJW.tei.xml;SJW_105070_6;minne;7;REVIEW;confidence;nein;;;;;;;lemma_4130;NAM;medium;Vokativ neben 'swie du wilt' und 'so solt ouch ir gewaltig sîn'.;unde leitest mine sinne , / swie du wilt ach , werdiu **minne** , / so solt ouch ir gewaltig sîn !
SJW.tei.xml;SJW_203050_4;minne;5;REVIEW;confidence;nein;;;;;;;lemma_4130;NOM;medium;"Artikel 'diu minne'; das Raten laesst Personifikation offen.";in herzen und in sinne . / sus râtet mir diu **minne** , / daz ich ir diener sî .
SJW.tei.xml;SJW_203080_2;minne;8;REVIEW;confidence;nein;;;;;;;lemma_4130;NAM;medium;Anrede mit 2. Person: 'ach, minne, wie tuost dû mir sô?'.;darunder lât diu liebe mich verderben : / ach , **minne** , wie tuost dû mir sô ? / wilt dû mir niht erwerben
SJW.tei.xml;SJW_204050_1;minne;5;REVIEW;confidence;nein;;;;;;;lemma_4130;NAM;medium;Vokativ mit Adjektiv und 'ich frâge dich'.;in herzen und an sinne ? / hôhgeloptiu **minne** , / ja muoz ich frâgen dich :
SJW.tei.xml;SJW_204090_3;minne;9;REVIEW;confidence;nein;;;;;;;lemma_4130;NAM;medium;Vokativ mit Imperativen 'wende' und 'füege dich'.;den mir diu minneklîche tuot ? / ach , süezze **minne** , in wende ! / füege dich in ir herze unde gib ir minnen muot .
SJW.tei.xml;SJW_302080_0;minne;8;REVIEW;confidence;nein;;;;;;;lemma_4130;NAM;medium;Artikelloses Subjekt im Lehensbild: 'minne dienet dir vür eigen'.;frouwe guot , du hâst gewalt : / **minne** dienet dir vür eigen . / wiltu triuwe an mir erzeigen ,
SJW.tei.xml;SJW_405010_0;minne;1;REVIEW;confidence;nein;;;;;;;lemma_4130;NAM;medium;Anrede mit 'du hâst mich uberkomen'.;ich wil eht iemer in ir dienste unz ûf mîn ende sîn . / **minne** , du hâst mich uberkomen / gewalteklîh gên der frowen mîn ,
SJW.tei.xml;SJW_405060_4;minne;6;REVIEW;confidence;nein;;;;;;;lemma_4130;NAM;medium;Eingeschobene Anrede mit Possessiv: 'minne, dîner sitte'.;da ist diu herzeliebe unschuldig an : / sin weiz niht , **minne** , dîner sitte , / davon diu liebe mîner swære niht erkennen kan .
SJW.tei.xml;SJW_503010_2;minne;1;REVIEW;confidence;nein;;;;;;;lemma_4130;NAM;medium;Anrede mit 2. Person: 'ach, minne, wie du mînen kumber mêrest'.;âne trôst lât mich diu liebe in klage . / ach , **minne** , wie du mînen kumber mêrest ! / herze , ich volge dir , sam dû mich lêrest :
SKL.tei.xml;SKL_102110_6;minne;11;REVIEW;confidence;nein;;;;;;;lemma_4130;NAM;medium;"Artikelloses Subjekt zu 'hat verwunt': Minne handelt wie eine Figur; abstrakte Lesart bleibt möglich.";si kan vertrîben sende wê . / si kan ouch heilen , da **minne** hât verwunt , / si kan ouch büezzen , dem jâmer ist kunt .
SKL.tei.xml;SKL_203010_2;minne;1;REVIEW;confidence;nein;;;;;;;lemma_4130;NOM;medium;"Artikel und Attribut 'diu süezze'; Subjekt von 'minnet', Personifikation denkbar.";gît ir wîbes güete mir gegen ir . / diu süezze **minne** minnet mich mit triuwen , / daz si mir so gar an die vil minneklichen riet .
SKL.tei.xml;SKL_503010_1;minne;1;REVIEW;confidence;nein;;;;;;;lemma_4130;NAM;medium;Anrede 'frowe minne, ich wil dir danken' mit 'vrouwe' und Pronomen 'dir'.;dêst für alle sorge guot . / frowe **minne** , ich wil dir danken / iemer mêre , ân allez wanken ,
SKL.tei.xml;SKL_503070_0;minne;7;REVIEW;confidence;nein;;;;;;;lemma_4130;NAM;medium;Vokativ vor Imperativ: 'minne, tuo so wol an mir'.;diu lît an mîns herzen grunt . / **minne** , tuo so wol an mir , / hilf unde twing der reinen sinne ,
SKL.tei.xml;SKL_602010_0;minne;1;REVIEW;confidence;nein;;;;;;;lemma_4130;NAM;medium;Anrede am Strophenanfang: 'minne, ich han ir alse vil'.;und sî mîn herze erkôs ûz al der werlte ze fröiden spil . / **minne** , ich hân ir alse vil , / daz ich sî vil kûme erlîde .
SKL.tei.xml;SKL_602030_3;minne;3;REVIEW;confidence;nein;;;;;;;lemma_4130;NAM;medium;Eingeschobener Vokativ: 'ich bin , minne , selher burde ein teil ze krank'.;daz ich sî vil kûme erlîde . / ich bin , **minne** , selher burde ein teil ze krank . / minne ist niht ein kindespil :
SKL.tei.xml;SKL_602040_0;minne;4;REVIEW;confidence;nein;;;;;;;lemma_4130;NOM;medium;Gnomische Aussage 'minne ist niht ein kindespil' mit Kopula, im Umfeld von Anreden.;ich bin , minne , selher burde ein teil ze krank . / **minne** ist niht ein kindespil : / gar unsanfte ich sî vermîde ,
SKL.tei.xml;SKL_602070_0;minne;7;REVIEW;confidence;nein;;;;;;;lemma_4130;NAM;medium;Anruf mit Imperativ: 'minne , rat , est an der not !'.;diu mîn herze in jâmer twinget sunder dank . / **minne** , rât , êst an der nôt ! / hilf , dâz ich werde ir herzen last ,
SKL.tei.xml;SKL_602090_1;minne;9;REVIEW;confidence;nein;;;;;;;lemma_4130;NAM;medium;Vokativ mit Attribut: 'lieblich minne , ald ich bin tot'.;hilf , dâz ich werde ir herzen last , / lieblich **minne** , ald ich bin tôt : / ich bin noh ir herzen , wæne ich , gar ein frömeder gast .
SKL.tei.xml;SKL_603010_0;minne;1;REVIEW;confidence;nein;;;;;;;lemma_4130;NAM;medium;Anrede 'minne , frowe , hilf' mit 'frowe' und Imperativ.;ich bin noh ir herzen , wæne ich , gar ein frömeder gast . / **minne** , frowe , hilf , êst zît ! / hilf , ob ôuch dich , minne , erbarme ,
SKL.tei.xml;SKL_603020_6;minne;2;REVIEW;confidence;nein;;;;;;;lemma_4130;NAM;medium;'ob ouch dich , minne , erbarme': direkte Anrede mit 'dich'.;minne , frowe , hilf , êst zît ! / hilf , ob ôuch dich , **minne** , erbarme , / wan mir tuot diu herzeliebe in herzen wê .
SKL.tei.xml;SKL_603060_1;minne;6;REVIEW;confidence;nein;;;;;;;lemma_4130;NAM;medium;Vokativ 'süezziu minne' in einer Reihe von Minne-Anrufen.;ach , hæte ichs an mînem arme , / süezziu **minne** , sô getrûrte ich niemer mê . / minne , füege ir mîn so vil
SKL.tei.xml;SKL_603070_0;minne;7;REVIEW;confidence;nein;;;;;;;lemma_4130;NAM;medium;Vokativ vor Imperativ: 'minne , füege ir min so vil'.;süezziu minne , sô getrûrte ich niemer mê . / **minne** , füege ir mîn so vil / als ich ir herzelieben hân .
SKL.tei.xml;SKL_603090_0;minne;9;REVIEW;confidence;nein;;;;;;;lemma_4130;NAM;medium;Vokativ vor Imperativ: 'minne , teil also daz spil'.;als ich ir herzelieben hân . / **minne** , teil alsô daz spil , / sih , sô mag al mîn herzeleit ze liebe wol ergân .
SKL.tei.xml;SKL_604030_3;minne;3;REVIEW;confidence;nein;;;;;;;lemma_4130;NAM;medium;'daz du , minne , woltest so verleiten mich': Apposition zu 'du', handelnde Figur.;dôn wisse ich niht solher mære , / daz du , **minne** , woltest sô verleiten mich . / ich was in dem wâne dô ,
SKL.tei.xml;SKL_605070_3;minne;7;REVIEW;confidence;nein;;;;;;;lemma_4130;NAM;medium;Anrede mit Possessiv 'din rat': 'wa nu , minne , wa ist din rat ?'.;wâfen , daz ich sender arm ie wart geborn ! / wâ nu , **minne** , wâ ist dîn rât ? / ach , süezze minne , wâ ist dîn trôst ?
SKL.tei.xml;SKL_605080_3;minne;8;REVIEW;confidence;nein;;;;;;;lemma_4130;NAM;medium;Ausruf 'ach , süezze minne' mit 'din trost': direkte Anrufung.;wâ nu , minne , wâ ist dîn rât ? / ach , süezze **minne** , wâ ist dîn trôst ? / dîn rât mich verwîset hât :
SKL.tei.xml;SKL_802030_0;minne;3;REVIEW;confidence;nein;;;;;;;lemma_4130;NAM;medium;Artikelloses Subjekt zu 'twinget', koordiniert mit 'ein reine, saelig wib'.;wan daz ich betrüebet bin : / **minne** twinget mir den sin / und ein reine , sælig wîb .
SKL.tei.xml;SKL_803010_0;minne;1;REVIEW;confidence;nein;;;;;;;lemma_4130;NAM;medium;Anrede 'minne , frowe' mit folgendem 'minneklichiu helferin'.;mih entroeste ir rôter munt . / **minne** , frowe , süezze minne , / minneklîchiu helferîn ,
SKL.tei.xml;SKL_803010_5;minne;1;REVIEW;confidence;nein;;;;;;;lemma_4130;NAM;medium;Zweiter Vokativ desselben Verses: 'süezze minne', Anrede an die Helferin.;mih entroeste ir rôter munt . / minne , frowe , süezze **minne** , / minneklîchiu helferîn ,
SKL.tei.xml;SKL_803130_4;minne;13;REVIEW;confidence;nein;;;;;;;lemma_4130;NAM;medium;'troest , ein süezze minne , mich': Anrede im Imperativsatz, Hilfe wird erbeten.;ob ir trôst mih nu lât . / troest , ein süezze **minne** , mich , / sît ich helfe suoche an dich .
SKL.tei.xml;SKL_804060_1;minne;6;REVIEW;confidence;nein;;;;;;;lemma_4130;NAM;medium;Subjekt zu 'twang' ('die' ist Relativpronomen): Minne zwingt, also handelnd.;daz ich stên ir trôstes âne , / die **minne** in mîn herze twang , / daz ist sunder mînen danc .
SKL.tei.xml;SKL_805130_2;minne;13;REVIEW;confidence;nein;;;;;;;lemma_4130;NAM;medium;'wan mih minne schoz alda': Schützenbild, artikelloses handelndes Subjekt.;die tuont mir so wê , / wan mih **minne** schôz aldâ , / dâvon stên ich junger grâ .
SKL.tei.xml;SKL_1003090_1;minne;9;REVIEW;confidence;nein;;;;;;;lemma_4130;NAM;medium;Vokativ 'süezziu minne' vor 'minne meisterinne' und 'minne , ich meine dich'.;ald er liebes gert . / süezziu **minne** , / minne meisterinne ,
SKL.tei.xml;SKL_1003100_0;minne;10;REVIEW;confidence;nein;;;;;;;lemma_4130;NAM;medium;'minne meisterinne': Anrede mit personaler Apposition.;süezziu minne , / **minne** meisterinne , / minne , ich meine dich :
SKL.tei.xml;SKL_1003110_0;minne;11;REVIEW;confidence;nein;;;;;;;lemma_4130;NAM;medium;'minne , ich meine dich': Anrede mit Pronomen 'dich'.;minne meisterinne , / **minne** , ich meine dich : / twing ir sinne ,
SKL.tei.xml;SKL_1104010_0;minne;1;REVIEW;confidence;nein;;;;;;;lemma_4130;NAM;medium;Anrede 'minne , ich solde danken dir' mit 'dir' und 'du wistest'.;den betaget ein sælig tag . / **minne** , ich solde danken dir , / daz du wistest mîne sinne
SKL.tei.xml;SKL_1104040_0;minne;4;REVIEW;confidence;nein;;;;;;;lemma_4130;NAM;medium;Vokativ vor Imperativ: 'minne , tuo genade an mir'.;an so herzeliebez wîb . / **minne** , tuo genâde an mir , / minne , ein frowe , süezze minne ,
SKL.tei.xml;SKL_1104050_0;minne;5;REVIEW;confidence;nein;;;;;;;lemma_4130;NAM;medium;'minne , ein frowe , süezze minne': Anrede mit ausdrücklicher Apposition 'frowe'.;minne , tuo genâde an mir , / **minne** , ein frowe , süezze minne , / hilf , daz mich ir trûter lîb
SKL.tei.xml;SKL_1104050_6;minne;5;REVIEW;confidence;nein;;;;;;;lemma_4130;NAM;medium;Zweiter Vokativ 'süezze minne' im selben Anrufungsvers.;minne , tuo genâde an mir , / minne , ein frowe , süezze **minne** , / hilf , daz mich ir trûter lîb
SKL.tei.xml;SKL_1502020_2;minne;2;REVIEW;confidence;nein;;;;;;;lemma_4130;NOM;medium;"Artikel 'diu'; Subjekt von 'sloz', Personifikation nicht ausgeschlossen.";mîn gemüete swebet hô , / dô diu **minne** mîne frowen / lieblîch in mîn herze slôz .
SKL.tei.xml;SKL_1503010_0;minne;1;REVIEW;confidence;nein;;;;;;;lemma_4130;NAM;medium;'minne , frowe , erkenne daz': Anrede mit 'frowe' und Imperativ.;diu ist alles wandels bar . / **minne** , frowe , erkenne daz , / daz ich in so stætem herzen
SKL.tei.xml;SKL_1503070_1;minne;7;REVIEW;confidence;nein;;;;;;;lemma_4130;NAM;medium;Vokativ 'süezze minne' vor dem Imperativ 'swache mir die selben not'.;ir vil sælderîcher lîb . / süezze **minne** , swache / mir die selben nôt ,
SKL.tei.xml;SKL_1505110_0;minne;11;REVIEW;confidence;nein;;;;;;;lemma_4130;NAM;medium;'minne wil in liebes wern': artikelloses Subjekt mit Wollen und Gewähren.;kan er liebe lieplîch danken , / **minne** wil in liebes wern . / ich verklegte wol diu zît
SKL.tei.xml;SKL_2002020_2;minne;2;REVIEW;confidence;nein;;;;;;;lemma_4130;NOM;medium;'wie sich minne lieben kan beiden liben': allgemeine Aussage über die Liebe.;sît ich mich von êrst versan , / wie sich **minne** lieben kan / beiden lîben ,
SKL.tei.xml;SKL_2002070_2;minne;7;REVIEW;confidence;nein;;;;;;;lemma_4130;NOM;medium;'waer mir minne staete bi': Subjekt in einem Kopula-Wunschsatz, keine Handlung.;mich bedûhte des an sî , / wær mir **minne** stæte bî / mit gedanken
SKL.tei.xml;SKL_2002100_2;minne;10;REVIEW;confidence;nein;;;;;;;lemma_4130;NAM;medium;'daz mich minne solte wern mit ir süezzen meisterschaft': gewährende Instanz.;âne wanken , / daz mich **minne** solte wern / mit ir süezzen meisterschaft ,
SKL.tei.xml;SKL_2002140_0;minne;14;REVIEW;confidence;nein;;;;;;;lemma_4130;NOM;medium;'minne mit ir helfe craft': nominale Fügung mit Possessiv, Satzbau unklar.;unde wennen / **minne** mit ir helfe craft . / ich versen an minne mich ,
SKL.tei.xml;SKL_2003020_2;minne;2;REVIEW;confidence;nein;;;;;;;lemma_4130;NAM;medium;'so vert minne fluhteclich von mir balde': Bewegung wie eine handelnde Figur.;ich versen an minne mich , / sô vert **minne** flühteclîch / von mir balde .
SKL.tei.xml;SKL_2003060_0;minne;6;REVIEW;confidence;nein;;;;;;;lemma_4130;NAM;medium;'minne tuot mich jungen gra': artikelloses handelndes Subjekt.;ist mîn muot , mîn sin ze kranc . / **minne** tuot mich jungen grâ , / und enweiz doch rehte , wâ
SKL.tei.xml;SKL_2003110_3;minne;11;REVIEW;confidence;nein;;;;;;;lemma_4130;NOM;medium;'als ich waene minne han mir erworben': nominal, Subjekt- oder Objektrolle offen.;ist ir wenden und ir wanc , / als ich wæne **minne** hân / mir erworben ,
SKL.tei.xml;SKL_2004110_0;minne;11;REVIEW;confidence;nein;;;;;;;lemma_4130;NOM;medium;'minne ist lieb ein fuegerin': Kopulasatz, Prädikatsnomen statt Handlung.;doch weiz ich , diu minne ist guot . / **minne** ist lieb ein füegerîn : / minne müezze
SKL.tei.xml;SKL_2004120_0;minne;12;REVIEW;confidence;nein;;;;;;;lemma_4130;NAM;medium;'minne müezze mit ir süezze lieben mich der frowen min': Wunsch an eine Wirkende.;minne ist lieb ein füegerîn : / **minne** müezze / mit ir süezze
SKL.tei.xml;SKL_2104010_2;minne;1;REVIEW;confidence;nein;;;;;;;lemma_4130;NOM;medium;"Artikel 'diu' in 'swen diu minne siner sinne gar beroubet'; Personifikation möglich.";swâ ich bin . / swen diu **minne** / sîner sinne
SMT.tei.xml;SMT_501010_3;minne;1;REVIEW;confidence;nein;;;;;;;lemma_4130;NAM;medium;Klageruf 'wafen, minne, wie hast du mir so getan': direkte Anrede an die handelnde Minne.;so krankez lônen hânt bejaget . / < wâfen , **minne** , wie hâst dû mir sô getân ! > / solhen ruof und klage ich næte von dir hân ,
SMT.tei.xml;SMT_502010_3;minne;1;REVIEW;confidence;nein;;;;;;;lemma_4130;NAM;medium;Imperativ 'nu trachte' mit Anrede und Bezug 'von dir': personifizierte Minne.;dâvon daz mir helfe nie von dir beschach . / nu trachte , **minne** , ob ich von dir dur nôt nit klage : / wa ist mîn fröide hin und mîne besten tage ?
SMT.tei.xml;SMT_502080_0;minne;8;REVIEW;confidence;nein;;;;;;;lemma_4130;NAM;medium;Vokativ am Versanfang mit direkter Anrede 'woltost du mir ... komen'.;daz ich gegen stæter minne so wernd unliebe spür ! / **minne** , woltost dû mir noch ze statten komen , / swie grozzen schaden ich dîner sinne habe genomen ,
SMT.tei.xml;SMT_503010_1;minne;1;REVIEW;confidence;nein;;;;;;;lemma_4130;NAM;medium;'frouwe minne' plus Anrede 'ich wil dir getriuwen': Personifikation.;wie gerne ich ûf bezzerunge daz verkür ! / frouwe **minne** , ich wil dir noch getriuwen baz : / hilf dur dîne güete mir erwerben daz ,
SMT.tei.xml;SMT_801010_1;minne;1;REVIEW;confidence;nein;;;;;;;lemma_4130;NAM;medium;Anrede 'frouwe minne' am Strophenanfang, Fortsetzung mit 'din'.;mit triuwen vil und ouch mit manigen eiden . / frouwe **minne** , nâch der grozzen swære / mîner seneden ie getragenen arbeit ,
SMT.tei.xml;SMT_802010_1;minne;1;REVIEW;confidence;nein;;;;;;;lemma_4130;NAM;medium;'frouwe minne, gewaltig meisterinne': Anrede mit Apposition, danach 'din wille'.;diu hât mir lîb und al den muot vil nâch dahin . / frouwe **minne** , gewaltig meisterinne , / sîd dîn wille an mir dekeine mazze enkan ,
SMT.tei.xml;SMT_803010_1;minne;1;REVIEW;confidence;nein;;;;;;;lemma_4130;NAM;medium;Anrede 'frouwe minne', danach 'diniu bant' der zwingenden Minne.;dêswâr , son mag ich arges nit von dir geklagen . / frouwe **minne** , wol mich iemer mêre , / sît daz mich betwingen sülen dîniu bant ,
SMT.tei.xml;SMT_803110_1;minne;11;REVIEW;confidence;nein;;;;;;;lemma_4130;NAM;medium;Vokativ 'suezze minne' mit Imperativ 'nu gib mir rat und lere'.;und dâ man alles valsches âne ist und frî . / süezze **minne** , nu gib mir rât und lêre , / wie ich ir mit schoener fuoge tuo bekant ,
SOT.tei.xml;SOT_102020_1;minne;2;REVIEW;confidence;nein;;;;;;;lemma_4130;NOM;medium;"Subjekt ohne Artikel in 'wa minne git ir stiure'; Personifikation nur schwach angedeutet.";man sol daz wunder haßen , / wa **minne** gît ir stiure / dien ungemuoten laßen ,
SOT.tei.xml;SOT_201050_6;minne;5;REVIEW;confidence;nein;;;;;;;lemma_4130;NOM;medium;"Bestimmter Artikel 'diu minne twinget'; handelndes Subjekt, aber appellativisch konstruiert.";ist wîbes nam , doch tuot ir mundes roete / gewald an senden , die diu **minne** twinget . / ach , got , hæt ich für sterben
SRK.tei.xml;SRK_401120_0;minne;12;REVIEW;confidence;nein;;;;;;;lemma_4130;NAM;medium;Vokativ mit personifizierender Apposition: 'minne, troesterinne'.;frîlîch widerstrebt . / **minne** , troesterinne , / sinne , wie ich sender brinne
SRK.tei.xml;SRK_402010_0;minne;1;REVIEW;confidence;nein;;;;;;;lemma_4130;NAM;medium;Anrede mit Imperativ: 'minne, bring ir jugent selken rat'.;sunder schulde mîn ! / **minne** , bring ir jugent / selken rât ,
SRK.tei.xml;SRK_402120_0;minne;12;REVIEW;confidence;nein;;;;;;;lemma_4130;NAM;medium;Refrain-Vokativ mit Apposition: 'minne, troesterinne'.;gar ân allen wank . / **minne** , troesterinne , / sinne , wie ich sender brinne
SRK.tei.xml;SRK_403120_0;minne;12;REVIEW;confidence;nein;;;;;;;lemma_4130;NAM;medium;Refrain-Vokativ mit Apposition: 'minne, troesterinne'.;mag ir hulde kluog . / **minne** , troesterinne , / sinne , wie ich sender brinne
SRK.tei.xml;SRK_501010_0;minne;1;REVIEW;confidence;nein;;;;;;;lemma_4130;NAM;medium;Anrede am Strophenanfang mit Klagefrage: 'minne, waz hab ich getan'.;sunder schulde mîn ! / **minne** , waz hab ich getân der süezzen , / daz si mich nicht in ir hulde wizzen wil ,
SRK.tei.xml;SRK_501050_0;minne;5;REVIEW;confidence;nein;;;;;;;lemma_4130;NAM;medium;Anrede mit Imperativ: 'minne, des bewise mich'.;tougen mit ir ougen in mîns herzen zil ? / **minne** , des bewîse mich ! / hab ich missetân , daz wil ich büezzen
SRK.tei.xml;SRK_503010_1;minne;1;REVIEW;confidence;nein;;;;;;;lemma_4130;NAM;medium;Vokativ 'suezze minne' mit direkter Anrede 'wanne wilt du keren'.;und doch fröiden mich berouben , swie man tuot . / süezze **minne** , wanne wilt du kêren / von mir leit , daz ich in mînem herzen hân ?
SRK.tei.xml;SRK_702100_0;minne;10;REVIEW;confidence;nein;;;;;;;lemma_4130;NAM;medium;Anrede mit Imperativ: 'minne, fuege den rat'.;mînes dienstes wert ich vrô . / **minne** , fuege den rât ! / friuntlich umbevang
SRK.tei.xml;SRK_801110_0;minne;11;REVIEW;confidence;nein;;;;;;;lemma_4130;NAM;medium;Doppelter Anruf mit Imperativ: 'minne, minne, hilf mir werben'.;wurt ein küssen , wol wær ich enbizzen ! / **minne** , minne , hilf mir werben umbe tag : / al mîn nôt mir herter nie gelag !
SRK.tei.xml;SRK_801110_2;minne;11;REVIEW;confidence;nein;;;;;;;lemma_4130;NAM;medium;Zweites Glied des Anrufs 'minne, minne, hilf mir werben'.;wurt ein küssen , wol wær ich enbizzen ! / minne , **minne** , hilf mir werben umbe tag : / al mîn nôt mir herter nie gelag !
SRK.tei.xml;SRK_802110_0;minne;11;REVIEW;confidence;nein;;;;;;;lemma_4130;NAM;medium;Doppelter Anruf mit Imperativ: 'minne, minne, hilf mit werben'.;daz ich kurtze frist damit benande . / **minne** , minne , hilf mit werben umbe tag / al mîn nôt mir herter nie gelag !
SRK.tei.xml;SRK_802110_2;minne;11;REVIEW;confidence;nein;;;;;;;lemma_4130;NAM;medium;Zweites Glied des Anrufs 'minne, minne, hilf mit werben'.;daz ich kurtze frist damit benande . / minne , **minne** , hilf mit werben umbe tag / al mîn nôt mir herter nie gelag !
SRK.tei.xml;SRK_803110_0;minne;11;REVIEW;confidence;nein;;;;;;;lemma_4130;NAM;medium;Doppelter Anruf mit Imperativ: 'minne, minne, hilf mir werben'.;sô bin ich mit fröiden understützet . / **minne** , minne , hilf mir werben umbe tag : / al mîn nôt mir herter nie gelag !
SRK.tei.xml;SRK_803110_2;minne;11;REVIEW;confidence;nein;;;;;;;lemma_4130;NAM;medium;Zweites Glied des Anrufs 'minne, minne, hilf mir werben'.;sô bin ich mit fröiden understützet . / minne , **minne** , hilf mir werben umbe tag : / al mîn nôt mir herter nie gelag !
SUB.tei.xml;SUB_103050_2;minne;5;REVIEW;confidence;nein;;;;;;;lemma_4130;NAM;medium;Subjekt ohne Artikel zu 'twingen': klassische Handlung der personifizierten Minne.;diu mir dich ze amîen erwerbe ! / des sol **minne** twingen dich / und sol dur ir güete
SUB.tei.xml;SUB_202020_0;minne;2;REVIEW;confidence;nein;;;;;;;lemma_4130;NOM;medium;"Nominales Subjekt zu 'lat' mit Apposition 'ein garn'; Metapher, keine Anrede.";aller fröide mir niht lât / **minne** ein garn an mînem lîbe . / in weiz , wie diu nôt zergât ,
SUB.tei.xml;SUB_502010_0;minne;1;REVIEW;confidence;nein;;;;;;;lemma_4130;NAM;medium;Minne 'besorget ir tumben diener': Lehnsverhaeltnis, also handelnde Figur.;dâvon wirt ouch trûren geletzet . / **minne** ir tumben diener besorget : / wan da ich die lieben zuom herzen în
SUB.tei.xml;SUB_603020_0;minne;2;REVIEW;confidence;nein;;;;;;;lemma_4130;NAM;medium;'minne klagt' und wird mit 'si' wieder aufgenommen: sprechende Figur.;nu rihtent , swes geburt ie wart von reinen wîben : / **minne** klagt , man wele sî von tiuschen landen trîben / mit dem gesange ,
SUB.tei.xml;SUB_603080_0;minne;8;REVIEW;confidence;nein;;;;;;;lemma_4130;NAM;medium;'minne des waltet': artikelloses Subjekt mit Herrschaftsverb, Personifikation.;wêr sol ouch von valschen mannen reiniu wîp behüeten ? / **minne** des waltet : / der si behaltet ,
SUS.tei.xml;SUS_304010_0;minne;1;REVIEW;confidence;nein;;;;;;;lemma_4130;NAM;medium;Vokativ am Versanfang, durch Apposition und folgendes 'minne mich' als Anrede gestuetzt.;diu gâbe ist meneger gâbe wert . / **minne** , minnecliche minne , / minne mich , sît ich von herzen minne dich .
SUS.tei.xml;SUS_304010_3;minne;1;REVIEW;confidence;nein;;;;;;;lemma_4130;NOM;medium;Attributives 'minnecliche' davor: nominaler Kern der Apposition.;diu gâbe ist meneger gâbe wert . / minne , minnecliche **minne** , / minne mich , sît ich von herzen minne dich .
SUS.tei.xml;SUS_304040_0;minne;4;REVIEW;confidence;nein;;;;;;;lemma_4130;NAM;medium;Anrede vor direkter Frage 'wilt du danne dine minne an mich ... keren'.;mich ( ich minne dîne sinne ) / **minne** : wilt du danne dîne minne an mich / unminneclîchen kêren , minne , owê !
SUS.tei.xml;SUS_304050_3;minne;5;REVIEW;confidence;nein;;;;;;;lemma_4130;NAM;medium;Eingeschobener Vokativ neben Ausruf 'owe'.;minne : wilt du danne dîne minne an mich / unminneclîchen kêren , **minne** , owê ! / so ist minne ir minne umminneclich ,
SUS.tei.xml;SUS_304060_2;minne;6;REVIEW;confidence;nein;;;;;;;lemma_4130;NAM;medium;Im durchgehend an Minne gerichteten Passus als angeredete Instanz zu lesen.;unminneclîchen kêren , minne , owê ! / so ist **minne** ir minne umminneclich , / wil sî , daz vreide an mir zergê .
SUS.tei.xml;SUS_1204040_4;minne;4;REVIEW;confidence;nein;;;;;;;lemma_4130;NOM;medium;"Subjekt zu 'erwarp'; kausale Abstraktbedeutung, keine Anrede oder Personenverb.";getriuwes herzen triuwe , der ich hân gepflegen / gen dir , sît **minne** uns beiden / geselliclîche liebe erwarp . >
SVL.tei.xml;SVL_10401100_1;minne;11;REVIEW;confidence;nein;;;;;;;lemma_4130;NAM;medium;'frouwe minne' mit Imperativ 'fueget': direkte Anrufung der Personifikation.;ich dien ir ze swache . / frouwe **minne** , füeget daz / daz mir baz
SVL.tei.xml;SVL_60300600_0;minne;6;REVIEW;confidence;nein;;;;;;;lemma_4130;NAM;medium;Vokativ mit Imperativ 'sich' und Bezug 'die helfe dine'.;scheiden wolte in kurzer stunt . / **minne** , sich , jâ bin ich wunt : / in wird ân die helfe dîne
SVP.tei.xml;SVP_100_0;minne;10;REVIEW;confidence;nein;;;;;;;lemma_4130;NAM;medium;Minne und liebe 'sint dar kumen' und wollen Griezwartel sein: handelnde Figuren.;wie friuntlich wirt ein kampf gewunnen ! / **minne** und liebe sint dar kumen / und wellent griezwertel wesen .
SVP.tei.xml;SVP_2810_1;minne;281;REVIEW;confidence;nein;;;;;;;lemma_4130;NAM;medium;Ausruf 'ach minne' mit direkter Frage an 'du': Anrufung.;daz uz eim stein were graben . / ach **minne** , wa wer du do , / do din junger diener so
SVP.tei.xml;SVP_2930_4;minne;293;REVIEW;confidence;nein;;;;;;;lemma_4130;NAM;medium;'nu heizest du nicht minne': Namenspraedikat in der Anrede an die Personifikation.;wa neme du den snoeden list ? / nu heizest du nicht **minne** , / niwer dieners morderinne .
SWH.tei.xml;SWH_201010_3;minne;1;REVIEW;confidence;nein;;;;;;;lemma_4130;NAM;medium;'min vro minneklihe minne' mit anschliessender Anrede 'hant ir': Frau Minne.;ich dien ir alle die wîl ich lebe , geseit si mirs niemer danch . / mîn vro minneklîche **minne** , / warumbe hânt ir mir die sinne
SWH.tei.xml;SWH_501030_4;minne;3;REVIEW;confidence;nein;;;;;;;lemma_4130;NAM;medium;Eingeschobener Vokativ, fortgesetzt mit 'daz ist din getat'.;wart ie hertze von leide versêret / sam daz mîne , **minne** , daz ist dîn getât ! / ich bin ir sot :
SWH.tei.xml;SWH_501100_2;minne;10;REVIEW;confidence;nein;;;;;;;lemma_4130;NAM;medium;Minne als Lehrerin des zoubers: Handlungstraegerin, nicht Abstraktum.;ach , rîcher got , / hât si **minne** den zouber gelêret ? / möcht ich den zerbrechen , mîn wurde guot rât .
SWI.tei.xml;SWI_105060_1;minne;6;REVIEW;confidence;nein;;;;;;;lemma_4130;NAM;medium;Anrede mit anschliessendem 'du hast ir gewalt', trotz attributivem Adjektiv.;nit lâzze mich verderben , / minneklîchiu **minne** : du hâst ir gewalt ! / ald ich wil kempfen vor dem rîche
SWI.tei.xml;SWI_302060_6;minne;6;REVIEW;confidence;nein;;;;;;;lemma_4130;NAM;medium;Durch Kommata isolierter Vokativ im Klagesatz.;halten wîbes schîn . / ich muoz iemer klagen sägen , **minne** , / daz si mich der sinne hât beroubet gar .
SWI.tei.xml;SWI_302110_6;minne;11;REVIEW;confidence;nein;;;;;;;lemma_4130;NAM;medium;Vokativ beim Imperativ 'rate ... mir': direkte Bitte an Minne.;bekrenket sunderbar . / dâvon râte nicht ze spâte , **minne** , mir , / wan ich kranke nâch ir danke :
SWI.tei.xml;SWI_303060_5;minne;6;REVIEW;confidence;nein;;;;;;;lemma_4130;NOM;medium;Subjekt in 'ir ze sinne minne waere', Abstraktum ohne Anredesignal.;und in fröiden stân . / und ir wol ze sinne **minne** wære , / waz si liebes bære mir vil senden man !
SWI.tei.xml;SWI_603010_1;minne;1;REVIEW;confidence;nein;;;;;;;lemma_4130;NAM;medium;Anrede 'suezze minne' mit folgendem 'durch dine guete'.;ich sach sî vür rôsen rôt . / süezze **minne** , / jâ , durch dîne güete
SWI.tei.xml;SWI_702090_6;minne;9;REVIEW;confidence;nein;;;;;;;lemma_4130;NAM;medium;Anrufung beim Imperativ 'hilf mit' mit Adjektiven im Vokativ.;und er nicht wan herzeliep gewinnet . / hilf mit , süezze , minneklîchiu **minne** , / daz ich einer hulde noch gewinne !
SWI.tei.xml;SWI_703090_0;minne;9;REVIEW;confidence;nein;;;;;;;lemma_4130;NAM;medium;Vokativ am Versanfang vor Imperativ 'hilf'.;daz mîn leit , mîn sorgen müeste swinden . / **minne** , hilf durch willen guoter wîbe , / daz si mir noch sende nôt vertrîbe !
SWI.tei.xml;SWI_913010_2;minne;1;REVIEW;confidence;nein;;;;;;;lemma_4130;NAM;medium;Ausruf 'ach, minne' als Anrufung vor dem Wunschsatz.;dem sî da wil , den rechten pfat . / ach , **minne** , möcht ich gedienen sô , / daz sî mir noch daz paradîs entsluzze !
SWK.tei.xml;SWK_102050_0;minne;5;REVIEW;confidence;nein;;;;;;;lemma_4130;NAM;medium;Minne ist Subjekt zu 'gebôt' und legt dem Sprecher jâmer auf: handelnde Personifikation.;krachen muoz daz herze mîn von nôt . / **minne** jâmer mir gebôt , / daz mîn sin begunde swachen :
SWK.tei.xml;SWK_103040_0;minne;4;REVIEW;confidence;nein;;;;;;;lemma_4130;NAM;medium;Direkte Anrede parallel zu 'frowe' vor 'ich iuch bitte': angerufene Figur.;hoehent , frowe , mîne sinne . / **minne** , ich iuch des iemer bitte : / teilent mir die minne mitte ,
SWK.tei.xml;SWK_305010_1;minne;1;REVIEW;confidence;nein;;;;;;;lemma_4130;NAM;medium;Anrede mit Imperativ 'twing' und 'dû solt': angerufene Personifikation.;fröide gît , des herze ist ganzer fröide vol . / süezze **minne** , twing die hêren , / dâz si erkenne mînen senden pîn !
SWK.tei.xml;SWK_803070_0;minne;7;REVIEW;confidence;nein;;;;;;;lemma_4130;NOM;medium;"Blosses Subjekt von 'gît da süezzen zol'; Personifikation nicht ausgeschlossen.";der kan bezzers niht verenden : / **minne** gît da süezzen zol .
SWT.tei.xml;SWT_401050_2;minne;5;REVIEW;confidence;nein;;;;;;;lemma_4130;NOM;medium;"Dativobjekt zu 'undertænig'; Anrede gilt den 'werden leigen'.";daz wizzent âne strît ! / sît undertænig **minne** , werden leigen : / si kan wol fröide in sendiu herzen heijen ,
SWT.tei.xml;SWT_403010_2;minne;1;REVIEW;confidence;nein;;;;;;;lemma_4130;NAM;medium;Hilferuf 'vil süezze minne, hilfe enzît' mit 'an dir lît': direkte Anrufung.;"ich muoz verderben , ob er mich verswinget . / vil süezze **minne** , hilfe enzît ! / mîn fröide ist leider kranc ;"
TAN.tei.xml;TAN_1890_1;minne;189;REVIEW;confidence;nein;;;;;;;lemma_4130;NOM;medium;"Artikel 'diu' als Subjekt; handelnd ('sich underwant'), aber mit Artikel appellativisch.";mit herzen und mit sinnen . / diu **minne** sich ir underwant , / âne slôz unt âne bant
TAN.tei.xml;TAN_8290_1;minne;829;REVIEW;confidence;nein;;;;;;;lemma_4130;NAM;medium;Direkte Anrede 'vrow minne' mit Imperativ 'wis mîn bote': Personifikation.;sölh liebe als ich hân zuo ir . / vrow **minne** , wis mîn bote hinz ir . / dû maht wol gehelfen mir ,
TAN.tei.xml;TAN_8370_1;minne;837;REVIEW;confidence;nein;;;;;;;lemma_4130;NOM;medium;"Praepositional 'von minne' ohne Artikel; steht aber in der Apostrophe an Frau Minne.";wil dû , ir geschiht alsam / von **minne** als mir ist geschehen : / si muoz dir des siges jehen ,
TAN.tei.xml;TAN_8420_1;minne;842;REVIEW;confidence;nein;;;;;;;lemma_4130;NAM;medium;Anrede 'vrow minne' mit 'dîn helfe': angerufene Figur.;daz si dir muoz gehôrsam wesen . / vrow **minne** , ich trowe niht genesen / ân dîn helfe unt ân dîn trôst .
TAN.tei.xml;TAN_8480_0;minne;848;REVIEW;confidence;nein;;;;;;;lemma_4130;NAM;medium;Vokativ am Versanfang, fortgesetzt mit 'dîn helfe' und 'dîn kraft'.;mich meine als ich si meine . / **minne** , ân dîn helfe alleine / sô kan mîn nimmer werden rât .
TAN.tei.xml;TAN_8640_0;minne;864;REVIEW;confidence;nein;;;;;;;lemma_4130;NAM;medium;Anrede mit 'dir sagen danc' und 'dîn gewalt': angeredete Personifikation.;dar zuo waer ir lîp ze kranc . / **minne** , ich wil dir sagen danc / daz si iht twinge dîn gewalt ,
TAN.tei.xml;TAN_142370_1;minne;14237;REVIEW;confidence;nein;;;;;;;lemma_4130;NAM;medium;Anrede 'vrou minne', die ihre meisterschaft nicht laesst: handelnde Personifikation.;tandareis hielt unversunnen hie , / vrou **minne** ir meisterschaft niht lie , / si erzeigtes an im volleclîch ,
TAN.tei.xml;TAN_144910_3;minne;14491;REVIEW;confidence;nein;;;;;;;lemma_4130;NOM;medium;"Artikel 'diu' als Subjekt zu 'lerte'; Personifikation moeglich, aber ohne 'vrouwe'.";sînen sin verkêrte , / als in diu **minne** lêrte , / ouch sagte mir diu werde maget
TAN.tei.xml;TAN_166450_1;minne;16645;REVIEW;confidence;nein;;;;;;;lemma_4130;NOM;medium;"Artikel 'diu' als Subjekt zu 'sloz'; personifizierende Lesart bleibt offen.";der rehten liebes nie verdrôz . / diu **minne** ir herz ze samen slôz , / daz der hôch gelopte man
TAN.tei.xml;TAN_166490_3;minne;16649;REVIEW;confidence;nein;;;;;;;lemma_4130;NOM;medium;"Artikel 'diu' als Subjekt zu 'schuof'; personifizierende Lesart bleibt offen.";mit triwen nimmer mêr vergaz , / ouch schuof diu **minne** an ir daz / daz si sîn niht enkunde
TIT.tei.xml;TIT_49010_2;minne;1;REVIEW;confidence;nein;;;;;;;lemma_4130;NAM;medium;Direkte Anrede im Ausruf 'ouwe, minne' mit Possessiv 'din kraft'.;dannoch diu jugent wont minne bant , minne ist krefte unberoubet . / ouwê , **minne** , waz touc dîn kraft under kinder ? / wan einer , der niht ouge hât , der mögte dich spaehen , waere er blinder .
TIT.tei.xml;TIT_49030_0;minne;3;REVIEW;confidence;nein;;;;;;;lemma_4130;NAM;medium;Anrede mit Personalpronomen: 'minne, du bist alze maniger slahte'.;wan einer , der niht ouge hât , der mögte dich spaehen , waere er blinder . / **minne** , dû bist alze maniger slahte : / gar aller schrîber künden niemêr volschrîben art noch dîn ahte .
TIT.tei.xml;TIT_50040_0;minne;4;REVIEW;confidence;nein;;;;;;;lemma_4130;NAM;medium;Artikelloses Subjekt zu 'twinget ritter', personifiziertes Zwingen.;daz si leistent manegiu dinc doch kûme . / **minne** twinget ritter under helme : minne ist vil enge an ir rûme . / diu minne hât begriffen daz smal und daz breite .
TIT.tei.xml;TIT_50040_6;minne;4;REVIEW;confidence;nein;;;;;;;lemma_4130;NOM;medium;Subjekt der Kopula 'ist vil enge an ir ruome', stativ.;daz si leistent manegiu dinc doch kûme . / minne twinget ritter under helme : **minne** ist vil enge an ir rûme . / diu minne hât begriffen daz smal und daz breite .
TIT.tei.xml;TIT_51010_1;minne;1;REVIEW;confidence;nein;;;;;;;lemma_4130;NOM;medium;"Artikel 'diu' vor dem Substantiv; Personifikation moeglich.";minne twinget ritter under helme : minne ist vil enge an ir rûme . / diu **minne** hât begriffen daz smal und daz breite . / minne hât ûf erde und ûf ze himele vür got geleite :
TIT.tei.xml;TIT_51020_0;minne;2;REVIEW;confidence;nein;;;;;;;lemma_4130;NOM;medium;Subjekt zu 'hat geleite', besitzanzeigend statt handelnd.;diu minne hât begriffen daz smal und daz breite . / **minne** hât ûf erde und ûf ze himele vür got geleite : / minne ist allenthalben wan ze helle .
TIT.tei.xml;TIT_64010_0;minne;1;REVIEW;confidence;nein;;;;;;;lemma_4130;NOM;medium;Topikalisierter Begriff in der Frage nach dem Genus des Wortes.;got weiz wol , daz ich nie bekande minnen vlust noch minnen gewinne . / **minne** , ist daz ein er ? mahtû minne mir diuten ? / ist daz ein si ? kumt mir minne , wie sul ich minne getriuten ?
TIT.tei.xml;TIT_64020_7;minne;2;REVIEW;confidence;nein;;;;;;;lemma_4130;NOM;medium;Subjekt zu 'kumt mir', abstraktes Zukommen.;minne , ist daz ein er ? mahtû minne mir diuten ? / ist daz ein si ? kumt mir **minne** , wie sul ich minne getriuten ? / muoz ich si behalden bî den tocken ?
TIT.tei.xml;TIT_64040_2;minne;4;REVIEW;confidence;nein;;;;;;;lemma_4130;NOM;medium;Subjekt im Falkenbild 'vliuget minne ufe hant', Sachvergleich.;muoz ich si behalden bî den tocken ? / oder vliuget **minne** ungerne ûf hant durch die wilde ? ich kan minne wol locken . > / < vrouwe , ich hân vernomen von wîben und von mannen ,
TIT.tei.xml;TIT_65020_0;minne;2;REVIEW;confidence;nein;;;;;;;lemma_4130;NAM;medium;Artikelloses Subjekt, spannt schiessend den Bogen ueber Alt und Jung.;< vrouwe , ich hân vernomen von wîben und von mannen , / **minne** kan den alden , den jungen sô schuzlîchen spannen , / daz si mit gedanken sêre schiuzet :
TIT.tei.xml;TIT_67030_4;minne;3;REVIEW;confidence;nein;;;;;;;lemma_4130;NOM;medium;Subjekt zu 'werbe', abstrakter Vorgang aus Freude in Sorge.;dir wirt wol âne vrâge bekant minnen vlust und ir gewinne / nû sich , wie **minne** ûz vreude in sorge werbe : / tuo der minne ir reht , ê diu minne uns beide in herzen verderbe .
TIT.tei.xml;TIT_68040_0;minne;4;REVIEW;confidence;nein;;;;;;;lemma_4130;NAM;medium;Artikelloses Subjekt zu 'stilt', handelt wie ein Dieb.;des betwinget sie diu staete liebe . / **minne** stilt mir vreude ûz dem herzen , ez entöhte einem diebe . > / si sprach : < kan diu minne in diu herzen sô slîchen ,
TIT.tei.xml;TIT_69010_6;minne;1;REVIEW;confidence;nein;;;;;;;lemma_4130;NOM;medium;"Artikel 'diu' vor dem Substantiv; Personifikation moeglich.";minne stilt mir vreude ûz dem herzen , ez entöhte einem diebe . > / si sprach : < kan diu **minne** in diu herzen sô slîchen , / daz ir man noch wîp noch diu maget mac mit ir snelheit entwîchen ?
TIT.tei.xml;TIT_69030_6;minne;3;REVIEW;confidence;nein;;;;;;;lemma_4130;NOM;medium;Artikel 'diu' vor dem Substantiv, Subjekt zu 'richet'.;daz ir man noch wîp noch diu maget mac mit ir snelheit entwîchen ? / weiz aber iemen , waz diu **minne** richet / an liuten , die ir schaden nie gewurben , daz si vreuden den zebrichet ? >
TIT.tei.xml;TIT_70040_4;minne;4;REVIEW;confidence;nein;;;;;;;lemma_4130;NAM;medium;Artikelloses Subjekt, betruegt niemanden: handelnde Figur.;nû sul wir beidiu nâch ir helfe kriegen / mit unverscharter vriuntschaft : **minne** kan mit ir wanke niemen triegen . > / < ouwê , kunde diu minne ander helfe erzeigen ,
TIT.tei.xml;TIT_71010_5;minne;1;REVIEW;confidence;nein;;;;;;;lemma_4130;NOM;medium;Artikel 'diu' vor dem Substantiv, Subjekt zu 'erzeigen'.;mit unverscharter vriuntschaft : minne kan mit ir wanke niemen triegen . > / < ouwê , kunde diu **minne** ander helfe erzeigen , / dan daz ich gaebe in dîn gebot mînen vrîen lîp vür eigen !
TIT.tei.xml;TIT_74040_4;minne;4;REVIEW;confidence;nein;;;;;;;lemma_4130;NOM;medium;"Artikel 'diu' vor dem Substantiv; Jagdbild spricht fuer Personifikation.";wan er phlac wol drîer lande krône . / sus jagete in diu **minne** an den rê : den emphienc er von ipomidône . / schîonatulander was leide zer verte ,
TIT.tei.xml;TIT_75040_11;minne;4;REVIEW;confidence;nein;;;;;;;lemma_4130;NAM;medium;Artikelloses Subjekt, reitet den beiden auf die Lauer.;doch schiet er von dan mit sînem mâge . / daz was sigûnen herzenôt und diu sîne : in zwein reit **minne** ûf die lâge . / der junge vürste urloup nam ze der maget tougenlîche .
TIT.tei.xml;TIT_76020_12;minne;2;REVIEW;confidence;nein;;;;;;;lemma_4130;NOM;medium;Subjekt zu 'riche mache', abstrakte Wirkung.;der junge vürste urloup nam ze der maget tougenlîche . / er sprach : < ouwê , wie sol ich geleben , daz **minne** an vreuden mich rîche / schiere mache und von tôde entscheiden ?
TIT.tei.xml;TIT_86030_0;minne;3;REVIEW;confidence;nein;;;;;;;lemma_4130;NAM;medium;Artikelloses Subjekt zu 'lerte', lehrt ihn wie eine Person.;punierten unde rungen , durch sende nôt sô muoste er daz lâzen . / **minne** in lêrte an staeten vreuden siechen . / swâ kint lernent ûf stên an stüelen , diu müezen dâ zem êrsten kriechen .
TIT.tei.xml;TIT_91010_4;minne;1;REVIEW;confidence;nein;;;;;;;lemma_4130;NOM;medium;Artikel 'diu' vor dem Substantiv, Subjekt zu 'si listec'.;minne helfe er ein teil hete emphangen , er wesse ouch ir twinclîche stunde . / swie listec sî diu **minne** , si muoz sich enblecken : / swer treget minne al spehende künstec ougen , dâ kan ir kraft sich niht verdecken .
TIT.tei.xml;TIT_91020_2;minne;2;REVIEW;confidence;nein;;;;;;;lemma_4130;NOM;medium;Objekt des Spaehens: Augen, die minne erkennen.;swie listec sî diu minne , si muoz sich enblecken : / swer treget **minne** al spehende künstec ougen , dâ kan ir kraft sich niht verdecken . / sist ouch ein winkelmez , hoere ich si zîhen :
TIT.tei.xml;TIT_94040_6;minne;4;REVIEW;confidence;nein;;;;;;;lemma_4130;NOM;medium;Artikel 'diu' vor dem Substantiv, reflexives 'roubet sich selben'.;er sprach : < ouwe , durch waz hât dich geloubet / dîn antlitze lûterlîcher blicke ? diu **minne** sich selben an dir roubet . / ich spür an dir die minne : alze grôz ist ir slâge .
TRH.tei.xml;TRH_7890_4;minne;789;REVIEW;confidence;nein;;;;;;;lemma_4130;NAM;medium;'ir beider vrouwe die minne, die vreche stürmerinne', die handelnd herankommt.;tristanden in daz herze sîn . / ir beider vrouwe die **minne** , / die vreche stürmerinne ,
TRH.tei.xml;TRH_27470_2;minne;2747;REVIEW;confidence;nein;;;;;;;lemma_4130;NAM;medium;'die sigehafte minne, die sicbehalderinne' zieht ihn handelnd hinweg.;was aller dinge ein manlîch man ? / die sigehafte **minne** , / die sicbehalderinne ,
TRH.tei.xml;TRH_27610_1;minne;2761;REVIEW;confidence;nein;;;;;;;lemma_4130;NOM;medium;"Artikel 'die'; agierend, aber parallel zum abstrakten 'des lîbes smerze'.";"des lîbes und in herzen : / die **minne** in herzen mit im ranc ; / des lîbes smerze , der in twanc ,"
TRH.tei.xml;TRH_27670_5;minne;2767;REVIEW;confidence;nein;;;;;;;lemma_4130;NOM;medium;"Artikel 'die', Subjekt; Personifikation nur schwach angedeutet.";zu sînem vriunde hern gâwân : / nu enliez in nicht die **minne** , / die bluote im in dem sinne ,
TRO.tei.xml;TRO_2184_1;minne;2184;REVIEW;confidence;nein;;;;;;;lemma_4130;NOM;medium;"Artikel 'diu'; stark handelnd ('hât gebunden alliu dinc'), Personifikation denkbar.";wart von mir überwunden . / diu **minne** hât gebunden / alliu dinc mit ir gewalt .
TRO.tei.xml;TRO_2331_1;minne;2331;REVIEW;confidence;nein;;;;;;;lemma_4130;NOM;medium;"Artikel 'diu'; handelnd ('knüpfet an ir zagel'), Personifikation nicht auszuschliessen.";sît bitterlîche siure / diu **minne** knüpfet an ir zagel : / ir ende ist der getriuwen hagel . >
TRO.tei.xml;TRO_2381_1;minne;2381;REVIEW;confidence;nein;;;;;;;lemma_4130;NOM;medium;Artikelloses Subjekt, aber Vergleich 'als ein diep' laesst Personifikation offen.;ir hânt gesprochen wider mich , / daz **minne** tougen als ein diep / leit künne mischen under liep ,
TRO.tei.xml;TRO_2419_1;minne;2419;REVIEW;confidence;nein;;;;;;;lemma_4130;NOM;medium;"Subjekt mit Apposition 'diu vil reine'; die appositionelle Fuegung laesst NAM offen.";und ir hânt mir des zuo gedâht , / daz **minne** , diu vil reine , / die liute dicke meine ,
TRO.tei.xml;TRO_2560_6;minne;2560;REVIEW;confidence;nein;;;;;;;lemma_4130;NOM;medium;"Subjekt zu 'füeren solte'; im allegorischen Wettstreit ist NAM denkbar.";waer an ir zweiger sinne , / doch was in leit , ob **minne** / den sic dâ solte füeren hin .
TRO.tei.xml;TRO_2848_1;minne;2848;REVIEW;confidence;nein;;;;;;;lemma_4130;NOM;medium;"Verblose Frage 'sô minne bî der armuot?', Subjekt wie im Folgevers; Imperativlesart nicht ganz ausgeschlossen.";waeren diu niht alsô guot , / sô **minne** bî der armuot / und âne wîse lêre ?
TRO.tei.xml;TRO_3054_1;minne;3054;REVIEW;confidence;nein;;;;;;;lemma_4130;NOM;medium;"Artikel 'diu' vor dem Bildwerk auf dem Spangelîn; als dargestellte Figur wäre NAM denkbar.";was daz selbe spengelîn . / diu **minne** was entworfen drîn / ûf ein gestüele hôhe enbor
TRO.tei.xml;TRO_7828_1;minne;7828;REVIEW;confidence;nein;;;;;;;lemma_4130;NOM;medium;"Artikel 'diu'; das Greifen 'mit der hant' spricht für starke Personifikation, NAM denkbar.";in der eigenschefte bant . / diu **minne** vienc si mit der hant / gewalteclîche und âne wer ,
TRO.tei.xml;TRO_14706_4;minne;14706;REVIEW;confidence;nein;;;;;;;lemma_4130;NOM;medium;"Subjekt mit Artikel; reflexives 'sich truoc' bleibt Metapher, keine handelnde Figur.";sô rehte balde nie gesluoc , / sô drâte sich diu **minne** truoc / in sîn gemüete bî der stunt .
TRO.tei.xml;TRO_14717_2;minne;14717;REVIEW;confidence;nein;;;;;;;lemma_4130;NOM;medium;"'frouwen minne' als Genitivfuegung (Liebe der Damen); Personifikation nicht auszuschliessen.";denn ûf den lôn gestellen , / den frouwen **minne** biutet . / ern hete nie getriutet ,
TRO.tei.xml;TRO_14725_4;minne;14725;REVIEW;confidence;nein;;;;;;;lemma_4130;NOM;medium;"Subjekt mit Artikel; 'an sich zoch' bildlich, Personifikation moeglich.";ez was ein wunneclich bejac , / den an sich diu **minne** zôch . / ein jungelinc , der nie geflôch
TRO.tei.xml;TRO_14740_1;minne;14740;REVIEW;confidence;nein;;;;;;;lemma_4130;NAM;medium;Minne pflegt des Gewalts, niemand kann ihr widerstreben, man lebt in ihrem Gebot.;megde nû gar übersiget . / diu **minne** des gewaltes pfliget , / daz nieman ir mac widerstreben .
TRO.tei.xml;TRO_14751_3;minne;14751;REVIEW;confidence;nein;;;;;;;lemma_4130;NOM;medium;"Praepositionalphrase 'von der minne'; erst der Folgevers personifiziert.";sîn hôchvart möhte werden / geneiget von der **minne** . / si twinget alle sinne
TRO.tei.xml;TRO_14813_1;minne;14813;REVIEW;confidence;nein;;;;;;;lemma_4130;NAM;medium;Minne handelt personhaft: sie streicht ihm rot und bleich unter die Augen.;ir zweiger hande schîne / diu **minne** im under ougen streich . / nû rôt , nû aber denne bleich
TRO.tei.xml;TRO_14823_1;minne;14823;REVIEW;confidence;nein;;;;;;;lemma_4130;NAM;medium;Minne als Subjekt von 'schuof' samt eigenem 'getwanc', handelnde Macht.;verr ûz des herzen grunde . / diu **minne** schuof und ir getwanc , / daz manic tiefer siufze lanc
TRO.tei.xml;TRO_14892_1;minne;14892;REVIEW;confidence;nein;;;;;;;lemma_4130;NAM;medium;Minne als handelndes Subjekt: sie versperrt ihm Herz- und Augentuer.;daz mit im dâ geredet wart . / diu **minne** diu het im verspart / des herzen und der ougen tür .
TRO.tei.xml;TRO_15781_3;minne;15781;REVIEW;confidence;nein;;;;;;;lemma_4130;NOM;medium;"Dativ bei 'gevallen'; personifizierende Lesart bleibt moeglich.";und alsô bleich von sender nôt , / daz ez der **minne** wol geviel . / sîn herze in ungemüete wiel
TRO.tei.xml;TRO_16798_4;minne;16798;REVIEW;confidence;nein;;;;;;;lemma_4130;NAM;medium;Minne zwingt den Sprecher, mit eigenem 'gewalt hoch unde starc'.;mit werken und mit sinne : / des twinget mich diu **minne** / und ir gewalt hôch unde starc .
TRO.tei.xml;TRO_16978_3;minne;16978;REVIEW;confidence;nein;;;;;;;lemma_4130;NOM;medium;"Artikel 'der' bei 'verhern'; Bezug auf die Liebe, Personifikation denkbar.";die sich von êrst beginnent wern , / sô man der **minne** wil verhern / ir kiuschen unde ir reinen lîp .
TRO.tei.xml;TRO_17282_1;minne;17282;REVIEW;confidence;nein;;;;;;;lemma_4130;NOM;medium;"Artikelloses Subjekt zu 'künde mêren'; Personifikation klingt an, Abstraktum bleibt naheliegender.";der saelden und der êren , / daz **minne** künde mêren / vröud âne kumberlichen haz .
TRO.tei.xml;TRO_19671_4;minne;19671;REVIEW;confidence;nein;;;;;;;lemma_4130;NOM;medium;"Dativ mit Artikel, koordiniert mit 'den göten'; die Nähe zur Gottheit lässt Personifikation offen.";und leisten einen antheiz / den göten und der **minne** . / si was ein küniginne
TRO.tei.xml;TRO_19795_4;minne;19795;REVIEW;confidence;nein;;;;;;;lemma_4130;NAM;medium;Minne ist plötzlich anwesend und tut ihm kund, wo Helena sei: handelnde Figur.;wan dô sîn ouge ir bilde ersach , / dô was zehant diu **minne** dâ / und tet im kunt , daz helenâ
TRO.tei.xml;TRO_20671_1;minne;20671;REVIEW;confidence;nein;;;;;;;lemma_4130;NAM;medium;Minne zeigt an ihm, dass sie gewaltic sein will: eigener Wille und eigene craft.;durch helenam daz schoene wîp . / diu **minne** tet an im wol schîn , / daz si gewaltic wolte sîn
TRO.tei.xml;TRO_20988_1;minne;20988;REVIEW;confidence;nein;;;;;;;lemma_4130;NOM;medium;"Artikel 'diu' davor; wirkende Ursache der Hitze, Personifikation nur angedeutet.";hitz unde schemelicher sweiz . / diu **minne** tet im alsô heiz , / daz er vil manigen siufzen lie .
TRO.tei.xml;TRO_21068_3;minne;21068;REVIEW;confidence;nein;;;;;;;lemma_4130;NAM;medium;Minne wirkt mit eigenem geheiz und hat den Sprecher gewiesen: handelnde Figur.;gestrichen her in disen kreiz . / daz schuof diu **minne** und ir geheiz , / diu mich gewîset hât dar an ,
TRO.tei.xml;TRO_21907_3;minne;21907;REVIEW;confidence;nein;;;;;;;lemma_4130;NAM;medium;Minne will den Sprecher loben: eigener Wille, personifizierte Instanz.;hân ich daz heil verschuldet , / daz mich diu **minne** loben wil , / daz sol mich dunken niht ze vil ,
TRO.tei.xml;TRO_21978_3;minne;21978;REVIEW;confidence;nein;;;;;;;lemma_4130;NAM;medium;Artikelloses Subjekt zu 'rîchsen': Minne herrscht und vârt, personifiziert.;sô sult ir doch gelîchsen . / well an iuch **minne** rîchsen / und iuwer langer vâren ,
TRO.tei.xml;TRO_22176_3;minne;22176;REVIEW;confidence;nein;;;;;;;lemma_4130;NOM;medium;"Artikel 'diu' davor; treibt ihren süezen louf, Personifikation bleibt möglich.";gewünne ich herzeleides kouf , / wan sô diu **minne** ir süezen louf / an mir begünde trîben ,
TRO.tei.xml;TRO_22944_1;minne;22944;REVIEW;confidence;nein;;;;;;;lemma_4130;NOM;medium;"Artikel 'diu' als Subjekt; agierende Minne, aber Determinativ spricht fuer Abstraktum.";daz nie gelieben würde baz . / diu **minne** wac in unde maz / gelîche ir wunnebaeren solt .
TRO.tei.xml;TRO_28706_3;minne;28706;REVIEW;confidence;nein;;;;;;;lemma_4130;NOM;medium;Artikel 'diu' als Subjekt zu 'gebot', koordiniert mit dem Abstraktum 'triuwe'.;liez erbarmen sich ir nôt , / als im diu **minne** dâ gebôt / und sînes herzen triuwe .
TRU.tei.xml;TRU_23500_4;minne;235;REVIEW;confidence;nein;;;;;;;lemma_4130;NAM;medium;'vrou minne' als handelnde Figur, die Verlust und Gewinn zeigt.;nâch ýsôte der blunden . / hie zeige aber vrou **minne** / ir verlust unde ir gewinne ,
TRU.tei.xml;TRU_24700_3;minne;247;REVIEW;confidence;nein;;;;;;;lemma_4130;NAM;medium;'vrou minne' als Subjekt von 'lebet', klare Personifikation.;mit disen wandelungen / lebet ie vrou **minne** . / swer rehte sich versinne ,
TRU.tei.xml;TRU_61200_1;minne;612;REVIEW;confidence;nein;;;;;;;lemma_4130;NOM;medium;"Artikel 'diu'; im Traumbild handelt Minne aber wie eine Figur, Personifikation moeglich.";seic ich nider und entslief . / diu **minne** gap mir disen brief , / ze boten si mir daz rêch beschiet .
TRU.tei.xml;TRU_179600_1;minne;1796;REVIEW;confidence;nein;;;;;;;lemma_4130;NAM;medium;Direkte Anrede 'vrouwe minne' mit Imperativ 'schrîp'.;< ir habt verdienet mînen lîp . / vrouwe **minne** , diz wunder schrîp , / dâ gewahsen wîp dem jungen man
TRU.tei.xml;TRU_182600_1;minne;1826;REVIEW;confidence;nein;;;;;;;lemma_4130;NOM;medium;"Artikel 'diu'; das Treuebrechen legt aber eine Personifikation nahe.";daz iuch mîn ouge ie gesach ! / diu **minne** an mir ir triuwe brach , / dô si iuh mir erwarp
TRU.tei.xml;TRU_267100_2;minne;2671;REVIEW;confidence;nein;;;;;;;lemma_4130;NAM;medium;Apostrophe 'â minneclîchiu minne' mit anschliessender Anrede 'dû ... twingest'.;diu minne tet in beiden wol . / â minneclîchiu **minne** , / wie dû ir beider sinne
TRU.tei.xml;TRU_267500_0;minne;2675;REVIEW;confidence;nein;;;;;;;lemma_4130;NAM;medium;Vokativ am Versanfang mit Imperativ: 'minne, nû hilf disen zwein'.;und selten helfe bringest ! / **minne** , nû hilf disen zwein : / si sint ein jâ , si sint ein nein ,
TRU.tei.xml;TRU_268100_0;minne;2681;REVIEW;confidence;nein;;;;;;;lemma_4130;NAM;medium;Vokativ mit Imperativ und Possessiv: 'minne, nû hilf den dînen'.;dune wellest in helfe bringen . / **minne** , nû hilf den dînen , / lâ dîne triuwe schînen
TRU.tei.xml;TRU_268700_0;minne;2687;REVIEW;confidence;nein;;;;;;;lemma_4130;NAM;medium;Anrede am Versanfang, fortgesetzt mit 'dîn kraft'.;und daz boeslîche heln . / **minne** , des twinget si dîn kraft / und ir liep geselleschaft .
TRY.tei.xml;TRY_731_1;minne;731;REVIEW;confidence;nein;;;;;;;lemma_4130;NOM;medium;"Artikel 'die'; Subjekt von 'twanc', Personifikation nicht ausgeschlossen.";dem herren waz zu sprechen not / die **minne** twanc in daz er sprach / herre got wol mich ach
TRY.tei.xml;TRY_757_1;minne;757;REVIEW;confidence;nein;;;;;;;lemma_4130;NOM;medium;"Subjekt von 'machet' ohne Artikel; abstrakte Lesart naeher als Personifikation.";ich wene die elber trigent mich / machet **minne** daz ich reben / nein mir ist zouber gegeben
TRY.tei.xml;TRY_8607_3;minne;8607;REVIEW;confidence;nein;;;;;;;lemma_4130;NOM;medium;"Vergleichsglied 'kleiner dinc den minne'; nominale Lesart, Syntax leicht unklar.";und ist in mitten dar inne bliben / kleiner dinc den **minne** / twingen mich dar inne
TRY.tei.xml;TRY_11305_1;minne;11305;REVIEW;confidence;nein;;;;;;;lemma_4130;NOM;medium;"Bestimmungswort in 'minne dinst', Objekt zu 'sage'; Imperativ waere zweite Lesart.";so sage der tochter gute nacht / un **minne** dinst dar mite / und laz sie wizzen wes ich bite
TRY.tei.xml;TRY_14088_4;minne;14088;REVIEW;confidence;nein;;;;;;;lemma_4130;NOM;medium;"Nach Praeposition 'in', wohl Bestimmungswort zu 'sin'; Vers syntaktisch unklar.";die furent mich zu und in / in min herze in **minne** sin / alse gereit und also gerat
TSY.tei.xml;TSY_106_1;minne;106;REVIEW;confidence;nein;;;;;;;lemma_4130;NOM;medium;"Artikel 'diu' plus Subjektstelle zu 'twingen'; Personifikation nicht auszuschliessen.";daz geschiht sô sie beginnet / diu **minne** twingen alsô harte , / daz sie ze sehene gezimt
TSY.tei.xml;TSY_545_3;minne;545;REVIEW;confidence;nein;;;;;;;lemma_4130;NOM;medium;"Artikel 'diu' als Subjekt zu 'tuo'; agentische Lesart laesst Personifikation offen.";und ganziu zuoversiht darzuo , / ê ir diu **minne** alsô tuo . / doch was ir frâge , als ich nû sprach ,
TSY.tei.xml;TSY_1494_3;minne;1494;REVIEW;confidence;nein;;;;;;;lemma_4130;NOM;medium;"Artikel 'diu' als Subjekt von 'hât gereizet'; agentisch, Personifikation moeglich.";daz sie sîn gemahel werde . / dâ hât diu **minne** in zuo gereizet . / diu tohter ist wert unde hôch ,
TSY.tei.xml;TSY_2501_1;minne;2501;REVIEW;confidence;nein;;;;;;;lemma_4130;NOM;medium;"Artikel 'diu' als Subjekt von 'zocket'; agentisch, Personifikation moeglich.";daz reine herze im locket , / diu **minne** in zuo ir zocket . / wirt er der beider gewar ,
TSY.tei.xml;TSY_2876_3;minne;2876;REVIEW;confidence;nein;;;;;;;lemma_4130;NOM;medium;"Artikel 'diu' als Subjekt von 'rüere'; agentisch, Personifikation moeglich.";diu noch an der warte ligt , / wenne sie diu **minne** rüere , / diu sie zuo ir liebe füere .
TSY.tei.xml;TSY_2887_3;minne;2887;REVIEW;confidence;nein;;;;;;;lemma_4130;NOM;medium;"Artikel 'diu' als Subjekt von 'tæte'; agentisch, Personifikation moeglich.";nâch jesu , den sie gerne hæte , / ob sîn diu **minne** ir state tæte . / nâch der muoz man nû senden drâte
TSY.tei.xml;TSY_3050_2;minne;3050;REVIEW;confidence;nein;;;;;;;lemma_4130;NOM;medium;"Artikel plus 'wâre', Apposition zu karitas; allegorische Figur denkbar.";wand sie ir aller frowe was . / diu wâre **minne** karitas / ist aller tugende keiserîn .
TSY.tei.xml;TSY_3119_1;minne;3119;REVIEW;confidence;nein;;;;;;;lemma_4130;NOM;medium;"Artikel 'diu' als Subjekt von 'schuof'; agentisch, Personifikation moeglich.";wand ân sie muge wirn niht gehân . / diu **minne** schuof , daz er uns hie / eine hôhe gâbe lie ,
TSY.tei.xml;TSY_3174_1;minne;3174;REVIEW;confidence;nein;;;;;;;lemma_4130;NOM;medium;"Artikel 'diu' als Subjekt von 'bat'; Sprechakt, doch Kontext setzt minne mit got gleich.";mit sînem sune sunder bet ? / diu **minne** bat es in iedoch , / sie bitet in alle tage noch ,
TSY.tei.xml;TSY_3223_4;minne;3223;REVIEW;confidence;nein;;;;;;;lemma_4130;NAM;medium;Direkte Anrede im Willkommensgruss ('wis willekomen, sueze minne') an die Figur.;sie sprach : < gote unde mir / wis willekomen , süeze **minne** . / wol mich , daz ich dich hân hie inne ! >
TSY.tei.xml;TSY_3230_2;minne;3230;REVIEW;confidence;nein;;;;;;;lemma_4130;NAM;medium;Minne sagt der Frouwe ihre suezen maere: Sprechakt der handelnden Allegorie.;wie kurz diu wîle wære , / sô diu **minne** ir süezen mære / der frowen tougenlîchen saget
TSY.tei.xml;TSY_3274_5;minne;3274;REVIEW;confidence;nein;;;;;;;lemma_4130;NAM;medium;Minne raunt neben dem angeredeten Du: Sprechhandlung der Personifikation.;wie hôch sîn wonunge stât / daz du rûnest und diu **minne** , / daz merke ich wol in mînem sinne .
TSY.tei.xml;TSY_3317_2;minne;3317;REVIEW;confidence;nein;;;;;;;lemma_4130;NOM;medium;"Artikel plus Attribut; Eigenname der Allegorie ist das apponierte 'karitas'.";des kunde sie sich wol versinnen / diu wâre **minne** karitas , / daz ez von ir geschefte was .
TSY.tei.xml;TSY_3334_7;minne;3334;REVIEW;confidence;nein;;;;;;;lemma_4130;NAM;medium;'do sprach diu minne': Minne redet selbst und schickt oratio mit.;und daz habestu mir getân / durh in . > dô sprach diu **minne** sân : / < sol ich die botschaft werben dir ,
TSY.tei.xml;TSY_3368_3;minne;3368;REVIEW;confidence;nein;;;;;;;lemma_4130;NOM;medium;"Akkusativobjekt mit Artikel; der Folgevers personifiziert nur nachtraeglich.";der muoz sich underwinden / daz er die **minne** sende vor . / diu weiz wol daz rehte spor ,
TSY.tei.xml;TSY_3387_1;minne;3387;REVIEW;confidence;nein;;;;;;;lemma_4130;NOM;medium;"Subjekt mit Artikel; das Voranschreiten bleibt Bild fuer das Abstraktum.";swie hôch er ob den wolken stêt . / diu **minne** vaste vür sich gêt , / daz sie dehein müede krenket ,
TSY.tei.xml;TSY_3516_3;minne;3516;REVIEW;confidence;nein;;;;;;;lemma_4130;NAM;medium;Minne bezwingt die Singenden: Zwang als Handlung der Personifikation.;wan sie sungen schône , / dâ sie diu **minne** zuo betwanc , / in vil süezem dône .
TSY.tei.xml;TSY_3590_3;minne;3590;REVIEW;confidence;nein;;;;;;;lemma_4130;NOM;medium;Nach Praeposition 'in die' als Ziel des Sinnen-Wurfs, nominale Position.;sô wirfet er die sinne / anderhalb in die **minne** . / diu zeiget im dan vürsich
TSY.tei.xml;TSY_3623_5;minne;3623;REVIEW;confidence;nein;;;;;;;lemma_4130;NAM;medium;Er spricht 'zer minne': Anrede der schiessenden Minne-Figur.;der machet er gesunt ir lîp . / alsô spricht er ouch zer **minne** , / sô er des schuzzes wirdet inne :
TSY.tei.xml;TSY_3626_1;minne;3626;REVIEW;confidence;nein;;;;;;;lemma_4130;NAM;medium;Minne genuegt es nicht, sie schiesst und verwundet erneut: handelnde Figur.;< hât mich troffen ieman ? > / der **minne** gnuoget niht dâran / daz sie in zeimmâl het verwunt ,
TSY.tei.xml;TSY_3869_7;minne;3869;REVIEW;confidence;nein;;;;;;;lemma_4130;NAM;medium;'sprach diu minne' als Redeeinleitung: Minne tritt sprechend auf.;swer wil daz er in liep gewinne , / der habe uns liep , sprach diu **minne** , / wand er uns hât liep unde holt .
TSY.tei.xml;TSY_4227_4;minne;4227;REVIEW;confidence;nein;;;;;;;lemma_4130;NOM;medium;"Artikel plus Attribut; der Name der Allegorie ist das nachgestellte 'karitas'.";daz si vor der türe lac , / dâ inn diu wâre **minne** was / gegangen vor ir , karitas ,
TUS.tei.xml;TUS_10300200_5;minne;2;REVIEW;confidence;nein;;;;;;;lemma_4130;NAM;medium;Minne verbietet nachdruecklich: Gebot als Handlung der Minne-Figur.;"obe ich si lâze diu mîn herze twinget ? / nein , ez verbiutet diu **minne** vil sêre ; / von der mir sorge unde kumber entspringet ,"
TUS.tei.xml;TUS_20300100_2;minne;1;REVIEW;confidence;nein;;;;;;;lemma_4130;NOM;medium;"Subjekt mit Artikel 'diu minne'; das Blenden bleibt bildliche Wirkung.";"wê den wîben von der lîben daz geschiht ! / sît diu **minne** sinne blenden kan , / daz bekenne ich wol , mîn sin der ist ze blint ;"
TUS.tei.xml;TUS_30500600_0;minne;6;REVIEW;confidence;nein;;;;;;;lemma_4130;NOM;medium;Kopfnomen mit nachgestellten Attributen 'diu klare, diu sueze und diu reine'.;der stên ich ze vâre unde prîse sie kleine . / **minne** diu klâre , diu süeze und diu reine , / diu ist zewâre frî vor allem meine .
TUS.tei.xml;TUS_50100100_0;minne;1;REVIEW;confidence;nein;;;;;;;lemma_4130;NAM;medium;Vokativ am Strophenbeginn mit 'dich' und 'du': Anrede der Minne.;sô sie sehent den morgenschîn . / **minne** , ich wil dich iemer êren / durch die tugende der du pfligest ,
TUS.tei.xml;TUS_50200100_0;minne;1;REVIEW;confidence;nein;;;;;;;lemma_4130;NAM;medium;Anrede plus Imperativ 'la dich niht betragen' an die Minne.;dû mich danne wigest ! / **minne** , lâ dich niht betrâgen / einer frâge der ich dich
TUS.tei.xml;TUS_50300100_0;minne;1;REVIEW;confidence;nein;;;;;;;lemma_4130;NAM;medium;Vokativ mit 'dir' und 'diner helfe': Minne wird direkt angerufen.;daz sag unde sprich . / **minne** , ich wil dir iemer singen , / ich wil dîner helfe leben ,
TUS.tei.xml;TUS_50300500_6;minne;5;REVIEW;confidence;nein;;;;;;;lemma_4130;NAM;medium;Anrede 'du, minne, bist gewaltic kuniginne': Minne als angeredete Figur.;die der dû mich hâst gegeben , / sô geloube ich daz du , **minne** , / bist gewaltic küniginne .
TUS.tei.xml;TUS_50400100_0;minne;1;REVIEW;confidence;nein;;;;;;;lemma_4130;NAM;medium;Vokativ mit 'din' und 'mit dir ringe ich': Anrede der Minne.;mache ez allez eben . / **minne** , in kan dîn niht vergezzen , / mit dir ringe ich elliu zît .
TUS.tei.xml;TUS_50500100_0;minne;1;REVIEW;confidence;nein;;;;;;;lemma_4130;NOM;medium;"Objekt zu 'hieze ich': das Benennungswort fuer Mund an Mund; Vokativ moeglich.";"waz sie sorge uns gît . / **minne** hieze ich , swâ man funde / einen funt ; sich waz daz sî :"
TUS.tei.xml;TUS_90200100_1;minne;1;REVIEW;confidence;nein;;;;;;;lemma_4130;NOM;medium;Subjekt mit Artikel, koordiniert mit 'ein wip': nominale Position.;"wenden kan , doch fröit mîn herze selten sich . / diu **minne** sinne und ouch ein wîp mir hât benomen / dâ von ich muoz in sorgen leben ;"
UVL.tei.xml;UVL_70400100_5;minne;1;REVIEW;confidence;nein;;;;;;;lemma_4130;NAM;medium;Direkte Anrufung mit frouwe im Klageruf owe.;scheidet nieman wan diu wîp . / owê , owê , frouwe **minne** , / mir ist wê .
UVL.tei.xml;UVL_70400700_2;minne;7;REVIEW;confidence;nein;;;;;;;lemma_4130;NAM;medium;Direkte Anrede kanstu, minne: Minne als angerufene Figur.;diu mir an dem herzen lît . / kanstu , **minne** , triuwe minnen , / sô hilfestu mir enzît .
UVL.tei.xml;UVL_100100100_3;minne;1;REVIEW;confidence;nein;;;;;;;lemma_4130;NAM;medium;Anrede wie kanstu, minne: Minne handelt und wird angesprochen.;diu nie an iemen missetet . / wie kanstu , **minne** , mit sorgen die sinne , / den muot betouben mit seneder klage !
UVL.tei.xml;UVL_100500500_4;minne;5;REVIEW;confidence;nein;;;;;;;lemma_4130;NAM;medium;Imperativische Anrufung: nu troeste mich, minne, unde sprich.;mit ungedulde , sô lâze mich frî . / nû troeste mich , **minne** , unde sprich / wie ich nâch swære trôst an ir bejage
UVL.tei.xml;UVL_110100100_2;minne;1;REVIEW;confidence;nein;;;;;;;lemma_4130;NAM;medium;Anrede vil saelic minne mit din gewalt, din helfe: handelnde Figur.;ir immer mêre für eigen gegeben . / vil sælic **minne** , hab ich nu getân / den dienest den dîn gewalt mir gebôt ,
UVL.tei.xml;UVL_230500100_0;minne;1;REVIEW;confidence;nein;;;;;;;lemma_4130;NOM;medium;"Subjekt zu het gebunden; handelnde Minne, Personifikation bleibt moeglich.";sît niht triuwen lît an ir . / **minne** het mich ir gebunden / unde lie si bande frî .
UVL.tei.xml;UVL_520500400_0;minne;4;REVIEW;confidence;nein;;;;;;;lemma_4130;NOM;medium;"Subjekt zu bant; handelnde Minne, Personifikation bleibt moeglich.";dâ von bin ich ir gebunden : / **minne** mich ir mit der stæte bant . / des ist trûren mir verswunden :
UVW.tei.xml;UVW_10200900_2;minne;9;REVIEW;confidence;nein;;;;;;;lemma_4130;NAM;medium;Direkte Anrufung mit Imperativ: 'ach, minne, la mir gelingen!'.;ach wie kumt daz sô ? / ach , **minne** , lâ mir gelingen ! / ich bin grâ von den dingen
UVW.tei.xml;UVW_10300600_0;minne;6;REVIEW;confidence;nein;;;;;;;lemma_4130;NAM;medium;Vokativ am Versanfang mit Imperativ 'nu scheide mich von sender arebeit'.;ich bin fröiden gar behert : / **minne** , nu scheide / mich von sender arebeit
UVW.tei.xml;UVW_20400100_1;minne;1;REVIEW;confidence;nein;;;;;;;lemma_4130;NAM;medium;'frouwe minne' als Anrede, klassische Personifikation.;jâ rîcher got von himele , wan gienge ez hiure alsô ! > / frouwe **minne** , ich bin ir eigen diener iemer her gewesen , / sît ich die vil minneclîchen sach sô wol gestalt .
UVW.tei.xml;UVW_70300600_3;minne;6;REVIEW;confidence;nein;;;;;;;lemma_4130;NOM;medium;"Subjekt mit Artikel 'diu minne'; lehrendes Handeln bleibt lesbar als Personifikation.";daz sî vil dicke wart gekust , / als in diu **minne** lêrte . / er druhte ir liehtez wengel an daz sîn ,
UVW.tei.xml;UVW_80100100_0;minne;1;REVIEW;confidence;nein;;;;;;;lemma_4130;NOM;medium;"Artikelloses Subjekt in Sentenz 'minne fueget dicke leit'; NAM bleibt offen.";er kuste sî und schiet von dan . / **minne** füeget dicke leit / mit vil sender arebeit
UVW.tei.xml;UVW_80100400_0;minne;4;REVIEW;confidence;nein;;;;;;;lemma_4130;NOM;medium;Artikelloses Subjekt mit wiederaufnehmendem 'diu': 'minne diu hat den gewalt'.;der mîn herze ein wunder treit . / **minne** diu hât den gewalt / wil se , ich wirde an fröiden balt ,
UVW.tei.xml;UVW_80100700_0;minne;7;REVIEW;confidence;nein;;;;;;;lemma_4130;NAM;medium;Anrede mit Pronomen dich/dinen gruoz, also angesprochene Figur.;anders ich bin abe gezalt . / **minne** , swer dich minnet und dich mîden muoz , / der ist unversinnet : im wirt kumbers buoz ,
UVW.tei.xml;UVW_80101000_4;minne;10;REVIEW;confidence;nein;;;;;;;lemma_4130;NAM;medium;Vokativ im Refrain 'ich bin din, minne, habe genade min!'.;der vermîdet dînen gruoz . / ich bin dîn , **minne** , habe genâde mîn ! / mich gruozt ein vil rôter munt
UVW.tei.xml;UVW_80200400_3;minne;4;REVIEW;confidence;nein;;;;;;;lemma_4130;NOM;medium;"Subjekt mit Artikel 'diu minne'; Strahl-Metaphorik laesst Personifikation offen.";sît was ie mîn herze wunt . / alsô traf diu **minne** mich / mit ir strâle grimmeclich
UVW.tei.xml;UVW_80201000_4;minne;10;REVIEW;confidence;nein;;;;;;;lemma_4130;NAM;medium;Vokativ im Refrain 'ich bin din, minne, habe genade min!'.;owê daz ichs ie gesach ! / ich bin dîn , **minne** , habe genâde mîn ! / ir zimt wol swaz sî getuot :
UVW.tei.xml;UVW_80300400_0;minne;4;REVIEW;confidence;nein;;;;;;;lemma_4130;NOM;medium;"Artikelloses Subjekt 'minne hat gehuset dar'; NAM bleibt moeglich.";vor untæte wol behuot . / **minne** hât gehûset dar / sist nâch schoene lieht gevar ,
UVW.tei.xml;UVW_80301000_4;minne;10;REVIEW;confidence;nein;;;;;;;lemma_4130;NAM;medium;Vokativ im Refrain 'ich bin din, minne, habe genade min!'.;wan sist aller tugende vol . / ich bin dîn , **minne** , habe genâde mîn ! / sumer wil uns aber bringen
UVW.tei.xml;UVW_90400100_1;minne;1;REVIEW;confidence;nein;;;;;;;lemma_4130;NAM;medium;Anrede 'werdiu minne, ich wil dich strafen' mit folgendem du-Vers.;der verliuset mangen dôn . / werdiu **minne** , ich wil dich strâfen , / dû bist gen mir harte entslâfen :
UVW.tei.xml;UVW_90500100_0;minne;1;REVIEW;confidence;nein;;;;;;;lemma_4130;NAM;medium;Vokativ mit Imperativ 'heile mine wunden' und 'von der strale din'.;der verliuset mangen dôn . / **minne** , heile mîne wunden / diu mir in vil kurzen stunden
UVW.tei.xml;UVW_120101200_2;minne;12;REVIEW;confidence;nein;;;;;;;lemma_4130;NOM;medium;Artikelloses Subjekt im Refrain 'so muoz minne mine sinne ruowen lan'.;sol mîn herze frô bestân , / sô muoz **minne** mîne sinne ruowen lân . / owê siuftebærer sorgen
UVW.tei.xml;UVW_120200600_4;minne;6;REVIEW;confidence;nein;;;;;;;lemma_4130;NOM;medium;Artikelloses Subjekt zu erban: 'des mir minne erban'.;sît mîn herze ringet / dar nâch des mir **minne** erban . / in weiz noch niht waz diu minne richet ,
UVW.tei.xml;UVW_120201200_2;minne;12;REVIEW;confidence;nein;;;;;;;lemma_4130;NOM;medium;Artikelloses Subjekt im Refrain 'so muoz minne mine sinne ruowen lan'.;sol mîn herze frô bestân , / sô muoz **minne** mîne sinne ruowen lân / liep in herzen , liep in ougen
UVW.tei.xml;UVW_120301200_2;minne;12;REVIEW;confidence;nein;;;;;;;lemma_4130;NOM;medium;Artikelloses Subjekt im Refrain 'so muoz minne mine sinne ruowen lan'.;sol mîn herze frô bestân , / sô muoz **minne** mîne sinne ruowen lân . / guot gebâren , schoene an lîbe
UVW.tei.xml;UVW_120401200_2;minne;12;REVIEW;confidence;nein;;;;;;;lemma_4130;NOM;medium;Artikelloses Subjekt im Refrain 'so muoz minne mine sinne ruowen lan'.;sol mîn herze frô bestân , / sô muoz **minne** mîne sinne ruowen lân . / ez ist dicke daz gesprochen :
UVW.tei.xml;UVW_120501200_2;minne;12;REVIEW;confidence;nein;;;;;;;lemma_4130;NOM;medium;Artikelloses Subjekt im Refrain 'so muoz minne mine sinne ruowen lan'.;sol mîn herze frô bestân , / sô muoz **minne** mîne sinne ruowen lân . / tougenlîchen lac verborgen
UVW.tei.xml;UVW_140101800_2;minne;18;REVIEW;confidence;nein;;;;;;;lemma_4130;NOM;medium;Subjekt neben 'diu vil minnecliche' in koordinierter Reihe.;sol ich iemer frô bestân , / sô muoz **minne** und diu vil minneclîche mich von sorgen lân . / liehte bluomen , zît des meien ,
UVW.tei.xml;UVW_140201300_0;minne;13;REVIEW;confidence;nein;;;;;;;lemma_4130;NOM;medium;"Artikelloses Subjekt 'minne wil ir alten ungenade niuwen'; NAM bleibt offen.";verwunt : waz sol diu rede nu mêre ? / **minne** wil ir alten ungenâde an mir nu niuwen . / ich gelepte nie sô gar in kumberlîchen riuwen ,
UVW.tei.xml;UVW_140201800_2;minne;18;REVIEW;confidence;nein;;;;;;;lemma_4130;NOM;medium;Subjekt neben 'diu vil minnecliche' in koordinierter Reihe.;sol ich iemer frô bestân , / sô muoz **minne** und diu vil minneclîche mich von sorgen lân . / mich nimt wunder ob diu reine
UVW.tei.xml;UVW_140301800_2;minne;18;REVIEW;confidence;nein;;;;;;;lemma_4130;NOM;medium;Subjekt neben 'diu vil minnecliche' in koordinierter Reihe.;sol ich iemer frô bestân , / sô muoz **minne** und diu vil minneclîche mich von sorgen lân . / swâ man minneclîche lachet ,
UVW.tei.xml;UVW_140400200_2;minne;2;REVIEW;confidence;nein;;;;;;;lemma_4130;NOM;medium;Artikelloses Subjekt: 'hat da minne niht gewalt'.;swâ man minneclîche lachet , / hât dâ **minne** niht gewalt , / sôst ir hôher prîs verswachet ,
UVW.tei.xml;UVW_140401800_2;minne;18;REVIEW;confidence;nein;;;;;;;lemma_4130;NOM;medium;Subjekt neben 'diu vil minnecliche' in koordinierter Reihe.;sol ich iemer frô bestân , / sô muoz **minne** und diu vil minneclîche mich von sorgen lân . / ob diu liebe fürhtet sünde ,
UVW.tei.xml;UVW_140501800_2;minne;18;REVIEW;confidence;nein;;;;;;;lemma_4130;NOM;medium;Subjekt neben 'diu vil minnecliche' in koordinierter Reihe.;sol ich iemer frô bestân , / sô muoz **minne** und diu vil minneclîche mich von sorgen lân . / ich wil der vil lieben singen disen sanc ,
UVW.tei.xml;UVW_150301000_1;minne;10;REVIEW;confidence;nein;;;;;;;lemma_4130;NAM;medium;Vokativ mit Adjektiv und Imperativ: 'minneclichiu minne, fuege ez so!'.;ûz dem herzen slîchen . / minneclîchiu **minne** , füege ez sô ! / frouwe , ir hât mich überwunden sunderbâr
UVW.tei.xml;UVW_160400600_3;minne;6;REVIEW;confidence;nein;;;;;;;lemma_4130;NOM;medium;Attributiver Genitiv zu schuetze: 'minne schuetze cupido traf min herze'.;mîn vil lieber hort ist mir alsô / gar unnütze . **minne** schütze cupîdô / traf mîn herze , sît bin ich unfrô .
UVW.tei.xml;UVW_160500100_0;minne;1;REVIEW;confidence;nein;;;;;;;lemma_4130;NOM;medium;Artikelloses Subjekt mit wiederaufnehmendem 'diu': 'minne diust gewaltecliche'.;swâ dîn herze wont , dâ lît dîn hort . / **minne** diust gewalteclîchen / allen dingen obe .
UVW.tei.xml;UVW_160500600_0;minne;6;REVIEW;confidence;nein;;;;;;;lemma_4130;NAM;medium;Anrede 'minne sueze' mit den Imperativen bueze und twinge.;wîsheit hort diu beide nîgent ir . / **minne** süeze , kumber büeze nâch der gir , / twinge mînen hort gelîche mir .
UVW.tei.xml;UVW_230200900_0;minne;9;REVIEW;confidence;nein;;;;;;;lemma_4130;NAM;medium;Vokativ mit Imperativ 'wic gelîche' und folgendem 'ich bin din'.;holder dan si mir . / **minne** , wic gelîche mit der wâge , / sît daz ich bin dîn !
UVW.tei.xml;UVW_240400600_1;minne;6;REVIEW;confidence;nein;;;;;;;lemma_4130;NAM;medium;Anrede 'trut minne' mit Imperativ 'sich dar an!'.;sô hât ungemüete mich besezzen . / trût **minne** , sich dar an ! / wic daz uns diu liebe stê gelîche
UVW.tei.xml;UVW_250101000_0;minne;10;REVIEW;confidence;nein;;;;;;;lemma_4130;NOM;medium;Artikelloses Subjekt im Refrain 'minne twinget mir den sin'.;der siht dâ wunnen vil . / **minne** twinget mir den sin : / wîplich güete mîn gemüete zucket hin .
UVW.tei.xml;UVW_250200400_2;minne;4;REVIEW;confidence;nein;;;;;;;lemma_4130;NOM;medium;Artikelloses Subjekt im Nebensatz 'daz mich minne twinget'.;doch trur ich von der nôt , / daz mich **minne** twinget / und der lieben munt sô rôt .
UVW.tei.xml;UVW_250201000_0;minne;10;REVIEW;confidence;nein;;;;;;;lemma_4130;NOM;medium;Artikelloses Subjekt im Refrain 'minne twinget mir den sin'.;al mîn gir sunder wân . / **minne** twinget mir den sin : / wîplich güete mîn gemüete zucket hin .
UVW.tei.xml;UVW_250301000_0;minne;10;REVIEW;confidence;nein;;;;;;;lemma_4130;NOM;medium;Artikelloses Subjekt im Refrain 'minne twinget mir den sin'.;sôst mîn muot fröiden frî . / **minne** twinget mir den sin : / wîplich güete mîn gemüete zucket hin .
UVW.tei.xml;UVW_250401000_0;minne;10;REVIEW;confidence;nein;;;;;;;lemma_4130;NOM;medium;Artikelloses Subjekt im Refrain 'minne twinget mir den sin'.;daz si mir nimt den sin : / **minne** twinget mir den sin : / wîplich güete mîn gemüete zucket hin .
UVW.tei.xml;UVW_290300800_4;minne;8;REVIEW;confidence;nein;;;;;;;lemma_4130;NAM;medium;'frou minne' als handelndes Subjekt: 'daz schuof frou minne'.;beider sinne wurden dâ versêret , / ( daz schuof frou **minne** ) fröide gar verkêret . / dâ schiet leit der wunnen spil ,
UVW.tei.xml;UVW_310500500_0;minne;5;REVIEW;confidence;nein;;;;;;;lemma_4130;NAM;medium;Vokativ mit Imperativ: 'minne, gip mir suezen trost!'.;nimt mir mîne fröide hin . / **minne** , gip mir süezen trôst ! / lâ die reinen valsches einen
UVW.tei.xml;UVW_320500200_3;minne;2;REVIEW;confidence;nein;;;;;;;lemma_4130;NOM;medium;"Artikel diu, Subjekt zu 'warf ir stric'; Personifikation moeglich, Artikel spricht fuer NOM.";dô ir ougen santen mir ir lôsen blic , / sâ zehant diu **minne** ir stric warf an mich tougen . / güetlich grüezen wart mir an der selben stunt :
UVW.tei.xml;UVW_340200400_2;minne;4;REVIEW;confidence;nein;;;;;;;lemma_4130;NOM;medium;"'sit diu minne mir gebot': Artikel diu; gebieten liesse auch Personifikation zu.";ich lîd alze grôzen kumber , / sît diu **minne** mir gebôt / dienen alsô reinem wîbe .
UVW.tei.xml;UVW_340400100_0;minne;1;REVIEW;confidence;nein;;;;;;;lemma_4130;NAM;medium;Artikelloses Minne zwingt den Sprecher: handelnde Personifikation.;"ich wil dîn diener sîn . / **minne** twinget âne schulde / mich vil senden siechen man ;"
UVW.tei.xml;UVW_340400500_0;minne;5;REVIEW;confidence;nein;;;;;;;lemma_4130;NAM;medium;Anrede mit Apposition 'liebes fuegerinne' und du-Frage: Frau Minne.;daz ich ruowe nie gewan . / **minne** , liebes füegerinne , / ach war tuost du dîne sinne ?
UVW.tei.xml;UVW_350200200_2;minne;2;REVIEW;confidence;nein;;;;;;;lemma_4130;NOM;medium;"'swem diu minne laze sinne': Artikel diu, Subjekt; Personifikation moeglich.";fröit iuch , fröit iuch , junc und alt ! / swem diu **minne** lâze sinne , / der gewinne sî er balt .
UVW.tei.xml;UVW_370300100_3;minne;1;REVIEW;confidence;nein;;;;;;;lemma_4130;NAM;medium;Artikelloses Minne gibt Freude: handelnde Instanz, Personifikation.;und gar verschamt . / hie vor gap **minne** fröide gewinne / dem mannes sinne dur daz jâr .
UVW.tei.xml;UVW_390000900_1;minne;9;REVIEW;confidence;nein;;;;;;;lemma_4130;NAM;medium;Anrede 'werdiu minne' mit Imperativ 'twinc ir sinne'.;den ich sender tumber hân geseit . / werdiu **minne** , twinc ir sinne , daz si mich / lieplich meine , diu vil reine minneclich .
UVW.tei.xml;UVW_400300500_0;minne;5;REVIEW;confidence;nein;;;;;;;lemma_4130;NAM;medium;Anrede mit Possessiv: 'minne, diz bant stet gar in diner hende'.;daz beschach mir sâ zehant , des wis gemant ! / **minne** , diz bant stêt gar in dîner hende . / nieman wende mich , geloubet mir !
UWL.tei.xml;UWL_10000700_1;minne;7;REVIEW;confidence;nein;;;;;;;lemma_4130;NAM;medium;'frouwe minne' plus Imperativ twinge: Anrede an Frau Minne.;daz ich tumber mînen kumber het vil schier dâ von verklagt . / frouwe **minne** , twinge ir sinne unde ir herze daz si mir / mit ir willen müeze stillen sende nôt diech hân von ir .
UWL.tei.xml;UWL_20003500_1;minne;35;REVIEW;confidence;nein;;;;;;;lemma_4130;NAM;medium;'frouwe minne' als Anrede, Imperativ 'si des twinc'.;ich wil lônen dir , nu sinc ! > / frouwe **minne** , sî des twinc / âne widerwinc !
UWL.tei.xml;UWL_20003700_3;minne;37;REVIEW;confidence;nein;;;;;;;lemma_4130;NAM;medium;Vokativ zwischen 'min sinne' und 'die erouge ich dir': dir meint Minne.;âne widerwinc ! / mîn sinne , **minne** , die erouge ich dir : / verborgen sorgen , sich , daz gîst du mir ,
UWL.tei.xml;UWL_20004000_6;minne;40;REVIEW;confidence;nein;;;;;;;lemma_4130;NAM;medium;Artikelloses Minne als Gebietende: 'sit minne mir gebot'.;wan ich hân von ir / niht mê wan wê , sît **minne** mir gebôt / deich kunne unwunne und senelîche nôt
UWL.tei.xml;UWL_30004500_1;minne;45;REVIEW;confidence;nein;;;;;;;lemma_4130;NOM;medium;'diu minne mir sinne enzucket': Artikel diu, Personifikation moeglich.;dîn êre von sêre sol mich ze fröiden nemen . / diu **minne** mir sinne enzucket mit ungewinne : / est wunder besunder behabe ich den lîp dar under .
UWL.tei.xml;UWL_30008500_0;minne;85;REVIEW;confidence;nein;;;;;;;lemma_4130;NAM;medium;Anrede mit Apposition 'sueze troesterin' und Imperativ tuo.;diu fröide hât von mir fluht . / **minne** , süeze troesterîn , / tuo mir dîne helfe schîn ,
UWL.tei.xml;UWL_30009100_6;minne;91;REVIEW;confidence;nein;;;;;;;lemma_4130;NAM;medium;"Artikelloses Minne als Subjekt von gedenken; Verszeile textlich unsicher.";ich lebe in senender nôt . / mich krenket , versenket , swie **minne** mül niht gedenket . / ê liebe zerkliebe , mîn herze mir gar zerstiebe .
UWL.tei.xml;UWL_30009400_1;minne;94;REVIEW;confidence;nein;;;;;;;lemma_4130;NAM;medium;'wil minne verleiten ... mich': artikelloses Subjekt mit Wollen, Personifikation.;ich bin versêret : diu sorge mir mêret , gedinge si kêret der fröiden dan . / wil **minne** verleiten mit arebeiten mich alsô fröidelôsen man ? / ich hân nu lange mit mînem gesange der fröiden gedrange gevolget nâch .
UWL.tei.xml;UWL_30009600_3;minne;96;REVIEW;confidence;nein;;;;;;;lemma_4130;NOM;medium;'des ist diu minne min meisterinne': Artikel diu, Personifikation moeglich.;"ich hân nu lange mit mînem gesange der fröiden gedrange gevolget nâch . / des ist diu **minne** mîn meisterinne und ist ir leider von mir gâch . / nu singen , nu singen ; dannoch harte erspringen"
UWL.tei.xml;UWL_40005400_2;minne;54;REVIEW;confidence;nein;;;;;;;lemma_4130;NOM;medium;'sit diu minne truren mir gebot': Artikel diu, Personifikation moeglich.;ez ist ein nôt , sol ich den tôt alsus verdienet hân , / sît diu **minne** trûren mir gebôt . / diu minne stoeret unde toeret mich ân allen wân ,
UWL.tei.xml;UWL_40005500_1;minne;55;REVIEW;confidence;nein;;;;;;;lemma_4130;NOM;medium;'diu minne stoeret unde toeret mich': Artikel diu, Personifikation moeglich.;sît diu minne trûren mir gebôt . / diu **minne** stoeret unde toeret mich ân allen wân , / sît daz sî mich niht enhoeret .
UWL.tei.xml;UWL_40007200_1;minne;72;REVIEW;confidence;nein;;;;;;;lemma_4130;NAM;medium;'e minne mich ertoete': minne ist Subjekt zu ertoete, handelnde Instanz.;dîn munt nâch roete var von noete neme daz herze mîn , / ê **minne** mich ertoete . / nu sich dar zuo , est niht ze fruo , vil reine ein sælic wîp ,
UWL.tei.xml;UWL_40011200_2;minne;112;REVIEW;confidence;nein;;;;;;;lemma_4130;NAM;medium;'git mir minne kleinen rat': artikelloses Minne als handelndes Subjekt.;daz mich mîn werben niht vervât , / gît mir **minne** kleinen rât , / mîn muot dar inne trûric stât
UWL.tei.xml;UWL_40012500_1;minne;125;REVIEW;confidence;nein;;;;;;;lemma_4130;NOM;medium;'diu minne in sinne mir gebot': Artikel diu, Personifikation moeglich.;erlân mich herzeclîcher nôt : / diu **minne** in sinne mir gebôt / daz ich hân kumber ûf den tôt .
UWL.tei.xml;UWL_50000100_0;minne;1;REVIEW;confidence;nein;;;;;;;lemma_4130;NAM;medium;'minne twinget mich mit al ir kraft': artikellose handelnde Zwingerin.;nu ist der seite enzwei . / **minne** twinget mich mit al ir kraft daz ich / aber singe von der lieben frouwen mîn
UWL.tei.xml;UWL_50000500_0;minne;5;REVIEW;confidence;nein;;;;;;;lemma_4130;NAM;medium;Anrede mit du-Frage: 'minne, wilt du mir ... kumber wenden?'.;machen ringe mir den pîn . / **minne** , wilt du mir nâch mînes herzen gir / kumber wenden ? ach wan kæme ez doch alsô !
UWL.tei.xml;UWL_50000900_0;minne;9;REVIEW;confidence;nein;;;;;;;lemma_4130;NAM;medium;'minne mac dem man ... trost erzeigen': artikelloses handelndes Subjekt.;helfe senden für die drô . / **minne** mac dem man dem sî des vil wol gan / trôst erzeigen , dem siz willeclîchen tuot .
UWL.tei.xml;UWL_50001300_0;minne;13;REVIEW;confidence;nein;;;;;;;lemma_4130;NAM;medium;Anrede mit Imperativen: 'minne, tuoz durch zuht und twinc'.;sî wil neigen mir den muot . / **minne** , tuoz durch zuht und twinc die reinen fruht , / daz si meine mich ûf herzelieben trôst .
UWL.tei.xml;UWL_50001700_0;minne;17;REVIEW;confidence;nein;;;;;;;lemma_4130;NOM;medium;"'minne ist so gestalt und so manicvalt': Aussage ueber die Liebe; Umfeld redet Minne an.";obe ich seine wirde erlôst . / **minne** ist sô gestalt und sô manicvalt : / sô sî mich machet alt , dar zuo bin ich gezalt
UWL.tei.xml;UWL_50002000_0;minne;20;REVIEW;confidence;nein;;;;;;;lemma_4130;NAM;medium;Anrede mit Imperativ: 'minne, hilf enzit'.;von ir schulden , sî tuot mir sô wê . / **minne** , hilf enzît , sît mir sorge nît / gar âne widerstrît nâhe dem herzen lît :
UWL.tei.xml;UWL_50002300_0;minne;23;REVIEW;confidence;nein;;;;;;;lemma_4130;NAM;medium;Anrede mit Imperativ und Possessiv: 'tuo nu schin dur die fuoge din'.;ich muoz dulden sende klage . / **minne** , tuo nu schîn dur die fuoge dîn , / sûl ich dîn eigen sîn , fröide dem herzen mîn
UWL.tei.xml;UWL_50002600_0;minne;26;REVIEW;confidence;nein;;;;;;;lemma_4130;NAM;medium;Anrede mit Imperativ: 'minne, ... mache mich froiden vol'.;eteswenne , daz mir leit zergê . / **minne** , sît ich dol grôzer sorgen zol , / mache mich fröiden vol , sît ich rehte wol
UWL.tei.xml;UWL_50002900_0;minne;29;REVIEW;confidence;nein;;;;;;;lemma_4130;NAM;medium;Anrede mit Imperativ und du: 'sit du mich niht troesten wilt'.;leit erkenne mange tage . / **minne** , hilf enzît ! mîn fröide nider lît / nû vil lange , sît du mich niht troesten wilt .
UWL.tei.xml;UWL_50003300_0;minne;33;REVIEW;confidence;nein;;;;;;;lemma_4130;NAM;medium;Anrede mit Imperativ: 'minne, tuo min war'.;mit gesange her gezilt . / **minne** , tuo mîn war , ald ich stên fröiden bar / iemer mêre , swâ ich in dien landen bin .
UWL.tei.xml;UWL_50003700_2;minne;37;REVIEW;confidence;nein;;;;;;;lemma_4130;NAM;medium;Anrede 'ach herzeliebe minne' mit Imperativ 'nim war'.;durch dîn êre mir den sin ! / ach herzeliebe **minne** , nim war wie gar mîne sinne / stellent ûf die gewinne daz fröiden mir niht zerrinne .
UWL.tei.xml;UWL_50005200_7;minne;52;REVIEW;confidence;nein;;;;;;;lemma_4130;NAM;medium;'mich minne da vor behuete': minne ist Subjekt des Wunschsatzes, handelnd.;trût , lâ mich mîn gemüete ougen tougen dîn güete , / ê daz ich sender wüete : mich **minne** dâ vor behüete . / sol mir dîn süeze sûren , mîn muot der tuot niht wan trûren .
UWL.tei.xml;UWL_50005700_13;minne;57;REVIEW;confidence;nein;;;;;;;lemma_4130;NOM;medium;'schulde machet mir niht wan diu minne': Artikel diu, Personifikation moeglich.;dîne blicke mîdent mich dicke , schricke sint mir gevære . / owê wâfen ! strâfen ich dulde : schulde machet mir niht wan diu **minne** , / frouwe , sweine die nôt al eine , meine noch mîne sinne !
UWL.tei.xml;UWL_50006300_3;minne;63;REVIEW;confidence;nein;;;;;;;lemma_4130;NAM;medium;Vokativ inmitten der Imperativkette 'ouge mir, minne, gewinne'.;ez ist ein nôt , sol ich alsus verderben . / ouge mir , **minne** , gewinne , niht sinne mir swache ! / rôse in dem touwe , nu schouwe mich , frouwe , unde lache !
UWL.tei.xml;UWL_50008100_0;minne;81;REVIEW;confidence;nein;;;;;;;lemma_4130;NAM;medium;Anrede mit Imperativ: 'minne, tuo minneclich ... fueege mich'.;und fröi mich herzeclîche . / **minne** , tuo minneclich , / ze liebe lieplich füege mich
VBU.tei.xml;VBU_500100100_6;minne;1;REVIEW;confidence;nein;;;;;;;lemma_4130;NAM;medium;'frou minne' als Anrede mit ihr-Frage 'war tuont ir iuwer sinne?'.;mîn herze von ir niht enwil . / wan sagent ir mir , frou **minne** , / war tuont ir iuwer sinne ?
VBU.tei.xml;VBU_500101000_1;minne;10;REVIEW;confidence;nein;;;;;;;lemma_4130;NAM;medium;'frou minne, ir welt iuch swachen': Anrede an die Personifikation.;ez zimt niht edelen wîben wol . / frou **minne** , ir welt iuch swachen , / sît daz man iuch mit rehter fuoge niht erwerben sol .
VIR.tei.xml;VIR_34911_1;minne;11;REVIEW;confidence;nein;;;;;;;lemma_4130;NAM;medium;Minne kommt geflossen, traegt das Seil in der Hand und bindet Ritter: handelnde Figur.;mit dem sô kam gevlozzen / diu **minne** und brâhte in ir hant / ûz rehter liebe der minnen seil ,
VIR.tei.xml;VIR_97301_0;minne;1;REVIEW;confidence;nein;;;;;;;lemma_4130;NOM;medium;"Subjekt der Sentenz 'minne ist kreftec sam der tot'; Personifikation klingt an.";von vröude wurde er schiere gesunt . / **minne** ist kreftec sam der tôt . / sî vindet unde machet nôt
VIR.tei.xml;VIR_100511_1;minne;11;REVIEW;confidence;nein;;;;;;;lemma_4130;NAM;medium;Minne wendet sich an ihn, schliesst Herz und Mut und bindet Ritter: handelnde Figur.;sî was in sîme schîne . / diu **minne** was an in gewant : / si beslôz im herze unde muot ,
VIR.tei.xml;VIR_103010_1;minne;10;REVIEW;confidence;nein;;;;;;;lemma_4130;NOM;medium;"Subjekt mit Artikel 'diu minne wil iu nahen'; leicht personifiziert gebraucht.";< machent al iuwer hâr reit : / diu **minne** wil iu nâhen . / dâ kumet der edele vürste dar ,
VOB.tei.xml;VOB_50400100_0;minne;1;REVIEW;confidence;nein;;;;;;;lemma_4130;NAM;medium;Artikellos am Versanfang, handelnd: 'minne tuot unminnecliche mir', 'si betwinget'.;des si leider mir erban . / **minne** tuot unminneclîche / mir an ir die ich dâ minne :
VSA.tei.xml;VSA_30100100_0;minne;1;REVIEW;confidence;nein;;;;;;;lemma_4130;NAM;medium;Direkte Anrede mit 'bist du' und Bitte 'so hilf mir': angerufene Figur.;doch , swie kleine ez mich vervât . / **minne** , bist du , sô man seit , gewaltic guoter wîbe , / sô hilf mir enzît : mich twinget nôt .
VSU.tei.xml;VSU_30100100_2;minne;1;REVIEW;confidence;nein;;;;;;;lemma_4130;NAM;medium;Anrede mit du: 'vil sueziu minne, du hast mich betwungen'.;des gedingen wolte ich aber leben . / vil süeziu **minne** , dû hâst mich betwungen , / daz ich muoz singen der vil minneclîchen ,
WEL.tei.xml;WEL_7211_2;minne;11;REVIEW;confidence;nein;;;;;;;lemma_4130;NOM;medium;"Subjekt mit Artikel in 'hat diu minne an saelden teil'; Personifikation moeglich.";der tac wil niht erwinden . / hât diu **minne** an sælden teil , / diu helfe mir daz ich dich noch
WGA.tei.xml;WGA_118600_5;minne;1186;REVIEW;confidence;nein;;;;;;;lemma_4130;NAM;medium;'mit der vrouwen minne' spielen, und 'si' fuehrt ihn fort: Personifikation moeglich.;alsam vert der der âne sinne / wænt spiln mit der vrouwen **minne** . / si vüert in hin über die boume ,
WGL.tei.xml;WGL_41390_1;minne;4139;REVIEW;confidence;nein;;;;;;;lemma_4130;NAM;medium;'vrou minne vie den riter': Anrede-Titel plus handelnde Figur, Personifikation.;gap er ir tougenlîche dâ . / vrou **minne** vie den rîter sâ / und zôch in in ir hamît
WGL.tei.xml;WGL_41530_1;minne;4153;REVIEW;confidence;nein;;;;;;;lemma_4130;NAM;medium;'vrou minne nam in mit ir kraft': Personifikation als handelnde Figur.;dô er die schoenen alrêrst sach . / vrou **minne** nam in mit ir kraft / und zôch in in ir meisterschaft
WGL.tei.xml;WGL_54650_2;minne;5465;REVIEW;confidence;nein;;;;;;;lemma_4130;NOM;medium;'gap diu minne guoten muot': Artikel, appellativisch, wenn auch handelnd gedacht.;dem vil übeln wîbe / gap diu **minne** guoten muot , / als si noch vil mangem tuot ,
WGL.tei.xml;WGL_77480_3;minne;7748;REVIEW;confidence;nein;;;;;;;lemma_4130;NOM;medium;'als si diu minne lerte': Artikel, appellativisch trotz handelnder Rolle.;"mit liebe si an in kêrte , / als si diu **minne** lêrte . / herzeliebe ist arbeit ;"
WGL.tei.xml;WGL_81000_5;minne;8100;REVIEW;confidence;nein;;;;;;;lemma_4130;NAM;medium;Direkte Anrede 'owe, minne' mit Possessiv 'din suezer nam'.;daz herze und sîne sinne . / er sprach < owê , **minne** , / gêret sî dîn süezer nam !
WGL.tei.xml;WGL_81100_1;minne;8110;REVIEW;confidence;nein;;;;;;;lemma_4130;NAM;medium;'vrouwe minne, ich muoz sin din gevangen': Anrede der Personifikation.;"enmitten durch daz herze mîn ! / vrouwe **minne** , ich muoz sîn / dîn gevangen ; du hâst mich gar"
WGL.tei.xml;WGL_89670_1;minne;8967;REVIEW;confidence;nein;;;;;;;lemma_4130;NOM;medium;'diu minne sin herze het versniten': Artikel, appellativisch trotz Agens-Rolle.;"dô er zuo ir kam geriten ; / diu **minne** sîn herze hêt versniten . / ir schoeniu varwe ouch wandel nam ;"
WGL.tei.xml;WGL_94740_3;minne;9474;REVIEW;confidence;nein;;;;;;;lemma_4130;NOM;medium;'sus versigelt diu minne da': Artikel, appellativisch trotz Agens-Rolle.;ouch was sîn wille der vrouwen jâ . / sus versigelt diu **minne** dâ / mit herzeliebe ir herze enein
WGL.tei.xml;WGL_102240_5;minne;10224;REVIEW;confidence;nein;;;;;;;lemma_4130;NAM;medium;Direkte Anrede 'wol dir, minne' und 'du twingest': Personifikation.;den ir grôziu schoene sluoc . / owê und wol dir , **minne** ! / du twingest die küniginne
WME.tei.xml;WME_60300700_1;minne;7;REVIEW;confidence;nein;;;;;;;lemma_4130;NOM;medium;Subjekt zu minnet mit Objekt widerminne, abstrakter Begriff.;sô triuwe ich wirt ir rehte kunt , / wie **minne** widerminne minnet / und wie diu liebe mit der wâge liebe gelten muoz .
WME.tei.xml;WME_80300600_1;minne;6;REVIEW;confidence;nein;;;;;;;lemma_4130;NAM;medium;Anrede frou minne mit Imperativ erbarme dich, Personifikation.;swiez dar umbe mir ergât , ich wil doch bî ir blîben . / frou **minne** , nû erbarme dich , du weist wol wiez mir stât . / hæten nû die bluomen den gewalt
WRB.tei.xml;WRB_10402000_5;minne;2;REVIEW;confidence;nein;;;;;;;lemma_4130;NOM;medium;"Artikel die, Subjekt zu pracht; abstrakte Groesse, keine Figurenrede.";bis hincz auf die dritten nacht . / da pracht in zuo die **minne** , / er gdacht in seinem sinne :
WRB.tei.xml;WRB_15233000_4;minne;33;REVIEW;confidence;nein;;;;;;;lemma_4130;NAM;medium;Die obrest minne als chuengin, die dem Ich erscheint: Personifikation.;ein traum gevie die sinne , / dar inn die obrest **minne** / ein chüngin allen frawen gmäin
WRW.tei.xml;WRW_1480000_5;minne;1480;REVIEW;confidence;nein;;;;;;;lemma_4130;NOM;medium;"Artikel die, Subjekt zu pracht; abstrakte Groesse, keine Figurenrede.";"bis hintz auf die dritten nacht . / do pracht in zuo die **minne** ; / er gdacht in seinem sinne :"
WRW.tei.xml;WRW_2288000_4;minne;2288;REVIEW;confidence;nein;;;;;;;lemma_4130;NAM;medium;Die obrest minne als chuengin, die dem Ich erscheint: Personifikation.;ein traum gevie die sinne , / dar inn die obrest **minne** , / ein chüngin allen frawen gmain ,
WUT.tei.xml;WUT_5824_1;minne;24;REVIEW;confidence;nein;;;;;;;lemma_4130;NAM;medium;'frô minne' als handelnde Figur, die zeigt: Personifikation.;ungebeten sô zartlîchen : / frô **minne** zeigt , daz sî rîchen / in minn in kund als ir geviel .
WUT.tei.xml;WUT_7414_6;minne;14;REVIEW;confidence;nein;;;;;;;lemma_4130;NOM;medium;"Sachobjekt bei 'lêren' (den lêrest dû sô minne); Infinitiv waere 'minnen'.";"swer dich minnet âne sinne ; / minn , den lêrest dû sô **minne** , / ( und ist er niht vil wol gesinnet ) ,"
WUT.tei.xml;WUT_8816_1;minne;16;REVIEW;confidence;nein;;;;;;;lemma_4130;NAM;medium;'frowe minne' als handelnde Figur bei den Liebenden: Personifikation.;wart niht swach von den zwein . / frowe **minne** het mit in gemein , / dô si kômen an dez bette .
WUT.tei.xml;WUT_10107_1;minne;7;REVIEW;confidence;nein;;;;;;;lemma_4130;NAM;medium;'frô minne' sieht den zweien zu: handelnde Personifikation.;willehelm sitzet sînen saelden bî . / frô **minne** den zweien hie zuo siht , / von der helf vil lîht ein blik geschiht .
WUT.tei.xml;WUT_10221_1;minne;21;REVIEW;confidence;nein;;;;;;;lemma_4130;NAM;medium;'frô minne treip die lieb': Anrede-Titel plus handelndes Subjekt.;in lie diu lieb niht genesen , / frô **minne** treip die lieb ie dar . / diu künigin nam ouch der war :
WUT.tei.xml;WUT_10223_5;minne;23;REVIEW;confidence;nein;;;;;;;lemma_4130;NOM;medium;"Artikel 'diu' als Subjekt zu 'twanc'; Personifikation moeglich, aber ohne 'frô'.";diu künigin nam ouch der war : / sî twanc vil oft diu **minne** , / daz sî gedâht in ir sinne :
WUT.tei.xml;WUT_10911_0;minne;11;REVIEW;confidence;nein;;;;;;;lemma_4130;NOM;medium;"Subjekt zum finiten 'minnet' im Wortspiel; kein Verbindikator am Token.";minne wunder hie geschiht : / **minne** hie minnet âne minne . / hât hie minne gên minne sinne ?
WUT.tei.xml;WUT_12908_1;minne;8;REVIEW;confidence;nein;;;;;;;lemma_4130;NAM;medium;Minne handelt ('lât ... huot') im direkt angeredeten Minne-Passus.;zwei herz , zwô sêl , ein lîp , ein muot . / lât **minne** nû hie liebes huot ? / daz ir minnsüez iht hie übersûr
WUT.tei.xml;WUT_12911_4;minne;11;REVIEW;confidence;nein;;;;;;;lemma_4130;NAM;medium;Vokativ im Imperativsatz 'nû hilf ir, minne': Anrufung der Frau Minne.;unminne , ein boeser nâchgebûr ! / nû hilf ir , **minne** , diu nû stêt / in minnelieb , swie ez ergêt !
WUT.tei.xml;WUT_13015_4;minne;15;REVIEW;confidence;nein;;;;;;;lemma_4130;NOM;medium;Nominale Fügung 'liep minne' als Subjekt zu 'erlât'.;und hât er nû kraft dehein , / sô erlât in liep **minne** niht . / si sâzen , alse daz maere giht ,
WUT.tei.xml;WUT_13110_1;minne;10;REVIEW;confidence;nein;;;;;;;lemma_4130;NOM;medium;"Artikel 'diu' vor der Form; appellativisches Subjekt.";der heiden ald der kristen ? / diu **minne** kunde des niht vristen , / hie was minnesüez und minnegedanc :
WUT.tei.xml;WUT_14231_0;minne;31;REVIEW;confidence;nein;;;;;;;lemma_4130;NOM;medium;Nominale Fuegung 'minne guot' als Subjekt zu 'jeit'.;arabel , diu ê vaste streit , / **minne** guot z'erbarmunge jeit . / nû nam sî der heiden fianz .
WUT.tei.xml;WUT_14829_0;minne;29;REVIEW;confidence;nein;;;;;;;lemma_4130;NOM;medium;Abstraktes Subjekt zu 'kunde ... fürhten', keine Anrede.;fröude aldâ für angest wag , / **minne** kunde ir dâ fürhten niht . / lîhte hie alsam geschiht ,
WUT.tei.xml;WUT_15304_2;minne;4;REVIEW;confidence;nein;;;;;;;lemma_4130;NOM;medium;Nominale Fuegung 'arabel minne' bei 'ergetzet'.;der in an fröuden letzet / und arabel **minne** ergetzet . / ich sende in heim mit herzensêr .
WUT.tei.xml;WUT_17103_2;minne;3;REVIEW;confidence;nein;;;;;;;lemma_4130;NOM;medium;"Artikel 'diu' davor; appellativisches Subjekt zu 'tet kunt'.";arabel minneclîchez sehen , / daz diu **minne** tet dem markîs kunt . / ir vil rôsenrôter munt
WUT.tei.xml;WUT_18920_0;minne;20;REVIEW;confidence;nein;;;;;;;lemma_4130;NOM;medium;Abstraktes Subjekt zu 'wil ... stân', keine Anrede oder Titel.;jâ kan ir kûme missegân . / **minne** wil ie in liebe stân : / er gesiget oft , der sî treit . >
WUT.tei.xml;WUT_20323_2;minne;23;REVIEW;confidence;nein;;;;;;;lemma_4130;NAM;medium;Vokativ 'wol, minne': direkte Anrufung der Minne.;< ô wol dir , minnegernder vlust ! / wol , **minne** , dîner minne gevider ! / mîn kint dîn minne mir brâht herwider ! >
WUT.tei.xml;WUT_22410_1;minne;10;REVIEW;confidence;nein;;;;;;;lemma_4130;NAM;medium;'frô minne' als handelnde Frau Minne, parallel zu 'fron vênus'.;und ûz dem karcher was gezogen ? / frô **minne** het in niht betrogen : / er het hie minne und minnet niht .
WUT.tei.xml;WUT_23714_1;minne;14;REVIEW;confidence;nein;;;;;;;lemma_4130;NOM;medium;"Subjekt zu 'twang'; abstrakt gebraucht, ohne Titel oder Anrede.";biz daz sî solte ze schiffe gân . / swen **minne** ie twang , der sol verstân , / ob mich iht minne twunge dâ ,
WUT.tei.xml;WUT_23715_3;minne;15;REVIEW;confidence;nein;;;;;;;lemma_4130;NOM;medium;Subjekt zu 'twunge' im Nebensatz mit 'mich' als Objekt.;swen minne ie twang , der sol verstân , / ob mich iht **minne** twunge dâ , / dô ich ir lag ân huote nâ ,
WUT.tei.xml;WUT_26028_2;minne;28;REVIEW;confidence;nein;;;;;;;lemma_4130;NOM;medium;"Artikel 'diu' vor dem Substantiv; handelndes Subjekt, Personifikation denkbar.";darinne ein rîch bette stuont / daran diu **minne** unminne suont / zwischen tybalt und der künigîn .
WUT.tei.xml;WUT_27031_3;minne;31;REVIEW;confidence;nein;;;;;;;lemma_4130;NOM;medium;"Artikel 'diu', aber handelndes Subjekt zu 'wil'; Personifikation moeglich.";nû lâgen hie der minne gespil , / mit den diu **minne** süezen wil . / iegelîcher wirt lag hie eine .
WUT.tei.xml;WUT_28213_3;minne;13;REVIEW;confidence;nein;;;;;;;lemma_4130;NOM;medium;"Artikel 'diu', doch handelndes Subjekt zu 'geweidet'; Personifikation denkbar.";vil manig ouge sich vergaz , / sus hât diu **minne** an ir geweidet . / wie sî was hie gekleidet ,
WUT.tei.xml;WUT_28319_1;minne;19;REVIEW;confidence;nein;;;;;;;lemma_4130;NOM;medium;Subjekt ohne Artikel zu 'barg', in allegorischem Kontext auch als Figur lesbar.;sus wart man eines dâ inne , / daz **minne** dar durch minne barg . / er müeste sîn an witzen karg ,
WUT.tei.xml;WUT_30309_1;minne;9;REVIEW;confidence;nein;;;;;;;lemma_4130;NOM;medium;"Subjekt zu 'geborget het'; im allegorischen Umfeld auch als Figur denkbar.";ir beider liep wart nû wette , / die **minne** dar geborget het . / nû hoeret mir : diz ergêt ,
WUT.tei.xml;WUT_30316_1;minne;16;REVIEW;confidence;nein;;;;;;;lemma_4130;NOM;medium;"Artikel 'diu', aber handelndes Subjekt zu 'kôs'; Personifikation moeglich.";der beider phant wart nû lôs . / diu **minne** hie solhe liebe kôs , / daz minne lieb wart hie wan .
WUT.tei.xml;WUT_30322_0;minne;22;REVIEW;confidence;nein;;;;;;;lemma_4130;NOM;medium;"Subjekt zu 'het pfliht'; in der Allegorie-Passage auch als Figur lesbar.";nâch franzoyser sit doch niht ? / **minne** het beidenthalp hie pfliht : / ich frâget die kiusche , ob minne dâ waere ?
WUT.tei.xml;WUT_30514_2;minne;14;REVIEW;confidence;nein;;;;;;;lemma_4130;NAM;medium;Mit 'kiusche' koordiniert als Sprecherin: 'ir rede nû lie', also Personifikation.;minne dort und minne hie . > / kiusche und **minne** ir rede nû lie : / ez mohte wol sîn als minne saget .
WUT.tei.xml;WUT_30515_5;minne;15;REVIEW;confidence;nein;;;;;;;lemma_4130;NAM;medium;'als minne saget': redende Figur im Dialog mit der Kiusche.;kiusche und minne ir rede nû lie : / ez mohte wol sîn als **minne** saget . / do der beider liep in minne betaget ,
WUT.tei.xml;WUT_31016_1;minne;16;REVIEW;confidence;nein;;;;;;;lemma_4130;NAM;medium;'frô minne' als handelnde Figur, die den Liebesstrick gürtet.;von dem markýs vil manegen blik . / frô **minne** hât ir liebe strik / gegurt umbe die gelieben zwei .
WUT.tei.xml;WUT_31816_1;minne;16;REVIEW;confidence;nein;;;;;;;lemma_4130;NOM;medium;"Subjekt zu 'locke' mit Objekt 'si'; Personifikation nicht auszuschliessen.";daz ir wirt ein ander tocke , / der **minne** si ze hôher liebe locke , / danne ir dehein tocke tuo .
WUT.tei.xml;WUT_33910_1;minne;10;REVIEW;confidence;nein;;;;;;;lemma_4130;NAM;medium;'vro minne' als handelnde Figur, die mit ihrem Minnefeuer die Maget entzuendet.;gelîch geteilt was ir schîn . / vrô **minne** dar wart , daz muost nû sîn : / ir minnefiur die maget enzunt .
WUT.tei.xml;WUT_34530_0;minne;30;REVIEW;confidence;nein;;;;;;;lemma_4130;NOM;medium;"Subjekt zu 'beschiet'; personifizierende Lesart moeglich, aber ohne 'vrouwe'-Marker.";und durch liebe spiegel dich erriet . / **minne** mir von dir vil lieb beschiet . >
WVB.tei.xml;WVB_10100200_1;minne;2;REVIEW;confidence;nein;;;;;;;lemma_4130;NOM;medium;"Nominal im Satz mit 'hat ... braht'; Subjekt- oder Objektrolle, Verb ist ausgeschlossen.";"ûz hôher âventiure ein süeze werdekeit / hât **minne** an mir ze liehte brâht ; / ich siufte ûz herzeliebe , swenne ich denke dar ,"
WVB.tei.xml;WVB_10400100_1;minne;1;REVIEW;confidence;nein;;;;;;;lemma_4130;NOM;medium;"Artikel 'diu' davor; sie 'strafen' laesst aber eine Personifikation zu.";daz leit was frô , diu liebe klaget . / diu **minne** endarf mich strâfen ruomes , zwâr sin darf : / swie gar ich umbevangen hete
WVG.tei.xml;WVG_301001000_0;minne;1;REVIEW;confidence;nein;;;;;;;lemma_4130;NAM;medium;Direkte Anrede mit 'ir habt mich so beswaeret': personifizierte Frau Minne.;danne man ie gesunge , gelunge mir dâ , mîn leit wær anderswâ . / **minne** , ir habt mich sô beswæret / daz ich âne fröide bin .
WVG.tei.xml;WVG_302001000_0;minne;1;REVIEW;confidence;nein;;;;;;;lemma_4130;NAM;medium;Anrede mit Imperativ 'volget miner lere': Minne als angeredete Figur.;daz der fremde an iu verzaget . / **minne** , volget mîner lêre , / tuot an iuwern friunden baz :
WVH.tei.xml;WVH_102009000_0;minne;9;REVIEW;confidence;nein;;;;;;;lemma_4130;NAM;medium;Vokativ mit anschliessendem 'du maht mich baz betwingen'.;si ist sô guot . / **minne** , du maht mich baz betwingen / dann ieman tuot .
WVH.tei.xml;WVH_103009000_0;minne;9;REVIEW;confidence;nein;;;;;;;lemma_4130;NAM;medium;Vokativ mit anschliessendem 'du maht mich baz betwingen'.;si ist sô guot . / **minne** , du maht mich baz betwingen / dann ieman tuot .
WVO.tei.xml;WVO_66200_5;minne;662;REVIEW;confidence;nein;;;;;;;lemma_4130;NAM;medium;Apposition zur Goettin Venus, die handelt ('diu wolt in han ze dienstman'): Personifikation.;"wildehelme in dem sinne ! / ez tet venus , diu **minne** , / diu wolt in han ze dienstman ;"
WVO.tei.xml;WVO_68000_1;minne;680;REVIEW;confidence;nein;;;;;;;lemma_4130;NOM;medium;"Artikel 'diu' plus Subjektposition; agentische Metaphorik (Netz), Personifikation moeglich.";sin hertze von der angesiht : / diu **minne** het mir ir pfliht / zesamen si gepflihtet ,
WVO.tei.xml;WVO_162000_0;minne;1620;REVIEW;confidence;nein;;;;;;;lemma_4130;NAM;medium;Minne und Natur bitten den Erzaehler: handelnde Figuren der Allegorie.;und an den rehten ernst treten . / **minne** und natur hant mich gebeten / ich suelle gar vlizzeclichen sagen
WVO.tei.xml;WVO_163100_3;minne;1631;REVIEW;confidence;nein;;;;;;;lemma_4130;NAM;medium;"Neben Natur Subjekt des Bittens; 'si baidiu sint so maehtic': personifiziertes Paar.";als natur mich gebeten hat / und auch diu **minne** andaehtic . / si baidiu sint so maehtic
WVO.tei.xml;WVO_163700_3;minne;1637;REVIEW;confidence;nein;;;;;;;lemma_4130;NAM;medium;Geht 'mit der natur ze rate': Minne agiert als Figur der Allegorie.;iedoch ich in dem sinne sach / wie diu suezze **minne** hie / mit der natur ze rate gie
WVO.tei.xml;WVO_166400_3;minne;1664;REVIEW;confidence;nein;;;;;;;lemma_4130;NOM;medium;"Artikel 'diu' plus Subjekt zu 'braht'; allegorische Personifikation nicht auszuschliessen.";die lebten in ir andaht , / biz ez diu **minne** dar zu braht / daz ir gemuete wart bewegt
WVO.tei.xml;WVO_168400_3;minne;1684;REVIEW;confidence;nein;;;;;;;lemma_4130;NOM;medium;"Mit 'natur' koordiniertes Subjekt zu 'gerait'; Kontext bleibt abstrakt (minne spil).";in vremde von ir kinthait , / biz natur und **minne** gerait / ir tage dar biz uf daz zil
WVO.tei.xml;WVO_181500_2;minne;1815;REVIEW;confidence;nein;;;;;;;lemma_4130;NAM;medium;Direkte Anrufung mit Imperativ: 'geheret minne, nu rate zuo!'.;des ward in vraeuden vil benomen . / < geheret **minne** , nu rate zuo ! / der natur helfe tuo ,
WVO.tei.xml;WVO_183100_2;minne;1831;REVIEW;confidence;nein;;;;;;;lemma_4130;NAM;medium;Minne spricht selbst ('sprach diu minne wise') und hat eigene Boten.;< dar uf kan ich ainen sin > , / sprach diu **minne** wise , / < daz hainlich und lise
WVO.tei.xml;WVO_188600_1;minne;1886;REVIEW;confidence;nein;;;;;;;lemma_4130;NOM;medium;"Artikel 'diu' plus Subjekt zu 'erluehten'; bildliche Rede, Personifikation moeglich.";in welle denne erluehten / diu **minne** und auch erfuehten / die habe da er inne stat ,
WVO.tei.xml;WVO_189200_3;minne;1892;REVIEW;confidence;nein;;;;;;;lemma_4130;NAM;medium;Minne gewaehrt der Natur die erbetene Hilfe: handelnde Figur im Dialog.;ane schaden buezze ! / sam tet diu **minne** suezze , / an die diu nature gert
WVO.tei.xml;WVO_189700_3;minne;1897;REVIEW;confidence;nein;;;;;;;lemma_4130;NAM;medium;Minne ist 'berait' und gibt Aglye und Ryal Rat: personifizierte Handlungstraegerin.;mit ainem cluogen funde / was berait diu **minne** / und gab do ze sinne
WVO.tei.xml;WVO_190700_2;minne;1907;REVIEW;confidence;nein;;;;;;;lemma_4130;NAM;medium;Minne fuegt die Kunst, neben Amor und Venus als handelnde Gestalt.;daz was ein hovelichiu kunst , / die diu **minne** fuogt alsus : / amor und venus
WVO.tei.xml;WVO_207500_4;minne;2075;REVIEW;confidence;nein;;;;;;;lemma_4130;NAM;medium;Vokativische Anrufung mit Imperativ: 'dar zuo mir, minne, stiure gip!'.;sid ich nu gern rain schribe , / dar zuo mir , **minne** , stiure gip ! / wirt ez ze grob durch daz sip ,
WVO.tei.xml;WVO_261700_3;minne;2617;REVIEW;confidence;nein;;;;;;;lemma_4130;NOM;medium;"Genitivattribut 'der minne kint' (Cupido); mythologische Personifikation moeglich.";denne zwischen walwan und ir / gefueget hat der **minne** kint / cupido daz under bint :
WVO.tei.xml;WVO_266600_4;minne;2666;REVIEW;confidence;nein;;;;;;;lemma_4130;NAM;medium;Direkte Anrufung 'sueziu minne!' mit folgendem Imperativ 'aeuge dine fuoge'.;und nam sin do dehaine war . / nu dar , sueziu **minne** ! nu dar ! / aeuge dine fuoge ,
WVO.tei.xml;WVO_266900_1;minne;2669;REVIEW;confidence;nein;;;;;;;lemma_4130;NOM;medium;"Subjekt der Frage 'ist minne noch diu si ie was?'; Personifikation im Kontext moeglich.";der du doch kanst genuoge ! / ist **minne** noch diu si ie was ? / ja , si ist ein spiegel glas ,
WVO.tei.xml;WVO_267600_4;minne;2676;REVIEW;confidence;nein;;;;;;;lemma_4130;NAM;medium;Direkte Anrede mit Pronomen 'du': 'alsam du, sueziu minne, bist'.;ze reht als er geschaffen ist . / alsam du , sueziu **minne** , bist / ein durchluehtic spiegel glantz :
WVO.tei.xml;WVO_294200_3;minne;2942;REVIEW;confidence;nein;;;;;;;lemma_4130;NAM;medium;Anrede 'vrawe minne' mit Frage an die Angeredete.;so schin ich lugehafter . / nu , vrawe **minne** , wie schaffter / daz dem jungen ryal
WVO.tei.xml;WVO_372400_5;minne;3724;REVIEW;confidence;nein;;;;;;;lemma_4130;NAM;medium;Anrufung neben 'aventuer' mit folgendem Imperativ 'sehet vlizzeclich zu'.;vor unmaht kainer sinne . / < nu , aventuer ! **minne** ! / sehet vlizzeclich zu in
WVO.tei.xml;WVO_446900_1;minne;4469;REVIEW;confidence;nein;;;;;;;lemma_4130;NAM;medium;Anrufung 'nu minne und aventuere!' mit Imperativ 'gebt stuere'.;uf aventuer stuont sin sin . / nu **minne** und aventuere ! / nu dar ! gebt stuere
WVO.tei.xml;WVO_540600_0;minne;5406;REVIEW;confidence;nein;;;;;;;lemma_4130;NAM;medium;Direkte Anrede 'minne, suezziu kuenginne!' mit anschliessendem 'wiltu'.;nu alles liebes fuegerinne , / **minne** , suezziu kuenginne ! / wiltu mir etlich sage
WVO.tei.xml;WVO_541200_1;minne;5412;REVIEW;confidence;nein;;;;;;;lemma_4130;NAM;medium;Minne spricht selbst: 'diu minne sprach' mit woertlicher Rede.;da von hort ich gerne sagen . / diu **minne** sprach : < daz groest clagen / daz ie geschach von lueten ,
WVO.tei.xml;WVO_545000_3;minne;5450;REVIEW;confidence;nein;;;;;;;lemma_4130;NOM;medium;"Klageausruf 'owe, suezziu minne'; Anrede an die Personifikation nicht auszuschliessen.";des hertzen sin truetinne : / owe , suezziu **minne** , / schol ich sin haben mangel ,
WVO.tei.xml;WVO_652500_1;minne;6525;REVIEW;confidence;nein;;;;;;;lemma_4130;NAM;medium;Anrede 'vrau minne' mit direkter Frage 'warumme tuot ir daz?'.;untz si in unmaht hin sanc . / vrau **minne** , warumme tuot ir daz ? / ich bin iu gehaz
WVO.tei.xml;WVO_668900_2;minne;6689;REVIEW;confidence;nein;;;;;;;lemma_4130;NAM;medium;Anruf 'ach, minne' mit anschliessender Bitte um Hilfe beim Tihten.;sines hertzen voller man . / ach , **minne** , kuend ich tihten / so daz ich moeht gerihten
WVO.tei.xml;WVO_674800_3;minne;6748;REVIEW;confidence;nein;;;;;;;lemma_4130;NOM;medium;"Artikelloses Subjekt zu 'enpfremden'; Personifikation moeglich.";sel , lip , hertze , sinne ! / schol mir enpfremden **minne** / den lip nach dem ich also quil ,
WVO.tei.xml;WVO_699400_4;minne;6994;REVIEW;confidence;nein;;;;;;;lemma_4130;NAM;medium;Direkte Anrede 'suezziu minne du' nach dem Imperativ 'gib lere'.;< o we , het in der liebe nu ! / gib lere , suezziu **minne** du , / wie schol ich nu behenden
WVO.tei.xml;WVO_733800_5;minne;7338;REVIEW;confidence;nein;;;;;;;lemma_4130;NAM;medium;Anrede in woertlicher Rede: 'vrau minne, ich bin iu gram'.;huob biz si zuo ir selben kam . / si sprach : < vrau **minne** , ich bin iu gram . / wolt ir gestattet han den mort
WVO.tei.xml;WVO_737300_1;minne;7373;REVIEW;confidence;nein;;;;;;;lemma_4130;NAM;medium;Ausruf mit direkter Anrede: 'ey minne! was list du kanst!'.;das must der minne luoder sin . / ey **minne** ! was list du kanst ! / dem du der hohen wirde ganst ,
WVO.tei.xml;WVO_749800_2;minne;7498;REVIEW;confidence;nein;;;;;;;lemma_4130;NAM;medium;Anrede 'ach minnenclichiu minne' mit Imperativ 'gib helf'.;< ach hertze , lip und sinne ! / ach minnenclichiu **minne** , / gib helf , kunst ze stiur , >
WVO.tei.xml;WVO_850000_1;minne;8500;REVIEW;confidence;nein;;;;;;;lemma_4130;NAM;medium;Direkte Anrufung mit 'owe' und Anrede 'du grienst': Minne als Figur.;hat hertzen sin in iwern dienst ? / owe **minne** ! wie du grienst / manigem in dem hertzen
WVO.tei.xml;WVO_851400_1;minne;8514;REVIEW;confidence;nein;;;;;;;lemma_4130;NAM;medium;Handelnde Minne in der Szene, in der sie kurz darauf selbst spricht.;daz in die ruke brachen niht . / diu **minne** do zesamen schiht / wider die wik herten :
WVO.tei.xml;WVO_852600_1;minne;8526;REVIEW;confidence;nein;;;;;;;lemma_4130;NAM;medium;'diu minne diu leret': lehrende Figur im selben personifizierten Abschnitt.;durch brassel wart gereret . / diu **minne** diu leret / tun dirre taete genuege :
WVO.tei.xml;WVO_853100_1;minne;8531;REVIEW;confidence;nein;;;;;;;lemma_4130;NAM;medium;Imperativische Anrede: 'schaide, werdiu minne, dise zwene!'.;naina , nain , schaide , / werdiu **minne** , dise zwene ! / < wem solt agly und elene
WVO.tei.xml;WVO_853400_2;minne;8534;REVIEW;confidence;nein;;;;;;;lemma_4130;NAM;medium;'sprach diu minne': Minne als redende Figur.;sagen denn des prises danc ? > / sprach diu **minne** < swer den wanc / gewinnet under in zwaien ,
WVO.tei.xml;WVO_907100_4;minne;9071;REVIEW;confidence;nein;;;;;;;lemma_4130;NAM;medium;Explizite Anrede 'vrau minne' mit Ihrzen.;ach , waz jamers schraien / macht ir , vrau **minne** ! / ich bin iu in dem sinne
WVO.tei.xml;WVO_907700_3;minne;9077;REVIEW;confidence;nein;;;;;;;lemma_4130;NOM;medium;'minne tuecke' als nominale Fuegung (Tuecken der Liebe), Objekt zu 'lerte'.;und het ich iuch bi iurem har , / ich lerte iuch **minne** tuecke . / nu sit ir mir so fluecke
WVO.tei.xml;WVO_913000_4;minne;9130;REVIEW;confidence;nein;;;;;;;lemma_4130;NAM;medium;Praedikativ zu 'heizen': 'so hiez ich nimer minne', Namensnennung der Figur.;stat ich in der sinne , / so hiez ich nimer **minne** . > / nu was ez komen an die zit
WVO.tei.xml;WVO_918000_3;minne;9180;REVIEW;confidence;nein;;;;;;;lemma_4130;NAM;medium;Anrede 'suezziu minne, du wis mich' mit Imperativ an die Figur.;erst gelait von wildomis . / ach , suezziu **minne** , du wis / mich armen wie ich schuel leben !
WVO.tei.xml;WVO_923600_3;minne;9236;REVIEW;confidence;nein;;;;;;;lemma_4130;NAM;medium;Anrede zwischen zwei Imperativen: 'wenda, minne, wende!'.;genomen han ir ende ! / < wenda , **minne** , wende ! / lat disen mort hie niht geshehen ! >
WVO.tei.xml;WVO_937200_1;minne;9372;REVIEW;confidence;nein;;;;;;;lemma_4130;NOM;medium;"Subjekt mit Artikel; Pfeilbild personifiziert, bleibt aber Appellativ.";sitzen si sie funden . / diu **minne** mange wunden / schoz da ane wafen !
WVO.tei.xml;WVO_945200_3;minne;9452;REVIEW;confidence;nein;;;;;;;lemma_4130;NOM;medium;Subjekt mit Artikel, 'mit ir kraft' weist auf die Liebe als Macht.;ir verholne trutschaft . / ez het diu **minne** mit ir kraft / so sere si ervraewet
WVO.tei.xml;WVO_981300_4;minne;9813;REVIEW;confidence;nein;;;;;;;lemma_4130;NAM;medium;Anruf 'owe, minne!' mit direkter Anrede 'bistu fuegerinne'.;schoelt ich nu aber aim andern man / werden ? owe , **minne** ! / bistu fuegerinne
WVO.tei.xml;WVO_983700_3;minne;9837;REVIEW;confidence;nein;;;;;;;lemma_4130;NOM;medium;Subjekt mit Artikel im Nebensatz 'was diu minne tuot'.;ich bin erst nu inr / worden was diu **minne** tuot : / swie ainmuetic si unser muot
WVO.tei.xml;WVO_1012400_1;minne;10124;REVIEW;confidence;nein;;;;;;;lemma_4130;NOM;medium;"Subjekt mit Artikel; personifizierende Lesart moeglich, aber nicht markiert.";man vor der herren fuorte . / diu **minne** do umm ruorte / die herren nach gelusten :
WVO.tei.xml;WVO_1030200_1;minne;10302;REVIEW;confidence;nein;;;;;;;lemma_4130;NAM;medium;Anruf 'ay minne' mit Anrede-Possessiv 'din suren'.;ach jamer und truren ! / ay **minne** , wie din suren / nach lieb laide hecket !
WVO.tei.xml;WVO_1203200_1;minne;12032;REVIEW;confidence;nein;;;;;;;lemma_4130;NOM;medium;Artikelgefuegtes Genitiv-/Dativobjekt zu 'pfant versetzet'.;sus was sin pfant versetzet / der **minne** , diu in hetzet / mit ritterlichen eren :
WVO.tei.xml;WVO_1211000_2;minne;12110;REVIEW;confidence;nein;;;;;;;lemma_4130;NAM;medium;Anruf 'owe, minne' mit Anrede-Possessiv 'din rat'.;der dich fuer sin sel hat ? / owe , **minne** , wie ist din rat / so suezze an dem anvange !
WVO.tei.xml;WVO_1212300_1;minne;12123;REVIEW;confidence;nein;;;;;;;lemma_4130;NAM;medium;Anrede 'vrau minne' mit Imperativ 'nu schicket'.;hilf uf , agly , des ist zit . / vrau **minne** , nu schicket etwaz , / oder ich trag iu ymmer haz ,
WVO.tei.xml;WVO_1271800_1;minne;12718;REVIEW;confidence;nein;;;;;;;lemma_4130;NOM;medium;"Subjekt mit Artikel; Netzbild personifiziert, bleibt aber Appellativ.";flugen lieht blicke . / diu **minne** het ir ricke / umm sinen lip gestecket ,
WVO.tei.xml;WVO_1274100_2;minne;12741;REVIEW;confidence;nein;;;;;;;lemma_4130;NOM;medium;Subjekt mit Artikel: 'diu minne ze rucken stiez'.;an die kuenclichen schar . / doch diu **minne** ze rucken stiez / die bluechait , daz si niht enliez
WVO.tei.xml;WVO_1282800_1;minne;12828;REVIEW;confidence;nein;;;;;;;lemma_4130;NOM;medium;Artikelloses Subjekt in 'da minne laist volle maht'.;drizzic jar nach ainer naht / da **minne** laist volle maht . / nu her ! und grifen wider an
WVO.tei.xml;WVO_1284900_2;minne;12849;REVIEW;confidence;nein;;;;;;;lemma_4130;NOM;medium;Subjekt zu 'kuende ... mazzen', das Verb ist 'kuende'.;der wint die stimme fuort : / < kuende **minne** mazzen , / so moeht ir niht genozzen . >
WVO.tei.xml;WVO_1319400_1;minne;13194;REVIEW;confidence;nein;;;;;;;lemma_4130;NOM;medium;Subjekt mit Artikel und Relativsatz 'diu im kunde'.;wildhelm an zunde / diu **minne** , diu im kunde / den hoehsten trost den er ie gewan :
WVO.tei.xml;WVO_1475400_1;minne;14754;REVIEW;confidence;nein;;;;;;;lemma_4130;NOM;medium;Subjekt mit Artikel: 'diu minne ... stacte'.;vor vraeuden nah geschaiden . / diu **minne** im von dem laiden / muot in hertzen stacte :
WVO.tei.xml;WVO_1484600_0;minne;14846;REVIEW;confidence;nein;;;;;;;lemma_4130;NOM;medium;Artikelloses Subjekt der Sentenz 'minne sur slick sus git'.;wart in des hufen dick : / **minne** sur slick / sus git durch koerder suezze .
WVO.tei.xml;WVO_1534400_1;minne;15344;REVIEW;confidence;nein;;;;;;;lemma_4130;NAM;medium;Direkte Anrede 'vrau minne' mit Imperativ 'ir bringet si ze samen': personifizierte Figur.;daz ez min sel enpfindet . > / vrau **minne** , niht erwindet , / ir bringet si ze samen !
WVO.tei.xml;WVO_1562500_1;minne;15625;REVIEW;confidence;nein;;;;;;;lemma_4130;NAM;medium;Anruf 'vrau minne !' mit anschliessendem 'sagt mir': angesprochene Figur.;sus was ir clage mit jamers we . / vrau **minne** ! si sint ze samen komen ! / sagt mir , hat ir iht war genomen
WVO.tei.xml;WVO_1587100_4;minne;15871;REVIEW;confidence;nein;;;;;;;lemma_4130;NOM;medium;"Artikel 'diu' als Subjekt zu 'git lones'; Personifikation moeglich, aber appellativisch gebraucht.";"alrerst do erkander / waz lones git diu **minne** ; / aglyen wiplich sinne"
WVO.tei.xml;WVO_1595400_3;minne;15954;REVIEW;confidence;nein;;;;;;;lemma_4130;NOM;medium;"Artikel 'diu' als Subjekt zu 'stiur in gab'; agentiv, aber appellativisch.";alrerst der gehiur : / ob da diu **minne** stiur / in gab , daz lazz ich ane nit .
WVO.tei.xml;WVO_1616700_5;minne;16167;REVIEW;confidence;nein;;;;;;;lemma_4130;NOM;medium;"Artikel 'diu' als Subjekt zu 'raech'; agentiv, Personifikation nicht ausgeschlossen.";ach , wie gern ich spraeche / waz raech an in diu **minne** ! / ir baider hertze sinne
WVO.tei.xml;WVO_1617100_0;minne;16171;REVIEW;confidence;nein;;;;;;;lemma_4130;NOM;medium;"Nominale Verwendung mit 'fruht'; Satzbau unklar, Verbdeutung nicht plausibel.";in ain ich daz schozzen / **minne** muost ir fruht : / ir wiplichiu zuht
WVV.tei.xml;WVV_1106020600_1;minne;6;REVIEW;confidence;nein;;;;;;;lemma_4130;NAM;medium;Anrede 'frouwe minne' mit folgendem Imperativ 'froeit'.;sît ich den gelouben hân , / frouwe **minne** , / fröit ouch mir die sinne .
WVV.tei.xml;WVV_1117040100_5;minne;1;REVIEW;confidence;nein;;;;;;;lemma_4130;NAM;medium;Direkte Anrede 'frowe minne' mit Imperativen (schiezzent, helfent).;solde ich eine alsus verschaffen sîn ? / ich bin iuwer , frowe **minne** , / schiezzent dar , dâ man iu widerstê .
WVV.tei.xml;WVV_1117050100_1;minne;1;REVIEW;confidence;nein;;;;;;;lemma_4130;NAM;medium;Anrede 'frowe minne, ir sult mir lonen'.;wer solte iu danne iemer iht geklagen ? / frowe **minne** , ir sult mir lônen / baz denne einem andern man ,
WVV.tei.xml;WVV_1124010200_1;minne;2;REVIEW;confidence;nein;;;;;;;lemma_4130;NOM;medium;"Subjekt zu 'versinne sich'; Personifikation im Wortspiel moeglich.";ich minne , sinne , lange zît : / versinne **minne** sich , / wie si schône lône mîner tage .
WVV.tei.xml;WVV_1131010800_9;minne;8;REVIEW;confidence;nein;;;;;;;lemma_4130;NAM;medium;Anrufung mit Imperativ 'tuo mir' und Anrede 'du'.;nû enhân ich friunt , nû enhân ich rât . / nû tuo mir , swie dû wellest , minneclîchiu **minne** , / sît nieman mîn genâde hât .
WVV.tei.xml;WVV_1131020100_2;minne;1;REVIEW;confidence;nein;;;;;;;lemma_4130;NAM;medium;Apostrophe: 'ich han verlorn von dir minen sin'.;sît nieman mîn genâde hât . / vil minneclîchiu **minne** , ich hân / verlorn von dir mînen sin .
WVV.tei.xml;WVV_1131020800_8;minne;8;REVIEW;confidence;nein;;;;;;;lemma_4130;NAM;medium;Anrede 'frowe minne', du-Ansprache im Kontext.;dû sendest in , dû weist wol war . / dâ mac er leider niht erwerben , frowe **minne** . / owê , dû soltest selbe dar !
WVV.tei.xml;WVV_1131030100_3;minne;1;REVIEW;confidence;nein;;;;;;;lemma_4130;NAM;medium;Anruf 'gnade, frowe minne!' mit 'dir'.;owê , dû soltest selbe dar ! / gnâde , frowe **minne** ! ich wil / dir umbe dise botschaft
WVV.tei.xml;WVV_1131040100_1;minne;1;REVIEW;confidence;nein;;;;;;;lemma_4130;NAM;medium;Vokativ mit Imperativ 'la!' und 'du twingest'.;mir missegie , dô ichs eine bat . / gnædeclîchiu **minne** , lâ ! / owê , wes tuost dû mir sô wê ?
WVV.tei.xml;WVV_1131060100_4;minne;1;REVIEW;confidence;nein;;;;;;;lemma_4130;NAM;medium;Angeredet: 'wer gap dir, minne, den gewalt'.;sô müest ez âne ir danc geschehen . / wer gap dir , **minne** , den gewalt , / daz dû sô gewaltic bist ?
WVV.tei.xml;WVV_1133010100_0;minne;1;REVIEW;confidence;nein;;;;;;;lemma_4130;NOM;medium;"Subjekt mit Wiederaufnahme 'diu'; leichte Personifikation moeglich.";her nâch mac si sichs bekêren . / **minne** diu hât einen site : / daz si den vermîden wolde ,
WVV.tei.xml;WVV_1133020100_0;minne;1;REVIEW;confidence;nein;;;;;;;lemma_4130;NAM;medium;'minne was min frowe gar' setzt sie als Figur.;und stellet sich vil übel , sihts iender grâwez hâr . / **minne** was mîn frowe gar , / daz ich wol wiste al ir tougen .
WVV.tei.xml;WVV_1133030100_0;minne;1;REVIEW;confidence;nein;;;;;;;lemma_4130;NAM;medium;Minne handelt: geht mit Toren um, springt wie ein Kind.;und tôren triuget , sî ist doch elter vil danne ich . / **minne** hât sich an genomen , / daz si gêt mit tôren umbe
WVV.tei.xml;WVV_1133040100_0;minne;1;REVIEW;confidence;nein;;;;;;;lemma_4130;NAM;medium;Minne handelt ('sol nemen', 'si ringet') als Figur.;si stôzet sich , daz ez mir an mîn herze gât . / **minne** sol daz nemen für guot , / underwîlent sô si ringet ,
WVV.tei.xml;WVV_1133050200_4;minne;2;REVIEW;confidence;nein;;;;;;;lemma_4130;NAM;medium;'diu da heizzet frouwe minne' benennt die Figur.;ich hân ir gedienet / diu dâ heizzet frouwe **minne** , / daz iz immer clage
WVV.tei.xml;WVV_1153010100_3;minne;1;REVIEW;confidence;nein;;;;;;;lemma_4130;NAM;medium;Anrufung mit Imperativ 'berihte kranke sinne'.;ich wurde ê munich ze toberlû . / vil süeze wære **minne** , / berihte kranke sinne .
WVV.tei.xml;WVV_1154170700_0;minne;7;REVIEW;confidence;nein;;;;;;;lemma_4130;NOM;medium;"Subjekt zu 'ist gefuege'; Lied bestreitet zuvor die Personhaftigkeit.";daz in unfuoge niht erslüege . / **minne** ist ze himel sô gefüege , / daz ich si dar geleites bite .
WVV.tei.xml;WVV_1167050100_3;minne;1;REVIEW;confidence;nein;;;;;;;lemma_4130;NAM;medium;Anrede 'nu, frowe minne' mit Imperativ 'kum si an'.;der ich vor in allen dienen sol . / nû , frowe **minne** , / kum si minneklîchen an ,
WVV.tei.xml;WVV_1167050900_2;minne;9;REVIEW;confidence;nein;;;;;;;lemma_4130;NAM;medium;Vokativ mit Imperativen 'bewaere, bescheine' und 'diene dir'.;daz ich si gar von herzen meine . / nû , **minne** , bewære irz und bescheine , / daz ich iemer gerne diene dir !
WVV.tei.xml;WVV_1171021300_2;minne;13;REVIEW;confidence;nein;;;;;;;lemma_4130;NAM;medium;Anrede 'sich, minne, sich' mit 'din kint'.;ir iuwer minneklîchez jâ sô teilet mite , daz ez gezeme . / sich , **minne** , sich , swer alsô spehe , der sî dîn kint , / sô wîp , sô man , die andern dû vertrîp .
WVV.tei.xml;WVV_1177030100_1;minne;1;REVIEW;confidence;nein;;;;;;;lemma_4130;NAM;medium;Anrede 'sueze minne' mit 'diner lere' und Imperativ 'bit si'.;swie si wolde , unz ichz an ir bevant . / süeze **minne** , sît nâch dîner süezen lêre / mich ein wîp alsô betwungen hât ,
WVV.tei.xml;WVV_1177050100_0;minne;1;REVIEW;confidence;nein;;;;;;;lemma_4130;NAM;medium;Apostrophe mit 'din guete' und 'du lerest'.;daz nie manne an liebe baz beschach . / **minne** , wunder kan dîn güete liebe machen / und dîn twingen swenden fröiden vil .
WVW.tei.xml;WVW_2547_2;minne;2547;REVIEW;confidence;nein;;;;;;;lemma_4130;NAM;medium;'frou minne' als handelnde Figur ('werben kan'), Personifikation.;sam tet diu süeze sich in daz sîn . / alsô frou **minne** werben kan / daz wert wol gemuote ein man
WVW.tei.xml;WVW_3255_3;minne;3255;REVIEW;confidence;nein;;;;;;;lemma_4130;NOM;medium;"Artikel 'diu' davor; gemeint ist die göttliche Liebe, nicht Frau Minne.";der sich durch unser sündic leben / ( alsô diu **minne** daz gebôt ) / âne schult gap an den tôt .
WVW.tei.xml;WVW_3258_3;minne;3258;REVIEW;confidence;nein;;;;;;;lemma_4130;NOM;medium;"Artikel 'diu', Subjekt von 'gebôt'; theologische Liebe im Passionskontext.";wilhalm sprach : < nû saget mir : / im gebôt diu **minne** , sprechet ir , / und daz er sî erstorben ,
WVW.tei.xml;WVW_3261_3;minne;3261;REVIEW;confidence;nein;;;;;;;lemma_4130;NOM;medium;"Artikel 'diu', Subjekt von 'twingen'; göttliche Liebe, nicht Frau Minne.";daz habe er mit minne erworben . / kunde in diu **minne** twingen / und lie sich überringen
WVW.tei.xml;WVW_4493_3;minne;4493;REVIEW;confidence;nein;;;;;;;lemma_4130;NAM;medium;Direkte Anrede 'saget , vrou minne' mit Frage an die Personifikation.;lânt iemer ungefremdet sîn . / saget , vrou **minne** , tuot ez wê ? / jâ vürwâr , ich sage iu mê :
