file;xml_id;form;vers;action;review_grund;geaendert;alt_pos;neu_pos;alt_lemmaRef;neu_lemmaRef;alt_corresp;neu_corresp;verdict_lemma;verdict_pos;confidence;begruendung;kontext
APO.tei.xml;APO_892050_7;fraw;;ANNOTATE;;ja;;NOM;;lexicon.xml#lemma_7260;;variants.xml#type_43131;lemma_7260;NOM;high;Die MHG-normalisierte Schreibung traegt im gesamten Korpus nur lemma_7260, und lemma_7260 fuehrt genau eine Wortart (NOM). Keine Kontextentscheidung noetig.;wöll waschen und salben am haubt und allenthalben er seÿ / herr / knecht / **fraw** oder man dem würt gewartet schon do appolonius das erhort / er gedacht / jn
APO.tei.xml;APO_1091040_8;fraw;;ANNOTATE;;ja;;NOM;;lexicon.xml#lemma_7260;;variants.xml#type_43131;lemma_7260;NOM;high;Die MHG-normalisierte Schreibung traegt im gesamten Korpus nur lemma_7260, und lemma_7260 fuehrt genau eine Wortart (NOM). Keine Kontextentscheidung noetig.;begabet sein / do aber der meister höret ire vernüfftige wort sprach er zuo ir **fraw** du solt bewart sein vor allem schaden / ich wil dir zuo dienste geben mein
APO.tei.xml;APO_1091060_10;fraw;;ANNOTATE;;ja;;NOM;;lexicon.xml#lemma_7260;;variants.xml#type_43131;lemma_7260;NOM;high;Die MHG-normalisierte Schreibung traegt im gesamten Korpus nur lemma_7260, und lemma_7260 fuehrt genau eine Wortart (NOM). Keine Kontextentscheidung noetig.;wes du von mir begerest solt du alles gewert sein / do dancket im die **fraw** nach iren vermügen / und sprach jch beger nit mer von dir dann dz du
APO.tei.xml;APO_1141050_3;fraw;;ANNOTATE;;ja;;NOM;;lexicon.xml#lemma_7260;;variants.xml#type_43131;lemma_7260;NOM;high;Die MHG-normalisierte Schreibung traegt im gesamten Korpus nur lemma_7260, und lemma_7260 fuehrt genau eine Wortart (NOM). Keine Kontextentscheidung noetig.;ob sÿ rechtes todes gestorben wer strangwilio gab seinen rat darzuo zuo hand beruoffet die **fraw** einen iren gepauren theophilus geheissen / und sprach zuo im theophile du pist arm /
APO.tei.xml;APO_1141080_10;fraw;;ANNOTATE;;ja;;NOM;;lexicon.xml#lemma_7260;;variants.xml#type_43131;lemma_7260;NOM;high;Die MHG-normalisierte Schreibung traegt im gesamten Korpus nur lemma_7260, und lemma_7260 fuehrt genau eine Wortart (NOM). Keine Kontextentscheidung noetig.;ich dich reÿlich begaben do sprach der gepaur was hat sÿ übels gethan antwurt die **fraw** jr hoffart ist unzalperlich vil darumb solt du mein gepot volbringen / wann wöltest du
APO.tei.xml;APO_1141100_13;fraw;;ANNOTATE;;ja;;NOM;;lexicon.xml#lemma_7260;;variants.xml#type_43131;lemma_7260;NOM;high;Die MHG-normalisierte Schreibung traegt im gesamten Korpus nur lemma_7260, und lemma_7260 fuehrt genau eine Wortart (NOM). Keine Kontextentscheidung noetig.;wöltest du das nit tuon du müstest ungefels von mir wartende sein sprach theophilus / **fraw** wie möcht ich dz volbringen das es verporgen belib wann kem es auß ich würd
APO.tei.xml;APO_1142020_7;fraw;;ANNOTATE;;ja;;NOM;;lexicon.xml#lemma_7260;;variants.xml#type_43131;lemma_7260;NOM;high;Die MHG-normalisierte Schreibung traegt im gesamten Korpus nur lemma_7260, und lemma_7260 fuehrt genau eine Wortart (NOM). Keine Kontextentscheidung noetig.;das es verporgen belib wann kem es auß ich würd auch getötet do sprach die **fraw** sÿ hat ein gewonheyt wann sÿ von schuol geet dz sÿ kein leiplich speÿß isset
APO.tei.xml;APO_1202060_4;fraw;;ANNOTATE;;ja;;NOM;;lexicon.xml#lemma_7260;;variants.xml#type_43131;lemma_7260;NOM;high;Die MHG-normalisierte Schreibung traegt im gesamten Korpus nur lemma_7260, und lemma_7260 fuehrt genau eine Wortart (NOM). Keine Kontextentscheidung noetig.;dem künig vor getan hette do dz der jungling höret er erschrack und sprach o **fraw** stee auf wir seÿn auch menschen und müssen teglich solches ungefels wartende sein damit schied
APO.tei.xml;APO_1231060_13;fraw;;ANNOTATE;;ja;;NOM;;lexicon.xml#lemma_7260;;variants.xml#type_43131;lemma_7260;NOM;high;Die MHG-normalisierte Schreibung traegt im gesamten Korpus nur lemma_7260, und lemma_7260 fuehrt genau eine Wortart (NOM). Keine Kontextentscheidung noetig.;meiner zuokunfft jch hab sorg die zäher seÿn mein und nit ewer do sprach dÿe **fraw** o herr ich muoß dir sagen das ich ungern tuon und wer mir lieber es
APO.tei.xml;APO_1401020_2;fraw;;ANNOTATE;;ja;;NOM;;lexicon.xml#lemma_7260;;variants.xml#type_43131;lemma_7260;NOM;high;Die MHG-normalisierte Schreibung traegt im gesamten Korpus nur lemma_7260, und lemma_7260 fuehrt genau eine Wortart (NOM). Keine Kontextentscheidung noetig.;dich gesoldet das du mich töten söltest antwurt theophilus / dz hat getan dÿonisiades mein **fraw** zehand namen die burger von der stat strangwilionem und sein weib / und füreten sÿ
BVSN.tei.xml;BVSN_15160_8;fraw;;ANNOTATE;;ja;;NOM;;lexicon.xml#lemma_7260;;variants.xml#type_43131;lemma_7260;NOM;high;Die MHG-normalisierte Schreibung traegt im gesamten Korpus nur lemma_7260, und lemma_7260 fuehrt genau eine Wortart (NOM). Keine Kontextentscheidung noetig.;got minnet dann daz si in durch got minnet cze gleicher weis als ain frumew **fraw** chawschew haizzet di czu irm wirde niemant minnet durch chain gâb sunder durch die trew
BVSN.tei.xml;BVSN_38300_3;fraw;;ANNOTATE;;ja;;NOM;;lexicon.xml#lemma_7260;;variants.xml#type_43131;lemma_7260;NOM;high;Die MHG-normalisierte Schreibung traegt im gesamten Korpus nur lemma_7260, und lemma_7260 fuehrt genau eine Wortart (NOM). Keine Kontextentscheidung noetig.;mit im reichen daz aber dicz ain minneczaichen sei das sagt uns ain heilige wittib **fraw** judith und spricht alsô alle di got je geviellen di habent ir leben verczirt mit
DFE.tei.xml;DFE_84_3;fraw;84;ANNOTATE;;ja;;NOM;;lexicon.xml#lemma_7260;;variants.xml#type_43131;lemma_7260;NOM;high;Die MHG-normalisierte Schreibung traegt im gesamten Korpus nur lemma_7260, und lemma_7260 fuehrt genau eine Wortart (NOM). Keine Kontextentscheidung noetig.;ze kirchen zuo der messe gan / da kom die **fraw** wolgetan / im engegen oun argen list
DFE.tei.xml;DFE_89_1;fraw;89;ANNOTATE;;ja;;NOM;;lexicon.xml#lemma_7260;;variants.xml#type_43131;lemma_7260;NOM;high;Die MHG-normalisierte Schreibung traegt im gesamten Korpus nur lemma_7260, und lemma_7260 fuehrt genau eine Wortart (NOM). Keine Kontextentscheidung noetig.;er sprach das ew got lone / liebe **fraw** nun tüet mir kunt / ietzo hie zuo diser stunt
DFE.tei.xml;DFE_116_3;fraw;116;ANNOTATE;;ja;;NOM;;lexicon.xml#lemma_7260;;variants.xml#type_43131;lemma_7260;NOM;high;Die MHG-normalisierte Schreibung traegt im gesamten Korpus nur lemma_7260, und lemma_7260 fuehrt genau eine Wortart (NOM). Keine Kontextentscheidung noetig.;zuo dem haus und clopfet an / da kam die **fraw** wolgetan / in tugentlicher weise
DFE.tei.xml;DFE_123_2;fraw;123;ANNOTATE;;ja;;NOM;;lexicon.xml#lemma_7260;;variants.xml#type_43131;lemma_7260;NOM;high;Die MHG-normalisierte Schreibung traegt im gesamten Korpus nur lemma_7260, und lemma_7260 fuehrt genau eine Wortart (NOM). Keine Kontextentscheidung noetig.;der wirt hett sich da mit namen / als die **fraw** wol weste das / haimlich hinder ain grosses vas
DFE.tei.xml;DFE_137_4;fraw;137;ANNOTATE;;ja;;NOM;;lexicon.xml#lemma_7260;;variants.xml#type_43131;lemma_7260;NOM;high;Die MHG-normalisierte Schreibung traegt im gesamten Korpus nur lemma_7260, und lemma_7260 fuehrt genau eine Wortart (NOM). Keine Kontextentscheidung noetig.;hett er an der seiten sein / zuo im sprach die **fraw** gemait / es ist ain grosse torhait
DFE.tei.xml;DFE_150_1;fraw;150;ANNOTATE;;ja;;NOM;;lexicon.xml#lemma_7260;;variants.xml#type_43131;lemma_7260;NOM;high;Die MHG-normalisierte Schreibung traegt im gesamten Korpus nur lemma_7260, und lemma_7260 fuehrt genau eine Wortart (NOM). Keine Kontextentscheidung noetig.;ob ewch iemant tätte lait / die **fraw** die red darumb sait / in lutem pracht mit gefar
DFE.tei.xml;DFE_154_1;fraw;154;ANNOTATE;;ja;;NOM;;lexicon.xml#lemma_7260;;variants.xml#type_43131;lemma_7260;NOM;high;Die MHG-normalisierte Schreibung traegt im gesamten Korpus nur lemma_7260, und lemma_7260 fuehrt genau eine Wortart (NOM). Keine Kontextentscheidung noetig.;da sprach der ritter wolgetan / **fraw** ich pin ain sollich man / das ich niemant fürchte zwar
DFE.tei.xml;DFE_169_1;fraw;169;ANNOTATE;;ja;;NOM;;lexicon.xml#lemma_7260;;variants.xml#type_43131;lemma_7260;NOM;high;Die MHG-normalisierte Schreibung traegt im gesamten Korpus nur lemma_7260, und lemma_7260 fuehrt genau eine Wortart (NOM). Keine Kontextentscheidung noetig.;zuo der frawen er da sprach / **fraw** nun secht die sterke mein / auß zuckt er den tegen sein
DFE.tei.xml;DFE_208_4;fraw;208;ANNOTATE;;ja;;NOM;;lexicon.xml#lemma_7260;;variants.xml#type_43131;lemma_7260;NOM;high;Die MHG-normalisierte Schreibung traegt im gesamten Korpus nur lemma_7260, und lemma_7260 fuehrt genau eine Wortart (NOM). Keine Kontextentscheidung noetig.;ir kom niemant ze hilfe do / des ward die erber **fraw** unfro / der ir ze hilf solt sein berait
DFE.tei.xml;DFE_233_2;fraw;233;ANNOTATE;;ja;;NOM;;lexicon.xml#lemma_7260;;variants.xml#type_43131;lemma_7260;NOM;high;Die MHG-normalisierte Schreibung traegt im gesamten Korpus nur lemma_7260, und lemma_7260 fuehrt genau eine Wortart (NOM). Keine Kontextentscheidung noetig.;wol oder übel an der stet / da die **fraw** des wart gewar / das der edel ritter gar
DJUM.tei.xml;DJUM_217313_1;fraw;13;ANNOTATE;;ja;;NOM;;lexicon.xml#lemma_7260;;variants.xml#type_43131;lemma_7260;NOM;high;Die MHG-normalisierte Schreibung traegt im gesamten Korpus nur lemma_7260, und lemma_7260 fuehrt genau eine Wortart (NOM). Keine Kontextentscheidung noetig.;setz in ein stul und kussen dar und heiß sie gen herine / die **fraw** die sprach ez ist ein tant / siehstu nit an ir swach gewant
DJUM.tei.xml;DJUM_217406_1;fraw;6;ANNOTATE;;ja;;NOM;;lexicon.xml#lemma_7260;;variants.xml#type_43131;lemma_7260;NOM;high;Die MHG-normalisierte Schreibung traegt im gesamten Korpus nur lemma_7260, und lemma_7260 fuehrt genau eine Wortart (NOM). Keine Kontextentscheidung noetig.;mit einem knuttel den ich weiß mit stecken und mit staben / die **fraw** die sprach tuo was du wilt daz ist on mine schulde / tetst du daz nit dir mocht werden ein grosser slag
DJUM.tei.xml;DJUM_217505_9;fraw;5;ANNOTATE;;ja;;NOM;;lexicon.xml#lemma_7260;;variants.xml#type_43131;lemma_7260;NOM;high;Die MHG-normalisierte Schreibung traegt im gesamten Korpus nur lemma_7260, und lemma_7260 fuehrt genau eine Wortart (NOM). Keine Kontextentscheidung noetig.;sie schieden ungesehen / dem wirt dem wart dez geltes nit die **fraw** von zorne weinte / sie sprach min man der tunckt sich wis und ist doch gar ein tore
DJUM.tei.xml;DJUM_227819_11;fraw;19;ANNOTATE;;ja;;NOM;;lexicon.xml#lemma_7260;;variants.xml#type_43131;lemma_7260;NOM;high;Die MHG-normalisierte Schreibung traegt im gesamten Korpus nur lemma_7260, und lemma_7260 fuehrt genau eine Wortart (NOM). Keine Kontextentscheidung noetig.;hett ich nach gottes huld geweben / so rucht ich nit wieß darnach ging wuord mir **fraw** seld die werde
DLF.tei.xml;DLF_11_3;fraw;11;ANNOTATE;;ja;;NOM;;lexicon.xml#lemma_7260;;variants.xml#type_43131;lemma_7260;NOM;high;Die MHG-normalisierte Schreibung traegt im gesamten Korpus nur lemma_7260, und lemma_7260 fuehrt genau eine Wortart (NOM). Keine Kontextentscheidung noetig.;die erst ist frau jüt genannt / die ander haist **fraw** hiltgart / die tritt wirt lenger nicht gespart
DLF.tei.xml;DLF_14_0;fraw;14;ANNOTATE;;ja;;NOM;;lexicon.xml#lemma_7260;;variants.xml#type_43131;lemma_7260;NOM;high;Die MHG-normalisierte Schreibung traegt im gesamten Korpus nur lemma_7260, und lemma_7260 fuehrt genau eine Wortart (NOM). Keine Kontextentscheidung noetig.;die will ich nennen sa zehant / **fraw** mächilt ist si genannt / die beraitten sich ze gaun
DLF.tei.xml;DLF_47_2;fraw;47;ANNOTATE;;ja;;NOM;;lexicon.xml#lemma_7260;;variants.xml#type_43131;lemma_7260;NOM;high;Die MHG-normalisierte Schreibung traegt im gesamten Korpus nur lemma_7260, und lemma_7260 fuehrt genau eine Wortart (NOM). Keine Kontextentscheidung noetig.;ze halten und bestaun darbei / da nun **fraw** hiltgart haim kam / vil schier si des war nam
DLF.tei.xml;DLF_98_1;fraw;98;ANNOTATE;;ja;;NOM;;lexicon.xml#lemma_7260;;variants.xml#type_43131;lemma_7260;NOM;high;Die MHG-normalisierte Schreibung traegt im gesamten Korpus nur lemma_7260, und lemma_7260 fuehrt genau eine Wortart (NOM). Keine Kontextentscheidung noetig.;das si sind stark und gesund / die **fraw** die ward sich an der stund / gehaben wirser vil dann vor
DLF.tei.xml;DLF_132_1;fraw;132;ANNOTATE;;ja;;NOM;;lexicon.xml#lemma_7260;;variants.xml#type_43131;lemma_7260;NOM;high;Die MHG-normalisierte Schreibung traegt im gesamten Korpus nur lemma_7260, und lemma_7260 fuehrt genau eine Wortart (NOM). Keine Kontextentscheidung noetig.;das er nit mocht weichen zwar / die **fraw** pot dem knecht do dar / ain zangen ungefüeg und gros
DLF.tei.xml;DLF_172_1;fraw;172;ANNOTATE;;ja;;NOM;;lexicon.xml#lemma_7260;;variants.xml#type_43131;lemma_7260;NOM;high;Die MHG-normalisierte Schreibung traegt im gesamten Korpus nur lemma_7260, und lemma_7260 fuehrt genau eine Wortart (NOM). Keine Kontextentscheidung noetig.;er was da zerplichen gar / die **fraw** nam des eben war / si wolt in aber laichen mer
DLF.tei.xml;DLF_180_2;fraw;180;ANNOTATE;;ja;;NOM;;lexicon.xml#lemma_7260;;variants.xml#type_43131;lemma_7260;NOM;high;Die MHG-normalisierte Schreibung traegt im gesamten Korpus nur lemma_7260, und lemma_7260 fuehrt genau eine Wortart (NOM). Keine Kontextentscheidung noetig.;der pfarrer kam vil schiere dar / da die **fraw** des ward gewar / si clagt dem pfaffen ir swär
DLF.tei.xml;DLF_190_1;fraw;190;ANNOTATE;;ja;;NOM;;lexicon.xml#lemma_7260;;variants.xml#type_43131;lemma_7260;NOM;high;Die MHG-normalisierte Schreibung traegt im gesamten Korpus nur lemma_7260, und lemma_7260 fuehrt genau eine Wortart (NOM). Keine Kontextentscheidung noetig.;und schied von im schier von dan / die **fraw** sas für den guoten man / und wainet ser offenbar
DLF.tei.xml;DLF_208_1;fraw;208;ANNOTATE;;ja;;NOM;;lexicon.xml#lemma_7260;;variants.xml#type_43131;lemma_7260;NOM;high;Die MHG-normalisierte Schreibung traegt im gesamten Korpus nur lemma_7260, und lemma_7260 fuehrt genau eine Wortart (NOM). Keine Kontextentscheidung noetig.;da die red nun nam ain end / die **fraw** truog her ain tuoch behend / und dackt das pald über in
DLF.tei.xml;DLF_211_1;fraw;211;ANNOTATE;;ja;;NOM;;lexicon.xml#lemma_7260;;variants.xml#type_43131;lemma_7260;NOM;high;Die MHG-normalisierte Schreibung traegt im gesamten Korpus nur lemma_7260, und lemma_7260 fuehrt genau eine Wortart (NOM). Keine Kontextentscheidung noetig.;der paur wont selb die sel wär hin / die **fraw** schrai lut wee mir der not / mir ist mein lieber wirt tot
DLF.tei.xml;DLF_235_0;fraw;235;ANNOTATE;;ja;;NOM;;lexicon.xml#lemma_7260;;variants.xml#type_43131;lemma_7260;NOM;high;Die MHG-normalisierte Schreibung traegt im gesamten Korpus nur lemma_7260, und lemma_7260 fuehrt genau eine Wortart (NOM). Keine Kontextentscheidung noetig.;die haußtür schier ward aufgespert / **fraw** jüt und mächilt komen dar / und die nachpürin gar
DLF.tei.xml;DLF_240_2;fraw;240;ANNOTATE;;ja;;NOM;;lexicon.xml#lemma_7260;;variants.xml#type_43131;lemma_7260;NOM;high;Die MHG-normalisierte Schreibung traegt im gesamten Korpus nur lemma_7260, und lemma_7260 fuehrt genau eine Wortart (NOM). Keine Kontextentscheidung noetig.;irs mans als schier beraubet was / doch erkant **fraw** mächilt das / und darzuo fraw jüt vil leis
DLF.tei.xml;DLF_241_2;fraw;241;ANNOTATE;;ja;;NOM;;lexicon.xml#lemma_7260;;variants.xml#type_43131;lemma_7260;NOM;high;Die MHG-normalisierte Schreibung traegt im gesamten Korpus nur lemma_7260, und lemma_7260 fuehrt genau eine Wortart (NOM). Keine Kontextentscheidung noetig.;doch erkant fraw mächilt das / und darzuo **fraw** jüt vil leis / in wöllicher maß und auch weis
DLF.tei.xml;DLF_282_2;fraw;282;ANNOTATE;;ja;;NOM;;lexicon.xml#lemma_7260;;variants.xml#type_43131;lemma_7260;NOM;high;Die MHG-normalisierte Schreibung traegt im gesamten Korpus nur lemma_7260, und lemma_7260 fuehrt genau eine Wortart (NOM). Keine Kontextentscheidung noetig.;damit laß wir es guot sein / also hat **fraw** hiltgart vein / iren man gelaichet wol
DLF.tei.xml;DLF_290_1;fraw;290;ANNOTATE;;ja;;NOM;;lexicon.xml#lemma_7260;;variants.xml#type_43131;lemma_7260;NOM;high;Die MHG-normalisierte Schreibung traegt im gesamten Korpus nur lemma_7260, und lemma_7260 fuehrt genau eine Wortart (NOM). Keine Kontextentscheidung noetig.;nun will ich ew auch wissen lan / wie **fraw** jüt iren man / betrogen und gelaichet hat
DLF.tei.xml;DLF_316_3;fraw;316;ANNOTATE;;ja;;NOM;;lexicon.xml#lemma_7260;;variants.xml#type_43131;lemma_7260;NOM;high;Die MHG-normalisierte Schreibung traegt im gesamten Korpus nur lemma_7260, und lemma_7260 fuehrt genau eine Wortart (NOM). Keine Kontextentscheidung noetig.;und man die gloggen rüeren wart / da hett geschafft **fraw** hiltgart / das ir man ward ze kirchen tragen
DLF.tei.xml;DLF_442_0;fraw;442;ANNOTATE;;ja;;NOM;;lexicon.xml#lemma_7260;;variants.xml#type_43131;lemma_7260;NOM;high;Die MHG-normalisierte Schreibung traegt im gesamten Korpus nur lemma_7260, und lemma_7260 fuehrt genau eine Wortart (NOM). Keine Kontextentscheidung noetig.;in deiner waut staun alhie / **fraw** mächilt des nicht enlie / si schwuor im das vil und ser
DRE.tei.xml;DRE_44_1;fraw;44;ANNOTATE;;ja;;NOM;;lexicon.xml#lemma_7260;;variants.xml#type_43131;lemma_7260;NOM;high;Die MHG-normalisierte Schreibung traegt im gesamten Korpus nur lemma_7260, und lemma_7260 fuehrt genau eine Wortart (NOM). Keine Kontextentscheidung noetig.;als er vormals het getan / die **fraw** kert sich von im dan / und det ab im gar schmächlich
DRE.tei.xml;DRE_94_1;fraw;94;ANNOTATE;;ja;;NOM;;lexicon.xml#lemma_7260;;variants.xml#type_43131;lemma_7260;NOM;high;Die MHG-normalisierte Schreibung traegt im gesamten Korpus nur lemma_7260, und lemma_7260 fuehrt genau eine Wortart (NOM). Keine Kontextentscheidung noetig.;wann im zemal wee geschach / die **fraw** da zuo dem pader sprach / we mir diser grossen swär
DRE.tei.xml;DRE_385_1;fraw;385;ANNOTATE;;ja;;NOM;;lexicon.xml#lemma_7260;;variants.xml#type_43131;lemma_7260;NOM;high;Die MHG-normalisierte Schreibung traegt im gesamten Korpus nur lemma_7260, und lemma_7260 fuehrt genau eine Wortart (NOM). Keine Kontextentscheidung noetig.;so wirt geringert all mein pein / die **fraw** in alles des gewert / das er da an si begert
DRE.tei.xml;DRE_396_1;fraw;396;ANNOTATE;;ja;;NOM;;lexicon.xml#lemma_7260;;variants.xml#type_43131;lemma_7260;NOM;high;Die MHG-normalisierte Schreibung traegt im gesamten Korpus nur lemma_7260, und lemma_7260 fuehrt genau eine Wortart (NOM). Keine Kontextentscheidung noetig.;und mit aim bösen ende gar / die **fraw** was in der stumen schar / si sprach läll läll und anders nicht
DUM.tei.xml;DUM_238_3;fraw;238;ANNOTATE;;ja;;NOM;;lexicon.xml#lemma_7260;;variants.xml#type_43131;lemma_7260;NOM;high;Die MHG-normalisierte Schreibung traegt im gesamten Korpus nur lemma_7260, und lemma_7260 fuehrt genau eine Wortart (NOM). Keine Kontextentscheidung noetig.;und mit ir lebt in fräudenspil / da het die **fraw** auch kürzweil vil / und erpotz dem herren wol
DUM.tei.xml;DUM_252_4;fraw;252;ANNOTATE;;ja;;NOM;;lexicon.xml#lemma_7260;;variants.xml#type_43131;lemma_7260;NOM;high;Die MHG-normalisierte Schreibung traegt im gesamten Korpus nur lemma_7260, und lemma_7260 fuehrt genau eine Wortart (NOM). Keine Kontextentscheidung noetig.;ain böses weib gar verschant / des antwurt im die **fraw** zehant / si sprach was habt ir gesait
DUM.tei.xml;DUM_315_1;fraw;315;ANNOTATE;;ja;;NOM;;lexicon.xml#lemma_7260;;variants.xml#type_43131;lemma_7260;NOM;high;Die MHG-normalisierte Schreibung traegt im gesamten Korpus nur lemma_7260, und lemma_7260 fuehrt genau eine Wortart (NOM). Keine Kontextentscheidung noetig.;so ist ewr pitten gar entwicht / die **fraw** sprach nicht red also / ich will dich immer machen fro
DUM.tei.xml;DUM_327_2;fraw;327;ANNOTATE;;ja;;NOM;;lexicon.xml#lemma_7260;;variants.xml#type_43131;lemma_7260;NOM;high;Die MHG-normalisierte Schreibung traegt im gesamten Korpus nur lemma_7260, und lemma_7260 fuehrt genau eine Wortart (NOM). Keine Kontextentscheidung noetig.;dann als ewer silber und ewr gold / was die **fraw** gepatt ie / den knecht des wolt er tuon nie
DUM.tei.xml;DUM_344_1;fraw;344;ANNOTATE;;ja;;NOM;;lexicon.xml#lemma_7260;;variants.xml#type_43131;lemma_7260;NOM;high;Die MHG-normalisierte Schreibung traegt im gesamten Korpus nur lemma_7260, und lemma_7260 fuehrt genau eine Wortart (NOM). Keine Kontextentscheidung noetig.;si giengen hin zuo der zistern / die **fraw** wolt des nicht enbern / und sprach zuo dem portner
DUM.tei.xml;DUM_356_1;fraw;356;ANNOTATE;;ja;;NOM;;lexicon.xml#lemma_7260;;variants.xml#type_43131;lemma_7260;NOM;high;Die MHG-normalisierte Schreibung traegt im gesamten Korpus nur lemma_7260, und lemma_7260 fuehrt genau eine Wortart (NOM). Keine Kontextentscheidung noetig.;in die zistern vil leise / die **fraw** was cluog und weise / und begraif in bei den füessen sein
DUM.tei.xml;DUM_437_1;fraw;437;ANNOTATE;;ja;;NOM;;lexicon.xml#lemma_7260;;variants.xml#type_43131;lemma_7260;NOM;high;Die MHG-normalisierte Schreibung traegt im gesamten Korpus nur lemma_7260, und lemma_7260 fuehrt genau eine Wortart (NOM). Keine Kontextentscheidung noetig.;doch zehand berait sich / die **fraw** betrüebt und ungemuot / mir iren junkfrawen guot
DUM.tei.xml;DUM_454_4;fraw;454;ANNOTATE;;ja;;NOM;;lexicon.xml#lemma_7260;;variants.xml#type_43131;lemma_7260;NOM;high;Die MHG-normalisierte Schreibung traegt im gesamten Korpus nur lemma_7260, und lemma_7260 fuehrt genau eine Wortart (NOM). Keine Kontextentscheidung noetig.;nun was das essen berait / der künig und die **fraw** gemait / der grauf und manig ritter cluog
DUM.tei.xml;DUM_630_1;fraw;630;ANNOTATE;;ja;;NOM;;lexicon.xml#lemma_7260;;variants.xml#type_43131;lemma_7260;NOM;high;Die MHG-normalisierte Schreibung traegt im gesamten Korpus nur lemma_7260, und lemma_7260 fuehrt genau eine Wortart (NOM). Keine Kontextentscheidung noetig.;und was da entslaufen ser / die **fraw** gedacht hin und her / und ward mit rew umbegeben
DUM.tei.xml;DUM_647_1;fraw;647;ANNOTATE;;ja;;NOM;;lexicon.xml#lemma_7260;;variants.xml#type_43131;lemma_7260;NOM;high;Die MHG-normalisierte Schreibung traegt im gesamten Korpus nur lemma_7260, und lemma_7260 fuehrt genau eine Wortart (NOM). Keine Kontextentscheidung noetig.;es muos im an das leben gaun / die **fraw** kund sich enthalten nicht / si hett so vil jamers pflicht
DUM.tei.xml;DUM_655_1;fraw;655;ANNOTATE;;ja;;NOM;;lexicon.xml#lemma_7260;;variants.xml#type_43131;lemma_7260;NOM;high;Die MHG-normalisierte Schreibung traegt im gesamten Korpus nur lemma_7260, und lemma_7260 fuehrt genau eine Wortart (NOM). Keine Kontextentscheidung noetig.;das wolt er ir halten stät / die **fraw** huob ze sagen an / wie der ritter wolgetan
DUM.tei.xml;DUM_704_2;fraw;704;ANNOTATE;;ja;;NOM;;lexicon.xml#lemma_7260;;variants.xml#type_43131;lemma_7260;NOM;high;Die MHG-normalisierte Schreibung traegt im gesamten Korpus nur lemma_7260, und lemma_7260 fuehrt genau eine Wortart (NOM). Keine Kontextentscheidung noetig.;der edel küng det recht daran / wann die **fraw** übels nie began / und kom doch in grosse swär
DUM.tei.xml;DUM_750_2;fraw;750;ANNOTATE;;ja;;NOM;;lexicon.xml#lemma_7260;;variants.xml#type_43131;lemma_7260;NOM;high;Die MHG-normalisierte Schreibung traegt im gesamten Korpus nur lemma_7260, und lemma_7260 fuehrt genau eine Wortart (NOM). Keine Kontextentscheidung noetig.;als den vieren geschehen ist / aber die **fraw** oun argen list / ich main die edel küngin vein
EB1.tei.xml;EB1_1442020_10;fraw;;ANNOTATE;;ja;;NOM;;lexicon.xml#lemma_7260;;variants.xml#type_43131;lemma_7260;NOM;high;Die MHG-normalisierte Schreibung traegt im gesamten Korpus nur lemma_7260, und lemma_7260 fuehrt genau eine Wortart (NOM). Keine Kontextentscheidung noetig.;kein ursach mag gesein sünder erlich und freüntlich darumb spricht der weiß man ein kluoge **fraw** erfreüet iren man / den unweisen frauen sind gepot zuo seczen und doch nit zuo
EB1.tei.xml;EB1_1452140_3;fraw;;ANNOTATE;;ja;;NOM;;lexicon.xml#lemma_7260;;variants.xml#type_43131;lemma_7260;NOM;high;Die MHG-normalisierte Schreibung traegt im gesamten Korpus nur lemma_7260, und lemma_7260 fuehrt genau eine Wortart (NOM). Keine Kontextentscheidung noetig.;wann die sünderin got nit will erkennen / sanctus jeronimus spricht wie getarst du raiczende **fraw** dein augen zuo himel erheben / wann dich got nit wil erhören die weil du
EB1.tei.xml;EB1_1461050_5;fraw;;ANNOTATE;;ja;;NOM;;lexicon.xml#lemma_7260;;variants.xml#type_43131;lemma_7260;NOM;high;Die MHG-normalisierte Schreibung traegt im gesamten Korpus nur lemma_7260, und lemma_7260 fuehrt genau eine Wortart (NOM). Keine Kontextentscheidung noetig.;sölcher zierheit und raiczung den sünden locken uber dz spricht crisostimus jst dz sich ein **fraw** verbet oder ziert und die augen der leüt locket zuo ir / ob sÿ iemant
EB1.tei.xml;EB1_1462070_10;fraw;;ANNOTATE;;ja;;NOM;;lexicon.xml#lemma_7260;;variants.xml#type_43131;lemma_7260;NOM;high;Die MHG-normalisierte Schreibung traegt im gesamten Korpus nur lemma_7260, und lemma_7260 fuehrt genau eine Wortart (NOM). Keine Kontextentscheidung noetig.;/ so müssen sÿ sich beide temperiern der man sol sein siten wandeln und die **fraw** ir torheÿt und ir gemüt verkeren des nymm ein geleichnuß an zweÿen herten eÿsen dz
EB1.tei.xml;EB1_1471010_5;fraw;;ANNOTATE;;ja;;NOM;;lexicon.xml#lemma_7260;;variants.xml#type_43131;lemma_7260;NOM;high;Die MHG-normalisierte Schreibung traegt im gesamten Korpus nur lemma_7260, und lemma_7260 fuehrt genau eine Wortart (NOM). Keine Kontextentscheidung noetig.;oder regel nach den allen frauen süllen leben und die hat geticht anna die heilig **fraw** des tobias schwÿger / da sÿ im ir tochter sara hett geben dz erst capitel
EB1.tei.xml;EB1_1471040_11;fraw;;ANNOTATE;;ja;;NOM;;lexicon.xml#lemma_7260;;variants.xml#type_43131;lemma_7260;NOM;high;Die MHG-normalisierte Schreibung traegt im gesamten Korpus nur lemma_7260, und lemma_7260 fuehrt genau eine Wortart (NOM). Keine Kontextentscheidung noetig.;ob er dich nit lieb hett dennoch solt du in lieb haben du waist wol **fraw** daz ein hand die andern zwecht wenn sÿ zuosamen gepunden sind also sind ir zuosamen
EB1.tei.xml;EB1_1471080_9;fraw;;ANNOTATE;;ja;;NOM;;lexicon.xml#lemma_7260;;variants.xml#type_43131;lemma_7260;NOM;high;Die MHG-normalisierte Schreibung traegt im gesamten Korpus nur lemma_7260, und lemma_7260 fuehrt genau eine Wortart (NOM). Keine Kontextentscheidung noetig.;so zwingest du in mit gewallt daz er dich muoß lieb haben seneca spricht / **fraw** ich erczeÿg dir die liebhabung die du nicht suochen tarfst an wurczen und an zaubernuß
EB1.tei.xml;EB1_1472020_10;fraw;;ANNOTATE;;ja;;NOM;;lexicon.xml#lemma_7260;;variants.xml#type_43131;lemma_7260;NOM;high;Die MHG-normalisierte Schreibung traegt im gesamten Korpus nur lemma_7260, und lemma_7260 fuehrt genau eine Wortart (NOM). Keine Kontextentscheidung noetig.;von der lieb so überwindest du in dz er dich muoß lieb haben aber du **fraw** / wisse wie die sünderlich lieb sein süll so hör mit fleiß wie crisostimus spricht
EB1.tei.xml;EB1_1472080_4;fraw;;ANNOTATE;;ja;;NOM;;lexicon.xml#lemma_7260;;variants.xml#type_43131;lemma_7260;NOM;high;Die MHG-normalisierte Schreibung traegt im gesamten Korpus nur lemma_7260, und lemma_7260 fuehrt genau eine Wortart (NOM). Keine Kontextentscheidung noetig.;ob einer schöner oder stercker wer dz sol dich nit beduncken dz ander capitel ist **fraw** du solt dein haußgesind / knechtt und meid anweisen und straffen als sant pauls spricht
EB1.tei.xml;EB1_1472090_9;fraw;;ANNOTATE;;ja;;NOM;;lexicon.xml#lemma_7260;;variants.xml#type_43131;lemma_7260;NOM;high;Die MHG-normalisierte Schreibung traegt im gesamten Korpus nur lemma_7260, und lemma_7260 fuehrt genau eine Wortart (NOM). Keine Kontextentscheidung noetig.;solt dein haußgesind / knechtt und meid anweisen und straffen als sant pauls spricht welche **fraw** an dem gesind nit zucht und ere übet / oder begeret die hat ir tugentliche
EB1.tei.xml;EB1_1472110_6;fraw;;ANNOTATE;;ja;;NOM;;lexicon.xml#lemma_7260;;variants.xml#type_43131;lemma_7260;NOM;high;Die MHG-normalisierte Schreibung traegt im gesamten Korpus nur lemma_7260, und lemma_7260 fuehrt genau eine Wortart (NOM). Keine Kontextentscheidung noetig.;und ere übet / oder begeret die hat ir tugentliche trew verlaugnet es sol eÿn **fraw** bewaren das gesinde das es nit unerlich lebe / nit in zweiung noch in eÿtelkeÿt
EB1.tei.xml;EB1_1481040_9;fraw;;ANNOTATE;;ja;;NOM;;lexicon.xml#lemma_7260;;variants.xml#type_43131;lemma_7260;NOM;high;Die MHG-normalisierte Schreibung traegt im gesamten Korpus nur lemma_7260, und lemma_7260 fuehrt genau eine Wortart (NOM). Keine Kontextentscheidung noetig.;thuon ein tod sünd und haben verloren ir haußzucht und ere das dritt capitel spricht **fraw** du solt wallten deines hauß kluoglich darzuo bedarff die fraw dreÿerleÿ tugent / das ist
EB1.tei.xml;EB1_1481050_8;fraw;;ANNOTATE;;ja;;NOM;;lexicon.xml#lemma_7260;;variants.xml#type_43131;lemma_7260;NOM;high;Die MHG-normalisierte Schreibung traegt im gesamten Korpus nur lemma_7260, und lemma_7260 fuehrt genau eine Wortart (NOM). Keine Kontextentscheidung noetig.;ere das dritt capitel spricht fraw du solt wallten deines hauß kluoglich darzuo bedarff die **fraw** dreÿerleÿ tugent / das ist weißheÿt / fleiß / und fürsichtikeÿt weiß ist ein fraw
EB1.tei.xml;EB1_1481070_0;fraw;;ANNOTATE;;ja;;NOM;;lexicon.xml#lemma_7260;;variants.xml#type_43131;lemma_7260;NOM;high;Die MHG-normalisierte Schreibung traegt im gesamten Korpus nur lemma_7260, und lemma_7260 fuehrt genau eine Wortart (NOM). Keine Kontextentscheidung noetig.;fraw dreÿerleÿ tugent / das ist weißheÿt / fleiß / und fürsichtikeÿt weiß ist ein **fraw** die alle ding kluoglichen schicken kan darumb sprechen die weisen ein weÿse und ein kluoge
EB1.tei.xml;EB1_1481080_7;fraw;;ANNOTATE;;ja;;NOM;;lexicon.xml#lemma_7260;;variants.xml#type_43131;lemma_7260;NOM;high;Die MHG-normalisierte Schreibung traegt im gesamten Korpus nur lemma_7260, und lemma_7260 fuehrt genau eine Wortart (NOM). Keine Kontextentscheidung noetig.;die alle ding kluoglichen schicken kan darumb sprechen die weisen ein weÿse und ein kluoge **fraw** pauet ir hauß ein unweise fraw verderbt es gar glosa ein weÿse fraw pauet ir
EB1.tei.xml;EB1_1481090_0;fraw;;ANNOTATE;;ja;;NOM;;lexicon.xml#lemma_7260;;variants.xml#type_43131;lemma_7260;NOM;high;Die MHG-normalisierte Schreibung traegt im gesamten Korpus nur lemma_7260, und lemma_7260 fuehrt genau eine Wortart (NOM). Keine Kontextentscheidung noetig.;darumb sprechen die weisen ein weÿse und ein kluoge fraw pauet ir hauß ein unweise **fraw** verderbt es gar glosa ein weÿse fraw pauet ir hauß wenn sÿ geprechen sicht und
EB1.tei.xml;EB1_1481090_8;fraw;;ANNOTATE;;ja;;NOM;;lexicon.xml#lemma_7260;;variants.xml#type_43131;lemma_7260;NOM;high;Die MHG-normalisierte Schreibung traegt im gesamten Korpus nur lemma_7260, und lemma_7260 fuehrt genau eine Wortart (NOM). Keine Kontextentscheidung noetig.;ein kluoge fraw pauet ir hauß ein unweise fraw verderbt es gar glosa ein weÿse **fraw** pauet ir hauß wenn sÿ geprechen sicht und den ordenlich wendet / und schicket alles
EB1.tei.xml;EB1_1481110_6;fraw;;ANNOTATE;;ja;;NOM;;lexicon.xml#lemma_7260;;variants.xml#type_43131;lemma_7260;NOM;high;Die MHG-normalisierte Schreibung traegt im gesamten Korpus nur lemma_7260, und lemma_7260 fuehrt genau eine Wortart (NOM). Keine Kontextentscheidung noetig.;und den ordenlich wendet / und schicket alles das in dem hause ist das ein **fraw** angehöret dÿe ander tugent ist fleiß daz ein fraw alle ding fleÿssigklichen thuo oder wende
EB1.tei.xml;EB1_1481120_3;fraw;;ANNOTATE;;ja;;NOM;;lexicon.xml#lemma_7260;;variants.xml#type_43131;lemma_7260;NOM;high;Die MHG-normalisierte Schreibung traegt im gesamten Korpus nur lemma_7260, und lemma_7260 fuehrt genau eine Wortart (NOM). Keine Kontextentscheidung noetig.;in dem hause ist das ein fraw angehöret dÿe ander tugent ist fleiß daz ein **fraw** alle ding fleÿssigklichen thuo oder wende der weiß man spricht ein fleissige fraw ist ein
EB1.tei.xml;EB1_1482010_1;fraw;;ANNOTATE;;ja;;NOM;;lexicon.xml#lemma_7260;;variants.xml#type_43131;lemma_7260;NOM;high;Die MHG-normalisierte Schreibung traegt im gesamten Korpus nur lemma_7260, und lemma_7260 fuehrt genau eine Wortart (NOM). Keine Kontextentscheidung noetig.;daz ein fraw alle ding fleÿssigklichen thuo oder wende der weiß man spricht ein fleissige **fraw** ist ein kron ires mannes die dritt tugent ist fürsichtikait / dz ein fraw alle
EB1.tei.xml;EB1_1482020_8;fraw;;ANNOTATE;;ja;;NOM;;lexicon.xml#lemma_7260;;variants.xml#type_43131;lemma_7260;NOM;high;Die MHG-normalisierte Schreibung traegt im gesamten Korpus nur lemma_7260, und lemma_7260 fuehrt genau eine Wortart (NOM). Keine Kontextentscheidung noetig.;fleissige fraw ist ein kron ires mannes die dritt tugent ist fürsichtikait / dz ein **fraw** alle ding mit rat schick / behalt und auß geb dz vierd capitel spricht fraw
EB1.tei.xml;EB1_1482030_12;fraw;;ANNOTATE;;ja;;NOM;;lexicon.xml#lemma_7260;;variants.xml#type_43131;lemma_7260;NOM;high;Die MHG-normalisierte Schreibung traegt im gesamten Korpus nur lemma_7260, und lemma_7260 fuehrt genau eine Wortart (NOM). Keine Kontextentscheidung noetig.;fraw alle ding mit rat schick / behalt und auß geb dz vierd capitel spricht **fraw** du solt dich unstrefflichen halten an dem leben / das alle leüt wol von dir
EB1.tei.xml;EB1_1482070_6;fraw;;ANNOTATE;;ja;;NOM;;lexicon.xml#lemma_7260;;variants.xml#type_43131;lemma_7260;NOM;high;Die MHG-normalisierte Schreibung traegt im gesamten Korpus nur lemma_7260, und lemma_7260 fuehrt genau eine Wortart (NOM). Keine Kontextentscheidung noetig.;frauen judith es was nÿemant der ein arges wort von ir möcht gesprechen nun sich **fraw** dein leben in den vier capiteln / und halt dich darnach so ist deÿn leben
EB1.tei.xml;EB1_1492120_3;fraw;;ANNOTATE;;ja;;NOM;;lexicon.xml#lemma_7260;;variants.xml#type_43131;lemma_7260;NOM;high;Die MHG-normalisierte Schreibung traegt im gesamten Korpus nur lemma_7260, und lemma_7260 fuehrt genau eine Wortart (NOM). Keine Kontextentscheidung noetig.;wil ich lernen wie ein man ein pöß weib straffen sol und widerumb eÿn frumme **fraw** einen ungeraten man und wil dz mit kurczen worten thuon wenn ein fraw kriegisch ist
EB1.tei.xml;EB1_1501010_2;fraw;;ANNOTATE;;ja;;NOM;;lexicon.xml#lemma_7260;;variants.xml#type_43131;lemma_7260;NOM;high;Die MHG-normalisierte Schreibung traegt im gesamten Korpus nur lemma_7260, und lemma_7260 fuehrt genau eine Wortart (NOM). Keine Kontextentscheidung noetig.;eÿn frumme fraw einen ungeraten man und wil dz mit kurczen worten thuon wenn ein **fraw** kriegisch ist oder pöß siten hat also lert crisostimus / das man sÿ in dreierleÿ
EB1.tei.xml;EB1_1501040_6;fraw;;ANNOTATE;;ja;;NOM;;lexicon.xml#lemma_7260;;variants.xml#type_43131;lemma_7260;NOM;high;Die MHG-normalisierte Schreibung traegt im gesamten Korpus nur lemma_7260, und lemma_7260 fuehrt genau eine Wortart (NOM). Keine Kontextentscheidung noetig.;dreierleÿ weÿse züchtigklichen straffen sol zum ersten mit freüntlichen worten und manung und sprich also **fraw** laß dein leichtfertikeÿt dÿe dir noch keiner frauen erlichen ist laß dein schimpffen und scherczen
EB2.tei.xml;EB2_1502030_0;fraw;;ANNOTATE;;ja;;NOM;;lexicon.xml#lemma_7260;;variants.xml#type_43131;lemma_7260;NOM;high;Die MHG-normalisierte Schreibung traegt im gesamten Korpus nur lemma_7260, und lemma_7260 fuehrt genau eine Wortart (NOM). Keine Kontextentscheidung noetig.;dz weib sol herrschen über daz in dem hauß ist daz ander ist dz kein **fraw** fremd mann in dz hauß sol zemen oder laden noch heissen kumen on ires mannes
EB2.tei.xml;EB2_1502080_3;fraw;;ANNOTATE;;ja;;NOM;;lexicon.xml#lemma_7260;;variants.xml#type_43131;lemma_7260;NOM;high;Die MHG-normalisierte Schreibung traegt im gesamten Korpus nur lemma_7260, und lemma_7260 fuehrt genau eine Wortart (NOM). Keine Kontextentscheidung noetig.;mal / dz sÿ nit von dem mann gescholten werd die dritt lere / die **fraw** sol sein ein gewaltige fraw der außgebung der koste und wenn der man ÿemant zuo
EB2.tei.xml;EB2_1502080_8;fraw;;ANNOTATE;;ja;;NOM;;lexicon.xml#lemma_7260;;variants.xml#type_43131;lemma_7260;NOM;high;Die MHG-normalisierte Schreibung traegt im gesamten Korpus nur lemma_7260, und lemma_7260 fuehrt genau eine Wortart (NOM). Keine Kontextentscheidung noetig.;von dem mann gescholten werd die dritt lere / die fraw sol sein ein gewaltige **fraw** der außgebung der koste und wenn der man ÿemant zuo hauß pitet / sein geporn
EB2.tei.xml;EB2_1502100_6;fraw;;ANNOTATE;;ja;;NOM;;lexicon.xml#lemma_7260;;variants.xml#type_43131;lemma_7260;NOM;high;Die MHG-normalisierte Schreibung traegt im gesamten Korpus nur lemma_7260, und lemma_7260 fuehrt genau eine Wortart (NOM). Keine Kontextentscheidung noetig.;ÿemant zuo hauß pitet / sein geporn freünd oder ander leüt / darumb verdient dÿe **fraw** grosse lieb von dem mann ist dz sÿ den geßten wol außwartet auch widerumb /
EB2.tei.xml;EB2_1502110_13;fraw;;ANNOTATE;;ja;;NOM;;lexicon.xml#lemma_7260;;variants.xml#type_43131;lemma_7260;NOM;high;Die MHG-normalisierte Schreibung traegt im gesamten Korpus nur lemma_7260, und lemma_7260 fuehrt genau eine Wortart (NOM). Keine Kontextentscheidung noetig.;von dem mann ist dz sÿ den geßten wol außwartet auch widerumb / ob dÿe **fraw** ir eltern pitet / ir freünd oder die ir wol bekant sind / so sol
EB2.tei.xml;EB2_1511090_8;fraw;;ANNOTATE;;ja;;NOM;;lexicon.xml#lemma_7260;;variants.xml#type_43131;lemma_7260;NOM;high;Die MHG-normalisierte Schreibung traegt im gesamten Korpus nur lemma_7260, und lemma_7260 fuehrt genau eine Wortart (NOM). Keine Kontextentscheidung noetig.;das man nit wäne das sÿ verschmecht seÿ von irem mann auch sol sich die **fraw** nit grösser sach underwinden und der man sol sich nit underwinden kleiner ding als /
EB2.tei.xml;EB2_1512050_6;fraw;;ANNOTATE;;ja;;NOM;;lexicon.xml#lemma_7260;;variants.xml#type_43131;lemma_7260;NOM;high;Die MHG-normalisierte Schreibung traegt im gesamten Korpus nur lemma_7260, und lemma_7260 fuehrt genau eine Wortart (NOM). Keine Kontextentscheidung noetig.;mann / in gelück / in ungelück und in widerwertikeÿt / wann davon gewynnet die **fraw** grossen danck von dem mann so die widerwertikeÿt hin kommt aristotiles wil dz das weib
EB2.tei.xml;EB2_1522040_12;fraw;;ANNOTATE;;ja;;NOM;;lexicon.xml#lemma_7260;;variants.xml#type_43131;lemma_7260;NOM;high;Die MHG-normalisierte Schreibung traegt im gesamten Korpus nur lemma_7260, und lemma_7260 fuehrt genau eine Wortart (NOM). Keine Kontextentscheidung noetig.;der frauen besunder iren vater und muoter / prüder und schwester also sol auch die **fraw** hinwider lieb haben des mannes freünd und sÿ eren an aller stat thuot sÿ dz
EB2.tei.xml;EB2_1542020_11;fraw;;ANNOTATE;;ja;;NOM;;lexicon.xml#lemma_7260;;variants.xml#type_43131;lemma_7260;NOM;high;Die MHG-normalisierte Schreibung traegt im gesamten Korpus nur lemma_7260, und lemma_7260 fuehrt genau eine Wortart (NOM). Keine Kontextentscheidung noetig.;was ein mensch seürer ankommt dz hat es dester lieber nun beweiset es aristotiles das **fraw** und man süllen eintrechtig sein / und auch eines sinnes zum ersten mit dem spruch
EB2.tei.xml;EB2_1542060_7;fraw;;ANNOTATE;;ja;;NOM;;lexicon.xml#lemma_7260;;variants.xml#type_43131;lemma_7260;NOM;high;Die MHG-normalisierte Schreibung traegt im gesamten Korpus nur lemma_7260, und lemma_7260 fuehrt genau eine Wortart (NOM). Keine Kontextentscheidung noetig.;der frauen und auch des mannes zuo dem andern mal beweiset uns das die erber **fraw** naustica / dÿe pat got das er ir ein einigen oder eintrechtigen man zuo schicket
EB2.tei.xml;EB2_1551110_10;fraw;;ANNOTATE;;ja;;NOM;;lexicon.xml#lemma_7260;;variants.xml#type_43131;lemma_7260;NOM;high;Die MHG-normalisierte Schreibung traegt im gesamten Korpus nur lemma_7260, und lemma_7260 fuehrt genau eine Wortart (NOM). Keine Kontextentscheidung noetig.;neÿgen zuo pösen dingen / so sol der man eintrechtig das verpieten also sol die **fraw** herwider dem mann tuon will sich aber der man neigen zuo einem guoten / so
EB2.tei.xml;EB2_1551130_2;fraw;;ANNOTATE;;ja;;NOM;;lexicon.xml#lemma_7260;;variants.xml#type_43131;lemma_7260;NOM;high;Die MHG-normalisierte Schreibung traegt im gesamten Korpus nur lemma_7260, und lemma_7260 fuehrt genau eine Wortart (NOM). Keine Kontextentscheidung noetig.;mann tuon will sich aber der man neigen zuo einem guoten / so sol die **fraw** eintrechtig sein mit dem mann / und süllen zuo beÿder seÿt sorgen und trachten nach
EB2.tei.xml;EB2_1552040_7;fraw;;ANNOTATE;;ja;;NOM;;lexicon.xml#lemma_7260;;variants.xml#type_43131;lemma_7260;NOM;high;Die MHG-normalisierte Schreibung traegt im gesamten Korpus nur lemma_7260, und lemma_7260 fuehrt genau eine Wortart (NOM). Keine Kontextentscheidung noetig.;süll besorgen was die frauen an gehöret zuo erberkeÿt und sich selber auch sol dÿe **fraw** des mannes freünden guotlichen thuon als vil und sÿ vermag und sÿ süllen got alle
EHB.tei.xml;EHB_11021190_8;fraw;;ANNOTATE;;ja;;NOM;;lexicon.xml#lemma_7260;;variants.xml#type_43131;lemma_7260;NOM;high;Die MHG-normalisierte Schreibung traegt im gesamten Korpus nur lemma_7260, und lemma_7260 fuehrt genau eine Wortart (NOM). Keine Kontextentscheidung noetig.;im kriegt von der meýd wegen die im hawß vnd hübsch was darumb auch die **fraw** die meýd neidet vnd hasset vnd als gorgias den kriechen schreib vnd schickt ein puch
EHB.tei.xml;EHB_11022030_2;fraw;;ANNOTATE;;ja;;NOM;;lexicon.xml#lemma_7260;;variants.xml#type_43131;lemma_7260;NOM;high;Die MHG-normalisierte Schreibung traegt im gesamten Korpus nur lemma_7260, und lemma_7260 fuehrt genau eine Wortart (NOM). Keine Kontextentscheidung noetig.;bist lanng dein selbs vnd freý gewest nu bistu deines weýbs dir ist zukummen dein **fraw** vnd gepieterin deinen stieffkindern so du die hast ein peinigerin vnd ein feindin der schwiger
EHB.tei.xml;EHB_11022200_1;fraw;;ANNOTATE;;ja;;NOM;;lexicon.xml#lemma_7260;;variants.xml#type_43131;lemma_7260;NOM;high;Die MHG-normalisierte Schreibung traegt im gesamten Korpus nur lemma_7260, und lemma_7260 fuehrt genau eine Wortart (NOM). Keine Kontextentscheidung noetig.;wissen vnd ausrichten vnd sagt fürpaß das nichtz hefftigers vnd vnleidenlicher seý dann ein reiche **fraw** vnd ein senfftige gütige fraw seý ein seltzamer vogel auff erttrich vnd seý geleich einem
EHB.tei.xml;EHB_11022200_8;fraw;;ANNOTATE;;ja;;NOM;;lexicon.xml#lemma_7260;;variants.xml#type_43131;lemma_7260;NOM;high;Die MHG-normalisierte Schreibung traegt im gesamten Korpus nur lemma_7260, und lemma_7260 fuehrt genau eine Wortart (NOM). Keine Kontextentscheidung noetig.;fürpaß das nichtz hefftigers vnd vnleidenlicher seý dann ein reiche fraw vnd ein senfftige gütige **fraw** seý ein seltzamer vogel auff erttrich vnd seý geleich einem schwartzen schwannen vnd einer weýssen
EHB.tei.xml;EHB_11022220_7;fraw;;ANNOTATE;;ja;;NOM;;lexicon.xml#lemma_7260;;variants.xml#type_43131;lemma_7260;NOM;high;Die MHG-normalisierte Schreibung traegt im gesamten Korpus nur lemma_7260, und lemma_7260 fuehrt genau eine Wortart (NOM). Keine Kontextentscheidung noetig.;auff erttrich vnd seý geleich einem schwartzen schwannen vnd einer weýssen kroen vnd seý kein **fraw** als gutt nit si hab an ir ein tadel als auch socrates sagt das vnd
EHB.tei.xml;EHB_12032100_1;fraw;;ANNOTATE;;ja;;NOM;;lexicon.xml#lemma_7260;;variants.xml#type_43131;lemma_7260;NOM;high;Die MHG-normalisierte Schreibung traegt im gesamten Korpus nur lemma_7260, und lemma_7260 fuehrt genau eine Wortart (NOM). Keine Kontextentscheidung noetig.;was ein meýdlein des hawses duldet sie es gütigklich das man nicht sprechen möcht ein **fraw** het gestrafft vnd beschuldigt den gestrenngen affricanum der die ganntzen welt het gezemet vnd nach
EHB.tei.xml;EHB_12032120_0;fraw;;ANNOTATE;;ja;;NOM;;lexicon.xml#lemma_7260;;variants.xml#type_43131;lemma_7260;NOM;high;Die MHG-normalisierte Schreibung traegt im gesamten Korpus nur lemma_7260, und lemma_7260 fuehrt genau eine Wortart (NOM). Keine Kontextentscheidung noetig.;den gestrenngen affricanum der die ganntzen welt het gezemet vnd nach seinem tode nam die **fraw** kein rachsal von dem meýdlein sunder sie ließ es freý vnd gab ir einen man
EHB.tei.xml;EHB_12041090_9;fraw;;ANNOTATE;;ja;;NOM;;lexicon.xml#lemma_7260;;variants.xml#type_43131;lemma_7260;NOM;high;Die MHG-normalisierte Schreibung traegt im gesamten Korpus nur lemma_7260, und lemma_7260 fuehrt genau eine Wortart (NOM). Keine Kontextentscheidung noetig.;will vil gepiten vnd fürcht sich nit die sich nit schuldig weis vnd ob dein **fraw** vnkeüsch ist vnd bricht den gelawben an dir gedenck ob du an ir auch nit
EHB.tei.xml;EHB_12041180_4;fraw;;ANNOTATE;;ja;;NOM;;lexicon.xml#lemma_7260;;variants.xml#type_43131;lemma_7260;NOM;high;Die MHG-normalisierte Schreibung traegt im gesamten Korpus nur lemma_7260, und lemma_7260 fuehrt genau eine Wortart (NOM). Keine Kontextentscheidung noetig.;vil ellender dann die menner wann so ein man bricht die ee vnd das die **fraw** erfert so ist es ein spil vnd schýmmpff gewest vnd ist on straffe so aber
EHB.tei.xml;EHB_12041190_8;fraw;;ANNOTATE;;ja;;NOM;;lexicon.xml#lemma_7260;;variants.xml#type_43131;lemma_7260;NOM;high;Die MHG-normalisierte Schreibung traegt im gesamten Korpus nur lemma_7260, und lemma_7260 fuehrt genau eine Wortart (NOM). Keine Kontextentscheidung noetig.;so ist es ein spil vnd schýmmpff gewest vnd ist on straffe so aber die **fraw** neür auß dem haws gangen ist so hat sie vnrecht gethan vnd wirt gestrafft aber
EHB.tei.xml;EHB_12042160_4;fraw;;ANNOTATE;;ja;;NOM;;lexicon.xml#lemma_7260;;variants.xml#type_43131;lemma_7260;NOM;high;Die MHG-normalisierte Schreibung traegt im gesamten Korpus nur lemma_7260, und lemma_7260 fuehrt genau eine Wortart (NOM). Keine Kontextentscheidung noetig.;frawen das nit anget die darff sich des nit annemen meinstu spricht juuenalis das ein **fraw** in ýbernia an einem man genügig seý vil ee erlangst an ir das sie sich
EHB.tei.xml;EHB_12051270_10;fraw;;ANNOTATE;;ja;;NOM;;lexicon.xml#lemma_7260;;variants.xml#type_43131;lemma_7260;NOM;high;Die MHG-normalisierte Schreibung traegt im gesamten Korpus nur lemma_7260, und lemma_7260 fuehrt genau eine Wortart (NOM). Keine Kontextentscheidung noetig.;du zu der frawen sollicher vnd dergleýchen wort wolst geprauchen als auch therencius schreibt liebe **fraw** tag vnd nacht gedennck ich an euch begere eüer vnd hab eüch lieb mein hertz
EHB.tei.xml;EHB_12052090_2;fraw;;ANNOTATE;;ja;;NOM;;lexicon.xml#lemma_7260;;variants.xml#type_43131;lemma_7260;NOM;high;Die MHG-normalisierte Schreibung traegt im gesamten Korpus nur lemma_7260, und lemma_7260 fuehrt genau eine Wortart (NOM). Keine Kontextentscheidung noetig.;sie wöllen hundert mal gepeten vnd gemüssigt sein so kumpt offt ein gelücke das die **fraw** in einem tag gibt vnd gewerdt das sie ein gantz monat hat versagt vnd abgeschlagen
EHB.tei.xml;EHB_12052140_6;fraw;;ANNOTATE;;ja;;NOM;;lexicon.xml#lemma_7260;;variants.xml#type_43131;lemma_7260;NOM;high;Die MHG-normalisierte Schreibung traegt im gesamten Korpus nur lemma_7260, und lemma_7260 fuehrt genau eine Wortart (NOM). Keine Kontextentscheidung noetig.;in vnordenliche lieb wöllen füren nit zu vil getrawen wann als auch vgolinus schreibt ein **fraw** solle ir güttigkeit in dem nit laßen erkennen das sie hübschen vnd gedichten worten und
EHB.tei.xml;EHB_12052250_10;fraw;;ANNOTATE;;ja;;NOM;;lexicon.xml#lemma_7260;;variants.xml#type_43131;lemma_7260;NOM;high;Die MHG-normalisierte Schreibung traegt im gesamten Korpus nur lemma_7260, und lemma_7260 fuehrt genau eine Wortart (NOM). Keine Kontextentscheidung noetig.;sein als pald er der frawen willen hat erlangt so gedenckt er im also die **fraw** ist nach meinem willen gewest vnd allzeit sein wirdet du wilt außgien vogeln vnd besehen
EHB.tei.xml;EHB_12052290_7;fraw;;ANNOTATE;;ja;;NOM;;lexicon.xml#lemma_7260;;variants.xml#type_43131;lemma_7260;NOM;high;Die MHG-normalisierte Schreibung traegt im gesamten Korpus nur lemma_7260, und lemma_7260 fuehrt genau eine Wortart (NOM). Keine Kontextentscheidung noetig.;ein lob haben ýe mer er an die zedeln vnd kerben mag bringen so die **fraw** für schenntliche achtet ir lieb mit mer mennern zuteýlen so aber die lieb ein man
EHB.tei.xml;EHB_12061260_7;fraw;;ANNOTATE;;ja;;NOM;;lexicon.xml#lemma_7260;;variants.xml#type_43131;lemma_7260;NOM;high;Die MHG-normalisierte Schreibung traegt im gesamten Korpus nur lemma_7260, und lemma_7260 fuehrt genau eine Wortart (NOM). Keine Kontextentscheidung noetig.;leben grösser genemer vnd neher gesein mag dann der keüschen reýnen menschen hýppo ein krichische **fraw** als sie auff dem mere von den veýnden ward gefangen von stund sprang sie in
EHB.tei.xml;EHB_12062050_7;fraw;;ANNOTATE;;ja;;NOM;;lexicon.xml#lemma_7260;;variants.xml#type_43131;lemma_7260;NOM;high;Die MHG-normalisierte Schreibung traegt im gesamten Korpus nur lemma_7260, und lemma_7260 fuehrt genau eine Wortart (NOM). Keine Kontextentscheidung noetig.;fewr das irem leib nit vnrecht widerfüre an der keüscheit panthia was vnglawblichen ein schöne **fraw** die het iren man außdermassen lieb in rechter keüscheit der weiset einem seinem guten freünde
EHB.tei.xml;EHB_12072230_8;fraw;;ANNOTATE;;ja;;NOM;;lexicon.xml#lemma_7260;;variants.xml#type_43131;lemma_7260;NOM;high;Die MHG-normalisierte Schreibung traegt im gesamten Korpus nur lemma_7260, und lemma_7260 fuehrt genau eine Wortart (NOM). Keine Kontextentscheidung noetig.;handeln als plautus schreibt in abwesen der menner sam wern sie gegenwertig vnd ein weýse **fraw** soll sich erkennen in glückseligkeit vnd in widerwertigkeit gedultig zusein
EHB.tei.xml;EHB_13081260_8;fraw;;ANNOTATE;;ja;;NOM;;lexicon.xml#lemma_7260;;variants.xml#type_43131;lemma_7260;NOM;high;Die MHG-normalisierte Schreibung traegt im gesamten Korpus nur lemma_7260, und lemma_7260 fuehrt genau eine Wortart (NOM). Keine Kontextentscheidung noetig.;weýtt wirt die zene schwartz die augen klein vnd die nasen trieffende so wirt die **fraw** verschmecht vnd ist die lieb auß deßgleichen hastu ein hübsche tochter schreibt petrarcha mustu alzeit
EHB.tei.xml;EHB_13082070_8;fraw;;ANNOTATE;;ja;;NOM;;lexicon.xml#lemma_7260;;variants.xml#type_43131;lemma_7260;NOM;high;Die MHG-normalisierte Schreibung traegt im gesamten Korpus nur lemma_7260, und lemma_7260 fuehrt genau eine Wortart (NOM). Keine Kontextentscheidung noetig.;wirt auff den man gefürt vnd gewendet nu solt ich alhie bedeüten was ein hübsche **fraw** nach der gestalt des leibs geheißen werde wo mir das zýmen wolt es schreibt plautus
EHB.tei.xml;EHB_13082090_5;fraw;;ANNOTATE;;ja;;NOM;;lexicon.xml#lemma_7260;;variants.xml#type_43131;lemma_7260;NOM;high;Die MHG-normalisierte Schreibung traegt im gesamten Korpus nur lemma_7260, und lemma_7260 fuehrt genau eine Wortart (NOM). Keine Kontextentscheidung noetig.;leibs geheißen werde wo mir das zýmen wolt es schreibt plautus das ein hübsche nackende **fraw** seý hübscher dann so sie ist mit purpur gekleidet vnd wie scheinperlich ein fraw gekleidet
EHB.tei.xml;EHB_13082100_7;fraw;;ANNOTATE;;ja;;NOM;;lexicon.xml#lemma_7260;;variants.xml#type_43131;lemma_7260;NOM;high;Die MHG-normalisierte Schreibung traegt im gesamten Korpus nur lemma_7260, und lemma_7260 fuehrt genau eine Wortart (NOM). Keine Kontextentscheidung noetig.;nackende fraw seý hübscher dann so sie ist mit purpur gekleidet vnd wie scheinperlich ein **fraw** gekleidet ist so sie nit gut siten hat so mag sie nit hübsch geheýßen werden
EHB.tei.xml;EHB_13082130_10;fraw;;ANNOTATE;;ja;;NOM;;lexicon.xml#lemma_7260;;variants.xml#type_43131;lemma_7260;NOM;high;Die MHG-normalisierte Schreibung traegt im gesamten Korpus nur lemma_7260, und lemma_7260 fuehrt genau eine Wortart (NOM). Keine Kontextentscheidung noetig.;pöse siten werden gleýcht einem schwein in dem kote vgolinus schreibt das die ein hübsche **fraw** werd angesehen die do ist hübsch vnd geziert von haubt wolgestalt von amplick vnd eines
EHB.tei.xml;EHB_13082190_9;fraw;;ANNOTATE;;ja;;NOM;;lexicon.xml#lemma_7260;;variants.xml#type_43131;lemma_7260;NOM;high;Die MHG-normalisierte Schreibung traegt im gesamten Korpus nur lemma_7260, und lemma_7260 fuehrt genau eine Wortart (NOM). Keine Kontextentscheidung noetig.;schýmpflich vnd schemig eins sittigen gangs vnd gutter sitten vnd mit tugenden wol geziert dieselb **fraw** übertrifft weýtt die hübsche der venus vnd ist zupreýsen das sich aber die frawen mügen
EHB.tei.xml;EHB_13091090_7;fraw;;ANNOTATE;;ja;;NOM;;lexicon.xml#lemma_7260;;variants.xml#type_43131;lemma_7260;NOM;high;Die MHG-normalisierte Schreibung traegt im gesamten Korpus nur lemma_7260, und lemma_7260 fuehrt genau eine Wortart (NOM). Keine Kontextentscheidung noetig.;ere gepeü kleýder vnd geschmücke des leibs plautus zelt es für laster so sich ein **fraw** überflüßig zieret mit geschmücke da durch sie ir selbs zuuil wolgeuallen mag vnd fleýß ankeret
EHB.tei.xml;EHB_13091140_8;fraw;;ANNOTATE;;ja;;NOM;;lexicon.xml#lemma_7260;;variants.xml#type_43131;lemma_7260;NOM;high;Die MHG-normalisierte Schreibung traegt im gesamten Korpus nur lemma_7260, und lemma_7260 fuehrt genau eine Wortart (NOM). Keine Kontextentscheidung noetig.;zweý ding sein die mere bedorffen außzurichten vnd zu zieren dann ein schiff vnd ein **fraw** als das küntlich sein mag als auch therencius sagt die frawen ee sie sich zieren
EHB.tei.xml;EHB_13091170_0;fraw;;ANNOTATE;;ja;;NOM;;lexicon.xml#lemma_7260;;variants.xml#type_43131;lemma_7260;NOM;high;Die MHG-normalisierte Schreibung traegt im gesamten Korpus nur lemma_7260, und lemma_7260 fuehrt genau eine Wortart (NOM). Keine Kontextentscheidung noetig.;sie sich zieren vnd schmücken so ist das iar vergangen es schreibt petrarcha so ein **fraw** von gestalt hübsch ist müg sie leicht mit kleýdern geziert sein wo sie sich aber
EHB.tei.xml;EHB_13091210_6;fraw;;ANNOTATE;;ja;;NOM;;lexicon.xml#lemma_7260;;variants.xml#type_43131;lemma_7260;NOM;high;Die MHG-normalisierte Schreibung traegt im gesamten Korpus nur lemma_7260, und lemma_7260 fuehrt genau eine Wortart (NOM). Keine Kontextentscheidung noetig.;mer die augen der menschen auff gesicht der kleýder dann der personen so aber ein **fraw** deßgleichen ein man von gestalt des leibs nit hübsch ist vnd will sich mit kleýdern
EHB.tei.xml;EHB_14092040_8;fraw;;ANNOTATE;;ja;;NOM;;lexicon.xml#lemma_7260;;variants.xml#type_43131;lemma_7260;NOM;high;Die MHG-normalisierte Schreibung traegt im gesamten Korpus nur lemma_7260, und lemma_7260 fuehrt genau eine Wortart (NOM). Keine Kontextentscheidung noetig.;do weýnen do essen do trinken vnd ist die gepürde des hawß manigfaltig vnd die **fraw** die vil kinder gepirt wil nit sein das eeweýb sunder die fraw im hawse so
EHB.tei.xml;EHB_14092050_10;fraw;;ANNOTATE;;ja;;NOM;;lexicon.xml#lemma_7260;;variants.xml#type_43131;lemma_7260;NOM;high;Die MHG-normalisierte Schreibung traegt im gesamten Korpus nur lemma_7260, und lemma_7260 fuehrt genau eine Wortart (NOM). Keine Kontextentscheidung noetig.;manigfaltig vnd die fraw die vil kinder gepirt wil nit sein das eeweýb sunder die **fraw** im hawse so die vnfruchtper fraw sitzet schweiget vnd weinet als anna helchane weýb gethan
EHB.tei.xml;EHB_14092060_1;fraw;;ANNOTATE;;ja;;NOM;;lexicon.xml#lemma_7260;;variants.xml#type_43131;lemma_7260;NOM;high;Die MHG-normalisierte Schreibung traegt im gesamten Korpus nur lemma_7260, und lemma_7260 fuehrt genau eine Wortart (NOM). Keine Kontextentscheidung noetig.;kinder gepirt wil nit sein das eeweýb sunder die fraw im hawse so die vnfruchtper **fraw** sitzet schweiget vnd weinet als anna helchane weýb gethan hat vnd ist gen dem manne
EHB.tei.xml;EHB_15092010_4;fraw;;ANNOTATE;;ja;;NOM;;lexicon.xml#lemma_7260;;variants.xml#type_43131;lemma_7260;NOM;high;Die MHG-normalisierte Schreibung traegt im gesamten Korpus nur lemma_7260, und lemma_7260 fuehrt genau eine Wortart (NOM). Keine Kontextentscheidung noetig.;so nun ein fruchtpere **fraw** kinder gepirt was sorge was vleýß müe vnd arbeit vnd was lieb da ist schreibt
EHB.tei.xml;EHB_15112110_4;fraw;;ANNOTATE;;ja;;NOM;;lexicon.xml#lemma_7260;;variants.xml#type_43131;lemma_7260;NOM;high;Die MHG-normalisierte Schreibung traegt im gesamten Korpus nur lemma_7260, und lemma_7260 fuehrt genau eine Wortart (NOM). Keine Kontextentscheidung noetig.;die muter gen dem sone warden erlöset fürbaß schreibt valerius das zu rome ein erberge **fraw** zu dem tode ward geurteýlt in einem kercker hungers zusterben da ward ir tochter zuzeýten
EHB.tei.xml;EHB_15121200_9;fraw;;ANNOTATE;;ja;;NOM;;lexicon.xml#lemma_7260;;variants.xml#type_43131;lemma_7260;NOM;high;Die MHG-normalisierte Schreibung traegt im gesamten Korpus nur lemma_7260, und lemma_7260 fuehrt genau eine Wortart (NOM). Keine Kontextentscheidung noetig.;paß gelawben fremden leüten dann seinem weýbe die söllichs ampasten weiß als petrarcha spricht die **fraw** hat im den son geben den ander leüt wöllen nemen hastu nit gelesen in der
EHB.tei.xml;EHB_15121250_5;fraw;;ANNOTATE;;ja;;NOM;;lexicon.xml#lemma_7260;;variants.xml#type_43131;lemma_7260;NOM;high;Die MHG-normalisierte Schreibung traegt im gesamten Korpus nur lemma_7260, und lemma_7260 fuehrt genau eine Wortart (NOM). Keine Kontextentscheidung noetig.;sie ettwas der vnkeüscheit verdacht mit derselben het er ein hübschen einigen son als die **fraw** het den son in der schoß vnd mit im schertzet do erseüfftzet der man die
EHB.tei.xml;EHB_15121260_8;fraw;;ANNOTATE;;ja;;NOM;;lexicon.xml#lemma_7260;;variants.xml#type_43131;lemma_7260;NOM;high;Die MHG-normalisierte Schreibung traegt im gesamten Korpus nur lemma_7260, und lemma_7260 fuehrt genau eine Wortart (NOM). Keine Kontextentscheidung noetig.;het den son in der schoß vnd mit im schertzet do erseüfftzet der man die **fraw** fraget in durch was sach er also erseüfftzet do ward der man aber erseüfftzen vnd
EHB.tei.xml;EHB_15122020_4;fraw;;ANNOTATE;;ja;;NOM;;lexicon.xml#lemma_7260;;variants.xml#type_43131;lemma_7260;NOM;high;Die MHG-normalisierte Schreibung traegt im gesamten Korpus nur lemma_7260, und lemma_7260 fuehrt genau eine Wortart (NOM). Keine Kontextentscheidung noetig.;vnd gewise wer ob das dises kind mein wer als du das gewis bist die **fraw** ward nichtz von söllichen wortten weder an gestalt noch an gemüet bewegt vnd sprach frölich
EHB.tei.xml;EHB_15122080_0;fraw;;ANNOTATE;;ja;;NOM;;lexicon.xml#lemma_7260;;variants.xml#type_43131;lemma_7260;NOM;high;Die MHG-normalisierte Schreibung traegt im gesamten Korpus nur lemma_7260, und lemma_7260 fuehrt genau eine Wortart (NOM). Keine Kontextentscheidung noetig.;man hielt es für vnmüglich vnd versprach ir das also do berüffet vnd vordert die **fraw** ire freünd vnd vil edeler vnd ander darzu vnd in irer aller gegenwertigkeit nam sie
EHB.tei.xml;EHB_15122110_0;fraw;;ANNOTATE;;ja;;NOM;;lexicon.xml#lemma_7260;;variants.xml#type_43131;lemma_7260;NOM;high;Die MHG-normalisierte Schreibung traegt im gesamten Korpus nur lemma_7260, und lemma_7260 fuehrt genau eine Wortart (NOM). Keine Kontextentscheidung noetig.;liber man ist nit das kind mein der man antwort ja es ist dein die **fraw** recket das kind dem mann dar vnd sprach ist es nun mein so ným hin
EHB.tei.xml;EHB_16141001_2;fraw;;ANNOTATE;;ja;;NOM;;lexicon.xml#lemma_7260;;variants.xml#type_43131;lemma_7260;NOM;high;Die MHG-normalisierte Schreibung traegt im gesamten Korpus nur lemma_7260, und lemma_7260 fuehrt genau eine Wortart (NOM). Keine Kontextentscheidung noetig.;so die **fraw** wolredende vnd zornig ist
EHB.tei.xml;EHB_16141050_10;fraw;;ANNOTATE;;ja;;NOM;;lexicon.xml#lemma_7260;;variants.xml#type_43131;lemma_7260;NOM;high;Die MHG-normalisierte Schreibung traegt im gesamten Korpus nur lemma_7260, und lemma_7260 fuehrt genau eine Wortart (NOM). Keine Kontextentscheidung noetig.;im gesücht ein frawen vnd hat gefunden ein meistrin kein ding ist verdroßner dann ein **fraw** die cleffig ist vnd nit schweigen kan apuleius schreibt also das kein leichter ding seý
EHB.tei.xml;EHB_16141150_4;fraw;;ANNOTATE;;ja;;NOM;;lexicon.xml#lemma_7260;;variants.xml#type_43131;lemma_7260;NOM;high;Die MHG-normalisierte Schreibung traegt im gesamten Korpus nur lemma_7260, und lemma_7260 fuehrt genau eine Wortart (NOM). Keine Kontextentscheidung noetig.;mit der zungen gewappent ist schreibt zeno das in pillich wunder neme wie sie beide **fraw** vnd man ein hawß mügen behalten darumb hat dauid der prophet gesprochen ich will mein
EHB.tei.xml;EHB_16142070_9;fraw;;ANNOTATE;;ja;;NOM;;lexicon.xml#lemma_7260;;variants.xml#type_43131;lemma_7260;NOM;high;Die MHG-normalisierte Schreibung traegt im gesamten Korpus nur lemma_7260, und lemma_7260 fuehrt genau eine Wortart (NOM). Keine Kontextentscheidung noetig.;vnd verstentnuß die dir auch got die zungen zu bebaren geben hat so aber ein **fraw** weise ist gescheýde fürsichtig vnd wolredende in guten dingen als maniche gefunden wirt nemlich vnter
EHB.tei.xml;EHB_16142120_5;fraw;;ANNOTATE;;ja;;NOM;;lexicon.xml#lemma_7260;;variants.xml#type_43131;lemma_7260;NOM;high;Die MHG-normalisierte Schreibung traegt im gesamten Korpus nur lemma_7260, und lemma_7260 fuehrt genau eine Wortart (NOM). Keine Kontextentscheidung noetig.;vnd dünnen cleideren das ist vndter den armen werde weýßheit vnd wolreden gefunden die selb **fraw** ist zuloben wer wolt nit loben die red vnd antwurt die ein alte erberge fraw
EHB.tei.xml;EHB_16142130_8;fraw;;ANNOTATE;;ja;;NOM;;lexicon.xml#lemma_7260;;variants.xml#type_43131;lemma_7260;NOM;high;Die MHG-normalisierte Schreibung traegt im gesamten Korpus nur lemma_7260, und lemma_7260 fuehrt genau eine Wortart (NOM). Keine Kontextentscheidung noetig.;fraw ist zuloben wer wolt nit loben die red vnd antwurt die ein alte erberge **fraw** zu sýracusis hat gethan als valerius schreibt do ýderman begert vnd pate das dionisius der
EHB.tei.xml;EHB_16142160_0;fraw;;ANNOTATE;;ja;;NOM;;lexicon.xml#lemma_7260;;variants.xml#type_43131;lemma_7260;NOM;high;Die MHG-normalisierte Schreibung traegt im gesamten Korpus nur lemma_7260, und lemma_7260 fuehrt genau eine Wortart (NOM). Keine Kontextentscheidung noetig.;pate das dionisius der wütrich vnd týrann daselbst mit tode abgien solt da pat dieselb **fraw** alle morgen ir götter das er beý leben solt beleiben da das der wütrich vername
EHB.tei.xml;EHB_16142190_5;fraw;;ANNOTATE;;ja;;NOM;;lexicon.xml#lemma_7260;;variants.xml#type_43131;lemma_7260;NOM;high;Die MHG-normalisierte Schreibung traegt im gesamten Korpus nur lemma_7260, und lemma_7260 fuehrt genau eine Wortart (NOM). Keine Kontextentscheidung noetig.;warumb sie umb sein leben pete vnd was gutes er ir gethan hette antwurt die **fraw** ich hab gut vrsach das ich vmb dein leben pite do ich was ein junckfraw
EHB.tei.xml;EHB_16151110_0;fraw;;ANNOTATE;;ja;;NOM;;lexicon.xml#lemma_7260;;variants.xml#type_43131;lemma_7260;NOM;high;Die MHG-normalisierte Schreibung traegt im gesamten Korpus nur lemma_7260, und lemma_7260 fuehrt genau eine Wortart (NOM). Keine Kontextentscheidung noetig.;pillich die toten cörper vnd leichnam vnbewegt also wart der künig beschemet vnd die tote **fraw** durch söllich hübsche rede gepreýset was aber hübscher wort die fraw gebraucht so sie vnrecht
EHB.tei.xml;EHB_16151120_1;fraw;;ANNOTATE;;ja;;NOM;;lexicon.xml#lemma_7260;;variants.xml#type_43131;lemma_7260;NOM;high;Die MHG-normalisierte Schreibung traegt im gesamten Korpus nur lemma_7260, und lemma_7260 fuehrt genau eine Wortart (NOM). Keine Kontextentscheidung noetig.;beschemet vnd die tote fraw durch söllich hübsche rede gepreýset was aber hübscher wort die **fraw** gebraucht so sie vnrecht vnd wider iren man gethan hat vnd sich entschuldigen will schreibt
EHB.tei.xml;EHB_16151170_14;fraw;;ANNOTATE;;ja;;NOM;;lexicon.xml#lemma_7260;;variants.xml#type_43131;lemma_7260;NOM;high;Die MHG-normalisierte Schreibung traegt im gesamten Korpus nur lemma_7260, und lemma_7260 fuehrt genau eine Wortart (NOM). Keine Kontextentscheidung noetig.;vnd thu ich hinfür mer wider dich so magstu mich töten so sich aber die **fraw** lest beduncken das sie nit vast mißgehandelt hab entschuldigt sie sich vnd spricht also lieber
EHB.tei.xml;EHB_16151230_13;fraw;;ANNOTATE;;ja;;NOM;;lexicon.xml#lemma_7260;;variants.xml#type_43131;lemma_7260;NOM;high;Die MHG-normalisierte Schreibung traegt im gesamten Korpus nur lemma_7260, und lemma_7260 fuehrt genau eine Wortart (NOM). Keine Kontextentscheidung noetig.;geschehen ich wil es nýmmer thun vnd wenn sich der man last beduncken wie die **fraw** mit fremder lieb beladen seý vnd strafft sie gebraucht die fraw söllicher wort vnd spricht
EHB.tei.xml;EHB_16151240_11;fraw;;ANNOTATE;;ja;;NOM;;lexicon.xml#lemma_7260;;variants.xml#type_43131;lemma_7260;NOM;high;Die MHG-normalisierte Schreibung traegt im gesamten Korpus nur lemma_7260, und lemma_7260 fuehrt genau eine Wortart (NOM). Keine Kontextentscheidung noetig.;last beduncken wie die fraw mit fremder lieb beladen seý vnd strafft sie gebraucht die **fraw** söllicher wort vnd spricht lieber man du weist wol das ich kumen pin über die
EHB.tei.xml;EHB_16152020_7;fraw;;ANNOTATE;;ja;;NOM;;lexicon.xml#lemma_7260;;variants.xml#type_43131;lemma_7260;NOM;high;Die MHG-normalisierte Schreibung traegt im gesamten Korpus nur lemma_7260, und lemma_7260 fuehrt genau eine Wortart (NOM). Keine Kontextentscheidung noetig.;mir gewest solt ich dann nicht bewegt werden in begire vnd frölichkeit sam ein andre **fraw** was die natur gibt ist ettwas zudulden doch es soll nit mer geschehen ist dann
EHB.tei.xml;EHB_16152040_0;fraw;;ANNOTATE;;ja;;NOM;;lexicon.xml#lemma_7260;;variants.xml#type_43131;lemma_7260;NOM;high;Die MHG-normalisierte Schreibung traegt im gesamten Korpus nur lemma_7260, und lemma_7260 fuehrt genau eine Wortart (NOM). Keine Kontextentscheidung noetig.;die natur gibt ist ettwas zudulden doch es soll nit mer geschehen ist dann die **fraw** zu lang auß dem hawß gewest vnd der man zu ir spricht sag an du
EHB.tei.xml;EHB_16152090_6;fraw;;ANNOTATE;;ja;;NOM;;lexicon.xml#lemma_7260;;variants.xml#type_43131;lemma_7260;NOM;high;Die MHG-normalisierte Schreibung traegt im gesamten Korpus nur lemma_7260, und lemma_7260 fuehrt genau eine Wortart (NOM). Keine Kontextentscheidung noetig.;ich pit eüch alle höret zu wie sie sich wölle verantwurten als dann lest die **fraw** ein langen seüfftzer vnd spricht sicher lieber man mir ist die gantzen nacht so vnrecht
EHB.tei.xml;EHB_16152170_14;fraw;;ANNOTATE;;ja;;NOM;;lexicon.xml#lemma_7260;;variants.xml#type_43131;lemma_7260;NOM;high;Die MHG-normalisierte Schreibung traegt im gesamten Korpus nur lemma_7260, und lemma_7260 fuehrt genau eine Wortart (NOM). Keine Kontextentscheidung noetig.;ist pillich du vergebst mir das es ist ýe in gut geschehen so aber die **fraw** peý dem tantze oder sunst peý wollust oder spacieren gewest ist vnd der man also
EHB.tei.xml;EHB_16161030_0;fraw;;ANNOTATE;;ja;;NOM;;lexicon.xml#lemma_7260;;variants.xml#type_43131;lemma_7260;NOM;high;Die MHG-normalisierte Schreibung traegt im gesamten Korpus nur lemma_7260, und lemma_7260 fuehrt genau eine Wortart (NOM). Keine Kontextentscheidung noetig.;söllen die menschen vnrecht vnd wollust meýden vnd vmbfahen die tugenten als dann lachet die **fraw** ein wenig vnd spricht liber man du werst sicher ein guter prediger worden vnd sagst
EHB.tei.xml;EHB_16161050_5;fraw;;ANNOTATE;;ja;;NOM;;lexicon.xml#lemma_7260;;variants.xml#type_43131;lemma_7260;NOM;high;Die MHG-normalisierte Schreibung traegt im gesamten Korpus nur lemma_7260, und lemma_7260 fuehrt genau eine Wortart (NOM). Keine Kontextentscheidung noetig.;prediger worden vnd sagst gar recht wenn söllichs so leicht wer zuthun als zureden welliche **fraw** kan sich in der iugent nach söllicher schwerer lere der meister als du mir hast
EHB.tei.xml;EHB_16161100_10;fraw;;ANNOTATE;;ja;;NOM;;lexicon.xml#lemma_7260;;variants.xml#type_43131;lemma_7260;NOM;high;Die MHG-normalisierte Schreibung traegt im gesamten Korpus nur lemma_7260, und lemma_7260 fuehrt genau eine Wortart (NOM). Keine Kontextentscheidung noetig.;zuthun vnd so sollich red vnd entschuldigung der frawen nit genug thun wollen begert die **fraw** genad vnd spricht lieber man ich bekenne das ich gesündet hab doch was ich vnweýßlich
EHB.tei.xml;EHB_16161170_8;fraw;;ANNOTATE;;ja;;NOM;;lexicon.xml#lemma_7260;;variants.xml#type_43131;lemma_7260;NOM;high;Die MHG-normalisierte Schreibung traegt im gesamten Korpus nur lemma_7260, und lemma_7260 fuehrt genau eine Wortart (NOM). Keine Kontextentscheidung noetig.;du wilt so nun solliche süße wort den man nit erbeichen mügen so zeücht die **fraw** herfür einen großen seufftzer neýget nýder das hawbt vnd mischet die rede mit weinen vmbfehet
EHB.tei.xml;EHB_16161250_8;fraw;;ANNOTATE;;ja;;NOM;;lexicon.xml#lemma_7260;;variants.xml#type_43131;lemma_7260;NOM;high;Die MHG-normalisierte Schreibung traegt im gesamten Korpus nur lemma_7260, und lemma_7260 fuehrt genau eine Wortart (NOM). Keine Kontextentscheidung noetig.;vnd laster an seiner frawen vnd ob er die gesehen hat so gibt im die **fraw** wort laugent vnd schwert da für so muß der man mit gesehenden augen plind sein
EHB.tei.xml;EHB_16161270_5;fraw;;ANNOTATE;;ja;;NOM;;lexicon.xml#lemma_7260;;variants.xml#type_43131;lemma_7260;NOM;high;Die MHG-normalisierte Schreibung traegt im gesamten Korpus nur lemma_7260, und lemma_7260 fuehrt genau eine Wortart (NOM). Keine Kontextentscheidung noetig.;so muß der man mit gesehenden augen plind sein vnd vnrecht haben vnd so die **fraw** nit mer kan facht sie an vnd weint zu hand weint der man mit der
EHB.tei.xml;EHB_16162020_14;fraw;;ANNOTATE;;ja;;NOM;;lexicon.xml#lemma_7260;;variants.xml#type_43131;lemma_7260;NOM;high;Die MHG-normalisierte Schreibung traegt im gesamten Korpus nur lemma_7260, und lemma_7260 fuehrt genau eine Wortart (NOM). Keine Kontextentscheidung noetig.;ist das alles vergeben vnd wenn sölchs alles nit helfen wil so hebt an die **fraw** vnd zürnet mit dem mann vnd zeýhet in des er nýe gethon hat wan auch
EHB.tei.xml;EHB_17171020_6;fraw;;ANNOTATE;;ja;;NOM;;lexicon.xml#lemma_7260;;variants.xml#type_43131;lemma_7260;NOM;high;Die MHG-normalisierte Schreibung traegt im gesamten Korpus nur lemma_7260, und lemma_7260 fuehrt genau eine Wortart (NOM). Keine Kontextentscheidung noetig.;man ein frawen zu der ee nemen will ist gewönlich vnd gemeine das im die **fraw** zupringt vnd gibt ein heýratgut von dem selben heýratgut schreibt petrarcha also so die fraw
EHB.tei.xml;EHB_17171030_9;fraw;;ANNOTATE;;ja;;NOM;;lexicon.xml#lemma_7260;;variants.xml#type_43131;lemma_7260;NOM;high;Die MHG-normalisierte Schreibung traegt im gesamten Korpus nur lemma_7260, und lemma_7260 fuehrt genau eine Wortart (NOM). Keine Kontextentscheidung noetig.;fraw zupringt vnd gibt ein heýratgut von dem selben heýratgut schreibt petrarcha also so die **fraw** vil heýratguts dem manne zugepracht hat volgt darnach das die fraw hochfertig vnd hochmütig ist
EHB.tei.xml;EHB_17171040_11;fraw;;ANNOTATE;;ja;;NOM;;lexicon.xml#lemma_7260;;variants.xml#type_43131;lemma_7260;NOM;high;Die MHG-normalisierte Schreibung traegt im gesamten Korpus nur lemma_7260, und lemma_7260 fuehrt genau eine Wortart (NOM). Keine Kontextentscheidung noetig.;petrarcha also so die fraw vil heýratguts dem manne zugepracht hat volgt darnach das die **fraw** hochfertig vnd hochmütig ist besorgt vnd fürcht den man in nichte sie will vngestrafft sein
EHB.tei.xml;EHB_17171100_11;fraw;;ANNOTATE;;ja;;NOM;;lexicon.xml#lemma_7260;;variants.xml#type_43131;lemma_7260;NOM;high;Die MHG-normalisierte Schreibung traegt im gesamten Korpus nur lemma_7260, und lemma_7260 fuehrt genau eine Wortart (NOM). Keine Kontextentscheidung noetig.;schilt sie schreýt in dem hawse vnd ist im in allen sachen widerwerttig wann ein **fraw** mit großem heýratgut ist wunderlich vnd vnleidenlich will nit gestrafft sein vnd allzeit recht haben
EHB.tei.xml;EHB_17171120_8;fraw;;ANNOTATE;;ja;;NOM;;lexicon.xml#lemma_7260;;variants.xml#type_43131;lemma_7260;NOM;high;Die MHG-normalisierte Schreibung traegt im gesamten Korpus nur lemma_7260, und lemma_7260 fuehrt genau eine Wortart (NOM). Keine Kontextentscheidung noetig.;großem heýratgut ist wunderlich vnd vnleidenlich will nit gestrafft sein vnd allzeit recht haben wellche **fraw** iren reichtum gen des mannes armut schetzt vnd den man neret vnd nit der man
EHB.tei.xml;EHB_17171140_7;fraw;;ANNOTATE;;ja;;NOM;;lexicon.xml#lemma_7260;;variants.xml#type_43131;lemma_7260;NOM;high;Die MHG-normalisierte Schreibung traegt im gesamten Korpus nur lemma_7260, und lemma_7260 fuehrt genau eine Wortart (NOM). Keine Kontextentscheidung noetig.;schetzt vnd den man neret vnd nit der man sie die will sein des mannes **fraw** vnd nit sein gesellin söllich vnd vil annder vngemach kummen von frawen mit grossem heýratgutt
EHB.tei.xml;EHB_17171190_7;fraw;;ANNOTATE;;ja;;NOM;;lexicon.xml#lemma_7260;;variants.xml#type_43131;lemma_7260;NOM;high;Die MHG-normalisierte Schreibung traegt im gesamten Korpus nur lemma_7260, und lemma_7260 fuehrt genau eine Wortart (NOM). Keine Kontextentscheidung noetig.;zu treiben also bistu ein verdorbner man hastu dich zu einer vnkeüschen gesellet aber die **fraw** mit kleinem oder mit keinem heýratgut die ist alzeit in gewalt des mannes ist im
EHB.tei.xml;EHB_17171230_3;fraw;;ANNOTATE;;ja;;NOM;;lexicon.xml#lemma_7260;;variants.xml#type_43131;lemma_7260;NOM;high;Die MHG-normalisierte Schreibung traegt im gesamten Korpus nur lemma_7260, und lemma_7260 fuehrt genau eine Wortart (NOM). Keine Kontextentscheidung noetig.;ein man nit an sehen das groß heýratgutt als plautus fürpas schreibt sunder ob die **fraw** oder iunckfraw die er nemen will seý hübsch züchtig schamig vorchtsam gehorsam vnd keüsch weýß
EHB.tei.xml;EHB_17172040_9;fraw;;ANNOTATE;;ja;;NOM;;lexicon.xml#lemma_7260;;variants.xml#type_43131;lemma_7260;NOM;high;Die MHG-normalisierte Schreibung traegt im gesamten Korpus nur lemma_7260, und lemma_7260 fuehrt genau eine Wortart (NOM). Keine Kontextentscheidung noetig.;nach dem gut das gleich geacht wirt sam das pferd hinden auffzuzeimen wo aber die **fraw** ist on heýratgut vnd ist darzu gesellig vnd zerhafftig vnd spilet geren auff der harpffen
EHB.tei.xml;EHB_17172100_10;fraw;;ANNOTATE;;ja;;NOM;;lexicon.xml#lemma_7260;;variants.xml#type_43131;lemma_7260;NOM;high;Die MHG-normalisierte Schreibung traegt im gesamten Korpus nur lemma_7260, und lemma_7260 fuehrt genau eine Wortart (NOM). Keine Kontextentscheidung noetig.;im hawß eng vnd klein ist vnd wollen sich doch außwendig nit darnach halten die **fraw** will gesehen werden vnd sich nit schemen der armut noch darnach richten sie will nit
EHB.tei.xml;EHB_17181040_11;fraw;;ANNOTATE;;ja;;NOM;;lexicon.xml#lemma_7260;;variants.xml#type_43131;lemma_7260;NOM;high;Die MHG-normalisierte Schreibung traegt im gesamten Korpus nur lemma_7260, und lemma_7260 fuehrt genau eine Wortart (NOM). Keine Kontextentscheidung noetig.;haben dann ein großen kürbiß den selben hieng er in sein kammer das in die **fraw** alle tag sehen möcht vnd wenn sie mit im zürnet vnd vngeschlacht was so zaigt
EHB.tei.xml;EHB_22272040_13;fraw;;ANNOTATE;;ja;;NOM;;lexicon.xml#lemma_7260;;variants.xml#type_43131;lemma_7260;NOM;high;Die MHG-normalisierte Schreibung traegt im gesamten Korpus nur lemma_7260, und lemma_7260 fuehrt genau eine Wortart (NOM). Keine Kontextentscheidung noetig.;begeben ein geschickte vnd temperirte natur eins kinds themistodes schreibt das besser seý so ein **fraw** nýmpt ein frumen armen dann ein reichen törheten man wann es ist besser ein man
EHB.tei.xml;EHB_22272240_10;fraw;;ANNOTATE;;ja;;NOM;;lexicon.xml#lemma_7260;;variants.xml#type_43131;lemma_7260;NOM;high;Die MHG-normalisierte Schreibung traegt im gesamten Korpus nur lemma_7260, und lemma_7260 fuehrt genau eine Wortart (NOM). Keine Kontextentscheidung noetig.;pferd esel ochs vnd ander ding werden vor versucht ee man sie kawffet aber ein **fraw** die man zu der ee nemen solle wirt nit vor bewert das sie nit werde
EHB.tei.xml;EHB_24301280_2;fraw;;ANNOTATE;;ja;;NOM;;lexicon.xml#lemma_7260;;variants.xml#type_43131;lemma_7260;NOM;high;Die MHG-normalisierte Schreibung traegt im gesamten Korpus nur lemma_7260, und lemma_7260 fuehrt genau eine Wortart (NOM). Keine Kontextentscheidung noetig.;heimlich vnd verporgen vnd ging durch den berg biß zu der kamern darinne läge die **fraw** was oben mit dörnen verwachsen vnd in der kamern mit thüre vnd rigeln vermacht als
EHB.tei.xml;EHB_24302100_9;fraw;;ANNOTATE;;ja;;NOM;;lexicon.xml#lemma_7260;;variants.xml#type_43131;lemma_7260;NOM;high;Die MHG-normalisierte Schreibung traegt im gesamten Korpus nur lemma_7260, und lemma_7260 fuehrt genau eine Wortart (NOM). Keine Kontextentscheidung noetig.;lebten in großen freüden vnd wollust ging darnach wider in das loch das beschloß die **fraw** stund auff vnd ging herfür als sollichs von in beýden zu merern male geübet ward
EHB.tei.xml;EHB_24312190_5;fraw;;ANNOTATE;;ja;;NOM;;lexicon.xml#lemma_7260;;variants.xml#type_43131;lemma_7260;NOM;high;Die MHG-normalisierte Schreibung traegt im gesamten Korpus nur lemma_7260, und lemma_7260 fuehrt genau eine Wortart (NOM). Keine Kontextentscheidung noetig.;was müssig gien vnd wollust in mannen vnd frawen thün vnd schaffen ich bin ein **fraw** von dir geborn iunck vnd voller begire hab vor ein man gehabt vnd enpfunden der
EHB.tei.xml;EHB_25332001_3;fraw;;ANNOTATE;;ja;;NOM;;lexicon.xml#lemma_7260;;variants.xml#type_43131;lemma_7260;NOM;high;Die MHG-normalisierte Schreibung traegt im gesamten Korpus nur lemma_7260, und lemma_7260 fuehrt genau eine Wortart (NOM). Keine Kontextentscheidung noetig.;wie sich ein **fraw** halten solle in abwesen irs mannes
EHB.tei.xml;EHB_25332020_2;fraw;;ANNOTATE;;ja;;NOM;;lexicon.xml#lemma_7260;;variants.xml#type_43131;lemma_7260;NOM;high;Die MHG-normalisierte Schreibung traegt im gesamten Korpus nur lemma_7260, und lemma_7260 fuehrt genau eine Wortart (NOM). Keine Kontextentscheidung noetig.;dise hernachgeschriben hýstori oder fabel gibt zuuersteen wie sich ein **fraw** halten solle in abwesen irs mannes die ich auch auff das kürtzt auß latein in
EHB.tei.xml;EHB_25341180_15;fraw;;ANNOTATE;;ja;;NOM;;lexicon.xml#lemma_7260;;variants.xml#type_43131;lemma_7260;NOM;high;Die MHG-normalisierte Schreibung traegt im gesamten Korpus nur lemma_7260, und lemma_7260 fuehrt genau eine Wortart (NOM). Keine Kontextentscheidung noetig.;übel sein vns beiden gemein ich bedenck wie du ein starcke hübsche zarte lustige iunge **fraw** pist vnd erkenne was die jugent die gestalt vnd verporgene inwenndige hitze der natur würcken
EHB.tei.xml;EHB_25361120_6;fraw;;ANNOTATE;;ja;;NOM;;lexicon.xml#lemma_7260;;variants.xml#type_43131;lemma_7260;NOM;high;Die MHG-normalisierte Schreibung traegt im gesamten Korpus nur lemma_7260, und lemma_7260 fuehrt genau eine Wortart (NOM). Keine Kontextentscheidung noetig.;vntter die augen vnd wolt nit sehen in das vennster der frawen sollichs thet die **fraw** zu mererm male do sie den doctor domit nit bewegen mocht schickt sie zu im
EHB.tei.xml;EHB_25361150_8;fraw;;ANNOTATE;;ja;;NOM;;lexicon.xml#lemma_7260;;variants.xml#type_43131;lemma_7260;NOM;high;Die MHG-normalisierte Schreibung traegt im gesamten Korpus nur lemma_7260, und lemma_7260 fuehrt genau eine Wortart (NOM). Keine Kontextentscheidung noetig.;on verziehen zu ir in großen nötigen sachen sollt komen der doctor bedacht wie die **fraw** etwas mit gericht beladen were vnd ward sich fügen zu der frawen marina wiewol sie
EHB.tei.xml;EHB_25361200_2;fraw;;ANNOTATE;;ja;;NOM;;lexicon.xml#lemma_7260;;variants.xml#type_43131;lemma_7260;NOM;high;Die MHG-normalisierte Schreibung traegt im gesamten Korpus nur lemma_7260, und lemma_7260 fuehrt genau eine Wortart (NOM). Keine Kontextentscheidung noetig.;dingen die maýd ward den doctor empfahen vndter der thüre do kam ime entgegen die **fraw** empfieng in wirdigklichen mit freüden vnd nam in mit irer weissen linden hennde vnd sprach
EHB.tei.xml;EHB_25361260_0;fraw;;ANNOTATE;;ja;;NOM;;lexicon.xml#lemma_7260;;variants.xml#type_43131;lemma_7260;NOM;high;Die MHG-normalisierte Schreibung traegt im gesamten Korpus nur lemma_7260, und lemma_7260 fuehrt genau eine Wortart (NOM). Keine Kontextentscheidung noetig.;wolgestalt der frawen die geziere der camern vnd was es möcht beteüten vnd erschrack die **fraw** ward enzündet sahe an den doctor mit steten augen vnd finge an mit im zureden
EHB.tei.xml;EHB_25371270_0;fraw;;ANNOTATE;;ja;;NOM;;lexicon.xml#lemma_7260;;variants.xml#type_43131;lemma_7260;NOM;high;Die MHG-normalisierte Schreibung traegt im gesamten Korpus nur lemma_7260, und lemma_7260 fuehrt genau eine Wortart (NOM). Keine Kontextentscheidung noetig.;als ich des ein getrawen zu dir hab vnd dich in lieb will ergetzen die **fraw** ward verdrießen die lange zeit die sie erharren solt doch do sie höret die süßen
EHB.tei.xml;EHB_25372120_1;fraw;;ANNOTATE;;ja;;NOM;;lexicon.xml#lemma_7260;;variants.xml#type_43131;lemma_7260;NOM;high;Die MHG-normalisierte Schreibung traegt im gesamten Korpus nur lemma_7260, und lemma_7260 fuehrt genau eine Wortart (NOM). Keine Kontextentscheidung noetig.;wir bald abrichten vnd mit mer andern worten schied er von ir als nun die **fraw** siben tag geuastet het vnd sich die natürlich hitze in ir ward schwechen ward sie
EHB.tei.xml;EHB_25372220_11;fraw;;ANNOTATE;;ja;;NOM;;lexicon.xml#lemma_7260;;variants.xml#type_43131;lemma_7260;NOM;high;Die MHG-normalisierte Schreibung traegt im gesamten Korpus nur lemma_7260, und lemma_7260 fuehrt genau eine Wortart (NOM). Keine Kontextentscheidung noetig.;sein noch kurtzer funffzehen tag vorhanden die wollen wir enden mitt freüden noch vername die **fraw** nit was des doctors mainnung was do sie nun sechßvndzweintzig tag geuastet het do ward
EHB.tei.xml;EHB_27392120_8;fraw;;ANNOTATE;;ja;;NOM;;lexicon.xml#lemma_7260;;variants.xml#type_43131;lemma_7260;NOM;high;Die MHG-normalisierte Schreibung traegt im gesamten Korpus nur lemma_7260, und lemma_7260 fuehrt genau eine Wortart (NOM). Keine Kontextentscheidung noetig.;wer ist ir ein erfinder vnd lerer gewest das sein gewesen die frawen isis die **fraw** hat nit allein die ersten buchstaben in egýpten sünder auch wie das erttrich zupawen seý
EHB.tei.xml;EHB_27392210_1;fraw;;ANNOTATE;;ja;;NOM;;lexicon.xml#lemma_7260;;variants.xml#type_43131;lemma_7260;NOM;high;Die MHG-normalisierte Schreibung traegt im gesamten Korpus nur lemma_7260, und lemma_7260 fuehrt genau eine Wortart (NOM). Keine Kontextentscheidung noetig.;geschriben die nach irem tode gebraucht worden sein aspasia ist vast ein gelerte vnd wolredende **fraw** gewest also das sich socrates nit geschamet hat etlich kunst von ir zulernen so hat
EHB.tei.xml;EHB_33522140_0;fraw;;ANNOTATE;;ja;;NOM;;lexicon.xml#lemma_7260;;variants.xml#type_43131;lemma_7260;NOM;high;Die MHG-normalisierte Schreibung traegt im gesamten Korpus nur lemma_7260, und lemma_7260 fuehrt genau eine Wortart (NOM). Keine Kontextentscheidung noetig.;liebe frawen an adel vnd geschlecht seins gleýchen die hat geperen ein tochter als die **fraw** mit tod abgangen was da ward der künig sein augen werffen in sein leipliche tochter
EHB.tei.xml;EHB_33541050_4;fraw;;ANNOTATE;;ja;;NOM;;lexicon.xml#lemma_7260;;variants.xml#type_43131;lemma_7260;NOM;high;Die MHG-normalisierte Schreibung traegt im gesamten Korpus nur lemma_7260, und lemma_7260 fuehrt genau eine Wortart (NOM). Keine Kontextentscheidung noetig.;vmbfieng vnd küsset die frawen vndterstunde sie mit hübschen wortten von sollichem fragen abwenden die **fraw** wolt nit ablaßen vnd die sachen wissen sünst hýelt sie es für das er ir
EHB.tei.xml;EHB_33541110_10;fraw;;ANNOTATE;;ja;;NOM;;lexicon.xml#lemma_7260;;variants.xml#type_43131;lemma_7260;NOM;high;Die MHG-normalisierte Schreibung traegt im gesamten Korpus nur lemma_7260, und lemma_7260 fuehrt genau eine Wortart (NOM). Keine Kontextentscheidung noetig.;peütel vnd ringe darinnen die er beý im hett vndter dem mantel die sahe die **fraw** mit vleýß vnd erkant von stunde solliche zeichen irer vnseligkeit do ward verwundet ir hertz
EHB.tei.xml;EHB_33541200_3;fraw;;ANNOTATE;;ja;;NOM;;lexicon.xml#lemma_7260;;variants.xml#type_43131;lemma_7260;NOM;high;Die MHG-normalisierte Schreibung traegt im gesamten Korpus nur lemma_7260, und lemma_7260 fuehrt genau eine Wortart (NOM). Keine Kontextentscheidung noetig.;alles seines trawrens vnd versücht allein wie er die frawen möcht stillen vnd getrösten die **fraw** thet als gemeinlich die frawen thun die in irem fürsatze beleiben biß sie die warheýt
EHB.tei.xml;EHB_33542100_0;fraw;;ANNOTATE;;ja;;NOM;;lexicon.xml#lemma_7260;;variants.xml#type_43131;lemma_7260;NOM;high;Die MHG-normalisierte Schreibung traegt im gesamten Korpus nur lemma_7260, und lemma_7260 fuehrt genau eine Wortart (NOM). Keine Kontextentscheidung noetig.;sollt vnd gedacht das sollich bekummernuß der frawen geschee von seinen wegen das in die **fraw** villeicht als ein fündelkindt wolt verschmehen hube sie auff von der erden vnd sprach zu
EIH.tei.xml;EIH_35380_4;frow;3538;ANNOTATE;;ja;;NOM;;lexicon.xml#lemma_7260;;variants.xml#type_25985;lemma_7260;NOM;high;Die MHG-normalisierte Schreibung traegt im gesamten Korpus nur lemma_7260, und lemma_7260 fuehrt genau eine Wortart (NOM). Keine Kontextentscheidung noetig.;trystrand was sol ich her zuo dir / er sprach **frow** helffend mir / das mir min herr sin huld gebe
FLG.tei.xml;FLG_1041110_16;frovwe;;ANNOTATE;;ja;NOM;NOM;;lexicon.xml#lemma_7260;;variants.xml#type_80904;lemma_7260;NOM;high;Die MHG-normalisierte Schreibung traegt im gesamten Korpus nur lemma_7260, und lemma_7260 fuehrt genau eine Wortart (NOM). Keine Kontextentscheidung noetig.;zuo mir komen und ir hant mir alles benomen das ich in ertrich ie gewan **frovwe** kúnegin ir hant einen seligen wehsel getan frovwe minne ir hant mir benomen mine kintheit
FLG.tei.xml;FLG_1041270_9;frov;;ANNOTATE;;ja;NOM;NOM;;lexicon.xml#lemma_7260;;variants.xml#type_80906;lemma_7260;NOM;high;Die MHG-normalisierte Schreibung traegt im gesamten Korpus nur lemma_7260, und lemma_7260 fuehrt genau eine Wortart (NOM). Keine Kontextentscheidung noetig.;so nement reht mich selben frovwe minne nu hant ir mir vergolten hundertvalt in ertriche **frov** kúnegin noch hant ir ze vordernde got und alles sin riche
FLG1.tei.xml;FLG1_7269170160_15;vrov;;ANNOTATE;;ja;;NOM;;lexicon.xml#lemma_7260;;variants.xml#type_73280;lemma_7260;NOM;high;Die MHG-normalisierte Schreibung traegt im gesamten Korpus nur lemma_7260, und lemma_7260 fuehrt genau eine Wortart (NOM). Keine Kontextentscheidung noetig.;vromen wan ich es im widergeben sol so bedarf ich siner gnaden wol die bekentnisse **vrov** gewissende ir sint sere gebunden mit der werelte súnden und geistlicher lúten unvollekomenheit tuot úch
FLG1.tei.xml;FLG1_7270170340_14;vrov;;ANNOTATE;;ja;;NOM;;lexicon.xml#lemma_7260;;variants.xml#type_73280;lemma_7260;NOM;high;Die MHG-normalisierte Schreibung traegt im gesamten Korpus nur lemma_7260, und lemma_7260 fuehrt genau eine Wortart (NOM). Keine Kontextentscheidung noetig.;geist das minnebrennen zuo úns in allen únsern guoten werken in rehter diemuetekeit die bekentnisse **vrov** gewissede die stetikeit an guoten dingen das ist ein arbeitende minne der mag man nit
FR3.tei.xml;FR3_105207010050_3;fraw;5;ANNOTATE;;ja;;NOM;;lexicon.xml#lemma_7260;;variants.xml#type_43131;lemma_7260;NOM;high;Die MHG-normalisierte Schreibung traegt im gesamten Korpus nur lemma_7260, und lemma_7260 fuehrt genau eine Wortart (NOM). Keine Kontextentscheidung noetig.;der drier nam ein close / behut mich **fraw** vor sunden sit du bist gottes rose / jhesus din kint min schopfer ist und der hat mich geschaffen
FR3.tei.xml;FR3_105220010050_11;fraw;5;ANNOTATE;;ja;;NOM;;lexicon.xml#lemma_7260;;variants.xml#type_43131;lemma_7260;NOM;high;Die MHG-normalisierte Schreibung traegt im gesamten Korpus nur lemma_7260, und lemma_7260 fuehrt genau eine Wortart (NOM). Keine Kontextentscheidung noetig.;welches er wolt beginnen / er würde truncken er stifte mort er swecht ein **fraw** zur minnen / got sprach ich wil sin nit enbern du must ir eines dulden
FR3.tei.xml;FR3_105220010110_9;fraw;11;ANNOTATE;;ja;;NOM;;lexicon.xml#lemma_7260;;variants.xml#type_43131;lemma_7260;NOM;high;Die MHG-normalisierte Schreibung traegt im gesamten Korpus nur lemma_7260, und lemma_7260 fuehrt genau eine Wortart (NOM). Keine Kontextentscheidung noetig.;sin sinn im gar zerswunden / er wart truncken er stiftet mort ein **fraw** er swachen gunde / sant urban sprach ich bin sin wer der win hat nit min hulden
FR3.tei.xml;FR3_105221010120_2;fraw;12;ANNOTATE;;ja;;NOM;;lexicon.xml#lemma_7260;;variants.xml#type_43131;lemma_7260;NOM;high;Die MHG-normalisierte Schreibung traegt im gesamten Korpus nur lemma_7260, und lemma_7260 fuehrt genau eine Wortart (NOM). Keine Kontextentscheidung noetig.;du kusche meit geboren wart der hilft uns uß der swerde / die uns **fraw** eva hat gestift al in dem paradise / du bist die usserwelte glut
FR3.tei.xml;FR3_105222010050_6;fraw;5;ANNOTATE;;ja;;NOM;;lexicon.xml#lemma_7260;;variants.xml#type_43131;lemma_7260;NOM;high;Die MHG-normalisierte Schreibung traegt im gesamten Korpus nur lemma_7260, und lemma_7260 fuehrt genau eine Wortart (NOM). Keine Kontextentscheidung noetig.;ob icht der tufel keme / mich bringen wolt in arebeit **fraw** dir daz nit anzeme / ob du mich liessest in der not sin spot mit mir so triben
FR3.tei.xml;FR3_105222010120_4;fraw;12;ANNOTATE;;ja;;NOM;;lexicon.xml#lemma_7260;;variants.xml#type_43131;lemma_7260;NOM;high;Die MHG-normalisierte Schreibung traegt im gesamten Korpus nur lemma_7260, und lemma_7260 fuehrt genau eine Wortart (NOM). Keine Kontextentscheidung noetig.;vor got und alle gute werck soltu ir helffen bringen / und nim mich **fraw** in din gewalt heiß mir die warheit schriben / daz dort die sele möge jehen
FR3.tei.xml;FR3_105222030440_8;fraw;44;ANNOTATE;;ja;;NOM;;lexicon.xml#lemma_7260;;variants.xml#type_43131;lemma_7260;NOM;high;Die MHG-normalisierte Schreibung traegt im gesamten Korpus nur lemma_7260, und lemma_7260 fuehrt genau eine Wortart (NOM). Keine Kontextentscheidung noetig.;nu hilff daz dir si gach nach mir maria du vil süße / mit allem himmelischen her kum du mir **fraw** zu stüre / den tufel trib von mir der bös geleides man
FR3.tei.xml;FR3_105222030570_8;fraw;57;ANNOTATE;;ja;;NOM;;lexicon.xml#lemma_7260;;variants.xml#type_43131;lemma_7260;NOM;high;Die MHG-normalisierte Schreibung traegt im gesamten Korpus nur lemma_7260, und lemma_7260 fuehrt genau eine Wortart (NOM). Keine Kontextentscheidung noetig.;die hat ein gruwelichen slunt / maria dines kindes rich herwirb uns **fraw** gehüre
FR3.tei.xml;FR3_207208020330_0;fraw;33;ANNOTATE;;ja;;NOM;;lexicon.xml#lemma_7260;;variants.xml#type_43131;lemma_7260;NOM;high;Die MHG-normalisierte Schreibung traegt im gesamten Korpus nur lemma_7260, und lemma_7260 fuehrt genau eine Wortart (NOM). Keine Kontextentscheidung noetig.;ich frag euch sunder lassen / **fraw** küniginne wie ist ewer nam / die pösen sol man hassen
FR3.tei.xml;FR3_207208020370_1;fraw;37;ANNOTATE;;ja;;NOM;;lexicon.xml#lemma_7260;;variants.xml#type_43131;lemma_7260;NOM;high;Die MHG-normalisierte Schreibung traegt im gesamten Korpus nur lemma_7260, und lemma_7260 fuehrt genau eine Wortart (NOM). Keine Kontextentscheidung noetig.;die gute die sprach altzuhant / **fraw** ere so pin ich genannt / unweip die sint beslossen in mein vesten
FR3.tei.xml;FR3_308215010160_3;fraw;16;ANNOTATE;;ja;;NOM;;lexicon.xml#lemma_7260;;variants.xml#type_43131;lemma_7260;NOM;high;Die MHG-normalisierte Schreibung traegt im gesamten Korpus nur lemma_7260, und lemma_7260 fuehrt genau eine Wortart (NOM). Keine Kontextentscheidung noetig.;in himmelriche dort im paradise / bistu bekronet mit **fraw** eren rise / wo wart ie man so wise
FR3.tei.xml;FR3_109206050910_6;fraw;91;ANNOTATE;;ja;;NOM;;lexicon.xml#lemma_7260;;variants.xml#type_43131;lemma_7260;NOM;high;Die MHG-normalisierte Schreibung traegt im gesamten Korpus nur lemma_7260, und lemma_7260 fuehrt genau eine Wortart (NOM). Keine Kontextentscheidung noetig.;mit heiligen virtzig tagen / wol an der cristenheit beide **fraw** unde man / sie sollent luter ire schuld erclagen
FR3.tei.xml;FR3_110204010140_2;fraw;14;ANNOTATE;;ja;;NOM;;lexicon.xml#lemma_7260;;variants.xml#type_43131;lemma_7260;NOM;high;Die MHG-normalisierte Schreibung traegt im gesamten Korpus nur lemma_7260, und lemma_7260 fuehrt genau eine Wortart (NOM). Keine Kontextentscheidung noetig.;das wart in ir so gar ein benedeiter last / hilff **fraw** der sel der letzten vart / da maniger erpidmet
FR3.tei.xml;FR3_310204010140_1;fraw;14;ANNOTATE;;ja;;NOM;;lexicon.xml#lemma_7260;;variants.xml#type_43131;lemma_7260;NOM;high;Die MHG-normalisierte Schreibung traegt im gesamten Korpus nur lemma_7260, und lemma_7260 fuehrt genau eine Wortart (NOM). Keine Kontextentscheidung noetig.;und wa gebar ie maid auff erd so reichen gast / ach **fraw** pehüt uns immer me / vor ewig todes pidmen
FR3.tei.xml;FR3_410204010140_3;fraw;14;ANNOTATE;;ja;;NOM;;lexicon.xml#lemma_7260;;variants.xml#type_43131;lemma_7260;NOM;high;Die MHG-normalisierte Schreibung traegt im gesamten Korpus nur lemma_7260, und lemma_7260 fuehrt genau eine Wortart (NOM). Keine Kontextentscheidung noetig.;und in ir wart zu eim gebenediten last / hilff uns **fraw** dar da niemant me / von tode sicher bidmet
FR3.tei.xml;FR3_110207050740_4;fraw;74;ANNOTATE;;ja;;NOM;;lexicon.xml#lemma_7260;;variants.xml#type_43131;lemma_7260;NOM;high;Die MHG-normalisierte Schreibung traegt im gesamten Korpus nur lemma_7260, und lemma_7260 fuehrt genau eine Wortart (NOM). Keine Kontextentscheidung noetig.;maria du bist hie und dort der hochste rat / du brecht uns **fraw** den lichten tag / beschirm uns an dem ende
FR3.tei.xml;FR3_111207010120_2;fraw;12;ANNOTATE;;ja;;NOM;;lexicon.xml#lemma_7260;;variants.xml#type_43131;lemma_7260;NOM;high;Die MHG-normalisierte Schreibung traegt im gesamten Korpus nur lemma_7260, und lemma_7260 fuehrt genau eine Wortart (NOM). Keine Kontextentscheidung noetig.;ir jungen plüt mit seligkeit / mir hat **fraw** er von ir gesait / das sie so lust perende clait
FR3.tei.xml;FR3_111211050700_0;fraw;70;ANNOTATE;;ja;;NOM;;lexicon.xml#lemma_7260;;variants.xml#type_43131;lemma_7260;NOM;high;Die MHG-normalisierte Schreibung traegt im gesamten Korpus nur lemma_7260, und lemma_7260 fuehrt genau eine Wortart (NOM). Keine Kontextentscheidung noetig.;ach zarter herr dich müt die schulde / **fraw** even darumb bit du mit gedulde / wann du hast uns verfluchten schar
FR3.tei.xml;FR3_114202010140_1;fraw;14;ANNOTATE;;ja;;NOM;;lexicon.xml#lemma_7260;;variants.xml#type_43131;lemma_7260;NOM;high;Die MHG-normalisierte Schreibung traegt im gesamten Korpus nur lemma_7260, und lemma_7260 fuehrt genau eine Wortart (NOM). Keine Kontextentscheidung noetig.;der letzte sin ist mein / ach **fraw** thu hilffe schein
FR3.tei.xml;FR3_215388010390_3;fraw;39;ANNOTATE;;ja;;NOM;;lexicon.xml#lemma_7260;;variants.xml#type_43131;lemma_7260;NOM;high;Die MHG-normalisierte Schreibung traegt im gesamten Korpus nur lemma_7260, und lemma_7260 fuehrt genau eine Wortart (NOM). Keine Kontextentscheidung noetig.;durchleicht den tag in diser zeit / also erfreut die **fraw** des manns gemüte / o reines weib dein lob ich fürbas ere
FR3.tei.xml;FR3_215388010450_1;fraw;45;ANNOTATE;;ja;;NOM;;lexicon.xml#lemma_7260;;variants.xml#type_43131;lemma_7260;NOM;high;Die MHG-normalisierte Schreibung traegt im gesamten Korpus nur lemma_7260, und lemma_7260 fuehrt genau eine Wortart (NOM). Keine Kontextentscheidung noetig.;ir lob das stat in also reicher plüte / o **fraw** du selden reicher hort / das ich dir hie spriche aus meinem munde
GWTK.tei.xml;GWTK_3120014600_0;frow;146;ANNOTATE;;ja;;NOM;;lexicon.xml#lemma_7260;;variants.xml#type_25985;lemma_7260;NOM;high;Die MHG-normalisierte Schreibung traegt im gesamten Korpus nur lemma_7260, und lemma_7260 fuehrt genau eine Wortart (NOM). Keine Kontextentscheidung noetig.;was du gebüttest das sol sin / **frow** und lïbe mütter min / hectör sich do under wand
GWTK.tei.xml;GWTK_3210015600_5;frow;156;ANNOTATE;;ja;;NOM;;lexicon.xml#lemma_7260;;variants.xml#type_25985;lemma_7260;NOM;high;Die MHG-normalisierte Schreibung traegt im gesamten Korpus nur lemma_7260, und lemma_7260 fuehrt genau eine Wortart (NOM). Keine Kontextentscheidung noetig.;volbringen müsse also / das sy in hertzen werde **frow** / ain schnelles ross ward im verdacht
GWTK.tei.xml;GWTK_10210058800_1;frow;588;ANNOTATE;;ja;;NOM;;lexicon.xml#lemma_7260;;variants.xml#type_25985;lemma_7260;NOM;high;Die MHG-normalisierte Schreibung traegt im gesamten Korpus nur lemma_7260, und lemma_7260 fuehrt genau eine Wortart (NOM). Keine Kontextentscheidung noetig.;denn von in baiden da geschach / dü **frow** uss rottem munde sprach / wo er den maister hett verlön
GWTK.tei.xml;GWTK_10220059200_4;frow;592;ANNOTATE;;ja;;NOM;;lexicon.xml#lemma_7260;;variants.xml#type_25985;lemma_7260;NOM;high;Die MHG-normalisierte Schreibung traegt im gesamten Korpus nur lemma_7260, und lemma_7260 fuehrt genau eine Wortart (NOM). Keine Kontextentscheidung noetig.;uss miltem mütt ir sun der held / er sprach **frow** ob ir wellt / enpfachen den künstenrichen man
GWTK.tei.xml;GWTK_11210062700_2;frow;627;ANNOTATE;;ja;;NOM;;lexicon.xml#lemma_7260;;variants.xml#type_25985;lemma_7260;NOM;high;Die MHG-normalisierte Schreibung traegt im gesamten Korpus nur lemma_7260, und lemma_7260 fuehrt genau eine Wortart (NOM). Keine Kontextentscheidung noetig.;der fürtt sin amye / und iede **frow** wider ir amiss / suss ward der hoff nach hocher wiss
GWTK.tei.xml;GWTK_15110083600_3;frow;836;ANNOTATE;;ja;;NOM;;lexicon.xml#lemma_7260;;variants.xml#type_25985;lemma_7260;NOM;high;Die MHG-normalisierte Schreibung traegt im gesamten Korpus nur lemma_7260, und lemma_7260 fuehrt genau eine Wortart (NOM). Keine Kontextentscheidung noetig.;ain kind daz du undern brüsten traist / daz du **frow** vil wol waist / und kumptt es für da wirtt ain held
GWTK.tei.xml;GWTK_15110085700_3;frow;857;ANNOTATE;;ja;;NOM;;lexicon.xml#lemma_7260;;variants.xml#type_25985;lemma_7260;NOM;high;Die MHG-normalisierte Schreibung traegt im gesamten Korpus nur lemma_7260, und lemma_7260 fuehrt genau eine Wortart (NOM). Keine Kontextentscheidung noetig.;er sprach durch kainer schlachtte sold / bin ich **frow** her gefarn / gott müsse üwer erre bewarn
GWTK.tei.xml;GWTK_22210127900_5;frow;1279;ANNOTATE;;ja;;NOM;;lexicon.xml#lemma_7260;;variants.xml#type_25985;lemma_7260;NOM;high;Die MHG-normalisierte Schreibung traegt im gesamten Korpus nur lemma_7260, und lemma_7260 fuehrt genau eine Wortart (NOM). Keine Kontextentscheidung noetig.;do sy schadens nitt enfand / des was ir hertze unmassen **frow** / gegen der blatten bott sy do
GWTK.tei.xml;GWTK_32110185100_3;frow;1851;ANNOTATE;;ja;;NOM;;lexicon.xml#lemma_7260;;variants.xml#type_25985;lemma_7260;NOM;high;Die MHG-normalisierte Schreibung traegt im gesamten Korpus nur lemma_7260, und lemma_7260 fuehrt genau eine Wortart (NOM). Keine Kontextentscheidung noetig.;werlich nüt won rechtte / gebïttend **frow** waz ir weltt / und sprechend sprach der held
GWTK.tei.xml;GWTK_34110193800_2;frow;1938;ANNOTATE;;ja;;NOM;;lexicon.xml#lemma_7260;;variants.xml#type_25985;lemma_7260;NOM;high;Die MHG-normalisierte Schreibung traegt im gesamten Korpus nur lemma_7260, und lemma_7260 fuehrt genau eine Wortart (NOM). Keine Kontextentscheidung noetig.;dü selbe die trett wiss gewand / und ist **frow** pallass genantt / dü ander daz ist grünne watt
GWTK.tei.xml;GWTK_34220197600_2;frow;1976;ANNOTATE;;ja;;NOM;;lexicon.xml#lemma_7260;;variants.xml#type_25985;lemma_7260;NOM;high;Die MHG-normalisierte Schreibung traegt im gesamten Korpus nur lemma_7260, und lemma_7260 fuehrt genau eine Wortart (NOM). Keine Kontextentscheidung noetig.;kam do waz es worden nacht / dü zartte **frow** vil geschlachtt / fragett in öne schwer
GWTK.tei.xml;GWTK_34220198200_0;frow;1982;ANNOTATE;;ja;;NOM;;lexicon.xml#lemma_7260;;variants.xml#type_25985;lemma_7260;NOM;high;Die MHG-normalisierte Schreibung traegt im gesamten Korpus nur lemma_7260, und lemma_7260 fuehrt genau eine Wortart (NOM). Keine Kontextentscheidung noetig.;was ochssen und schaffen gütt / **frow** lautt mir gott den mütt / morgens ker ich aber dar
GWTK.tei.xml;GWTK_36220210200_0;frow;2102;ANNOTATE;;ja;;NOM;;lexicon.xml#lemma_7260;;variants.xml#type_25985;lemma_7260;NOM;high;Die MHG-normalisierte Schreibung traegt im gesamten Korpus nur lemma_7260, und lemma_7260 fuehrt genau eine Wortart (NOM). Keine Kontextentscheidung noetig.;mitt schneller rede underschaid / **frow** juno ward daz öps versaitt / wes sol ich arme magett bitten
GWTK.tei.xml;GWTK_37110210700_4;frow;2107;ANNOTATE;;ja;;NOM;;lexicon.xml#lemma_7260;;variants.xml#type_25985;lemma_7260;NOM;high;Die MHG-normalisierte Schreibung traegt im gesamten Korpus nur lemma_7260, und lemma_7260 fuehrt genau eine Wortart (NOM). Keine Kontextentscheidung noetig.;verseitt mirs denn der held gütt / fürbass enwird ich niemer **frow** / paris sprach zü der magte do
GWTK.tei.xml;GWTK_38110217800_0;frow;2178;ANNOTATE;;ja;;NOM;;lexicon.xml#lemma_7260;;variants.xml#type_25985;lemma_7260;NOM;high;Die MHG-normalisierte Schreibung traegt im gesamten Korpus nur lemma_7260, und lemma_7260 fuehrt genau eine Wortart (NOM). Keine Kontextentscheidung noetig.;wurden do senftes müttes / **frow** venus sy wol güttes / gundentt alle geliche
GWTK.tei.xml;GWTK_41210237900_2;frow;2379;ANNOTATE;;ja;;NOM;;lexicon.xml#lemma_7260;;variants.xml#type_25985;lemma_7260;NOM;high;Die MHG-normalisierte Schreibung traegt im gesamten Korpus nur lemma_7260, und lemma_7260 fuehrt genau eine Wortart (NOM). Keine Kontextentscheidung noetig.;vil riches wisstumes / haustu **frow** verigeltt / din rainer lib besigeltt
GWTK.tei.xml;GWTK_47220271300_1;frow;2713;ANNOTATE;;ja;;NOM;;lexicon.xml#lemma_7260;;variants.xml#type_25985;lemma_7260;NOM;high;Die MHG-normalisierte Schreibung traegt im gesamten Korpus nur lemma_7260, und lemma_7260 fuehrt genau eine Wortart (NOM). Keine Kontextentscheidung noetig.;ich waiss daz es im senfte tüt / die **frow** fürtt den jungen hin / da manig edel megettin
GWTK.tei.xml;GWTK_48220276900_3;frow;2769;ANNOTATE;;ja;;NOM;;lexicon.xml#lemma_7260;;variants.xml#type_25985;lemma_7260;NOM;high;Die MHG-normalisierte Schreibung traegt im gesamten Korpus nur lemma_7260, und lemma_7260 fuehrt genau eine Wortart (NOM). Keine Kontextentscheidung noetig.;baiden wol gevalle / do dis dü **frow** do enpfand / daz der junge wigand
GWTK.tei.xml;GWTK_50110285500_4;frow;2855;ANNOTATE;;ja;;NOM;;lexicon.xml#lemma_7260;;variants.xml#type_25985;lemma_7260;NOM;high;Die MHG-normalisierte Schreibung traegt im gesamten Korpus nur lemma_7260, und lemma_7260 fuehrt genau eine Wortart (NOM). Keine Kontextentscheidung noetig.;der wirtt ee trurenklichen sass / der schnelle waz worden **frow** / die gevangnen do
GWTK.tei.xml;GWTK_57110326000_1;frow;3260;ANNOTATE;;ja;;NOM;;lexicon.xml#lemma_7260;;variants.xml#type_25985;lemma_7260;NOM;high;Die MHG-normalisierte Schreibung traegt im gesamten Korpus nur lemma_7260, und lemma_7260 fuehrt genau eine Wortart (NOM). Keine Kontextentscheidung noetig.;ich was aber uff den wegen / lïbe **frow** nach tod gelegen / won mir geschwinden trost
GWTK.tei.xml;GWTK_62220361100_2;frow;3611;ANNOTATE;;ja;;NOM;;lexicon.xml#lemma_7260;;variants.xml#type_25985;lemma_7260;NOM;high;Die MHG-normalisierte Schreibung traegt im gesamten Korpus nur lemma_7260, und lemma_7260 fuehrt genau eine Wortart (NOM). Keine Kontextentscheidung noetig.;er ist sellig wem daz haill beschicht / der sy **frow** unde gaill
GWTK.tei.xml;GWTK_64110370600_1;frow;3706;ANNOTATE;;ja;;NOM;;lexicon.xml#lemma_7260;;variants.xml#type_25985;lemma_7260;NOM;high;Die MHG-normalisierte Schreibung traegt im gesamten Korpus nur lemma_7260, und lemma_7260 fuehrt genau eine Wortart (NOM). Keine Kontextentscheidung noetig.;do ward ze husse gegan / iedü **frow** sunder wan / entwaffnett da ir amyss
GWTK.tei.xml;GWTK_65110377000_4;frow;3770;ANNOTATE;;ja;;NOM;;lexicon.xml#lemma_7260;;variants.xml#type_25985;lemma_7260;NOM;high;Die MHG-normalisierte Schreibung traegt im gesamten Korpus nur lemma_7260, und lemma_7260 fuehrt genau eine Wortart (NOM). Keine Kontextentscheidung noetig.;dü allte kaysserine do / ward des kindes willen **frow** / da sy die tugend an ir sach
GWTK.tei.xml;GWTK_66110382300_3;frow;3823;ANNOTATE;;ja;;NOM;;lexicon.xml#lemma_7260;;variants.xml#type_25985;lemma_7260;NOM;high;Die MHG-normalisierte Schreibung traegt im gesamten Korpus nur lemma_7260, und lemma_7260 fuehrt genau eine Wortart (NOM). Keine Kontextentscheidung noetig.;den gold schmiden ward erkantt / den bott dü **frow** allen sold / daz sy von arabya gold
GWTK.tei.xml;GWTK_67220392000_1;frow;3920;ANNOTATE;;ja;;NOM;;lexicon.xml#lemma_7260;;variants.xml#type_25985;lemma_7260;NOM;high;Die MHG-normalisierte Schreibung traegt im gesamten Korpus nur lemma_7260, und lemma_7260 fuehrt genau eine Wortart (NOM). Keine Kontextentscheidung noetig.;menig bilde mineklich / iecklich **frow** besunderlich / sol haben in ieren henden vin
GWTK.tei.xml;GWTK_71110410400_1;frow;4104;ANNOTATE;;ja;;NOM;;lexicon.xml#lemma_7260;;variants.xml#type_25985;lemma_7260;NOM;high;Die MHG-normalisierte Schreibung traegt im gesamten Korpus nur lemma_7260, und lemma_7260 fuehrt genau eine Wortart (NOM). Keine Kontextentscheidung noetig.;müss umb den lïbsten man / den **frow** ze trutt ie gewan / wa ward er iemer funden
GWTK.tei.xml;GWTK_71110412200_5;frow;4122;ANNOTATE;;ja;;NOM;;lexicon.xml#lemma_7260;;variants.xml#type_25985;lemma_7260;NOM;high;Die MHG-normalisierte Schreibung traegt im gesamten Korpus nur lemma_7260, und lemma_7260 fuehrt genau eine Wortart (NOM). Keine Kontextentscheidung noetig.;mitt der tjoste hett geton / sy sprach junge **frow** ursyon / er ist ain man dem nieman mag
GWTK.tei.xml;GWTK_71210415600_4;frow;4156;ANNOTATE;;ja;;NOM;;lexicon.xml#lemma_7260;;variants.xml#type_25985;lemma_7260;NOM;high;Die MHG-normalisierte Schreibung traegt im gesamten Korpus nur lemma_7260, und lemma_7260 fuehrt genau eine Wortart (NOM). Keine Kontextentscheidung noetig.;laudorie wiplichen sprach / ich bin **frow** nitt so schwach / an erre noch an gütte
GWTK.tei.xml;GWTK_71210415900_3;frow;4159;ANNOTATE;;ja;;NOM;;lexicon.xml#lemma_7260;;variants.xml#type_25985;lemma_7260;NOM;high;Die MHG-normalisierte Schreibung traegt im gesamten Korpus nur lemma_7260, und lemma_7260 fuehrt genau eine Wortart (NOM). Keine Kontextentscheidung noetig.;daz ich der helffe icht mütte / wird ich **frow** von schottan / vertriben des ich klainen wan
GWTK.tei.xml;GWTK_72210420400_6;frow;4204;ANNOTATE;;ja;;NOM;;lexicon.xml#lemma_7260;;variants.xml#type_25985;lemma_7260;NOM;high;Die MHG-normalisierte Schreibung traegt im gesamten Korpus nur lemma_7260, und lemma_7260 fuehrt genau eine Wortart (NOM). Keine Kontextentscheidung noetig.;hiess die ritter klaiden do / menig junger man da von ward **frow** / gürtel huben crone fürspan
GWTK.tei.xml;GWTK_73120423700_3;frow;4237;ANNOTATE;;ja;;NOM;;lexicon.xml#lemma_7260;;variants.xml#type_25985;lemma_7260;NOM;high;Die MHG-normalisierte Schreibung traegt im gesamten Korpus nur lemma_7260, und lemma_7260 fuehrt genau eine Wortart (NOM). Keine Kontextentscheidung noetig.;daz sy ir umb den ritter tatte kund / owe **frow** kaysserin / es ist laider der schwager min
GWTK.tei.xml;GWTK_79210460800_2;frow;4608;ANNOTATE;;ja;;NOM;;lexicon.xml#lemma_7260;;variants.xml#type_25985;lemma_7260;NOM;high;Die MHG-normalisierte Schreibung traegt im gesamten Korpus nur lemma_7260, und lemma_7260 fuehrt genau eine Wortart (NOM). Keine Kontextentscheidung noetig.;mitt scham in schmertzen bitter / enpfieng dü **frow** den ritter / mitt armen wiplichen
GWTK.tei.xml;GWTK_81120471000_2;frow;4710;ANNOTATE;;ja;;NOM;;lexicon.xml#lemma_7260;;variants.xml#type_25985;lemma_7260;NOM;high;Die MHG-normalisierte Schreibung traegt im gesamten Korpus nur lemma_7260, und lemma_7260 fuehrt genau eine Wortart (NOM). Keine Kontextentscheidung noetig.;wen gott wil daz mag ergon / schwig **frow** gütt und tugend son / ain trome ist mir fürkomen
GWTK.tei.xml;GWTK_83210484300_4;frow;4843;ANNOTATE;;ja;;NOM;;lexicon.xml#lemma_7260;;variants.xml#type_25985;lemma_7260;NOM;high;Die MHG-normalisierte Schreibung traegt im gesamten Korpus nur lemma_7260, und lemma_7260 fuehrt genau eine Wortart (NOM). Keine Kontextentscheidung noetig.;von ainem rissen hertte / er sprach **frow** süsse / ogen mund hend und füsse
GWTK.tei.xml;GWTK_89210520200_1;frow;5202;ANNOTATE;;ja;;NOM;;lexicon.xml#lemma_7260;;variants.xml#type_25985;lemma_7260;NOM;high;Die MHG-normalisierte Schreibung traegt im gesamten Korpus nur lemma_7260, und lemma_7260 fuehrt genau eine Wortart (NOM). Keine Kontextentscheidung noetig.;in ains künges bottschaft / den **frow** mine mitt ir craft / hartte maisterlichen twang
GWTK.tei.xml;GWTK_93210545300_4;frow;5453;ANNOTATE;;ja;;NOM;;lexicon.xml#lemma_7260;;variants.xml#type_25985;lemma_7260;NOM;high;Die MHG-normalisierte Schreibung traegt im gesamten Korpus nur lemma_7260, und lemma_7260 fuehrt genau eine Wortart (NOM). Keine Kontextentscheidung noetig.;in hertzen ich gib üch ritterschaft / der haiden ward unmassen **frow** / ze samen iltten sy do
GWTK.tei.xml;GWTK_94210550200_4;frow;5502;ANNOTATE;;ja;;NOM;;lexicon.xml#lemma_7260;;variants.xml#type_25985;lemma_7260;NOM;high;Die MHG-normalisierte Schreibung traegt im gesamten Korpus nur lemma_7260, und lemma_7260 fuehrt genau eine Wortart (NOM). Keine Kontextentscheidung noetig.;din vil stoltzer dienner / du bütze im **frow** schwere / won er nie verzagtt an dir
GWTK.tei.xml;GWTK_98120573100_1;frow;5731;ANNOTATE;;ja;;NOM;;lexicon.xml#lemma_7260;;variants.xml#type_25985;lemma_7260;NOM;high;Die MHG-normalisierte Schreibung traegt im gesamten Korpus nur lemma_7260, und lemma_7260 fuehrt genau eine Wortart (NOM). Keine Kontextentscheidung noetig.;tett als der frund tütt / **frow** mütter rainer lib / wissend daz min selbs lib
GWTK.tei.xml;GWTK_103210603100_5;frow;6031;ANNOTATE;;ja;;NOM;;lexicon.xml#lemma_7260;;variants.xml#type_25985;lemma_7260;NOM;high;Die MHG-normalisierte Schreibung traegt im gesamten Korpus nur lemma_7260, und lemma_7260 fuehrt genau eine Wortart (NOM). Keine Kontextentscheidung noetig.;werlich mich des nit befiltt / er sprach junge **frow** sagend an / weren üch mage unde man
GWTK.tei.xml;GWTK_104110606200_1;frow;6062;ANNOTATE;;ja;;NOM;;lexicon.xml#lemma_7260;;variants.xml#type_25985;lemma_7260;NOM;high;Die MHG-normalisierte Schreibung traegt im gesamten Korpus nur lemma_7260, und lemma_7260 fuehrt genau eine Wortart (NOM). Keine Kontextentscheidung noetig.;helena lachende sprach / **frow** mütter sölich ungemach / möcht ich niemer han gesechen
GWTK.tei.xml;GWTK_120220706000_3;frow;7060;ANNOTATE;;ja;;NOM;;lexicon.xml#lemma_7260;;variants.xml#type_25985;lemma_7260;NOM;high;Die MHG-normalisierte Schreibung traegt im gesamten Korpus nur lemma_7260, und lemma_7260 fuehrt genau eine Wortart (NOM). Keine Kontextentscheidung noetig.;von achnisse sy do / gachten und waren **frow** / daz ir kampffer lobelich
GWTK.tei.xml;GWTK_120220706500_2;frow;7065;ANNOTATE;;ja;;NOM;;lexicon.xml#lemma_7260;;variants.xml#type_25985;lemma_7260;NOM;high;Die MHG-normalisierte Schreibung traegt im gesamten Korpus nur lemma_7260, und lemma_7260 fuehrt genau eine Wortart (NOM). Keine Kontextentscheidung noetig.;ward der raine funden / des ward **frow** manig zartter lib / baide man und ouch wib
GWTK.tei.xml;GWTK_122120713000_5;frow;7130;ANNOTATE;;ja;;NOM;;lexicon.xml#lemma_7260;;variants.xml#type_25985;lemma_7260;NOM;high;Die MHG-normalisierte Schreibung traegt im gesamten Korpus nur lemma_7260, und lemma_7260 fuehrt genau eine Wortart (NOM). Keine Kontextentscheidung noetig.;warff sy der ritter unverzagtt / da erschrack mennig ritter **frow** und magtt / und duchte sy grosse wunder
GWTK.tei.xml;GWTK_122210716100_1;frow;7161;ANNOTATE;;ja;;NOM;;lexicon.xml#lemma_7260;;variants.xml#type_25985;lemma_7260;NOM;high;Die MHG-normalisierte Schreibung traegt im gesamten Korpus nur lemma_7260, und lemma_7260 fuehrt genau eine Wortart (NOM). Keine Kontextentscheidung noetig.;erbott man gross zucht alsus / menig **frow** ir ärmlin blank / ze lob umb den ritter schwang
GWTK.tei.xml;GWTK_124120724600_3;frow;7246;ANNOTATE;;ja;;NOM;;lexicon.xml#lemma_7260;;variants.xml#type_25985;lemma_7260;NOM;high;Die MHG-normalisierte Schreibung traegt im gesamten Korpus nur lemma_7260, und lemma_7260 fuehrt genau eine Wortart (NOM). Keine Kontextentscheidung noetig.;begegnen im do began / wilkomen junck **frow** sprach ribyan / der garzun nam ir gome
GWTK.tei.xml;GWTK_124210727300_5;frow;7273;ANNOTATE;;ja;;NOM;;lexicon.xml#lemma_7260;;variants.xml#type_25985;lemma_7260;NOM;high;Die MHG-normalisierte Schreibung traegt im gesamten Korpus nur lemma_7260, und lemma_7260 fuehrt genau eine Wortart (NOM). Keine Kontextentscheidung noetig.;daz du luffest iemer / der garzun ward der mere **frow** / sy kertten baide samen do
GWTK.tei.xml;GWTK_124210728200_5;frow;7282;ANNOTATE;;ja;;NOM;;lexicon.xml#lemma_7260;;variants.xml#type_25985;lemma_7260;NOM;high;Die MHG-normalisierte Schreibung traegt im gesamten Korpus nur lemma_7260, und lemma_7260 fuehrt genau eine Wortart (NOM). Keine Kontextentscheidung noetig.;batt sy sitzen nebend sich / sy sprach trutt **frow** minenklich / was ir gebietten daz sol sin
GWTK.tei.xml;GWTK_125120730100_1;frow;7301;ANNOTATE;;ja;;NOM;;lexicon.xml#lemma_7260;;variants.xml#type_25985;lemma_7260;NOM;high;Die MHG-normalisierte Schreibung traegt im gesamten Korpus nur lemma_7260, und lemma_7260 fuehrt genau eine Wortart (NOM). Keine Kontextentscheidung noetig.;mich hatt durch helff ain raines wib / ain **frow** über inda daz lantt / her ze achaniss gesantt
GWTK.tei.xml;GWTK_129210756500_6;frow;7565;ANNOTATE;;ja;;NOM;;lexicon.xml#lemma_7260;;variants.xml#type_25985;lemma_7260;NOM;high;Die MHG-normalisierte Schreibung traegt im gesamten Korpus nur lemma_7260, und lemma_7260 fuehrt genau eine Wortart (NOM). Keine Kontextentscheidung noetig.;möchte üwers rainen hertzen ger / vollendett sin des wer ich **frow** / trutt junkfrow keme es so
GWTK.tei.xml;GWTK_133120776400_0;frow;7764;ANNOTATE;;ja;;NOM;;lexicon.xml#lemma_7260;;variants.xml#type_25985;lemma_7260;NOM;high;Die MHG-normalisierte Schreibung traegt im gesamten Korpus nur lemma_7260, und lemma_7260 fuehrt genau eine Wortart (NOM). Keine Kontextentscheidung noetig.;ist den erran gar ze krank / **frow** ir lond den gedank / durch üwern hochgelopten adel
GWTK.tei.xml;GWTK_135210790800_3;frow;7908;ANNOTATE;;ja;;NOM;;lexicon.xml#lemma_7260;;variants.xml#type_25985;lemma_7260;NOM;high;Die MHG-normalisierte Schreibung traegt im gesamten Korpus nur lemma_7260, und lemma_7260 fuehrt genau eine Wortart (NOM). Keine Kontextentscheidung noetig.;schines über alle rich / dü edel junk **frow** tugend rich / tratt linse da dennocht rüwe gertt
GWTK.tei.xml;GWTK_141210826000_5;frow;8260;ANNOTATE;;ja;;NOM;;lexicon.xml#lemma_7260;;variants.xml#type_25985;lemma_7260;NOM;high;Die MHG-normalisierte Schreibung traegt im gesamten Korpus nur lemma_7260, und lemma_7260 fuehrt genau eine Wortart (NOM). Keine Kontextentscheidung noetig.;cornoysse antwurtt bott / sy sprach min **frow** sunder nott / fragtt ir sölichs dinges mich
GWTK.tei.xml;GWTK_141210827100_4;frow;8271;ANNOTATE;;ja;;NOM;;lexicon.xml#lemma_7260;;variants.xml#type_25985;lemma_7260;NOM;high;Die MHG-normalisierte Schreibung traegt im gesamten Korpus nur lemma_7260, und lemma_7260 fuehrt genau eine Wortart (NOM). Keine Kontextentscheidung noetig.;waz paris prisses hett getan / sy sprach **frow** sitt gewiss / isachor der istriss
GWTK.tei.xml;GWTK_145120848500_2;frow;8485;ANNOTATE;;ja;;NOM;;lexicon.xml#lemma_7260;;variants.xml#type_25985;lemma_7260;NOM;high;Die MHG-normalisierte Schreibung traegt im gesamten Korpus nur lemma_7260, und lemma_7260 fuehrt genau eine Wortart (NOM). Keine Kontextentscheidung noetig.;truren mir ze aller frist / nachett **frow** als es üch tütt / wir sind baide ungemütt
GWTK.tei.xml;GWTK_146120852700_3;frow;8527;ANNOTATE;;ja;;NOM;;lexicon.xml#lemma_7260;;variants.xml#type_25985;lemma_7260;NOM;high;Die MHG-normalisierte Schreibung traegt im gesamten Korpus nur lemma_7260, und lemma_7260 fuehrt genau eine Wortart (NOM). Keine Kontextentscheidung noetig.;enalde uss lïchtem rott / sprach **frow** des sy öne spott / üwer lonner der allmechtig gott
GWTK.tei.xml;GWTK_147220863000_1;frow;8630;ANNOTATE;;ja;;NOM;;lexicon.xml#lemma_7260;;variants.xml#type_25985;lemma_7260;NOM;high;Die MHG-normalisierte Schreibung traegt im gesamten Korpus nur lemma_7260, und lemma_7260 fuehrt genau eine Wortart (NOM). Keine Kontextentscheidung noetig.;nun ist er der bome lang / min **frow** entsitztt des todes twang / ob ir der selbe valand
GWTK.tei.xml;GWTK_156110912900_1;frow;9129;ANNOTATE;;ja;;NOM;;lexicon.xml#lemma_7260;;variants.xml#type_25985;lemma_7260;NOM;high;Die MHG-normalisierte Schreibung traegt im gesamten Korpus nur lemma_7260, und lemma_7260 fuehrt genau eine Wortart (NOM). Keine Kontextentscheidung noetig.;des ward menig edel ritter fro / dü **frow** zü dem fürsten sprach / sid üch min oge aller erst ersach
GWTK.tei.xml;GWTK_157210919600_2;frow;9196;ANNOTATE;;ja;;NOM;;lexicon.xml#lemma_7260;;variants.xml#type_25985;lemma_7260;NOM;high;Die MHG-normalisierte Schreibung traegt im gesamten Korpus nur lemma_7260, und lemma_7260 fuehrt genau eine Wortart (NOM). Keine Kontextentscheidung noetig.;mitt züchtten der ellend sprach / trutt **frow** daz üwer ungemach / gütten friden hatt von miner hand
GWTK.tei.xml;GWTK_163110953600_2;frow;9536;ANNOTATE;;ja;;NOM;;lexicon.xml#lemma_7260;;variants.xml#type_25985;lemma_7260;NOM;high;Die MHG-normalisierte Schreibung traegt im gesamten Korpus nur lemma_7260, und lemma_7260 fuehrt genau eine Wortart (NOM). Keine Kontextentscheidung noetig.;des ward dü raine süsse magtt / von hertzen **frow** daz ir betagtt / waz rache nach ir bitterkaitt
GWTK.tei.xml;GWTK_165210968000_5;frow;9680;ANNOTATE;;ja;;NOM;;lexicon.xml#lemma_7260;;variants.xml#type_25985;lemma_7260;NOM;high;Die MHG-normalisierte Schreibung traegt im gesamten Korpus nur lemma_7260, und lemma_7260 fuehrt genau eine Wortart (NOM). Keine Kontextentscheidung noetig.;sprach zü dem schuldigen do / daz üwer hertze iemer **frow** / wirtt daz ist unbilde
GWTK.tei.xml;GWTK_167120978800_1;frow;9788;ANNOTATE;;ja;;NOM;;lexicon.xml#lemma_7260;;variants.xml#type_25985;lemma_7260;NOM;high;Die MHG-normalisierte Schreibung traegt im gesamten Korpus nur lemma_7260, und lemma_7260 fuehrt genau eine Wortart (NOM). Keine Kontextentscheidung noetig.;daz ist genantt dü mine / welche **frow** sich des versinne / die wende ir gemütte
GWTK.tei.xml;GWTK_171110999800_6;frow;9998;ANNOTATE;;ja;;NOM;;lexicon.xml#lemma_7260;;variants.xml#type_25985;lemma_7260;NOM;high;Die MHG-normalisierte Schreibung traegt im gesamten Korpus nur lemma_7260, und lemma_7260 fuehrt genau eine Wortart (NOM). Keine Kontextentscheidung noetig.;sinem lïben herren do / ward dannen schied er un **frow** / der fürsten nüwes jomer ward
GWTK.tei.xml;GWTK_179111046200_1;frow;10462;ANNOTATE;;ja;;NOM;;lexicon.xml#lemma_7260;;variants.xml#type_25985;lemma_7260;NOM;high;Die MHG-normalisierte Schreibung traegt im gesamten Korpus nur lemma_7260, und lemma_7260 fuehrt genau eine Wortart (NOM). Keine Kontextentscheidung noetig.;dü vil lobliche watt / venus **frow** nun gib ratt / da dinem diennere
GWTK.tei.xml;GWTK_186211089600_0;frow;10896;ANNOTATE;;ja;;NOM;;lexicon.xml#lemma_7260;;variants.xml#type_25985;lemma_7260;NOM;high;Die MHG-normalisierte Schreibung traegt im gesamten Korpus nur lemma_7260, und lemma_7260 fuehrt genau eine Wortart (NOM). Keine Kontextentscheidung noetig.;mitt kreften ward da geritten / **frow** venuss nun wirtt vermitten / bett umb üwern dienst man
GWTK.tei.xml;GWTK_192211123100_4;frow;11231;ANNOTATE;;ja;;NOM;;lexicon.xml#lemma_7260;;variants.xml#type_25985;lemma_7260;NOM;high;Die MHG-normalisierte Schreibung traegt im gesamten Korpus nur lemma_7260, und lemma_7260 fuehrt genau eine Wortart (NOM). Keine Kontextentscheidung noetig.;des ritters geschlächte kund / und sprach **frow** es ist der / den du mit falscher ger
GWTK.tei.xml;GWTK_192211123800_0;frow;11238;ANNOTATE;;ja;;NOM;;lexicon.xml#lemma_7260;;variants.xml#type_25985;lemma_7260;NOM;high;Die MHG-normalisierte Schreibung traegt im gesamten Korpus nur lemma_7260, und lemma_7260 fuehrt genau eine Wortart (NOM). Keine Kontextentscheidung noetig.;niemer me so we geschicht / **frow** sume dich des nicht / und kome zu sinen hulden
GWTK.tei.xml;GWTK_194111132400_0;frow;11324;ANNOTATE;;ja;;NOM;;lexicon.xml#lemma_7260;;variants.xml#type_25985;lemma_7260;NOM;high;Die MHG-normalisierte Schreibung traegt im gesamten Korpus nur lemma_7260, und lemma_7260 fuehrt genau eine Wortart (NOM). Keine Kontextentscheidung noetig.;spiste uff menges heldes leben / **frow** selde müste hie geben / dissen fürsten baiden haill
GWTK.tei.xml;GWTK_199211165600_0;frow;11656;ANNOTATE;;ja;;NOM;;lexicon.xml#lemma_7260;;variants.xml#type_25985;lemma_7260;NOM;high;Die MHG-normalisierte Schreibung traegt im gesamten Korpus nur lemma_7260, und lemma_7260 fuehrt genau eine Wortart (NOM). Keine Kontextentscheidung noetig.;wil uffen wibes wirdekaitt / **frow** raine gütt gemaitt / mugend ir hie ergetzett sin
GWTK.tei.xml;GWTK_200121166800_4;frow;11668;ANNOTATE;;ja;;NOM;;lexicon.xml#lemma_7260;;variants.xml#type_25985;lemma_7260;NOM;high;Die MHG-normalisierte Schreibung traegt im gesamten Korpus nur lemma_7260, und lemma_7260 fuehrt genau eine Wortart (NOM). Keine Kontextentscheidung noetig.;ane gütte innen nitt me gelich / hector sprach **frow** mineklich / habtt üch bürge unde land
GWTK.tei.xml;GWTK_206211205900_5;frow;12059;ANNOTATE;;ja;;NOM;;lexicon.xml#lemma_7260;;variants.xml#type_25985;lemma_7260;NOM;high;Die MHG-normalisierte Schreibung traegt im gesamten Korpus nur lemma_7260, und lemma_7260 fuehrt genau eine Wortart (NOM). Keine Kontextentscheidung noetig.;daz ich in wirde sichtig an / der rede ward der kaysser **frow** / sin altte gemütte im do
GWTK.tei.xml;GWTK_216111260800_0;frow;12608;ANNOTATE;;ja;;NOM;;lexicon.xml#lemma_7260;;variants.xml#type_25985;lemma_7260;NOM;high;Die MHG-normalisierte Schreibung traegt im gesamten Korpus nur lemma_7260, und lemma_7260 fuehrt genau eine Wortart (NOM). Keine Kontextentscheidung noetig.;hand mich uff des hertzen grund / **frow** nun gegen üch verwuntt / daz ich untz uff todes zill
GWTK.tei.xml;GWTK_216111261400_0;frow;12614;ANNOTATE;;ja;;NOM;;lexicon.xml#lemma_7260;;variants.xml#type_25985;lemma_7260;NOM;high;Die MHG-normalisierte Schreibung traegt im gesamten Korpus nur lemma_7260, und lemma_7260 fuehrt genau eine Wortart (NOM). Keine Kontextentscheidung noetig.;won ich sunder logen / **frow** mitt minen ougen / schönner bilde nie gesach
GWTK.tei.xml;GWTK_223221306300_1;frow;13063;ANNOTATE;;ja;;NOM;;lexicon.xml#lemma_7260;;variants.xml#type_25985;lemma_7260;NOM;high;Die MHG-normalisierte Schreibung traegt im gesamten Korpus nur lemma_7260, und lemma_7260 fuehrt genau eine Wortart (NOM). Keine Kontextentscheidung noetig.;den türsten held usser korn / den **frow** ze trütte ie gewan / er waz der erren dienstman
GWTK.tei.xml;GWTK_234211368300_3;frow;13683;ANNOTATE;;ja;;NOM;;lexicon.xml#lemma_7260;;variants.xml#type_25985;lemma_7260;NOM;high;Die MHG-normalisierte Schreibung traegt im gesamten Korpus nur lemma_7260, und lemma_7260 fuehrt genau eine Wortart (NOM). Keine Kontextentscheidung noetig.;ane allen fröden ward sy las / doch müste sy **frow** sin durch nott / won es dü sorge ir gebott
GWTK.tei.xml;GWTK_234211368600_2;frow;13686;ANNOTATE;;ja;;NOM;;lexicon.xml#lemma_7260;;variants.xml#type_25985;lemma_7260;NOM;high;Die MHG-normalisierte Schreibung traegt im gesamten Korpus nur lemma_7260, und lemma_7260 fuehrt genau eine Wortart (NOM). Keine Kontextentscheidung noetig.;gastlichen klaitte si sich / des landes **frow** minen klich / mitt ainer ungezaltten schar
GWTK.tei.xml;GWTK_244121426400_0;frow;14264;ANNOTATE;;ja;;NOM;;lexicon.xml#lemma_7260;;variants.xml#type_25985;lemma_7260;NOM;high;Die MHG-normalisierte Schreibung traegt im gesamten Korpus nur lemma_7260, und lemma_7260 fuehrt genau eine Wortart (NOM). Keine Kontextentscheidung noetig.;wie sol ich iemer werden / **frow** uff braitter erden / das ich den anbliken sol
GWTK.tei.xml;GWTK_247121443300_2;frow;14433;ANNOTATE;;ja;;NOM;;lexicon.xml#lemma_7260;;variants.xml#type_25985;lemma_7260;NOM;high;Die MHG-normalisierte Schreibung traegt im gesamten Korpus nur lemma_7260, und lemma_7260 fuehrt genau eine Wortart (NOM). Keine Kontextentscheidung noetig.;an dehainer hande craft / nun wiss **frow** fürste hector / und lau din sendes herz enbor
GWTK.tei.xml;GWTK_254111481700_4;frow;14817;ANNOTATE;;ja;;NOM;;lexicon.xml#lemma_7260;;variants.xml#type_25985;lemma_7260;NOM;high;Die MHG-normalisierte Schreibung traegt im gesamten Korpus nur lemma_7260, und lemma_7260 fuehrt genau eine Wortart (NOM). Keine Kontextentscheidung noetig.;der schönnen rüffen do began / er sprach **frow** medea / lau dir kind wessen ga
GWTK.tei.xml;GWTK_256211497100_5;frow;14971;ANNOTATE;;ja;;NOM;;lexicon.xml#lemma_7260;;variants.xml#type_25985;lemma_7260;NOM;high;Die MHG-normalisierte Schreibung traegt im gesamten Korpus nur lemma_7260, und lemma_7260 fuehrt genau eine Wortart (NOM). Keine Kontextentscheidung noetig.;er kan uff vechten menigen list / die lertte in ain maister **frow** / der ist genenett schirow
GWTK.tei.xml;GWTK_280111633700_1;frow;16337;ANNOTATE;;ja;;NOM;;lexicon.xml#lemma_7260;;variants.xml#type_25985;lemma_7260;NOM;high;Die MHG-normalisierte Schreibung traegt im gesamten Korpus nur lemma_7260, und lemma_7260 fuehrt genau eine Wortart (NOM). Keine Kontextentscheidung noetig.;des frowtte sich ir sine / dü **frow** zü dem fürsten sprach / küng wer es dir nit ungemach
GWTK.tei.xml;GWTK_287211678500_0;frow;16785;ANNOTATE;;ja;;NOM;;lexicon.xml#lemma_7260;;variants.xml#type_25985;lemma_7260;NOM;high;Die MHG-normalisierte Schreibung traegt im gesamten Korpus nur lemma_7260, und lemma_7260 fuehrt genau eine Wortart (NOM). Keine Kontextentscheidung noetig.;sinne werden geste / **frow** die ritter alle / wurden mit richem schalle
GWTK.tei.xml;GWTK_331111928000_0;frow;19280;ANNOTATE;;ja;;NOM;;lexicon.xml#lemma_7260;;variants.xml#type_25985;lemma_7260;NOM;high;Die MHG-normalisierte Schreibung traegt im gesamten Korpus nur lemma_7260, und lemma_7260 fuehrt genau eine Wortart (NOM). Keine Kontextentscheidung noetig.;mitt kampffe schon gezierett hatt / **frow** jonno hätt mitt fryer tatt / dir gegeben richheitt
GWTK.tei.xml;GWTK_331111928200_5;frow;19282;ANNOTATE;;ja;;NOM;;lexicon.xml#lemma_7260;;variants.xml#type_25985;lemma_7260;NOM;high;Die MHG-normalisierte Schreibung traegt im gesamten Korpus nur lemma_7260, und lemma_7260 fuehrt genau eine Wortart (NOM). Keine Kontextentscheidung noetig.;dir gegeben richheitt / dar zü fennus die **frow** gemeitt / hautt dir der minne cronne
GWTK.tei.xml;GWTK_341211988800_3;frow;19888;ANNOTATE;;ja;;NOM;;lexicon.xml#lemma_7260;;variants.xml#type_25985;lemma_7260;NOM;high;Die MHG-normalisierte Schreibung traegt im gesamten Korpus nur lemma_7260, und lemma_7260 fuehrt genau eine Wortart (NOM). Keine Kontextentscheidung noetig.;do sprach der seldenberre / sind **frow** on alle schwere / ich bring üch wider über mer
GWTK.tei.xml;GWTK_347112021200_4;frow;20212;ANNOTATE;;ja;;NOM;;lexicon.xml#lemma_7260;;variants.xml#type_25985;lemma_7260;NOM;high;Die MHG-normalisierte Schreibung traegt im gesamten Korpus nur lemma_7260, und lemma_7260 fuehrt genau eine Wortart (NOM). Keine Kontextentscheidung noetig.;sy warend alle samend do / des künnen ritters künfte **frow** / und kertten gegen im alle
GWTK.tei.xml;GWTK_348212029900_4;frow;20299;ANNOTATE;;ja;;NOM;;lexicon.xml#lemma_7260;;variants.xml#type_25985;lemma_7260;NOM;high;Die MHG-normalisierte Schreibung traegt im gesamten Korpus nur lemma_7260, und lemma_7260 fuehrt genau eine Wortart (NOM). Keine Kontextentscheidung noetig.;den tod hand ir an der hand / er sprach **frow** wie legg das / das ich von blütt sollte nass
GWTK.tei.xml;GWTK_348212030900_5;frow;20309;ANNOTATE;;ja;;NOM;;lexicon.xml#lemma_7260;;variants.xml#type_25985;lemma_7260;NOM;high;Die MHG-normalisierte Schreibung traegt im gesamten Korpus nur lemma_7260, und lemma_7260 fuehrt genau eine Wortart (NOM). Keine Kontextentscheidung noetig.;der mit üch vechten nit verbirtt / er sprach trutt **frow** wie daz litt / ich baitten sin one under lib
GWTK.tei.xml;GWTK_357112080300_3;frow;20803;ANNOTATE;;ja;;NOM;;lexicon.xml#lemma_7260;;variants.xml#type_25985;lemma_7260;NOM;high;Die MHG-normalisierte Schreibung traegt im gesamten Korpus nur lemma_7260, und lemma_7260 fuehrt genau eine Wortart (NOM). Keine Kontextentscheidung noetig.;des helmes da enblötzett ward / grösser schame nie **frow** gewan / denn sy da hette gegen dem man
GWTK.tei.xml;GWTK_361212104600_3;frow;21046;ANNOTATE;;ja;;NOM;;lexicon.xml#lemma_7260;;variants.xml#type_25985;lemma_7260;NOM;high;Die MHG-normalisierte Schreibung traegt im gesamten Korpus nur lemma_7260, und lemma_7260 fuehrt genau eine Wortart (NOM). Keine Kontextentscheidung noetig.;sy waz irs fründes siges do / in wipplichem hertzen **frow** / do im des siges haille ergie
GWTK.tei.xml;GWTK_372212171300_4;frow;21713;ANNOTATE;;ja;;NOM;;lexicon.xml#lemma_7260;;variants.xml#type_25985;lemma_7260;NOM;high;Die MHG-normalisierte Schreibung traegt im gesamten Korpus nur lemma_7260, und lemma_7260 fuehrt genau eine Wortart (NOM). Keine Kontextentscheidung noetig.;es söltt mich nit betragen / fragend trutt **frow** waz ir weltt / so sprach der ellentthafte held
GWTK.tei.xml;GWTK_378212207500_2;frow;22075;ANNOTATE;;ja;;NOM;;lexicon.xml#lemma_7260;;variants.xml#type_25985;lemma_7260;NOM;high;Die MHG-normalisierte Schreibung traegt im gesamten Korpus nur lemma_7260, und lemma_7260 fuehrt genau eine Wortart (NOM). Keine Kontextentscheidung noetig.;nach sinem vadem er uss bekam / do in **frow** meiora / sach sy fragett in sa
GWTK.tei.xml;GWTK_380122216600_1;frow;22166;ANNOTATE;;ja;;NOM;;lexicon.xml#lemma_7260;;variants.xml#type_25985;lemma_7260;NOM;high;Die MHG-normalisierte Schreibung traegt im gesamten Korpus nur lemma_7260, und lemma_7260 fuehrt genau eine Wortart (NOM). Keine Kontextentscheidung noetig.;jason din erre ward schwach / an **frow** meierun als man jach / suss fürtte her jason von dan
GWTK.tei.xml;GWTK_380122217900_0;frow;22179;ANNOTATE;;ja;;NOM;;lexicon.xml#lemma_7260;;variants.xml#type_25985;lemma_7260;NOM;high;Die MHG-normalisierte Schreibung traegt im gesamten Korpus nur lemma_7260, und lemma_7260 fuehrt genau eine Wortart (NOM). Keine Kontextentscheidung noetig.;und dü junge fedra / **frow** fedra schüff daz / daz er uff dem mere hass
GWTK.tei.xml;GWTK_383122234000_3;frow;22340;ANNOTATE;;ja;;NOM;;lexicon.xml#lemma_7260;;variants.xml#type_25985;lemma_7260;NOM;high;Die MHG-normalisierte Schreibung traegt im gesamten Korpus nur lemma_7260, und lemma_7260 fuehrt genau eine Wortart (NOM). Keine Kontextentscheidung noetig.;der hertzoge mitt züchten sprach / lond **frow** uss hertzen ungemach / ir haben hie ze stunden
GWTK.tei.xml;GWTK_386112250800_1;frow;22508;ANNOTATE;;ja;;NOM;;lexicon.xml#lemma_7260;;variants.xml#type_25985;lemma_7260;NOM;high;Die MHG-normalisierte Schreibung traegt im gesamten Korpus nur lemma_7260, und lemma_7260 fuehrt genau eine Wortart (NOM). Keine Kontextentscheidung noetig.;sy bringett wiben rich gemach / als **frow** meierun geschach / nun hand wir alle vernomen
GWTK.tei.xml;GWTK_386112251000_1;frow;22510;ANNOTATE;;ja;;NOM;;lexicon.xml#lemma_7260;;variants.xml#type_25985;lemma_7260;NOM;high;Die MHG-normalisierte Schreibung traegt im gesamten Korpus nur lemma_7260, und lemma_7260 fuehrt genau eine Wortart (NOM). Keine Kontextentscheidung noetig.;nun hand wir alle vernomen / war **frow** meierun ist bekomen / wol uns daz gezeme
GWTK.tei.xml;GWTK_386112251200_1;frow;22512;ANNOTATE;;ja;;NOM;;lexicon.xml#lemma_7260;;variants.xml#type_25985;lemma_7260;NOM;high;Die MHG-normalisierte Schreibung traegt im gesamten Korpus nur lemma_7260, und lemma_7260 fuehrt genau eine Wortart (NOM). Keine Kontextentscheidung noetig.;wol uns daz gezeme / war **frow** fedra keme / daz man da von saitte
GWTK.tei.xml;GWTK_419212447200_1;frow;24472;ANNOTATE;;ja;;NOM;;lexicon.xml#lemma_7260;;variants.xml#type_25985;lemma_7260;NOM;high;Die MHG-normalisierte Schreibung traegt im gesamten Korpus nur lemma_7260, und lemma_7260 fuehrt genau eine Wortart (NOM). Keine Kontextentscheidung noetig.;in sunftzen der erwelte sprach / **frow** ich han grosses ungemach / üch an üwerm gesinde geton
GWTK.tei.xml;GWTK_420122449600_5;frow;24496;ANNOTATE;;ja;;NOM;;lexicon.xml#lemma_7260;;variants.xml#type_25985;lemma_7260;NOM;high;Die MHG-normalisierte Schreibung traegt im gesamten Korpus nur lemma_7260, und lemma_7260 fuehrt genau eine Wortart (NOM). Keine Kontextentscheidung noetig.;mitt ougen ie mocht kund / die hatt alle trutt **frow** din mund / so serre über gestett
GWTK.tei.xml;GWTK_420212451700_1;frow;24517;ANNOTATE;;ja;;NOM;;lexicon.xml#lemma_7260;;variants.xml#type_25985;lemma_7260;NOM;high;Die MHG-normalisierte Schreibung traegt im gesamten Korpus nur lemma_7260, und lemma_7260 fuehrt genau eine Wortart (NOM). Keine Kontextentscheidung noetig.;diennott gar der crone min / trutt **frow** ich bin och nit der man / paris der üch mit valsche dan
GWTK.tei.xml;GWTK_426212488400_3;frow;24884;ANNOTATE;;ja;;NOM;;lexicon.xml#lemma_7260;;variants.xml#type_25985;lemma_7260;NOM;high;Die MHG-normalisierte Schreibung traegt im gesamten Korpus nur lemma_7260, und lemma_7260 fuehrt genau eine Wortart (NOM). Keine Kontextentscheidung noetig.;in dem lande ze perseya / den tode vernam **frow** helena / daz vil minenkliche wip
GWTK.tei.xml;GWTK_426222489600_2;frow;24896;ANNOTATE;;ja;;NOM;;lexicon.xml#lemma_7260;;variants.xml#type_25985;lemma_7260;NOM;high;Die MHG-normalisierte Schreibung traegt im gesamten Korpus nur lemma_7260, und lemma_7260 fuehrt genau eine Wortart (NOM). Keine Kontextentscheidung noetig.;sin selde manigfaltt / und sin **frow** vil wol gestaltt / hett er erarnett gnüg sur
HUG.tei.xml;HUG_10190_0;fraw;19;ANNOTATE;;ja;;NOM;;lexicon.xml#lemma_7260;;variants.xml#type_43131;lemma_7260;NOM;high;Die MHG-normalisierte Schreibung traegt im gesamten Korpus nur lemma_7260, und lemma_7260 fuehrt genau eine Wortart (NOM). Keine Kontextentscheidung noetig.;hán ich dich lieb fúr all dis welt / **fraw** des gib mír wídergelt / das ich fúr wár werd innen
HUG.tei.xml;HUG_10250_0;fraw;25;ANNOTATE;;ja;;NOM;;lexicon.xml#lemma_7260;;variants.xml#type_43131;lemma_7260;NOM;high;Die MHG-normalisierte Schreibung traegt im gesamten Korpus nur lemma_7260, und lemma_7260 fuehrt genau eine Wortart (NOM). Keine Kontextentscheidung noetig.;mín stétikait von tag ze tag / **fraw** du bist mín blúyender hag / entsprossen in minem hertzen
HUG.tei.xml;HUG_10310_0;fraw;31;ANNOTATE;;ja;;NOM;;lexicon.xml#lemma_7260;;variants.xml#type_43131;lemma_7260;NOM;high;Die MHG-normalisierte Schreibung traegt im gesamten Korpus nur lemma_7260, und lemma_7260 fuehrt genau eine Wortart (NOM). Keine Kontextentscheidung noetig.;such du dir nach ler / **fraw** hut diner eer / bis stét án alles wénken
HUG.tei.xml;HUG_10410_1;fraw;41;ANNOTATE;;ja;;NOM;;lexicon.xml#lemma_7260;;variants.xml#type_43131;lemma_7260;NOM;high;Die MHG-normalisierte Schreibung traegt im gesamten Korpus nur lemma_7260, und lemma_7260 fuehrt genau eine Wortart (NOM). Keine Kontextentscheidung noetig.;du volg meíner ler / sícherlich **fraw** eer / die muß dich úberkrónen
HUG.tei.xml;HUG_10810_0;fraw;81;ANNOTATE;;ja;;NOM;;lexicon.xml#lemma_7260;;variants.xml#type_43131;lemma_7260;NOM;high;Die MHG-normalisierte Schreibung traegt im gesamten Korpus nur lemma_7260, und lemma_7260 fuehrt genau eine Wortart (NOM). Keine Kontextentscheidung noetig.;meins hertzen und meinr sínn / **fraw** eer die recht mínn / hát mich auß dir geschossen
HUG.tei.xml;HUG_10850_1;fraw;85;ANNOTATE;;ja;;NOM;;lexicon.xml#lemma_7260;;variants.xml#type_43131;lemma_7260;NOM;high;Die MHG-normalisierte Schreibung traegt im gesamten Korpus nur lemma_7260, und lemma_7260 fuehrt genau eine Wortart (NOM). Keine Kontextentscheidung noetig.;mitt trewen und mít stétikait / zarte **fraw** bin ich berait / wilt du mich ícht versúchen
HUG.tei.xml;HUG_181110_4;fraw;111;ANNOTATE;;ja;;NOM;;lexicon.xml#lemma_7260;;variants.xml#type_43131;lemma_7260;NOM;high;Die MHG-normalisierte Schreibung traegt im gesamten Korpus nur lemma_7260, und lemma_7260 fuehrt genau eine Wortart (NOM). Keine Kontextentscheidung noetig.;mit klúgen rimen gemessen / damit so mag kain **fraw** bestán / und tút sy ains vergessen
HUG.tei.xml;HUG_181970_0;fraw;197;ANNOTATE;;ja;;NOM;;lexicon.xml#lemma_7260;;variants.xml#type_43131;lemma_7260;NOM;high;Die MHG-normalisierte Schreibung traegt im gesamten Korpus nur lemma_7260, und lemma_7260 fuehrt genau eine Wortart (NOM). Keine Kontextentscheidung noetig.;**fraw** sóltint nu die lieder sein / nach willen den ich zú euch hán
HUG.tei.xml;HUG_182050_0;fraw;205;ANNOTATE;;ja;;NOM;;lexicon.xml#lemma_7260;;variants.xml#type_43131;lemma_7260;NOM;high;Die MHG-normalisierte Schreibung traegt im gesamten Korpus nur lemma_7260, und lemma_7260 fuehrt genau eine Wortart (NOM). Keine Kontextentscheidung noetig.;**fraw** hand vergút das ist das lest / der welt geticht ich niemer mer
HUG.tei.xml;HUG_182150_2;fraw;215;ANNOTATE;;ja;;NOM;;lexicon.xml#lemma_7260;;variants.xml#type_43131;lemma_7260;NOM;high;Die MHG-normalisierte Schreibung traegt im gesamten Korpus nur lemma_7260, und lemma_7260 fuehrt genau eine Wortart (NOM). Keine Kontextentscheidung noetig.;das hát got dikch gerochen / es kam **fraw** even nicht ze gút / si hatt ain apfel gebrochen
HUG.tei.xml;HUG_182180_0;fraw;218;ANNOTATE;;ja;;NOM;;lexicon.xml#lemma_7260;;variants.xml#type_43131;lemma_7260;NOM;high;Die MHG-normalisierte Schreibung traegt im gesamten Korpus nur lemma_7260, und lemma_7260 fuehrt genau eine Wortart (NOM). Keine Kontextentscheidung noetig.;da weibes bild gehaissen wirt / **fraw** dichtlunday und wankelmút / die weis in niemer sélde birt
HUG.tei.xml;HUG_182330_1;fraw;233;ANNOTATE;;ja;;NOM;;lexicon.xml#lemma_7260;;variants.xml#type_43131;lemma_7260;NOM;high;Die MHG-normalisierte Schreibung traegt im gesamten Korpus nur lemma_7260, und lemma_7260 fuehrt genau eine Wortart (NOM). Keine Kontextentscheidung noetig.;welch **fraw** all red auffnemen wil / und antwurt darúber geben
HUG.tei.xml;HUG_220010_0;fraw;1;ANNOTATE;;ja;;NOM;;lexicon.xml#lemma_7260;;variants.xml#type_43131;lemma_7260;NOM;high;Die MHG-normalisierte Schreibung traegt im gesamten Korpus nur lemma_7260, und lemma_7260 fuehrt genau eine Wortart (NOM). Keine Kontextentscheidung noetig.;**fraw** wilt du wissen was es ist / glúkch er und gút auff erden
HUG.tei.xml;HUG_220330_0;fraw;33;ANNOTATE;;ja;;NOM;;lexicon.xml#lemma_7260;;variants.xml#type_43131;lemma_7260;NOM;high;Die MHG-normalisierte Schreibung traegt im gesamten Korpus nur lemma_7260, und lemma_7260 fuehrt genau eine Wortart (NOM). Keine Kontextentscheidung noetig.;**fraw** merk die wort und auch den sin / und tú darnach gedenken
HUG.tei.xml;HUG_220370_0;fraw;37;ANNOTATE;;ja;;NOM;;lexicon.xml#lemma_7260;;variants.xml#type_43131;lemma_7260;NOM;high;Die MHG-normalisierte Schreibung traegt im gesamten Korpus nur lemma_7260, und lemma_7260 fuehrt genau eine Wortart (NOM). Keine Kontextentscheidung noetig.;an dir wil ich nicht wenken / **fraw** wiss fúr war das got der herr / das unrecht nicht tút leiden
HUG.tei.xml;HUG_240310_1;fraw;31;ANNOTATE;;ja;;NOM;;lexicon.xml#lemma_7260;;variants.xml#type_43131;lemma_7260;NOM;high;Die MHG-normalisierte Schreibung traegt im gesamten Korpus nur lemma_7260, und lemma_7260 fuehrt genau eine Wortart (NOM). Keine Kontextentscheidung noetig.;darauff was er gar clúg / ain **fraw** tet in entrichten / in grossen unfúg
HUG.tei.xml;HUG_251450_2;fraw;145;ANNOTATE;;ja;;NOM;;lexicon.xml#lemma_7260;;variants.xml#type_43131;lemma_7260;NOM;high;Die MHG-normalisierte Schreibung traegt im gesamten Korpus nur lemma_7260, und lemma_7260 fuehrt genau eine Wortart (NOM). Keine Kontextentscheidung noetig.;das sý sich túgint scheiben / als ich **fraw** hán getán / so wirt ín auch der ewig lon
HUG.tei.xml;HUG_291780_0;fraw;178;ANNOTATE;;ja;;NOM;;lexicon.xml#lemma_7260;;variants.xml#type_43131;lemma_7260;NOM;high;Die MHG-normalisierte Schreibung traegt im gesamten Korpus nur lemma_7260, und lemma_7260 fuehrt genau eine Wortart (NOM). Keine Kontextentscheidung noetig.;nu helff úns got des bedurffen wir wol / **fraw** welt ir sínd da auff gerechten sach / sid ich die warhait sagen sol
HUG.tei.xml;HUG_350280_2;fraw;28;ANNOTATE;;ja;;NOM;;lexicon.xml#lemma_7260;;variants.xml#type_43131;lemma_7260;NOM;high;Die MHG-normalisierte Schreibung traegt im gesamten Korpus nur lemma_7260, und lemma_7260 fuehrt genau eine Wortart (NOM). Keine Kontextentscheidung noetig.;du bist mein maýen blút / zwar **fraw** des solt du mich geniessen lassen
HUG.tei.xml;HUG_370260_1;fraw;26;ANNOTATE;;ja;;NOM;;lexicon.xml#lemma_7260;;variants.xml#type_43131;lemma_7260;NOM;high;Die MHG-normalisierte Schreibung traegt im gesamten Korpus nur lemma_7260, und lemma_7260 fuehrt genau eine Wortart (NOM). Keine Kontextentscheidung noetig.;das ich vil sung von wekchen / mein **fraw** die stát mit selden auf / fraw er die tút sý dekchen
HUG.tei.xml;HUG_370270_0;fraw;27;ANNOTATE;;ja;;NOM;;lexicon.xml#lemma_7260;;variants.xml#type_43131;lemma_7260;NOM;high;Die MHG-normalisierte Schreibung traegt im gesamten Korpus nur lemma_7260, und lemma_7260 fuehrt genau eine Wortart (NOM). Keine Kontextentscheidung noetig.;mein fraw die stát mit selden auf / **fraw** er die tút sý dekchen / sy fúrcht nicht sunnen scheín
HUG.tei.xml;HUG_380290_1;fraw;29;ANNOTATE;;ja;;NOM;;lexicon.xml#lemma_7260;;variants.xml#type_43131;lemma_7260;NOM;high;Die MHG-normalisierte Schreibung traegt im gesamten Korpus nur lemma_7260, und lemma_7260 fuehrt genau eine Wortart (NOM). Keine Kontextentscheidung noetig.;mein **fraw** hát mich gebunden / mitt strikchen gemacht auss lieb
HUG.tei.xml;HUG_380380_2;fraw;38;ANNOTATE;;ja;;NOM;;lexicon.xml#lemma_7260;;variants.xml#type_43131;lemma_7260;NOM;high;Die MHG-normalisierte Schreibung traegt im gesamten Korpus nur lemma_7260, und lemma_7260 fuehrt genau eine Wortart (NOM). Keine Kontextentscheidung noetig.;meins hertzen a / mein liebste **fraw** auff erden / in eren mússen wir werden gra
HUG.tei.xml;HUG_380930_2;fraw;93;ANNOTATE;;ja;;NOM;;lexicon.xml#lemma_7260;;variants.xml#type_43131;lemma_7260;NOM;high;Die MHG-normalisierte Schreibung traegt im gesamten Korpus nur lemma_7260, und lemma_7260 fuehrt genau eine Wortart (NOM). Keine Kontextentscheidung noetig.;meins hertzen **fraw** / die kan mir unmút stóren
HUG.tei.xml;HUG_391080_4;fraw;108;ANNOTATE;;ja;;NOM;;lexicon.xml#lemma_7260;;variants.xml#type_43131;lemma_7260;NOM;high;Die MHG-normalisierte Schreibung traegt im gesamten Korpus nur lemma_7260, und lemma_7260 fuehrt genau eine Wortart (NOM). Keine Kontextentscheidung noetig.;wenn uns der túfel wil tún leýt / thu uns schín **fraw** din lib mynne / vorstee uns nu vor des túfels list
HUG.tei.xml;HUG_391130_2;fraw;113;ANNOTATE;;ja;;NOM;;lexicon.xml#lemma_7260;;variants.xml#type_43131;lemma_7260;NOM;high;Die MHG-normalisierte Schreibung traegt im gesamten Korpus nur lemma_7260, und lemma_7260 fuehrt genau eine Wortart (NOM). Keine Kontextentscheidung noetig.;hilff das wir ýet werden verlorn / behút uns **fraw** vor hertzeleýt / nu byt mít ernst fúr uns da
HUG.tei.xml;HUG_391250_1;fraw;125;ANNOTATE;;ja;;NOM;;lexicon.xml#lemma_7260;;variants.xml#type_43131;lemma_7260;NOM;high;Die MHG-normalisierte Schreibung traegt im gesamten Korpus nur lemma_7260, und lemma_7260 fuehrt genau eine Wortart (NOM). Keine Kontextentscheidung noetig.;las uns dir entphollen sín / du **fraw** múter iungfreuliche meýdt / wann zwar wir sint gar eýgen din
HZU2.tei.xml;HZU2_13413490121004_11;fraw;;ANNOTATE;;ja;;NOM;;lexicon.xml#lemma_7260;;variants.xml#type_43131;lemma_7260;NOM;high;Die MHG-normalisierte Schreibung traegt im gesamten Korpus nur lemma_7260, und lemma_7260 fuehrt genau eine Wortart (NOM). Keine Kontextentscheidung noetig.;han sibenczehen schilling phennig geltz dev do gelegen sind datz dem wueningz dev mein mueter **fraw** agnes geschaft het dem gotzhaus ze nuzdorf dez gueten herren sand johans daz man ir
HZU2.tei.xml;HZU2_21513850317010_20;fraw;;ANNOTATE;;ja;;NOM;;lexicon.xml#lemma_7260;;variants.xml#type_43131;lemma_7260;NOM;high;Die MHG-normalisierte Schreibung traegt im gesamten Korpus nur lemma_7260, und lemma_7260 fuehrt genau eine Wortart (NOM). Keine Kontextentscheidung noetig.;sein miterben heten chain recht an dem egenanten weingarten es solt michel der chastner vnd **fraw** kathrei di alberin pei der erbschaft peleiben vnd solten mit sampt dem utzen den egenanten
HZU2.tei.xml;HZU2_22713900125017_12;fraw;;ANNOTATE;;ja;;NOM;;lexicon.xml#lemma_7260;;variants.xml#type_43131;lemma_7260;NOM;high;Die MHG-normalisierte Schreibung traegt im gesamten Korpus nur lemma_7260, und lemma_7260 fuehrt genau eine Wortart (NOM). Keine Kontextentscheidung noetig.;der iartag von mir angehoert vnd dez priefzz zw ainer woren vrchund gib ich vorgenantew **fraw** katrey mein aygens anhangundes insigel mit dem anhangundem insigel herrn hansen dez truchseczen von grub
HZU2.tei.xml;HZU2_25214160330026_14;fraw;;ANNOTATE;;ja;;NOM;;lexicon.xml#lemma_7260;;variants.xml#type_43131;lemma_7260;NOM;high;Die MHG-normalisierte Schreibung traegt im gesamten Korpus nur lemma_7260, und lemma_7260 fuehrt genau eine Wortart (NOM). Keine Kontextentscheidung noetig.;iren anhangunden insigelln in payden vnd alln iren erben an schaden darvnder ich mich vorgenantew **fraw** kathrey vnd all mein erben verpinden alles daz war vnd stet ze halden daz an
HZU2.tei.xml;HZU2_25614170624014_2;fraw;;ANNOTATE;;ja;;NOM;;lexicon.xml#lemma_7260;;variants.xml#type_43131;lemma_7260;NOM;high;Die MHG-normalisierte Schreibung traegt im gesamten Korpus nur lemma_7260, und lemma_7260 fuehrt genau eine Wortart (NOM). Keine Kontextentscheidung noetig.;egenant wolfgang chamrer wider fuer mich da ich sas an offem gericht aber die vorgenant **fraw** margareth die wirsinginn stephan der wirsing ir sun noch ander ymant von irn wegen die
HZU2.tei.xml;HZU2_25714180312010_23;fraw;;ANNOTATE;;ja;;NOM;;lexicon.xml#lemma_7260;;variants.xml#type_43131;lemma_7260;NOM;high;Die MHG-normalisierte Schreibung traegt im gesamten Korpus nur lemma_7260, und lemma_7260 fuehrt genau eine Wortart (NOM). Keine Kontextentscheidung noetig.;sein worden ze rechten tagen an allen vnsern schaden in der beschaidenhait das die vorgenant **fraw** elizabeth vnser stefmuter vnd ir eriben nue hinfuer mit dem vorgenanten haus mugen vnd schullen
HZU2.tei.xml;HZU2_26814310424002_13;fraw;;ANNOTATE;;ja;;NOM;;lexicon.xml#lemma_7260;;variants.xml#type_43131;lemma_7260;NOM;high;Die MHG-normalisierte Schreibung traegt im gesamten Korpus nur lemma_7260, und lemma_7260 fuehrt genau eine Wortart (NOM). Keine Kontextentscheidung noetig.;tuen chund offenbar mit dem brieff allen lewtten gegenburtigen vnd chunftigen das vns die edl **fraw** fraw breid herrn chunrats von weissenberg tochter vnd weilent herrn wernharts von pebran paider seliger
HZU2.tei.xml;HZU2_26814310424002_14;fraw;;ANNOTATE;;ja;;NOM;;lexicon.xml#lemma_7260;;variants.xml#type_43131;lemma_7260;NOM;high;Die MHG-normalisierte Schreibung traegt im gesamten Korpus nur lemma_7260, und lemma_7260 fuehrt genau eine Wortart (NOM). Keine Kontextentscheidung noetig.;chund offenbar mit dem brieff allen lewtten gegenburtigen vnd chunftigen das vns die edl fraw **fraw** breid herrn chunrats von weissenberg tochter vnd weilent herrn wernharts von pebran paider seliger gedechtnuss
KVO.tei.xml;KVO_1103400_2;fraw;34;ANNOTATE;;ja;;NOM;;lexicon.xml#lemma_7260;;variants.xml#type_43131;lemma_7260;NOM;high;Die MHG-normalisierte Schreibung traegt im gesamten Korpus nur lemma_7260, und lemma_7260 fuehrt genau eine Wortart (NOM). Keine Kontextentscheidung noetig.;daz ist ein ungetruwer list / des manig **fraw** unschuldig ist / die man darzu nicht nennen sol
LUU.tei.xml;LUU_271080_3;fraw;;ANNOTATE;;ja;;NOM;;lexicon.xml#lemma_7260;;variants.xml#type_43131;lemma_7260;NOM;high;Die MHG-normalisierte Schreibung traegt im gesamten Korpus nur lemma_7260, und lemma_7260 fuehrt genau eine Wortart (NOM). Keine Kontextentscheidung noetig.;zuo übergeen dz recht dz er es nit haltet not ist eyn piterin / ein **fraw** / und herr aller menschen not ratet uns dz übel und verzagheÿt not bringt den
LZT.tei.xml;LZT_770_2;fraw;7;ANNOTATE;;ja;;NOM;;lexicon.xml#lemma_7260;;variants.xml#type_43131;lemma_7260;NOM;high;Die MHG-normalisierte Schreibung traegt im gesamten Korpus nur lemma_7260, und lemma_7260 fuehrt genau eine Wortart (NOM). Keine Kontextentscheidung noetig.;die ain ritter mit preys erwarb / ja ob **fraw** selld mich wollte darzu stewren -
LZT.tei.xml;LZT_850_0;fraw;5;ANNOTATE;;ja;;NOM;;lexicon.xml#lemma_7260;;variants.xml#type_43131;lemma_7260;NOM;high;Die MHG-normalisierte Schreibung traegt im gesamten Korpus nur lemma_7260, und lemma_7260 fuehrt genau eine Wortart (NOM). Keine Kontextentscheidung noetig.;hand mich mit diser abentewr beladen / **fraw** er und mynn ir ratt mir payd mit trewen / hab ich ewren breys gehonet ye
LZT.tei.xml;LZT_2470_0;fraw;7;ANNOTATE;;ja;;NOM;;lexicon.xml#lemma_7260;;variants.xml#type_43131;lemma_7260;NOM;high;Die MHG-normalisierte Schreibung traegt im gesamten Korpus nur lemma_7260, und lemma_7260 fuehrt genau eine Wortart (NOM). Keine Kontextentscheidung noetig.;sein herz vast hoher eren gert / **fraw** schannd ab seinem hof ist verr die fluchtig
LZT.tei.xml;LZT_4350_2;fraw;5;ANNOTATE;;ja;;NOM;;lexicon.xml#lemma_7260;;variants.xml#type_43131;lemma_7260;NOM;high;Die MHG-normalisierte Schreibung traegt im gesamten Korpus nur lemma_7260, und lemma_7260 fuehrt genau eine Wortart (NOM). Keine Kontextentscheidung noetig.;do het unart ir schanz zumal verloren / nach wunsch **fraw** sällden scheyben im do gienge / ich was auch selb in meinem haws
LZT.tei.xml;LZT_5430_1;fraw;3;ANNOTATE;;ja;;NOM;;lexicon.xml#lemma_7260;;variants.xml#type_43131;lemma_7260;NOM;high;Die MHG-normalisierte Schreibung traegt im gesamten Korpus nur lemma_7260, und lemma_7260 fuehrt genau eine Wortart (NOM). Keine Kontextentscheidung noetig.;ain enpfank hie geschach / mein **fraw** die wanndels freye / aus süessem munnd vil zuchtigklichen sprach
LZT.tei.xml;LZT_5610_3;fraw;1;ANNOTATE;;ja;;NOM;;lexicon.xml#lemma_7260;;variants.xml#type_43131;lemma_7260;NOM;high;Die MHG-normalisierte Schreibung traegt im gesamten Korpus nur lemma_7260, und lemma_7260 fuehrt genau eine Wortart (NOM). Keine Kontextentscheidung noetig.;alls mir mein **fraw** verprachte / mitt schöner perd ir wort
LZT.tei.xml;LZT_6440_8;fraw;4;ANNOTATE;;ja;;NOM;;lexicon.xml#lemma_7260;;variants.xml#type_43131;lemma_7260;NOM;high;Die MHG-normalisierte Schreibung traegt im gesamten Korpus nur lemma_7260, und lemma_7260 fuehrt genau eine Wortart (NOM). Keine Kontextentscheidung noetig.;mang schmareys darab schymert / fraw mynne sprach uns hat wol **fraw** fortun / zu säliger zeit her pracht auf das gefillde
LZT.tei.xml;LZT_6810_3;fraw;1;ANNOTATE;;ja;;NOM;;lexicon.xml#lemma_7260;;variants.xml#type_43131;lemma_7260;NOM;high;Die MHG-normalisierte Schreibung traegt im gesamten Korpus nur lemma_7260, und lemma_7260 fuehrt genau eine Wortart (NOM). Keine Kontextentscheidung noetig.;des antwurt im **fraw** ere / und jach wellicher endt
LZT.tei.xml;LZT_6910_4;fraw;1;ANNOTATE;;ja;;NOM;;lexicon.xml#lemma_7260;;variants.xml#type_43131;lemma_7260;NOM;high;Die MHG-normalisierte Schreibung traegt im gesamten Korpus nur lemma_7260, und lemma_7260 fuehrt genau eine Wortart (NOM). Keine Kontextentscheidung noetig.;für war **fraw** nit unrechte / sagt ir zu disen dingen
LZT.tei.xml;LZT_7260_0;fraw;6;ANNOTATE;;ja;;NOM;;lexicon.xml#lemma_7260;;variants.xml#type_43131;lemma_7260;NOM;high;Die MHG-normalisierte Schreibung traegt im gesamten Korpus nur lemma_7260, und lemma_7260 fuehrt genau eine Wortart (NOM). Keine Kontextentscheidung noetig.;do diser fürst zer wek erst ward geporen / **fraw** wer in lagt dem wil ich noch / durch seinen preys stecken den lasster doren
LZT.tei.xml;LZT_8060_1;fraw;6;ANNOTATE;;ja;;NOM;;lexicon.xml#lemma_7260;;variants.xml#type_43131;lemma_7260;NOM;high;Die MHG-normalisierte Schreibung traegt im gesamten Korpus nur lemma_7260, und lemma_7260 fuehrt genau eine Wortart (NOM). Keine Kontextentscheidung noetig.;mit sölichem lob alls er her ist erwachsen / mein **fraw** fortunn beschützt in so / das neydes gall im nicht schrot eren sachsen
LZT.tei.xml;LZT_9410_1;fraw;1;ANNOTATE;;ja;;NOM;;lexicon.xml#lemma_7260;;variants.xml#type_43131;lemma_7260;NOM;high;Die MHG-normalisierte Schreibung traegt im gesamten Korpus nur lemma_7260, und lemma_7260 fuehrt genau eine Wortart (NOM). Keine Kontextentscheidung noetig.;mein **fraw** im des antwurte / unnd jach herr diser knecht
LZT.tei.xml;LZT_9510_3;fraw;1;ANNOTATE;;ja;;NOM;;lexicon.xml#lemma_7260;;variants.xml#type_43131;lemma_7260;NOM;high;Die MHG-normalisierte Schreibung traegt im gesamten Korpus nur lemma_7260, und lemma_7260 fuehrt genau eine Wortart (NOM). Keine Kontextentscheidung noetig.;scham rot mein **fraw** mich machet / vor disen herren allen
LZT.tei.xml;LZT_9610_7;fraw;1;ANNOTATE;;ja;;NOM;;lexicon.xml#lemma_7260;;variants.xml#type_43131;lemma_7260;NOM;high;Die MHG-normalisierte Schreibung traegt im gesamten Korpus nur lemma_7260, und lemma_7260 fuehrt genau eine Wortart (NOM). Keine Kontextentscheidung noetig.;vil war so rett **fraw** ere / hat er uns hie gesayt
LZT.tei.xml;LZT_17560_3;fraw;6;ANNOTATE;;ja;;NOM;;lexicon.xml#lemma_7260;;variants.xml#type_43131;lemma_7260;NOM;high;Die MHG-normalisierte Schreibung traegt im gesamten Korpus nur lemma_7260, und lemma_7260 fuehrt genau eine Wortart (NOM). Keine Kontextentscheidung noetig.;zer welt auf dise erden wär geboren / zu handt die **fraw** mitsambt dem kindt / sprang in den lack des wand sy han verloren
LZT.tei.xml;LZT_18810_1;fraw;1;ANNOTATE;;ja;;NOM;;lexicon.xml#lemma_7260;;variants.xml#type_43131;lemma_7260;NOM;high;Die MHG-normalisierte Schreibung traegt im gesamten Korpus nur lemma_7260, und lemma_7260 fuehrt genau eine Wortart (NOM). Keine Kontextentscheidung noetig.;die **fraw** in disem schrecken / vom pfärd in unmaeht viel
LZT.tei.xml;LZT_18910_4;fraw;1;ANNOTATE;;ja;;NOM;;lexicon.xml#lemma_7260;;variants.xml#type_43131;lemma_7260;NOM;high;Die MHG-normalisierte Schreibung traegt im gesamten Korpus nur lemma_7260, und lemma_7260 fuehrt genau eine Wortart (NOM). Keine Kontextentscheidung noetig.;er sprach **fraw** diser dinge / erschreket nicht so ser
LZT.tei.xml;LZT_19620_1;fraw;2;ANNOTATE;;ja;;NOM;;lexicon.xml#lemma_7260;;variants.xml#type_43131;lemma_7260;NOM;high;Die MHG-normalisierte Schreibung traegt im gesamten Korpus nur lemma_7260, und lemma_7260 fuehrt genau eine Wortart (NOM). Keine Kontextentscheidung noetig.;dem künig ward verraten / die **fraw** mit iren kinden / pöss riballden das taten
LZT.tei.xml;LZT_20410_2;fraw;1;ANNOTATE;;ja;;NOM;;lexicon.xml#lemma_7260;;variants.xml#type_43131;lemma_7260;NOM;high;Die MHG-normalisierte Schreibung traegt im gesamten Korpus nur lemma_7260, und lemma_7260 fuehrt genau eine Wortart (NOM). Keine Kontextentscheidung noetig.;sagt **fraw** mir fürbas mere / ich kan michs nitt verrichten
LZT.tei.xml;LZT_20430_4;fraw;3;ANNOTATE;;ja;;NOM;;lexicon.xml#lemma_7260;;variants.xml#type_43131;lemma_7260;NOM;high;Die MHG-normalisierte Schreibung traegt im gesamten Korpus nur lemma_7260, und lemma_7260 fuehrt genau eine Wortart (NOM). Keine Kontextentscheidung noetig.;ich kan michs nitt verrichten / nu sprecht ir und **fraw** ere / rain werde weib nyembt gueter sol vernichten
LZT.tei.xml;LZT_20560_4;fraw;6;ANNOTATE;;ja;;NOM;;lexicon.xml#lemma_7260;;variants.xml#type_43131;lemma_7260;NOM;high;Die MHG-normalisierte Schreibung traegt im gesamten Korpus nur lemma_7260, und lemma_7260 fuehrt genau eine Wortart (NOM). Keine Kontextentscheidung noetig.;des er doch vor werder diet sich solt schamen / und ewr gespile **fraw** fortunn / nach dem im geben hat künigklichen namen
LZT.tei.xml;LZT_20810_4;fraw;1;ANNOTATE;;ja;;NOM;;lexicon.xml#lemma_7260;;variants.xml#type_43131;lemma_7260;NOM;high;Die MHG-normalisierte Schreibung traegt im gesamten Korpus nur lemma_7260, und lemma_7260 fuehrt genau eine Wortart (NOM). Keine Kontextentscheidung noetig.;was ir mir **fraw** nu saget / so wais et ich vil wol
LZT.tei.xml;LZT_23360_2;fraw;6;ANNOTATE;;ja;;NOM;;lexicon.xml#lemma_7260;;variants.xml#type_43131;lemma_7260;NOM;high;Die MHG-normalisierte Schreibung traegt im gesamten Korpus nur lemma_7260, und lemma_7260 fuehrt genau eine Wortart (NOM). Keine Kontextentscheidung noetig.;nie mueter zu ir kind trueg solich mynne / alls dise **fraw** zu lannzilet / als irs hernach vil wol mügt werden inne
LZT.tei.xml;LZT_24330_0;fraw;3;ANNOTATE;;ja;;NOM;;lexicon.xml#lemma_7260;;variants.xml#type_43131;lemma_7260;NOM;high;Die MHG-normalisierte Schreibung traegt im gesamten Korpus nur lemma_7260, und lemma_7260 fuehrt genau eine Wortart (NOM). Keine Kontextentscheidung noetig.;was das er het genumen / **fraw** ginoferen die clare / die weiblicher zucht was so gar volkummen
LZT.tei.xml;LZT_26710_1;fraw;1;ANNOTATE;;ja;;NOM;;lexicon.xml#lemma_7260;;variants.xml#type_43131;lemma_7260;NOM;high;Die MHG-normalisierte Schreibung traegt im gesamten Korpus nur lemma_7260, und lemma_7260 fuehrt genau eine Wortart (NOM). Keine Kontextentscheidung noetig.;die **fraw** sprach herr nu saget / durch got wo ich nu vind
LZT.tei.xml;LZT_27650_3;fraw;5;ANNOTATE;;ja;;NOM;;lexicon.xml#lemma_7260;;variants.xml#type_43131;lemma_7260;NOM;high;Die MHG-normalisierte Schreibung traegt im gesamten Korpus nur lemma_7260, und lemma_7260 fuehrt genau eine Wortart (NOM). Keine Kontextentscheidung noetig.;sunder was höret unnder sein gepiet / nu hört die **fraw** vomm lack auch dise mere / durch bohort unnd auch lionell
LZT.tei.xml;LZT_34920_1;fraw;2;ANNOTATE;;ja;;NOM;;lexicon.xml#lemma_7260;;variants.xml#type_43131;lemma_7260;NOM;high;Die MHG-normalisierte Schreibung traegt im gesamten Korpus nur lemma_7260, und lemma_7260 fuehrt genau eine Wortart (NOM). Keine Kontextentscheidung noetig.;er wolt in vol ertötten / sein **fraw** erwenndt den schaden / in disen grossen nöten
LZT.tei.xml;LZT_35550_1;fraw;5;ANNOTATE;;ja;;NOM;;lexicon.xml#lemma_7260;;variants.xml#type_43131;lemma_7260;NOM;high;Die MHG-normalisierte Schreibung traegt im gesamten Korpus nur lemma_7260, und lemma_7260 fuehrt genau eine Wortart (NOM). Keine Kontextentscheidung noetig.;doch taugen truegen sy das mit gelimpf / die **fraw** sy dicke fragt von irer schwäre / was in so gar ir frewd penem
LZT.tei.xml;LZT_35610_3;fraw;1;ANNOTATE;;ja;;NOM;;lexicon.xml#lemma_7260;;variants.xml#type_43131;lemma_7260;NOM;high;Die MHG-normalisierte Schreibung traegt im gesamten Korpus nur lemma_7260, und lemma_7260 fuehrt genau eine Wortart (NOM). Keine Kontextentscheidung noetig.;hort **fraw** was meinem herzen / thuet allzeit kumer pringen
LZT.tei.xml;LZT_35740_5;fraw;4;ANNOTATE;;ja;;NOM;;lexicon.xml#lemma_7260;;variants.xml#type_43131;lemma_7260;NOM;high;Die MHG-normalisierte Schreibung traegt im gesamten Korpus nur lemma_7260, und lemma_7260 fuehrt genau eine Wortart (NOM). Keine Kontextentscheidung noetig.;des wurden fräudenreiche / die herren zwen die **fraw** schuef der gemaiten / das sy mit list und sunst auch des gedechte
LZT.tei.xml;LZT_37210_1;fraw;1;ANNOTATE;;ja;;NOM;;lexicon.xml#lemma_7260;;variants.xml#type_43131;lemma_7260;NOM;high;Die MHG-normalisierte Schreibung traegt im gesamten Korpus nur lemma_7260, und lemma_7260 fuehrt genau eine Wortart (NOM). Keine Kontextentscheidung noetig.;die **fraw** den küenen degen / mit kurtosey enpfieng
LZT.tei.xml;LZT_42830_0;fraw;3;ANNOTATE;;ja;;NOM;;lexicon.xml#lemma_7260;;variants.xml#type_43131;lemma_7260;NOM;high;Die MHG-normalisierte Schreibung traegt im gesamten Korpus nur lemma_7260, und lemma_7260 fuehrt genau eine Wortart (NOM). Keine Kontextentscheidung noetig.;des ritter strenges gemüet / **fraw** suene ir samen säte / ins künigs herz das nicht wann mynne plüed
LZT.tei.xml;LZT_44120_3;fraw;2;ANNOTATE;;ja;;NOM;;lexicon.xml#lemma_7260;;variants.xml#type_43131;lemma_7260;NOM;high;Die MHG-normalisierte Schreibung traegt im gesamten Korpus nur lemma_7260, und lemma_7260 fuehrt genau eine Wortart (NOM). Keine Kontextentscheidung noetig.;seine sun zwen beliben / und auch die **fraw** peim lack / ir zeit sy da vertriben
LZT.tei.xml;LZT_44840_5;fraw;4;ANNOTATE;;ja;;NOM;;lexicon.xml#lemma_7260;;variants.xml#type_43131;lemma_7260;NOM;high;Die MHG-normalisierte Schreibung traegt im gesamten Korpus nur lemma_7260, und lemma_7260 fuehrt genau eine Wortart (NOM). Keine Kontextentscheidung noetig.;durch pirsen reiten wollte / so was durch mynn die **fraw** nie des urtrutz / wann er wider zu haws des abents quame
LZT.tei.xml;LZT_45160_2;fraw;6;ANNOTATE;;ja;;NOM;;lexicon.xml#lemma_7260;;variants.xml#type_43131;lemma_7260;NOM;high;Die MHG-normalisierte Schreibung traegt im gesamten Korpus nur lemma_7260, und lemma_7260 fuehrt genau eine Wortart (NOM). Keine Kontextentscheidung noetig.;in wunndert ser was dewtten dise märe / das die **fraw** nicht do zu im kam / das was et im in herzen gros ain swäre
LZT.tei.xml;LZT_45830_1;fraw;3;ANNOTATE;;ja;;NOM;;lexicon.xml#lemma_7260;;variants.xml#type_43131;lemma_7260;NOM;high;Die MHG-normalisierte Schreibung traegt im gesamten Korpus nur lemma_7260, und lemma_7260 fuehrt genau eine Wortart (NOM). Keine Kontextentscheidung noetig.;in seinen satel schwief / sein **fraw** die tugentleiche / mit schnellem lauff den jungen anerief
LZT.tei.xml;LZT_46010_1;fraw;1;ANNOTATE;;ja;;NOM;;lexicon.xml#lemma_7260;;variants.xml#type_43131;lemma_7260;NOM;high;Die MHG-normalisierte Schreibung traegt im gesamten Korpus nur lemma_7260, und lemma_7260 fuehrt genau eine Wortart (NOM). Keine Kontextentscheidung noetig.;die **fraw** sprach traurigkleichen / vil schönes küniges kindt
LZT.tei.xml;LZT_46060_1;fraw;6;ANNOTATE;;ja;;NOM;;lexicon.xml#lemma_7260;;variants.xml#type_43131;lemma_7260;NOM;high;Die MHG-normalisierte Schreibung traegt im gesamten Korpus nur lemma_7260, und lemma_7260 fuehrt genau eine Wortart (NOM). Keine Kontextentscheidung noetig.;war woltestu wann du mir ritzt von hawse / **fraw** da wollt ich hin in britann / zu hof reiten dem millten künig artause
LZT.tei.xml;LZT_46470_3;fraw;7;ANNOTATE;;ja;;NOM;;lexicon.xml#lemma_7260;;variants.xml#type_43131;lemma_7260;NOM;high;Die MHG-normalisierte Schreibung traegt im gesamten Korpus nur lemma_7260, und lemma_7260 fuehrt genau eine Wortart (NOM). Keine Kontextentscheidung noetig.;sunder all trug stet und gerecht / sunst im die **fraw** die ritters fuere lobet
LZT.tei.xml;LZT_46610_1;fraw;1;ANNOTATE;;ja;;NOM;;lexicon.xml#lemma_7260;;variants.xml#type_43131;lemma_7260;NOM;high;Die MHG-normalisierte Schreibung traegt im gesamten Korpus nur lemma_7260, und lemma_7260 fuehrt genau eine Wortart (NOM). Keine Kontextentscheidung noetig.;**fraw** ir habt mir gesaget / von ritterlichen eren
LZT.tei.xml;LZT_47250_1;fraw;5;ANNOTATE;;ja;;NOM;;lexicon.xml#lemma_7260;;variants.xml#type_43131;lemma_7260;NOM;high;Die MHG-normalisierte Schreibung traegt im gesamten Korpus nur lemma_7260, und lemma_7260 fuehrt genau eine Wortart (NOM). Keine Kontextentscheidung noetig.;zu gamaheloth der stat zu hannt / die **fraw** mit ir masseney dar tet keren / nu fuegt sich das durch panichen rait
LZT.tei.xml;LZT_48060_3;fraw;6;ANNOTATE;;ja;;NOM;;lexicon.xml#lemma_7260;;variants.xml#type_43131;lemma_7260;NOM;high;Die MHG-normalisierte Schreibung traegt im gesamten Korpus nur lemma_7260, und lemma_7260 fuehrt genau eine Wortart (NOM). Keine Kontextentscheidung noetig.;das gar ir aigen dise diete wäre / das es die **fraw** wär von dem lack / ain garzun sagt dem künig dise märe
LZT.tei.xml;LZT_48240_4;fraw;4;ANNOTATE;;ja;;NOM;;lexicon.xml#lemma_7260;;variants.xml#type_43131;lemma_7260;NOM;high;Die MHG-normalisierte Schreibung traegt im gesamten Korpus nur lemma_7260, und lemma_7260 fuehrt genau eine Wortart (NOM). Keine Kontextentscheidung noetig.;und züchtigklich genigen / artus jach **fraw** tuet ewer rais mir kundt / in meinem reich hab ich lanng nicht vernumen
LZT.tei.xml;LZT_48510_5;fraw;1;ANNOTATE;;ja;;NOM;;lexicon.xml#lemma_7260;;variants.xml#type_43131;lemma_7260;NOM;high;Die MHG-normalisierte Schreibung traegt im gesamten Korpus nur lemma_7260, und lemma_7260 fuehrt genau eine Wortart (NOM). Keine Kontextentscheidung noetig.;das beschicht fürwar **fraw** nymmer / das ich euch suss lass reyten
LZT.tei.xml;LZT_49410_1;fraw;1;ANNOTATE;;ja;;NOM;;lexicon.xml#lemma_7260;;variants.xml#type_43131;lemma_7260;NOM;high;Die MHG-normalisierte Schreibung traegt im gesamten Korpus nur lemma_7260, und lemma_7260 fuehrt genau eine Wortart (NOM). Keine Kontextentscheidung noetig.;die **fraw** zu künig artause / alldo nach urlab sprach
LZT.tei.xml;LZT_50160_6;fraw;6;ANNOTATE;;ja;;NOM;;lexicon.xml#lemma_7260;;variants.xml#type_43131;lemma_7260;NOM;high;Die MHG-normalisierte Schreibung traegt im gesamten Korpus nur lemma_7260, und lemma_7260 fuehrt genau eine Wortart (NOM). Keine Kontextentscheidung noetig.;solt ir wann sy im ist ains tails zu swäre / nu höret mich auch hie **fraw** er / mich dunkt ir mynn ains tails sein zu gefere -
LZT.tei.xml;LZT_50971_12;fraw;7;ANNOTATE;;ja;;NOM;;lexicon.xml#lemma_7260;;variants.xml#type_43131;lemma_7260;NOM;high;Die MHG-normalisierte Schreibung traegt im gesamten Korpus nur lemma_7260, und lemma_7260 fuehrt genau eine Wortart (NOM). Keine Kontextentscheidung noetig.;awentewr wie ain ritter an artus hof kam den die **fraw** von / noaus dar umb hillf gesanndt hete
LZT.tei.xml;LZT_52340_3;fraw;4;ANNOTATE;;ja;;NOM;;lexicon.xml#lemma_7260;;variants.xml#type_43131;lemma_7260;NOM;high;Die MHG-normalisierte Schreibung traegt im gesamten Korpus nur lemma_7260, und lemma_7260 fuehrt genau eine Wortart (NOM). Keine Kontextentscheidung noetig.;do fragt der jung weygannde / war durch die **fraw** zu nöten kumen wär / der ritter sagt warumb sy wär besessen
LZT.tei.xml;LZT_52860_1;fraw;6;ANNOTATE;;ja;;NOM;;lexicon.xml#lemma_7260;;variants.xml#type_43131;lemma_7260;NOM;high;Die MHG-normalisierte Schreibung traegt im gesamten Korpus nur lemma_7260, und lemma_7260 fuehrt genau eine Wortart (NOM). Keine Kontextentscheidung noetig.;er vand ain ritter da von stolzem muete / ain **fraw** was in dem pavilum / durch seinen preys pflag er ir da mit huete
LZT.tei.xml;LZT_55550_4;fraw;5;ANNOTATE;;ja;;NOM;;lexicon.xml#lemma_7260;;variants.xml#type_43131;lemma_7260;NOM;high;Die MHG-normalisierte Schreibung traegt im gesamten Korpus nur lemma_7260, und lemma_7260 fuehrt genau eine Wortart (NOM). Keine Kontextentscheidung noetig.;ain flamme irem herzen trueg vil nahen / er sprach **fraw** küniginne was euch wirret / das lasset ennden mich mit streit
LZT.tei.xml;LZT_56060_3;fraw;6;ANNOTATE;;ja;;NOM;;lexicon.xml#lemma_7260;;variants.xml#type_43131;lemma_7260;NOM;high;Die MHG-normalisierte Schreibung traegt im gesamten Korpus nur lemma_7260, und lemma_7260 fuehrt genau eine Wortart (NOM). Keine Kontextentscheidung noetig.;was mich des wiges hat bys her gehindert / das wais mein **fraw** zu massen wol / ich dinng mein preys damit nicht sey gemynndert
LZT.tei.xml;LZT_56230_1;fraw;3;ANNOTATE;;ja;;NOM;;lexicon.xml#lemma_7260;;variants.xml#type_43131;lemma_7260;NOM;high;Die MHG-normalisierte Schreibung traegt im gesamten Korpus nur lemma_7260, und lemma_7260 fuehrt genau eine Wortart (NOM). Keine Kontextentscheidung noetig.;zu erwennden dise not / die **fraw** sprach in ir layde / hort was der künig mir ye her enpot
LZT.tei.xml;LZT_56310_2;fraw;1;ANNOTATE;;ja;;NOM;;lexicon.xml#lemma_7260;;variants.xml#type_43131;lemma_7260;NOM;high;Die MHG-normalisierte Schreibung traegt im gesamten Korpus nur lemma_7260, und lemma_7260 fuehrt genau eine Wortart (NOM). Keine Kontextentscheidung noetig.;poten die **fraw** tet sennden / zu velld dem künig reich
LZT.tei.xml;LZT_57240_6;fraw;4;ANNOTATE;;ja;;NOM;;lexicon.xml#lemma_7260;;variants.xml#type_43131;lemma_7260;NOM;high;Die MHG-normalisierte Schreibung traegt im gesamten Korpus nur lemma_7260, und lemma_7260 fuehrt genau eine Wortart (NOM). Keine Kontextentscheidung noetig.;vianze ab erzwungen / dem gestreiten sein hie mit **fraw** und das lanndt / erledigt was des frewdte sich vil sere
LZT.tei.xml;LZT_60410_0;fraw;1;ANNOTATE;;ja;;NOM;;lexicon.xml#lemma_7260;;variants.xml#type_43131;lemma_7260;NOM;high;Die MHG-normalisierte Schreibung traegt im gesamten Korpus nur lemma_7260, und lemma_7260 fuehrt genau eine Wortart (NOM). Keine Kontextentscheidung noetig.;**fraw** sigs wil ich euch jehen / kenn wol meinen unfueg
LZT.tei.xml;LZT_60460_2;fraw;6;ANNOTATE;;ja;;NOM;;lexicon.xml#lemma_7260;;variants.xml#type_43131;lemma_7260;NOM;high;Die MHG-normalisierte Schreibung traegt im gesamten Korpus nur lemma_7260, und lemma_7260 fuehrt genau eine Wortart (NOM). Keine Kontextentscheidung noetig.;das er nicht mer rüert hannd glid oder vinger / fürwar **fraw** ewer ungenad / zu mir villeicht ains tailes wurde ringer -
LZT.tei.xml;LZT_60830_2;fraw;3;ANNOTATE;;ja;;NOM;;lexicon.xml#lemma_7260;;variants.xml#type_43131;lemma_7260;NOM;high;Die MHG-normalisierte Schreibung traegt im gesamten Korpus nur lemma_7260, und lemma_7260 fuehrt genau eine Wortart (NOM). Keine Kontextentscheidung noetig.;wie dem helld unverzagt / ain waynde **fraw** was kumen / die ir ameyses tod vil sere clagt
LZT.tei.xml;LZT_61140_4;fraw;4;ANNOTATE;;ja;;NOM;;lexicon.xml#lemma_7260;;variants.xml#type_43131;lemma_7260;NOM;high;Die MHG-normalisierte Schreibung traegt im gesamten Korpus nur lemma_7260, und lemma_7260 fuehrt genau eine Wortart (NOM). Keine Kontextentscheidung noetig.;wem beschert ist diser preyse / fürwar den hat **fraw** selide wol bewart / zu porten zwayn mues ers vor ee bestreiten
LZT.tei.xml;LZT_62010_4;fraw;1;ANNOTATE;;ja;;NOM;;lexicon.xml#lemma_7260;;variants.xml#type_43131;lemma_7260;NOM;high;Die MHG-normalisierte Schreibung traegt im gesamten Korpus nur lemma_7260, und lemma_7260 fuehrt genau eine Wortart (NOM). Keine Kontextentscheidung noetig.;er sprach **fraw** lat mich reiten / was ich heint zwingen mag
LZT.tei.xml;LZT_62340_7;fraw;4;ANNOTATE;;ja;;NOM;;lexicon.xml#lemma_7260;;variants.xml#type_43131;lemma_7260;NOM;high;Die MHG-normalisierte Schreibung traegt im gesamten Korpus nur lemma_7260, und lemma_7260 fuehrt genau eine Wortart (NOM). Keine Kontextentscheidung noetig.;zu ewer ritters tate / sprach sy send euch mein **fraw** die trewen reich / drey schilldt davon ir preys vil mügt behalten
LZT.tei.xml;LZT_74950_1;fraw;5;ANNOTATE;;ja;;NOM;;lexicon.xml#lemma_7260;;variants.xml#type_43131;lemma_7260;NOM;high;Die MHG-normalisierte Schreibung traegt im gesamten Korpus nur lemma_7260, und lemma_7260 fuehrt genau eine Wortart (NOM). Keine Kontextentscheidung noetig.;satzt er darauf hiemit sy riten dann / die **fraw** sprach aus ir süessen munnd geröset / war hin füeren wir euch vianz
LZT.tei.xml;LZT_75810_3;fraw;1;ANNOTATE;;ja;;NOM;;lexicon.xml#lemma_7260;;variants.xml#type_43131;lemma_7260;NOM;high;Die MHG-normalisierte Schreibung traegt im gesamten Korpus nur lemma_7260, und lemma_7260 fuehrt genau eine Wortart (NOM). Keine Kontextentscheidung noetig.;nu hat auch **fraw** fortunne / im sterben kaum erwert
LZT.tei.xml;LZT_77450_4;fraw;5;ANNOTATE;;ja;;NOM;;lexicon.xml#lemma_7260;;variants.xml#type_43131;lemma_7260;NOM;high;Die MHG-normalisierte Schreibung traegt im gesamten Korpus nur lemma_7260, und lemma_7260 fuehrt genau eine Wortart (NOM). Keine Kontextentscheidung noetig.;wolt sy auf irer strasse reyten vort / sy sprachen **fraw** ir müesst et mit uns reiten / do das ir ritter sahen all
LZT.tei.xml;LZT_78140_6;fraw;4;ANNOTATE;;ja;;NOM;;lexicon.xml#lemma_7260;;variants.xml#type_43131;lemma_7260;NOM;high;Die MHG-normalisierte Schreibung traegt im gesamten Korpus nur lemma_7260, und lemma_7260 fuehrt genau eine Wortart (NOM). Keine Kontextentscheidung noetig.;der helld jach zu der claren / diss mag nicht wesen **fraw** zu diser frist / hiemit tet er genadt und urlabs geren
LZT.tei.xml;LZT_79310_4;fraw;1;ANNOTATE;;ja;;NOM;;lexicon.xml#lemma_7260;;variants.xml#type_43131;lemma_7260;NOM;high;Die MHG-normalisierte Schreibung traegt im gesamten Korpus nur lemma_7260, und lemma_7260 fuehrt genau eine Wortart (NOM). Keine Kontextentscheidung noetig.;er jach **fraw** mir enwirret / an meinem leben nicht
LZT.tei.xml;LZT_80060_5;fraw;6;ANNOTATE;;ja;;NOM;;lexicon.xml#lemma_7260;;variants.xml#type_43131;lemma_7260;NOM;high;Die MHG-normalisierte Schreibung traegt im gesamten Korpus nur lemma_7260, und lemma_7260 fuehrt genau eine Wortart (NOM). Keine Kontextentscheidung noetig.;vor im unverr dar tet er menge plicke / er dacht das er **fraw** ginofer / darvor verspart diss pracht im seufzen dicke
LZT.tei.xml;LZT_80160_6;fraw;6;ANNOTATE;;ja;;NOM;;lexicon.xml#lemma_7260;;variants.xml#type_43131;lemma_7260;NOM;high;Die MHG-normalisierte Schreibung traegt im gesamten Korpus nur lemma_7260, und lemma_7260 fuehrt genau eine Wortart (NOM). Keine Kontextentscheidung noetig.;pat in all durch sein rue zer purk beleiben / er jach hort **fraw** wie es gefar / an ander stat wil ich diss nacht vertreyben
LZT.tei.xml;LZT_80210_1;fraw;1;ANNOTATE;;ja;;NOM;;lexicon.xml#lemma_7260;;variants.xml#type_43131;lemma_7260;NOM;high;Die MHG-normalisierte Schreibung traegt im gesamten Korpus nur lemma_7260, und lemma_7260 fuehrt genau eine Wortart (NOM). Keine Kontextentscheidung noetig.;die **fraw** merkt an dem mere / an pärd und allen seinen siten
LZT.tei.xml;LZT_80560_3;fraw;6;ANNOTATE;;ja;;NOM;;lexicon.xml#lemma_7260;;variants.xml#type_43131;lemma_7260;NOM;high;Die MHG-normalisierte Schreibung traegt im gesamten Korpus nur lemma_7260, und lemma_7260 fuehrt genau eine Wortart (NOM). Keine Kontextentscheidung noetig.;sy riten entsambt zu ainer wallde klausen / do wondt ain **fraw** von andacht gros / bey der sy teten die selben nacht behawsen
LZT.tei.xml;LZT_84740_0;fraw;4;ANNOTATE;;ja;;NOM;;lexicon.xml#lemma_7260;;variants.xml#type_43131;lemma_7260;NOM;high;Die MHG-normalisierte Schreibung traegt im gesamten Korpus nur lemma_7260, und lemma_7260 fuehrt genau eine Wortart (NOM). Keine Kontextentscheidung noetig.;zer garde leit gefangen / **fraw** ginofer das ist mengs mannes klag / ich suech ob ich den ritter weis möcht vinden
LZT.tei.xml;LZT_97110_4;fraw;1;ANNOTATE;;ja;;NOM;;lexicon.xml#lemma_7260;;variants.xml#type_43131;lemma_7260;NOM;high;Die MHG-normalisierte Schreibung traegt im gesamten Korpus nur lemma_7260, und lemma_7260 fuehrt genau eine Wortart (NOM). Keine Kontextentscheidung noetig.;er sprach **fraw** mir gelaubet / ob des sunst yemant gert
LZT.tei.xml;LZT_97210_3;fraw;1;ANNOTATE;;ja;;NOM;;lexicon.xml#lemma_7260;;variants.xml#type_43131;lemma_7260;NOM;high;Die MHG-normalisierte Schreibung traegt im gesamten Korpus nur lemma_7260, und lemma_7260 fuehrt genau eine Wortart (NOM). Keine Kontextentscheidung noetig.;sunst in die **fraw** gund neren / hie vor streitlicher not
LZT.tei.xml;LZT_97240_7;fraw;4;ANNOTATE;;ja;;NOM;;lexicon.xml#lemma_7260;;variants.xml#type_43131;lemma_7260;NOM;high;Die MHG-normalisierte Schreibung traegt im gesamten Korpus nur lemma_7260, und lemma_7260 fuehrt genau eine Wortart (NOM). Keine Kontextentscheidung noetig.;yedoch er ir muesst sweren / in ir gefänknüss alls das die **fraw** gepot / in der zeit der künig galahut besannde
LZT.tei.xml;LZT_97940_4;fraw;4;ANNOTATE;;ja;;NOM;;lexicon.xml#lemma_7260;;variants.xml#type_43131;lemma_7260;NOM;high;Die MHG-normalisierte Schreibung traegt im gesamten Korpus nur lemma_7260, und lemma_7260 fuehrt genau eine Wortart (NOM). Keine Kontextentscheidung noetig.;hernach wie er es kunde / verschulldt ichs **fraw** lat mich nach preyse streiten / sy sprach so tuet ewrs namens mir verjehen
LZT.tei.xml;LZT_98070_8;fraw;7;ANNOTATE;;ja;;NOM;;lexicon.xml#lemma_7260;;variants.xml#type_43131;lemma_7260;NOM;high;Die MHG-normalisierte Schreibung traegt im gesamten Korpus nur lemma_7260, und lemma_7260 fuehrt genau eine Wortart (NOM). Keine Kontextentscheidung noetig.;irt mich nicht vänknüss oder tod / seyt sunder sorge ich kum ew **fraw** all pallde
LZT.tei.xml;LZT_103040_0;fraw;4;ANNOTATE;;ja;;NOM;;lexicon.xml#lemma_7260;;variants.xml#type_43131;lemma_7260;NOM;high;Die MHG-normalisierte Schreibung traegt im gesamten Korpus nur lemma_7260, und lemma_7260 fuehrt genau eine Wortart (NOM). Keine Kontextentscheidung noetig.;der wat von golld gund glensteren / **fraw** ginofer und die von moloandt / dagegen tet her lannzilet sunst gaffen
LZT.tei.xml;LZT_103320_1;fraw;2;ANNOTATE;;ja;;NOM;;lexicon.xml#lemma_7260;;variants.xml#type_43131;lemma_7260;NOM;high;Die MHG-normalisierte Schreibung traegt im gesamten Korpus nur lemma_7260, und lemma_7260 fuehrt genau eine Wortart (NOM). Keine Kontextentscheidung noetig.;do sprach zer küniginne / die **fraw** von moloand / fraw ir sollt sennden hinne
LZT.tei.xml;LZT_103330_1;fraw;3;ANNOTATE;;ja;;NOM;;lexicon.xml#lemma_7260;;variants.xml#type_43131;lemma_7260;NOM;high;Die MHG-normalisierte Schreibung traegt im gesamten Korpus nur lemma_7260, und lemma_7260 fuehrt genau eine Wortart (NOM). Keine Kontextentscheidung noetig.;die fraw von moloand / **fraw** ir sollt sennden hinne / ain maget die dem ritter thue bekandt
LZT.tei.xml;LZT_103450_1;fraw;5;ANNOTATE;;ja;;NOM;;lexicon.xml#lemma_7260;;variants.xml#type_43131;lemma_7260;NOM;high;Die MHG-normalisierte Schreibung traegt im gesamten Korpus nur lemma_7260, und lemma_7260 fuehrt genau eine Wortart (NOM). Keine Kontextentscheidung noetig.;ich wen wol das sein ellen sey verzagt / die **fraw** von moloand ain maget hiesse / das sy ir aus zu vellde
LZT.tei.xml;LZT_107610_4;fraw;1;ANNOTATE;;ja;;NOM;;lexicon.xml#lemma_7260;;variants.xml#type_43131;lemma_7260;NOM;high;Die MHG-normalisierte Schreibung traegt im gesamten Korpus nur lemma_7260, und lemma_7260 fuehrt genau eine Wortart (NOM). Keine Kontextentscheidung noetig.;er sprach **fraw** ir solt geren / gar was euch sey zu muet
LZT.tei.xml;LZT_107750_4;fraw;5;ANNOTATE;;ja;;NOM;;lexicon.xml#lemma_7260;;variants.xml#type_43131;lemma_7260;NOM;high;Die MHG-normalisierte Schreibung traegt im gesamten Korpus nur lemma_7260, und lemma_7260 fuehrt genau eine Wortart (NOM). Keine Kontextentscheidung noetig.;wer gen euch gund hie dise suene machen / er sprach **fraw** kund ich euch der mär beschaiden / kenn ich sein namen noch sein art
LZT.tei.xml;LZT_107950_1;fraw;5;ANNOTATE;;ja;;NOM;;lexicon.xml#lemma_7260;;variants.xml#type_43131;lemma_7260;NOM;high;Die MHG-normalisierte Schreibung traegt im gesamten Korpus nur lemma_7260, und lemma_7260 fuehrt genau eine Wortart (NOM). Keine Kontextentscheidung noetig.;das er all her zu uns schier werd besanndt / **fraw** ich denk das er hinnen sey gelenndet / ob des fraw ewr wille gert
LZT.tei.xml;LZT_107960_3;fraw;6;ANNOTATE;;ja;;NOM;;lexicon.xml#lemma_7260;;variants.xml#type_43131;lemma_7260;NOM;high;Die MHG-normalisierte Schreibung traegt im gesamten Korpus nur lemma_7260, und lemma_7260 fuehrt genau eine Wortart (NOM). Keine Kontextentscheidung noetig.;fraw ich denk das er hinnen sey gelenndet / ob des **fraw** ewr wille gert / so wirt von mir vil schnell nach im gesenndet
LZT.tei.xml;LZT_108070_1;fraw;7;ANNOTATE;;ja;;NOM;;lexicon.xml#lemma_7260;;variants.xml#type_43131;lemma_7260;NOM;high;Die MHG-normalisierte Schreibung traegt im gesamten Korpus nur lemma_7260, und lemma_7260 fuehrt genau eine Wortart (NOM). Keine Kontextentscheidung noetig.;ob das mit seinem willen wär / die **fraw** des lannds in geren wolt besprechen
LZT.tei.xml;LZT_108820_0;fraw;2;ANNOTATE;;ja;;NOM;;lexicon.xml#lemma_7260;;variants.xml#type_43131;lemma_7260;NOM;high;Die MHG-normalisierte Schreibung traegt im gesamten Korpus nur lemma_7260, und lemma_7260 fuehrt genau eine Wortart (NOM). Keine Kontextentscheidung noetig.;hab ich aber verkallet / **fraw** ewr genad und hulld / das ir suss mit mir schallet
LZT.tei.xml;LZT_108930_4;fraw;3;ANNOTATE;;ja;;NOM;;lexicon.xml#lemma_7260;;variants.xml#type_43131;lemma_7260;NOM;high;Die MHG-normalisierte Schreibung traegt im gesamten Korpus nur lemma_7260, und lemma_7260 fuehrt genau eine Wortart (NOM). Keine Kontextentscheidung noetig.;ich wen des beschech da nicht / nu sagt mir **fraw** vil here / und gebt mir diser sachen pas pericht
LZT.tei.xml;LZT_109910_6;fraw;1;ANNOTATE;;ja;;NOM;;lexicon.xml#lemma_7260;;variants.xml#type_43131;lemma_7260;NOM;high;Die MHG-normalisierte Schreibung traegt im gesamten Korpus nur lemma_7260, und lemma_7260 fuehrt genau eine Wortart (NOM). Keine Kontextentscheidung noetig.;er sprach hort **fraw** vil here / solt es hernach nicht pringen
LZT.tei.xml;LZT_110020_4;fraw;2;ANNOTATE;;ja;;NOM;;lexicon.xml#lemma_7260;;variants.xml#type_43131;lemma_7260;NOM;high;Die MHG-normalisierte Schreibung traegt im gesamten Korpus nur lemma_7260, und lemma_7260 fuehrt genau eine Wortart (NOM). Keine Kontextentscheidung noetig.;auf gnad und guet gedingen / so sey euch **fraw** gesagt / nach der mein herz tuet ringen
LZT.tei.xml;LZT_110260_3;fraw;6;ANNOTATE;;ja;;NOM;;lexicon.xml#lemma_7260;;variants.xml#type_43131;lemma_7260;NOM;high;Die MHG-normalisierte Schreibung traegt im gesamten Korpus nur lemma_7260, und lemma_7260 fuehrt genau eine Wortart (NOM). Keine Kontextentscheidung noetig.;do sagt er ir tag zeit und alle stunde / wie in sein **fraw** zu hofe fuert / und wie er schwuer all dort dem ritter wunde
LZT.tei.xml;LZT_110310_4;fraw;1;ANNOTATE;;ja;;NOM;;lexicon.xml#lemma_7260;;variants.xml#type_43131;lemma_7260;NOM;high;Die MHG-normalisierte Schreibung traegt im gesamten Korpus nur lemma_7260, und lemma_7260 fuehrt genau eine Wortart (NOM). Keine Kontextentscheidung noetig.;gedenkt ir **fraw** ainr zeite / das die fraw von noaus
LZT.tei.xml;LZT_110320_2;fraw;2;ANNOTATE;;ja;;NOM;;lexicon.xml#lemma_7260;;variants.xml#type_43131;lemma_7260;NOM;high;Die MHG-normalisierte Schreibung traegt im gesamten Korpus nur lemma_7260, und lemma_7260 fuehrt genau eine Wortart (NOM). Keine Kontextentscheidung noetig.;gedenkt ir fraw ainr zeite / das die **fraw** von noaus / her sant durch ainen streyte
LZT.tei.xml;LZT_110620_1;fraw;2;ANNOTATE;;ja;;NOM;;lexicon.xml#lemma_7260;;variants.xml#type_43131;lemma_7260;NOM;high;Die MHG-normalisierte Schreibung traegt im gesamten Korpus nur lemma_7260, und lemma_7260 fuehrt genau eine Wortart (NOM). Keine Kontextentscheidung noetig.;diss ist vil wol mir kunde / die **fraw** begunde jehen / seider der selben stunde
LZT.tei.xml;LZT_110650_3;fraw;5;ANNOTATE;;ja;;NOM;;lexicon.xml#lemma_7260;;variants.xml#type_43131;lemma_7260;NOM;high;Die MHG-normalisierte Schreibung traegt im gesamten Korpus nur lemma_7260, und lemma_7260 fuehrt genau eine Wortart (NOM). Keine Kontextentscheidung noetig.;sagt mir ob ich euch seyd ye hab gesehen / ja **fraw** zer doloros sich das gepurte / ich was der euch und auch artaus
LZT.tei.xml;LZT_110760_4;fraw;6;ANNOTATE;;ja;;NOM;;lexicon.xml#lemma_7260;;variants.xml#type_43131;lemma_7260;NOM;high;Die MHG-normalisierte Schreibung traegt im gesamten Korpus nur lemma_7260, und lemma_7260 fuehrt genau eine Wortart (NOM). Keine Kontextentscheidung noetig.;wann da her yban mich von nöten losste / ich was et **fraw** dem in jem wag / her yban kam hellfliche dort zu troste
LZT.tei.xml;LZT_110810_4;fraw;1;ANNOTATE;;ja;;NOM;;lexicon.xml#lemma_7260;;variants.xml#type_43131;lemma_7260;NOM;high;Die MHG-normalisierte Schreibung traegt im gesamten Korpus nur lemma_7260, und lemma_7260 fuehrt genau eine Wortart (NOM). Keine Kontextentscheidung noetig.;ich müesst et **fraw** erstorben / sein durch ewr süesse mynn
LZT.tei.xml;LZT_110850_4;fraw;5;ANNOTATE;;ja;;NOM;;lexicon.xml#lemma_7260;;variants.xml#type_43131;lemma_7260;NOM;high;Die MHG-normalisierte Schreibung traegt im gesamten Korpus nur lemma_7260, und lemma_7260 fuehrt genau eine Wortart (NOM). Keine Kontextentscheidung noetig.;sunst nam ewr süesser plick mir all mein synn / diss sey et **fraw** auf gnad euch gar gesaget / durch euch zu zeit mit ritterschaft
LZT.tei.xml;LZT_111060_3;fraw;6;ANNOTATE;;ja;;NOM;;lexicon.xml#lemma_7260;;variants.xml#type_43131;lemma_7260;NOM;high;Die MHG-normalisierte Schreibung traegt im gesamten Korpus nur lemma_7260, und lemma_7260 fuehrt genau eine Wortart (NOM). Keine Kontextentscheidung noetig.;die mangen man zu laid mir handt erschlagen / ja **fraw** alls ich ir has vernam / das wollt et ich in kainen weys vertragen
LZT.tei.xml;LZT_111210_1;fraw;1;ANNOTATE;;ja;;NOM;;lexicon.xml#lemma_7260;;variants.xml#type_43131;lemma_7260;NOM;high;Die MHG-normalisierte Schreibung traegt im gesamten Korpus nur lemma_7260, und lemma_7260 fuehrt genau eine Wortart (NOM). Keine Kontextentscheidung noetig.;**fraw** der will sey mir verre / das ich suss sollte werben
LZT.tei.xml;LZT_111340_2;fraw;4;ANNOTATE;;ja;;NOM;;lexicon.xml#lemma_7260;;variants.xml#type_43131;lemma_7260;NOM;high;Die MHG-normalisierte Schreibung traegt im gesamten Korpus nur lemma_7260, und lemma_7260 fuehrt genau eine Wortart (NOM). Keine Kontextentscheidung noetig.;künig amor den verzwicket / das in **fraw** wer so leichtes nicht entrannt / fraw er nu secht auch selb zu disen dingen
LZT.tei.xml;LZT_111350_0;fraw;5;ANNOTATE;;ja;;NOM;;lexicon.xml#lemma_7260;;variants.xml#type_43131;lemma_7260;NOM;high;Die MHG-normalisierte Schreibung traegt im gesamten Korpus nur lemma_7260, und lemma_7260 fuehrt genau eine Wortart (NOM). Keine Kontextentscheidung noetig.;das in fraw wer so leichtes nicht entrannt / **fraw** er nu secht auch selb zu disen dingen / wann stat und zeit dick machet das
LZT.tei.xml;LZT_112120_1;fraw;2;ANNOTATE;;ja;;NOM;;lexicon.xml#lemma_7260;;variants.xml#type_43131;lemma_7260;NOM;high;Die MHG-normalisierte Schreibung traegt im gesamten Korpus nur lemma_7260, und lemma_7260 fuehrt genau eine Wortart (NOM). Keine Kontextentscheidung noetig.;nu kam auch dar zu hannde / die **fraw** von moloandt / der mynn den künig prannde
MLB.tei.xml;MLB_3110_1;fraw;311;ANNOTATE;;ja;;NOM;;lexicon.xml#lemma_7260;;variants.xml#type_43131;lemma_7260;NOM;high;Die MHG-normalisierte Schreibung traegt im gesamten Korpus nur lemma_7260, und lemma_7260 fuehrt genau eine Wortart (NOM). Keine Kontextentscheidung noetig.;helft mir das ich kum ein hin / die **fraw** im da engegen gieng / mit eim kusse sie in enpfieng
MNB.tei.xml;MNB_3007360_4;fraw;736;ANNOTATE;;ja;;NOM;;lexicon.xml#lemma_7260;;variants.xml#type_43131;lemma_7260;NOM;high;Die MHG-normalisierte Schreibung traegt im gesamten Korpus nur lemma_7260, und lemma_7260 fuehrt genau eine Wortart (NOM). Keine Kontextentscheidung noetig.;auch ist ir varb erglentzet sa / reht als sie sy **fraw** elena / geborn uz der selden stam
MNB.tei.xml;MNB_3007590_3;fraw;759;ANNOTATE;;ja;;NOM;;lexicon.xml#lemma_7260;;variants.xml#type_43131;lemma_7260;NOM;high;Die MHG-normalisierte Schreibung traegt im gesamten Korpus nur lemma_7260, und lemma_7260 fuehrt genau eine Wortart (NOM). Keine Kontextentscheidung noetig.;sie won mir in dem synne me / dann mir vor **fraw** ye getet / ich gedenk an sie frue und spet
MNB.tei.xml;MNB_3011520_4;fraw;1152;ANNOTATE;;ja;;NOM;;lexicon.xml#lemma_7260;;variants.xml#type_43131;lemma_7260;NOM;high;Die MHG-normalisierte Schreibung traegt im gesamten Korpus nur lemma_7260, und lemma_7260 fuehrt genau eine Wortart (NOM). Keine Kontextentscheidung noetig.;so mag er dann wol heben an / und sprechen « **fraw** ich weiz ein man / der hat uch in dem synne getragen
MNB.tei.xml;MNB_3012960_2;fraw;1296;ANNOTATE;;ja;;NOM;;lexicon.xml#lemma_7260;;variants.xml#type_43131;lemma_7260;NOM;high;Die MHG-normalisierte Schreibung traegt im gesamten Korpus nur lemma_7260, und lemma_7260 fuehrt genau eine Wortart (NOM). Keine Kontextentscheidung noetig.;mit falscher rede und trugender list / daz manig **fraw** in dem won ist / sie minn ir lieb von hertzen gar
MNB.tei.xml;MNB_3014510_1;fraw;1451;ANNOTATE;;ja;;NOM;;lexicon.xml#lemma_7260;;variants.xml#type_43131;lemma_7260;NOM;high;Die MHG-normalisierte Schreibung traegt im gesamten Korpus nur lemma_7260, und lemma_7260 fuehrt genau eine Wortart (NOM). Keine Kontextentscheidung noetig.;ez dunke mich allez wol getan / eya **fraw** zart nach wunsch erkorn / nu bis auch mir zu trost geborn
MNB.tei.xml;MNB_3018030_3;fraw;1803;ANNOTATE;;ja;;NOM;;lexicon.xml#lemma_7260;;variants.xml#type_43131;lemma_7260;NOM;high;Die MHG-normalisierte Schreibung traegt im gesamten Korpus nur lemma_7260, und lemma_7260 fuehrt genau eine Wortart (NOM). Keine Kontextentscheidung noetig.;und auch von den quaschueren / die mir die **fraw** geslagen dort / hett mit irr mynnen lantzen ort
MNB.tei.xml;MNB_3018400_1;fraw;1840;ANNOTATE;;ja;;NOM;;lexicon.xml#lemma_7260;;variants.xml#type_43131;lemma_7260;NOM;high;Die MHG-normalisierte Schreibung traegt im gesamten Korpus nur lemma_7260, und lemma_7260 fuehrt genau eine Wortart (NOM). Keine Kontextentscheidung noetig.;ein cleinen trost ich doch gevink / die **fraw** eins tagez zu mir gink / da ich sie ane blickte
MNB.tei.xml;MNB_3019180_2;fraw;1918;ANNOTATE;;ja;;NOM;;lexicon.xml#lemma_7260;;variants.xml#type_43131;lemma_7260;NOM;high;Die MHG-normalisierte Schreibung traegt im gesamten Korpus nur lemma_7260, und lemma_7260 fuehrt genau eine Wortart (NOM). Keine Kontextentscheidung noetig.;solt ez sie kosten ein kungrich gar / daz die **fraw** queme dar / und in wente iren gebrechen
MNB.tei.xml;MNB_3025790_1;fraw;2579;ANNOTATE;;ja;;NOM;;lexicon.xml#lemma_7260;;variants.xml#type_43131;lemma_7260;NOM;high;Die MHG-normalisierte Schreibung traegt im gesamten Korpus nur lemma_7260, und lemma_7260 fuehrt genau eine Wortart (NOM). Keine Kontextentscheidung noetig.;daz im vil weger were der tot / ey **fraw** hilff uz diser not / durch diner hohen wirde rum
MNB.tei.xml;MNB_3025810_2;fraw;2581;ANNOTATE;;ja;;NOM;;lexicon.xml#lemma_7260;;variants.xml#type_43131;lemma_7260;NOM;high;Die MHG-normalisierte Schreibung traegt im gesamten Korpus nur lemma_7260, und lemma_7260 fuehrt genau eine Wortart (NOM). Keine Kontextentscheidung noetig.;durch diner hohen wirde rum / kum **fraw** zart kum fraw kum / wiltu daz ich it sulle genesen
MNB.tei.xml;MNB_3025810_7;fraw;2581;ANNOTATE;;ja;;NOM;;lexicon.xml#lemma_7260;;variants.xml#type_43131;lemma_7260;NOM;high;Die MHG-normalisierte Schreibung traegt im gesamten Korpus nur lemma_7260, und lemma_7260 fuehrt genau eine Wortart (NOM). Keine Kontextentscheidung noetig.;durch diner hohen wirde rum / kum fraw zart kum **fraw** kum / wiltu daz ich it sulle genesen
MNB.tei.xml;MNB_3026340_4;fraw;2634;ANNOTATE;;ja;;NOM;;lexicon.xml#lemma_7260;;variants.xml#type_43131;lemma_7260;NOM;high;Die MHG-normalisierte Schreibung traegt im gesamten Korpus nur lemma_7260, und lemma_7260 fuehrt genau eine Wortart (NOM). Keine Kontextentscheidung noetig.;ist sie nu gar derstorben / daz han ich **fraw** derworben / an dir und wil ez gern haben
MNB.tei.xml;MNB_3026490_3;fraw;2649;ANNOTATE;;ja;;NOM;;lexicon.xml#lemma_7260;;variants.xml#type_43131;lemma_7260;NOM;high;Die MHG-normalisierte Schreibung traegt im gesamten Korpus nur lemma_7260, und lemma_7260 fuehrt genau eine Wortart (NOM). Keine Kontextentscheidung noetig.;mit worten er in daz gebot / also tue **fraw** ein zeichen / an mir laß dich derweichen
MNB.tei.xml;MNB_3026550_1;fraw;2655;ANNOTATE;;ja;;NOM;;lexicon.xml#lemma_7260;;variants.xml#type_43131;lemma_7260;NOM;high;Die MHG-normalisierte Schreibung traegt im gesamten Korpus nur lemma_7260, und lemma_7260 fuehrt genau eine Wortart (NOM). Keine Kontextentscheidung noetig.;wann ich mag sprechen als martha sprach / **fraw** fraw werstu hie gewesen / min freude die were wol genesen
MNB.tei.xml;MNB_3026550_3;fraw;2655;ANNOTATE;;ja;;NOM;;lexicon.xml#lemma_7260;;variants.xml#type_43131;lemma_7260;NOM;high;Die MHG-normalisierte Schreibung traegt im gesamten Korpus nur lemma_7260, und lemma_7260 fuehrt genau eine Wortart (NOM). Keine Kontextentscheidung noetig.;wann ich mag sprechen als martha sprach / fraw **fraw** werstu hie gewesen / min freude die were wol genesen
MNB.tei.xml;MNB_3026990_3;fraw;2699;ANNOTATE;;ja;;NOM;;lexicon.xml#lemma_7260;;variants.xml#type_43131;lemma_7260;NOM;high;Die MHG-normalisierte Schreibung traegt im gesamten Korpus nur lemma_7260, und lemma_7260 fuehrt genau eine Wortart (NOM). Keine Kontextentscheidung noetig.;ist im die visament gegeben / daz nu min **fraw** uzerwelt / nach der ich mich han vil gequelt
MNB.tei.xml;MNB_3028740_2;fraw;2874;ANNOTATE;;ja;;NOM;;lexicon.xml#lemma_7260;;variants.xml#type_43131;lemma_7260;NOM;high;Die MHG-normalisierte Schreibung traegt im gesamten Korpus nur lemma_7260, und lemma_7260 fuehrt genau eine Wortart (NOM). Keine Kontextentscheidung noetig.;und dar zu unbesunnenheit / wann welhe **fraw** in ir treit / moß sitikeit und witze
MNB.tei.xml;MNB_3030460_2;fraw;3046;ANNOTATE;;ja;;NOM;;lexicon.xml#lemma_7260;;variants.xml#type_43131;lemma_7260;NOM;high;Die MHG-normalisierte Schreibung traegt im gesamten Korpus nur lemma_7260, und lemma_7260 fuehrt genau eine Wortart (NOM). Keine Kontextentscheidung noetig.;und wart auch zu teydingen bracht / der burge **fraw** waz wol bedaht / wann sie sprach mit guten synnen
MNB.tei.xml;MNB_3030930_3;fraw;3093;ANNOTATE;;ja;;NOM;;lexicon.xml#lemma_7260;;variants.xml#type_43131;lemma_7260;NOM;high;Die MHG-normalisierte Schreibung traegt im gesamten Korpus nur lemma_7260, und lemma_7260 fuehrt genau eine Wortart (NOM). Keine Kontextentscheidung noetig.;da von zwor so dunket mich / wolle der burg **fraw** sich twingen / ir wesen uff das hochste bringen
MNB.tei.xml;MNB_3031120_1;fraw;3112;ANNOTATE;;ja;;NOM;;lexicon.xml#lemma_7260;;variants.xml#type_43131;lemma_7260;NOM;high;Die MHG-normalisierte Schreibung traegt im gesamten Korpus nur lemma_7260, und lemma_7260 fuehrt genau eine Wortart (NOM). Keine Kontextentscheidung noetig.;mich gantzes ingesinde la sin / die **fraw** sprach der werlde schin / ist valsch und kan vil sußer mere
MNB.tei.xml;MNB_3032000_3;fraw;3200;ANNOTATE;;ja;;NOM;;lexicon.xml#lemma_7260;;variants.xml#type_43131;lemma_7260;NOM;high;Die MHG-normalisierte Schreibung traegt im gesamten Korpus nur lemma_7260, und lemma_7260 fuehrt genau eine Wortart (NOM). Keine Kontextentscheidung noetig.;ach suße werde mynne / mir ligt ein **fraw** in mynem synne / die kan mich dez gewenen
MNB.tei.xml;MNB_3032220_3;fraw;3222;ANNOTATE;;ja;;NOM;;lexicon.xml#lemma_7260;;variants.xml#type_43131;lemma_7260;NOM;high;Die MHG-normalisierte Schreibung traegt im gesamten Korpus nur lemma_7260, und lemma_7260 fuehrt genau eine Wortart (NOM). Keine Kontextentscheidung noetig.;zu freudenriches lustes adel / dez treit min **fraw** sunder zadel / wol den aller besten teile
MNB.tei.xml;MNB_3033440_1;fraw;3344;ANNOTATE;;ja;;NOM;;lexicon.xml#lemma_7260;;variants.xml#type_43131;lemma_7260;NOM;high;Die MHG-normalisierte Schreibung traegt im gesamten Korpus nur lemma_7260, und lemma_7260 fuehrt genau eine Wortart (NOM). Keine Kontextentscheidung noetig.;leit in hertzen meret / die **fraw** der kunig geheret / mit lieb mir entwuerten
MNB.tei.xml;MNB_3035420_2;fraw;3542;ANNOTATE;;ja;;NOM;;lexicon.xml#lemma_7260;;variants.xml#type_43131;lemma_7260;NOM;high;Die MHG-normalisierte Schreibung traegt im gesamten Korpus nur lemma_7260, und lemma_7260 fuehrt genau eine Wortart (NOM). Keine Kontextentscheidung noetig.;daz in dicke freude beraubet / dir din **fraw** licht niht gelaubet / und lest dich sin in jamer gros
MNB.tei.xml;MNB_3038720_2;fraw;3872;ANNOTATE;;ja;;NOM;;lexicon.xml#lemma_7260;;variants.xml#type_43131;lemma_7260;NOM;high;Die MHG-normalisierte Schreibung traegt im gesamten Korpus nur lemma_7260, und lemma_7260 fuehrt genau eine Wortart (NOM). Keine Kontextentscheidung noetig.;ey liebe truwe und wisheit / und auch **fraw** gerechtikeit / dar umb daz ir mir wandels frye
MNB.tei.xml;MNB_3040880_2;fraw;4088;ANNOTATE;;ja;;NOM;;lexicon.xml#lemma_7260;;variants.xml#type_43131;lemma_7260;NOM;high;Die MHG-normalisierte Schreibung traegt im gesamten Korpus nur lemma_7260, und lemma_7260 fuehrt genau eine Wortart (NOM). Keine Kontextentscheidung noetig.;uber die unsteten tat / als dise **fraw** geclaget hat / wysheit zu hant entwurt bot
MNB.tei.xml;MNB_3041380_4;fraw;4138;ANNOTATE;;ja;;NOM;;lexicon.xml#lemma_7260;;variants.xml#type_43131;lemma_7260;NOM;high;Die MHG-normalisierte Schreibung traegt im gesamten Korpus nur lemma_7260, und lemma_7260 fuehrt genau eine Wortart (NOM). Keine Kontextentscheidung noetig.;daz sin freud wer allzit nuwe / dar nach furt dar **fraw** truwe / ein edelkneht zum jungsten mol
MNB.tei.xml;MNB_3042040_3;fraw;4204;ANNOTATE;;ja;;NOM;;lexicon.xml#lemma_7260;;variants.xml#type_43131;lemma_7260;NOM;high;Die MHG-normalisierte Schreibung traegt im gesamten Korpus nur lemma_7260, und lemma_7260 fuehrt genau eine Wortart (NOM). Keine Kontextentscheidung noetig.;doch gedenket er allez dar an / also tut **fraw** sunder wan / min diner der getruwe kneht
MNB.tei.xml;MNB_3042060_4;fraw;4206;ANNOTATE;;ja;;NOM;;lexicon.xml#lemma_7260;;variants.xml#type_43131;lemma_7260;NOM;high;Die MHG-normalisierte Schreibung traegt im gesamten Korpus nur lemma_7260, und lemma_7260 fuehrt genau eine Wortart (NOM). Keine Kontextentscheidung noetig.;min diner der getruwe kneht / ich bit uch **fraw** daz ir sleht / mir syt an dem gerichte
MNB.tei.xml;MNB_3044300_4;fraw;4430;ANNOTATE;;ja;;NOM;;lexicon.xml#lemma_7260;;variants.xml#type_43131;lemma_7260;NOM;high;Die MHG-normalisierte Schreibung traegt im gesamten Korpus nur lemma_7260, und lemma_7260 fuehrt genau eine Wortart (NOM). Keine Kontextentscheidung noetig.;daz ich bin ußer moßen wunt / sich fuget daz ein **fraw** wart kunt / dem hertzen min ich weiz wol wo
MNB.tei.xml;MNB_3045290_1;fraw;4529;ANNOTATE;;ja;;NOM;;lexicon.xml#lemma_7260;;variants.xml#type_43131;lemma_7260;NOM;high;Die MHG-normalisierte Schreibung traegt im gesamten Korpus nur lemma_7260, und lemma_7260 fuehrt genau eine Wortart (NOM). Keine Kontextentscheidung noetig.;dar umb daz gemeret / min **fraw** hat uff mich iren has / ich west vor hin lutzel baz
MNB.tei.xml;MNB_3045800_3;fraw;4580;ANNOTATE;;ja;;NOM;;lexicon.xml#lemma_7260;;variants.xml#type_43131;lemma_7260;NOM;high;Die MHG-normalisierte Schreibung traegt im gesamten Korpus nur lemma_7260, und lemma_7260 fuehrt genau eine Wortart (NOM). Keine Kontextentscheidung noetig.;verwunt und an gezundet / da by min **fraw** auch sundet / groblich an mir umb iren hazz
MNB.tei.xml;MNB_3045860_1;fraw;4586;ANNOTATE;;ja;;NOM;;lexicon.xml#lemma_7260;;variants.xml#type_43131;lemma_7260;NOM;high;Die MHG-normalisierte Schreibung traegt im gesamten Korpus nur lemma_7260, und lemma_7260 fuehrt genau eine Wortart (NOM). Keine Kontextentscheidung noetig.;er sprach in weizz ich wen ach nein / min **fraw** ist herter dann ein stein / gein mir daz wiße sunder wan
MNB.tei.xml;MNB_3046150_2;fraw;4615;ANNOTATE;;ja;;NOM;;lexicon.xml#lemma_7260;;variants.xml#type_43131;lemma_7260;NOM;high;Die MHG-normalisierte Schreibung traegt im gesamten Korpus nur lemma_7260, und lemma_7260 fuehrt genau eine Wortart (NOM). Keine Kontextentscheidung noetig.;fraw minne habt ir gehoret bede / also sprach **fraw** truwe / ey syt mit mir in ruwe
MNB.tei.xml;MNB_3046490_1;fraw;4649;ANNOTATE;;ja;;NOM;;lexicon.xml#lemma_7260;;variants.xml#type_43131;lemma_7260;NOM;high;Die MHG-normalisierte Schreibung traegt im gesamten Korpus nur lemma_7260, und lemma_7260 fuehrt genau eine Wortart (NOM). Keine Kontextentscheidung noetig.;sagt uns war umb oder wie / ewer **fraw** uech nyde und sy gehaz / ich sprach hoert zu ich sag uch daz
MNB.tei.xml;MNB_3046550_3;fraw;4655;ANNOTATE;;ja;;NOM;;lexicon.xml#lemma_7260;;variants.xml#type_43131;lemma_7260;NOM;high;Die MHG-normalisierte Schreibung traegt im gesamten Korpus nur lemma_7260, und lemma_7260 fuehrt genau eine Wortart (NOM). Keine Kontextentscheidung noetig.;versmehen spotten haßes don / daz gar min **fraw** zu mir tuet / in hochfart und in ubermuet
MNB.tei.xml;MNB_3046770_2;fraw;4677;ANNOTATE;;ja;;NOM;;lexicon.xml#lemma_7260;;variants.xml#type_43131;lemma_7260;NOM;high;Die MHG-normalisierte Schreibung traegt im gesamten Korpus nur lemma_7260, und lemma_7260 fuehrt genau eine Wortart (NOM). Keine Kontextentscheidung noetig.;ez sint vergangen jar und tag / daz min **fraw** der zart onychel / ist gewest gein mir so stichel
MNB.tei.xml;MNB_3047680_1;fraw;4768;ANNOTATE;;ja;;NOM;;lexicon.xml#lemma_7260;;variants.xml#type_43131;lemma_7260;NOM;high;Die MHG-normalisierte Schreibung traegt im gesamten Korpus nur lemma_7260, und lemma_7260 fuehrt genau eine Wortart (NOM). Keine Kontextentscheidung noetig.;ey frawe zart frawe vin / ey **fraw** durch frewte frawe min / woltestu nur eins bescheyden mich
MNB.tei.xml;MNB_3048210_4;fraw;4821;ANNOTATE;;ja;;NOM;;lexicon.xml#lemma_7260;;variants.xml#type_43131;lemma_7260;NOM;high;Die MHG-normalisierte Schreibung traegt im gesamten Korpus nur lemma_7260, und lemma_7260 fuehrt genau eine Wortart (NOM). Keine Kontextentscheidung noetig.;wenn nie kein mensche lieber wart / dem andern dann die **fraw** mir ist / ez hat bekant myns hertzen list
MNB.tei.xml;MNB_3050020_2;fraw;5002;ANNOTATE;;ja;;NOM;;lexicon.xml#lemma_7260;;variants.xml#type_43131;lemma_7260;NOM;high;Die MHG-normalisierte Schreibung traegt im gesamten Korpus nur lemma_7260, und lemma_7260 fuehrt genau eine Wortart (NOM). Keine Kontextentscheidung noetig.;und fragt minen diner sleht / so sprach **fraw** truwe und heißet reht / teilen als ez sy fur gezelt
MNB.tei.xml;MNB_3053510_3;fraw;5351;ANNOTATE;;ja;;NOM;;lexicon.xml#lemma_7260;;variants.xml#type_43131;lemma_7260;NOM;high;Die MHG-normalisierte Schreibung traegt im gesamten Korpus nur lemma_7260, und lemma_7260 fuehrt genau eine Wortart (NOM). Keine Kontextentscheidung noetig.;als die rede sy fur geleit / also so rett **fraw** truwe / fraw mynne durch gantze ruwe
MNB.tei.xml;MNB_3053550_4;fraw;5355;ANNOTATE;;ja;;NOM;;lexicon.xml#lemma_7260;;variants.xml#type_43131;lemma_7260;NOM;high;Die MHG-normalisierte Schreibung traegt im gesamten Korpus nur lemma_7260, und lemma_7260 fuehrt genau eine Wortart (NOM). Keine Kontextentscheidung noetig.;do entwurt mynne die richterin / und sprach **fraw** truwe ich wolde / daz ich der rede solde
MR1.tei.xml;MR1_10032014200_4;frow;142;ANNOTATE;;ja;;NOM;;lexicon.xml#lemma_7260;;variants.xml#type_25985;lemma_7260;NOM;high;Die MHG-normalisierte Schreibung traegt im gesamten Korpus nur lemma_7260, und lemma_7260 fuehrt genau eine Wortart (NOM). Keine Kontextentscheidung noetig.;es was mir laid und sprach zuo ir / nit erschreckt **frow** von mir / ich bin öch ain ellend man
MR1.tei.xml;MR1_10041015000_1;frow;150;ANNOTATE;;ja;;NOM;;lexicon.xml#lemma_7260;;variants.xml#type_25985;lemma_7260;NOM;high;Die MHG-normalisierte Schreibung traegt im gesamten Korpus nur lemma_7260, und lemma_7260 fuehrt genau eine Wortart (NOM). Keine Kontextentscheidung noetig.;ich antwirt ir mit zühten / **frow** ich bin in flühten / vor grösser lieb und will begeben
MR1.tei.xml;MR1_10041016100_5;frow;161;ANNOTATE;;ja;;NOM;;lexicon.xml#lemma_7260;;variants.xml#type_25985;lemma_7260;NOM;high;Die MHG-normalisierte Schreibung traegt im gesamten Korpus nur lemma_7260, und lemma_7260 fuehrt genau eine Wortart (NOM). Keine Kontextentscheidung noetig.;du solt mir es nit für übel hön / ich sprach min **frow** one spöt / ich bitt üch durch den werden göt
MR1.tei.xml;MR1_10041017200_1;frow;172;ANNOTATE;;ja;;NOM;;lexicon.xml#lemma_7260;;variants.xml#type_25985;lemma_7260;NOM;high;Die MHG-normalisierte Schreibung traegt im gesamten Korpus nur lemma_7260, und lemma_7260 fuehrt genau eine Wortart (NOM). Keine Kontextentscheidung noetig.;und müst mich schemen der geschicht - - / **frow** der forch der dörfft ir nicht / wan wer sin laid will zerstörn
MR1.tei.xml;MR1_10042020400_5;frow;204;ANNOTATE;;ja;;NOM;;lexicon.xml#lemma_7260;;variants.xml#type_25985;lemma_7260;NOM;high;Die MHG-normalisierte Schreibung traegt im gesamten Korpus nur lemma_7260, und lemma_7260 fuehrt genau eine Wortart (NOM). Keine Kontextentscheidung noetig.;und sprach er sölt lässen dar von / er antwir mir « **frow** ich en kan » / ich verstaind öch wol das war was
MR1.tei.xml;MR1_10051023500_5;frow;235;ANNOTATE;;ja;;NOM;;lexicon.xml#lemma_7260;;variants.xml#type_25985;lemma_7260;NOM;high;Die MHG-normalisierte Schreibung traegt im gesamten Korpus nur lemma_7260, und lemma_7260 fuehrt genau eine Wortart (NOM). Keine Kontextentscheidung noetig.;wan was ich lid das mir geschicht / umb dich allain schöne **frow** / wan das nit wer machtu schäwen
MR1.tei.xml;MR1_10061028200_1;frow;282;ANNOTATE;;ja;;NOM;;lexicon.xml#lemma_7260;;variants.xml#type_25985;lemma_7260;NOM;high;Die MHG-normalisierte Schreibung traegt im gesamten Korpus nur lemma_7260, und lemma_7260 fuehrt genau eine Wortart (NOM). Keine Kontextentscheidung noetig.;daman haimlich sach richten tuot / vor **frow** fenus und irn gespilen guot / es geschach also ich ward geladen
MR1.tei.xml;MR1_10061028800_0;frow;288;ANNOTATE;;ja;;NOM;;lexicon.xml#lemma_7260;;variants.xml#type_25985;lemma_7260;NOM;high;Die MHG-normalisierte Schreibung traegt im gesamten Korpus nur lemma_7260, und lemma_7260 fuehrt genau eine Wortart (NOM). Keine Kontextentscheidung noetig.;mit kurzen worten ich sprach wie / **frow** ich gehöret kain ding lieber nie / solt es weren alle min tag
MR1.tei.xml;MR1_10061029800_2;frow;298;ANNOTATE;;ja;;NOM;;lexicon.xml#lemma_7260;;variants.xml#type_25985;lemma_7260;NOM;high;Die MHG-normalisierte Schreibung traegt im gesamten Korpus nur lemma_7260, und lemma_7260 fuehrt genau eine Wortart (NOM). Keine Kontextentscheidung noetig.;der bat gerichtes und fürsprechen / und nam **frow** lieben die frechen / die trat hin für mit siner clag
MR1.tei.xml;MR1_10062031200_0;frow;312;ANNOTATE;;ja;;NOM;;lexicon.xml#lemma_7260;;variants.xml#type_25985;lemma_7260;NOM;high;Die MHG-normalisierte Schreibung traegt im gesamten Korpus nur lemma_7260, und lemma_7260 fuehrt genau eine Wortart (NOM). Keine Kontextentscheidung noetig.;ich bat also die richterin / **frow** fenus küngin der min / das sy mir erlöben wölt
MR1.tei.xml;MR1_10062031400_0;frow;314;ANNOTATE;;ja;;NOM;;lexicon.xml#lemma_7260;;variants.xml#type_25985;lemma_7260;NOM;high;Die MHG-normalisierte Schreibung traegt im gesamten Korpus nur lemma_7260, und lemma_7260 fuehrt genau eine Wortart (NOM). Keine Kontextentscheidung noetig.;das sy mir erlöben wölt / **frow** eren daß sie sölt / mir min antwirt für bringen
MR1.tei.xml;MR1_10062032000_5;frow;320;ANNOTATE;;ja;;NOM;;lexicon.xml#lemma_7260;;variants.xml#type_25985;lemma_7260;NOM;high;Die MHG-normalisierte Schreibung traegt im gesamten Korpus nur lemma_7260, und lemma_7260 fuehrt genau eine Wortart (NOM). Keine Kontextentscheidung noetig.;in fryem muot und sprach alsus / « hört edle küngin **frow** fenus / frow lieb hät beclaget ser
MR1.tei.xml;MR1_10062032100_0;frow;321;ANNOTATE;;ja;;NOM;;lexicon.xml#lemma_7260;;variants.xml#type_25985;lemma_7260;NOM;high;Die MHG-normalisierte Schreibung traegt im gesamten Korpus nur lemma_7260, und lemma_7260 fuehrt genau eine Wortart (NOM). Keine Kontextentscheidung noetig.;« hört edle küngin frow fenus / **frow** lieb hät beclaget ser / dißer frowen an ir er
MR1.tei.xml;MR1_10062033700_2;frow;337;ANNOTATE;;ja;;NOM;;lexicon.xml#lemma_7260;;variants.xml#type_25985;lemma_7260;NOM;high;Die MHG-normalisierte Schreibung traegt im gesamten Korpus nur lemma_7260, und lemma_7260 fuehrt genau eine Wortart (NOM). Keine Kontextentscheidung noetig.;zuo dem rechten sy sie im nit schuldig » / da wider **frow** liebe rett mit synn / « merck edle frow küngin
MR1.tei.xml;MR1_10062033800_4;frow;338;ANNOTATE;;ja;;NOM;;lexicon.xml#lemma_7260;;variants.xml#type_25985;lemma_7260;NOM;high;Die MHG-normalisierte Schreibung traegt im gesamten Korpus nur lemma_7260, und lemma_7260 fuehrt genau eine Wortart (NOM). Keine Kontextentscheidung noetig.;da wider frow liebe rett mit synn / « merck edle **frow** küngin / die frow hie one lögen stät
MR1.tei.xml;MR1_10062033900_1;frow;339;ANNOTATE;;ja;;NOM;;lexicon.xml#lemma_7260;;variants.xml#type_25985;lemma_7260;NOM;high;Die MHG-normalisierte Schreibung traegt im gesamten Korpus nur lemma_7260, und lemma_7260 fuehrt genau eine Wortart (NOM). Keine Kontextentscheidung noetig.;« merck edle frow küngin / die **frow** hie one lögen stät / als ir denn wol gehört hönd
MR1.tei.xml;MR1_10071035400_1;frow;354;ANNOTATE;;ja;;NOM;;lexicon.xml#lemma_7260;;variants.xml#type_25985;lemma_7260;NOM;high;Die MHG-normalisierte Schreibung traegt im gesamten Korpus nur lemma_7260, und lemma_7260 fuehrt genau eine Wortart (NOM). Keine Kontextentscheidung noetig.;ob dem allem also sy » / sprach **frow** lieb die fry / frow er die fuort mich hin dan
MR1.tei.xml;MR1_10071035500_0;frow;355;ANNOTATE;;ja;;NOM;;lexicon.xml#lemma_7260;;variants.xml#type_25985;lemma_7260;NOM;high;Die MHG-normalisierte Schreibung traegt im gesamten Korpus nur lemma_7260, und lemma_7260 fuehrt genau eine Wortart (NOM). Keine Kontextentscheidung noetig.;sprach frow lieb die fry / **frow** er die fuort mich hin dan / « ist wär das für bringt dißer man
MR1.tei.xml;MR1_10071036200_0;frow;362;ANNOTATE;;ja;;NOM;;lexicon.xml#lemma_7260;;variants.xml#type_25985;lemma_7260;NOM;high;Die MHG-normalisierte Schreibung traegt im gesamten Korpus nur lemma_7260, und lemma_7260 fuehrt genau eine Wortart (NOM). Keine Kontextentscheidung noetig.;wann es was luter die warhait / **frow** er sprach « es ist mir laid / es solt kain frow so hört nit sin »
MR1.tei.xml;MR1_10071036300_3;frow;363;ANNOTATE;;ja;;NOM;;lexicon.xml#lemma_7260;;variants.xml#type_25985;lemma_7260;NOM;high;Die MHG-normalisierte Schreibung traegt im gesamten Korpus nur lemma_7260, und lemma_7260 fuehrt genau eine Wortart (NOM). Keine Kontextentscheidung noetig.;frow er sprach « es ist mir laid / es solt kain **frow** so hört nit sin » / trurig gieng sie wider hin in
MR1.tei.xml;MR1_10071036600_1;frow;366;ANNOTATE;;ja;;NOM;;lexicon.xml#lemma_7260;;variants.xml#type_25985;lemma_7260;NOM;high;Die MHG-normalisierte Schreibung traegt im gesamten Korpus nur lemma_7260, und lemma_7260 fuehrt genau eine Wortart (NOM). Keine Kontextentscheidung noetig.;und sprach « ich verhort die sach eben / die **frow** sprach gült es ir das leben / sie wölt nit lögen der warhait
MR1.tei.xml;MR1_10072037400_0;frow;374;ANNOTATE;;ja;;NOM;;lexicon.xml#lemma_7260;;variants.xml#type_25985;lemma_7260;NOM;high;Die MHG-normalisierte Schreibung traegt im gesamten Korpus nur lemma_7260, und lemma_7260 fuehrt genau eine Wortart (NOM). Keine Kontextentscheidung noetig.;und bessern alle ding » / **frow** lieb sprach « der jüngling / hett zuo ir ze clagend mer
MR1.tei.xml;MR1_10072037800_0;frow;378;ANNOTATE;;ja;;NOM;;lexicon.xml#lemma_7260;;variants.xml#type_25985;lemma_7260;NOM;high;Die MHG-normalisierte Schreibung traegt im gesamten Korpus nur lemma_7260, und lemma_7260 fuehrt genau eine Wortart (NOM). Keine Kontextentscheidung noetig.;ir größ ungetrüw wil er verswigen / **frow** fenus dancket im mit nigen / man seit die frow hab bekant
MR1.tei.xml;MR1_10072037900_3;frow;379;ANNOTATE;;ja;;NOM;;lexicon.xml#lemma_7260;;variants.xml#type_25985;lemma_7260;NOM;high;Die MHG-normalisierte Schreibung traegt im gesamten Korpus nur lemma_7260, und lemma_7260 fuehrt genau eine Wortart (NOM). Keine Kontextentscheidung noetig.;frow fenus dancket im mit nigen / man seit die **frow** hab bekant / er öch rechtes gerichtes ermant
MR1.tei.xml;MR1_10072038200_2;frow;382;ANNOTATE;;ja;;NOM;;lexicon.xml#lemma_7260;;variants.xml#type_25985;lemma_7260;NOM;high;Die MHG-normalisierte Schreibung traegt im gesamten Korpus nur lemma_7260, und lemma_7260 fuehrt genau eine Wortart (NOM). Keine Kontextentscheidung noetig.;das ir im sprechend urtail / das dise **frow** hört und gail / ernstlich werd gestrafft umb ir hörte größ
MR1.tei.xml;MR1_10072039100_0;frow;391;ANNOTATE;;ja;;NOM;;lexicon.xml#lemma_7260;;variants.xml#type_25985;lemma_7260;NOM;high;Die MHG-normalisierte Schreibung traegt im gesamten Korpus nur lemma_7260, und lemma_7260 fuehrt genau eine Wortart (NOM). Keine Kontextentscheidung noetig.;die solt man nit also verspotten / **frow** trüw an üch ist gebrochen / frow stet läßt ir es ungerochen
MR1.tei.xml;MR1_10072039200_0;frow;392;ANNOTATE;;ja;;NOM;;lexicon.xml#lemma_7260;;variants.xml#type_25985;lemma_7260;NOM;high;Die MHG-normalisierte Schreibung traegt im gesamten Korpus nur lemma_7260, und lemma_7260 fuehrt genau eine Wortart (NOM). Keine Kontextentscheidung noetig.;frow trüw an üch ist gebrochen / **frow** stet läßt ir es ungerochen / das dißem knaben stett mit hertikait
MR1.tei.xml;MR1_10072039700_0;frow;397;ANNOTATE;;ja;;NOM;;lexicon.xml#lemma_7260;;variants.xml#type_25985;lemma_7260;NOM;high;Die MHG-normalisierte Schreibung traegt im gesamten Korpus nur lemma_7260, und lemma_7260 fuehrt genau eine Wortart (NOM). Keine Kontextentscheidung noetig.;swigend ir dar zuo ir taind nit recht / **frow** guot wie mügend ir das geliden / dise frow hät üch tain vemiden
MR1.tei.xml;MR1_10072039800_1;frow;398;ANNOTATE;;ja;;NOM;;lexicon.xml#lemma_7260;;variants.xml#type_25985;lemma_7260;NOM;high;Die MHG-normalisierte Schreibung traegt im gesamten Korpus nur lemma_7260, und lemma_7260 fuehrt genau eine Wortart (NOM). Keine Kontextentscheidung noetig.;frow guot wie mügend ir das geliden / dise **frow** hät üch tain vemiden / frow er ir liessend öch billich ab
MR1.tei.xml;MR1_10072039900_0;frow;399;ANNOTATE;;ja;;NOM;;lexicon.xml#lemma_7260;;variants.xml#type_25985;lemma_7260;NOM;high;Die MHG-normalisierte Schreibung traegt im gesamten Korpus nur lemma_7260, und lemma_7260 fuehrt genau eine Wortart (NOM). Keine Kontextentscheidung noetig.;dise frow hät üch tain vemiden / **frow** er ir liessend öch billich ab / ze bittend für sie dan dißer knab
MR1.tei.xml;MR1_10081040300_0;frow;403;ANNOTATE;;ja;;NOM;;lexicon.xml#lemma_7260;;variants.xml#type_25985;lemma_7260;NOM;high;Die MHG-normalisierte Schreibung traegt im gesamten Korpus nur lemma_7260, und lemma_7260 fuehrt genau eine Wortart (NOM). Keine Kontextentscheidung noetig.;um ir er ward er ir hold / **frow** zucht ir habend sie übel gezogen / das sie den knaben hät getrogen
MR1.tei.xml;MR1_10081040500_0;frow;405;ANNOTATE;;ja;;NOM;;lexicon.xml#lemma_7260;;variants.xml#type_25985;lemma_7260;NOM;high;Die MHG-normalisierte Schreibung traegt im gesamten Korpus nur lemma_7260, und lemma_7260 fuehrt genau eine Wortart (NOM). Keine Kontextentscheidung noetig.;das sie den knaben hät getrogen / **frow** scham üch ist öch laid geschehen / von dißer frowen daß muoß ich jehen
MR1.tei.xml;MR1_10081040900_2;frow;409;ANNOTATE;;ja;;NOM;;lexicon.xml#lemma_7260;;variants.xml#type_25985;lemma_7260;NOM;high;Die MHG-normalisierte Schreibung traegt im gesamten Korpus nur lemma_7260, und lemma_7260 fuehrt genau eine Wortart (NOM). Keine Kontextentscheidung noetig.;hertikait und untrüw triben / merck **frow** fenus edle küngin / wir alle din höff gesin
MR1.tei.xml;MR1_10081041900_3;frow;419;ANNOTATE;;ja;;NOM;;lexicon.xml#lemma_7260;;variants.xml#type_25985;lemma_7260;NOM;high;Die MHG-normalisierte Schreibung traegt im gesamten Korpus nur lemma_7260, und lemma_7260 fuehrt genau eine Wortart (NOM). Keine Kontextentscheidung noetig.;solt on gericht komen von hin / und wer hie **frow** aventüre / sie wer mit mir ungehüre
MR1.tei.xml;MR1_10081042200_0;frow;422;ANNOTATE;;ja;;NOM;;lexicon.xml#lemma_7260;;variants.xml#type_25985;lemma_7260;NOM;high;Die MHG-normalisierte Schreibung traegt im gesamten Korpus nur lemma_7260, und lemma_7260 fuehrt genau eine Wortart (NOM). Keine Kontextentscheidung noetig.;ze rechen sölich größ missetät / **frow** helfft uns uß dißer nöt / und fragend umb näch urtails recht »
MR1.tei.xml;MR1_10081043100_0;frow;431;ANNOTATE;;ja;;NOM;;lexicon.xml#lemma_7260;;variants.xml#type_25985;lemma_7260;NOM;high;Die MHG-normalisierte Schreibung traegt im gesamten Korpus nur lemma_7260, und lemma_7260 fuehrt genau eine Wortart (NOM). Keine Kontextentscheidung noetig.;und hieß mit recht die ellend / **frow** eren bitten halff mich nicht / sie wagen so höch diß geschicht
MR1.tei.xml;MR1_10081043400_1;frow;434;ANNOTATE;;ja;;NOM;;lexicon.xml#lemma_7260;;variants.xml#type_25985;lemma_7260;NOM;high;Die MHG-normalisierte Schreibung traegt im gesamten Korpus nur lemma_7260, und lemma_7260 fuehrt genau eine Wortart (NOM). Keine Kontextentscheidung noetig.;das mir alle gnäd ward verzigen / da **frow** lieb nun hett verswigen / frow fenus die richterin
MR1.tei.xml;MR1_10082043500_0;frow;435;ANNOTATE;;ja;;NOM;;lexicon.xml#lemma_7260;;variants.xml#type_25985;lemma_7260;NOM;high;Die MHG-normalisierte Schreibung traegt im gesamten Korpus nur lemma_7260, und lemma_7260 fuehrt genau eine Wortart (NOM). Keine Kontextentscheidung noetig.;da frow lieb nun hett verswigen / **frow** fenus die richterin / fraugt umb nâch rechter min
MR1.tei.xml;MR1_10082043900_0;frow;439;ANNOTATE;;ja;;NOM;;lexicon.xml#lemma_7260;;variants.xml#type_25985;lemma_7260;NOM;high;Die MHG-normalisierte Schreibung traegt im gesamten Korpus nur lemma_7260, und lemma_7260 fuehrt genau eine Wortart (NOM). Keine Kontextentscheidung noetig.;ich staind betrübt und wainet ser / **frow** lieb sprach « mich duncket recht / sit sie iren trüwen kneht
MR1.tei.xml;MR1_10082045300_1;frow;453;ANNOTATE;;ja;;NOM;;lexicon.xml#lemma_7260;;variants.xml#type_25985;lemma_7260;NOM;high;Die MHG-normalisierte Schreibung traegt im gesamten Korpus nur lemma_7260, und lemma_7260 fuehrt genau eine Wortart (NOM). Keine Kontextentscheidung noetig.;nahend von den frowen allen gar / allain **frow** er für mich bat / es was umb sust ich muost an stat
MR1.tei.xml;MR1_10091046400_0;frow;464;ANNOTATE;;ja;;NOM;;lexicon.xml#lemma_7260;;variants.xml#type_25985;lemma_7260;NOM;high;Die MHG-normalisierte Schreibung traegt im gesamten Korpus nur lemma_7260, und lemma_7260 fuehrt genau eine Wortart (NOM). Keine Kontextentscheidung noetig.;do daß urtail alles ward volbracht / **frow** er die truret und gedächt / an min liden und jamer groß
MR1.tei.xml;MR1_10091047600_0;frow;476;ANNOTATE;;ja;;NOM;;lexicon.xml#lemma_7260;;variants.xml#type_25985;lemma_7260;NOM;high;Die MHG-normalisierte Schreibung traegt im gesamten Korpus nur lemma_7260, und lemma_7260 fuehrt genau eine Wortart (NOM). Keine Kontextentscheidung noetig.;gieng nackend und ploß / **frow** lieb hett ser verdroß / doch kum ward ich gewert diß
MR1.tei.xml;MR1_10091048100_4;frow;481;ANNOTATE;;ja;;NOM;;lexicon.xml#lemma_7260;;variants.xml#type_25985;lemma_7260;NOM;high;Die MHG-normalisierte Schreibung traegt im gesamten Korpus nur lemma_7260, und lemma_7260 fuehrt genau eine Wortart (NOM). Keine Kontextentscheidung noetig.;umb die untrüw die ich het getön / do das geschach **frow** er zoch ab / dißen swarzen rock sie mir gab
MR1.tei.xml;MR1_10092049300_2;frow;493;ANNOTATE;;ja;;NOM;;lexicon.xml#lemma_7260;;variants.xml#type_25985;lemma_7260;NOM;high;Die MHG-normalisierte Schreibung traegt im gesamten Korpus nur lemma_7260, und lemma_7260 fuehrt genau eine Wortart (NOM). Keine Kontextentscheidung noetig.;die sich nit stössend an mich / also die **frow** die red beschloß / mit zehern sie iren lib begoß
MR1.tei.xml;MR1_10101050900_4;frow;509;ANNOTATE;;ja;;NOM;;lexicon.xml#lemma_7260;;variants.xml#type_25985;lemma_7260;NOM;high;Die MHG-normalisierte Schreibung traegt im gesamten Korpus nur lemma_7260, und lemma_7260 fuehrt genau eine Wortart (NOM). Keine Kontextentscheidung noetig.;so sy habend gliches laid / ich sprach **frow** ich hon vernomen / üwer laid wie ir sind komen
MR1.tei.xml;MR1_10101053700_4;frow;537;ANNOTATE;;ja;;NOM;;lexicon.xml#lemma_7260;;variants.xml#type_25985;lemma_7260;NOM;high;Die MHG-normalisierte Schreibung traegt im gesamten Korpus nur lemma_7260, und lemma_7260 fuehrt genau eine Wortart (NOM). Keine Kontextentscheidung noetig.;do man sölich sachen schlicht / ich bit üch **frow** umb üwer ere / ir wellend mir geben wiß und lere
MR1.tei.xml;MR1_10102055400_1;frow;554;ANNOTATE;;ja;;NOM;;lexicon.xml#lemma_7260;;variants.xml#type_25985;lemma_7260;NOM;high;Die MHG-normalisierte Schreibung traegt im gesamten Korpus nur lemma_7260, und lemma_7260 fuehrt genau eine Wortart (NOM). Keine Kontextentscheidung noetig.;als wir unßer sag brächten zuo end / die **frow** bot mir ir hend / und danckt mir miner gehaiß
MR1.tei.xml;MR1_10102056900_4;frow;569;ANNOTATE;;ja;;NOM;;lexicon.xml#lemma_7260;;variants.xml#type_25985;lemma_7260;NOM;high;Die MHG-normalisierte Schreibung traegt im gesamten Korpus nur lemma_7260, und lemma_7260 fuehrt genau eine Wortart (NOM). Keine Kontextentscheidung noetig.;das sie also nit dörft sterben / und käm ich herwider **frow** / das ich dan sie suochte do
MR1.tei.xml;MR1_10111059800_4;frow;598;ANNOTATE;;ja;;NOM;;lexicon.xml#lemma_7260;;variants.xml#type_25985;lemma_7260;NOM;high;Die MHG-normalisierte Schreibung traegt im gesamten Korpus nur lemma_7260, und lemma_7260 fuehrt genau eine Wortart (NOM). Keine Kontextentscheidung noetig.;die nacht die kumpt ich schaid von dir / ich sprach **frow** üwer begir / will ich werben mit ganzem fliß
MR1.tei.xml;MR1_10122067300_2;frow;673;ANNOTATE;;ja;;NOM;;lexicon.xml#lemma_7260;;variants.xml#type_25985;lemma_7260;NOM;high;Die MHG-normalisierte Schreibung traegt im gesamten Korpus nur lemma_7260, und lemma_7260 fuehrt genau eine Wortart (NOM). Keine Kontextentscheidung noetig.;du wilt all hie tröst erwerben / da die **frow** iren falcken wider / bi dem luder hett sie trat nider
MR1.tei.xml;MR1_10131069000_6;frow;690;ANNOTATE;;ja;;NOM;;lexicon.xml#lemma_7260;;variants.xml#type_25985;lemma_7260;NOM;high;Die MHG-normalisierte Schreibung traegt im gesamten Korpus nur lemma_7260, und lemma_7260 fuehrt genau eine Wortart (NOM). Keine Kontextentscheidung noetig.;das merck ich wöl an dinen geberden / ich sprach gnäd **frow** edle und werde / ich tain als ainer der erschrickt
MR1.tei.xml;MR1_10132070200_1;frow;702;ANNOTATE;;ja;;NOM;;lexicon.xml#lemma_7260;;variants.xml#type_25985;lemma_7260;NOM;high;Die MHG-normalisierte Schreibung traegt im gesamten Korpus nur lemma_7260, und lemma_7260 fuehrt genau eine Wortart (NOM). Keine Kontextentscheidung noetig.;gedienet hab und gesach sie nie / gnedige **frow** sind ir nun hie / so ist verswunden vast min clag
MR1.tei.xml;MR1_10141074400_2;frow;744;ANNOTATE;;ja;;NOM;;lexicon.xml#lemma_7260;;variants.xml#type_25985;lemma_7260;NOM;high;Die MHG-normalisierte Schreibung traegt im gesamten Korpus nur lemma_7260, und lemma_7260 fuehrt genau eine Wortart (NOM). Keine Kontextentscheidung noetig.;da won ich und min gespilen guot / und haben **frow** fenus in huot / da sich uff und merck es eben
MR1.tei.xml;MR1_10142074800_0;frow;748;ANNOTATE;;ja;;NOM;;lexicon.xml#lemma_7260;;variants.xml#type_25985;lemma_7260;NOM;high;Die MHG-normalisierte Schreibung traegt im gesamten Korpus nur lemma_7260, und lemma_7260 fuehrt genau eine Wortart (NOM). Keine Kontextentscheidung noetig.;wa iegklicher frowen wonung syg / **frow** fenus unßer küngin fry / ist daß schönst daß du sichst
MR1.tei.xml;MR1_10142075200_2;frow;752;ANNOTATE;;ja;;NOM;;lexicon.xml#lemma_7260;;variants.xml#type_25985;lemma_7260;NOM;high;Die MHG-normalisierte Schreibung traegt im gesamten Korpus nur lemma_7260, und lemma_7260 fuehrt genau eine Wortart (NOM). Keine Kontextentscheidung noetig.;zuo der rechten hand alß sich zimpt / dar nach **frow** stet ir wonung nimpt / frow trüw ir gezelt dar näch hät in
MR1.tei.xml;MR1_10142075300_0;frow;753;ANNOTATE;;ja;;NOM;;lexicon.xml#lemma_7260;;variants.xml#type_25985;lemma_7260;NOM;high;Die MHG-normalisierte Schreibung traegt im gesamten Korpus nur lemma_7260, und lemma_7260 fuehrt genau eine Wortart (NOM). Keine Kontextentscheidung noetig.;dar nach frow stet ir wonung nimpt / **frow** trüw ir gezelt dar näch hät in / frow guot ist ir nächbürin
MR1.tei.xml;MR1_10142075400_0;frow;754;ANNOTATE;;ja;;NOM;;lexicon.xml#lemma_7260;;variants.xml#type_25985;lemma_7260;NOM;high;Die MHG-normalisierte Schreibung traegt im gesamten Korpus nur lemma_7260, und lemma_7260 fuehrt genau eine Wortart (NOM). Keine Kontextentscheidung noetig.;frow trüw ir gezelt dar näch hät in / **frow** guot ist ir nächbürin / üff die andern sitten her mer
MR1.tei.xml;MR1_10142075600_4;frow;756;ANNOTATE;;ja;;NOM;;lexicon.xml#lemma_7260;;variants.xml#type_25985;lemma_7260;NOM;high;Die MHG-normalisierte Schreibung traegt im gesamten Korpus nur lemma_7260, und lemma_7260 fuehrt genau eine Wortart (NOM). Keine Kontextentscheidung noetig.;üff die andern sitten her mer / do sitzt am nehsten **frow** er / frow zucht dar näch hußen tuot
MR1.tei.xml;MR1_10142075700_0;frow;757;ANNOTATE;;ja;;NOM;;lexicon.xml#lemma_7260;;variants.xml#type_25985;lemma_7260;NOM;high;Die MHG-normalisierte Schreibung traegt im gesamten Korpus nur lemma_7260, und lemma_7260 fuehrt genau eine Wortart (NOM). Keine Kontextentscheidung noetig.;do sitzt am nehsten frow er / **frow** zucht dar näch hußen tuot / frow scham nahend by ir ruowt
MR1.tei.xml;MR1_10142075800_0;frow;758;ANNOTATE;;ja;;NOM;;lexicon.xml#lemma_7260;;variants.xml#type_25985;lemma_7260;NOM;high;Die MHG-normalisierte Schreibung traegt im gesamten Korpus nur lemma_7260, und lemma_7260 fuehrt genau eine Wortart (NOM). Keine Kontextentscheidung noetig.;frow zucht dar näch hußen tuot / **frow** scham nahend by ir ruowt / zuo dem letsten die lieb die gehür
MR1.tei.xml;MR1_10142076000_4;frow;760;ANNOTATE;;ja;;NOM;;lexicon.xml#lemma_7260;;variants.xml#type_25985;lemma_7260;NOM;high;Die MHG-normalisierte Schreibung traegt im gesamten Korpus nur lemma_7260, und lemma_7260 fuehrt genau eine Wortart (NOM). Keine Kontextentscheidung noetig.;zuo dem letsten die lieb die gehür / dar näch ze nehst **frow** aubentür / also sichstu unßer ordnung
MR1.tei.xml;MR1_10151079200_0;frow;792;ANNOTATE;;ja;;NOM;;lexicon.xml#lemma_7260;;variants.xml#type_25985;lemma_7260;NOM;high;Die MHG-normalisierte Schreibung traegt im gesamten Korpus nur lemma_7260, und lemma_7260 fuehrt genau eine Wortart (NOM). Keine Kontextentscheidung noetig.;von iren fröden richen glösten / **frow** fenus hett den bösten / karfunckel mercklich und groß
MR1.tei.xml;MR1_10151079800_1;frow;798;ANNOTATE;;ja;;NOM;;lexicon.xml#lemma_7260;;variants.xml#type_25985;lemma_7260;NOM;high;Die MHG-normalisierte Schreibung traegt im gesamten Korpus nur lemma_7260, und lemma_7260 fuehrt genau eine Wortart (NOM). Keine Kontextentscheidung noetig.;von allen farben der gestain / min **frow** lieb die rain / hett ainen robin von orient
MR1.tei.xml;MR1_10151080400_0;frow;804;ANNOTATE;;ja;;NOM;;lexicon.xml#lemma_7260;;variants.xml#type_25985;lemma_7260;NOM;high;Die MHG-normalisierte Schreibung traegt im gesamten Korpus nur lemma_7260, und lemma_7260 fuehrt genau eine Wortart (NOM). Keine Kontextentscheidung noetig.;wer gesach ye hüpscher gezier / **frow** stet hett ain minecklichen saffir / der do glast mit finem blaw
MR1.tei.xml;MR1_10151080700_0;frow;807;ANNOTATE;;ja;;NOM;;lexicon.xml#lemma_7260;;variants.xml#type_25985;lemma_7260;NOM;high;Die MHG-normalisierte Schreibung traegt im gesamten Korpus nur lemma_7260, und lemma_7260 fuehrt genau eine Wortart (NOM). Keine Kontextentscheidung noetig.;kain andre farb sach ich do / **frow** trüw hett von grossen listen / uff irem gezelt ain amatisten
MR1.tei.xml;MR1_10151081000_0;frow;810;ANNOTATE;;ja;;NOM;;lexicon.xml#lemma_7260;;variants.xml#type_25985;lemma_7260;NOM;high;Die MHG-normalisierte Schreibung traegt im gesamten Korpus nur lemma_7260, und lemma_7260 fuehrt genau eine Wortart (NOM). Keine Kontextentscheidung noetig.;fin brun mit andren farben deß gelich / **frow** guot die erentrich / hett ain topasius ze knopff
MR1.tei.xml;MR1_10152081400_4;frow;814;ANNOTATE;;ja;;NOM;;lexicon.xml#lemma_7260;;variants.xml#type_25985;lemma_7260;NOM;high;Die MHG-normalisierte Schreibung traegt im gesamten Korpus nur lemma_7260, und lemma_7260 fuehrt genau eine Wortart (NOM). Keine Kontextentscheidung noetig.;kain andre farb sach ich dar an / nun wil ich zuo **frow** eren gön / uff der andern sitten ir gezelt lag
MR1.tei.xml;MR1_10152081900_0;frow;819;ANNOTATE;;ja;;NOM;;lexicon.xml#lemma_7260;;variants.xml#type_25985;lemma_7260;NOM;high;Die MHG-normalisierte Schreibung traegt im gesamten Korpus nur lemma_7260, und lemma_7260 fuehrt genau eine Wortart (NOM). Keine Kontextentscheidung noetig.;mit fil andern stainen dar in klait / **frow** zucht hett ainen demant / des farb in swarz wirt erkant
MR1.tei.xml;MR1_10152082200_0;frow;822;ANNOTATE;;ja;;NOM;;lexicon.xml#lemma_7260;;variants.xml#type_25985;lemma_7260;NOM;high;Die MHG-normalisierte Schreibung traegt im gesamten Korpus nur lemma_7260, und lemma_7260 fuehrt genau eine Wortart (NOM). Keine Kontextentscheidung noetig.;alle herte er über tretten tuot / **frow** scham die guot / ain kristall lutter und fin
MR1.tei.xml;MR1_10152082600_3;frow;826;ANNOTATE;;ja;;NOM;;lexicon.xml#lemma_7260;;variants.xml#type_25985;lemma_7260;NOM;high;Die MHG-normalisierte Schreibung traegt im gesamten Korpus nur lemma_7260, und lemma_7260 fuehrt genau eine Wortart (NOM). Keine Kontextentscheidung noetig.;verwirckt den andern glich / was er **frow** aubentür die rich / ain kalcedonius was ir knöppffs krön
MR1.tei.xml;MR1_10161084400_3;frow;844;ANNOTATE;;ja;;NOM;;lexicon.xml#lemma_7260;;variants.xml#type_25985;lemma_7260;NOM;high;Die MHG-normalisierte Schreibung traegt im gesamten Korpus nur lemma_7260, und lemma_7260 fuehrt genau eine Wortart (NOM). Keine Kontextentscheidung noetig.;dar umb ist sie nit ungehür / sie nent sich **frow** aubentür / da nun frow lieb hett erzelt
MR1.tei.xml;MR1_10161084500_2;frow;845;ANNOTATE;;ja;;NOM;;lexicon.xml#lemma_7260;;variants.xml#type_25985;lemma_7260;NOM;high;Die MHG-normalisierte Schreibung traegt im gesamten Korpus nur lemma_7260, und lemma_7260 fuehrt genau eine Wortart (NOM). Keine Kontextentscheidung noetig.;sie nent sich frow aubentür / da nun **frow** lieb hett erzelt / den orden der gezelt uß erwelt
MR1.tei.xml;MR1_10161084900_6;frow;849;ANNOTATE;;ja;;NOM;;lexicon.xml#lemma_7260;;variants.xml#type_25985;lemma_7260;NOM;high;Die MHG-normalisierte Schreibung traegt im gesamten Korpus nur lemma_7260, und lemma_7260 fuehrt genau eine Wortart (NOM). Keine Kontextentscheidung noetig.;wir wöllent essen es ist zitt / ich sprach gnäd **frow** ich volg üch geren / uff dem weg tet sie mich leren
MR1.tei.xml;MR1_10162085900_1;frow;859;ANNOTATE;;ja;;NOM;;lexicon.xml#lemma_7260;;variants.xml#type_25985;lemma_7260;NOM;high;Die MHG-normalisierte Schreibung traegt im gesamten Korpus nur lemma_7260, und lemma_7260 fuehrt genau eine Wortart (NOM). Keine Kontextentscheidung noetig.;und mag doch erwerben kainen lon / sprach **frow** lieb die werd / ain yeglich mit worten und geberd
MR1.tei.xml;MR1_10162086200_0;frow;862;ANNOTATE;;ja;;NOM;;lexicon.xml#lemma_7260;;variants.xml#type_25985;lemma_7260;NOM;high;Die MHG-normalisierte Schreibung traegt im gesamten Korpus nur lemma_7260, und lemma_7260 fuehrt genau eine Wortart (NOM). Keine Kontextentscheidung noetig.;tet enpfahen und trösten mich / **frow** guot die milt sunderlich / für ander frowen mir tröst gab
MR1.tei.xml;MR1_10162087600_4;frow;876;ANNOTATE;;ja;;NOM;;lexicon.xml#lemma_7260;;variants.xml#type_25985;lemma_7260;NOM;high;Die MHG-normalisierte Schreibung traegt im gesamten Korpus nur lemma_7260, und lemma_7260 fuehrt genau eine Wortart (NOM). Keine Kontextentscheidung noetig.;so es geschicht gedenck an mich / ich sprach **frow** daß tuon ich / üwers tröstes will ich öwig leben
MR1.tei.xml;MR1_10171089300_3;frow;893;ANNOTATE;;ja;;NOM;;lexicon.xml#lemma_7260;;variants.xml#type_25985;lemma_7260;NOM;high;Die MHG-normalisierte Schreibung traegt im gesamten Korpus nur lemma_7260, und lemma_7260 fuehrt genau eine Wortart (NOM). Keine Kontextentscheidung noetig.;in den rymen staind ir nam / der edlen kungin **frow** fenus / rymen sprach alsus
MR1.tei.xml;MR1_10171089900_0;frow;899;ANNOTATE;;ja;;NOM;;lexicon.xml#lemma_7260;;variants.xml#type_25985;lemma_7260;NOM;high;Die MHG-normalisierte Schreibung traegt im gesamten Korpus nur lemma_7260, und lemma_7260 fuehrt genau eine Wortart (NOM). Keine Kontextentscheidung noetig.;muoß minem gebott sin undertön / **frow** lieben gezelt rymen waß / der lut also als ich in laß
MR1.tei.xml;MR1_10171090500_0;frow;905;ANNOTATE;;ja;;NOM;;lexicon.xml#lemma_7260;;variants.xml#type_25985;lemma_7260;NOM;high;Die MHG-normalisierte Schreibung traegt im gesamten Korpus nur lemma_7260, und lemma_7260 fuehrt genau eine Wortart (NOM). Keine Kontextentscheidung noetig.;allain lieb mir lieben tuot / **frow** stetten rim daß waß der / nun merck ain yegklich buoler
MR1.tei.xml;MR1_10171091100_0;frow;911;ANNOTATE;;ja;;NOM;;lexicon.xml#lemma_7260;;variants.xml#type_25985;lemma_7260;NOM;high;Die MHG-normalisierte Schreibung traegt im gesamten Korpus nur lemma_7260, und lemma_7260 fuehrt genau eine Wortart (NOM). Keine Kontextentscheidung noetig.;man erwirbt alle ding mit stätekait / **frow** guotten rim gehört werden wiben / den hett sie also läsßen schriben
MR1.tei.xml;MR1_10171091700_0;frow;917;ANNOTATE;;ja;;NOM;;lexicon.xml#lemma_7260;;variants.xml#type_25985;lemma_7260;NOM;high;Die MHG-normalisierte Schreibung traegt im gesamten Korpus nur lemma_7260, und lemma_7260 fuehrt genau eine Wortart (NOM). Keine Kontextentscheidung noetig.;als größ übell vermidet gütikait / **frow** trüwen der lieben hort / waren also irs rymen wort
MR1.tei.xml;MR1_10172093500_0;frow;935;ANNOTATE;;ja;;NOM;;lexicon.xml#lemma_7260;;variants.xml#type_25985;lemma_7260;NOM;high;Die MHG-normalisierte Schreibung traegt im gesamten Korpus nur lemma_7260, und lemma_7260 fuehrt genau eine Wortart (NOM). Keine Kontextentscheidung noetig.;die bringt all die welt in öngemach / **frow** zucht die löblich / hett geschriben also laß ich
MR1.tei.xml;MR1_10172094100_0;frow;941;ANNOTATE;;ja;;NOM;;lexicon.xml#lemma_7260;;variants.xml#type_25985;lemma_7260;NOM;high;Die MHG-normalisierte Schreibung traegt im gesamten Korpus nur lemma_7260, und lemma_7260 fuehrt genau eine Wortart (NOM). Keine Kontextentscheidung noetig.;allain die bößen mich zerklieben / **frow** scham het in mittell / an irem zelt dißen tyttel
MR1.tei.xml;MR1_10172094700_0;frow;947;ANNOTATE;;ja;;NOM;;lexicon.xml#lemma_7260;;variants.xml#type_25985;lemma_7260;NOM;high;Die MHG-normalisierte Schreibung traegt im gesamten Korpus nur lemma_7260, und lemma_7260 fuehrt genau eine Wortart (NOM). Keine Kontextentscheidung noetig.;blaich antlit mach ich rött / **frow** aubentür buochstaben / waren in worten also begraben
MR1.tei.xml;MR1_10181095800_4;frow;958;ANNOTATE;;ja;;NOM;;lexicon.xml#lemma_7260;;variants.xml#type_25985;lemma_7260;NOM;high;Die MHG-normalisierte Schreibung traegt im gesamten Korpus nur lemma_7260, und lemma_7260 fuehrt genau eine Wortart (NOM). Keine Kontextentscheidung noetig.;und ain hütten daß merck mit synn / da sitzet öch ain **frow** in / die ist aller unßer wider sag
MR1.tei.xml;MR1_10181096500_0;frow;965;ANNOTATE;;ja;;NOM;;lexicon.xml#lemma_7260;;variants.xml#type_25985;lemma_7260;NOM;high;Die MHG-normalisierte Schreibung traegt im gesamten Korpus nur lemma_7260, und lemma_7260 fuehrt genau eine Wortart (NOM). Keine Kontextentscheidung noetig.;hör ich will dir sie nennen / **frow** fürbaß ist sie genant / die verfürt lüt und land
MR1.tei.xml;MR1_10182098200_4;frow;982;ANNOTATE;;ja;;NOM;;lexicon.xml#lemma_7260;;variants.xml#type_25985;lemma_7260;NOM;high;Die MHG-normalisierte Schreibung traegt im gesamten Korpus nur lemma_7260, und lemma_7260 fuehrt genau eine Wortart (NOM). Keine Kontextentscheidung noetig.;es ist wol wan es geschicht / ich sprach **frow** es irt mich nicht / in der red hain kömen wir
MR1.tei.xml;MR1_10182098400_0;frow;984;ANNOTATE;;ja;;NOM;;lexicon.xml#lemma_7260;;variants.xml#type_25985;lemma_7260;NOM;high;Die MHG-normalisierte Schreibung traegt im gesamten Korpus nur lemma_7260, und lemma_7260 fuehrt genau eine Wortart (NOM). Keine Kontextentscheidung noetig.;in der red hain kömen wir / **frow** lieb behielt mich by ir / die nacht mit grosser ruowe
MR1.tei.xml;MR1_10182098700_0;frow;987;ANNOTATE;;ja;;NOM;;lexicon.xml#lemma_7260;;variants.xml#type_25985;lemma_7260;NOM;high;Die MHG-normalisierte Schreibung traegt im gesamten Korpus nur lemma_7260, und lemma_7260 fuehrt genau eine Wortart (NOM). Keine Kontextentscheidung noetig.;do nun kam der morgen fruoe / **frow** lieb gieng frölich mit mir / für gericht do funden wir
MR1.tei.xml;MR1_10182098900_0;frow;989;ANNOTATE;;ja;;NOM;;lexicon.xml#lemma_7260;;variants.xml#type_25985;lemma_7260;NOM;high;Die MHG-normalisierte Schreibung traegt im gesamten Korpus nur lemma_7260, und lemma_7260 fuehrt genau eine Wortart (NOM). Keine Kontextentscheidung noetig.;für gericht do funden wir / **frow** fenus in ir kaißerlich kron / die frowen all geziert schon
MR1.tei.xml;MR1_10182099200_0;frow;992;ANNOTATE;;ja;;NOM;;lexicon.xml#lemma_7260;;variants.xml#type_25985;lemma_7260;NOM;high;Die MHG-normalisierte Schreibung traegt im gesamten Korpus nur lemma_7260, und lemma_7260 fuehrt genau eine Wortart (NOM). Keine Kontextentscheidung noetig.;sassen näch ordnung zuo gericht / **frow** lieb die schampt sich nicht / und bat die küngin daß sie solt
MR1.tei.xml;MR1_10191101300_1;frow;1013;ANNOTATE;;ja;;NOM;;lexicon.xml#lemma_7260;;variants.xml#type_25985;lemma_7260;NOM;high;Die MHG-normalisierte Schreibung traegt im gesamten Korpus nur lemma_7260, und lemma_7260 fuehrt genau eine Wortart (NOM). Keine Kontextentscheidung noetig.;recht ze sprechend wärent sie berait / doch **frow** ere erfür tratt / und sprach wer waiß was da hät
MR1.tei.xml;MR1_10191102000_1;frow;1020;ANNOTATE;;ja;;NOM;;lexicon.xml#lemma_7260;;variants.xml#type_25985;lemma_7260;NOM;high;Die MHG-normalisierte Schreibung traegt im gesamten Korpus nur lemma_7260, und lemma_7260 fuehrt genau eine Wortart (NOM). Keine Kontextentscheidung noetig.;als die red was vernomen / von **frow** eren do waß komen / frow aubentür die sach mich an
MR1.tei.xml;MR1_10192102100_0;frow;1021;ANNOTATE;;ja;;NOM;;lexicon.xml#lemma_7260;;variants.xml#type_25985;lemma_7260;NOM;high;Die MHG-normalisierte Schreibung traegt im gesamten Korpus nur lemma_7260, und lemma_7260 fuehrt genau eine Wortart (NOM). Keine Kontextentscheidung noetig.;von frow eren do waß komen / **frow** aubentür die sach mich an / sie sprach was suocht hie dißer man
MR1.tei.xml;MR1_10201105200_1;frow;1052;ANNOTATE;;ja;;NOM;;lexicon.xml#lemma_7260;;variants.xml#type_25985;lemma_7260;NOM;high;Die MHG-normalisierte Schreibung traegt im gesamten Korpus nur lemma_7260, und lemma_7260 fuehrt genau eine Wortart (NOM). Keine Kontextentscheidung noetig.;daß beschehen by unßern tagen / jegkliche **frow** tett do sagen / wie ir geböt nit wer gehalten
MR1.tei.xml;MR1_10202109300_1;frow;1093;ANNOTATE;;ja;;NOM;;lexicon.xml#lemma_7260;;variants.xml#type_25985;lemma_7260;NOM;high;Die MHG-normalisierte Schreibung traegt im gesamten Korpus nur lemma_7260, und lemma_7260 fuehrt genau eine Wortart (NOM). Keine Kontextentscheidung noetig.;glück den künen selten nie verließ / sprach **frow** fenus wir dancken dir / du häst erfüllet unßer begir
MR1.tei.xml;MR1_10211110400_1;frow;1104;ANNOTATE;;ja;;NOM;;lexicon.xml#lemma_7260;;variants.xml#type_25985;lemma_7260;NOM;high;Die MHG-normalisierte Schreibung traegt im gesamten Korpus nur lemma_7260, und lemma_7260 fuehrt genau eine Wortart (NOM). Keine Kontextentscheidung noetig.;es geschach mir ward gezelt / von **frow** fenus usserwelt / sie sprach tuo uff herz und sin
MR1.tei.xml;MR1_10212112500_0;frow;1125;ANNOTATE;;ja;;NOM;;lexicon.xml#lemma_7260;;variants.xml#type_25985;lemma_7260;NOM;high;Die MHG-normalisierte Schreibung traegt im gesamten Korpus nur lemma_7260, und lemma_7260 fuehrt genau eine Wortart (NOM). Keine Kontextentscheidung noetig.;sölich unzucht tuot lieb weren / **frow** zucht nit lidet daß / das fierd geböt ist daß
MR1.tei.xml;MR1_10222119300_2;frow;1193;ANNOTATE;;ja;;NOM;;lexicon.xml#lemma_7260;;variants.xml#type_25985;lemma_7260;NOM;high;Die MHG-normalisierte Schreibung traegt im gesamten Korpus nur lemma_7260, und lemma_7260 fuehrt genau eine Wortart (NOM). Keine Kontextentscheidung noetig.;die verkünd durch alle land / also gieng **frow** fenus hain / die andern frowen all gemain
MR1.tei.xml;MR1_10231120400_7;frow;1204;ANNOTATE;;ja;;NOM;;lexicon.xml#lemma_7260;;variants.xml#type_25985;lemma_7260;NOM;high;Die MHG-normalisierte Schreibung traegt im gesamten Korpus nur lemma_7260, und lemma_7260 fuehrt genau eine Wortart (NOM). Keine Kontextentscheidung noetig.;niemand sich entschlachen kan / da mit der lieb er sie **frow** oder man / daß es mit e sy gebunden
MR1.tei.xml;MR1_10252138700_4;frow;1387;ANNOTATE;;ja;;NOM;;lexicon.xml#lemma_7260;;variants.xml#type_25985;lemma_7260;NOM;high;Die MHG-normalisierte Schreibung traegt im gesamten Korpus nur lemma_7260, und lemma_7260 fuehrt genau eine Wortart (NOM). Keine Kontextentscheidung noetig.;kain schnöder man sol lieb haben / nöch öch kain schnöde **frow** / die ir nit mer gert zu schowen
MR1.tei.xml;MR1_10282160200_4;frow;1602;ANNOTATE;;ja;;NOM;;lexicon.xml#lemma_7260;;variants.xml#type_25985;lemma_7260;NOM;high;Die MHG-normalisierte Schreibung traegt im gesamten Korpus nur lemma_7260, und lemma_7260 fuehrt genau eine Wortart (NOM). Keine Kontextentscheidung noetig.;unß und allen geliebten zuo eren / ich sprach **frow** daß tät ich geren / und wer willig künd ich es wöl
MR1.tei.xml;MR1_10311173000_3;frow;1730;ANNOTATE;;ja;;NOM;;lexicon.xml#lemma_7260;;variants.xml#type_25985;lemma_7260;NOM;high;Die MHG-normalisierte Schreibung traegt im gesamten Korpus nur lemma_7260, und lemma_7260 fuehrt genau eine Wortart (NOM). Keine Kontextentscheidung noetig.;üwer bett üch nit verzihen / will mir min **frow** nun tröst verlihen / ich wil vergessen und vergeben
MR1.tei.xml;MR1_10311173600_0;frow;1736;ANNOTATE;;ja;;NOM;;lexicon.xml#lemma_7260;;variants.xml#type_25985;lemma_7260;NOM;high;Die MHG-normalisierte Schreibung traegt im gesamten Korpus nur lemma_7260, und lemma_7260 fuehrt genau eine Wortart (NOM). Keine Kontextentscheidung noetig.;und mir ringern alle pin / **frow** stät sprach gesell min / du bist wirdig aller erren
MR1.tei.xml;MR1_10312176700_5;frow;1767;ANNOTATE;;ja;;NOM;;lexicon.xml#lemma_7260;;variants.xml#type_25985;lemma_7260;NOM;high;Die MHG-normalisierte Schreibung traegt im gesamten Korpus nur lemma_7260, und lemma_7260 fuehrt genau eine Wortart (NOM). Keine Kontextentscheidung noetig.;alles gelück werd dir zetail / ich danck in und waß **frow** / also von danen schied ich do
MR1.tei.xml;MR1_10321178000_2;frow;1780;ANNOTATE;;ja;;NOM;;lexicon.xml#lemma_7260;;variants.xml#type_25985;lemma_7260;NOM;high;Die MHG-normalisierte Schreibung traegt im gesamten Korpus nur lemma_7260, und lemma_7260 fuehrt genau eine Wortart (NOM). Keine Kontextentscheidung noetig.;wie man sol lieb gen lieb hon / es sy **frow** oder man / hiettend sich vor untrüw und hört
MR1.tei.xml;MR1_20342004500_4;frow;45;ANNOTATE;;ja;;NOM;;lexicon.xml#lemma_7260;;variants.xml#type_25985;lemma_7260;NOM;high;Die MHG-normalisierte Schreibung traegt im gesamten Korpus nur lemma_7260, und lemma_7260 fuehrt genau eine Wortart (NOM). Keine Kontextentscheidung noetig.;und zier mit züchten die zungen / ich mach die ledige **frow** / die alten jung die jungen graw
MR1.tei.xml;MR1_20362018500_0;frow;185;ANNOTATE;;ja;;NOM;;lexicon.xml#lemma_7260;;variants.xml#type_25985;lemma_7260;NOM;high;Die MHG-normalisierte Schreibung traegt im gesamten Korpus nur lemma_7260, und lemma_7260 fuehrt genau eine Wortart (NOM). Keine Kontextentscheidung noetig.;sprach der pfenning all zehand / **frow** lieb staind für und sprach / lieber pfenning hör und hab gemach
MR1.tei.xml;MR1_20362019200_1;frow;192;ANNOTATE;;ja;;NOM;;lexicon.xml#lemma_7260;;variants.xml#type_25985;lemma_7260;NOM;high;Die MHG-normalisierte Schreibung traegt im gesamten Korpus nur lemma_7260, und lemma_7260 fuehrt genau eine Wortart (NOM). Keine Kontextentscheidung noetig.;ich erschrack und ylt schnell / die **frow** ruoff mit stime hel / hilff durch göt es ist zitt
MR1.tei.xml;MR1_20371020200_1;frow;202;ANNOTATE;;ja;;NOM;;lexicon.xml#lemma_7260;;variants.xml#type_25985;lemma_7260;NOM;high;Die MHG-normalisierte Schreibung traegt im gesamten Korpus nur lemma_7260, und lemma_7260 fuehrt genau eine Wortart (NOM). Keine Kontextentscheidung noetig.;und clagt göt diße mer / daß **frow** lieb tod wer / in dem so nam ich wär
MR1.tei.xml;MR1_20372021900_2;frow;219;ANNOTATE;;ja;;NOM;;lexicon.xml#lemma_7260;;variants.xml#type_25985;lemma_7260;NOM;high;Die MHG-normalisierte Schreibung traegt im gesamten Korpus nur lemma_7260, und lemma_7260 fuehrt genau eine Wortart (NOM). Keine Kontextentscheidung noetig.;on din hilff weder ston nöch gon / edle **frow** ich do sprach / mir ist laid üwer ungemach
MR1.tei.xml;MR1_20372023300_5;frow;233;ANNOTATE;;ja;;NOM;;lexicon.xml#lemma_7260;;variants.xml#type_25985;lemma_7260;NOM;high;Die MHG-normalisierte Schreibung traegt im gesamten Korpus nur lemma_7260, und lemma_7260 fuehrt genau eine Wortart (NOM). Keine Kontextentscheidung noetig.;und setz mir es zuo ainem glück / daß ich üch edle **frow** her / die ich vor also nie mer
MR1.tei.xml;MR1_20372023900_0;frow;239;ANNOTATE;;ja;;NOM;;lexicon.xml#lemma_7260;;variants.xml#type_25985;lemma_7260;NOM;high;Die MHG-normalisierte Schreibung traegt im gesamten Korpus nur lemma_7260, und lemma_7260 fuehrt genau eine Wortart (NOM). Keine Kontextentscheidung noetig.;und clag mit üch üwer kranckhait / **frow** lieb danckt mir und lobt min sin / ich huob sie uff und truog sie hin
MR1.tei.xml;MR1_20382026000_6;frow;260;ANNOTATE;;ja;;NOM;;lexicon.xml#lemma_7260;;variants.xml#type_25985;lemma_7260;NOM;high;Die MHG-normalisierte Schreibung traegt im gesamten Korpus nur lemma_7260, und lemma_7260 fuehrt genau eine Wortart (NOM). Keine Kontextentscheidung noetig.;der geschicht wundert mich ser / lieb sprach es ist **frow** er / mit andern wainenden frowen
MR1.tei.xml;MR1_20382027000_4;frow;270;ANNOTATE;;ja;;NOM;;lexicon.xml#lemma_7260;;variants.xml#type_25985;lemma_7260;NOM;high;Die MHG-normalisierte Schreibung traegt im gesamten Korpus nur lemma_7260, und lemma_7260 fuehrt genau eine Wortart (NOM). Keine Kontextentscheidung noetig.;mich do als ainen gast / und sprachen **frow** nit last / und erzelt üwer kranckhait
MR1.tei.xml;MR1_20391027500_0;frow;275;ANNOTATE;;ja;;NOM;;lexicon.xml#lemma_7260;;variants.xml#type_25985;lemma_7260;NOM;high;Die MHG-normalisierte Schreibung traegt im gesamten Korpus nur lemma_7260, und lemma_7260 fuehrt genau eine Wortart (NOM). Keine Kontextentscheidung noetig.;zuo verniemen diße mer / **frow** lieb in ganz do erzalt / daß grösß unrecht und gewalt
MR1.tei.xml;MR1_20391028300_1;frow;283;ANNOTATE;;ja;;NOM;;lexicon.xml#lemma_7260;;variants.xml#type_25985;lemma_7260;NOM;high;Die MHG-normalisierte Schreibung traegt im gesamten Korpus nur lemma_7260, und lemma_7260 fuehrt genau eine Wortart (NOM). Keine Kontextentscheidung noetig.;des danckten sie alle mir / do **frow** lieb daß hett erzelt / die werden frowen usßerwelt
MR1.tei.xml;MR1_20391028700_4;frow;287;ANNOTATE;;ja;;NOM;;lexicon.xml#lemma_7260;;variants.xml#type_25985;lemma_7260;NOM;high;Die MHG-normalisierte Schreibung traegt im gesamten Korpus nur lemma_7260, und lemma_7260 fuehrt genau eine Wortart (NOM). Keine Kontextentscheidung noetig.;kaine mocht lang gereden nicht / vor wainen doch **frow** er / tröst do frow lieben ser
MR1.tei.xml;MR1_20391028800_2;frow;288;ANNOTATE;;ja;;NOM;;lexicon.xml#lemma_7260;;variants.xml#type_25985;lemma_7260;NOM;high;Die MHG-normalisierte Schreibung traegt im gesamten Korpus nur lemma_7260, und lemma_7260 fuehrt genau eine Wortart (NOM). Keine Kontextentscheidung noetig.;vor wainen doch frow er / tröst do **frow** lieben ser / und sprach liebe gespil min
MR1.tei.xml;MR1_20392032500_2;frow;325;ANNOTATE;;ja;;NOM;;lexicon.xml#lemma_7260;;variants.xml#type_25985;lemma_7260;NOM;high;Die MHG-normalisierte Schreibung traegt im gesamten Korpus nur lemma_7260, und lemma_7260 fuehrt genau eine Wortart (NOM). Keine Kontextentscheidung noetig.;got du waist on min schulde / do mit **frow** er ir red beschlüßt / frowen gerechtikait nit verdrüßt
MR1.tei.xml;MR1_20402035600_0;frow;356;ANNOTATE;;ja;;NOM;;lexicon.xml#lemma_7260;;variants.xml#type_25985;lemma_7260;NOM;high;Die MHG-normalisierte Schreibung traegt im gesamten Korpus nur lemma_7260, und lemma_7260 fuehrt genau eine Wortart (NOM). Keine Kontextentscheidung noetig.;satzt sich nider und fieng an / **frow** wißhait die wolgeton / und wolt öch die clag meren
MR1.tei.xml;MR1_20412038600_0;frow;386;ANNOTATE;;ja;;NOM;;lexicon.xml#lemma_7260;;variants.xml#type_25985;lemma_7260;NOM;high;Die MHG-normalisierte Schreibung traegt im gesamten Korpus nur lemma_7260, und lemma_7260 fuehrt genau eine Wortart (NOM). Keine Kontextentscheidung noetig.;do mit schwaig sie der geschicht / **frow** frümkait die ließ nicht / sie verfuort die clag und sprach
MR1.tei.xml;MR1_20421042200_0;frow;422;ANNOTATE;;ja;;NOM;;lexicon.xml#lemma_7260;;variants.xml#type_25985;lemma_7260;NOM;high;Die MHG-normalisierte Schreibung traegt im gesamten Korpus nur lemma_7260, und lemma_7260 fuehrt genau eine Wortart (NOM). Keine Kontextentscheidung noetig.;da mit tet frümkait schwigen / **frow** edle staind uff mit nigen / und wolt öch sagen iren sin
MR1.tei.xml;MR1_20432048000_3;frow;480;ANNOTATE;;ja;;NOM;;lexicon.xml#lemma_7260;;variants.xml#type_25985;lemma_7260;NOM;high;Die MHG-normalisierte Schreibung traegt im gesamten Korpus nur lemma_7260, und lemma_7260 fuehrt genau eine Wortart (NOM). Keine Kontextentscheidung noetig.;es tuot sel und er betören / do mit tett **frow** edel hören / dißer clag so sach ich
MR1.tei.xml;MR1_20451056200_0;frow;562;ANNOTATE;;ja;;NOM;;lexicon.xml#lemma_7260;;variants.xml#type_25985;lemma_7260;NOM;high;Die MHG-normalisierte Schreibung traegt im gesamten Korpus nur lemma_7260, und lemma_7260 fuehrt genau eine Wortart (NOM). Keine Kontextentscheidung noetig.;do mit macht sie ir red ain end / **frow** lieb kranck und ellend / danckt in fast ir clag
MR1.tei.xml;MR1_20462062300_4;frow;623;ANNOTATE;;ja;;NOM;;lexicon.xml#lemma_7260;;variants.xml#type_25985;lemma_7260;NOM;high;Die MHG-normalisierte Schreibung traegt im gesamten Korpus nur lemma_7260, und lemma_7260 fuehrt genau eine Wortart (NOM). Keine Kontextentscheidung noetig.;dan göt der unß alle spißt / ich nam urlob von **frow** lieben do / die lag kranck und unfro
MR1.tei.xml;MR1_30501009100_5;frow;91;ANNOTATE;;ja;;NOM;;lexicon.xml#lemma_7260;;variants.xml#type_25985;lemma_7260;NOM;high;Die MHG-normalisierte Schreibung traegt im gesamten Korpus nur lemma_7260, und lemma_7260 fuehrt genau eine Wortart (NOM). Keine Kontextentscheidung noetig.;waß hät tain dich bringen her / war umb bistu singend also **frow** / laß mich wisßen sprach die graw
MR1.tei.xml;MR1_30542033800_5;frow;338;ANNOTATE;;ja;;NOM;;lexicon.xml#lemma_7260;;variants.xml#type_25985;lemma_7260;NOM;high;Die MHG-normalisierte Schreibung traegt im gesamten Korpus nur lemma_7260, und lemma_7260 fuehrt genau eine Wortart (NOM). Keine Kontextentscheidung noetig.;aristotiles der geleist in kunst laid / das in mit willen ain **frow** rait / virgilius siner kunst vergaß
MR1.tei.xml;MR1_30582050900_5;frow;509;ANNOTATE;;ja;;NOM;;lexicon.xml#lemma_7260;;variants.xml#type_25985;lemma_7260;NOM;high;Die MHG-normalisierte Schreibung traegt im gesamten Korpus nur lemma_7260, und lemma_7260 fuehrt genau eine Wortart (NOM). Keine Kontextentscheidung noetig.;die wir vor wißten nicht / din ler macht mich **frow** / und gibt mir trost sprach die graw
MR1.tei.xml;MR1_40612016900_4;frow;169;ANNOTATE;;ja;;NOM;;lexicon.xml#lemma_7260;;variants.xml#type_25985;lemma_7260;NOM;high;Die MHG-normalisierte Schreibung traegt im gesamten Korpus nur lemma_7260, und lemma_7260 fuehrt genau eine Wortart (NOM). Keine Kontextentscheidung noetig.;mir ist erfült min begir / ich sprach **frow** durch din gnäd guot / bit ain wil und tröst min gemuot
MR1.tei.xml;MR1_50822037800_1;fraw;378;ANNOTATE;;ja;;NOM;;lexicon.xml#lemma_7260;;variants.xml#type_43131;lemma_7260;NOM;high;Die MHG-normalisierte Schreibung traegt im gesamten Korpus nur lemma_7260, und lemma_7260 fuehrt genau eine Wortart (NOM). Keine Kontextentscheidung noetig.;und sprach mit zühten schone / **fraw** myner selden crone / kündet rechte liebe ir
MR1.tei.xml;MR1_60962007700_3;fraw;77;ANNOTATE;;ja;;NOM;;lexicon.xml#lemma_7260;;variants.xml#type_43131;lemma_7260;NOM;high;Die MHG-normalisierte Schreibung traegt im gesamten Korpus nur lemma_7260, und lemma_7260 fuehrt genau eine Wortart (NOM). Keine Kontextentscheidung noetig.;hielten truwe biz an den tot / da sprach die **fraw** zu der magt / ach got waz selden waz in betagt
MR1.tei.xml;MR1_61022033800_1;fraw;338;ANNOTATE;;ja;;NOM;;lexicon.xml#lemma_7260;;variants.xml#type_43131;lemma_7260;NOM;high;Die MHG-normalisierte Schreibung traegt im gesamten Korpus nur lemma_7260, und lemma_7260 fuehrt genau eine Wortart (NOM). Keine Kontextentscheidung noetig.;dez ist sie von dir wol gewon / die **fraw** liez noch nit da von / si sprach du salt mir gestan
MR1.tei.xml;MR1_71162039100_1;fraw;391;ANNOTATE;;ja;;NOM;;lexicon.xml#lemma_7260;;variants.xml#type_43131;lemma_7260;NOM;high;Die MHG-normalisierte Schreibung traegt im gesamten Korpus nur lemma_7260, und lemma_7260 fuehrt genau eine Wortart (NOM). Keine Kontextentscheidung noetig.;von ewern handen hangen / die **fraw** snelle antwürte do / si sprach nuo enwart ich nye so fro
MR1.tei.xml;MR1_81221014000_5;fraw;140;ANNOTATE;;ja;;NOM;;lexicon.xml#lemma_7260;;variants.xml#type_43131;lemma_7260;NOM;high;Die MHG-normalisierte Schreibung traegt im gesamten Korpus nur lemma_7260, und lemma_7260 fuehrt genau eine Wortart (NOM). Keine Kontextentscheidung noetig.;und diz grülich leit - - / ja wißent **fraw** uff mynen eit / kein ding tet mir nye so ange
MR1.tei.xml;MR1_81262033900_3;fraw;339;ANNOTATE;;ja;;NOM;;lexicon.xml#lemma_7260;;variants.xml#type_43131;lemma_7260;NOM;high;Die MHG-normalisierte Schreibung traegt im gesamten Korpus nur lemma_7260, und lemma_7260 fuehrt genau eine Wortart (NOM). Keine Kontextentscheidung noetig.;trost on allez trurn / diz wisset **fraw** ver manheit / mir ist durch ewern willen leit
MR1.tei.xml;MR1_81272039900_1;fraw;399;ANNOTATE;;ja;;NOM;;lexicon.xml#lemma_7260;;variants.xml#type_43131;lemma_7260;NOM;high;Die MHG-normalisierte Schreibung traegt im gesamten Korpus nur lemma_7260, und lemma_7260 fuehrt genau eine Wortart (NOM). Keine Kontextentscheidung noetig.;« wilt du versten myn litter » / sprach **fraw** mazze « ich schriben dir / war nach gestellet ist myn gir
MR1.tei.xml;MR1_110111007800_2;frow;78;ANNOTATE;;ja;;NOM;;lexicon.xml#lemma_7260;;variants.xml#type_25985;lemma_7260;NOM;high;Die MHG-normalisierte Schreibung traegt im gesamten Korpus nur lemma_7260, und lemma_7260 fuehrt genau eine Wortart (NOM). Keine Kontextentscheidung noetig.;von süssem tow gevallen / die clar **frow** sunn mit schallen / durch die wolken da gelentzt
MR1.tei.xml;MR1_110122015100_3;frow;151;ANNOTATE;;ja;;NOM;;lexicon.xml#lemma_7260;;variants.xml#type_25985;lemma_7260;NOM;high;Die MHG-normalisierte Schreibung traegt im gesamten Korpus nur lemma_7260, und lemma_7260 fuehrt genau eine Wortart (NOM). Keine Kontextentscheidung noetig.;die ain trug swartze claider an / und nant sich **frow** trúw als ich da hort / sú sprach mit swartz clag ich das mort
MR1.tei.xml;MR1_110131016200_3;frow;162;ANNOTATE;;ja;;NOM;;lexicon.xml#lemma_7260;;variants.xml#type_25985;lemma_7260;NOM;high;Die MHG-normalisierte Schreibung traegt im gesamten Korpus nur lemma_7260, und lemma_7260 fuehrt genau eine Wortart (NOM). Keine Kontextentscheidung noetig.;die ander was in plaw geklait / und nampt sich **frow** stetikait / die clagt ouch ser und sprach also
MR1.tei.xml;MR1_110131016400_8;frow;164;ANNOTATE;;ja;;NOM;;lexicon.xml#lemma_7260;;variants.xml#type_25985;lemma_7260;NOM;high;Die MHG-normalisierte Schreibung traegt im gesamten Korpus nur lemma_7260, und lemma_7260 fuehrt genau eine Wortart (NOM). Keine Kontextentscheidung noetig.;die clagt ouch ser und sprach also / ich stet mag nymmer wesen **frow** / syd unstät mich verdrungen haut
MR1.tei.xml;MR1_110131017900_3;frow;179;ANNOTATE;;ja;;NOM;;lexicon.xml#lemma_7260;;variants.xml#type_25985;lemma_7260;NOM;high;Die MHG-normalisierte Schreibung traegt im gesamten Korpus nur lemma_7260, und lemma_7260 fuehrt genau eine Wortart (NOM). Keine Kontextentscheidung noetig.;die clagt ouch ser und sprach / ich haiß **frow** lieb und hon den sin / das ich da all zitt gern bin
MR1.tei.xml;MR1_110132020700_1;frow;207;ANNOTATE;;ja;;NOM;;lexicon.xml#lemma_7260;;variants.xml#type_25985;lemma_7260;NOM;high;Die MHG-normalisierte Schreibung traegt im gesamten Korpus nur lemma_7260, und lemma_7260 fuehrt genau eine Wortart (NOM). Keine Kontextentscheidung noetig.;das zuo in kam gegangen dar / ain **frow** so recht schon und mynneclich / das ir da keine was gelich
MR1.tei.xml;MR1_110141022300_4;frow;223;ANNOTATE;;ja;;NOM;;lexicon.xml#lemma_7260;;variants.xml#type_25985;lemma_7260;NOM;high;Die MHG-normalisierte Schreibung traegt im gesamten Korpus nur lemma_7260, und lemma_7260 fuehrt genau eine Wortart (NOM). Keine Kontextentscheidung noetig.;frölich sye her gen ir drungen / sie sprachend **frow** sind got wilkomen / ir hond uns trurentz vil genomen
MR1.tei.xml;MR1_110681024100_1;fraw;241;ANNOTATE;;ja;;NOM;;lexicon.xml#lemma_7260;;variants.xml#type_43131;lemma_7260;NOM;high;Die MHG-normalisierte Schreibung traegt im gesamten Korpus nur lemma_7260, und lemma_7260 fuehrt genau eine Wortart (NOM). Keine Kontextentscheidung noetig.;sich het ergeben in mein gewalt / ain **fraw** und ain gesell guott / sie hetten baideu stetten muott
MR1.tei.xml;MR1_110682026000_7;fraw;260;ANNOTATE;;ja;;NOM;;lexicon.xml#lemma_7260;;variants.xml#type_43131;lemma_7260;NOM;high;Die MHG-normalisierte Schreibung traegt im gesamten Korpus nur lemma_7260, und lemma_7260 fuehrt genau eine Wortart (NOM). Keine Kontextentscheidung noetig.;daz claig ich euch und ist mir laid / sie sprach sag an **fraw** stettikait / waz ist dar umb in ewrem syn
MR1.tei.xml;MR1_110682026200_7;fraw;262;ANNOTATE;;ja;;NOM;;lexicon.xml#lemma_7260;;variants.xml#type_43131;lemma_7260;NOM;high;Die MHG-normalisierte Schreibung traegt im gesamten Korpus nur lemma_7260, und lemma_7260 fuehrt genau eine Wortart (NOM). Keine Kontextentscheidung noetig.;waz ist dar umb in ewrem syn / die stet sprach gnad **fraw** myn / wolt ir mir gynnen das ich sprich
MR1.tei.xml;MR1_110682026500_0;fraw;265;ANNOTATE;;ja;;NOM;;lexicon.xml#lemma_7260;;variants.xml#type_43131;lemma_7260;NOM;high;Die MHG-normalisierte Schreibung traegt im gesamten Korpus nur lemma_7260, und lemma_7260 fuehrt genau eine Wortart (NOM). Keine Kontextentscheidung noetig.;und mich mit wortten an in rich / **fraw** myn die sprach dir sey gtan / sie sprach so wil ich heben an
MR1.tei.xml;MR1_110682026900_6;fraw;269;ANNOTATE;;ja;;NOM;;lexicon.xml#lemma_7260;;variants.xml#type_43131;lemma_7260;NOM;high;Die MHG-normalisierte Schreibung traegt im gesamten Korpus nur lemma_7260, und lemma_7260 fuehrt genau eine Wortart (NOM). Keine Kontextentscheidung noetig.;hassen alle werden weib / und das in weder man noch **fraw** / kaines guotten nit getraw
MR1.tei.xml;MR1_110691027600_5;fraw;276;ANNOTATE;;ja;;NOM;;lexicon.xml#lemma_7260;;variants.xml#type_43131;lemma_7260;NOM;high;Die MHG-normalisierte Schreibung traegt im gesamten Korpus nur lemma_7260, und lemma_7260 fuehrt genau eine Wortart (NOM). Keine Kontextentscheidung noetig.;die hat er vast an ir gespirt / ich waiß wol daz kain **fraw** mir wirt / sie hab als gantzer stett gepflegen
MR1.tei.xml;MR1_110691027900_0;fraw;279;ANNOTATE;;ja;;NOM;;lexicon.xml#lemma_7260;;variants.xml#type_43131;lemma_7260;NOM;high;Die MHG-normalisierte Schreibung traegt im gesamten Korpus nur lemma_7260, und lemma_7260 fuehrt genau eine Wortart (NOM). Keine Kontextentscheidung noetig.;die er hatt lassen under wegen / **fraw** drey stund auff und sprach / ich mag von schulden clagen ach
MR1.tei.xml;MR1_110692029700_0;fraw;297;ANNOTATE;;ja;;NOM;;lexicon.xml#lemma_7260;;variants.xml#type_43131;lemma_7260;NOM;high;Die MHG-normalisierte Schreibung traegt im gesamten Korpus nur lemma_7260, und lemma_7260 fuehrt genau eine Wortart (NOM). Keine Kontextentscheidung noetig.;nit anderst man ir wunsche sol / **fraw** lieb drat da zu hand her für / sie sprach an ewr red ich spir
MR1.tei.xml;MR1_110702032200_3;fraw;322;ANNOTATE;;ja;;NOM;;lexicon.xml#lemma_7260;;variants.xml#type_43131;lemma_7260;NOM;high;Die MHG-normalisierte Schreibung traegt im gesamten Korpus nur lemma_7260, und lemma_7260 fuehrt genau eine Wortart (NOM). Keine Kontextentscheidung noetig.;daz wunsch ich im inmeinem muot / wan die rain **fraw** guott / hett rechte lieb in irem hertzen
MR1.tei.xml;MR1_110702032800_0;fraw;328;ANNOTATE;;ja;;NOM;;lexicon.xml#lemma_7260;;variants.xml#type_43131;lemma_7260;NOM;high;Die MHG-normalisierte Schreibung traegt im gesamten Korpus nur lemma_7260, und lemma_7260 fuehrt genau eine Wortart (NOM). Keine Kontextentscheidung noetig.;da die red alle waz geschechen / **fraw** myn begund zu in allen jechen / ich hor wol ir send im gran
MR1.tei.xml;MR1_110711033700_0;fraw;337;ANNOTATE;;ja;;NOM;;lexicon.xml#lemma_7260;;variants.xml#type_43131;lemma_7260;NOM;high;Die MHG-normalisierte Schreibung traegt im gesamten Korpus nur lemma_7260, und lemma_7260 fuehrt genau eine Wortart (NOM). Keine Kontextentscheidung noetig.;daz hatt sein untrew wol verschuld / **fraw** myn sprach ich will daz ir / all drey verhaissent mir
MR1.tei.xml;MR1_110711034300_4;fraw;343;ANNOTATE;;ja;;NOM;;lexicon.xml#lemma_7260;;variants.xml#type_43131;lemma_7260;NOM;high;Die MHG-normalisierte Schreibung traegt im gesamten Korpus nur lemma_7260, und lemma_7260 fuehrt genau eine Wortart (NOM). Keine Kontextentscheidung noetig.;und sein groß untrew fliechen / sie sprachen **fraw** daz sey gethan / er sol kain dienst von uns mer han
MR1.tei.xml;MR1_120211002500_1;frow;25;ANNOTATE;;ja;;NOM;;lexicon.xml#lemma_7260;;variants.xml#type_25985;lemma_7260;NOM;high;Die MHG-normalisierte Schreibung traegt im gesamten Korpus nur lemma_7260, und lemma_7260 fuehrt genau eine Wortart (NOM). Keine Kontextentscheidung noetig.;mit dem gund ich erplicken / ain **frow** by dem brunnen / in fröden richer wunnen
MR1.tei.xml;MR1_120211002800_6;frow;28;ANNOTATE;;ja;;NOM;;lexicon.xml#lemma_7260;;variants.xml#type_25985;lemma_7260;NOM;high;Die MHG-normalisierte Schreibung traegt im gesamten Korpus nur lemma_7260, und lemma_7260 fuehrt genau eine Wortart (NOM). Keine Kontextentscheidung noetig.;grüst ich die tugentlich / und sprach ir werde **frow** wunneclich / was suocht ir in deß maien zier
MR1.tei.xml;MR1_120212006600_5;frow;66;ANNOTATE;;ja;;NOM;;lexicon.xml#lemma_7260;;variants.xml#type_25985;lemma_7260;NOM;high;Die MHG-normalisierte Schreibung traegt im gesamten Korpus nur lemma_7260, und lemma_7260 fuehrt genau eine Wortart (NOM). Keine Kontextentscheidung noetig.;da mit ich käm deß jamers ab / ich sprach ach **frow** úwers hertzen clag / pringt mir sicher selber smertzen
MR1.tei.xml;MR1_120221008200_5;frow;82;ANNOTATE;;ja;;NOM;;lexicon.xml#lemma_7260;;variants.xml#type_25985;lemma_7260;NOM;high;Die MHG-normalisierte Schreibung traegt im gesamten Korpus nur lemma_7260, und lemma_7260 fuehrt genau eine Wortart (NOM). Keine Kontextentscheidung noetig.;gern machen offenbar / ich sprach zart **frow** das sölt ir gar / gen mir on allen zwifel sein
MR1.tei.xml;MR1_120222012000_2;frow;120;ANNOTATE;;ja;;NOM;;lexicon.xml#lemma_7260;;variants.xml#type_25985;lemma_7260;NOM;high;Die MHG-normalisierte Schreibung traegt im gesamten Korpus nur lemma_7260, und lemma_7260 fuehrt genau eine Wortart (NOM). Keine Kontextentscheidung noetig.;die untrúw als mir ist geschenhen - - / zart **frow** nun tuot mir ainß verjehen / mag ch iemand von clag bringen - -
MR1.tei.xml;MR1_120231014900_0;frow;149;ANNOTATE;;ja;;NOM;;lexicon.xml#lemma_7260;;variants.xml#type_25985;lemma_7260;NOM;high;Die MHG-normalisierte Schreibung traegt im gesamten Korpus nur lemma_7260, und lemma_7260 fuehrt genau eine Wortart (NOM). Keine Kontextentscheidung noetig.;meinß laides den aller höchsten punt / **frow** myn sprach ich gan im sein wol - - / nun hört sid ich clagen sol
MR1.tei.xml;MR1_120242022200_6;frow;222;ANNOTATE;;ja;;NOM;;lexicon.xml#lemma_7260;;variants.xml#type_25985;lemma_7260;NOM;high;Die MHG-normalisierte Schreibung traegt im gesamten Korpus nur lemma_7260, und lemma_7260 fuehrt genau eine Wortart (NOM). Keine Kontextentscheidung noetig.;wider zuo guotem muot / das raut ich úch zart **frow** guot / und laust in sin wer er sy
MR1.tei.xml;MR1_120251025200_4;frow;252;ANNOTATE;;ja;;NOM;;lexicon.xml#lemma_7260;;variants.xml#type_25985;lemma_7260;NOM;high;Die MHG-normalisierte Schreibung traegt im gesamten Korpus nur lemma_7260, und lemma_7260 fuehrt genau eine Wortart (NOM). Keine Kontextentscheidung noetig.;sölichs rautz volg ich dir nit / ich sprach **frow** nympt úch der syt / bedunck úch mein raut nit guot
MR1.tei.xml;MR1_120252028300_0;frow;283;ANNOTATE;;ja;;NOM;;lexicon.xml#lemma_7260;;variants.xml#type_25985;lemma_7260;NOM;high;Die MHG-normalisierte Schreibung traegt im gesamten Korpus nur lemma_7260, und lemma_7260 fuehrt genau eine Wortart (NOM). Keine Kontextentscheidung noetig.;der gesell sprach uff mein aid / **frow** das verantwúrt ich gen ewern trúwen / gelobend es müst mich ymmer rewen
MR1.tei.xml;MR1_120261029400_1;frow;294;ANNOTATE;;ja;;NOM;;lexicon.xml#lemma_7260;;variants.xml#type_25985;lemma_7260;NOM;high;Die MHG-normalisierte Schreibung traegt im gesamten Korpus nur lemma_7260, und lemma_7260 fuehrt genau eine Wortart (NOM). Keine Kontextentscheidung noetig.;da von tuond mich nit verdencken / zart **frow** ich wolt úch ungern krencken / an fröwden das uch nit wär zuo synn
MR1.tei.xml;MR1_120262033300_3;frow;333;ANNOTATE;;ja;;NOM;;lexicon.xml#lemma_7260;;variants.xml#type_25985;lemma_7260;NOM;high;Die MHG-normalisierte Schreibung traegt im gesamten Korpus nur lemma_7260, und lemma_7260 fuehrt genau eine Wortart (NOM). Keine Kontextentscheidung noetig.;und vergaut úch alls úwer unhail / mit dem kam **frow** stät gegangen / und ward lieplich enpfangen
MR1.tei.xml;MR1_120271033900_1;frow;339;ANNOTATE;;ja;;NOM;;lexicon.xml#lemma_7260;;variants.xml#type_25985;lemma_7260;NOM;high;Die MHG-normalisierte Schreibung traegt im gesamten Korpus nur lemma_7260, und lemma_7260 fuehrt genau eine Wortart (NOM). Keine Kontextentscheidung noetig.;ob mir ir laid möchtin wenden / sid **frow** stett ouch zuo unß ist komen / als du das ouch haust vernomen
MR1.tei.xml;MR1_120271035500_3;frow;355;ANNOTATE;;ja;;NOM;;lexicon.xml#lemma_7260;;variants.xml#type_25985;lemma_7260;NOM;high;Die MHG-normalisierte Schreibung traegt im gesamten Korpus nur lemma_7260, und lemma_7260 fuehrt genau eine Wortart (NOM). Keine Kontextentscheidung noetig.;und dester baß komen zuo statten / also erzellt ich **frow** stet ir leben / die ir ouch sölich raut tett geben
MR1.tei.xml;MR1_120271035700_0;frow;357;ANNOTATE;;ja;;NOM;;lexicon.xml#lemma_7260;;variants.xml#type_25985;lemma_7260;NOM;high;Die MHG-normalisierte Schreibung traegt im gesamten Korpus nur lemma_7260, und lemma_7260 fuehrt genau eine Wortart (NOM). Keine Kontextentscheidung noetig.;die ir ouch sölich raut tett geben / **frow** stett sprach so raut ich úch / uff mein stätu trúw
MR1.tei.xml;MR1_120281040900_4;frow;409;ANNOTATE;;ja;;NOM;;lexicon.xml#lemma_7260;;variants.xml#type_25985;lemma_7260;NOM;high;Die MHG-normalisierte Schreibung traegt im gesamten Korpus nur lemma_7260, und lemma_7260 fuehrt genau eine Wortart (NOM). Keine Kontextentscheidung noetig.;das kan frow mynn mit recht wol rechen / dar umb zart **frow** gehabend úch wol / wann úch ye recht ergon sol
MR1.tei.xml;MR1_120281041300_1;frow;413;ANNOTATE;;ja;;NOM;;lexicon.xml#lemma_7260;;variants.xml#type_25985;lemma_7260;NOM;high;Die MHG-normalisierte Schreibung traegt im gesamten Korpus nur lemma_7260, und lemma_7260 fuehrt genau eine Wortart (NOM). Keine Kontextentscheidung noetig.;dar an sond ir keinen zwifel hon - - / **frow** stett welt ir mir deß trost geben / so will ich gern fröwlichen leben
MR1.tei.xml;MR1_120282042900_0;frow;429;ANNOTATE;;ja;;NOM;;lexicon.xml#lemma_7260;;variants.xml#type_25985;lemma_7260;NOM;high;Die MHG-normalisierte Schreibung traegt im gesamten Korpus nur lemma_7260, und lemma_7260 fuehrt genau eine Wortart (NOM). Keine Kontextentscheidung noetig.;mit dem kamen die frowen rain / **frow** lieb und frow trúw / frow zucht und er die gehewr
MR1.tei.xml;MR1_120282042900_3;frow;429;ANNOTATE;;ja;;NOM;;lexicon.xml#lemma_7260;;variants.xml#type_25985;lemma_7260;NOM;high;Die MHG-normalisierte Schreibung traegt im gesamten Korpus nur lemma_7260, und lemma_7260 fuehrt genau eine Wortart (NOM). Keine Kontextentscheidung noetig.;mit dem kamen die frowen rain / frow lieb und **frow** trúw / frow zucht und er die gehewr
MR1.tei.xml;MR1_120282043000_0;frow;430;ANNOTATE;;ja;;NOM;;lexicon.xml#lemma_7260;;variants.xml#type_25985;lemma_7260;NOM;high;Die MHG-normalisierte Schreibung traegt im gesamten Korpus nur lemma_7260, und lemma_7260 fuehrt genau eine Wortart (NOM). Keine Kontextentscheidung noetig.;frow lieb und frow trúw / **frow** zucht und er die gehewr / frow maß und frow scham
MR1.tei.xml;MR1_120282043100_0;frow;431;ANNOTATE;;ja;;NOM;;lexicon.xml#lemma_7260;;variants.xml#type_25985;lemma_7260;NOM;high;Die MHG-normalisierte Schreibung traegt im gesamten Korpus nur lemma_7260, und lemma_7260 fuehrt genau eine Wortart (NOM). Keine Kontextentscheidung noetig.;frow zucht und er die gehewr / **frow** maß und frow scham / der frowen aller höchster nam
MR1.tei.xml;MR1_120282043100_3;frow;431;ANNOTATE;;ja;;NOM;;lexicon.xml#lemma_7260;;variants.xml#type_25985;lemma_7260;NOM;high;Die MHG-normalisierte Schreibung traegt im gesamten Korpus nur lemma_7260, und lemma_7260 fuehrt genau eine Wortart (NOM). Keine Kontextentscheidung noetig.;frow zucht und er die gehewr / frow maß und **frow** scham / der frowen aller höchster nam
MR1.tei.xml;MR1_120282043900_1;frow;439;ANNOTATE;;ja;;NOM;;lexicon.xml#lemma_7260;;variants.xml#type_25985;lemma_7260;NOM;high;Die MHG-normalisierte Schreibung traegt im gesamten Korpus nur lemma_7260, und lemma_7260 fuehrt genau eine Wortart (NOM). Keine Kontextentscheidung noetig.;ir frowen es ist gevallen / ain **frow** in hertzeliche clag / der hon ich ainen recht tag
MR1.tei.xml;MR1_120292048700_6;frow;487;ANNOTATE;;ja;;NOM;;lexicon.xml#lemma_7260;;variants.xml#type_25985;lemma_7260;NOM;high;Die MHG-normalisierte Schreibung traegt im gesamten Korpus nur lemma_7260, und lemma_7260 fuehrt genau eine Wortart (NOM). Keine Kontextentscheidung noetig.;frow mynn sprach nun sitzt all / by erst so sitzt nider **frow** stätt / nempt zuo úch frow trúw ir sind min raut
MR1.tei.xml;MR1_120292048800_3;frow;488;ANNOTATE;;ja;;NOM;;lexicon.xml#lemma_7260;;variants.xml#type_25985;lemma_7260;NOM;high;Die MHG-normalisierte Schreibung traegt im gesamten Korpus nur lemma_7260, und lemma_7260 fuehrt genau eine Wortart (NOM). Keine Kontextentscheidung noetig.;by erst so sitzt nider frow stätt / nempt zuo úch **frow** trúw ir sind min raut / frow lieb ich haiß úch ouch sitzen
MR1.tei.xml;MR1_120292048900_0;frow;489;ANNOTATE;;ja;;NOM;;lexicon.xml#lemma_7260;;variants.xml#type_25985;lemma_7260;NOM;high;Die MHG-normalisierte Schreibung traegt im gesamten Korpus nur lemma_7260, und lemma_7260 fuehrt genau eine Wortart (NOM). Keine Kontextentscheidung noetig.;nempt zuo úch frow trúw ir sind min raut / **frow** lieb ich haiß úch ouch sitzen / frow zucht nun sitzt mit witzen
MR1.tei.xml;MR1_120292049000_0;frow;490;ANNOTATE;;ja;;NOM;;lexicon.xml#lemma_7260;;variants.xml#type_25985;lemma_7260;NOM;high;Die MHG-normalisierte Schreibung traegt im gesamten Korpus nur lemma_7260, und lemma_7260 fuehrt genau eine Wortart (NOM). Keine Kontextentscheidung noetig.;frow lieb ich haiß úch ouch sitzen / **frow** zucht nun sitzt mit witzen / und sitzend zuo disen frowen her
MR1.tei.xml;MR1_120301049300_0;frow;493;ANNOTATE;;ja;;NOM;;lexicon.xml#lemma_7260;;variants.xml#type_25985;lemma_7260;NOM;high;Die MHG-normalisierte Schreibung traegt im gesamten Korpus nur lemma_7260, und lemma_7260 fuehrt genau eine Wortart (NOM). Keine Kontextentscheidung noetig.;das pút ich úch by mynne ger / **frow** tugend frow scham / der frowen aller höchste nam
MR1.tei.xml;MR1_120301049300_3;frow;493;ANNOTATE;;ja;;NOM;;lexicon.xml#lemma_7260;;variants.xml#type_25985;lemma_7260;NOM;high;Die MHG-normalisierte Schreibung traegt im gesamten Korpus nur lemma_7260, und lemma_7260 fuehrt genau eine Wortart (NOM). Keine Kontextentscheidung noetig.;das pút ich úch by mynne ger / frow tugend **frow** scham / der frowen aller höchste nam
MR1.tei.xml;MR1_120301049600_0;frow;496;ANNOTATE;;ja;;NOM;;lexicon.xml#lemma_7260;;variants.xml#type_25985;lemma_7260;NOM;high;Die MHG-normalisierte Schreibung traegt im gesamten Korpus nur lemma_7260, und lemma_7260 fuehrt genau eine Wortart (NOM). Keine Kontextentscheidung noetig.;sitzt zuo den andern frowen nider / **frow** maß ir raine frow pider / sitzt ouch zuo disen frowen her
MR1.tei.xml;MR1_120301049600_5;frow;496;ANNOTATE;;ja;;NOM;;lexicon.xml#lemma_7260;;variants.xml#type_25985;lemma_7260;NOM;high;Die MHG-normalisierte Schreibung traegt im gesamten Korpus nur lemma_7260, und lemma_7260 fuehrt genau eine Wortart (NOM). Keine Kontextentscheidung noetig.;sitzt zuo den andern frowen nider / frow maß ir raine **frow** pider / sitzt ouch zuo disen frowen her
MR1.tei.xml;MR1_120301050400_2;frow;504;ANNOTATE;;ja;;NOM;;lexicon.xml#lemma_7260;;variants.xml#type_25985;lemma_7260;NOM;high;Die MHG-normalisierte Schreibung traegt im gesamten Korpus nur lemma_7260, und lemma_7260 fuehrt genau eine Wortart (NOM). Keine Kontextentscheidung noetig.;zuo clagen der kum her / die betrübt **frow** sprach ich beger / ains der mir mein wort die sprechen
MR1.tei.xml;MR1_120302051700_0;frow;517;ANNOTATE;;ja;;NOM;;lexicon.xml#lemma_7260;;variants.xml#type_25985;lemma_7260;NOM;high;Die MHG-normalisierte Schreibung traegt im gesamten Korpus nur lemma_7260, und lemma_7260 fuehrt genau eine Wortart (NOM). Keine Kontextentscheidung noetig.;er sprach sid ich bin komen her / **frow** zuo solicher aubentür / so wil ich úch gern lern und stúr
MR1.tei.xml;MR1_120302052000_5;frow;520;ANNOTATE;;ja;;NOM;;lexicon.xml#lemma_7260;;variants.xml#type_25985;lemma_7260;NOM;high;Die MHG-normalisierte Schreibung traegt im gesamten Korpus nur lemma_7260, und lemma_7260 fuehrt genau eine Wortart (NOM). Keine Kontextentscheidung noetig.;geben so ich best kan / so ver es mir mein **frow** min gan / frow mynn ich gan dirs wol
MR1.tei.xml;MR1_120311054600_4;frow;546;ANNOTATE;;ja;;NOM;;lexicon.xml#lemma_7260;;variants.xml#type_25985;lemma_7260;NOM;high;Die MHG-normalisierte Schreibung traegt im gesamten Korpus nur lemma_7260, und lemma_7260 fuehrt genau eine Wortart (NOM). Keine Kontextentscheidung noetig.;und hab im des ersten herweckt den muot / alß noch vil menge **frow** tuot / da mit sy er zuo ainem menschen worden
MR1.tei.xml;MR1_120321059500_1;frow;595;ANNOTATE;;ja;;NOM;;lexicon.xml#lemma_7260;;variants.xml#type_25985;lemma_7260;NOM;high;Die MHG-normalisierte Schreibung traegt im gesamten Korpus nur lemma_7260, und lemma_7260 fuehrt genau eine Wortart (NOM). Keine Kontextentscheidung noetig.;dann haiß ain andrun zuo dir gon - - / **frow** zucht ich beger úwer nit wandel / ich wil úch wol allen mein handel
MR1.tei.xml;MR1_120332068400_1;frow;684;ANNOTATE;;ja;;NOM;;lexicon.xml#lemma_7260;;variants.xml#type_25985;lemma_7260;NOM;high;Die MHG-normalisierte Schreibung traegt im gesamten Korpus nur lemma_7260, und lemma_7260 fuehrt genau eine Wortart (NOM). Keine Kontextentscheidung noetig.;nun habt ir clag und widerred vernomen - - / **frow** zucht nun tuo ich an uch komen / und fraug úch deß rechten uff uwer wirdikait - -
MR1.tei.xml;MR1_120341070900_3;frow;709;ANNOTATE;;ja;;NOM;;lexicon.xml#lemma_7260;;variants.xml#type_25985;lemma_7260;NOM;high;Die MHG-normalisierte Schreibung traegt im gesamten Korpus nur lemma_7260, und lemma_7260 fuehrt genau eine Wortart (NOM). Keine Kontextentscheidung noetig.;frow mynn die houch gelobt magt / sprach **frow** stett ich fraug úch / das ir uff uwer stätte trúw
MR1.tei.xml;MR1_120341072300_4;frow;723;ANNOTATE;;ja;;NOM;;lexicon.xml#lemma_7260;;variants.xml#type_25985;lemma_7260;NOM;high;Die MHG-normalisierte Schreibung traegt im gesamten Korpus nur lemma_7260, und lemma_7260 fuehrt genau eine Wortart (NOM). Keine Kontextentscheidung noetig.;des ich uch trúlich bitten wil / frow mynn fraugt an **frow** trúw / ir raines wib was bedunckt úch
MR1.tei.xml;MR1_120342073300_1;frow;733;ANNOTATE;;ja;;NOM;;lexicon.xml#lemma_7260;;variants.xml#type_25985;lemma_7260;NOM;high;Die MHG-normalisierte Schreibung traegt im gesamten Korpus nur lemma_7260, und lemma_7260 fuehrt genau eine Wortart (NOM). Keine Kontextentscheidung noetig.;nit anderß ich zuo recht sprechen wil - - / **frow** lieb nun fraug ich úch / uff uwer lieplich trúw
MR1.tei.xml;MR1_120342074500_1;frow;745;ANNOTATE;;ja;;NOM;;lexicon.xml#lemma_7260;;variants.xml#type_25985;lemma_7260;NOM;high;Die MHG-normalisierte Schreibung traegt im gesamten Korpus nur lemma_7260, und lemma_7260 fuehrt genau eine Wortart (NOM). Keine Kontextentscheidung noetig.;frow mynn das tuot mir zuo recht gevallen - - / **frow** zucht nun fraug ich úch / des rechten uff úwer trúw - -
MR1.tei.xml;MR1_120351075500_1;frow;755;ANNOTATE;;ja;;NOM;;lexicon.xml#lemma_7260;;variants.xml#type_25985;lemma_7260;NOM;high;Die MHG-normalisierte Schreibung traegt im gesamten Korpus nur lemma_7260, und lemma_7260 fuehrt genau eine Wortart (NOM). Keine Kontextentscheidung noetig.;frow mynn das ist die urtail min - - / **frow** tugent nun tuo ich úch fragen - - / frow mynn so wil ich nun uff min aid sagen
MR1.tei.xml;MR1_120351076500_6;frow;765;ANNOTATE;;ja;;NOM;;lexicon.xml#lemma_7260;;variants.xml#type_25985;lemma_7260;NOM;high;Die MHG-normalisierte Schreibung traegt im gesamten Korpus nur lemma_7260, und lemma_7260 fuehrt genau eine Wortart (NOM). Keine Kontextentscheidung noetig.;frow mynn das ist die urtail min - - / nun fraug ich uch **frow** scham / der frowen aller höchster nam
MR1.tei.xml;MR1_120352079100_1;frow;791;ANNOTATE;;ja;;NOM;;lexicon.xml#lemma_7260;;variants.xml#type_25985;lemma_7260;NOM;high;Die MHG-normalisierte Schreibung traegt im gesamten Korpus nur lemma_7260, und lemma_7260 fuehrt genau eine Wortart (NOM). Keine Kontextentscheidung noetig.;das gib ich zuo recht uff min er - - / **frow** maß nun tuo ich uch fragen - - / frow mynn das wil ich uch sagen
MR1.tei.xml;MR1_120361082400_3;frow;824;ANNOTATE;;ja;;NOM;;lexicon.xml#lemma_7260;;variants.xml#type_25985;lemma_7260;NOM;high;Die MHG-normalisierte Schreibung traegt im gesamten Korpus nur lemma_7260, und lemma_7260 fuehrt genau eine Wortart (NOM). Keine Kontextentscheidung noetig.;mit recht ist gesprochen ab / so begert die **frow** aine gemain fraug / das er hin für leg ab
MR1.tei.xml;MR1_130371001800_4;frow;18;ANNOTATE;;ja;;NOM;;lexicon.xml#lemma_7260;;variants.xml#type_25985;lemma_7260;NOM;high;Die MHG-normalisierte Schreibung traegt im gesamten Korpus nur lemma_7260, und lemma_7260 fuehrt genau eine Wortart (NOM). Keine Kontextentscheidung noetig.;und was ir ouch eng genuog / uff dem rock die **frow** truog / uber all gesträt
MR1.tei.xml;MR1_130381005800_4;frow;58;ANNOTATE;;ja;;NOM;;lexicon.xml#lemma_7260;;variants.xml#type_25985;lemma_7260;NOM;high;Die MHG-normalisierte Schreibung traegt im gesamten Korpus nur lemma_7260, und lemma_7260 fuehrt genau eine Wortart (NOM). Keine Kontextentscheidung noetig.;von dir das wär nit guot / ich sprach **frow** nain er entuot / ir sond uff mich clain sorg hon
MR1.tei.xml;MR1_130381006100_5;frow;61;ANNOTATE;;ja;;NOM;;lexicon.xml#lemma_7260;;variants.xml#type_25985;lemma_7260;NOM;high;Die MHG-normalisierte Schreibung traegt im gesamten Korpus nur lemma_7260, und lemma_7260 fuehrt genau eine Wortart (NOM). Keine Kontextentscheidung noetig.;ich wil ain wil hie by uch ston / und sag mir zarte **frow** rain / was úwer wesan main
MR1.tei.xml;MR1_130392013500_1;frow;135;ANNOTATE;;ja;;NOM;;lexicon.xml#lemma_7260;;variants.xml#type_25985;lemma_7260;NOM;high;Die MHG-normalisierte Schreibung traegt im gesamten Korpus nur lemma_7260, und lemma_7260 fuehrt genau eine Wortart (NOM). Keine Kontextentscheidung noetig.;ich sprach zuo der selben frist / **frow** laut mich úch helfen senhen / ob ich in recht künd ersehen
MR1.tei.xml;MR1_130402018000_5;frow;180;ANNOTATE;;ja;;NOM;;lexicon.xml#lemma_7260;;variants.xml#type_25985;lemma_7260;NOM;high;Die MHG-normalisierte Schreibung traegt im gesamten Korpus nur lemma_7260, und lemma_7260 fuehrt genau eine Wortart (NOM). Keine Kontextentscheidung noetig.;der wär deß lustes von malio / der wir dann mit sampt **frow** / so er sicht sein vollen schein
MR1.tei.xml;MR1_130402018200_4;frow;182;ANNOTATE;;ja;;NOM;;lexicon.xml#lemma_7260;;variants.xml#type_25985;lemma_7260;NOM;high;Die MHG-normalisierte Schreibung traegt im gesamten Korpus nur lemma_7260, und lemma_7260 fuehrt genau eine Wortart (NOM). Keine Kontextentscheidung noetig.;so er sicht sein vollen schein / ich sprach **frow** nun fart hin / on spott da gett ainer her
MR1.tei.xml;MR1_130402019500_0;frow;195;ANNOTATE;;ja;;NOM;;lexicon.xml#lemma_7260;;variants.xml#type_25985;lemma_7260;NOM;high;Die MHG-normalisierte Schreibung traegt im gesamten Korpus nur lemma_7260, und lemma_7260 fuehrt genau eine Wortart (NOM). Keine Kontextentscheidung noetig.;und wer mir ist underton / **frow** ritter oder knecht / ieglichen nach sinem recht
MR1.tei.xml;MR1_130402019700_4;frow;197;ANNOTATE;;ja;;NOM;;lexicon.xml#lemma_7260;;variants.xml#type_25985;lemma_7260;NOM;high;Die MHG-normalisierte Schreibung traegt im gesamten Korpus nur lemma_7260, und lemma_7260 fuehrt genau eine Wortart (NOM). Keine Kontextentscheidung noetig.;ieglichen nach sinem recht / macht er stoltz **frow** und gemaid / an laster mit underschaid
MR1.tei.xml;MR1_130411020500_5;frow;205;ANNOTATE;;ja;;NOM;;lexicon.xml#lemma_7260;;variants.xml#type_25985;lemma_7260;NOM;high;Die MHG-normalisierte Schreibung traegt im gesamten Korpus nur lemma_7260, und lemma_7260 fuehrt genau eine Wortart (NOM). Keine Kontextentscheidung noetig.;wann er ist da er sitzt mit stätt / ich sprach liebe **frow** mein / wa von haut er klain schin
MR1.tei.xml;MR1_130421026200_4;frow;262;ANNOTATE;;ja;;NOM;;lexicon.xml#lemma_7260;;variants.xml#type_25985;lemma_7260;NOM;high;Die MHG-normalisierte Schreibung traegt im gesamten Korpus nur lemma_7260, und lemma_7260 fuehrt genau eine Wortart (NOM). Keine Kontextentscheidung noetig.;was mainst das sinwel ist ain stern - - / ich nain **frow** ich west es gern / was sinwel ist das ist weghaff
MR1.tei.xml;MR1_130442039100_7;frow;391;ANNOTATE;;ja;;NOM;;lexicon.xml#lemma_7260;;variants.xml#type_25985;lemma_7260;NOM;high;Die MHG-normalisierte Schreibung traegt im gesamten Korpus nur lemma_7260, und lemma_7260 fuehrt genau eine Wortart (NOM). Keine Kontextentscheidung noetig.;die wegung hetten underschaid / ich sprach zarte liebe **frow** / dritt da her und schow
MR1.tei.xml;MR1_130451041600_4;frow;416;ANNOTATE;;ja;;NOM;;lexicon.xml#lemma_7260;;variants.xml#type_25985;lemma_7260;NOM;high;Die MHG-normalisierte Schreibung traegt im gesamten Korpus nur lemma_7260, und lemma_7260 fuehrt genau eine Wortart (NOM). Keine Kontextentscheidung noetig.;und vil licht durch schow / es sy man oder **frow** / deß müssend sie mir rechen
MR1.tei.xml;MR1_130451043100_4;frow;431;ANNOTATE;;ja;;NOM;;lexicon.xml#lemma_7260;;variants.xml#type_25985;lemma_7260;NOM;high;Die MHG-normalisierte Schreibung traegt im gesamten Korpus nur lemma_7260, und lemma_7260 fuehrt genau eine Wortart (NOM). Keine Kontextentscheidung noetig.;naintz anderß ich im wunschen wolt / ich sprach **frow** das war / ich acht sie nit umb ain har
MR1.tei.xml;MR1_130471053900_3;frow;539;ANNOTATE;;ja;;NOM;;lexicon.xml#lemma_7260;;variants.xml#type_25985;lemma_7260;NOM;high;Die MHG-normalisierte Schreibung traegt im gesamten Korpus nur lemma_7260, und lemma_7260 fuehrt genau eine Wortart (NOM). Keine Kontextentscheidung noetig.;ich bin nie da hin komen / da kain edel **frow** / in so reicher schow
MR1.tei.xml;MR1_130481057600_7;frow;576;ANNOTATE;;ja;;NOM;;lexicon.xml#lemma_7260;;variants.xml#type_25985;lemma_7260;NOM;high;Die MHG-normalisierte Schreibung traegt im gesamten Korpus nur lemma_7260, und lemma_7260 fuehrt genau eine Wortart (NOM). Keine Kontextentscheidung noetig.;nit lenger by mir sein / ich sprach gnaud liebe **frow** min / sie kert sich umb und gieng von mir
MR1.tei.xml;MR1_140492005600_4;frow;56;ANNOTATE;;ja;;NOM;;lexicon.xml#lemma_7260;;variants.xml#type_25985;lemma_7260;NOM;high;Die MHG-normalisierte Schreibung traegt im gesamten Korpus nur lemma_7260, und lemma_7260 fuehrt genau eine Wortart (NOM). Keine Kontextentscheidung noetig.;und als ichs alß samd durch schowet / da kam ain mynneclich **frow** / in rott enzuont nach mynne recht
MR1.tei.xml;MR1_140492006800_1;frow;68;ANNOTATE;;ja;;NOM;;lexicon.xml#lemma_7260;;variants.xml#type_25985;lemma_7260;NOM;high;Die MHG-normalisierte Schreibung traegt im gesamten Korpus nur lemma_7260, und lemma_7260 fuehrt genau eine Wortart (NOM). Keine Kontextentscheidung noetig.;komen in des mayen zier / die **frow** sprach gesell ich main dir / wone by vil kluoger synn
MR1.tei.xml;MR1_140531023400_3;frow;234;ANNOTATE;;ja;;NOM;;lexicon.xml#lemma_7260;;variants.xml#type_25985;lemma_7260;NOM;high;Die MHG-normalisierte Schreibung traegt im gesamten Korpus nur lemma_7260, und lemma_7260 fuehrt genau eine Wortart (NOM). Keine Kontextentscheidung noetig.;ob sie es am ersten nit nyem verguot / es ist kain **frow** so hoch gemuot / noch so arme noch so rich
MR1.tei.xml;MR1_140541029500_5;frow;295;ANNOTATE;;ja;;NOM;;lexicon.xml#lemma_7260;;variants.xml#type_25985;lemma_7260;NOM;high;Die MHG-normalisierte Schreibung traegt im gesamten Korpus nur lemma_7260, und lemma_7260 fuehrt genau eine Wortart (NOM). Keine Kontextentscheidung noetig.;dar umb hon ich inwendig smertz / doch will ich úch **frow** sagen gar / es ist mer dann ain jar
MR1.tei.xml;MR1_140542031900_4;frow;319;ANNOTATE;;ja;;NOM;;lexicon.xml#lemma_7260;;variants.xml#type_25985;lemma_7260;NOM;high;Die MHG-normalisierte Schreibung traegt im gesamten Korpus nur lemma_7260, und lemma_7260 fuehrt genau eine Wortart (NOM). Keine Kontextentscheidung noetig.;geloub du wärst dar umb ungeschlagen / ich sprach **frow** ich bin mir selb darumb gran / und will weh sagen wie es kam
MR1.tei.xml;MR1_140551032800_6;frow;328;ANNOTATE;;ja;;NOM;;lexicon.xml#lemma_7260;;variants.xml#type_25985;lemma_7260;NOM;high;Die MHG-normalisierte Schreibung traegt im gesamten Korpus nur lemma_7260, und lemma_7260 fuehrt genau eine Wortart (NOM). Keine Kontextentscheidung noetig.;von lieb und der welte mynn / ains tags sprach ich « **frow** ich pin / wie ir on kainen puolen sind »
MR1.tei.xml;MR1_140551033100_4;frow;331;ANNOTATE;;ja;;NOM;;lexicon.xml#lemma_7260;;variants.xml#type_25985;lemma_7260;NOM;high;Die MHG-normalisierte Schreibung traegt im gesamten Korpus nur lemma_7260, und lemma_7260 fuehrt genau eine Wortart (NOM). Keine Kontextentscheidung noetig.;sye sprach « nain uff mein aid » / ich sprach « **frow** deß geloub ich hart » / sie rett mit manchem wortt
MR1.tei.xml;MR1_140551034600_4;frow;346;ANNOTATE;;ja;;NOM;;lexicon.xml#lemma_7260;;variants.xml#type_25985;lemma_7260;NOM;high;Die MHG-normalisierte Schreibung traegt im gesamten Korpus nur lemma_7260, und lemma_7260 fuehrt genau eine Wortart (NOM). Keine Kontextentscheidung noetig.;von kainer mer ist beschehen / und hab mengu stoltzu **frow** gesehen / der mein hertz ouch lieb trüge
MR1.tei.xml;MR1_140562040500_4;frow;405;ANNOTATE;;ja;;NOM;;lexicon.xml#lemma_7260;;variants.xml#type_25985;lemma_7260;NOM;high;Die MHG-normalisierte Schreibung traegt im gesamten Korpus nur lemma_7260, und lemma_7260 fuehrt genau eine Wortart (NOM). Keine Kontextentscheidung noetig.;der stolten wol gemuotte / und sprach **frow** beschaid mich / wa hin oder an welhes end ich
MR1.tei.xml;MR1_150611003000_2;frow;30;ANNOTATE;;ja;;NOM;;lexicon.xml#lemma_7260;;variants.xml#type_25985;lemma_7260;NOM;high;Die MHG-normalisierte Schreibung traegt im gesamten Korpus nur lemma_7260, und lemma_7260 fuehrt genau eine Wortart (NOM). Keine Kontextentscheidung noetig.;so wär wol beschehen dir / die selb **frow** engegnet mir / und gruost mich do das beschach
MR1.tei.xml;MR1_150611003300_3;frow;33;ANNOTATE;;ja;;NOM;;lexicon.xml#lemma_7260;;variants.xml#type_25985;lemma_7260;NOM;high;Die MHG-normalisierte Schreibung traegt im gesamten Korpus nur lemma_7260, und lemma_7260 fuehrt genau eine Wortart (NOM). Keine Kontextentscheidung noetig.;ich danckt ir und sprach / gnäd **frow** schön und rain / wie sind ir also ain
MR1.tei.xml;MR1_150612004900_4;frow;49;ANNOTATE;;ja;;NOM;;lexicon.xml#lemma_7260;;variants.xml#type_25985;lemma_7260;NOM;high;Die MHG-normalisierte Schreibung traegt im gesamten Korpus nur lemma_7260, und lemma_7260 fuehrt genau eine Wortart (NOM). Keine Kontextentscheidung noetig.;das soltu geloben mir / ich sprach **frow** laut mich mit úch / ich gib uch deß mein trúw
MR1.tei.xml;MR1_150621007200_0;frow;72;ANNOTATE;;ja;;NOM;;lexicon.xml#lemma_7260;;variants.xml#type_25985;lemma_7260;NOM;high;Die MHG-normalisierte Schreibung traegt im gesamten Korpus nur lemma_7260, und lemma_7260 fuehrt genau eine Wortart (NOM). Keine Kontextentscheidung noetig.;die da richterin was / **frow** er frow trúw waren das / frow stett frow seld das waren vier
MR1.tei.xml;MR1_150621007200_3;frow;72;ANNOTATE;;ja;;NOM;;lexicon.xml#lemma_7260;;variants.xml#type_25985;lemma_7260;NOM;high;Die MHG-normalisierte Schreibung traegt im gesamten Korpus nur lemma_7260, und lemma_7260 fuehrt genau eine Wortart (NOM). Keine Kontextentscheidung noetig.;die da richterin was / frow er **frow** trúw waren das / frow stett frow seld das waren vier
MR1.tei.xml;MR1_150621007300_0;frow;73;ANNOTATE;;ja;;NOM;;lexicon.xml#lemma_7260;;variants.xml#type_25985;lemma_7260;NOM;high;Die MHG-normalisierte Schreibung traegt im gesamten Korpus nur lemma_7260, und lemma_7260 fuehrt genau eine Wortart (NOM). Keine Kontextentscheidung noetig.;frow er frow trúw waren das / **frow** stett frow seld das waren vier / die funfft nem ich uch schier
MR1.tei.xml;MR1_150621007300_3;frow;73;ANNOTATE;;ja;;NOM;;lexicon.xml#lemma_7260;;variants.xml#type_25985;lemma_7260;NOM;high;Die MHG-normalisierte Schreibung traegt im gesamten Korpus nur lemma_7260, und lemma_7260 fuehrt genau eine Wortart (NOM). Keine Kontextentscheidung noetig.;frow er frow trúw waren das / frow stett **frow** seld das waren vier / die funfft nem ich uch schier
MR1.tei.xml;MR1_150621007500_2;frow;75;ANNOTATE;;ja;;NOM;;lexicon.xml#lemma_7260;;variants.xml#type_25985;lemma_7260;NOM;high;Die MHG-normalisierte Schreibung traegt im gesamten Korpus nur lemma_7260, und lemma_7260 fuehrt genau eine Wortart (NOM). Keine Kontextentscheidung noetig.;die funfft nem ich uch schier / das was **frow** lieb die mengem man / lib und guot gewund an
MR1.tei.xml;MR1_150621008900_0;frow;89;ANNOTATE;;ja;;NOM;;lexicon.xml#lemma_7260;;variants.xml#type_25985;lemma_7260;NOM;high;Die MHG-normalisierte Schreibung traegt im gesamten Korpus nur lemma_7260, und lemma_7260 fuehrt genau eine Wortart (NOM). Keine Kontextentscheidung noetig.;des gan dir wol mein muot / **frow** senden ich da mit urtail gewan / die nam ich und fuort sie hin dan
MR1.tei.xml;MR1_150622009600_4;frow;96;ANNOTATE;;ja;;NOM;;lexicon.xml#lemma_7260;;variants.xml#type_25985;lemma_7260;NOM;high;Die MHG-normalisierte Schreibung traegt im gesamten Korpus nur lemma_7260, und lemma_7260 fuehrt genau eine Wortart (NOM). Keine Kontextentscheidung noetig.;die fuor hin gar zuochteclich / und sprach **frow** vernympt mich / ich sol dem das wort hie sprechen
MR1.tei.xml;MR1_150631013600_0;frow;136;ANNOTATE;;ja;;NOM;;lexicon.xml#lemma_7260;;variants.xml#type_25985;lemma_7260;NOM;high;Die MHG-normalisierte Schreibung traegt im gesamten Korpus nur lemma_7260, und lemma_7260 fuehrt genau eine Wortart (NOM). Keine Kontextentscheidung noetig.;frow mynn fraugt dar umb zuo hand / **frow** eren was der wer bekant / frow er sprach im ist nit also
MR1.tei.xml;MR1_150631013700_0;frow;137;ANNOTATE;;ja;;NOM;;lexicon.xml#lemma_7260;;variants.xml#type_25985;lemma_7260;NOM;high;Die MHG-normalisierte Schreibung traegt im gesamten Korpus nur lemma_7260, und lemma_7260 fuehrt genau eine Wortart (NOM). Keine Kontextentscheidung noetig.;frow eren was der wer bekant / **frow** er sprach im ist nit also / man sol tragen gemuot houch
MR1.tei.xml;MR1_150632014400_0;frow;144;ANNOTATE;;ja;;NOM;;lexicon.xml#lemma_7260;;variants.xml#type_25985;lemma_7260;NOM;high;Die MHG-normalisierte Schreibung traegt im gesamten Korpus nur lemma_7260, und lemma_7260 fuehrt genau eine Wortart (NOM). Keine Kontextentscheidung noetig.;frow mynn fraugt da zuo hand / **frow** trúw was ir wär bekant / frow trúw da zuo hand sprach
MR1.tei.xml;MR1_150632014500_0;frow;145;ANNOTATE;;ja;;NOM;;lexicon.xml#lemma_7260;;variants.xml#type_25985;lemma_7260;NOM;high;Die MHG-normalisierte Schreibung traegt im gesamten Korpus nur lemma_7260, und lemma_7260 fuehrt genau eine Wortart (NOM). Keine Kontextentscheidung noetig.;frow trúw was ir wär bekant / **frow** trúw da zuo hand sprach / es ist pillich wer ungemach
MR1.tei.xml;MR1_150632015200_0;frow;152;ANNOTATE;;ja;;NOM;;lexicon.xml#lemma_7260;;variants.xml#type_25985;lemma_7260;NOM;high;Die MHG-normalisierte Schreibung traegt im gesamten Korpus nur lemma_7260, und lemma_7260 fuehrt genau eine Wortart (NOM). Keine Kontextentscheidung noetig.;frow mynn fraugt dar nach zuo hand / **frow** stett was der wer bekant / frow stett sprach mit wortt
MR1.tei.xml;MR1_150632015300_0;frow;153;ANNOTATE;;ja;;NOM;;lexicon.xml#lemma_7260;;variants.xml#type_25985;lemma_7260;NOM;high;Die MHG-normalisierte Schreibung traegt im gesamten Korpus nur lemma_7260, und lemma_7260 fuehrt genau eine Wortart (NOM). Keine Kontextentscheidung noetig.;frow stett was der wer bekant / **frow** stett sprach mit wortt / wa ein frow ain man allfart
MR1.tei.xml;MR1_150632015400_3;frow;154;ANNOTATE;;ja;;NOM;;lexicon.xml#lemma_7260;;variants.xml#type_25985;lemma_7260;NOM;high;Die MHG-normalisierte Schreibung traegt im gesamten Korpus nur lemma_7260, und lemma_7260 fuehrt genau eine Wortart (NOM). Keine Kontextentscheidung noetig.;frow stett sprach mit wortt / wa ein **frow** ain man allfart / steteclich in irm dienst sich
MR1.tei.xml;MR1_150642019200_0;frow;192;ANNOTATE;;ja;;NOM;;lexicon.xml#lemma_7260;;variants.xml#type_25985;lemma_7260;NOM;high;Die MHG-normalisierte Schreibung traegt im gesamten Korpus nur lemma_7260, und lemma_7260 fuehrt genau eine Wortart (NOM). Keine Kontextentscheidung noetig.;frow mynn fraugt dar nach zuo hand / **frow** selden was der wär bekant / frow säld die ertailt also
MR1.tei.xml;MR1_150642019300_0;frow;193;ANNOTATE;;ja;;NOM;;lexicon.xml#lemma_7260;;variants.xml#type_25985;lemma_7260;NOM;high;Die MHG-normalisierte Schreibung traegt im gesamten Korpus nur lemma_7260, und lemma_7260 fuehrt genau eine Wortart (NOM). Keine Kontextentscheidung noetig.;frow selden was der wär bekant / **frow** säld die ertailt also / es macht ain frow ain man wol frow
MR1.tei.xml;MR1_150642019400_4;frow;194;ANNOTATE;;ja;;NOM;;lexicon.xml#lemma_7260;;variants.xml#type_25985;lemma_7260;NOM;high;Die MHG-normalisierte Schreibung traegt im gesamten Korpus nur lemma_7260, und lemma_7260 fuehrt genau eine Wortart (NOM). Keine Kontextentscheidung noetig.;frow säld die ertailt also / es macht ain **frow** ain man wol frow / offt mit ainem ougenplick dar
MR1.tei.xml;MR1_150642019400_8;frow;194;ANNOTATE;;ja;;NOM;;lexicon.xml#lemma_7260;;variants.xml#type_25985;lemma_7260;NOM;high;Die MHG-normalisierte Schreibung traegt im gesamten Korpus nur lemma_7260, und lemma_7260 fuehrt genau eine Wortart (NOM). Keine Kontextentscheidung noetig.;frow säld die ertailt also / es macht ain frow ain man wol **frow** / offt mit ainem ougenplick dar
MR2.tei.xml;MR2_1250200002100_2;fraw;2;ANNOTATE;;ja;;NOM;;lexicon.xml#lemma_7260;;variants.xml#type_43131;lemma_7260;NOM;high;Die MHG-normalisierte Schreibung traegt im gesamten Korpus nur lemma_7260, und lemma_7260 fuehrt genau eine Wortart (NOM). Keine Kontextentscheidung noetig.;o mynn du hochster hort / venus **fraw** aller selden port / dich nach wird kan ich nit czieren
MR2.tei.xml;MR2_3343200007100_4;fraw;7;ANNOTATE;;ja;;NOM;;lexicon.xml#lemma_7260;;variants.xml#type_43131;lemma_7260;NOM;high;Die MHG-normalisierte Schreibung traegt im gesamten Korpus nur lemma_7260, und lemma_7260 fuehrt genau eine Wortart (NOM). Keine Kontextentscheidung noetig.;als ich da von in beden hort / er sprach **fraw** got sol uch grüssen / uwern zucker mund so süssen
MR2.tei.xml;MR2_3343200018100_4;fraw;18;ANNOTATE;;ja;;NOM;;lexicon.xml#lemma_7260;;variants.xml#type_43131;lemma_7260;NOM;high;Die MHG-normalisierte Schreibung traegt im gesamten Korpus nur lemma_7260, und lemma_7260 fuehrt genau eine Wortart (NOM). Keine Kontextentscheidung noetig.;got geb dir was din hercz begert / er sprach **fraw** wurd ich gewert / so meyn ich uch zulon
MR2.tei.xml;MR2_3344100037100_1;fraw;37;ANNOTATE;;ja;;NOM;;lexicon.xml#lemma_7260;;variants.xml#type_43131;lemma_7260;NOM;high;Die MHG-normalisierte Schreibung traegt im gesamten Korpus nur lemma_7260, und lemma_7260 fuehrt genau eine Wortart (NOM). Keine Kontextentscheidung noetig.;das ir wert myner frewd ein beheltryn / zart **fraw** das sech ich gern / ich wolt alczit uwer eern
MR2.tei.xml;MR2_3344200064100_4;fraw;64;ANNOTATE;;ja;;NOM;;lexicon.xml#lemma_7260;;variants.xml#type_43131;lemma_7260;NOM;high;Die MHG-normalisierte Schreibung traegt im gesamten Korpus nur lemma_7260, und lemma_7260 fuehrt genau eine Wortart (NOM). Keine Kontextentscheidung noetig.;ich bin gar unschuldig dran / er sprach **fraw** ir czundt al an / all myn glider brynnen als salmander
MR2.tei.xml;MR2_3344200070100_0;fraw;70;ANNOTATE;;ja;;NOM;;lexicon.xml#lemma_7260;;variants.xml#type_43131;lemma_7260;NOM;high;Die MHG-normalisierte Schreibung traegt im gesamten Korpus nur lemma_7260, und lemma_7260 fuehrt genau eine Wortart (NOM). Keine Kontextentscheidung noetig.;ich möcht mich darab ruempffen / **fraw** ir kuement nit schimpffen / ir wollent nit leschen an der czit
MR2.tei.xml;MR2_3344200080100_0;fraw;80;ANNOTATE;;ja;;NOM;;lexicon.xml#lemma_7260;;variants.xml#type_43131;lemma_7260;NOM;high;Die MHG-normalisierte Schreibung traegt im gesamten Korpus nur lemma_7260, und lemma_7260 fuehrt genau eine Wortart (NOM). Keine Kontextentscheidung noetig.;solt ich mich selb erdrencken / **fraw** ir sond uch bas bedencken / sie sprach din wort sind gar gulden swer
MR2.tei.xml;MR2_3345100092100_4;fraw;92;ANNOTATE;;ja;;NOM;;lexicon.xml#lemma_7260;;variants.xml#type_43131;lemma_7260;NOM;high;Die MHG-normalisierte Schreibung traegt im gesamten Korpus nur lemma_7260, und lemma_7260 fuehrt genau eine Wortart (NOM). Keine Kontextentscheidung noetig.;das ich dan myn buergen man / er sprach **fraw** was burgen wolt ir han / sie sprach babst priester johann
MR2.tei.xml;MR2_3345200117100_4;fraw;117;ANNOTATE;;ja;;NOM;;lexicon.xml#lemma_7260;;variants.xml#type_43131;lemma_7260;NOM;high;Die MHG-normalisierte Schreibung traegt im gesamten Korpus nur lemma_7260, und lemma_7260 fuehrt genau eine Wortart (NOM). Keine Kontextentscheidung noetig.;er wolt ye nit lennger byten / er sprach **fraw** gewerent mich / das ir mir schuldig sint
MR2.tei.xml;MR2_6381200051100_3;fraw;51;ANNOTATE;;ja;;NOM;;lexicon.xml#lemma_7260;;variants.xml#type_43131;lemma_7260;NOM;high;Die MHG-normalisierte Schreibung traegt im gesamten Korpus nur lemma_7260, und lemma_7260 fuehrt genau eine Wortart (NOM). Keine Kontextentscheidung noetig.;darunder ein brun vlos / darby sas ein **fraw** clug / ir hennd sie us dem brunnen zwug
MR2.tei.xml;MR2_6381200054100_2;fraw;54;ANNOTATE;;ja;;NOM;;lexicon.xml#lemma_7260;;variants.xml#type_43131;lemma_7260;NOM;high;Die MHG-normalisierte Schreibung traegt im gesamten Korpus nur lemma_7260, und lemma_7260 fuehrt genau eine Wortart (NOM). Keine Kontextentscheidung noetig.;die waren wis und auch cleyn / ein ander **fraw** allein / zu ir her ging
MR2.tei.xml;MR2_7385100068100_3;fraw;68;ANNOTATE;;ja;;NOM;;lexicon.xml#lemma_7260;;variants.xml#type_43131;lemma_7260;NOM;high;Die MHG-normalisierte Schreibung traegt im gesamten Korpus nur lemma_7260, und lemma_7260 fuehrt genau eine Wortart (NOM). Keine Kontextentscheidung noetig.;gesell hab guten mut / hie ist manich **fraw** gut / unnd werd ritterschafft
MR2.tei.xml;MR2_7385200088100_4;fraw;88;ANNOTATE;;ja;;NOM;;lexicon.xml#lemma_7260;;variants.xml#type_43131;lemma_7260;NOM;high;Die MHG-normalisierte Schreibung traegt im gesamten Korpus nur lemma_7260, und lemma_7260 fuehrt genau eine Wortart (NOM). Keine Kontextentscheidung noetig.;dett sie mich gar fruntlich fragen / ich sprach **fraw** dorfft ich es wagen / mynen komer wolt ich lichten
MR2.tei.xml;MR2_7386100109100_0;fraw;109;ANNOTATE;;ja;;NOM;;lexicon.xml#lemma_7260;;variants.xml#type_43131;lemma_7260;NOM;high;Die MHG-normalisierte Schreibung traegt im gesamten Korpus nur lemma_7260, und lemma_7260 fuehrt genau eine Wortart (NOM). Keine Kontextentscheidung noetig.;ich sprach ach mir armen dummen / **fraw** das ich ward ye geborn / ich hett mir selber ußerkorn
MR2.tei.xml;MR2_7386100116100_4;fraw;116;ANNOTATE;;ja;;NOM;;lexicon.xml#lemma_7260;;variants.xml#type_43131;lemma_7260;NOM;high;Die MHG-normalisierte Schreibung traegt im gesamten Korpus nur lemma_7260, und lemma_7260 fuehrt genau eine Wortart (NOM). Keine Kontextentscheidung noetig.;darumb so sag mir war / ich sprach **fraw** umb ein har / wil ich uch nit liegen
MR2.tei.xml;MR2_7386200141100_2;fraw;141;ANNOTATE;;ja;;NOM;;lexicon.xml#lemma_7260;;variants.xml#type_43131;lemma_7260;NOM;high;Die MHG-normalisierte Schreibung traegt im gesamten Korpus nur lemma_7260, und lemma_7260 fuehrt genau eine Wortart (NOM). Keine Kontextentscheidung noetig.;von eynem werden jungen / ach mynniglich **fraw** / myn hercz ist mir verhaw
MR2.tei.xml;MR2_7386200154100_3;fraw;154;ANNOTATE;;ja;;NOM;;lexicon.xml#lemma_7260;;variants.xml#type_43131;lemma_7260;NOM;high;Die MHG-normalisierte Schreibung traegt im gesamten Korpus nur lemma_7260, und lemma_7260 fuehrt genau eine Wortart (NOM). Keine Kontextentscheidung noetig.;ist sie der eren wirdig / ja **fraw** alles ir geschick / fugt wol zu werden dingen
MR2.tei.xml;MR2_7387100174100_4;fraw;174;ANNOTATE;;ja;;NOM;;lexicon.xml#lemma_7260;;variants.xml#type_43131;lemma_7260;NOM;high;Die MHG-normalisierte Schreibung traegt im gesamten Korpus nur lemma_7260, und lemma_7260 fuehrt genau eine Wortart (NOM). Keine Kontextentscheidung noetig.;oder sust von swacher art / ich sprach **fraw** es enwart / nye wiplicher wib gesehen uff erden
MR2.tei.xml;MR2_7387100190100_6;fraw;190;ANNOTATE;;ja;;NOM;;lexicon.xml#lemma_7260;;variants.xml#type_43131;lemma_7260;NOM;high;Die MHG-normalisierte Schreibung traegt im gesamten Korpus nur lemma_7260, und lemma_7260 fuehrt genau eine Wortart (NOM). Keine Kontextentscheidung noetig.;der zarten ie solchs kunt getan / ich sprach ja **fraw** ich han / me dan zu eyner stund
MR2.tei.xml;MR2_7387200217100_0;fraw;217;ANNOTATE;;ja;;NOM;;lexicon.xml#lemma_7260;;variants.xml#type_43131;lemma_7260;NOM;high;Die MHG-normalisierte Schreibung traegt im gesamten Korpus nur lemma_7260, und lemma_7260 fuehrt genau eine Wortart (NOM). Keine Kontextentscheidung noetig.;ich sprach ach mir armen swachen / **fraw** ir fragent mich gar dieff / unnd das myn sen schlieff
MR2.tei.xml;MR2_7388100249100_1;fraw;249;ANNOTATE;;ja;;NOM;;lexicon.xml#lemma_7260;;variants.xml#type_43131;lemma_7260;NOM;high;Die MHG-normalisierte Schreibung traegt im gesamten Korpus nur lemma_7260, und lemma_7260 fuehrt genau eine Wortart (NOM). Keine Kontextentscheidung noetig.;ich sprach alda zustunden / **fraw** edel werd frucht / syt mir uwer wiplich zucht
MR2.tei.xml;MR2_7388200261100_0;fraw;261;ANNOTATE;;ja;;NOM;;lexicon.xml#lemma_7260;;variants.xml#type_43131;lemma_7260;NOM;high;Die MHG-normalisierte Schreibung traegt im gesamten Korpus nur lemma_7260, und lemma_7260 fuehrt genau eine Wortart (NOM). Keine Kontextentscheidung noetig.;ich sprach ach mich armen ellenden / **fraw** der gnad wer mir zu vil / secht sie ist uwer gespil
MR2.tei.xml;MR2_7388200278100_6;fraw;278;ANNOTATE;;ja;;NOM;;lexicon.xml#lemma_7260;;variants.xml#type_43131;lemma_7260;NOM;high;Die MHG-normalisierte Schreibung traegt im gesamten Korpus nur lemma_7260, und lemma_7260 fuehrt genau eine Wortart (NOM). Keine Kontextentscheidung noetig.;ich wand du werst erstorben / ich sprach nein **fraw** mir hatt erworben / unheil noch lenger zuleben
MR2.tei.xml;MR2_7389100309100_4;fraw;309;ANNOTATE;;ja;;NOM;;lexicon.xml#lemma_7260;;variants.xml#type_43131;lemma_7260;NOM;high;Die MHG-normalisierte Schreibung traegt im gesamten Korpus nur lemma_7260, und lemma_7260 fuehrt genau eine Wortart (NOM). Keine Kontextentscheidung noetig.;ich sprach wol mir der stunt / das ich uch **fraw** han funden / mynr siechen krancken wonden
MR2.tei.xml;MR2_7389100311100_4;fraw;311;ANNOTATE;;ja;;NOM;;lexicon.xml#lemma_7260;;variants.xml#type_43131;lemma_7260;NOM;high;Die MHG-normalisierte Schreibung traegt im gesamten Korpus nur lemma_7260, und lemma_7260 fuehrt genau eine Wortart (NOM). Keine Kontextentscheidung noetig.;mynr siechen krancken wonden / der komet ir **fraw** zudrost / myn hercz uff leydes rost
MR2.tei.xml;MR2_7389200320100_3;fraw;320;ANNOTATE;;ja;;NOM;;lexicon.xml#lemma_7260;;variants.xml#type_43131;lemma_7260;NOM;high;Die MHG-normalisierte Schreibung traegt im gesamten Korpus nur lemma_7260, und lemma_7260 fuehrt genau eine Wortart (NOM). Keine Kontextentscheidung noetig.;gesell das soltu mir sagen / nein **fraw** by mynen dagen / kund ich sie nye erbytten
MR2.tei.xml;MR2_7390100352100_1;fraw;352;ANNOTATE;;ja;;NOM;;lexicon.xml#lemma_7260;;variants.xml#type_43131;lemma_7260;NOM;high;Die MHG-normalisierte Schreibung traegt im gesamten Korpus nur lemma_7260, und lemma_7260 fuehrt genau eine Wortart (NOM). Keine Kontextentscheidung noetig.;das ir myns armen dinsts begert / selig **fraw** ducht ich uch wert / darzu wer ich sicher willig
MR2.tei.xml;MR2_7390100362100_4;fraw;362;ANNOTATE;;ja;;NOM;;lexicon.xml#lemma_7260;;variants.xml#type_43131;lemma_7260;NOM;high;Die MHG-normalisierte Schreibung traegt im gesamten Korpus nur lemma_7260, und lemma_7260 fuehrt genau eine Wortart (NOM). Keine Kontextentscheidung noetig.;als lew dut sin welff / das ir mir **fraw** zuhelff / koment in myner not
MR2.tei.xml;MR2_7390100374100_3;fraw;374;ANNOTATE;;ja;;NOM;;lexicon.xml#lemma_7260;;variants.xml#type_43131;lemma_7260;NOM;high;Die MHG-normalisierte Schreibung traegt im gesamten Korpus nur lemma_7260, und lemma_7260 fuehrt genau eine Wortart (NOM). Keine Kontextentscheidung noetig.;oder sust dich lann begnuegen / ja **fraw** sitt ir wollen fuegen / zu dem besten mir myn sach
MR2.tei.xml;MR2_7390200404100_1;fraw;404;ANNOTATE;;ja;;NOM;;lexicon.xml#lemma_7260;;variants.xml#type_43131;lemma_7260;NOM;high;Die MHG-normalisierte Schreibung traegt im gesamten Korpus nur lemma_7260, und lemma_7260 fuehrt genau eine Wortart (NOM). Keine Kontextentscheidung noetig.;unnd nach der herren art / manch **fraw** unnd jungfraw czart / gar schon da gesehen wart
MR2.tei.xml;MR2_7391200448100_1;fraw;448;ANNOTATE;;ja;;NOM;;lexicon.xml#lemma_7260;;variants.xml#type_43131;lemma_7260;NOM;high;Die MHG-normalisierte Schreibung traegt im gesamten Korpus nur lemma_7260, und lemma_7260 fuehrt genau eine Wortart (NOM). Keine Kontextentscheidung noetig.;in ritterlicher wonn / manch **fraw** in hoem bonn / unnd manch werd jungfraw czart
MR2.tei.xml;MR2_8399200106200_5;fraw;106;ANNOTATE;;ja;;NOM;;lexicon.xml#lemma_7260;;variants.xml#type_43131;lemma_7260;NOM;high;Die MHG-normalisierte Schreibung traegt im gesamten Korpus nur lemma_7260, und lemma_7260 fuehrt genau eine Wortart (NOM). Keine Kontextentscheidung noetig.;bis das sie sinen dinst schaw / so muß ym lonen die **fraw** / das er gedienet hatt so vil
MR2.tei.xml;MR2_9408100070100_2;fraw;70;ANNOTATE;;ja;;NOM;;lexicon.xml#lemma_7260;;variants.xml#type_43131;lemma_7260;NOM;high;Die MHG-normalisierte Schreibung traegt im gesamten Korpus nur lemma_7260, und lemma_7260 fuehrt genau eine Wortart (NOM). Keine Kontextentscheidung noetig.;wie wol der man ir nit gedrwt / noch den **fraw** ernn stras sie bawt / unnd ee sie ir er wolt begeben
MR2.tei.xml;MR2_9408100074100_5;fraw;74;ANNOTATE;;ja;;NOM;;lexicon.xml#lemma_7260;;variants.xml#type_43131;lemma_7260;NOM;high;Die MHG-normalisierte Schreibung traegt im gesamten Korpus nur lemma_7260, und lemma_7260 fuehrt genau eine Wortart (NOM). Keine Kontextentscheidung noetig.;das dut sie doch geniessen cleyn / gen irem man die **fraw** reyn / er forcht ein ander thue ir lieben
MR2.tei.xml;MR2_9408100083100_3;fraw;83;ANNOTATE;;ja;;NOM;;lexicon.xml#lemma_7260;;variants.xml#type_43131;lemma_7260;NOM;high;Die MHG-normalisierte Schreibung traegt im gesamten Korpus nur lemma_7260, und lemma_7260 fuehrt genau eine Wortart (NOM). Keine Kontextentscheidung noetig.;do czwuschen den zweyen und ein hacz / und darfs die **fraw** nit frolich zeihen / er dutt sie drucken unnd deihen
MR2.tei.xml;MR2_9408100095100_1;fraw;95;ANNOTATE;;ja;;NOM;;lexicon.xml#lemma_7260;;variants.xml#type_43131;lemma_7260;NOM;high;Die MHG-normalisierte Schreibung traegt im gesamten Korpus nur lemma_7260, und lemma_7260 fuehrt genau eine Wortart (NOM). Keine Kontextentscheidung noetig.;so mag er nymer ru gewynnen / die **fraw** auch dorren muß und bleichen / er denckt unnd mochst du sie geleichen
MR2.tei.xml;MR2_9408100099100_3;fraw;99;ANNOTATE;;ja;;NOM;;lexicon.xml#lemma_7260;;variants.xml#type_43131;lemma_7260;NOM;high;Die MHG-normalisierte Schreibung traegt im gesamten Korpus nur lemma_7260, und lemma_7260 fuehrt genau eine Wortart (NOM). Keine Kontextentscheidung noetig.;so hatt er auch allzit unngemach / unnd wolt die **fraw** im fruntlich sin / so grint er als ein wild schwin
MR2.tei.xml;MR2_9408200104100_1;fraw;104;ANNOTATE;;ja;;NOM;;lexicon.xml#lemma_7260;;variants.xml#type_43131;lemma_7260;NOM;high;Die MHG-normalisierte Schreibung traegt im gesamten Korpus nur lemma_7260, und lemma_7260 fuehrt genau eine Wortart (NOM). Keine Kontextentscheidung noetig.;e dir ein anders darnach gat / die **fraw** weis nit als umb die dat / ja frawen forchten ist ein last
MR2.tei.xml;MR2_9408200123100_6;fraw;123;ANNOTATE;;ja;;NOM;;lexicon.xml#lemma_7260;;variants.xml#type_43131;lemma_7260;NOM;high;Die MHG-normalisierte Schreibung traegt im gesamten Korpus nur lemma_7260, und lemma_7260 fuehrt genau eine Wortart (NOM). Keine Kontextentscheidung noetig.;und im sin hercz uff frewden brechen / ja wer nun hie die **fraw** sin / die moecht wol kundig unnd schin
MR2.tei.xml;MR2_10466200021100_4;fraw;21;ANNOTATE;;ja;;NOM;;lexicon.xml#lemma_7260;;variants.xml#type_43131;lemma_7260;NOM;high;Die MHG-normalisierte Schreibung traegt im gesamten Korpus nur lemma_7260, und lemma_7260 fuehrt genau eine Wortart (NOM). Keine Kontextentscheidung noetig.;der briester dett als im geczam / er sprach **fraw** dugenthafft / pflegt ir nit heimlicher bulschafft
MR2.tei.xml;MR2_10466200026100_5;fraw;26;ANNOTATE;;ja;;NOM;;lexicon.xml#lemma_7260;;variants.xml#type_43131;lemma_7260;NOM;high;Die MHG-normalisierte Schreibung traegt im gesamten Korpus nur lemma_7260, und lemma_7260 fuehrt genau eine Wortart (NOM). Keine Kontextentscheidung noetig.;wan ich sund mit nie bejagt / der brister sprach **fraw** das bedagt / wen bulschafft mag on sund nit wesen
MR2.tei.xml;MR2_10467100055100_5;fraw;55;ANNOTATE;;ja;;NOM;;lexicon.xml#lemma_7260;;variants.xml#type_43131;lemma_7260;NOM;high;Die MHG-normalisierte Schreibung traegt im gesamten Korpus nur lemma_7260, und lemma_7260 fuehrt genau eine Wortart (NOM). Keine Kontextentscheidung noetig.;unnser beider geselschafft ist / der brister sprach **fraw** wissent das / das ir darumb dragent gottes has
MR2.tei.xml;MR2_10467100071100_1;fraw;71;ANNOTATE;;ja;;NOM;;lexicon.xml#lemma_7260;;variants.xml#type_43131;lemma_7260;NOM;high;Die MHG-normalisierte Schreibung traegt im gesamten Korpus nur lemma_7260, und lemma_7260 fuehrt genau eine Wortart (NOM). Keine Kontextentscheidung noetig.;so land uch gott das libst wesen / die **fraw** sprach herr ir redt wol / gottes nyeman vergessenn sol
MR2.tei.xml;MR2_10468200143100_2;fraw;143;ANNOTATE;;ja;;NOM;;lexicon.xml#lemma_7260;;variants.xml#type_43131;lemma_7260;NOM;high;Die MHG-normalisierte Schreibung traegt im gesamten Korpus nur lemma_7260, und lemma_7260 fuehrt genau eine Wortart (NOM). Keine Kontextentscheidung noetig.;so find man manchen stolczen degen / den ein **fraw** dut machen fro / der sich auch lat sehenn also
MR2.tei.xml;MR2_10468200152100_7;fraw;152;ANNOTATE;;ja;;NOM;;lexicon.xml#lemma_7260;;variants.xml#type_43131;lemma_7260;NOM;high;Die MHG-normalisierte Schreibung traegt im gesamten Korpus nur lemma_7260, und lemma_7260 fuehrt genau eine Wortart (NOM). Keine Kontextentscheidung noetig.;der für sin herrn lidt pin / der brister sprach ach **fraw** myn / wirt aber eyner also erschlagen
MR2.tei.xml;MR2_10468200154100_1;fraw;154;ANNOTATE;;ja;;NOM;;lexicon.xml#lemma_7260;;variants.xml#type_43131;lemma_7260;NOM;high;Die MHG-normalisierte Schreibung traegt im gesamten Korpus nur lemma_7260, und lemma_7260 fuehrt genau eine Wortart (NOM). Keine Kontextentscheidung noetig.;wirt aber eyner also erschlagen / die **fraw** die sund must dragen / die yn hett gesendet dar
MR2.tei.xml;MR2_10468200158100_1;fraw;158;ANNOTATE;;ja;;NOM;;lexicon.xml#lemma_7260;;variants.xml#type_43131;lemma_7260;NOM;high;Die MHG-normalisierte Schreibung traegt im gesamten Korpus nur lemma_7260, und lemma_7260 fuehrt genau eine Wortart (NOM). Keine Kontextentscheidung noetig.;unnd seczent von bulschafft üwer gemut / die **fraw** sprach darvor mich behutt / maria unnd der sues gott
MR2.tei.xml;MR2_10469100199100_3;fraw;199;ANNOTATE;;ja;;NOM;;lexicon.xml#lemma_7260;;variants.xml#type_43131;lemma_7260;NOM;high;Die MHG-normalisierte Schreibung traegt im gesamten Korpus nur lemma_7260, und lemma_7260 fuehrt genau eine Wortart (NOM). Keine Kontextentscheidung noetig.;die yn den hatt dar gesent / wann kein gutt **fraw** nit enlat / die ein liebenn geseln hat
MR2.tei.xml;MR2_10469200208100_7;fraw;208;ANNOTATE;;ja;;NOM;;lexicon.xml#lemma_7260;;variants.xml#type_43131;lemma_7260;NOM;high;Die MHG-normalisierte Schreibung traegt im gesamten Korpus nur lemma_7260, und lemma_7260 fuehrt genau eine Wortart (NOM). Keine Kontextentscheidung noetig.;das ir bulschafft weren thut / der brister sprach ach **fraw** gutt / ich wand ich wer gelert wol
MR2.tei.xml;MR2_10471200336100_0;fraw;336;ANNOTATE;;ja;;NOM;;lexicon.xml#lemma_7260;;variants.xml#type_43131;lemma_7260;NOM;high;Die MHG-normalisierte Schreibung traegt im gesamten Korpus nur lemma_7260, und lemma_7260 fuehrt genau eine Wortart (NOM). Keine Kontextentscheidung noetig.;dwil ich myn leben hann / **fraw** venus der werden mynn / mit hercz mut unnd synn
MR2.tei.xml;MR2_10472100348100_2;fraw;348;ANNOTATE;;ja;;NOM;;lexicon.xml#lemma_7260;;variants.xml#type_43131;lemma_7260;NOM;high;Die MHG-normalisierte Schreibung traegt im gesamten Korpus nur lemma_7260, und lemma_7260 fuehrt genau eine Wortart (NOM). Keine Kontextentscheidung noetig.;der dir zu hilfft on arglist / es sy **fraw** oder man / der sich vor melden hüten kan
MR2.tei.xml;MR2_11479100002200_4;fraw;2;ANNOTATE;;ja;;NOM;;lexicon.xml#lemma_7260;;variants.xml#type_43131;lemma_7260;NOM;high;Die MHG-normalisierte Schreibung traegt im gesamten Korpus nur lemma_7260, und lemma_7260 fuehrt genau eine Wortart (NOM). Keine Kontextentscheidung noetig.;unschalcklich wil ich fragen nu / thu bescheiden mich **fraw** / schaw bitt ich dich und rat mir eys
MR2.tei.xml;MR2_11479100009200_5;fraw;9;ANNOTATE;;ja;;NOM;;lexicon.xml#lemma_7260;;variants.xml#type_43131;lemma_7260;NOM;high;Die MHG-normalisierte Schreibung traegt im gesamten Korpus nur lemma_7260, und lemma_7260 fuehrt genau eine Wortart (NOM). Keine Kontextentscheidung noetig.;besessen so hatt mich ein bild / wild stet es mir **fraw** dar umb schecz / secz mir zu senden schmercz
MR2.tei.xml;MR2_11479100014200_3;fraw;14;ANNOTATE;;ja;;NOM;;lexicon.xml#lemma_7260;;variants.xml#type_43131;lemma_7260;NOM;high;Die MHG-normalisierte Schreibung traegt im gesamten Korpus nur lemma_7260, und lemma_7260 fuehrt genau eine Wortart (NOM). Keine Kontextentscheidung noetig.;kan ich nit raten dyner mein / nein **fraw** ir wird mich erschrecken dut / frut frewd mir nun drurn gitt
MR2.tei.xml;MR2_11479100021200_3;fraw;21;ANNOTATE;;ja;;NOM;;lexicon.xml#lemma_7260;;variants.xml#type_43131;lemma_7260;NOM;high;Die MHG-normalisierte Schreibung traegt im gesamten Korpus nur lemma_7260, und lemma_7260 fuehrt genau eine Wortart (NOM). Keine Kontextentscheidung noetig.;recht doch der mynn gnedig stat / rat fruntlich **fraw** mir daruff wol / sol sie myns dinsts geruchen
MR2.tei.xml;MR2_11479200030200_3;fraw;30;ANNOTATE;;ja;;NOM;;lexicon.xml#lemma_7260;;variants.xml#type_43131;lemma_7260;NOM;high;Die MHG-normalisierte Schreibung traegt im gesamten Korpus nur lemma_7260, und lemma_7260 fuehrt genau eine Wortart (NOM). Keine Kontextentscheidung noetig.;rich gedruwes muts soltu sin / hin und jo **fraw** fur sich dar / war nym zu ir
MR2.tei.xml;MR2_11479200048200_3;fraw;48;ANNOTATE;;ja;;NOM;;lexicon.xml#lemma_7260;;variants.xml#type_43131;lemma_7260;NOM;high;Die MHG-normalisierte Schreibung traegt im gesamten Korpus nur lemma_7260, und lemma_7260 fuehrt genau eine Wortart (NOM). Keine Kontextentscheidung noetig.;bestan machtu sin lieben dag / hor gnedig **fraw** nueme gutlich dis / gewis bistu von der ich sagen
MR2.tei.xml;MR2_11479200060200_2;fraw;60;ANNOTATE;;ja;;NOM;;lexicon.xml#lemma_7260;;variants.xml#type_43131;lemma_7260;NOM;high;Die MHG-normalisierte Schreibung traegt im gesamten Korpus nur lemma_7260, und lemma_7260 fuehrt genau eine Wortart (NOM). Keine Kontextentscheidung noetig.;dür ist mir anders aller drost / lost **fraw** din gnad nit selber mich / brich ab din ungnedickeyt
MR2.tei.xml;MR2_11480100070200_2;fraw;70;ANNOTATE;;ja;;NOM;;lexicon.xml#lemma_7260;;variants.xml#type_43131;lemma_7260;NOM;high;Die MHG-normalisierte Schreibung traegt im gesamten Korpus nur lemma_7260, und lemma_7260 fuehrt genau eine Wortart (NOM). Keine Kontextentscheidung noetig.;zucht wonschlich heil / geil **fraw** mich sol machen / lachen in dynr lieb kund
MR2.tei.xml;MR2_11480100088200_5;fraw;88;ANNOTATE;;ja;;NOM;;lexicon.xml#lemma_7260;;variants.xml#type_43131;lemma_7260;NOM;high;Die MHG-normalisierte Schreibung traegt im gesamten Korpus nur lemma_7260, und lemma_7260 fuehrt genau eine Wortart (NOM). Keine Kontextentscheidung noetig.;das nun din clag mir vergicht / bericht hat dich **fraw** selig kunfft / vernunfft wonschlich din bild schneid
MR2.tei.xml;MR2_11480200102200_3;fraw;102;ANNOTATE;;ja;;NOM;;lexicon.xml#lemma_7260;;variants.xml#type_43131;lemma_7260;NOM;high;Die MHG-normalisierte Schreibung traegt im gesamten Korpus nur lemma_7260, und lemma_7260 fuehrt genau eine Wortart (NOM). Keine Kontextentscheidung noetig.;entricht hatt mich so gar din lust / brust villicht **fraw** din gnad mir gan / van gnaden rich nein das besorg
MR2.tei.xml;MR2_11480200108200_1;fraw;108;ANNOTATE;;ja;;NOM;;lexicon.xml#lemma_7260;;variants.xml#type_43131;lemma_7260;NOM;high;Die MHG-normalisierte Schreibung traegt im gesamten Korpus nur lemma_7260, und lemma_7260 fuehrt genau eine Wortart (NOM). Keine Kontextentscheidung noetig.;stillen myn drurn du solt / holt **fraw** hochgeborn / erkorn hab ich diner genaden bast
MR2.tei.xml;MR2_11480200111200_3;fraw;111;ANNOTATE;;ja;;NOM;;lexicon.xml#lemma_7260;;variants.xml#type_43131;lemma_7260;NOM;high;Die MHG-normalisierte Schreibung traegt im gesamten Korpus nur lemma_7260, und lemma_7260 fuehrt genau eine Wortart (NOM). Keine Kontextentscheidung noetig.;vast mich dir haltet leyder streng / verhenng das **fraw** nit ich des bedarff / scharff strenng sind all din wort
MR2.tei.xml;MR2_11480200138200_4;fraw;138;ANNOTATE;;ja;;NOM;;lexicon.xml#lemma_7260;;variants.xml#type_43131;lemma_7260;NOM;high;Die MHG-normalisierte Schreibung traegt im gesamten Korpus nur lemma_7260, und lemma_7260 fuehrt genau eine Wortart (NOM). Keine Kontextentscheidung noetig.;gewalt die wil gnad han / herman ich dich **fraw** angeschruwen / ruwen las dich myns muts sterben
MR2.tei.xml;MR2_11481100151200_3;fraw;151;ANNOTATE;;ja;;NOM;;lexicon.xml#lemma_7260;;variants.xml#type_43131;lemma_7260;NOM;high;Die MHG-normalisierte Schreibung traegt im gesamten Korpus nur lemma_7260, und lemma_7260 fuehrt genau eine Wortart (NOM). Keine Kontextentscheidung noetig.;leiden mocht dir myns jamers spalt / gestalt hastu **fraw** hoher selden / melden mus ich dir druwen bant
MR2.tei.xml;MR2_11481100157200_2;fraw;157;ANNOTATE;;ja;;NOM;;lexicon.xml#lemma_7260;;variants.xml#type_43131;lemma_7260;NOM;high;Die MHG-normalisierte Schreibung traegt im gesamten Korpus nur lemma_7260, und lemma_7260 fuehrt genau eine Wortart (NOM). Keine Kontextentscheidung noetig.;ye lennger du mir lieber bist / frist **fraw** myn hoffen / droffen sentlich
MR2.tei.xml;MR2_11481100159200_2;fraw;159;ANNOTATE;;ja;;NOM;;lexicon.xml#lemma_7260;;variants.xml#type_43131;lemma_7260;NOM;high;Die MHG-normalisierte Schreibung traegt im gesamten Korpus nur lemma_7260, und lemma_7260 fuehrt genau eine Wortart (NOM). Keine Kontextentscheidung noetig.;droffen sentlich / sich **fraw** myn ser / ker das unnd wend
MR2.tei.xml;MR2_12483100066100_3;fraw;66;ANNOTATE;;ja;;NOM;;lexicon.xml#lemma_7260;;variants.xml#type_43131;lemma_7260;NOM;high;Die MHG-normalisierte Schreibung traegt im gesamten Korpus nur lemma_7260, und lemma_7260 fuehrt genau eine Wortart (NOM). Keine Kontextentscheidung noetig.;was du hast an dem throne / an gott unnd **fraw** mynnen / an all der welt dir selbs zu lone
MR2.tei.xml;MR2_12484100134100_2;fraw;134;ANNOTATE;;ja;;NOM;;lexicon.xml#lemma_7260;;variants.xml#type_43131;lemma_7260;NOM;high;Die MHG-normalisierte Schreibung traegt im gesamten Korpus nur lemma_7260, und lemma_7260 fuehrt genau eine Wortart (NOM). Keine Kontextentscheidung noetig.;der seh darnach dwil er hab das leben / las auch **fraw** mercke schawen / ob er die straube vonn osten
MR2.tei.xml;MR2_12487100283100_3;fraw;283;ANNOTATE;;ja;;NOM;;lexicon.xml#lemma_7260;;variants.xml#type_43131;lemma_7260;NOM;high;Die MHG-normalisierte Schreibung traegt im gesamten Korpus nur lemma_7260, und lemma_7260 fuehrt genau eine Wortart (NOM). Keine Kontextentscheidung noetig.;din hohe wirde nydder / bis magt **fraw** geselle / er soll din herr und auch din knecht wesen widder
MR2.tei.xml;MR2_12487200322100_2;fraw;322;ANNOTATE;;ja;;NOM;;lexicon.xml#lemma_7260;;variants.xml#type_43131;lemma_7260;NOM;high;Die MHG-normalisierte Schreibung traegt im gesamten Korpus nur lemma_7260, und lemma_7260 fuehrt genau eine Wortart (NOM). Keine Kontextentscheidung noetig.;soll sues unnd selden drostenn / so kan **fraw** myn lieblich verlangen schickenn / durch susse unnd selten sture
MR2.tei.xml;MR2_13495200415100_4;fraw;415;ANNOTATE;;ja;;NOM;;lexicon.xml#lemma_7260;;variants.xml#type_43131;lemma_7260;NOM;high;Die MHG-normalisierte Schreibung traegt im gesamten Korpus nur lemma_7260, und lemma_7260 fuehrt genau eine Wortart (NOM). Keine Kontextentscheidung noetig.;der aller ding kann pflegenn unnd auch walten / dies sy uch **fraw** geschencket / zu wilkum hooehe frucht
MR2.tei.xml;MR2_33288100195100_2;fraw;195;ANNOTATE;;ja;;NOM;;lexicon.xml#lemma_7260;;variants.xml#type_43131;lemma_7260;NOM;high;Die MHG-normalisierte Schreibung traegt im gesamten Korpus nur lemma_7260, und lemma_7260 fuehrt genau eine Wortart (NOM). Keine Kontextentscheidung noetig.;auch beleibt nit untterwegen / des manig **fraw** vil offt wirt fro / frosel vonn lednitz rett also es folgen in allen hss verschiedene schlußverse der schreiber in st
NEIC.tei.xml;NEIC_8103080_5;fraw;8;ANNOTATE;;ja;;NOM;;lexicon.xml#lemma_7260;;variants.xml#type_43131;lemma_7260;NOM;high;Die MHG-normalisierte Schreibung traegt im gesamten Korpus nur lemma_7260, und lemma_7260 fuehrt genau eine Wortart (NOM). Keine Kontextentscheidung noetig.;die brufen und werbent das ich ón lon beleib / volge nicht irer lere **fraw** schonist aller weibe / lone mir meiner jare und las mich in laid von dir geschehen
NEIC.tei.xml;NEIC_8104010_0;fraw;1;ANNOTATE;;ja;;NOM;;lexicon.xml#lemma_7260;;variants.xml#type_43131;lemma_7260;NOM;high;Die MHG-normalisierte Schreibung traegt im gesamten Korpus nur lemma_7260, und lemma_7260 fuehrt genau eine Wortart (NOM). Keine Kontextentscheidung noetig.;**fraw** dein werde gút / bekenne ich so manigfalt
NEIC.tei.xml;NEIC_8106070_0;fraw;7;ANNOTATE;;ja;;NOM;;lexicon.xml#lemma_7260;;variants.xml#type_43131;lemma_7260;NOM;high;Die MHG-normalisierte Schreibung traegt im gesamten Korpus nur lemma_7260, und lemma_7260 fuehrt genau eine Wortart (NOM). Keine Kontextentscheidung noetig.;so pistu gewaltig mein das ich dir hulde swere / **fraw** meine dein gewalt ist gegen mir zu strenge / kuniginne solich ungnad nicht verhenge
NEIC.tei.xml;NEIC_8403010_3;fraw;1;ANNOTATE;;ja;;NOM;;lexicon.xml#lemma_7260;;variants.xml#type_43131;lemma_7260;NOM;high;Die MHG-normalisierte Schreibung traegt im gesamten Korpus nur lemma_7260, und lemma_7260 fuehrt genau eine Wortart (NOM). Keine Kontextentscheidung noetig.;also verloß mein **fraw** irn umbgeriden / da sie den krumen rayen auff dem rayne trat
NEIC.tei.xml;NEIC_8903030_2;fraw;3;ANNOTATE;;ja;;NOM;;lexicon.xml#lemma_7260;;variants.xml#type_43131;lemma_7260;NOM;high;Die MHG-normalisierte Schreibung traegt im gesamten Korpus nur lemma_7260, und lemma_7260 fuehrt genau eine Wortart (NOM). Keine Kontextentscheidung noetig.;diese wege baide / fert mein **fraw** all durch das jar / gar on alle scham
NEIC.tei.xml;NEIC_9003020_5;fraw;2;ANNOTATE;;ja;;NOM;;lexicon.xml#lemma_7260;;variants.xml#type_43131;lemma_7260;NOM;high;Die MHG-normalisierte Schreibung traegt im gesamten Korpus nur lemma_7260, und lemma_7260 fuehrt genau eine Wortart (NOM). Keine Kontextentscheidung noetig.;wenn ich sundereicher sollt in rewen baden / so will sie mein **fraw** das ich jrn kinden singe newe gesangk / ja will ich mich jrs gewaltes mit verziehen weren
NEIC.tei.xml;NEIC_9005030_6;fraw;3;ANNOTATE;;ja;;NOM;;lexicon.xml#lemma_7260;;variants.xml#type_43131;lemma_7260;NOM;high;Die MHG-normalisierte Schreibung traegt im gesamten Korpus nur lemma_7260, und lemma_7260 fuehrt genau eine Wortart (NOM). Keine Kontextentscheidung noetig.;und ist noch thumber wenn bej siben jaren sie ein kindelein / mit so swacher fúre ward mir **fraw** nicht bekant / sie hat mich verlaitet uncz an das ende gar
NEIC.tei.xml;NEIC_9106080_2;fraw;8;ANNOTATE;;ja;;NOM;;lexicon.xml#lemma_7260;;variants.xml#type_43131;lemma_7260;NOM;high;Die MHG-normalisierte Schreibung traegt im gesamten Korpus nur lemma_7260, und lemma_7260 fuehrt genau eine Wortart (NOM). Keine Kontextentscheidung noetig.;so ist dein ere kranck / das die **fraw** hab undanck / in der herein vingerlein ein knecht den vinger kranck
NEIC.tei.xml;NEIC_9107040_7;fraw;4;ANNOTATE;;ja;;NOM;;lexicon.xml#lemma_7260;;variants.xml#type_43131;lemma_7260;NOM;high;Die MHG-normalisierte Schreibung traegt im gesamten Korpus nur lemma_7260, und lemma_7260 fuehrt genau eine Wortart (NOM). Keine Kontextentscheidung noetig.;dennoch hett sie es dem knecht wol fúr gut gegeben / ich wais wol warumb das die **fraw** lies / leicht was der knecht irer augen spiegelglas
NEIC.tei.xml;NEIC_9303130_1;fraw;13;ANNOTATE;;ja;;NOM;;lexicon.xml#lemma_7260;;variants.xml#type_43131;lemma_7260;NOM;high;Die MHG-normalisierte Schreibung traegt im gesamten Korpus nur lemma_7260, und lemma_7260 fuehrt genau eine Wortart (NOM). Keine Kontextentscheidung noetig.;mein glúck noch pas versuchen / ob **fraw** seld meins hailes wolt geruchen / mir hat aber ein gattelling genewet alten has
NEIC.tei.xml;NEIC_9308060_1;fraw;6;ANNOTATE;;ja;;NOM;;lexicon.xml#lemma_7260;;variants.xml#type_43131;lemma_7260;NOM;high;Die MHG-normalisierte Schreibung traegt im gesamten Korpus nur lemma_7260, und lemma_7260 fuehrt genau eine Wortart (NOM). Keine Kontextentscheidung noetig.;die ist so gut das ich mich ir in dem herczen wol frewen mag / liebe **fraw** mein / alle mein dinst der ist dein
NEIC.tei.xml;NEIC_9308130_2;fraw;13;ANNOTATE;;ja;;NOM;;lexicon.xml#lemma_7260;;variants.xml#type_43131;lemma_7260;NOM;high;Die MHG-normalisierte Schreibung traegt im gesamten Korpus nur lemma_7260, und lemma_7260 fuehrt genau eine Wortart (NOM). Keine Kontextentscheidung noetig.;dem muß sein gluck swinden / wil mein **fraw** irer ungnaden an mir nicht erwinden / so furcht ich vil sere meiner swere werd zu vil
NEIC.tei.xml;NEIC_9312090_3;fraw;9;ANNOTATE;;ja;;NOM;;lexicon.xml#lemma_7260;;variants.xml#type_43131;lemma_7260;NOM;high;Die MHG-normalisierte Schreibung traegt im gesamten Korpus nur lemma_7260, und lemma_7260 fuehrt genau eine Wortart (NOM). Keine Kontextentscheidung noetig.;da ist ein schappell auffgenétt / wenn er bej **fraw** meczen gett / so kewt er den ryemen der do hanget vast hinab
NEIC.tei.xml;NEIC_9513020_4;fraw;2;ANNOTATE;;ja;;NOM;;lexicon.xml#lemma_7260;;variants.xml#type_43131;lemma_7260;NOM;high;Die MHG-normalisierte Schreibung traegt im gesamten Korpus nur lemma_7260, und lemma_7260 fuehrt genau eine Wortart (NOM). Keine Kontextentscheidung noetig.;mich zimpt in meinem mut ich wolt ein zeisel sein / so trug mich mein **fraw** gemaidt / schön zu aller stunde
NEIC.tei.xml;NEIC_9602020_9;fraw;2;ANNOTATE;;ja;;NOM;;lexicon.xml#lemma_7260;;variants.xml#type_43131;lemma_7260;NOM;high;Die MHG-normalisierte Schreibung traegt im gesamten Korpus nur lemma_7260, und lemma_7260 fuehrt genau eine Wortart (NOM). Keine Kontextentscheidung noetig.;nyemant sol gein frawen sich veriahen / des ward ich wol innen mir ward mein **fraw** gram / der getrat ich einest also nahent
NEIC.tei.xml;NEIC_9604010_1;fraw;1;ANNOTATE;;ja;;NOM;;lexicon.xml#lemma_7260;;variants.xml#type_43131;lemma_7260;NOM;high;Die MHG-normalisierte Schreibung traegt im gesamten Korpus nur lemma_7260, und lemma_7260 fuehrt genau eine Wortart (NOM). Keine Kontextentscheidung noetig.;**fraw** zu allen dingen gehort masse / zúrnet so das euch der zorn nicht missezeme
NEIC.tei.xml;NEIC_9706040_1;fraw;4;ANNOTATE;;ja;;NOM;;lexicon.xml#lemma_7260;;variants.xml#type_43131;lemma_7260;NOM;high;Die MHG-normalisierte Schreibung traegt im gesamten Korpus nur lemma_7260, und lemma_7260 fuehrt genau eine Wortart (NOM). Keine Kontextentscheidung noetig.;zorniglichen irer handt / mein **fraw** auff meiner duld / seht das was im laid
NEIC.tei.xml;NEIC_9802030_3;fraw;3;ANNOTATE;;ja;;NOM;;lexicon.xml#lemma_7260;;variants.xml#type_43131;lemma_7260;NOM;high;Die MHG-normalisierte Schreibung traegt im gesamten Korpus nur lemma_7260, und lemma_7260 fuehrt genau eine Wortart (NOM). Keine Kontextentscheidung noetig.;wunders begat / ee das die **fraw** schelle / voellende sein gepot
NEIC.tei.xml;NEIC_10104130_0;fraw;13;ANNOTATE;;ja;;NOM;;lexicon.xml#lemma_7260;;variants.xml#type_43131;lemma_7260;NOM;high;Die MHG-normalisierte Schreibung traegt im gesamten Korpus nur lemma_7260, und lemma_7260 fuehrt genau eine Wortart (NOM). Keine Kontextentscheidung noetig.;die mir hewt und ymer ist fúr alle weib / **fraw** meins herczen kúniginne / du solt nymer man getrósten núr mein aynigen leib
NEIC.tei.xml;NEIC_10105120_6;fraw;12;ANNOTATE;;ja;;NOM;;lexicon.xml#lemma_7260;;variants.xml#type_43131;lemma_7260;NOM;high;Die MHG-normalisierte Schreibung traegt im gesamten Korpus nur lemma_7260, und lemma_7260 fuehrt genau eine Wortart (NOM). Keine Kontextentscheidung noetig.;die zwen tanczellere / die farent deinen eren nach **fraw** den versag / das sind nú die maisten mynne swere
NEIC.tei.xml;NEIC_10108080_7;fraw;8;ANNOTATE;;ja;;NOM;;lexicon.xml#lemma_7260;;variants.xml#type_43131;lemma_7260;NOM;high;Die MHG-normalisierte Schreibung traegt im gesamten Korpus nur lemma_7260, und lemma_7260 fuehrt genau eine Wortart (NOM). Keine Kontextentscheidung noetig.;er furchtet nyemant umb ein lins / mocht er mich zu schaden pringen **fraw** das tett er / lachet an
NEIC.tei.xml;NEIC_10111080_3;fraw;8;ANNOTATE;;ja;;NOM;;lexicon.xml#lemma_7260;;variants.xml#type_43131;lemma_7260;NOM;high;Die MHG-normalisierte Schreibung traegt im gesamten Korpus nur lemma_7260, und lemma_7260 fuehrt genau eine Wortart (NOM). Keine Kontextentscheidung noetig.;heuser gatteling drej / die stunden zu **fraw** man und wolten rúten gras / ubelher
NEIC.tei.xml;NEIC_10112070_4;fraw;7;ANNOTATE;;ja;;NOM;;lexicon.xml#lemma_7260;;variants.xml#type_43131;lemma_7260;NOM;high;Die MHG-normalisierte Schreibung traegt im gesamten Korpus nur lemma_7260, und lemma_7260 fuehrt genau eine Wortart (NOM). Keine Kontextentscheidung noetig.;tragenher und auch der rancz / zuhay wie laut **fraw** mecz schray / wa sein nu die weisen all das sie es untertretten
NEIC.tei.xml;NEIC_10306070_3;fraw;7;ANNOTATE;;ja;;NOM;;lexicon.xml#lemma_7260;;variants.xml#type_43131;lemma_7260;NOM;high;Die MHG-normalisierte Schreibung traegt im gesamten Korpus nur lemma_7260, und lemma_7260 fuehrt genau eine Wortart (NOM). Keine Kontextentscheidung noetig.;die da pflegen der gogelhait / zurnet nicht **fraw** gewt / wie schier ich das gepeute
NEIC.tei.xml;NEIC_10703010_1;fraw;1;ANNOTATE;;ja;;NOM;;lexicon.xml#lemma_7260;;variants.xml#type_43131;lemma_7260;NOM;high;Die MHG-normalisierte Schreibung traegt im gesamten Korpus nur lemma_7260, und lemma_7260 fuehrt genau eine Wortart (NOM). Keine Kontextentscheidung noetig.;liebe **fraw** bis gemant / das nie man ein weib
NEIC.tei.xml;NEIC_10805090_5;fraw;9;ANNOTATE;;ja;;NOM;;lexicon.xml#lemma_7260;;variants.xml#type_43131;lemma_7260;NOM;high;Die MHG-normalisierte Schreibung traegt im gesamten Korpus nur lemma_7260, und lemma_7260 fuehrt genau eine Wortart (NOM). Keine Kontextentscheidung noetig.;der ist mir iglicher lieber denn der / schier sprach er **fraw** secht aber dahere / also múte sie der gauch in seiner gumppenay
NEIC.tei.xml;NEIC_10903070_0;fraw;7;ANNOTATE;;ja;;NOM;;lexicon.xml#lemma_7260;;variants.xml#type_43131;lemma_7260;NOM;high;Die MHG-normalisierte Schreibung traegt im gesamten Korpus nur lemma_7260, und lemma_7260 fuehrt genau eine Wortart (NOM). Keine Kontextentscheidung noetig.;lon als ir gnad sein / **fraw** thu mir hillffe schein / vor meiner tage none
NEIC.tei.xml;NEIC_10904020_0;fraw;2;ANNOTATE;;ja;;NOM;;lexicon.xml#lemma_7260;;variants.xml#type_43131;lemma_7260;NOM;high;Die MHG-normalisierte Schreibung traegt im gesamten Korpus nur lemma_7260, und lemma_7260 fuehrt genau eine Wortart (NOM). Keine Kontextentscheidung noetig.;mein tag lauffen von der hóhe pis an die naige / **fraw** trost mich die weil ich auff der hohe stee / ob ich dir mit rechter stete herczetrew erczaig
NEIC.tei.xml;NEIC_11003010_2;fraw;1;ANNOTATE;;ja;;NOM;;lexicon.xml#lemma_7260;;variants.xml#type_43131;lemma_7260;NOM;high;Die MHG-normalisierte Schreibung traegt im gesamten Korpus nur lemma_7260, und lemma_7260 fuehrt genau eine Wortart (NOM). Keine Kontextentscheidung noetig.;ein gútige **fraw** wolgethan / die soll han iren man
NEIC.tei.xml;NEIC_11201080_3;fraw;8;ANNOTATE;;ja;;NOM;;lexicon.xml#lemma_7260;;variants.xml#type_43131;lemma_7260;NOM;high;Die MHG-normalisierte Schreibung traegt im gesamten Korpus nur lemma_7260, und lemma_7260 fuehrt genau eine Wortart (NOM). Keine Kontextentscheidung noetig.;das verklait ich es alles woll / wolt mich die **fraw** mein / schaiden von der seniglichen pein
NEIC.tei.xml;NEIC_11604060_6;fraw;6;ANNOTATE;;ja;;NOM;;lexicon.xml#lemma_7260;;variants.xml#type_43131;lemma_7260;NOM;high;Die MHG-normalisierte Schreibung traegt im gesamten Korpus nur lemma_7260, und lemma_7260 fuehrt genau eine Wortart (NOM). Keine Kontextentscheidung noetig.;gar mit weibes gut / und sunder wan ein vil selig **fraw** ubersait / das mich laider niemant kan erneren
NEIC.tei.xml;NEIC_11714130_0;fraw;13;ANNOTATE;;ja;;NOM;;lexicon.xml#lemma_7260;;variants.xml#type_43131;lemma_7260;NOM;high;Die MHG-normalisierte Schreibung traegt im gesamten Korpus nur lemma_7260, und lemma_7260 fuehrt genau eine Wortart (NOM). Keine Kontextentscheidung noetig.;die waren lautt / **fraw** sússel darff nicht warten / es ist auch gumppe da erslagen ir herczliebe trautt
NEIC.tei.xml;NEIC_11715140_2;fraw;14;ANNOTATE;;ja;;NOM;;lexicon.xml#lemma_7260;;variants.xml#type_43131;lemma_7260;NOM;high;Die MHG-normalisierte Schreibung traegt im gesamten Korpus nur lemma_7260, und lemma_7260 fuehrt genau eine Wortart (NOM). Keine Kontextentscheidung noetig.;sie ziegen amelreichen / er hett **fraw** sussen zu todt erslagen gumppen ir liebestrautt
NEIC.tei.xml;NEIC_12004010_7;fraw;1;ANNOTATE;;ja;;NOM;;lexicon.xml#lemma_7260;;variants.xml#type_43131;lemma_7260;NOM;high;Die MHG-normalisierte Schreibung traegt im gesamten Korpus nur lemma_7260, und lemma_7260 fuehrt genau eine Wortart (NOM). Keine Kontextentscheidung noetig.;ja ist sie meines herczen gar ein **fraw** / und gewaltig uber mich
NEIC.tei.xml;NEIC_12104110_2;fraw;11;ANNOTATE;;ja;;NOM;;lexicon.xml#lemma_7260;;variants.xml#type_43131;lemma_7260;NOM;high;Die MHG-normalisierte Schreibung traegt im gesamten Korpus nur lemma_7260, und lemma_7260 fuehrt genau eine Wortart (NOM). Keine Kontextentscheidung noetig.;seit ich im hinein engegen trat / und ich **fraw** kunigunden bat / das sie durch ir zucht zu mir und adelopten zasse
NEIC.tei.xml;NEIC_12204040_0;fraw;4;ANNOTATE;;ja;;NOM;;lexicon.xml#lemma_7260;;variants.xml#type_43131;lemma_7260;NOM;high;Die MHG-normalisierte Schreibung traegt im gesamten Korpus nur lemma_7260, und lemma_7260 fuehrt genau eine Wortart (NOM). Keine Kontextentscheidung noetig.;so wer ich zu der werlt ein selig man / **fraw** las dein zwingen sein / ich bin aigentlichen dein
NEIC.tei.xml;NEIC_12405110_6;fraw;11;ANNOTATE;;ja;;NOM;;lexicon.xml#lemma_7260;;variants.xml#type_43131;lemma_7260;NOM;high;Die MHG-normalisierte Schreibung traegt im gesamten Korpus nur lemma_7260, und lemma_7260 fuehrt genau eine Wortart (NOM). Keine Kontextentscheidung noetig.;bei der sunnen brait und lenger gar / dorauf so kumpt vil manig edel **fraw** / und pawrn diet ein ungefúge far
NEIC.tei.xml;NEIC_12406160_3;fraw;16;ANNOTATE;;ja;;NOM;;lexicon.xml#lemma_7260;;variants.xml#type_43131;lemma_7260;NOM;high;Die MHG-normalisierte Schreibung traegt im gesamten Korpus nur lemma_7260, und lemma_7260 fuehrt genau eine Wortart (NOM). Keine Kontextentscheidung noetig.;darunter get ein göttin / das ist mein **fraw** friderún / mich trieg der wan
NEIC.tei.xml;NEIC_12702070_3;fraw;7;ANNOTATE;;ja;;NOM;;lexicon.xml#lemma_7260;;variants.xml#type_43131;lemma_7260;NOM;high;Die MHG-normalisierte Schreibung traegt im gesamten Korpus nur lemma_7260, und lemma_7260 fuehrt genau eine Wortart (NOM). Keine Kontextentscheidung noetig.;gut ist im behalten / alten soltu **fraw** mit mir / schier mir in sendes herczen schawe
NEIC.tei.xml;NEIC_12703150_3;fraw;15;ANNOTATE;;ja;;NOM;;lexicon.xml#lemma_7260;;variants.xml#type_43131;lemma_7260;NOM;high;Die MHG-normalisierte Schreibung traegt im gesamten Korpus nur lemma_7260, und lemma_7260 fuehrt genau eine Wortart (NOM). Keine Kontextentscheidung noetig.;las mich sein / mit dir **fraw** / engelmair
NEIC.tei.xml;NEIC_12804010_1;fraw;1;ANNOTATE;;ja;;NOM;;lexicon.xml#lemma_7260;;variants.xml#type_43131;lemma_7260;NOM;high;Die MHG-normalisierte Schreibung traegt im gesamten Korpus nur lemma_7260, und lemma_7260 fuehrt genau eine Wortart (NOM). Keine Kontextentscheidung noetig.;**fraw** muter zúrnet nicht / ja mach ich im das peten gar zu lanck
NEIC.tei.xml;NEIC_12807070_4;fraw;7;ANNOTATE;;ja;;NOM;;lexicon.xml#lemma_7260;;variants.xml#type_43131;lemma_7260;NOM;high;Die MHG-normalisierte Schreibung traegt im gesamten Korpus nur lemma_7260, und lemma_7260 fuehrt genau eine Wortart (NOM). Keine Kontextentscheidung noetig.;wo ich an dem tancz gieng des nam mein mecze gam / sie sprach **fraw** tut sein nicht ir kumpt sein in grossen neid / mit der rede kund sie irs verpieten nye
NEIC.tei.xml;NEIC_13109010_6;fraw;1;ANNOTATE;;ja;;NOM;;lexicon.xml#lemma_7260;;variants.xml#type_43131;lemma_7260;NOM;high;Die MHG-normalisierte Schreibung traegt im gesamten Korpus nur lemma_7260, und lemma_7260 fuehrt genau eine Wortart (NOM). Keine Kontextentscheidung noetig.;ich bat der herberg die **fraw** was also bald / und sprach vil lieber gast ich han sein nicht gewalt
NEIC.tei.xml;NEIC_13112010_4;fraw;1;ANNOTATE;;ja;;NOM;;lexicon.xml#lemma_7260;;variants.xml#type_43131;lemma_7260;NOM;high;Die MHG-normalisierte Schreibung traegt im gesamten Korpus nur lemma_7260, und lemma_7260 fuehrt genau eine Wortart (NOM). Keine Kontextentscheidung noetig.;ich sprach **fraw** er mag zaim truncken sein / nain lieber gast er hat herhaim wol wein
NEIC.tei.xml;NEIC_13114010_4;fraw;1;ANNOTATE;;ja;;NOM;;lexicon.xml#lemma_7260;;variants.xml#type_43131;lemma_7260;NOM;high;Die MHG-normalisierte Schreibung traegt im gesamten Korpus nur lemma_7260, und lemma_7260 fuehrt genau eine Wortart (NOM). Keine Kontextentscheidung noetig.;ei liebe **fraw** und ist die treie also gut / ja sie ist vor aller moderei gar wolbehut
NEIC.tei.xml;NEIC_13116010_4;fraw;1;ANNOTATE;;ja;;NOM;;lexicon.xml#lemma_7260;;variants.xml#type_43131;lemma_7260;NOM;high;Die MHG-normalisierte Schreibung traegt im gesamten Korpus nur lemma_7260, und lemma_7260 fuehrt genau eine Wortart (NOM). Keine Kontextentscheidung noetig.;eia liebe **fraw** ist der wirt so ubel gar / er geb umb den tewfel nicht ein kleines har
NEIC.tei.xml;NEIC_13117040_6;fraw;4;ANNOTATE;;ja;;NOM;;lexicon.xml#lemma_7260;;variants.xml#type_43131;lemma_7260;NOM;high;Die MHG-normalisierte Schreibung traegt im gesamten Korpus nur lemma_7260, und lemma_7260 fuehrt genau eine Wortart (NOM). Keine Kontextentscheidung noetig.;er prauset in dem haus recht sam ein sturmwindt / so von dem weg must die **fraw** und ire kindt / er sah mich mördiglichen an vor vorchten ich erplindt
NEIC.tei.xml;NEIC_13124040_3;fraw;4;ANNOTATE;;ja;;NOM;;lexicon.xml#lemma_7260;;variants.xml#type_43131;lemma_7260;NOM;high;Die MHG-normalisierte Schreibung traegt im gesamten Korpus nur lemma_7260, und lemma_7260 fuehrt genau eine Wortart (NOM). Keine Kontextentscheidung noetig.;das ich ine furcht und sein unbeschaidenhait / hett mir die **fraw** von den nadeln nicht gesait / und von der troien mit dem bech es múst mir wesen laid ja laid
NLA.tei.xml;NLA_26540_5;vrowen;4;ANNOTATE;;ja;;NOM;;lexicon.xml#lemma_7260;;variants.xml#type_26001;lemma_7260;NOM;high;Die MHG-normalisierte Schreibung traegt im gesamten Korpus nur lemma_7260, und lemma_7260 fuehrt genau eine Wortart (NOM). Keine Kontextentscheidung noetig.;zwein vnd drizech fursten da zerhohgezit / da cierten sich engegene alle **vrowen** wider strit
NLA.tei.xml;NLA_32630_5;vrowen;3;ANNOTATE;;ja;;NOM;;lexicon.xml#lemma_7260;;variants.xml#type_26001;lemma_7260;NOM;high;Die MHG-normalisierte Schreibung traegt im gesamten Korpus nur lemma_7260, und lemma_7260 fuehrt genau eine Wortart (NOM). Keine Kontextentscheidung noetig.;swer ir minne gerte der muose ane wanch / driv spil an gewinnen der **vrowen** wol geborn / gebrast im an eime er het daz houbet verlorn
NLA.tei.xml;NLA_52630_5;vrowen;3;ANNOTATE;;ja;;NOM;;lexicon.xml#lemma_7260;;variants.xml#type_26001;lemma_7260;NOM;high;Die MHG-normalisierte Schreibung traegt im gesamten Korpus nur lemma_7260, und lemma_7260 fuehrt genau eine Wortart (NOM). Keine Kontextentscheidung noetig.;getorste si in han kvsset daz hete si ane haz / anders minneclichen er von der **vrowen** schiet / do taten die burgonden als in der bote geriet
NLA.tei.xml;NLA_53030_2;vrowen;3;ANNOTATE;;ja;;NOM;;lexicon.xml#lemma_7260;;variants.xml#type_26001;lemma_7260;NOM;high;Die MHG-normalisierte Schreibung traegt im gesamten Korpus nur lemma_7260, und lemma_7260 fuehrt genau eine Wortart (NOM). Keine Kontextentscheidung noetig.;herliche setele von roten golde gar / die die **vrowen** solden riten ze wormz an den rin / bezer phert gereite chvnde nimmer gesin
NLA.tei.xml;NLA_54140_7;vrowen;4;ANNOTATE;;ja;;NOM;;lexicon.xml#lemma_7260;;variants.xml#type_26001;lemma_7260;NOM;high;Die MHG-normalisierte Schreibung traegt im gesamten Korpus nur lemma_7260, und lemma_7260 fuehrt genau eine Wortart (NOM). Keine Kontextentscheidung noetig.;vor chriemhilde der schoenen zuo dem schifen dan / do huop man von den moern manige **vrowen** wolgetan
NLA.tei.xml;NLA_54630_2;vrowen;3;ANNOTATE;;ja;;NOM;;lexicon.xml#lemma_7260;;variants.xml#type_26001;lemma_7260;NOM;high;Die MHG-normalisierte Schreibung traegt im gesamten Korpus nur lemma_7260, und lemma_7260 fuehrt genau eine Wortart (NOM). Keine Kontextentscheidung noetig.;so minneclich enphahen gehorte man noch nie / so die **vrowen** beide der bruote taten kvnt / frou uote vnd ir tohter si chusten diche ir süezen mvnt
NLA.tei.xml;NLA_55010_1;vrowen;1;ANNOTATE;;ja;;NOM;;lexicon.xml#lemma_7260;;variants.xml#type_26001;lemma_7260;NOM;high;Die MHG-normalisierte Schreibung traegt im gesamten Korpus nur lemma_7260, und lemma_7260 fuehrt genau eine Wortart (NOM). Keine Kontextentscheidung noetig.;die **vrowen** spehen chvnden vnd minneclichen lip / die lobten durch ir schoene daz gvnthers wip
NLA.tei.xml;NLA_55530_4;vrowen;3;ANNOTATE;;ja;;NOM;;lexicon.xml#lemma_7260;;variants.xml#type_26001;lemma_7260;NOM;high;Die MHG-normalisierte Schreibung traegt im gesamten Korpus nur lemma_7260, und lemma_7260 fuehrt genau eine Wortart (NOM). Keine Kontextentscheidung noetig.;do giengen kvrzwilen vnder manich hoch gecelt / die riter zuo den **vrowen** vf hoher vroden wan / da vertriben si die stvnde biz man riten wolde dan
NLA.tei.xml;NLA_55640_7;vrowen;4;ANNOTATE;;ja;;NOM;;lexicon.xml#lemma_7260;;variants.xml#type_26001;lemma_7260;NOM;high;Die MHG-normalisierte Schreibung traegt im gesamten Korpus nur lemma_7260, und lemma_7260 fuehrt genau eine Wortart (NOM). Keine Kontextentscheidung noetig.;sich huoben gen der burge manich man vnd wip / mit ougen wart getruotet vil maniger schoenen **vrowen** lip
NLA.tei.xml;NLA_55740_3;vrowen;4;ANNOTATE;;ja;;NOM;;lexicon.xml#lemma_7260;;variants.xml#type_26001;lemma_7260;NOM;high;Die MHG-normalisierte Schreibung traegt im gesamten Korpus nur lemma_7260, und lemma_7260 fuehrt genau eine Wortart (NOM). Keine Kontextentscheidung noetig.;biz fur den palas da der kvnich nider stuont / da wart gedient **vrowen** so helde hoch gemuote tuont
NLA.tei.xml;NLA_57910_7;vrowen;1;ANNOTATE;;ja;;NOM;;lexicon.xml#lemma_7260;;variants.xml#type_26001;lemma_7260;NOM;high;Die MHG-normalisierte Schreibung traegt im gesamten Korpus nur lemma_7260, und lemma_7260 fuehrt genau eine Wortart (NOM). Keine Kontextentscheidung noetig.;er dahte er lege sanfter der schoenen **vrowen** bi / do was er des gedingen niht gar in herzen vri
NLA.tei.xml;NLA_58310_8;vrowen;1;ANNOTATE;;ja;;NOM;;lexicon.xml#lemma_7260;;variants.xml#type_26001;lemma_7260;NOM;high;Die MHG-normalisierte Schreibung traegt im gesamten Korpus nur lemma_7260, und lemma_7260 fuehrt genau eine Wortart (NOM). Keine Kontextentscheidung noetig.;ich sage iv niht mere wie er der **vrowen** pflach / nv hoeret disiv mere wie gvnther gelach
NLA.tei.xml;NLA_58520_8;vrowen;2;ANNOTATE;;ja;;NOM;;lexicon.xml#lemma_7260;;variants.xml#type_26001;lemma_7260;NOM;high;Die MHG-normalisierte Schreibung traegt im gesamten Korpus nur lemma_7260, und lemma_7260 fuehrt genau eine Wortart (NOM). Keine Kontextentscheidung noetig.;div lieht begvnde bergen des edelen kvniges hant / do gie der degen küene da er die **vrowen** vant / er leite sich ir nahen sin fröude div was groz
NLA.tei.xml;NLA_59030_4;vrowen;3;ANNOTATE;;ja;;NOM;;lexicon.xml#lemma_7260;;variants.xml#type_26001;lemma_7260;NOM;high;Die MHG-normalisierte Schreibung traegt im gesamten Korpus nur lemma_7260, und lemma_7260 fuehrt genau eine Wortart (NOM). Keine Kontextentscheidung noetig.;ob ivch gebvnden vindent sprach schoene meit / iwere kamerere von einer **vrowen** hant / do sprach der riter edele daz wurde iv vbel bewant
NLA.tei.xml;NLA_59220_7;vrowen;2;ANNOTATE;;ja;;NOM;;lexicon.xml#lemma_7260;;variants.xml#type_26001;lemma_7260;NOM;high;Die MHG-normalisierte Schreibung traegt im gesamten Korpus nur lemma_7260, und lemma_7260 fuehrt genau eine Wortart (NOM). Keine Kontextentscheidung noetig.;do loste si in balde vf si in verlie / wider an daz bette er zuo der **vrowen** gie / er leite sich so verre daz er ir schoene wat
NLA.tei.xml;NLA_60420_2;vrowen;2;ANNOTATE;;ja;;NOM;;lexicon.xml#lemma_7260;;variants.xml#type_26001;lemma_7260;NOM;high;Die MHG-normalisierte Schreibung traegt im gesamten Korpus nur lemma_7260, und lemma_7260 fuehrt genau eine Wortart (NOM). Keine Kontextentscheidung noetig.;an daz dv iht trovtest sprach der kvnich do / mine lieben **vrowen** anders bin vro / so tuo ir swaz dv wellest vnde nemest ir den lip
NLA.tei.xml;NLA_60630_2;vrowen;3;ANNOTATE;;ja;;NOM;;lexicon.xml#lemma_7260;;variants.xml#type_26001;lemma_7260;NOM;high;Die MHG-normalisierte Schreibung traegt im gesamten Korpus nur lemma_7260, und lemma_7260 fuehrt genau eine Wortart (NOM). Keine Kontextentscheidung noetig.;buhurt vnde schallen man allez verbot / da die **vrowen** solden gegen dem sale gan / do hiezen kamerere die lûte von den wegen stan
NLA.tei.xml;NLA_60720_1;vrowen;2;ANNOTATE;;ja;;NOM;;lexicon.xml#lemma_7260;;variants.xml#type_26001;lemma_7260;NOM;high;Die MHG-normalisierte Schreibung traegt im gesamten Korpus nur lemma_7260, und lemma_7260 fuehrt genau eine Wortart (NOM). Keine Kontextentscheidung noetig.;von rossen vnd von lûten gerumet wart der hof / der **vrowen** isliche fuorte ein bischof / do si vor dem kvnigen ze tische solden gan
NLA.tei.xml;NLA_63010_6;vrowen;1;ANNOTATE;;ja;;NOM;;lexicon.xml#lemma_7260;;variants.xml#type_26001;lemma_7260;NOM;high;Die MHG-normalisierte Schreibung traegt im gesamten Korpus nur lemma_7260, und lemma_7260 fuehrt genau eine Wortart (NOM). Keine Kontextentscheidung noetig.;wie rehte minnecliche er bi der **vrowen** lach / mit vrivntlicher liebe biz an den liehten tach
NLA.tei.xml;NLA_63040_6;vrowen;4;ANNOTATE;;ja;;NOM;;lexicon.xml#lemma_7260;;variants.xml#type_26001;lemma_7260;NOM;high;Die MHG-normalisierte Schreibung traegt im gesamten Korpus nur lemma_7260, und lemma_7260 fuehrt genau eine Wortart (NOM). Keine Kontextentscheidung noetig.;nv was der herre sifrit wider vz gegan / da er wol enphangen von einer **vrowen** wolgetan
NLA.tei.xml;NLA_64040_9;vrowen;4;ANNOTATE;;ja;;NOM;;lexicon.xml#lemma_7260;;variants.xml#type_26001;lemma_7260;NOM;high;Die MHG-normalisierte Schreibung traegt im gesamten Korpus nur lemma_7260, und lemma_7260 fuehrt genau eine Wortart (NOM). Keine Kontextentscheidung noetig.;got laziv iwer erbe immer selich sin / ia tuon ich ir ze rate mit der lieben **vrowen** min
NLA.tei.xml;NLA_64620_2;vrowen;2;ANNOTATE;;ja;;NOM;;lexicon.xml#lemma_7260;;variants.xml#type_26001;lemma_7260;NOM;high;Die MHG-normalisierte Schreibung traegt im gesamten Korpus nur lemma_7260, und lemma_7260 fuehrt genau eine Wortart (NOM). Keine Kontextentscheidung noetig.;vrlop si do namen beidiv riter vnde kneht / meide vnde **vrowen** daz was vil michel reht / gescheiden kvssende wurden si zehant
NLA.tei.xml;NLA_66130_3;vrowen;3;ANNOTATE;;ja;;NOM;;lexicon.xml#lemma_7260;;variants.xml#type_26001;lemma_7260;NOM;high;Die MHG-normalisierte Schreibung traegt im gesamten Korpus nur lemma_7260, und lemma_7260 fuehrt genau eine Wortart (NOM). Keine Kontextentscheidung noetig.;do nam den gewalt mit alle der edelen uoten kint / der so riken **vrowen** ob landen wol gezam / daz klageten genuoge do si der tot von in genam
NLA.tei.xml;NLA_68010_6;vrowen;1;ANNOTATE;;ja;;NOM;;lexicon.xml#lemma_7260;;variants.xml#type_26001;lemma_7260;NOM;high;Die MHG-normalisierte Schreibung traegt im gesamten Korpus nur lemma_7260, und lemma_7260 fuehrt genau eine Wortart (NOM). Keine Kontextentscheidung noetig.;prunhilt vnde uote vnd swaz man **vrowen** da vant / die enbvten ir dienst in sifrides lant
NLA.tei.xml;NLA_68030_2;vrowen;3;ANNOTATE;;ja;;NOM;;lexicon.xml#lemma_7260;;variants.xml#type_26001;lemma_7260;NOM;high;Die MHG-normalisierte Schreibung traegt im gesamten Korpus nur lemma_7260, und lemma_7260 fuehrt genau eine Wortart (NOM). Keine Kontextentscheidung noetig.;die enbvten ir dienst in sifrides lant / den minneclichen **vrowen** vnd manigem küenen man / mit des kvniges rate die boten huoben sich dan
NLA.tei.xml;NLA_70920_2;vrowen;2;ANNOTATE;;ja;;NOM;;lexicon.xml#lemma_7260;;variants.xml#type_26001;lemma_7260;NOM;high;Die MHG-normalisierte Schreibung traegt im gesamten Korpus nur lemma_7260, und lemma_7260 fuehrt genau eine Wortart (NOM). Keine Kontextentscheidung noetig.;die setel zuo den schilden bereiten man began / rittern vnd **vrowen** die mit im solden dan / den gap man swaz si wolden daz in niht gebrast
NLA.tei.xml;NLA_72810_4;vrowen;1;ANNOTATE;;ja;;NOM;;lexicon.xml#lemma_7260;;variants.xml#type_26001;lemma_7260;NOM;high;Die MHG-normalisierte Schreibung traegt im gesamten Korpus nur lemma_7260, und lemma_7260 fuehrt genau eine Wortart (NOM). Keine Kontextentscheidung noetig.;ir meide vnd ir **vrowen** hiez si sacehant / suochen guotiv kleider div besten div man vant
NLA.tei.xml;NLA_73520_6;vrowen;2;ANNOTATE;;ja;;NOM;;lexicon.xml#lemma_7260;;variants.xml#type_26001;lemma_7260;NOM;high;Die MHG-normalisierte Schreibung traegt im gesamten Korpus nur lemma_7260, und lemma_7260 fuehrt genau eine Wortart (NOM). Keine Kontextentscheidung noetig.;nv naheten zuo an ander der zweier kvnige wip / da wart vil setel lere maniger **vrowen** lip / wart von helden handen erhaben vf daz gras
NLA.tei.xml;NLA_73730_4;vrowen;3;ANNOTATE;;ja;;NOM;;lexicon.xml#lemma_7260;;variants.xml#type_26001;lemma_7260;NOM;high;Die MHG-normalisierte Schreibung traegt im gesamten Korpus nur lemma_7260, und lemma_7260 fuehrt genau eine Wortart (NOM). Keine Kontextentscheidung noetig.;in zvhten groz nigen des man vil da vant / vnd kvssen minneclichen von **vrowen** wolgetan / daz was liep ze sehenne gvnther vnd sifride man
NLA.tei.xml;NLA_74130_5;vrowen;3;ANNOTATE;;ja;;NOM;;lexicon.xml#lemma_7260;;variants.xml#type_26001;lemma_7260;NOM;high;Die MHG-normalisierte Schreibung traegt im gesamten Korpus nur lemma_7260, und lemma_7260 fuehrt genau eine Wortart (NOM). Keine Kontextentscheidung noetig.;manigen phelle spehe guot vnd wol gesniten / sach man vber setele den **vrowen** wolgetan / allenthalben hangen do komen gvnthers man
NLA.tei.xml;NLA_74820_0;vrowen;2;ANNOTATE;;ja;;NOM;;lexicon.xml#lemma_7260;;variants.xml#type_26001;lemma_7260;NOM;high;Die MHG-normalisierte Schreibung traegt im gesamten Korpus nur lemma_7260, und lemma_7260 fuehrt genau eine Wortart (NOM). Keine Kontextentscheidung noetig.;so man ce hochciten lange hat gepflegen / **vrowen** vnde meide hiez man schoene legen / swannen si dar komen der wirt in willen truoc
NLA.tei.xml;NLA_75430_6;vrowen;3;ANNOTATE;;ja;;NOM;;lexicon.xml#lemma_7260;;variants.xml#type_26001;lemma_7260;NOM;high;Die MHG-normalisierte Schreibung traegt im gesamten Korpus nur lemma_7260, und lemma_7260 fuehrt genau eine Wortart (NOM). Keine Kontextentscheidung noetig.;man horte da zem tuome manigem gloken klanch / do komen in die moere die **vrowen** riten dan / den edelen kvniginnen volgete manich küene man
NLA.tei.xml;NLA_77240_5;vrowen;4;ANNOTATE;;ja;;NOM;;lexicon.xml#lemma_7260;;variants.xml#type_26001;lemma_7260;NOM;high;Die MHG-normalisierte Schreibung traegt im gesamten Korpus nur lemma_7260, und lemma_7260 fuehrt genau eine Wortart (NOM). Keine Kontextentscheidung noetig.;deheine kvniginne div krone her ie getruoch / do huop sich vnder den **vrowen** grozes nides genvch
NLA.tei.xml;NLA_77320_7;vrowen;2;ANNOTATE;;ja;;NOM;;lexicon.xml#lemma_7260;;variants.xml#type_26001;lemma_7260;NOM;high;Die MHG-normalisierte Schreibung traegt im gesamten Korpus nur lemma_7260, und lemma_7260 fuehrt genau eine Wortart (NOM). Keine Kontextentscheidung noetig.;do sprach aber prvnhilt wil dv niht eigen sin / so muost du dich scheiden mit den **vrowen** din / von minem ingesinde da wir ce munster gan
NLA.tei.xml;NLA_78810_3;vrowen;1;ANNOTATE;;ja;;NOM;;lexicon.xml#lemma_7260;;variants.xml#type_26001;lemma_7260;NOM;high;Die MHG-normalisierte Schreibung traegt im gesamten Korpus nur lemma_7260, und lemma_7260 fuehrt genau eine Wortart (NOM). Keine Kontextentscheidung noetig.;prunhilt vnd ir **vrowen** gie fur daz mvnster stan / si dahte mich muez kriemhilt mere hoeren lan
NLA.tei.xml;NLA_79140_1;vrowen;4;ANNOTATE;;ja;;NOM;;lexicon.xml#lemma_7260;;variants.xml#type_26001;lemma_7260;NOM;high;Die MHG-normalisierte Schreibung traegt im gesamten Korpus nur lemma_7260, und lemma_7260 fuehrt genau eine Wortart (NOM). Keine Kontextentscheidung noetig.;ich kvm ez an ein ende wer mirz hat genomen / die **vrowen** waren beide in groz vngemuote komen
NLA.tei.xml;NLA_80510_3;vrowen;1;ANNOTATE;;ja;;NOM;;lexicon.xml#lemma_7260;;variants.xml#type_26001;lemma_7260;NOM;high;Die MHG-normalisierte Schreibung traegt im gesamten Korpus nur lemma_7260, und lemma_7260 fuehrt genau eine Wortart (NOM). Keine Kontextentscheidung noetig.;man sol so **vrowen** ziehen sprach sifrit der degen / daz si vppech spruche lazen vnder wegen
NLA.tei.xml;NLA_80640_7;vrowen;4;ANNOTATE;;ja;;NOM;;lexicon.xml#lemma_7260;;variants.xml#type_26001;lemma_7260;NOM;high;Die MHG-normalisierte Schreibung traegt im gesamten Korpus nur lemma_7260, und lemma_7260 fuehrt genau eine Wortart (NOM). Keine Kontextentscheidung noetig.;daz ez erbarmen muose die gvnthers man / do kom von trony hagne zuo siner **vrowen** gegan
NLA.tei.xml;NLA_81030_7;vrowen;3;ANNOTATE;;ja;;NOM;;lexicon.xml#lemma_7260;;variants.xml#type_26001;lemma_7260;NOM;high;Die MHG-normalisierte Schreibung traegt im gesamten Korpus nur lemma_7260, und lemma_7260 fuehrt genau eine Wortart (NOM). Keine Kontextentscheidung noetig.;des habent luzel ere so guote degene / daz er sich hat gerüemet der lieben **vrowen** min / darvmbe wil ich sterben ez enge im an daz leben sin
NLA.tei.xml;NLA_92840_6;vrowen;4;ANNOTATE;;ja;;NOM;;lexicon.xml#lemma_7260;;variants.xml#type_26001;lemma_7260;NOM;high;Die MHG-normalisierte Schreibung traegt im gesamten Korpus nur lemma_7260, und lemma_7260 fuehrt genau eine Wortart (NOM). Keine Kontextentscheidung noetig.;wand er des todes ceichen in liehter vrawe truoch / sit wart er beweinet von schoenen **vrowen** genuoch
NLA.tei.xml;NLA_101640_0;vrowen;4;ANNOTATE;;ja;;NOM;;lexicon.xml#lemma_7260;;variants.xml#type_26001;lemma_7260;NOM;high;Die MHG-normalisierte Schreibung traegt im gesamten Korpus nur lemma_7260, und lemma_7260 fuehrt genau eine Wortart (NOM). Keine Kontextentscheidung noetig.;bi ir starken vienden was in daz leben leit / **vrowen** vnd meiden hiez man suochen div kleit
NLA.tei.xml;NLA_107530_5;vrowen;3;ANNOTATE;;ja;;NOM;;lexicon.xml#lemma_7260;;variants.xml#type_26001;lemma_7260;NOM;high;Die MHG-normalisierte Schreibung traegt im gesamten Korpus nur lemma_7260, und lemma_7260 fuehrt genau eine Wortart (NOM). Keine Kontextentscheidung noetig.;libes vnde guotes sold dv min voget sin / do sprach er zuo der **vrowen** daz sol sin getan / als wir komen widere wir haben ritens wan
NLA.tei.xml;NLA_107830_1;vrowen;3;ANNOTATE;;ja;;NOM;;lexicon.xml#lemma_7260;;variants.xml#type_26001;lemma_7260;NOM;high;Die MHG-normalisierte Schreibung traegt im gesamten Korpus nur lemma_7260, und lemma_7260 fuehrt genau eine Wortart (NOM). Keine Kontextentscheidung noetig.;kriemhilt ir grozen schaden klagen do began / mit **vrowen** vnd mit meiden in was harte leit / gerne wer ir gyselher aller triwen bereit
NLA.tei.xml;NLA_108440_4;vrowen;4;ANNOTATE;;ja;;NOM;;lexicon.xml#lemma_7260;;variants.xml#type_26001;lemma_7260;NOM;high;Die MHG-normalisierte Schreibung traegt im gesamten Korpus nur lemma_7260, und lemma_7260 fuehrt genau eine Wortart (NOM). Keine Kontextentscheidung noetig.;di hosten vnd die besten die kvnich ie gewan / so nemt die selben **vrowen** der starke sifrit was ir man
NLA.tei.xml;NLA_119710_7;vrowen;1;ANNOTATE;;ja;;NOM;;lexicon.xml#lemma_7260;;variants.xml#type_26001;lemma_7260;NOM;high;Die MHG-normalisierte Schreibung traegt im gesamten Korpus nur lemma_7260, und lemma_7260 fuehrt genau eine Wortart (NOM). Keine Kontextentscheidung noetig.;da von wart do geringet wol der **vrowen** muot / si sprach so swert mir eide swaz mir ieman getuot
NLA.tei.xml;NLA_122040_4;vrowen;4;ANNOTATE;;ja;;NOM;;lexicon.xml#lemma_7260;;variants.xml#type_26001;lemma_7260;NOM;high;Die MHG-normalisierte Schreibung traegt im gesamten Korpus nur lemma_7260, und lemma_7260 fuehrt genau eine Wortart (NOM). Keine Kontextentscheidung noetig.;hete die ir mage daz fuorten si von dan / vnd gecierde vil der **vrowen** daz si cer uerten solten han
NLA.tei.xml;NLA_123430_4;vrowen;3;ANNOTATE;;ja;;NOM;;lexicon.xml#lemma_7260;;variants.xml#type_26001;lemma_7260;NOM;high;Die MHG-normalisierte Schreibung traegt im gesamten Korpus nur lemma_7260, und lemma_7260 fuehrt genau eine Wortart (NOM). Keine Kontextentscheidung noetig.;von gemalt richen pfellen vil der schilte bereit / fuorte man bi der **vrowen** nahen vf den wegen / do kerte von ir dannen vil manich herlicher degen
NLA.tei.xml;NLA_124740_7;vrowen;4;ANNOTATE;;ja;;NOM;;lexicon.xml#lemma_7260;;variants.xml#type_26001;lemma_7260;NOM;high;Die MHG-normalisierte Schreibung traegt im gesamten Korpus nur lemma_7260, und lemma_7260 fuehrt genau eine Wortart (NOM). Keine Kontextentscheidung noetig.;von der reken hende mit riterlichen siten / da wart wol ze prise vor den **vrowen** geriten
NLA.tei.xml;NLA_128240_3;vrowen;4;ANNOTATE;;ja;;NOM;;lexicon.xml#lemma_7260;;variants.xml#type_26001;lemma_7260;NOM;high;Die MHG-normalisierte Schreibung traegt im gesamten Korpus nur lemma_7260, und lemma_7260 fuehrt genau eine Wortart (NOM). Keine Kontextentscheidung noetig.;wol vier vnd zweinzek fvrsten rich vnd her / daz si ir **vrowen** sahen da von gerten niht mer
NLA.tei.xml;NLA_128420_6;vrowen;2;ANNOTATE;;ja;;NOM;;lexicon.xml#lemma_7260;;variants.xml#type_26001;lemma_7260;NOM;high;Die MHG-normalisierte Schreibung traegt im gesamten Korpus nur lemma_7260, und lemma_7260 fuehrt genau eine Wortart (NOM). Keine Kontextentscheidung noetig.;horboge der snelle wol mit tvsent man / kerten von dem kvnige gein siner **vrowen** dan / vil lute wart geschallet nach des landes siten
NLA.tei.xml;NLA_131640_4;vrowen;4;ANNOTATE;;ja;;NOM;;lexicon.xml#lemma_7260;;variants.xml#type_26001;lemma_7260;NOM;high;Die MHG-normalisierte Schreibung traegt im gesamten Korpus nur lemma_7260, und lemma_7260 fuehrt genau eine Wortart (NOM). Keine Kontextentscheidung noetig.;mit wie getaner krefte si riten vber lant / hei waz man schoener **vrowen** in sime heimuote vant
NLA.tei.xml;NLA_146120_5;vrowen;2;ANNOTATE;;ja;;NOM;;lexicon.xml#lemma_7260;;variants.xml#type_26001;lemma_7260;NOM;high;Die MHG-normalisierte Schreibung traegt im gesamten Korpus nur lemma_7260, und lemma_7260 fuehrt genau eine Wortart (NOM). Keine Kontextentscheidung noetig.;do man die snellen reken sach zen rossen gan / do kos man vil der **vrowen** trurichlichen stan / daz ir vil langez scheiden seite in wol der muot
NLA.tei.xml;NLA_159310_4;vrowen;1;ANNOTATE;;ja;;NOM;;lexicon.xml#lemma_7260;;variants.xml#type_26001;lemma_7260;NOM;high;Die MHG-normalisierte Schreibung traegt im gesamten Korpus nur lemma_7260, und lemma_7260 fuehrt genau eine Wortart (NOM). Keine Kontextentscheidung noetig.;daz lobeten do die **vrowen** vnd waren sin bereit / si suohten vz den kisten div herlichen kleit
NLA.tei.xml;NLA_159510_7;vrowen;1;ANNOTATE;;ja;;NOM;;lexicon.xml#lemma_7260;;variants.xml#type_26001;lemma_7260;NOM;high;Die MHG-normalisierte Schreibung traegt im gesamten Korpus nur lemma_7260, und lemma_7260 fuehrt genau eine Wortart (NOM). Keine Kontextentscheidung noetig.;in solhen vn muozen svl wir die **vrowen** lan / hie wart vil michel gahen vber velt getan
NLA.tei.xml;NLA_160130_1;vrowen;3;ANNOTATE;;ja;;NOM;;lexicon.xml#lemma_7260;;variants.xml#type_26001;lemma_7260;NOM;high;Die MHG-normalisierte Schreibung traegt im gesamten Korpus nur lemma_7260, und lemma_7260 fuehrt genau eine Wortart (NOM). Keine Kontextentscheidung noetig.;mit ir schonen tohter do sach man bi ir stan / minnecliche **vrowen** vnd manich schoene meit / die truogen vil der bouge vnd herlichiv kleit
NLA.tei.xml;NLA_160930_4;vrowen;3;ANNOTATE;;ja;;NOM;;lexicon.xml#lemma_7260;;variants.xml#type_26001;lemma_7260;NOM;high;Die MHG-normalisierte Schreibung traegt im gesamten Korpus nur lemma_7260, und lemma_7260 fuehrt genau eine Wortart (NOM). Keine Kontextentscheidung noetig.;hin vnd her wider wart da uil gesehen / an meide vnd an **vrowen** der saz da genuoch / der edel videlere dem wirte holden willen truoch
NLA.tei.xml;NLA_166640_6;vrowen;4;ANNOTATE;;ja;;NOM;;lexicon.xml#lemma_7260;;variants.xml#type_26001;lemma_7260;NOM;high;Die MHG-normalisierte Schreibung traegt im gesamten Korpus nur lemma_7260, und lemma_7260 fuehrt genau eine Wortart (NOM). Keine Kontextentscheidung noetig.;den herren dietrichen vnd seine helde guot / daz si iv lazen wizen der **vrowen** krímhilt muot
NLA.tei.xml;NLA_170210_4;vrowen;1;ANNOTATE;;ja;;NOM;;lexicon.xml#lemma_7260;;variants.xml#type_26001;lemma_7260;NOM;high;Die MHG-normalisierte Schreibung traegt im gesamten Korpus nur lemma_7260, und lemma_7260 fuehrt genau eine Wortart (NOM). Keine Kontextentscheidung noetig.;si sprachen zuo der **vrowen** wie ist daz geschehen / wan wir ivch nivlich haben vro gesehen
NLA.tei.xml;NLA_173440_3;vrowen;4;ANNOTATE;;ja;;NOM;;lexicon.xml#lemma_7260;;variants.xml#type_26001;lemma_7260;NOM;high;Die MHG-normalisierte Schreibung traegt im gesamten Korpus nur lemma_7260, und lemma_7260 fuehrt genau eine Wortart (NOM). Keine Kontextentscheidung noetig.;in zwein vnd zweincik stvrmen han ich in gesehen / da vil maniger **vrowen** ist herzeleit von im geschehen
NLA.tei.xml;NLA_174340_3;vrowen;4;ANNOTATE;;ja;;NOM;;lexicon.xml#lemma_7260;;variants.xml#type_26001;lemma_7260;NOM;high;Die MHG-normalisierte Schreibung traegt im gesamten Korpus nur lemma_7260, und lemma_7260 fuehrt genau eine Wortart (NOM). Keine Kontextentscheidung noetig.;niwan in eime stvrme vntz an ir endes zit / daz muozen edele **vrowen** beweinen grozlichen sit
NLA.tei.xml;NLA_174830_3;vrowen;3;ANNOTATE;;ja;;NOM;;lexicon.xml#lemma_7260;;variants.xml#type_26001;lemma_7260;NOM;high;Die MHG-normalisierte Schreibung traegt im gesamten Korpus nur lemma_7260, und lemma_7260 fuehrt genau eine Wortart (NOM). Keine Kontextentscheidung noetig.;volker der vil küene vnd ouch hagne / mir vnd miner **vrowen** her in ditze lant / si hat iv boten manigen hinze rine gesant
NLA.tei.xml;NLA_175330_1;vrowen;3;ANNOTATE;;ja;;NOM;;lexicon.xml#lemma_7260;;variants.xml#type_26001;lemma_7260;NOM;high;Die MHG-normalisierte Schreibung traegt im gesamten Korpus nur lemma_7260, und lemma_7260 fuehrt genau eine Wortart (NOM). Keine Kontextentscheidung noetig.;ir mvget si sehen gerne ir triwe div ist guot / miner **vrowen** mage der eren kvnnen phlegen / si bringent iv zehvse manigen wetlichen degen
NLA.tei.xml;NLA_178040_5;vrowen;4;ANNOTATE;;ja;;NOM;;lexicon.xml#lemma_7260;;variants.xml#type_26001;lemma_7260;NOM;high;Die MHG-normalisierte Schreibung traegt im gesamten Korpus nur lemma_7260, und lemma_7260 fuehrt genau eine Wortart (NOM). Keine Kontextentscheidung noetig.;nv lat mich zuo den reken von dem hvse gan / ich wil vragen mere der **vrowen** kriemhilde man
NLA.tei.xml;NLA_180710_3;vrowen;1;ANNOTATE;;ja;;NOM;;lexicon.xml#lemma_7260;;variants.xml#type_26001;lemma_7260;NOM;high;Die MHG-normalisierte Schreibung traegt im gesamten Korpus nur lemma_7260, und lemma_7260 fuehrt genau eine Wortart (NOM). Keine Kontextentscheidung noetig.;kremhilt mit ir **vrowen** in div venster gesaz / zuo eceln dem richen liep waz im daz
NLA.tei.xml;NLA_182320_3;vrowen;2;ANNOTATE;;ja;;NOM;;lexicon.xml#lemma_7260;;variants.xml#type_26001;lemma_7260;NOM;high;Die MHG-normalisierte Schreibung traegt im gesamten Korpus nur lemma_7260, und lemma_7260 fuehrt genau eine Wortart (NOM). Keine Kontextentscheidung noetig.;do sprach aber volker wie moht ich daz verlon / iener trvt der **vrowen** muoz ein gepvoze han / ez chan niemen gescheiden ez gat im an den lip
NLA.tei.xml;NLA_182520_2;vrowen;2;ANNOTATE;;ja;;NOM;;lexicon.xml#lemma_7260;;variants.xml#type_26001;lemma_7260;NOM;high;Die MHG-normalisierte Schreibung traegt im gesamten Korpus nur lemma_7260, und lemma_7260 fuehrt genau eine Wortart (NOM). Keine Kontextentscheidung noetig.;ich wil den bvhvrt mern sprach do hagne / lat die **vrowen** schowen vnd die degne / wie wir kvnnen ritten daz ist guot getan
NLA.tei.xml;NLA_182620_4;vrowen;2;ANNOTATE;;ja;;NOM;;lexicon.xml#lemma_7260;;variants.xml#type_26001;lemma_7260;NOM;high;Die MHG-normalisierte Schreibung traegt im gesamten Korpus nur lemma_7260, und lemma_7260 fuehrt genau eine Wortart (NOM). Keine Kontextentscheidung noetig.;volker der vil snelle den bvhurt wider reit / daz wart sit maniger **vrowen** grozlichen leit / er stach dem richen hvnen daz sper dvrh den lip
NLA.tei.xml;NLA_201720_2;vrowen;2;ANNOTATE;;ja;;NOM;;lexicon.xml#lemma_7260;;variants.xml#type_26001;lemma_7260;NOM;high;Die MHG-normalisierte Schreibung traegt im gesamten Korpus nur lemma_7260, und lemma_7260 fuehrt genau eine Wortart (NOM). Keine Kontextentscheidung noetig.;der kvnich klagte sere sam tet ouch sin wip / meide vnd **vrowen** quelten da den lip / ich wene des daz hete der tot vf si gesworn
PRJ.tei.xml;PRJ_1981070_3;fraw;;ANNOTATE;;ja;;NOM;;lexicon.xml#lemma_7260;;variants.xml#type_43131;lemma_7260;NOM;high;Die MHG-normalisierte Schreibung traegt im gesamten Korpus nur lemma_7260, und lemma_7260 fuehrt genau eine Wortart (NOM). Keine Kontextentscheidung noetig.;violenta und beüget den richter darauff zuo urteiln es werd dann anders geweÿset / ein **fraw** hat lange zeit beÿ einem mann willigklichen gewont und sprech sÿ were nit mit irem
PSG.tei.xml;PSG_9007810_0;fraw;781;ANNOTATE;;ja;;NOM;;lexicon.xml#lemma_7260;;variants.xml#type_43131;lemma_7260;NOM;high;Die MHG-normalisierte Schreibung traegt im gesamten Korpus nur lemma_7260, und lemma_7260 fuehrt genau eine Wortart (NOM). Keine Kontextentscheidung noetig.;und wuchs ain fewr in meiner gir / **fraw** anna hie gewesen ist / alz in der chunig puch man list
PTS.tei.xml;PTS_1310860_3;fraw;86;ANNOTATE;;ja;;NOM;;lexicon.xml#lemma_7260;;variants.xml#type_43131;lemma_7260;NOM;high;Die MHG-normalisierte Schreibung traegt im gesamten Korpus nur lemma_7260, und lemma_7260 fuehrt genau eine Wortart (NOM). Keine Kontextentscheidung noetig.;wâr ewr rew mug gesein / dez horet **fraw** di rede mein / di werlt ellew niht gelaisten mack
PTS.tei.xml;PTS_1352330_0;frow;233;ANNOTATE;;ja;;NOM;;lexicon.xml#lemma_7260;;variants.xml#type_25985;lemma_7260;NOM;high;Die MHG-normalisierte Schreibung traegt im gesamten Korpus nur lemma_7260, und lemma_7260 fuehrt genau eine Wortart (NOM). Keine Kontextentscheidung noetig.;dâvon sprich ich mit urlobe / **frow** fides ir gebet guten rât / doch wundert mich daz ir westât
PTS.tei.xml;PTS_1414810_6;fraw;481;ANNOTATE;;ja;;NOM;;lexicon.xml#lemma_7260;;variants.xml#type_43131;lemma_7260;NOM;high;Die MHG-normalisierte Schreibung traegt im gesamten Korpus nur lemma_7260, und lemma_7260 fuehrt genau eine Wortart (NOM). Keine Kontextentscheidung noetig.;so pin ich laider iu cze chrank / doch tuon ich swaz mein **fraw** wil / ich hân potschefte vil
SGE.tei.xml;SGE_234_1;fraw;234;ANNOTATE;;ja;;NOM;;lexicon.xml#lemma_7260;;variants.xml#type_43131;lemma_7260;NOM;high;Die MHG-normalisierte Schreibung traegt im gesamten Korpus nur lemma_7260, und lemma_7260 fuehrt genau eine Wortart (NOM). Keine Kontextentscheidung noetig.;sant johannes minn alhie / die **fraw** da des nicht enlie / si gedorst darwider nicht sein
WGM.tei.xml;WGM_23830_4;fraw;2383;ANNOTATE;;ja;;NOM;;lexicon.xml#lemma_7260;;variants.xml#type_43131;lemma_7260;NOM;high;Die MHG-normalisierte Schreibung traegt im gesamten Korpus nur lemma_7260, und lemma_7260 fuehrt genau eine Wortart (NOM). Keine Kontextentscheidung noetig.;künig artus gütlichen gen jr tratt / er sprach **fraw** beleybent noch / nun habt jr ewr ere doch
WGM.tei.xml;WGM_28090_4;fraw;2809;ANNOTATE;;ja;;NOM;;lexicon.xml#lemma_7260;;variants.xml#type_43131;lemma_7260;NOM;high;Die MHG-normalisierte Schreibung traegt im gesamten Korpus nur lemma_7260, und lemma_7260 fuehrt genau eine Wortart (NOM). Keine Kontextentscheidung noetig.;antwurt jr gütleich / er sprach **fraw** gehabt euch wol / wan eüch zu hilff kumen sol
WGM.tei.xml;WGM_31060_4;fraw;3106;ANNOTATE;;ja;;NOM;;lexicon.xml#lemma_7260;;variants.xml#type_43131;lemma_7260;NOM;high;Die MHG-normalisierte Schreibung traegt im gesamten Korpus nur lemma_7260, und lemma_7260 fuehrt genau eine Wortart (NOM). Keine Kontextentscheidung noetig.;ain ritter der hieß selrogier / er sprach **fraw** es empeüt dir / seinen dinst künig artus mein herr
