folder,file,ext,kategorie,bytes,geaendert
(root),Ersetzungen.doc,.doc,text,40448,2014-02-27
(root),Gesammtabenteuer_Band1.pdf,.pdf,pdf,22058719,2017-10-10
(root),linecode Generator.dot,.dot,text,75264,2013-10-30
ERLEDIGT,20160119_WaltherHaupttext3_CodeDel.docx,.docx,text,125552,2016-01-19
ERLEDIGT,20160119_WaltherLeich_CodeDel.docx,.docx,text,18086,2016-01-19
ERLEDIGT,Albrecht von Eyb Eheb.doc,.doc,text,358400,2013-03-07
ERLEDIGT,Appolonius-cpg154.pdf,.pdf,pdf,85998962,2013-01-11
ERLEDIGT,ASL.txt,.txt,text,200411,2013-02-12
ERLEDIGT,Augsburger Sittenlehre.doc,.doc,text,425984,2013-03-08
ERLEDIGT,Brant Flugblatt Donnerstein.doc,.doc,text,126976,2013-09-28
ERLEDIGT,Christi Leiden.doc,.doc,text,99328,2013-03-12
ERLEDIGT,ChristiLeiden.docx,.docx,text,91540,2015-01-14
ERLEDIGT,Codierungsschema WvV.doc,.doc,text,23552,2004-11-03
ERLEDIGT,Das fließende Licht.docx,.docx,text,89169,2013-10-01
ERLEDIGT,Der Mantel.rtf,.rtf,text,504430,2014-08-04
ERLEDIGT,EB1.txt,.txt,text,16920,2013-03-13
ERLEDIGT,EB2.txt,.txt,text,11929,2013-03-13
ERLEDIGT,EHB.txt,.txt,text,274834,2013-03-10
ERLEDIGT,FAN.txt,.txt,text,14888,2013-03-13
ERLEDIGT,FLG.txt,.txt,text,133546,2013-11-15
ERLEDIGT,FLG1.doc,.doc,text,5111877,2013-12-20
ERLEDIGT,FR2.txt,.txt,text,22478,2013-01-16
ERLEDIGT,FR3.txt,.txt,text,522767,2013-01-16
ERLEDIGT,Frau Ava Juengstes Gericht.doc,.doc,text,39936,2013-02-20
ERLEDIGT,Frauenlob_Bd1.doc,.doc,text,548352,2013-01-11
ERLEDIGT,Frauenlob_Bd2-codiert.rtf,.rtf,text,2492607,2013-01-15
ERLEDIGT,Frauenlob_Bd2.rtf,.rtf,text,837035,2012-08-01
ERLEDIGT,GVV.txt,.txt,text,17109,2011-05-27
ERLEDIGT,HaesleinMHDBDB.doc,.doc,text,74752,2004-03-10
ERLEDIGT,Hans von Bühelv Dyocl.doc,.doc,text,1168384,2013-02-10
ERLEDIGT,Heinrich Münsinger.doc,.doc,text,54784,2006-12-29
ERLEDIGT,Helmaspergersche Notariatsinstrument.doc,.doc,text,47104,2006-12-31
ERLEDIGT,HNI.txt,.txt,text,10513,2013-02-10
ERLEDIGT,Hospitalregel Eichstätt.doc,.doc,text,72704,2007-01-02
ERLEDIGT,Hugo-von-Montfort_EdHofmeister.pdf,.pdf,pdf,1636900,2016-11-11
ERLEDIGT,HvMONTFORT.txt,.txt,text,173677,2010-03-12
ERLEDIGT,Lamprecht von R. Wiegand.doc,.doc,text,39936,2010-02-13
ERLEDIGT,Lamprecht von Regensbg.doc,.doc,text,53391,2010-03-05
ERLEDIGT,Lamprecht von Regensbg.pdf,.pdf,pdf,418395,2010-02-13
ERLEDIGT,LCH.txt,.txt,text,93295,2013-02-10
ERLEDIGT,Leiden Christi.doc,.doc,text,107520,2013-02-20
ERLEDIGT,LUU.txt,.txt,text,127517,2013-03-14
ERLEDIGT,Lyrik-Corpus Info.doc,.doc,text,40448,2013-10-29
ERLEDIGT,Lyrik-Corpus MHDBDB.doc,.doc,text,39936,2011-01-26
ERLEDIGT,mai und beaflor.rtf,.rtf,text,1437442,2006-05-17
ERLEDIGT,Meister Albrant Rossarzneibuch.doc,.doc,text,46080,2006-11-06
ERLEDIGT,MHM.txt,.txt,text,7186,2011-05-24
ERLEDIGT,Minnereden.doc,.doc,text,693248,2013-02-18
ERLEDIGT,Moench_geistliche_Lieder.doc,.doc,text,414720,2004-05-10
ERLEDIGT,Moench_weltliche_Lieder.doc,.doc,text,209408,2004-05-10
ERLEDIGT,MR1.txt,.txt,text,492984,2016-02-27
ERLEDIGT,MR2.doc,.doc,text,770048,2015-06-25
ERLEDIGT,MR2.txt,.txt,text,475707,2015-12-07
ERLEDIGT,MSG-Endfassg.doc,.doc,text,483328,2004-06-07
ERLEDIGT,MSP.txt,.txt,text,33753,2013-03-13
ERLEDIGT,MSW-Endfassg.dot,.dot,text,315392,2004-06-07
ERLEDIGT,MvS gL.doc,.doc,text,414720,2004-02-19
ERLEDIGT,MvS wL.doc,.doc,text,209408,2004-02-19
ERLEDIGT,MWE.txt,.txt,text,13289,2002-06-17
ERLEDIGT,MWE1.txt,.txt,text,13602,2002-06-27
ERLEDIGT,Mönch von Heilsbronn.txt,.txt,text,71978,2006-12-01
ERLEDIGT,NAR.txt,.txt,text,405679,2013-06-22
ERLEDIGT,Narrenschiff.doc,.doc,text,614400,2013-06-22
ERLEDIGT,neidhart-1.doc,.doc,text,736256,2009-02-04
ERLEDIGT,NLA.txt,.txt,text,546164,2015-07-16
ERLEDIGT,NST.txt,.txt,text,4093,2013-03-14
ERLEDIGT,OsvoWo.doc,.doc,text,1026560,2004-08-20
ERLEDIGT,Oswald von Wolkenstein.doc,.doc,text,706048,2004-05-10
ERLEDIGT,OVB.txt.bak,.bak,text,11785,2009-08-14
ERLEDIGT,OVW-1_08.doc,.doc,text,686592,2008-11-17
ERLEDIGT,OvW.doc,.doc,text,1032192,2008-07-21
ERLEDIGT,OvW.txt,.txt,text,266182,2004-08-11
ERLEDIGT,OvW.zip,.zip,archiv,221571,2004-09-15
ERLEDIGT,Probebestand Herzogenburg.doc,.doc,text,218624,2006-06-12
ERLEDIGT,PUC_korr_12_3_2013.txt,.txt,text,615521,2013-03-13
ERLEDIGT,REG.txt,.txt,text,1178,2013-03-13
ERLEDIGT,Reimchronik der Stadt Cöln.doc,.doc,text,9569792,2013-01-11
ERLEDIGT,Reinfrid von Braunschweig.pdf,.pdf,pdf,13101657,2013-02-05
ERLEDIGT,RVBR-backup.doc,.doc,text,2183680,2014-10-22
ERLEDIGT,RVBR-ohneLinecode.txt,.txt,text,804695,2015-11-24
ERLEDIGT,RVBR.txt,.txt,text,1357233,2014-10-23
ERLEDIGT,SBF.txt,.txt,text,2598,2013-09-27
ERLEDIGT,Sebastian Brant Narrenschiff.doc,.doc,text,615936,2013-02-20
ERLEDIGT,TANN.txt,.txt,text,22796,2013-01-18
ERLEDIGT,TUN.txt,.txt,text,97367,2013-06-03
ERLEDIGT,Tundalus.txt,.txt,text,74075,2013-01-11
ERLEDIGT,Tutsch-kronik+Abriss--Metadaten.txt,.txt,text,2732,2012-09-01
ERLEDIGT,Tutsch-kronik-Metadaten.txt,.txt,text,896,2012-08-30
ERLEDIGT,Tutsch_kronik_txt_1.txt,.txt,text,417126,2012-08-21
ERLEDIGT,Tutsch_kronik_txt_3_Ueberschr.txt,.txt,text,17240,2012-08-27
ERLEDIGT,Ulrich v. Winterstetten.doc,.doc,text,22528,2005-03-31
ERLEDIGT,Vita_Caroli_dt_gesamt (1).txt,.txt,text,86222,2012-11-23
ERLEDIGT,Vita_Caroli_dt_gesamt.txt,.txt,text,86222,2012-11-22
ERLEDIGT,Vita_Caroli_dt_gesamt_linecode_mit_tags.txt,.txt,text,123749,2012-12-11
ERLEDIGT,Vita_Caroli_dt_gesamt_linecode_TEST.txt,.txt,text,123750,2012-12-06
ERLEDIGT,Vita_Caroli_dt_ohne_Ueberschriften.txt,.txt,text,85887,2012-11-22
ERLEDIGT,Vita_Caroli_dt_Ueberschriften.txt,.txt,text,378,2012-11-23
ERLEDIGT,Vita_Caroli_Metadata.txt,.txt,text,2200,2012-12-11
ERLEDIGT,Vita_Caroli_Namen.txt,.txt,text,4714,2012-12-11
ERLEDIGT,VTC_neu.txt,.txt,text,123171,2013-03-13
ERLEDIGT,VUA.txt,.txt,text,60938,2013-02-11
ERLEDIGT,W18WzSZz.htm.part,.part,text,29614,2009-03-20
ERLEDIGT,WaltherAnhangOhneCodes.rtf,.rtf,text,82468,2003-11-13
ERLEDIGT,WaltherHaupttext.txt,.txt,text,259259,2004-07-16
ERLEDIGT,WaltherHaupttext1.txt,.txt,text,259186,2004-07-30
ERLEDIGT,WaltherHaupttext2.txt,.txt,text,258513,2004-07-30
ERLEDIGT,WaltherHaupttext3.txt,.txt,text,258417,2004-08-09
ERLEDIGT,WaltherHaupttext3.zip,.zip,archiv,83050,2004-10-29
ERLEDIGT,WaltherHaupttext_cn.txt,.txt,text,14034,2004-06-21
ERLEDIGT,WaltherHaupttextOhneCodes.rtf,.rtf,text,422913,2004-05-06
ERLEDIGT,WaltherLeich.txt,.txt,text,9043,2003-11-18
ERLEDIGT,WVV-Code.doc,.doc,text,23040,2004-08-03
ERLEDIGT/Alte Texte,AC2 - Bibl.doc,.doc,text,27648,2009-12-14
ERLEDIGT/Alte Texte,AC2.doc,.doc,text,863728,2009-12-14
ERLEDIGT/Alte Texte,AC2.txt,.txt,text,85455,2009-12-18
ERLEDIGT/Alte Texte,AC3-new.txt,.txt,text,91589,2009-12-15
ERLEDIGT/Alte Texte,AC3.txt,.txt,text,91588,2009-12-15
ERLEDIGT/Alte Texte,Ackermann aus Böhmen.doc,.doc,text,88576,2009-11-04
ERLEDIGT/Alte Texte,ADP.doc,.doc,text,919040,2007-01-13
ERLEDIGT/Alte Texte,ADP.txt,.txt,text,721182,2007-01-19
ERLEDIGT/Alte Texte,AKKON.TXT,.txt,text,427444,2008-09-21
ERLEDIGT/Alte Texte,AUP.doc,.doc,text,80302,2010-12-23
ERLEDIGT/Alte Texte,AUP.txt,.txt,text,27152,2010-12-23
ERLEDIGT/Alte Texte,BAB - 0001.doc,.doc,text,7202,2009-12-29
ERLEDIGT/Alte Texte,BAB - 0002.doc,.doc,text,8343,2009-12-29
ERLEDIGT/Alte Texte,BAB - 0003.doc,.doc,text,8613,2009-12-29
ERLEDIGT/Alte Texte,BAB - 0004.doc,.doc,text,8539,2009-12-29
ERLEDIGT/Alte Texte,BAB - 0005.doc,.doc,text,9138,2009-12-29
ERLEDIGT/Alte Texte,BAB - 0006.doc,.doc,text,8663,2009-12-29
ERLEDIGT/Alte Texte,BAB - 0007.doc,.doc,text,13984,2009-12-29
ERLEDIGT/Alte Texte,BAB - 0008.doc,.doc,text,2940,2009-12-29
ERLEDIGT/Alte Texte,BAB.txt,.txt,text,13253,2010-01-03
ERLEDIGT/Alte Texte,Backup of ADP.wbk,.wbk,text,721184,2007-01-18
ERLEDIGT/Alte Texte,Backup of APO.wbk,.wbk,text,103689,2007-10-12
ERLEDIGT/Alte Texte,Backup of Apollonius.wbk,.wbk,text,263680,2006-12-29
ERLEDIGT/Alte Texte,Backup of Buch von Troja.wbk,.wbk,text,93673,2006-12-01
ERLEDIGT/Alte Texte,Backup of Johannes Rothe Ritterspiegel.wbk,.wbk,text,327168,2006-12-31
ERLEDIGT/Alte Texte,Backup of Predigten1.wbk,.wbk,text,609851,2006-11-15
ERLEDIGT/Alte Texte,Backup of RSP.wbk,.wbk,text,132312,2007-01-12
ERLEDIGT/Alte Texte,BAD - 0001.doc,.doc,text,7337,2009-12-29
ERLEDIGT/Alte Texte,BAD - 0002.doc,.doc,text,9048,2009-12-29
ERLEDIGT/Alte Texte,BAD - 0003.doc,.doc,text,8646,2009-12-29
ERLEDIGT/Alte Texte,BAD - 0004.doc,.doc,text,9106,2009-12-29
ERLEDIGT/Alte Texte,BAD - 0005.doc,.doc,text,8514,2009-12-29
ERLEDIGT/Alte Texte,BAD - 0006.doc,.doc,text,2409,2009-12-29
ERLEDIGT/Alte Texte,BAD.txt,.txt,text,9104,2010-01-03
ERLEDIGT/Alte Texte,BAR_export.txt,.txt,text,470191,2016-03-18
ERLEDIGT/Alte Texte,Bruno von H2.ashx,.ashx,text,1162610,2009-03-20
ERLEDIGT/Alte Texte,Bruno von H3.ashx,.ashx,text,1136082,2009-03-20
ERLEDIGT/Alte Texte,Bruno von H4.ashx,.ashx,text,1130936,2009-03-20
ERLEDIGT/Alte Texte,Brunwart von O3.ashx,.ashx,text,1120384,2009-03-20
ERLEDIGT/Alte Texte,Brunwart von O4.ashx,.ashx,text,1130936,2009-03-20
ERLEDIGT/Alte Texte,BST.doc,.doc,text,28672,2011-06-08
ERLEDIGT/Alte Texte,BST.txt,.txt,text,3689,2011-06-13
ERLEDIGT/Alte Texte,Buochein0001.tif,.tif,scan,1136404,2009-03-20
ERLEDIGT/Alte Texte,Buochein0002.tif,.tif,scan,1113332,2009-03-20
ERLEDIGT/Alte Texte,Buochein0003.tif,.tif,scan,1131578,2009-03-20
ERLEDIGT/Alte Texte,cron-teil2-knapp-einsch.doc,.doc,text,27648,2010-09-30
ERLEDIGT/Alte Texte,Crone-TEIL-2.TEX,.tex,text,759831,2009-10-05
ERLEDIGT/Alte Texte,crone-teil1-Endfssg.tex,.tex,text,1292814,2009-10-05
ERLEDIGT/Alte Texte,Crone-test.txt,.txt,text,794,2006-12-03
ERLEDIGT/Alte Texte,Crone.txt,.txt,text,1443281,2010-09-30
ERLEDIGT/Alte Texte,crone1.txt,.txt,text,580461,2010-09-27
ERLEDIGT/Alte Texte,Crone2.txt,.txt,text,860689,2010-09-30
ERLEDIGT/Alte Texte,DAH_export.txt,.txt,text,43341,2016-03-18
ERLEDIGT/Alte Texte,DBW.doc,.doc,text,30720,2010-12-23
ERLEDIGT/Alte Texte,DBW.txt,.txt,text,7843,2011-01-23
ERLEDIGT/Alte Texte,DDL.doc,.doc,text,43008,2011-06-08
ERLEDIGT/Alte Texte,DDL.txt,.txt,text,12308,2011-06-13
ERLEDIGT/Alte Texte,DDM.doc,.doc,text,43756,2010-12-23
ERLEDIGT/Alte Texte,DDM.txt,.txt,text,20313,2011-02-23
ERLEDIGT/Alte Texte,DDS.txt,.txt,text,3253,2011-05-24
ERLEDIGT/Alte Texte,DFE.doc,.doc,text,25426,2010-12-23
ERLEDIGT/Alte Texte,DFE.txt,.txt,text,15039,2011-02-02
ERLEDIGT/Alte Texte,DFS.doc,.doc,text,21213,2010-12-23
ERLEDIGT/Alte Texte,DFS.txt,.txt,text,10690,2011-01-23
ERLEDIGT/Alte Texte,DFT.doc,.doc,text,168636,2010-12-23
ERLEDIGT/Alte Texte,DFT.txt,.txt,text,20219,2010-12-23
ERLEDIGT/Alte Texte,DGA.txt,.txt,text,2491,2011-05-24
ERLEDIGT/Alte Texte,DGM.doc,.doc,text,25088,2011-06-08
ERLEDIGT/Alte Texte,DGM.txt,.txt,text,2406,2011-06-13
ERLEDIGT/Alte Texte,DGS.doc,.doc,text,28672,2011-06-07
ERLEDIGT/Alte Texte,DGS.docx,.docx,text,5244,2011-06-07
ERLEDIGT/Alte Texte,DGS.txt,.txt,text,2577,2011-06-13
ERLEDIGT/Alte Texte,DIS.doc,.doc,text,28955,2010-12-23
ERLEDIGT/Alte Texte,DIS.txt,.txt,text,22235,2011-01-23
ERLEDIGT/Alte Texte,DKN.doc,.doc,text,26624,2011-06-08
ERLEDIGT/Alte Texte,DKN.txt,.txt,text,3226,2011-06-13
ERLEDIGT/Alte Texte,DL1-Iinfo-txt.doc,.doc,text,22528,2007-03-25
ERLEDIGT/Alte Texte,DL1-Info.doc,.doc,text,25600,2007-05-18
ERLEDIGT/Alte Texte,DL1.txt,.txt,text,197106,2007-05-18
ERLEDIGT/Alte Texte,DLF.doc,.doc,text,59133,2010-12-23
ERLEDIGT/Alte Texte,DLF.txt,.txt,text,28923,2011-02-02
ERLEDIGT/Alte Texte,DMN.doc,.doc,text,97075,2010-12-23
ERLEDIGT/Alte Texte,DMN.txt,.txt,text,26952,2011-02-23
ERLEDIGT/Alte Texte,DNT.txt,.txt,text,30773,2011-02-22
ERLEDIGT/Alte Texte,DRE.doc,.doc,text,43422,2010-12-23
ERLEDIGT/Alte Texte,DRE.txt,.txt,text,26546,2011-02-02
ERLEDIGT/Alte Texte,DSU.doc,.doc,text,30208,2011-06-08
ERLEDIGT/Alte Texte,DSU.txt,.txt,text,4650,2011-06-13
ERLEDIGT/Alte Texte,DSW.doc,.doc,text,31232,2011-06-08
ERLEDIGT/Alte Texte,DSW.txt,.txt,text,6220,2011-06-13
ERLEDIGT/Alte Texte,DUE.txt,.txt,text,2368,2011-05-24
ERLEDIGT/Alte Texte,DUM.doc,.doc,text,67132,2010-12-23
ERLEDIGT/Alte Texte,DUM.txt,.txt,text,38735,2011-02-02
ERLEDIGT/Alte Texte,DUR.txt,.txt,text,10166,2011-05-24
ERLEDIGT/Alte Texte,DWA.txt,.txt,text,31609,2011-05-24
ERLEDIGT/Alte Texte,DZB.doc,.doc,text,28160,2011-06-08
ERLEDIGT/Alte Texte,DZB.txt,.txt,text,4289,2011-06-13
ERLEDIGT/Alte Texte,EBW.txt,.txt,text,5975,2011-06-13
ERLEDIGT/Alte Texte,ER_export.txt,.txt,text,278815,2016-03-18
ERLEDIGT/Alte Texte,FGP.doc,.doc,text,45883,2010-12-23
ERLEDIGT/Alte Texte,FGP.txt,.txt,text,17122,2011-01-24
ERLEDIGT/Alte Texte,FRAN1.doc,.doc,text,177664,2010-02-05
ERLEDIGT/Alte Texte,FRAN1.txt,.txt,text,90696,2010-02-05
ERLEDIGT/Alte Texte,FUE.doc,.doc,text,31232,2011-05-01
ERLEDIGT/Alte Texte,FUE.txt,.txt,text,3973,2011-06-13
ERLEDIGT/Alte Texte,FWE.docx,.docx,text,5520,2011-04-30
ERLEDIGT/Alte Texte,FWE.txt,.txt,text,3777,2011-06-13
ERLEDIGT/Alte Texte,GEG.txt,.txt,text,4372,2011-05-24
ERLEDIGT/Alte Texte,GEORGR.doc,.doc,text,440832,2011-05-06
ERLEDIGT/Alte Texte,GER_export.txt,.txt,text,203348,2016-03-18
ERLEDIGT/Alte Texte,GR_export.txt,.txt,text,109828,2016-03-18
ERLEDIGT/Alte Texte,GSL.doc,.doc,text,37286,2010-12-23
ERLEDIGT/Alte Texte,GSL.txt,.txt,text,14601,2011-02-22
ERLEDIGT/Alte Texte,GVN.txt,.txt,text,92310,2011-05-24
ERLEDIGT/Alte Texte,Hans Mair Buch von Troja.doc,.doc,text,170496,2010-02-02
ERLEDIGT/Alte Texte,HEI.doc,.doc,text,247341,2010-01-02
ERLEDIGT/Alte Texte,HEI.txt,.txt,text,93163,2010-01-03
ERLEDIGT/Alte Texte,HPF.doc,.doc,text,26624,2011-06-08
ERLEDIGT/Alte Texte,HPF.txt,.txt,text,3166,2011-06-13
ERLEDIGT/Alte Texte,HUG.txt,.txt,text,286266,2010-11-15
ERLEDIGT/Alte Texte,HUG1.txt,.txt,text,8222,2010-11-11
ERLEDIGT/Alte Texte,Hugo von MONTFORT.txt,.txt,text,181567,2010-10-15
ERLEDIGT/Alte Texte,IW_export.txt,.txt,text,231368,2016-03-18
ERLEDIGT/Alte Texte,Johannes Rothe Ritterspiegel.doc,.doc,text,173568,2007-01-12
ERLEDIGT/Alte Texte,JUD.doc,.doc,text,362835,2011-04-02
ERLEDIGT/Alte Texte,JUD.txt,.txt,text,93758,2011-04-03
ERLEDIGT/Alte Texte,Jüngstes Gericht-Frau Ava.doc,.doc,text,32256,2007-01-02
ERLEDIGT/Alte Texte,Konrad von Megenberg.txt,.txt,text,113767,2006-12-01
ERLEDIGT/Alte Texte,Krone-Brief.txt,.txt,text,4588,2001-06-29
ERLEDIGT/Alte Texte,Krone-fragm.txt,.txt,text,15872,2001-06-29
ERLEDIGT/Alte Texte,Krone1-1.txt,.txt,text,5064,2001-06-29
ERLEDIGT/Alte Texte,Krone1.txt,.txt,text,1198420,2006-11-15
ERLEDIGT/Alte Texte,Krone2-1.txt,.txt,text,5062,2001-06-29
ERLEDIGT/Alte Texte,Krone2.txt,.txt,text,780323,2001-11-05
ERLEDIGT/Alte Texte,KVM.doc,.doc,text,1668096,2010-10-15
ERLEDIGT/Alte Texte,KVM.txt,.txt,text,128154,2006-11-30
ERLEDIGT/Alte Texte,KVM1.doc,.doc,text,187392,2006-11-29
ERLEDIGT/Alte Texte,KVM1.txt,.txt,text,112930,2006-11-29
ERLEDIGT/Alte Texte,KVM2.txt,.txt,text,2168,2006-11-30
ERLEDIGT/Alte Texte,Kölner fechtbuch[1].doc,.doc,text,51712,2010-04-20
ERLEDIGT/Alte Texte,Kölner fechtbuch[1].txt,.txt,text,25500,2010-10-30
ERLEDIGT/Alte Texte,MaiundBeaflor-1.doc,.doc,text,1631842,2008-04-24
ERLEDIGT/Alte Texte,MaiundBeaflor-1.pdf,.pdf,pdf,683664,2008-04-24
ERLEDIGT/Alte Texte,MaiundBeaflor.txt,.txt,text,335439,2008-04-24
ERLEDIGT/Alte Texte,MLB.doc,.doc,text,186741,2010-12-23
ERLEDIGT/Alte Texte,MLB.txt,.txt,text,17968,2010-12-23
ERLEDIGT/Alte Texte,OSW1.doc.docx,.docx,text,135803,2011-03-25
ERLEDIGT/Alte Texte,OSW1.doc.txt,.txt,text,189948,2011-04-14
ERLEDIGT/Alte Texte,OVG.txt,.txt,text,4558795,2008-10-10
ERLEDIGT/Alte Texte,OVG8 insert.txt,.txt,text,4440,2008-09-24
ERLEDIGT/Alte Texte,OvW Digital[1].doc,.doc,text,114176,2010-10-14
ERLEDIGT/Alte Texte,PIK.doc,.doc,text,30208,2011-06-08
ERLEDIGT/Alte Texte,PIK.txt,.txt,text,5539,2011-06-13
ERLEDIGT/Alte Texte,PMS.doc,.doc,text,39424,2011-06-08
ERLEDIGT/Alte Texte,PMS.txt,.txt,text,10235,2011-06-13
ERLEDIGT/Alte Texte,PUT.txt,.txt,text,23956,2010-01-07
ERLEDIGT/Alte Texte,RBE.txt,.txt,text,20812,2010-01-10
ERLEDIGT/Alte Texte,RBE1.txt,.txt,text,13939,2010-01-08
ERLEDIGT/Alte Texte,RDL.doc,.doc,text,61610,2010-12-23
ERLEDIGT/Alte Texte,RDL.txt,.txt,text,26603,2011-04-13
ERLEDIGT/Alte Texte,RDL1.doc.docx,.docx,text,31455,2011-04-13
ERLEDIGT/Alte Texte,RF1.txt,.txt,text,67554,2011-09-15
ERLEDIGT/Alte Texte,RUZ.doc,.doc,text,38241,2010-12-23
ERLEDIGT/Alte Texte,RUZ.txt,.txt,text,20207,2011-02-23
ERLEDIGT/Alte Texte,SBV.doc,.doc,text,54541,2011-06-13
ERLEDIGT/Alte Texte,SBV.txt,.txt,text,3736,2011-06-13
ERLEDIGT/Alte Texte,SFL.doc,.doc,text,418816,2010-03-03
ERLEDIGT/Alte Texte,SFL.txt,.txt,text,249850,2010-03-03
ERLEDIGT/Alte Texte,SFL.txt.doc,.doc,text,500224,2010-03-03
ERLEDIGT/Alte Texte,SFL0.txt,.txt,text,147840,2010-02-19
ERLEDIGT/Alte Texte,SFL1.txt,.txt,text,247148,2010-02-19
ERLEDIGT/Alte Texte,SKS1.doc,.doc,text,8076,2011-06-09
ERLEDIGT/Alte Texte,SKS10.doc,.doc,text,62081,2011-06-08
ERLEDIGT/Alte Texte,SKS11.doc,.doc,text,9242,2011-06-08
ERLEDIGT/Alte Texte,SKS12.doc,.doc,text,26273,2011-06-08
ERLEDIGT/Alte Texte,SKS13.doc,.doc,text,32852,2011-06-08
ERLEDIGT/Alte Texte,SKS14.doc,.doc,text,37099,2011-06-08
ERLEDIGT/Alte Texte,SKS3.doc.docx,.docx,text,5889,2011-04-30
ERLEDIGT/Alte Texte,SKS5.doc,.doc,text,28601,2011-06-08
ERLEDIGT/Alte Texte,SKS6.doc,.doc,text,17112,2011-06-08
ERLEDIGT/Alte Texte,SKS7.doc,.doc,text,21463,2011-06-08
ERLEDIGT/Alte Texte,SKS8.doc,.doc,text,18042,2011-06-08
ERLEDIGT/Alte Texte,ST-I1.doc,.doc,text,273786,2009-06-10
ERLEDIGT/Alte Texte,ST2.doc,.doc,text,7335470,2009-06-23
ERLEDIGT/Alte Texte,ST3.doc,.doc,text,655604,2009-06-29
ERLEDIGT/Alte Texte,ST4.doc,.doc,text,1574423,2009-07-07
ERLEDIGT/Alte Texte,ST5.doc,.doc,text,3037153,2009-07-12
ERLEDIGT/Alte Texte,Stricker-I1.doc,.doc,text,96944,2009-06-10
ERLEDIGT/Alte Texte,SVP.txt,.txt,text,34290,2010-01-29
ERLEDIGT/Alte Texte,SVP1.txt,.txt,text,21998,2010-01-29
ERLEDIGT/Alte Texte,Syon1.png,.png,scan,68819,2010-03-25
ERLEDIGT/Alte Texte,VOR.doc,.doc,text,23040,2011-06-09
ERLEDIGT/Alte Texte,VOR.txt,.txt,text,941,2011-06-09
ERLEDIGT/Alte Texte,WAF.doc,.doc,text,73431,2011-06-08
ERLEDIGT/Alte Texte,WAF.txt,.txt,text,5229,2011-06-13
ERLEDIGT/Alte Texte,ZWB.docx,.docx,text,5793,2011-05-09
ERLEDIGT/Alte Texte,ZWB.txt,.txt,text,4884,2011-06-13
ERLEDIGT/Alte Texte,ZWR.doc,.doc,text,24064,2011-06-08
ERLEDIGT/Alte Texte,ZWR.txt,.txt,text,1249,2011-06-13
ERLEDIGT/Alte Texte/Carl von Kraus,Anhalte0002.ashx,.ashx,text,66721,2010-12-23
ERLEDIGT/Alte Texte/Carl von Kraus,BRH (1).txt,.txt,text,6081,2011-06-21
ERLEDIGT/Alte Texte/Carl von Kraus,BUH (1).txt,.txt,text,37202,2011-06-11
ERLEDIGT/Alte Texte/Carl von Kraus,BVL (1).txt,.txt,text,4463,2011-06-10
ERLEDIGT/Alte Texte/Carl von Kraus,BVO (1).txt,.txt,text,6073,2011-06-09
ERLEDIGT/Alte Texte/Carl von Kraus,CKI (1).txt,.txt,text,12197,2011-06-09
ERLEDIGT/Alte Texte/Carl von Kraus,DDS (1).txt,.txt,text,3354,2011-06-09
ERLEDIGT/Alte Texte/Carl von Kraus,DGA (1).txt,.txt,text,2576,2011-06-09
ERLEDIGT/Alte Texte/Carl von Kraus,DUE (1).txt,.txt,text,2468,2011-06-09
ERLEDIGT/Alte Texte/Carl von Kraus,DUR (1).txt,.txt,text,10501,2011-06-09
ERLEDIGT/Alte Texte/Carl von Kraus,DWA (1).txt,.txt,text,32374,2011-06-12
ERLEDIGT/Alte Texte/Carl von Kraus,FVL (1).txt,.txt,text,2871,2011-06-09
ERLEDIGT/Alte Texte/Carl von Kraus,GEG (1).txt,.txt,text,4520,2011-06-09
ERLEDIGT/Alte Texte/Carl von Kraus,GVE (1).txt,.txt,text,3630,2011-06-09
ERLEDIGT/Alte Texte/Carl von Kraus,GVN (1).txt,.txt,text,94881,2011-06-27
ERLEDIGT/Alte Texte/Carl von Kraus,GVS (1).txt,.txt,text,4856,2011-07-29
ERLEDIGT/Alte Texte/Carl von Kraus,GVV (1).txt,.txt,text,18350,2011-07-27
ERLEDIGT/Alte Texte/Carl von Kraus,GVV.txt,.txt,text,17534,2011-07-29
ERLEDIGT/Alte Texte/Carl von Kraus,HAW (1).txt,.txt,text,8874,2011-07-29
ERLEDIGT/Alte Texte/Carl von Kraus,HDM (1).txt,.txt,text,4176,2011-07-29
ERLEDIGT/Alte Texte/Carl von Kraus,HHP (1).txt,.txt,text,4338,2011-07-29
ERLEDIGT/Alte Texte/Carl von Kraus,HHW (1).txt,.txt,text,9227,2011-07-29
ERLEDIGT/Alte Texte/Carl von Kraus,HMU (1).txt,.txt,text,755,2011-07-29
ERLEDIGT/Alte Texte/Carl von Kraus,HSB (1).txt,.txt,text,2599,2011-07-29
ERLEDIGT/Alte Texte/Carl von Kraus,HVM(1).txt,.txt,text,7409,2011-07-30
ERLEDIGT/Alte Texte/Carl von Kraus,HVM.txt,.txt,text,7409,2011-07-30
ERLEDIGT/Alte Texte/Carl von Kraus,HVS (1).txt,.txt,text,21322,2011-07-29
ERLEDIGT/Alte Texte/Carl von Kraus,HVW (1).txt,.txt,text,6843,2011-07-29
ERLEDIGT/Alte Texte/Carl von Kraus,HWI (1).txt,.txt,text,3814,2011-07-29
ERLEDIGT/Alte Texte/Carl von Kraus,KAN (1).txt,.txt,text,66139,2011-07-28
ERLEDIGT/Alte Texte/Carl von Kraus,KCJ (1).txt,.txt,text,2157,2011-07-29
ERLEDIGT/Alte Texte/Carl von Kraus,KOL (1).txt,.txt,text,2270,2011-07-29
ERLEDIGT/Alte Texte/Carl von Kraus,KVH (1).txt,.txt,text,9718,2011-08-03
ERLEDIGT/Alte Texte/Carl von Kraus,KVL (1).txt,.txt,text,9322,2011-07-29
ERLEDIGT/Alte Texte/Carl von Kraus,LVS (1).txt,.txt,text,9187,2011-07-29
ERLEDIGT/Alte Texte/Carl von Kraus,MUN (1).txt,.txt,text,4120,2011-07-30
ERLEDIGT/Alte Texte/Carl von Kraus,MVH (1).txt,.txt,text,7608,2011-07-30
ERLEDIGT/Alte Texte/Carl von Kraus,NIU (1).txt,.txt,text,2827,2011-07-30
ERLEDIGT/Alte Texte/Carl von Kraus,NML (1).txt,.txt,text,75081,2011-07-30
ERLEDIGT/Alte Texte/Carl von Kraus,OBP (1).txt,.txt,text,6975,2011-07-30
ERLEDIGT/Alte Texte/Carl von Kraus,OVB (1).txt,.txt,text,18270,2011-07-30
ERLEDIGT/Alte Texte/Carl von Kraus,PUL (1).txt,.txt,text,7023,2011-07-30
ERLEDIGT/Alte Texte/Carl von Kraus,RDJ (1).txt,.txt,text,788,2011-07-30
ERLEDIGT/Alte Texte/Carl von Kraus,RDS (1).txt,.txt,text,6012,2011-07-30
ERLEDIGT/Alte Texte/Carl von Kraus,RDV (1).txt,.txt,text,5807,2011-07-30
ERLEDIGT/Alte Texte/Carl von Kraus,RUB (1).txt,.txt,text,38873,2011-07-30
ERLEDIGT/Alte Texte/Carl von Kraus,RUR (1).txt,.txt,text,566,2011-07-30
ERLEDIGT/Alte Texte/Carl von Kraus,RVB (1).txt,.txt,text,18160,2011-07-30
ERLEDIGT/Alte Texte/Carl von Kraus,RVR (1).txt,.txt,text,63785,2011-07-31
ERLEDIGT/Alte Texte/Carl von Kraus,scans 2 grave von anhalte0001.tif,.tif,scan,1147994,2010-12-23
ERLEDIGT/Alte Texte/Carl von Kraus,SJT (1).txt,.txt,text,9543,2011-07-31
ERLEDIGT/Alte Texte/Carl von Kraus,STA (1).txt,.txt,text,5771,2011-07-31
ERLEDIGT/Alte Texte/Carl von Kraus,SVE(1).txt,.txt,text,12216,2011-07-31
ERLEDIGT/Alte Texte/Carl von Kraus,SVL (1).txt,.txt,text,11370,2011-07-31
ERLEDIGT/Alte Texte/Carl von Kraus,TUS (1).txt,.txt,text,18344,2011-07-31
ERLEDIGT/Alte Texte/Carl von Kraus,UVL (1).txt,.txt,text,129635,2011-08-01
ERLEDIGT/Alte Texte/Carl von Kraus,UVW (1).txt,.txt,text,93640,2011-08-01
ERLEDIGT/Alte Texte/Carl von Kraus,UWL (1).txt,.txt,text,37895,2011-08-01
ERLEDIGT/Alte Texte/Carl von Kraus,VBU (1).txt,.txt,text,4808,2011-08-01
ERLEDIGT/Alte Texte/Carl von Kraus,VDK (1).txt,.txt,text,10988,2011-08-01
ERLEDIGT/Alte Texte/Carl von Kraus,VOB (1).txt,.txt,text,9990,2011-08-01
ERLEDIGT/Alte Texte/Carl von Kraus,VSA (1).txt,.txt,text,10054,2011-08-01
ERLEDIGT/Alte Texte/Carl von Kraus,VSB (1).txt,.txt,text,4112,2011-08-01
ERLEDIGT/Alte Texte/Carl von Kraus,VST (1).txt,.txt,text,3457,2011-08-01
ERLEDIGT/Alte Texte/Carl von Kraus,VSU (1).txt,.txt,text,3570,2011-08-01
ERLEDIGT/Alte Texte/Carl von Kraus,VWI (1).txt,.txt,text,4526,2011-08-01
ERLEDIGT/Alte Texte/Carl von Kraus,wilder alex0001.ashx,.ashx,text,56984,2010-12-23
ERLEDIGT/Alte Texte/Carl von Kraus,wilder alex0002.ashx,.ashx,text,167274,2010-12-23
ERLEDIGT/Alte Texte/Carl von Kraus,wilder alex0003.ashx,.ashx,text,84018,2010-12-23
ERLEDIGT/Alte Texte/Carl von Kraus,wilder alex0004.ashx,.ashx,text,71282,2010-12-23
ERLEDIGT/Alte Texte/Carl von Kraus,wilder alex0005.ashx,.ashx,text,79630,2010-12-23
ERLEDIGT/Alte Texte/Carl von Kraus,wilder alex0006.ashx,.ashx,text,79371,2010-12-23
ERLEDIGT/Alte Texte/Carl von Kraus,wilder alex0007.ashx,.ashx,text,59318,2010-12-23
ERLEDIGT/Alte Texte/Carl von Kraus,wilder alex0008.ashx,.ashx,text,124946,2010-12-23
ERLEDIGT/Alte Texte/Carl von Kraus,wilder alex0009.ashx,.ashx,text,1151930,2010-12-23
ERLEDIGT/Alte Texte/Carl von Kraus,wilder alex0010.ashx,.ashx,text,111530,2010-12-23
ERLEDIGT/Alte Texte/Carl von Kraus,wilder alex0012.ashx,.ashx,text,63368,2010-12-23
ERLEDIGT/Alte Texte/Carl von Kraus,wilder alex0013.ashx,.ashx,text,55144,2010-12-23
ERLEDIGT/Alte Texte/Carl von Kraus,wilder alex0014.ashx,.ashx,text,186590,2010-12-23
ERLEDIGT/Alte Texte/Carl von Kraus,wilder alex0015.ashx,.ashx,text,55066,2010-12-23
ERLEDIGT/Alte Texte/Carl von Kraus,wilder alex0016.ashx,.ashx,text,91731,2010-12-23
ERLEDIGT/Alte Texte/Carl von Kraus,wilder alex0017.ashx,.ashx,text,61325,2010-12-23
ERLEDIGT/Alte Texte/Carl von Kraus,wilder alex0018.ashx,.ashx,text,82652,2010-12-23
ERLEDIGT/Alte Texte/Carl von Kraus,wilder alex0019.ashx,.ashx,text,67871,2010-12-23
ERLEDIGT/Alte Texte/Carl von Kraus,WME (1).txt,.txt,text,18246,2011-08-01
ERLEDIGT/Alte Texte/Carl von Kraus,WVB (1).txt,.txt,text,7130,2011-08-01
ERLEDIGT/Alte Texte/Carl von Kraus,WVP (1).txt,.txt,text,14064,2011-08-01
ERLEDIGT/Alte Texte/CvKraus - Tanja/CvK Seitenbilder/01. Wilder Alex 1b19,scans 1 wilder alex0001.tif,.tif,scan,1162610,2008-07-22
ERLEDIGT/Alte Texte/CvKraus - Tanja/CvK Seitenbilder/01. Wilder Alex 1b19,scans 1 wilder alex0001.zip,.zip,archiv,56984,2008-07-22
ERLEDIGT/Alte Texte/CvKraus - Tanja/CvK Seitenbilder/01. Wilder Alex 1b19,scans 1 wilder alex0002.tif,.tif,scan,1141938,2008-07-22
ERLEDIGT/Alte Texte/CvKraus - Tanja/CvK Seitenbilder/01. Wilder Alex 1b19,scans 1 wilder alex0002.zip,.zip,archiv,167274,2008-07-22
ERLEDIGT/Alte Texte/CvKraus - Tanja/CvK Seitenbilder/01. Wilder Alex 1b19,scans 1 wilder alex0003.tif,.tif,scan,1157032,2008-07-22
ERLEDIGT/Alte Texte/CvKraus - Tanja/CvK Seitenbilder/01. Wilder Alex 1b19,scans 1 wilder alex0003.zip,.zip,archiv,84018,2008-07-22
ERLEDIGT/Alte Texte/CvKraus - Tanja/CvK Seitenbilder/01. Wilder Alex 1b19,scans 1 wilder alex0004.tif,.tif,scan,1130614,2008-07-22
ERLEDIGT/Alte Texte/CvKraus - Tanja/CvK Seitenbilder/01. Wilder Alex 1b19,scans 1 wilder alex0004.zip,.zip,archiv,71282,2008-07-22
ERLEDIGT/Alte Texte/CvKraus - Tanja/CvK Seitenbilder/01. Wilder Alex 1b19,scans 1 wilder alex0005.tif,.tif,scan,1120384,2008-07-22
ERLEDIGT/Alte Texte/CvKraus - Tanja/CvK Seitenbilder/01. Wilder Alex 1b19,scans 1 wilder alex0005.zip,.zip,archiv,79630,2008-07-22
ERLEDIGT/Alte Texte/CvKraus - Tanja/CvK Seitenbilder/01. Wilder Alex 1b19,scans 1 wilder alex0006.tif,.tif,scan,1146050,2008-07-22
ERLEDIGT/Alte Texte/CvKraus - Tanja/CvK Seitenbilder/01. Wilder Alex 1b19,scans 1 wilder alex0006.zip,.zip,archiv,79371,2008-07-22
ERLEDIGT/Alte Texte/CvKraus - Tanja/CvK Seitenbilder/01. Wilder Alex 1b19,scans 1 wilder alex0007.tif,.tif,scan,1129972,2008-07-22
ERLEDIGT/Alte Texte/CvKraus - Tanja/CvK Seitenbilder/01. Wilder Alex 1b19,scans 1 wilder alex0007.zip,.zip,archiv,59318,2008-07-22
ERLEDIGT/Alte Texte/CvKraus - Tanja/CvK Seitenbilder/01. Wilder Alex 1b19,scans 1 wilder alex0008.tif,.tif,scan,1130614,2008-07-22
ERLEDIGT/Alte Texte/CvKraus - Tanja/CvK Seitenbilder/01. Wilder Alex 1b19,scans 1 wilder alex0008.zip,.zip,archiv,124946,2008-07-22
ERLEDIGT/Alte Texte/CvKraus - Tanja/CvK Seitenbilder/01. Wilder Alex 1b19,scans 1 wilder alex0009.tif,.tif,scan,1151930,2008-07-22
ERLEDIGT/Alte Texte/CvKraus - Tanja/CvK Seitenbilder/01. Wilder Alex 1b19,scans 1 wilder alex0009.zip,.zip,archiv,72478,2008-07-22
ERLEDIGT/Alte Texte/CvKraus - Tanja/CvK Seitenbilder/01. Wilder Alex 1b19,scans 1 wilder alex0010.tif,.tif,scan,1184382,2008-07-22
ERLEDIGT/Alte Texte/CvKraus - Tanja/CvK Seitenbilder/01. Wilder Alex 1b19,scans 1 wilder alex0010.zip,.zip,archiv,111530,2008-07-22
ERLEDIGT/Alte Texte/CvKraus - Tanja/CvK Seitenbilder/01. Wilder Alex 1b19,scans 1 wilder alex0011.tif,.tif,scan,1152904,2008-07-22
ERLEDIGT/Alte Texte/CvKraus - Tanja/CvK Seitenbilder/01. Wilder Alex 1b19,scans 1 wilder alex0011.zip,.zip,archiv,64315,2008-07-22
ERLEDIGT/Alte Texte/CvKraus - Tanja/CvK Seitenbilder/01. Wilder Alex 1b19,scans 1 wilder alex0012.tif,.tif,scan,1162284,2008-07-22
ERLEDIGT/Alte Texte/CvKraus - Tanja/CvK Seitenbilder/01. Wilder Alex 1b19,scans 1 wilder alex0012.zip,.zip,archiv,63368,2008-07-22
ERLEDIGT/Alte Texte/CvKraus - Tanja/CvK Seitenbilder/01. Wilder Alex 1b19,scans 1 wilder alex0013.tif,.tif,scan,1130936,2008-07-22
ERLEDIGT/Alte Texte/CvKraus - Tanja/CvK Seitenbilder/01. Wilder Alex 1b19,scans 1 wilder alex0013.zip,.zip,archiv,55144,2008-07-22
ERLEDIGT/Alte Texte/CvKraus - Tanja/CvK Seitenbilder/01. Wilder Alex 1b19,scans 1 wilder alex0014.tif,.tif,scan,1146698,2008-07-22
ERLEDIGT/Alte Texte/CvKraus - Tanja/CvK Seitenbilder/01. Wilder Alex 1b19,scans 1 wilder alex0014.zip,.zip,archiv,186590,2008-07-22
ERLEDIGT/Alte Texte/CvKraus - Tanja/CvK Seitenbilder/01. Wilder Alex 1b19,scans 1 wilder alex0015.tif,.tif,scan,1136726,2008-07-22
ERLEDIGT/Alte Texte/CvKraus - Tanja/CvK Seitenbilder/01. Wilder Alex 1b19,scans 1 wilder alex0015.zip,.zip,archiv,55066,2008-07-22
ERLEDIGT/Alte Texte/CvKraus - Tanja/CvK Seitenbilder/01. Wilder Alex 1b19,scans 1 wilder alex0016.tif,.tif,scan,1179156,2008-07-22
ERLEDIGT/Alte Texte/CvKraus - Tanja/CvK Seitenbilder/01. Wilder Alex 1b19,scans 1 wilder alex0016.zip,.zip,archiv,91731,2008-07-22
ERLEDIGT/Alte Texte/CvKraus - Tanja/CvK Seitenbilder/01. Wilder Alex 1b19,scans 1 wilder alex0017.tif,.tif,scan,1158010,2008-07-22
ERLEDIGT/Alte Texte/CvKraus - Tanja/CvK Seitenbilder/01. Wilder Alex 1b19,scans 1 wilder alex0017.zip,.zip,archiv,61325,2008-07-22
ERLEDIGT/Alte Texte/CvKraus - Tanja/CvK Seitenbilder/01. Wilder Alex 1b19,scans 1 wilder alex0018.tif,.tif,scan,1141616,2008-07-22
ERLEDIGT/Alte Texte/CvKraus - Tanja/CvK Seitenbilder/01. Wilder Alex 1b19,scans 1 wilder alex0018.zip,.zip,archiv,82652,2008-07-22
ERLEDIGT/Alte Texte/CvKraus - Tanja/CvK Seitenbilder/01. Wilder Alex 1b19,scans 1 wilder alex0019.tif,.tif,scan,1190614,2008-07-22
ERLEDIGT/Alte Texte/CvKraus - Tanja/CvK Seitenbilder/01. Wilder Alex 1b19,scans 1 wilder alex0019.zip,.zip,archiv,67871,2008-07-22
ERLEDIGT/Alte Texte/CvKraus - Tanja/CvK Seitenbilder/02. Grave v Anhalte 20b21,scans 2 grave von anhalte0001.tif,.tif,scan,1147994,2008-07-22
ERLEDIGT/Alte Texte/CvKraus - Tanja/CvK Seitenbilder/02. Grave v Anhalte 20b21,scans 2 grave von anhalte0001.zip,.zip,archiv,213285,2008-07-22
ERLEDIGT/Alte Texte/CvKraus - Tanja/CvK Seitenbilder/02. Grave v Anhalte 20b21,scans 2 grave von anhalte0002.tif,.tif,scan,1162610,2008-07-22
ERLEDIGT/Alte Texte/CvKraus - Tanja/CvK Seitenbilder/02. Grave v Anhalte 20b21,scans 2 grave von anhalte0002.zip,.zip,archiv,66721,2008-07-22
ERLEDIGT/Alte Texte/CvKraus - Tanja/CvK Seitenbilder/03. Bruno von Hornberg 21b25,3. Bruno von Hornburg 22b250001.tif,.tif,scan,1125814,2008-07-24
ERLEDIGT/Alte Texte/CvKraus - Tanja/CvK Seitenbilder/03. Bruno von Hornberg 21b25,3. Bruno von Hornburg 22b250002.tif,.tif,scan,1162610,2008-07-24
ERLEDIGT/Alte Texte/CvKraus - Tanja/CvK Seitenbilder/03. Bruno von Hornberg 21b25,3. Bruno von Hornburg 22b250003.tif,.tif,scan,1136082,2008-07-24
ERLEDIGT/Alte Texte/CvKraus - Tanja/CvK Seitenbilder/03. Bruno von Hornberg 21b25,3. Bruno von Hornburg 22b250004.tif,.tif,scan,1130936,2008-07-24
ERLEDIGT/Alte Texte/CvKraus - Tanja/CvK Seitenbilder/04 Brunwart v O 26b29,4. Brunwart v O0001.tif,.tif,scan,1152904,2008-07-24
ERLEDIGT/Alte Texte/CvKraus - Tanja/CvK Seitenbilder/04 Brunwart v O 26b29,4. Brunwart v O0002.tif,.tif,scan,1126134,2008-07-24
ERLEDIGT/Alte Texte/CvKraus - Tanja/CvK Seitenbilder/04 Brunwart v O 26b29,4. Brunwart v O0003.tif,.tif,scan,1120384,2008-07-24
ERLEDIGT/Alte Texte/CvKraus - Tanja/CvK Seitenbilder/04 Brunwart v O 26b29,4. Brunwart v O0004.tif,.tif,scan,1130936,2008-07-24
ERLEDIGT/Alte Texte/CvKraus - Tanja/CvK Seitenbilder/05. von Buochein 27b32,Buochein0001.tif,.tif,scan,1136404,2008-07-29
ERLEDIGT/Alte Texte/CvKraus - Tanja/CvK Seitenbilder/05. von Buochein 27b32,Buochein0002.tif,.tif,scan,1113332,2008-07-29
ERLEDIGT/Alte Texte/CvKraus - Tanja/CvK Seitenbilder/05. von Buochein 27b32,Buochein0003.tif,.tif,scan,1131578,2008-07-29
ERLEDIGT/Alte Texte/CvKraus - Tanja/CvK Seitenbilder/06. Burkhart von Hohenvels 33b51,6. Burkhart v Hv0001.tif,.tif,scan,1087856,2009-02-10
ERLEDIGT/Alte Texte/CvKraus - Tanja/CvK Seitenbilder/06. Burkhart von Hohenvels 33b51,6. Burkhart v Hv0002.tif,.tif,scan,1087856,2009-02-10
ERLEDIGT/Alte Texte/CvKraus - Tanja/CvK Seitenbilder/06. Burkhart von Hohenvels 33b51,6. Burkhart v Hv0003.tif,.tif,scan,1139582,2009-02-10
ERLEDIGT/Alte Texte/CvKraus - Tanja/CvK Seitenbilder/06. Burkhart von Hohenvels 33b51,6. Burkhart v Hv0004.tif,.tif,scan,1161610,2009-02-10
ERLEDIGT/Alte Texte/CvKraus - Tanja/CvK Seitenbilder/06. Burkhart von Hohenvels 33b51,6. Burkhart v Hv0005.tif,.tif,scan,1182190,2009-02-10
ERLEDIGT/Alte Texte/CvKraus - Tanja/CvK Seitenbilder/06. Burkhart von Hohenvels 33b51,6. Burkhart v Hv0006.tif,.tif,scan,1098614,2009-02-10
ERLEDIGT/Alte Texte/CvKraus - Tanja/CvK Seitenbilder/06. Burkhart von Hohenvels 33b51,6. Burkhart v Hv0007.tif,.tif,scan,1220560,2009-02-10
ERLEDIGT/Alte Texte/CvKraus - Tanja/CvK Seitenbilder/06. Burkhart von Hohenvels 33b51,6. Burkhart v Hv0008.tif,.tif,scan,1215826,2009-02-10
ERLEDIGT/Alte Texte/CvKraus - Tanja/CvK Seitenbilder/06. Burkhart von Hohenvels 33b51,6. Burkhart v Hv0009.tif,.tif,scan,1150250,2009-02-10
ERLEDIGT/Alte Texte/CvKraus - Tanja/CvK Seitenbilder/06. Burkhart von Hohenvels 33b51,6. Burkhart v Hv0010.tif,.tif,scan,1097054,2009-02-10
ERLEDIGT/Alte Texte/CvKraus - Tanja/CvK Seitenbilder/06. Burkhart von Hohenvels 33b51,6. Burkhart v Hv0011.tif,.tif,scan,1108478,2009-02-10
ERLEDIGT/Alte Texte/CvKraus - Tanja/CvK Seitenbilder/06. Burkhart von Hohenvels 33b51,6. Burkhart v Hv0012.tif,.tif,scan,1113648,2009-02-10
ERLEDIGT/Alte Texte/CvKraus - Tanja/CvK Seitenbilder/06. Burkhart von Hohenvels 33b51,6. Burkhart v Hv0013.tif,.tif,scan,1258984,2009-02-10
ERLEDIGT/Alte Texte/CvKraus - Tanja/CvK Seitenbilder/06. Burkhart von Hohenvels 33b51,6. Burkhart v Hv0014.tif,.tif,scan,1124784,2009-02-10
ERLEDIGT/Alte Texte/CvKraus - Tanja/CvK Seitenbilder/06. Burkhart von Hohenvels 33b51,6. Burkhart v Hv0015.tif,.tif,scan,1096742,2009-02-10
ERLEDIGT/Alte Texte/CvKraus - Tanja/CvK Seitenbilder/06. Burkhart von Hohenvels 33b51,6. Burkhart v Hv0016.tif,.tif,scan,1139262,2009-02-10
ERLEDIGT/Alte Texte/CvKraus - Tanja/CvK Seitenbilder/06. Burkhart von Hohenvels 33b51,6. Burkhart v Hv0017.tif,.tif,scan,1139262,2009-02-10
ERLEDIGT/Alte Texte/CvKraus - Tanja/CvK Seitenbilder/06. Burkhart von Hohenvels 33b51,6. Burkhart v Hv0018.tif,.tif,scan,1253318,2009-02-10
ERLEDIGT/Alte Texte/CvKraus - Tanja/CvK Seitenbilder/06. Burkhart von Hohenvels 33b51,Burkhart v H0001.tif,.tif,scan,1125814,2008-07-24
ERLEDIGT/Alte Texte/CvKraus - Tanja/CvK Seitenbilder/06. Burkhart von Hohenvels 33b51,Burkhart v H0002.tif,.tif,scan,1162610,2008-07-24
ERLEDIGT/Alte Texte/CvKraus - Tanja/CvK Seitenbilder/06. Burkhart von Hohenvels 33b51,Burkhart v H0003.tif,.tif,scan,1136082,2008-07-24
ERLEDIGT/Alte Texte/CvKraus - Tanja/CvK Seitenbilder/06. Burkhart von Hohenvels 33b51,Burkhart v H0004.tif,.tif,scan,1130936,2008-07-24
ERLEDIGT/Alte Texte/CvKraus - Tanja/CvK Seitenbilder/07. Dietmar der Setzer 52u53,Dietmar der Setzer0001.tif,.tif,scan,492870,2009-02-13
ERLEDIGT/Alte Texte/CvKraus - Tanja/CvK Seitenbilder/07. Dietmar der Setzer 52u53,Dietmar der Setzer0003.tif,.tif,scan,282174,2009-02-13
ERLEDIGT/Alte Texte/CvKraus - Tanja/CvK Seitenbilder/08. Der Dürinc 54b58,8. Der Durinc 54b580001.tif,.tif,scan,267724,2009-02-13
ERLEDIGT/Alte Texte/CvKraus - Tanja/CvK Seitenbilder/08. Der Dürinc 54b58,8. Der Durinc 54b580003.tif,.tif,scan,304736,2009-02-13
ERLEDIGT/Alte Texte/CvKraus - Tanja/CvK Seitenbilder/08. Der Dürinc 54b58,8. Der Durinc 54b580004.tif,.tif,scan,313150,2009-02-13
ERLEDIGT/Alte Texte/CvKraus - Tanja/CvK Seitenbilder/08. Der Dürinc 54b58,8. Der Durinc 54b580005.tif,.tif,scan,295472,2009-02-13
ERLEDIGT/Alte Texte/CvKraus - Tanja/CvK Seitenbilder/08. Der Dürinc 54b58,8. Der Durinc 54b580006.tif,.tif,scan,281724,2009-02-13
ERLEDIGT/Alte Texte/CvKraus - Tanja/CvK Seitenbilder/09. Der Dürner 59u60,9. Der Dürner0001.tif,.tif,scan,232556,2009-02-13
ERLEDIGT/Alte Texte/CvKraus - Tanja/CvK Seitenbilder/09. Der Dürner 59u60,9. Der Dürner0002.tif,.tif,scan,57430,2009-02-13
ERLEDIGT/Alte Texte/CvKraus - Tanja/CvK Seitenbilder/10. Der Schulm v. Ezzelingen 61b67,10. Der Schulm v Ezzelingen0002.tif,.tif,scan,241214,2009-02-13
ERLEDIGT/Alte Texte/CvKraus - Tanja/CvK Seitenbilder/10. Der Schulm v. Ezzelingen 61b67,10. Der Schulm v Ezzelingen0003.tif,.tif,scan,304722,2009-02-13
ERLEDIGT/Alte Texte/CvKraus - Tanja/CvK Seitenbilder/10. Der Schulm v. Ezzelingen 61b67,10. Der Schulm v Ezzelingen0004.tif,.tif,scan,325514,2009-02-13
ERLEDIGT/Alte Texte/CvKraus - Tanja/CvK Seitenbilder/10. Der Schulm v. Ezzelingen 61b67,10. Der Schulm v Ezzelingen0005.tif,.tif,scan,312074,2009-02-13
ERLEDIGT/Alte Texte/CvKraus - Tanja/CvK Seitenbilder/10. Der Schulm v. Ezzelingen 61b67,10. Der Schulm v Ezzelingen0006.tif,.tif,scan,328996,2009-02-13
ERLEDIGT/Alte Texte/CvKraus - Tanja/CvK Seitenbilder/10. Der Schulm v. Ezzelingen 61b67,10. Der Schulm v Ezzelingen0007.tif,.tif,scan,252310,2009-02-13
ERLEDIGT/Alte Texte/CvKraus - Tanja/CvK Seitenbilder/10. Der Schulm v. Ezzelingen 61b67,10. Der Schulm v Ezzelingen0008.tif,.tif,scan,43278,2009-02-13
ERLEDIGT/Alte Texte/CvKraus - Tanja/CvK Seitenbilder/11. Vriderich der Knecht 68b74,Vriderich der Knecht0001.tif,.tif,scan,182842,2009-02-16
ERLEDIGT/Alte Texte/CvKraus - Tanja/CvK Seitenbilder/11. Vriderich der Knecht 68b74,Vriderich der Knecht0002.tif,.tif,scan,289422,2009-02-16
ERLEDIGT/Alte Texte/CvKraus - Tanja/CvK Seitenbilder/11. Vriderich der Knecht 68b74,Vriderich der Knecht0003.tif,.tif,scan,238646,2009-02-16
ERLEDIGT/Alte Texte/CvKraus - Tanja/CvK Seitenbilder/11. Vriderich der Knecht 68b74,Vriderich der Knecht0004.tif,.tif,scan,281000,2009-02-16
ERLEDIGT/Alte Texte/CvKraus - Tanja/CvK Seitenbilder/11. Vriderich der Knecht 68b74,Vriderich der Knecht0005.tif,.tif,scan,283494,2009-02-16
ERLEDIGT/Alte Texte/CvKraus - Tanja/CvK Seitenbilder/11. Vriderich der Knecht 68b74,Vriderich der Knecht0006.tif,.tif,scan,290122,2009-02-16
ERLEDIGT/Alte Texte/CvKraus - Tanja/CvK Seitenbilder/11. Vriderich der Knecht 68b74,Vriderich der Knecht0007.tif,.tif,scan,40830,2009-02-16
ERLEDIGT/Alte Texte/CvKraus - Tanja/CvK Seitenbilder/12. Friderich von Liningen 74u75,12. Friderich von Liningen0001.tif,.tif,scan,210046,2009-02-16
ERLEDIGT/Alte Texte/CvKraus - Tanja/CvK Seitenbilder/12. Friderich von Liningen 74u75,12. Friderich von Liningen0002.tif,.tif,scan,122308,2009-02-16
ERLEDIGT/Alte Texte/CvKraus - Tanja/CvK Seitenbilder/13. Gedrut_Geltar77b79,Gedrut_Geltar0001.tif,.tif,scan,236098,2009-02-16
ERLEDIGT/Alte Texte/CvKraus - Tanja/CvK Seitenbilder/13. Gedrut_Geltar77b79,Gedrut_Geltar0002.tif,.tif,scan,278494,2009-02-16
ERLEDIGT/Alte Texte/CvKraus - Tanja/CvK Seitenbilder/13. Gedrut_Geltar77b79,Gedrut_Geltar0003.tif,.tif,scan,137382,2009-02-16
ERLEDIGT/Alte Texte/CvKraus - Tanja/CvK Seitenbilder/14. Goesli von Ehenhein 80u81,14. Goesli von Ehenhein0001.tif,.tif,scan,224368,2009-02-16
ERLEDIGT/Alte Texte/CvKraus - Tanja/CvK Seitenbilder/14. Goesli von Ehenhein 80u81,14. Goesli von Ehenhein0002.tif,.tif,scan,202896,2009-02-16
ERLEDIGT/Alte Texte/CvKraus - Tanja/CvK Seitenbilder/15. Götfrit von Nifen 82b127,15. Götfrit von Nifen0001.tif,.tif,scan,289798,2009-02-18
ERLEDIGT/Alte Texte/CvKraus - Tanja/CvK Seitenbilder/15. Götfrit von Nifen 82b127,15. Götfrit von Nifen0002.tif,.tif,scan,269530,2009-02-18
ERLEDIGT/Alte Texte/CvKraus - Tanja/CvK Seitenbilder/15. Götfrit von Nifen 82b127,15. Götfrit von Nifen0003.tif,.tif,scan,258818,2009-02-18
ERLEDIGT/Alte Texte/CvKraus - Tanja/CvK Seitenbilder/15. Götfrit von Nifen 82b127,15. Götfrit von Nifen0004.tif,.tif,scan,233466,2009-02-18
ERLEDIGT/Alte Texte/CvKraus - Tanja/CvK Seitenbilder/15. Götfrit von Nifen 82b127,15. Götfrit von Nifen0005.tif,.tif,scan,296244,2009-02-18
ERLEDIGT/Alte Texte/CvKraus - Tanja/CvK Seitenbilder/15. Götfrit von Nifen 82b127,15. Götfrit von Nifen0006.tif,.tif,scan,298988,2009-02-18
ERLEDIGT/Alte Texte/CvKraus - Tanja/CvK Seitenbilder/15. Götfrit von Nifen 82b127,15. Götfrit von Nifen0007.tif,.tif,scan,236922,2009-02-18
ERLEDIGT/Alte Texte/CvKraus - Tanja/CvK Seitenbilder/15. Götfrit von Nifen 82b127,15. Götfrit von Nifen0008.tif,.tif,scan,280918,2009-02-18
ERLEDIGT/Alte Texte/CvKraus - Tanja/CvK Seitenbilder/15. Götfrit von Nifen 82b127,15. Götfrit von Nifen0009.tif,.tif,scan,316998,2009-02-18
ERLEDIGT/Alte Texte/CvKraus - Tanja/CvK Seitenbilder/15. Götfrit von Nifen 82b127,15. Götfrit von Nifen0010.tif,.tif,scan,314914,2009-02-18
ERLEDIGT/Alte Texte/CvKraus - Tanja/CvK Seitenbilder/15. Götfrit von Nifen 82b127,15. Götfrit von Nifen0011.tif,.tif,scan,244486,2009-02-18
ERLEDIGT/Alte Texte/CvKraus - Tanja/CvK Seitenbilder/15. Götfrit von Nifen 82b127,15. Götfrit von Nifen0012.tif,.tif,scan,227012,2009-02-18
ERLEDIGT/Alte Texte/CvKraus - Tanja/CvK Seitenbilder/15. Götfrit von Nifen 82b127,15. Götfrit von Nifen0013.tif,.tif,scan,304946,2009-02-18
ERLEDIGT/Alte Texte/CvKraus - Tanja/CvK Seitenbilder/15. Götfrit von Nifen 82b127,15. Götfrit von Nifen0014.tif,.tif,scan,262016,2009-02-18
ERLEDIGT/Alte Texte/CvKraus - Tanja/CvK Seitenbilder/15. Götfrit von Nifen 82b127,15. Götfrit von Nifen0015.tif,.tif,scan,265082,2009-02-18
ERLEDIGT/Alte Texte/CvKraus - Tanja/CvK Seitenbilder/15. Götfrit von Nifen 82b127,15. Götfrit von Nifen0016.tif,.tif,scan,301870,2009-02-18
ERLEDIGT/Alte Texte/CvKraus - Tanja/CvK Seitenbilder/15. Götfrit von Nifen 82b127,15. Götfrit von Nifen0017.tif,.tif,scan,311982,2009-02-18
ERLEDIGT/Alte Texte/CvKraus - Tanja/CvK Seitenbilder/15. Götfrit von Nifen 82b127,15. Götfrit von Nifen0018.tif,.tif,scan,242704,2009-02-18
ERLEDIGT/Alte Texte/CvKraus - Tanja/CvK Seitenbilder/15. Götfrit von Nifen 82b127,15. Götfrit von Nifen0019.tif,.tif,scan,239770,2009-02-18
ERLEDIGT/Alte Texte/CvKraus - Tanja/CvK Seitenbilder/15. Götfrit von Nifen 82b127,15. Götfrit von Nifen0020.tif,.tif,scan,201068,2009-02-18
ERLEDIGT/Alte Texte/CvKraus - Tanja/CvK Seitenbilder/15. Götfrit von Nifen 82b127,15. Götfrit von Nifen0021.tif,.tif,scan,199560,2009-02-18
ERLEDIGT/Alte Texte/CvKraus - Tanja/CvK Seitenbilder/15. Götfrit von Nifen 82b127,15. Götfrit von Nifen0022.tif,.tif,scan,174684,2009-02-18
ERLEDIGT/Alte Texte/CvKraus - Tanja/CvK Seitenbilder/15. Götfrit von Nifen 82b127,15. Götfrit von Nifen0023.tif,.tif,scan,227036,2009-02-18
ERLEDIGT/Alte Texte/CvKraus - Tanja/CvK Seitenbilder/15. Götfrit von Nifen 82b127,15. Götfrit von Nifen0024.tif,.tif,scan,212254,2009-02-18
ERLEDIGT/Alte Texte/CvKraus - Tanja/CvK Seitenbilder/15. Götfrit von Nifen 82b127,15. Götfrit von Nifen0025.tif,.tif,scan,186198,2009-02-18
ERLEDIGT/Alte Texte/CvKraus - Tanja/CvK Seitenbilder/15. Götfrit von Nifen 82b127,15. Götfrit von Nifen0026.tif,.tif,scan,256622,2009-02-18
ERLEDIGT/Alte Texte/CvKraus - Tanja/CvK Seitenbilder/15. Götfrit von Nifen 82b127,15. Götfrit von Nifen0027.tif,.tif,scan,277508,2009-02-18
ERLEDIGT/Alte Texte/CvKraus - Tanja/CvK Seitenbilder/15. Götfrit von Nifen 82b127,15. Götfrit von Nifen0028.tif,.tif,scan,316256,2009-02-18
ERLEDIGT/Alte Texte/CvKraus - Tanja/CvK Seitenbilder/15. Götfrit von Nifen 82b127,15. Götfrit von Nifen0029.tif,.tif,scan,213798,2009-02-18
ERLEDIGT/Alte Texte/CvKraus - Tanja/CvK Seitenbilder/15. Götfrit von Nifen 82b127,15. Götfrit von Nifen0030.tif,.tif,scan,209546,2009-02-18
ERLEDIGT/Alte Texte/CvKraus - Tanja/CvK Seitenbilder/15. Götfrit von Nifen 82b127,15. Götfrit von Nifen0031.tif,.tif,scan,271198,2009-02-18
ERLEDIGT/Alte Texte/CvKraus - Tanja/CvK Seitenbilder/15. Götfrit von Nifen 82b127,15. Götfrit von Nifen0032.tif,.tif,scan,238030,2009-02-18
ERLEDIGT/Alte Texte/CvKraus - Tanja/CvK Seitenbilder/15. Götfrit von Nifen 82b127,15. Götfrit von Nifen0033.tif,.tif,scan,217236,2009-02-18
ERLEDIGT/Alte Texte/CvKraus - Tanja/CvK Seitenbilder/15. Götfrit von Nifen 82b127,15. Götfrit von Nifen0034.tif,.tif,scan,283388,2009-02-18
ERLEDIGT/Alte Texte/CvKraus - Tanja/CvK Seitenbilder/15. Götfrit von Nifen 82b127,15. Götfrit von Nifen0035.tif,.tif,scan,337998,2009-02-18
ERLEDIGT/Alte Texte/CvKraus - Tanja/CvK Seitenbilder/15. Götfrit von Nifen 82b127,15. Götfrit von Nifen0036.tif,.tif,scan,260284,2009-02-18
ERLEDIGT/Alte Texte/CvKraus - Tanja/CvK Seitenbilder/15. Götfrit von Nifen 82b127,15. Götfrit von Nifen0037.tif,.tif,scan,206734,2009-02-18
ERLEDIGT/Alte Texte/CvKraus - Tanja/CvK Seitenbilder/15. Götfrit von Nifen 82b127,15. Götfrit von Nifen0038.tif,.tif,scan,267862,2009-02-18
ERLEDIGT/Alte Texte/CvKraus - Tanja/CvK Seitenbilder/15. Götfrit von Nifen 82b127,15. Götfrit von Nifen0039.tif,.tif,scan,292742,2009-02-18
ERLEDIGT/Alte Texte/CvKraus - Tanja/CvK Seitenbilder/15. Götfrit von Nifen 82b127,15. Götfrit von Nifen0040.tif,.tif,scan,249894,2009-02-18
ERLEDIGT/Alte Texte/CvKraus - Tanja/CvK Seitenbilder/15. Götfrit von Nifen 82b127,15. Götfrit von Nifen0041.tif,.tif,scan,297640,2009-02-18
ERLEDIGT/Alte Texte/CvKraus - Tanja/CvK Seitenbilder/15. Götfrit von Nifen 82b127,15. Götfrit von Nifen0042.tif,.tif,scan,268258,2009-02-18
ERLEDIGT/Alte Texte/CvKraus - Tanja/CvK Seitenbilder/15. Götfrit von Nifen 82b127,15. Götfrit von Nifen0043.tif,.tif,scan,345982,2009-02-18
ERLEDIGT/Alte Texte/CvKraus - Tanja/CvK Seitenbilder/15. Götfrit von Nifen 82b127,15. Götfrit von Nifen0044.tif,.tif,scan,289944,2009-02-18
ERLEDIGT/Alte Texte/CvKraus - Tanja/CvK Seitenbilder/15. Götfrit von Nifen 82b127,15. Götfrit von Nifen0045.tif,.tif,scan,283738,2009-02-18
ERLEDIGT/Alte Texte/CvKraus - Tanja/CvK Seitenbilder/15. Götfrit von Nifen 82b127,15. Götfrit von Nifen0046.tif,.tif,scan,304926,2009-02-18
ERLEDIGT/Alte Texte/CvKraus - Tanja/CvK Seitenbilder/16. G v Strasburg 128b130,16. Götfrit von Strasburg 128b1300001.tif,.tif,scan,166608,2009-03-24
ERLEDIGT/Alte Texte/CvKraus - Tanja/CvK Seitenbilder/16. G v Strasburg 128b130,16. Götfrit von Strasburg 128b1300002.tif,.tif,scan,177444,2009-03-24
ERLEDIGT/Alte Texte/CvKraus - Tanja/CvK Seitenbilder/16. G v Strasburg 128b130,16. Götfrit von Strasburg 128b1300003.tif,.tif,scan,129958,2009-03-24
ERLEDIGT/Alte Texte/CvKraus - Tanja/CvK Seitenbilder/18. Hartman von Starkenberg 141 u. 142,18. Hartman von Starkenberg gesamt0001.tif,.tif,scan,163614,2009-03-26
ERLEDIGT/Alte Texte/CvKraus - Tanja/CvK Seitenbilder/18. Hartman von Starkenberg 141 u. 142,18. Hartman von Starkenberg gesamt0002.tif,.tif,scan,110472,2009-03-26
ERLEDIGT/Alte Texte/CvKraus - Tanja/CvK Seitenbilder/19. Harwart 143 - 147,19. Hawart0001.tif,.tif,scan,167882,2009-03-26
ERLEDIGT/Alte Texte/CvKraus - Tanja/CvK Seitenbilder/19. Harwart 143 - 147,19. Hawart0002.tif,.tif,scan,196340,2009-03-26
ERLEDIGT/Alte Texte/CvKraus - Tanja/CvK Seitenbilder/19. Harwart 143 - 147,19. Hawart0003.tif,.tif,scan,189358,2009-03-26
ERLEDIGT/Alte Texte/CvKraus - Tanja/CvK Seitenbilder/19. Harwart 143 - 147,19. Hawart0004.tif,.tif,scan,205656,2009-03-26
ERLEDIGT/Alte Texte/CvKraus - Tanja/CvK Seitenbilder/19. Harwart 143 - 147,19. Hawart0005.tif,.tif,scan,81664,2009-03-26
ERLEDIGT/Alte Texte/CvKraus - Tanja/CvK Seitenbilder/20. Heinrich Hetzbolt von Wissense 148 - 152,20. Heinrich Hetzbolt von Wissense 148 - 1520001.tif,.tif,scan,177438,2009-03-26
ERLEDIGT/Alte Texte/CvKraus - Tanja/CvK Seitenbilder/20. Heinrich Hetzbolt von Wissense 148 - 152,20. Heinrich Hetzbolt von Wissense 148 - 1520002.tif,.tif,scan,193364,2009-03-26
ERLEDIGT/Alte Texte/CvKraus - Tanja/CvK Seitenbilder/20. Heinrich Hetzbolt von Wissense 148 - 152,20. Heinrich Hetzbolt von Wissense 148 - 1520003.tif,.tif,scan,193760,2009-03-26
ERLEDIGT/Alte Texte/CvKraus - Tanja/CvK Seitenbilder/20. Heinrich Hetzbolt von Wissense 148 - 152,20. Heinrich Hetzbolt von Wissense 148 - 1520004.tif,.tif,scan,196182,2009-03-26
ERLEDIGT/Alte Texte/CvKraus - Tanja/CvK Seitenbilder/20. Heinrich Hetzbolt von Wissense 148 - 152,20. Heinrich Hetzbolt von Wissense 148 - 1520005.tif,.tif,scan,128152,2009-03-26
ERLEDIGT/Alte Texte/CvKraus - Tanja/CvK Seitenbilder/21. Marcgrave Heinrich von Missen 153 - 156,21. Marcgrave Heinrich von Missen 153 - 1560001.tif,.tif,scan,171430,2009-03-29
ERLEDIGT/Alte Texte/CvKraus - Tanja/CvK Seitenbilder/21. Marcgrave Heinrich von Missen 153 - 156,21. Marcgrave Heinrich von Missen 153 - 1560002.tif,.tif,scan,209576,2009-03-29
ERLEDIGT/Alte Texte/CvKraus - Tanja/CvK Seitenbilder/21. Marcgrave Heinrich von Missen 153 - 156,21. Marcgrave Heinrich von Missen 153 - 1560003.tif,.tif,scan,197698,2009-03-29
ERLEDIGT/Alte Texte/CvKraus - Tanja/CvK Seitenbilder/21. Marcgrave Heinrich von Missen 153 - 156,21. Marcgrave Heinrich von Missen 153 - 1560004.tif,.tif,scan,148840,2009-03-29
ERLEDIGT/Alte Texte/CvKraus - Tanja/CvK Seitenbilder/22. Heinrich von der Muore 157 - 159,22. Heinrich von der Moure 157 - 1590001.tif,.tif,scan,163510,2009-03-29
ERLEDIGT/Alte Texte/CvKraus - Tanja/CvK Seitenbilder/22. Heinrich von der Muore 157 - 159,22. Heinrich von der Moure 157 - 1590002.tif,.tif,scan,211664,2009-03-29
ERLEDIGT/Alte Texte/CvKraus - Tanja/CvK Seitenbilder/22. Heinrich von der Muore 157 - 159,22. Heinrich von der Moure 157 - 1590003.tif,.tif,scan,35566,2009-03-29
ERLEDIGT/Alte Texte/CvKraus - Tanja/CvK Seitenbilder/23. Herzoge Heinrich von Pressela 160 - 162,23. Herzoge Heinrich von Pressia 160-1620001.tif,.tif,scan,166308,2009-03-29
ERLEDIGT/Alte Texte/CvKraus - Tanja/CvK Seitenbilder/23. Herzoge Heinrich von Pressela 160 - 162,23. Herzoge Heinrich von Pressia 160-1620002.tif,.tif,scan,159168,2009-03-29
ERLEDIGT/Alte Texte/CvKraus - Tanja/CvK Seitenbilder/23. Herzoge Heinrich von Pressela 160 - 162,23. Herzoge Heinrich von Pressia 160-1620003.tif,.tif,scan,93636,2009-03-29
ERLEDIGT/Alte Texte/CvKraus - Tanja/CvK Seitenbilder/25. Der Margrave von Hohenburg,25. Der Margrave von Hehenburg0001.tif,.tif,scan,172668,2009-04-09
ERLEDIGT/Alte Texte/CvKraus - Tanja/CvK Seitenbilder/25. Der Margrave von Hohenburg,25. Der Margrave von Hehenburg0002.tif,.tif,scan,168192,2009-04-09
ERLEDIGT/Alte Texte/CvKraus - Tanja/CvK Seitenbilder/25. Der Margrave von Hohenburg,25. Der Margrave von Hehenburg0003.tif,.tif,scan,158132,2009-04-09
ERLEDIGT/Alte Texte/CvKraus - Tanja/CvK Seitenbilder/25. Der Margrave von Hohenburg,25. Der Margrave von Hehenburg0004.tif,.tif,scan,178412,2009-04-09
ERLEDIGT/Alte Texte/CvKraus - Tanja/CvK Seitenbilder/25. Der Margrave von Hohenburg,25. Der Margrave von Hehenburg0005.tif,.tif,scan,90926,2009-04-09
ERLEDIGT/Alte Texte/CvKraus - Tanja/CvK Seitenbilder/26. Hug von Mülndorf,26. Hug von Mülndorf 180.tif,.tif,scan,79422,2009-04-12
ERLEDIGT/Alte Texte/CvKraus - Tanja/CvK Seitenbilder/27. Hug von Werbenwag 182 - 186,27. Hug von Werbenwag 181 - 1840001.tif,.tif,scan,176228,2009-04-12
ERLEDIGT/Alte Texte/CvKraus - Tanja/CvK Seitenbilder/27. Hug von Werbenwag 182 - 186,27. Hug von Werbenwag 181 - 1840002.tif,.tif,scan,212248,2009-04-12
ERLEDIGT/Alte Texte/CvKraus - Tanja/CvK Seitenbilder/27. Hug von Werbenwag 182 - 186,27. Hug von Werbenwag 181 - 1840003.tif,.tif,scan,198150,2009-04-12
ERLEDIGT/Alte Texte/CvKraus - Tanja/CvK Seitenbilder/27. Hug von Werbenwag 182 - 186,27. Hug von Werbenwag 181 - 1840004.tif,.tif,scan,69528,2009-04-12
ERLEDIGT/Alte Texte/CvKraus - Tanja/CvK Seitenbilder/27. Hug von Werbenwag 182 - 186,27. Hug von Werbenwag 182 - 1860001.tif,.tif,scan,176228,2009-04-12
ERLEDIGT/Alte Texte/CvKraus - Tanja/CvK Seitenbilder/27. Hug von Werbenwag 182 - 186,27. Hug von Werbenwag 182 - 1860002.tif,.tif,scan,212248,2009-04-12
ERLEDIGT/Alte Texte/CvKraus - Tanja/CvK Seitenbilder/27. Hug von Werbenwag 182 - 186,27. Hug von Werbenwag 182 - 1860003.tif,.tif,scan,198150,2009-04-12
ERLEDIGT/Alte Texte/CvKraus - Tanja/CvK Seitenbilder/27. Hug von Werbenwag 182 - 186,27. Hug von Werbenwag 182 - 1860004.tif,.tif,scan,69528,2009-04-12
ERLEDIGT/Alte Texte/CvKraus - Tanja/CvK Seitenbilder/28. Der Kanzler,28. Der Kanzler 185 - 1890001.tif,.tif,scan,170162,2009-04-12
ERLEDIGT/Alte Texte/CvKraus - Tanja/CvK Seitenbilder/28. Der Kanzler,28. Der Kanzler 185 - 1890002.tif,.tif,scan,194570,2009-04-12
ERLEDIGT/Alte Texte/CvKraus - Tanja/CvK Seitenbilder/28. Der Kanzler,28. Der Kanzler 185 - 1890003.tif,.tif,scan,197430,2009-04-12
ERLEDIGT/Alte Texte/CvKraus - Tanja/CvK Seitenbilder/28. Der Kanzler,28. Der Kanzler 185 - 1890004.tif,.tif,scan,201842,2009-04-12
ERLEDIGT/Alte Texte/CvKraus - Tanja/CvK Seitenbilder/28. Der Kanzler,28. Der Kanzler 185 - 1890005.tif,.tif,scan,193268,2009-04-12
ERLEDIGT/Alte Texte/CvKraus - Tanja/CvK Seitenbilder/28. Der Kanzler,28. Der Kanzler 190 - 1940001.tif,.tif,scan,207204,2009-04-12
ERLEDIGT/Alte Texte/CvKraus - Tanja/CvK Seitenbilder/28. Der Kanzler,28. Der Kanzler 190 - 1940002.tif,.tif,scan,175992,2009-04-12
ERLEDIGT/Alte Texte/CvKraus - Tanja/CvK Seitenbilder/28. Der Kanzler,28. Der Kanzler 190 - 1940003.tif,.tif,scan,201806,2009-04-12
ERLEDIGT/Alte Texte/CvKraus - Tanja/CvK Seitenbilder/28. Der Kanzler,28. Der Kanzler 190 - 1940004.tif,.tif,scan,201808,2009-04-12
ERLEDIGT/Alte Texte/CvKraus - Tanja/CvK Seitenbilder/28. Der Kanzler,28. Der Kanzler 190 - 1940005.tif,.tif,scan,209930,2009-04-12
ERLEDIGT/Alte Texte/CvKraus - Tanja/CvK Seitenbilder/28. Der Kanzler,28. Der Kanzler 195 - 1990001.tif,.tif,scan,216966,2009-04-13
ERLEDIGT/Alte Texte/CvKraus - Tanja/CvK Seitenbilder/28. Der Kanzler,28. Der Kanzler 195 - 1990002.tif,.tif,scan,198954,2009-04-13
ERLEDIGT/Alte Texte/CvKraus - Tanja/CvK Seitenbilder/28. Der Kanzler,28. Der Kanzler 195 - 1990003.tif,.tif,scan,211514,2009-04-13
ERLEDIGT/Alte Texte/CvKraus - Tanja/CvK Seitenbilder/28. Der Kanzler,28. Der Kanzler 195 - 1990004.tif,.tif,scan,213290,2009-04-13
ERLEDIGT/Alte Texte/CvKraus - Tanja/CvK Seitenbilder/28. Der Kanzler,28. Der Kanzler 195 - 1990005.tif,.tif,scan,211034,2009-04-13
ERLEDIGT/Alte Texte/CvKraus - Tanja/CvK Seitenbilder/28. Der Kanzler,28. Der Kanzler 200 - 2040001.tif,.tif,scan,197070,2009-04-15
ERLEDIGT/Alte Texte/CvKraus - Tanja/CvK Seitenbilder/28. Der Kanzler,28. Der Kanzler 200 - 2040002.tif,.tif,scan,188292,2009-04-15
ERLEDIGT/Alte Texte/CvKraus - Tanja/CvK Seitenbilder/28. Der Kanzler,28. Der Kanzler 200 - 2040003.tif,.tif,scan,200322,2009-04-15
ERLEDIGT/Alte Texte/CvKraus - Tanja/CvK Seitenbilder/28. Der Kanzler,28. Der Kanzler 200 - 2040004.tif,.tif,scan,204684,2009-04-15
ERLEDIGT/Alte Texte/CvKraus - Tanja/CvK Seitenbilder/28. Der Kanzler,28. Der Kanzler 200 - 2040005.tif,.tif,scan,195730,2009-04-15
ERLEDIGT/Alte Texte/CvKraus - Tanja/CvK Seitenbilder/28. Der Kanzler,28. Der Kanzler 205 - 2090001.tif,.tif,scan,203028,2009-04-15
ERLEDIGT/Alte Texte/CvKraus - Tanja/CvK Seitenbilder/28. Der Kanzler,28. Der Kanzler 205 - 2090002.tif,.tif,scan,193982,2009-04-15
ERLEDIGT/Alte Texte/CvKraus - Tanja/CvK Seitenbilder/28. Der Kanzler,28. Der Kanzler 205 - 2090003.tif,.tif,scan,204218,2009-04-15
ERLEDIGT/Alte Texte/CvKraus - Tanja/CvK Seitenbilder/28. Der Kanzler,28. Der Kanzler 205 - 2090004.tif,.tif,scan,221604,2009-04-15
ERLEDIGT/Alte Texte/CvKraus - Tanja/CvK Seitenbilder/28. Der Kanzler,28. Der Kanzler 205 - 2090005.tif,.tif,scan,215538,2009-04-15
ERLEDIGT/Alte Texte/CvKraus - Tanja/CvK Seitenbilder/28. Der Kanzler,28. Der Kanzler 210 - 2140001.tif,.tif,scan,253450,2009-04-15
ERLEDIGT/Alte Texte/CvKraus - Tanja/CvK Seitenbilder/28. Der Kanzler,28. Der Kanzler 210 - 2140002.tif,.tif,scan,217914,2009-04-15
ERLEDIGT/Alte Texte/CvKraus - Tanja/CvK Seitenbilder/28. Der Kanzler,28. Der Kanzler 210 - 2140003.tif,.tif,scan,230714,2009-04-15
ERLEDIGT/Alte Texte/CvKraus - Tanja/CvK Seitenbilder/28. Der Kanzler,28. Der Kanzler 210 - 2140004.tif,.tif,scan,214652,2009-04-15
ERLEDIGT/Alte Texte/CvKraus - Tanja/CvK Seitenbilder/28. Der Kanzler,28. Der Kanzler 210 - 2140005.tif,.tif,scan,214862,2009-04-15
ERLEDIGT/Alte Texte/CvKraus - Tanja/CvK Seitenbilder/28. Der Kanzler,28. Der Kanzler 215 - 2170001.tif,.tif,scan,235578,2009-04-15
ERLEDIGT/Alte Texte/CvKraus - Tanja/CvK Seitenbilder/28. Der Kanzler,28. Der Kanzler 215 - 2170002.tif,.tif,scan,241184,2009-04-15
ERLEDIGT/Alte Texte/CvKraus - Tanja/CvK Seitenbilder/28. Der Kanzler,28. Der Kanzler 215 - 2170003.tif,.tif,scan,52688,2009-04-15
ERLEDIGT/Alte Texte/CvKraus - Tanja/CvK Seitenbilder/29. Der Kol von Niunzen,29. Der Kol von Niunzen 218 - 2190001.tif,.tif,scan,179278,2009-04-15
ERLEDIGT/Alte Texte/CvKraus - Tanja/CvK Seitenbilder/29. Der Kol von Niunzen,29. Der Kol von Niunzen 218 - 2190002.tif,.tif,scan,88834,2009-04-15
ERLEDIGT/Alte Texte/CvKraus - Tanja/CvK Seitenbilder/30. Kristan von Hamle,30. Kristan von Hamle 220 - 2240001.tif,.tif,scan,200130,2009-04-15
ERLEDIGT/Alte Texte/CvKraus - Tanja/CvK Seitenbilder/30. Kristan von Hamle,30. Kristan von Hamle 220 - 2240002.tif,.tif,scan,222396,2009-04-15
ERLEDIGT/Alte Texte/CvKraus - Tanja/CvK Seitenbilder/30. Kristan von Hamle,30. Kristan von Hamle 220 - 2240003.tif,.tif,scan,235774,2009-04-15
ERLEDIGT/Alte Texte/CvKraus - Tanja/CvK Seitenbilder/30. Kristan von Hamle,30. Kristan von Hamle 220 - 2240004.tif,.tif,scan,224104,2009-04-15
ERLEDIGT/Alte Texte/CvKraus - Tanja/CvK Seitenbilder/30. Kristan von Hamle,30. Kristan von Hamle 220 - 2240005.tif,.tif,scan,212988,2009-04-15
ERLEDIGT/Alte Texte/CvKraus - Tanja/CvK Seitenbilder/31. Kristan von Luppin,31. Kristan von Luppin 225 - 2290001.tif,.tif,scan,163208,2009-04-16
ERLEDIGT/Alte Texte/CvKraus - Tanja/CvK Seitenbilder/31. Kristan von Luppin,31. Kristan von Luppin 225 - 2290002.tif,.tif,scan,188190,2009-04-16
ERLEDIGT/Alte Texte/CvKraus - Tanja/CvK Seitenbilder/31. Kristan von Luppin,31. Kristan von Luppin 225 - 2290003.tif,.tif,scan,184568,2009-04-16
ERLEDIGT/Alte Texte/CvKraus - Tanja/CvK Seitenbilder/31. Kristan von Luppin,31. Kristan von Luppin 225 - 2290004.tif,.tif,scan,191082,2009-04-16
ERLEDIGT/Alte Texte/CvKraus - Tanja/CvK Seitenbilder/31. Kristan von Luppin,31. Kristan von Luppin 225 - 2290005.tif,.tif,scan,168924,2009-04-16
ERLEDIGT/Alte Texte/CvKraus - Tanja/CvK Seitenbilder/32. Künig Chuonrat der Junge,32. Künig Chuonrat der Junge 230 - 2310001.tif,.tif,scan,191986,2009-04-16
ERLEDIGT/Alte Texte/CvKraus - Tanja/CvK Seitenbilder/32. Künig Chuonrat der Junge,32. Künig Chuonrat der Junge 230 - 2310002.tif,.tif,scan,46610,2009-04-16
ERLEDIGT/Alte Texte/CvKraus - Tanja/CvK Seitenbilder/33. Chuonrat von Kilchberg,33. Chounrat von Kilchberg 232 - 2380001.tif,.tif,scan,186902,2009-04-16
ERLEDIGT/Alte Texte/CvKraus - Tanja/CvK Seitenbilder/33. Chuonrat von Kilchberg,33. Chounrat von Kilchberg 232 - 2380002.tif,.tif,scan,173132,2009-04-16
ERLEDIGT/Alte Texte/CvKraus - Tanja/CvK Seitenbilder/33. Chuonrat von Kilchberg,33. Chounrat von Kilchberg 232 - 2380004.tif,.tif,scan,206958,2009-04-16
ERLEDIGT/Alte Texte/CvKraus - Tanja/CvK Seitenbilder/33. Chuonrat von Kilchberg,33. Chounrat von Kilchberg 232 - 2380005.tif,.tif,scan,179292,2009-04-16
ERLEDIGT/Alte Texte/CvKraus - Tanja/CvK Seitenbilder/33. Chuonrat von Kilchberg,33. Chounrat von Kilchberg 232 - 2380006.tif,.tif,scan,216250,2009-04-16
ERLEDIGT/Alte Texte/CvKraus - Tanja/CvK Seitenbilder/33. Chuonrat von Kilchberg,33. Chounrat von Kilchberg 232 - 2380007.tif,.tif,scan,196034,2009-04-16
ERLEDIGT/Alte Texte/CvKraus - Tanja/CvK Seitenbilder/33. Chuonrat von Kilchberg,33. Chounrat von Kilchberg 232 - 2380008.tif,.tif,scan,61004,2009-04-16
ERLEDIGT/Alte Texte/CvKraus - Tanja/CvK Seitenbilder/34. Der Schenke von Limpurg,34. Der Schenke von Limpurg 239 - 2440001.tif,.tif,scan,172872,2009-04-16
ERLEDIGT/Alte Texte/CvKraus - Tanja/CvK Seitenbilder/34. Der Schenke von Limpurg,34. Der Schenke von Limpurg 239 - 2440002.tif,.tif,scan,202794,2009-04-16
ERLEDIGT/Alte Texte/CvKraus - Tanja/CvK Seitenbilder/34. Der Schenke von Limpurg,34. Der Schenke von Limpurg 239 - 2440003.tif,.tif,scan,241442,2009-04-16
ERLEDIGT/Alte Texte/CvKraus - Tanja/CvK Seitenbilder/34. Der Schenke von Limpurg,34. Der Schenke von Limpurg 239 - 2440004.tif,.tif,scan,206150,2009-04-16
ERLEDIGT/Alte Texte/CvKraus - Tanja/CvK Seitenbilder/34. Der Schenke von Limpurg,34. Der Schenke von Limpurg 239 - 2440005.tif,.tif,scan,193216,2009-04-16
ERLEDIGT/Alte Texte/CvKraus - Tanja/CvK Seitenbilder/34. Der Schenke von Limpurg,34. Der Schenke von Limpurg 239 - 2440006.tif,.tif,scan,148494,2009-04-16
ERLEDIGT/Alte Texte/CvKraus - Tanja/CvK Seitenbilder/35. Liutolt von Savene,35. Luitolt von Savene 245  2490001.tif,.tif,scan,167278,2009-04-17
ERLEDIGT/Alte Texte/CvKraus - Tanja/CvK Seitenbilder/35. Liutolt von Savene,35. Luitolt von Savene 245  2490002.tif,.tif,scan,194024,2009-04-17
ERLEDIGT/Alte Texte/CvKraus - Tanja/CvK Seitenbilder/35. Liutolt von Savene,35. Luitolt von Savene 245  2490003.tif,.tif,scan,196508,2009-04-17
ERLEDIGT/Alte Texte/CvKraus - Tanja/CvK Seitenbilder/35. Liutolt von Savene,35. Luitolt von Savene 245  2490004.tif,.tif,scan,203730,2009-04-17
ERLEDIGT/Alte Texte/CvKraus - Tanja/CvK Seitenbilder/35. Liutolt von Savene,35. Luitolt von Savene 245  2490005.tif,.tif,scan,161124,2009-04-17
ERLEDIGT/Alte Texte/CvKraus - Tanja/CvK Seitenbilder/36. Der Burggrave von Lüenz,36. Der Burggrave von Lüenz 250 -252.tif,.tif,scan,179610,2009-04-19
ERLEDIGT/Alte Texte/CvKraus - Tanja/CvK Seitenbilder/37. Von Munegiur,37. Von Munegiur 253 - 2550001.tif,.tif,scan,174482,2009-04-21
ERLEDIGT/Alte Texte/CvKraus - Tanja/CvK Seitenbilder/37. Von Munegiur,37. Von Munegiur 253 - 2550002.tif,.tif,scan,207022,2009-04-21
ERLEDIGT/Alte Texte/CvKraus - Tanja/CvK Seitenbilder/37. Von Munegiur,37. Von Munegiur 253 - 2550003.tif,.tif,scan,47856,2009-04-21
ERLEDIGT/Alte Texte/CvKraus - Tanja/CvK Seitenbilder/38. Namenlos a,38. Namenlos a  256 - 2610001.tif,.tif,scan,182048,2009-04-21
ERLEDIGT/Alte Texte/CvKraus - Tanja/CvK Seitenbilder/38. Namenlos a,38. Namenlos a  256 - 2610002.tif,.tif,scan,196722,2009-04-21
ERLEDIGT/Alte Texte/CvKraus - Tanja/CvK Seitenbilder/38. Namenlos a,38. Namenlos a  256 - 2610003.tif,.tif,scan,229060,2009-04-21
ERLEDIGT/Alte Texte/CvKraus - Tanja/CvK Seitenbilder/38. Namenlos a,38. Namenlos a  256 - 2610004.tif,.tif,scan,205776,2009-04-21
ERLEDIGT/Alte Texte/CvKraus - Tanja/CvK Seitenbilder/38. Namenlos a,38. Namenlos a  256 - 2610005.tif,.tif,scan,206862,2009-04-21
ERLEDIGT/Alte Texte/CvKraus - Tanja/CvK Seitenbilder/38. Namenlos a,38. Namenlos a  256 - 2610006.tif,.tif,scan,159916,2009-04-21
ERLEDIGT/Alte Texte/CvKraus - Tanja/CvK Seitenbilder/38. Namenlos D,28. Namenlos D 162 - 1630001.tif,.tif,scan,164702,2009-04-21
ERLEDIGT/Alte Texte/CvKraus - Tanja/CvK Seitenbilder/38. Namenlos D,28. Namenlos D 162 - 1630002.tif,.tif,scan,219464,2009-04-21
ERLEDIGT/Alte Texte/CvKraus - Tanja/CvK Seitenbilder/38. Namenlos El,38. Namenlos El 164.tif,.tif,scan,159152,2009-04-21
ERLEDIGT/Alte Texte/CvKraus - Tanja/CvK Seitenbilder/38. Namenlos h,38. Namenlos h 265 - 2700001.tif,.tif,scan,230176,2009-04-21
ERLEDIGT/Alte Texte/CvKraus - Tanja/CvK Seitenbilder/38. Namenlos h,38. Namenlos h 265 - 2700002.tif,.tif,scan,231198,2009-04-21
ERLEDIGT/Alte Texte/CvKraus - Tanja/CvK Seitenbilder/38. Namenlos h,38. Namenlos h 265 - 2700003.tif,.tif,scan,223668,2009-04-21
ERLEDIGT/Alte Texte/CvKraus - Tanja/CvK Seitenbilder/38. Namenlos h,38. Namenlos h 265 - 2700004.tif,.tif,scan,211894,2009-04-21
ERLEDIGT/Alte Texte/CvKraus - Tanja/CvK Seitenbilder/38. Namenlos h,38. Namenlos h 265 - 2700005.tif,.tif,scan,213312,2009-04-21
ERLEDIGT/Alte Texte/CvKraus - Tanja/CvK Seitenbilder/38. Namenlos h,38. Namenlos h 265 - 2700006.tif,.tif,scan,187090,2009-04-21
ERLEDIGT/Alte Texte/CvKraus - Tanja/CvK Seitenbilder/38. Namenlos h,38. Namenlos h 271 - 2750001.tif,.tif,scan,177006,2009-04-21
ERLEDIGT/Alte Texte/CvKraus - Tanja/CvK Seitenbilder/38. Namenlos h,38. Namenlos h 271 - 2750002.tif,.tif,scan,231328,2009-04-21
ERLEDIGT/Alte Texte/CvKraus - Tanja/CvK Seitenbilder/38. Namenlos h,38. Namenlos h 271 - 2750003.tif,.tif,scan,246416,2009-04-21
ERLEDIGT/Alte Texte/CvKraus - Tanja/CvK Seitenbilder/38. Namenlos h,38. Namenlos h 271 - 2750004.tif,.tif,scan,214076,2009-04-21
ERLEDIGT/Alte Texte/CvKraus - Tanja/CvK Seitenbilder/38. Namenlos h,38. Namenlos h 271 - 2750005.tif,.tif,scan,195732,2009-04-21
ERLEDIGT/Alte Texte/CvKraus - Tanja/CvK Seitenbilder/38. Namenlos i k und 38. Namenlos LI,38. Namenlos i k  und 38. Namenlos LI 276.tif,.tif,scan,165412,2009-04-21
ERLEDIGT/Alte Texte/CvKraus - Tanja/CvK Seitenbilder/38. Namenlos Mb,38. Namenlos Mb 277 - 2780001.tif,.tif,scan,175852,2009-04-21
ERLEDIGT/Alte Texte/CvKraus - Tanja/CvK Seitenbilder/38. Namenlos Mb,38. Namenlos Mb 277 - 2780002.tif,.tif,scan,41104,2009-04-21
ERLEDIGT/Alte Texte/CvKraus - Tanja/CvK Seitenbilder/38. Namenlos n,38. Namenlos n 279 - 2820001.tif,.tif,scan,203660,2009-04-21
ERLEDIGT/Alte Texte/CvKraus - Tanja/CvK Seitenbilder/38. Namenlos n,38. Namenlos n 279 - 2820002.tif,.tif,scan,213820,2009-04-21
ERLEDIGT/Alte Texte/CvKraus - Tanja/CvK Seitenbilder/38. Namenlos n,38. Namenlos n 279 - 2820003.tif,.tif,scan,211738,2009-04-21
ERLEDIGT/Alte Texte/CvKraus - Tanja/CvK Seitenbilder/38. Namenlos n,38. Namenlos n 279 - 2820004.tif,.tif,scan,213624,2009-04-21
ERLEDIGT/Alte Texte/CvKraus - Tanja/CvK Seitenbilder/38. Namenlos p,38. Namenlos p 283 - 2840001.tif,.tif,scan,214612,2009-04-21
ERLEDIGT/Alte Texte/CvKraus - Tanja/CvK Seitenbilder/38. Namenlos p,38. Namenlos p 283 - 2840002.tif,.tif,scan,182648,2009-04-21
ERLEDIGT/Alte Texte/CvKraus - Tanja/CvK Seitenbilder/38. Namenlos s,38. Namenlos s 185 - 2910001.tif,.tif,scan,191256,2009-04-21
ERLEDIGT/Alte Texte/CvKraus - Tanja/CvK Seitenbilder/38. Namenlos s,38. Namenlos s 185 - 2910002.tif,.tif,scan,202648,2009-04-21
ERLEDIGT/Alte Texte/CvKraus - Tanja/CvK Seitenbilder/38. Namenlos s,38. Namenlos s 185 - 2910003.tif,.tif,scan,202038,2009-04-21
ERLEDIGT/Alte Texte/CvKraus - Tanja/CvK Seitenbilder/38. Namenlos s,38. Namenlos s 185 - 2910004.tif,.tif,scan,205316,2009-04-21
ERLEDIGT/Alte Texte/CvKraus - Tanja/CvK Seitenbilder/38. Namenlos s,38. Namenlos s 185 - 2910005.tif,.tif,scan,207500,2009-04-21
ERLEDIGT/Alte Texte/CvKraus - Tanja/CvK Seitenbilder/38. Namenlos s,38. Namenlos s 185 - 2910006.tif,.tif,scan,210640,2009-04-21
ERLEDIGT/Alte Texte/CvKraus - Tanja/CvK Seitenbilder/38. Namenlos s,38. Namenlos s 185 - 2910007.tif,.tif,scan,187464,2009-04-21
ERLEDIGT/Alte Texte/CvKraus - Tanja/CvK Seitenbilder/38. Namenlos Sg,38. Namenlos Sg 1292.tif,.tif,scan,71712,2009-04-22
ERLEDIGT/Alte Texte/CvKraus - Tanja/CvK Seitenbilder/38. Namenlos W,38. Namenlos W 293.tif,.tif,scan,97648,2009-04-22
ERLEDIGT/Alte Texte/CvKraus - Tanja/CvK Seitenbilder/38. Namenlos x,38. Namenlos x 294 - 2990001.tif,.tif,scan,197452,2009-04-22
ERLEDIGT/Alte Texte/CvKraus - Tanja/CvK Seitenbilder/38. Namenlos x,38. Namenlos x 294 - 2990002.tif,.tif,scan,201790,2009-04-22
ERLEDIGT/Alte Texte/CvKraus - Tanja/CvK Seitenbilder/38. Namenlos x,38. Namenlos x 294 - 2990003.tif,.tif,scan,183114,2009-04-22
ERLEDIGT/Alte Texte/CvKraus - Tanja/CvK Seitenbilder/38. Namenlos x,38. Namenlos x 294 - 2990004.tif,.tif,scan,182322,2009-04-22
ERLEDIGT/Alte Texte/CvKraus - Tanja/CvK Seitenbilder/38. Namenlos x,38. Namenlos x 294 - 2990005.tif,.tif,scan,185464,2009-04-22
ERLEDIGT/Alte Texte/CvKraus - Tanja/CvK Seitenbilder/38. Namenlos x,38. Namenlos x 294 - 2990006.tif,.tif,scan,158268,2009-04-22
ERLEDIGT/Alte Texte/CvKraus - Tanja/CvK Seitenbilder/39. Niune,39. Niune 300 - 3010001.tif,.tif,scan,199072,2009-04-22
ERLEDIGT/Alte Texte/CvKraus - Tanja/CvK Seitenbilder/39. Niune,39. Niune 300 - 3010002.tif,.tif,scan,169628,2009-04-22
ERLEDIGT/Alte Texte/CvKraus - Tanja/CvK Texte 1 b 38 (S 1 b 301),1. Der wilde Alexander 1b19.rtf,.rtf,text,56025,2009-08-06
ERLEDIGT/Alte Texte/CvKraus - Tanja/CvK Texte 1 b 38 (S 1 b 301),10. Der Schulm von Ezzelingen 61b67.rtf,.rtf,text,76462,2009-04-26
ERLEDIGT/Alte Texte/CvKraus - Tanja/CvK Texte 1 b 38 (S 1 b 301),11. Vriderich der Knecht 68b74.rtf,.rtf,text,34928,2009-08-05
ERLEDIGT/Alte Texte/CvKraus - Tanja/CvK Texte 1 b 38 (S 1 b 301),12. Friderich von Liningen 75u76.rtf,.rtf,text,40162,2009-04-26
ERLEDIGT/Alte Texte/CvKraus - Tanja/CvK Texte 1 b 38 (S 1 b 301),13. Gedrut_Geltar 77b79.rtf,.rtf,text,46552,2009-04-26
ERLEDIGT/Alte Texte/CvKraus - Tanja/CvK Texte 1 b 38 (S 1 b 301),14. Goesli von Ehenhein 80u81.rtf,.rtf,text,39939,2009-04-26
ERLEDIGT/Alte Texte/CvKraus - Tanja/CvK Texte 1 b 38 (S 1 b 301),15. Gottfried von Nifen 82b127.rtf,.rtf,text,251234,2009-08-06
ERLEDIGT/Alte Texte/CvKraus - Tanja/CvK Texte 1 b 38 (S 1 b 301),16 Götfrit von Strasburg 128 - 130.rtf,.rtf,text,45720,2009-04-26
ERLEDIGT/Alte Texte/CvKraus - Tanja/CvK Texte 1 b 38 (S 1 b 301),17. Günther von dem Vorste 136 - 140.rtf,.rtf,text,87796,2009-04-26
ERLEDIGT/Alte Texte/CvKraus - Tanja/CvK Texte 1 b 38 (S 1 b 301),18. Hartman von Starkenberg 141 u. 142.rtf,.rtf,text,43156,2009-04-26
ERLEDIGT/Alte Texte/CvKraus - Tanja/CvK Texte 1 b 38 (S 1 b 301),19. Hawart 143 - 147.rtf,.rtf,text,61363,2009-04-26
ERLEDIGT/Alte Texte/CvKraus - Tanja/CvK Texte 1 b 38 (S 1 b 301),2. Der grave von Anhalte 19b21.rtf,.rtf,text,39429,2009-04-26
ERLEDIGT/Alte Texte/CvKraus - Tanja/CvK Texte 1 b 38 (S 1 b 301),20. Heinrich Hetzbolt von Wissense 148 - 152.rtf,.rtf,text,78239,2009-04-26
ERLEDIGT/Alte Texte/CvKraus - Tanja/CvK Texte 1 b 38 (S 1 b 301),21. Marcgrave Heinrich von Missen 153 - 156.rtf,.rtf,text,53577,2009-04-26
ERLEDIGT/Alte Texte/CvKraus - Tanja/CvK Texte 1 b 38 (S 1 b 301),22. Heinrich von der Muore 157 - 159.rtf,.rtf,text,44789,2009-04-26
ERLEDIGT/Alte Texte/CvKraus - Tanja/CvK Texte 1 b 38 (S 1 b 301),23. Herzoge Heinrich von Pressela 160 - 162.rtf,.rtf,text,43502,2009-04-26
ERLEDIGT/Alte Texte/CvKraus - Tanja/CvK Texte 1 b 38 (S 1 b 301),24. Hiltbolt von Swanegöi 163 - 174.rtf,.rtf,text,101581,2009-04-26
ERLEDIGT/Alte Texte/CvKraus - Tanja/CvK Texte 1 b 38 (S 1 b 301),25 Margrave von Hohenburg 175 - 179.rtf,.rtf,text,20071,2009-07-30
ERLEDIGT/Alte Texte/CvKraus - Tanja/CvK Texte 1 b 38 (S 1 b 301),26. Hug von Mülndorf 180.rtf,.rtf,text,35309,2009-04-26
ERLEDIGT/Alte Texte/CvKraus - Tanja/CvK Texte 1 b 38 (S 1 b 301),27. Hug von Werbenwag 181 - 184.rtf,.rtf,text,53252,2009-04-26
ERLEDIGT/Alte Texte/CvKraus - Tanja/CvK Texte 1 b 38 (S 1 b 301),28. Der Kanzler 185 - 217.rtf,.rtf,text,184953,2009-04-26
ERLEDIGT/Alte Texte/CvKraus - Tanja/CvK Texte 1 b 38 (S 1 b 301),29. Der Kol von Niunzen 218 - 219.rtf,.rtf,text,39419,2009-04-26
ERLEDIGT/Alte Texte/CvKraus - Tanja/CvK Texte 1 b 38 (S 1 b 301),3. Bruno von Hornberg 22b25.rtf,.rtf,text,53380,2009-04-26
ERLEDIGT/Alte Texte/CvKraus - Tanja/CvK Texte 1 b 38 (S 1 b 301),30. Kristan von Hamle 220 - 224.rtf,.rtf,text,58636,2009-04-26
ERLEDIGT/Alte Texte/CvKraus - Tanja/CvK Texte 1 b 38 (S 1 b 301),31. Kristan von Luppin 225 - 229.rtf,.rtf,text,82839,2009-04-26
ERLEDIGT/Alte Texte/CvKraus - Tanja/CvK Texte 1 b 38 (S 1 b 301),32. Künig Chuonrat der Junge 230 - 231.rtf,.rtf,text,41147,2009-04-26
ERLEDIGT/Alte Texte/CvKraus - Tanja/CvK Texte 1 b 38 (S 1 b 301),33. Chuonrat von Kilchberg  232 - 238.rtf,.rtf,text,66862,2009-04-26
ERLEDIGT/Alte Texte/CvKraus - Tanja/CvK Texte 1 b 38 (S 1 b 301),34. Der Schenke von Limpurg 238 - 244.rtf,.rtf,text,67335,2009-04-26
ERLEDIGT/Alte Texte/CvKraus - Tanja/CvK Texte 1 b 38 (S 1 b 301),35. Liutolt von Savene 245 - 249.rtf,.rtf,text,66223,2009-04-26
ERLEDIGT/Alte Texte/CvKraus - Tanja/CvK Texte 1 b 38 (S 1 b 301),36. Der Burggrave von Lüenz 250 - 252.rtf,.rtf,text,44053,2009-04-26
ERLEDIGT/Alte Texte/CvKraus - Tanja/CvK Texte 1 b 38 (S 1 b 301),37. Von Munegiur 253 - 255.rtf,.rtf,text,45416,2009-04-26
ERLEDIGT/Alte Texte/CvKraus - Tanja/CvK Texte 1 b 38 (S 1 b 301),38 Namenlos a 255 - 261.rtf,.rtf,text,121270,2009-08-12
ERLEDIGT/Alte Texte/CvKraus - Tanja/CvK Texte 1 b 38 (S 1 b 301),38. Namenlos D 262 - 263.rtf,.rtf,text,43812,2009-04-26
ERLEDIGT/Alte Texte/CvKraus - Tanja/CvK Texte 1 b 38 (S 1 b 301),38. Namenlos El 264.rtf,.rtf,text,36355,2009-04-26
ERLEDIGT/Alte Texte/CvKraus - Tanja/CvK Texte 1 b 38 (S 1 b 301),38. Namenlos h 265 -275.rtf,.rtf,text,81382,2009-04-26
ERLEDIGT/Alte Texte/CvKraus - Tanja/CvK Texte 1 b 38 (S 1 b 301),38. Namenlos i k 276.rtf,.rtf,text,34468,2009-04-26
ERLEDIGT/Alte Texte/CvKraus - Tanja/CvK Texte 1 b 38 (S 1 b 301),38. Namenlos LI 276.rtf,.rtf,text,34779,2009-04-26
ERLEDIGT/Alte Texte/CvKraus - Tanja/CvK Texte 1 b 38 (S 1 b 301),38. Namenlos Mb 277 - 278.rtf,.rtf,text,36415,2009-04-26
ERLEDIGT/Alte Texte/CvKraus - Tanja/CvK Texte 1 b 38 (S 1 b 301),38. Namenlos n 279 - 282.rtf,.rtf,text,52913,2009-04-26
ERLEDIGT/Alte Texte/CvKraus - Tanja/CvK Texte 1 b 38 (S 1 b 301),38. Namenlos p 283 - 284.rtf,.rtf,text,42126,2009-04-26
ERLEDIGT/Alte Texte/CvKraus - Tanja/CvK Texte 1 b 38 (S 1 b 301),38. Namenlos s 185 - 291.rtf,.rtf,text,72592,2009-04-26
ERLEDIGT/Alte Texte/CvKraus - Tanja/CvK Texte 1 b 38 (S 1 b 301),38. Namenlos Sg 292.rtf,.rtf,text,35500,2009-04-22
ERLEDIGT/Alte Texte/CvKraus - Tanja/CvK Texte 1 b 38 (S 1 b 301),38. Namenlos W 293.rtf,.rtf,text,35155,2009-04-22
ERLEDIGT/Alte Texte/CvKraus - Tanja/CvK Texte 1 b 38 (S 1 b 301),38. Namenlos x 294 - 299.rtf,.rtf,text,62824,2009-04-22
ERLEDIGT/Alte Texte/CvKraus - Tanja/CvK Texte 1 b 38 (S 1 b 301),39. Niune 300 - 301.rtf,.rtf,text,46864,2009-04-22
ERLEDIGT/Alte Texte/CvKraus - Tanja/CvK Texte 1 b 38 (S 1 b 301),4 Brunwart von Oughein.rtf,.rtf,text,59383,2009-04-26
ERLEDIGT/Alte Texte/CvKraus - Tanja/CvK Texte 1 b 38 (S 1 b 301),5. Von Buochein.rtf,.rtf,text,45122,2009-04-26
ERLEDIGT/Alte Texte/CvKraus - Tanja/CvK Texte 1 b 38 (S 1 b 301),6. Burkhart von Hohenvels.rtf,.rtf,text,166561,2009-04-26
ERLEDIGT/Alte Texte/CvKraus - Tanja/CvK Texte 1 b 38 (S 1 b 301),7. Dietmar der Setzer 52u53.rtf,.rtf,text,39846,2009-04-26
ERLEDIGT/Alte Texte/CvKraus - Tanja/CvK Texte 1 b 38 (S 1 b 301),8. Der Dürinc 54b58.rtf,.rtf,text,92732,2009-04-26
ERLEDIGT/Alte Texte/CvKraus - Tanja/CvK Texte 1 b 38 (S 1 b 301),9. Der Dürner 59u60.rtf,.rtf,text,40157,2009-04-26
ERLEDIGT/Alte Texte/CvKraus - Tanja/CvK Texte 1 b 38 (S 1 b 301),BRH.txt,.txt,text,3666,2009-07-30
ERLEDIGT/Alte Texte/CvKraus - Tanja/CvK Texte 1 b 38 (S 1 b 301),BUH.txt,.txt,text,22152,2009-07-30
ERLEDIGT/Alte Texte/CvKraus - Tanja/CvK Texte 1 b 38 (S 1 b 301),BVL.txt,.txt,text,2746,2009-08-12
ERLEDIGT/Alte Texte/CvKraus - Tanja/CvK Texte 1 b 38 (S 1 b 301),BVO.txt,.txt,text,3604,2009-07-30
ERLEDIGT/Alte Texte/CvKraus - Tanja/CvK Texte 1 b 38 (S 1 b 301),CKI.txt,.txt,text,7320,2009-08-10
ERLEDIGT/Alte Texte/CvKraus - Tanja/CvK Texte 1 b 38 (S 1 b 301),DDS.txt,.txt,text,2226,2009-07-30
ERLEDIGT/Alte Texte/CvKraus - Tanja/CvK Texte 1 b 38 (S 1 b 301),DGA.txt,.txt,text,1718,2009-07-30
ERLEDIGT/Alte Texte/CvKraus - Tanja/CvK Texte 1 b 38 (S 1 b 301),DUE.txt,.txt,text,1584,2009-07-30
ERLEDIGT/Alte Texte/CvKraus - Tanja/CvK Texte 1 b 38 (S 1 b 301),DUR.txt,.txt,text,6685,2009-07-30
ERLEDIGT/Alte Texte/CvKraus - Tanja/CvK Texte 1 b 38 (S 1 b 301),DWA.txt,.txt,text,18849,2009-08-06
ERLEDIGT/Alte Texte/CvKraus - Tanja/CvK Texte 1 b 38 (S 1 b 301),FVL.txt,.txt,text,1657,2009-08-05
ERLEDIGT/Alte Texte/CvKraus - Tanja/CvK Texte 1 b 38 (S 1 b 301),GEG.txt,.txt,text,2912,2009-08-06
ERLEDIGT/Alte Texte/CvKraus - Tanja/CvK Texte 1 b 38 (S 1 b 301),GVE.txt,.txt,text,2227,2009-08-06
ERLEDIGT/Alte Texte/CvKraus - Tanja/CvK Texte 1 b 38 (S 1 b 301),GVN.txt,.txt,text,58439,2009-08-07
ERLEDIGT/Alte Texte/CvKraus - Tanja/CvK Texte 1 b 38 (S 1 b 301),GVS.txt,.txt,text,3013,2009-08-07
ERLEDIGT/Alte Texte/CvKraus - Tanja/CvK Texte 1 b 38 (S 1 b 301),GVV.txt,.txt,text,10464,2009-08-07
ERLEDIGT/Alte Texte/CvKraus - Tanja/CvK Texte 1 b 38 (S 1 b 301),HAW.txt,.txt,text,5670,2009-08-07
ERLEDIGT/Alte Texte/CvKraus - Tanja/CvK Texte 1 b 38 (S 1 b 301),HDM.txt,.txt,text,2711,2009-08-10
ERLEDIGT/Alte Texte/CvKraus - Tanja/CvK Texte 1 b 38 (S 1 b 301),HHP.txt,.txt,text,2846,2009-08-10
ERLEDIGT/Alte Texte/CvKraus - Tanja/CvK Texte 1 b 38 (S 1 b 301),HHW.txt,.txt,text,6222,2009-08-07
ERLEDIGT/Alte Texte/CvKraus - Tanja/CvK Texte 1 b 38 (S 1 b 301),HMU.txt,.txt,text,480,2009-08-10
ERLEDIGT/Alte Texte/CvKraus - Tanja/CvK Texte 1 b 38 (S 1 b 301),HST.txt,.txt,text,1642,2009-08-21
ERLEDIGT/Alte Texte/CvKraus - Tanja/CvK Texte 1 b 38 (S 1 b 301),HVS.txt,.txt,text,15115,2009-08-10
ERLEDIGT/Alte Texte/CvKraus - Tanja/CvK Texte 1 b 38 (S 1 b 301),HVW.txt,.txt,text,4298,2009-08-10
ERLEDIGT/Alte Texte/CvKraus - Tanja/CvK Texte 1 b 38 (S 1 b 301),HWI.txt,.txt,text,2329,2009-08-21
ERLEDIGT/Alte Texte/CvKraus - Tanja/CvK Texte 1 b 38 (S 1 b 301),KAN.txt,.txt,text,39289,2009-08-10
ERLEDIGT/Alte Texte/CvKraus - Tanja/CvK Texte 1 b 38 (S 1 b 301),KCJ.txt,.txt,text,1393,2009-08-10
ERLEDIGT/Alte Texte/CvKraus - Tanja/CvK Texte 1 b 38 (S 1 b 301),KOL.txt,.txt,text,1571,2009-08-10
ERLEDIGT/Alte Texte/CvKraus - Tanja/CvK Texte 1 b 38 (S 1 b 301),KVH.txt,.txt,text,6080,2009-08-10
ERLEDIGT/Alte Texte/CvKraus - Tanja/CvK Texte 1 b 38 (S 1 b 301),KVL.txt,.txt,text,5796,2009-08-10
ERLEDIGT/Alte Texte/CvKraus - Tanja/CvK Texte 1 b 38 (S 1 b 301),LVS.txt,.txt,text,5949,2009-08-11
ERLEDIGT/Alte Texte/CvKraus - Tanja/CvK Texte 1 b 38 (S 1 b 301),MHM.txt,.txt,text,4626,2009-08-07
ERLEDIGT/Alte Texte/CvKraus - Tanja/CvK Texte 1 b 38 (S 1 b 301),MUN.txt,.txt,text,2576,2009-08-12
ERLEDIGT/Alte Texte/CvKraus - Tanja/CvK Texte 1 b 38 (S 1 b 301),MVH.txt,.txt,text,4724,2009-08-10
ERLEDIGT/Alte Texte/CvKraus - Tanja/CvK Texte 1 b 38 (S 1 b 301),NIU.txt,.txt,text,1814,2009-08-13
ERLEDIGT/Alte Texte/CvKraus - Tanja/CvK Texte 1 b 38 (S 1 b 301),NML.txt,.txt,text,44771,2009-08-13
ERLEDIGT/Alte Texte/CvKraus - Tanja/CvK Texte 1 b 38 (S 1 b 301),OBP.txt,.txt,text,4351,2009-08-13
ERLEDIGT/Alte Texte/CvKraus - Tanja/CvK Texte 1 b 38 (S 1 b 301),OVB.txt,.txt,text,11783,2009-08-21
ERLEDIGT/Alte Texte/CvKraus - Tanja/CvK Texte 1 b 38 (S 1 b 301),OVB.txt.bak,.bak,text,11785,2009-08-14
ERLEDIGT/Alte Texte/CvKraus - Tanja/CvK Texte 1 b 38 (S 1 b 301),PUL.txt,.txt,text,4351,2009-08-13
ERLEDIGT/Alte Texte/CvKraus - Tanja/CvK Texte 1 b 38 (S 1 b 301),RDJ.txt,.txt,text,509,2009-08-13
ERLEDIGT/Alte Texte/CvKraus - Tanja/CvK Texte 1 b 38 (S 1 b 301),RDS.txt,.txt,text,3756,2009-08-14
ERLEDIGT/Alte Texte/CvKraus - Tanja/CvK Texte 1 b 38 (S 1 b 301),RDV.txt,.txt,text,4003,2009-08-13
ERLEDIGT/Alte Texte/CvKraus - Tanja/CvK Texte 1 b 38 (S 1 b 301),RUB.txt,.txt,text,24364,2009-08-13
ERLEDIGT/Alte Texte/CvKraus - Tanja/CvK Texte 1 b 38 (S 1 b 301),RUR.txt,.txt,text,354,2009-08-21
ERLEDIGT/Alte Texte/CvKraus - Tanja/CvK Texte 1 b 38 (S 1 b 301),RUR.txt.bak,.bak,text,356,2009-08-13
ERLEDIGT/Alte Texte/CvKraus - Tanja/CvK Texte 1 b 38 (S 1 b 301),RVB.txt,.txt,text,12256,2009-08-13
ERLEDIGT/Alte Texte/CvKraus - Tanja/CvK Texte 1 b 38 (S 1 b 301),RVR.txt,.txt,text,40062,2009-08-14
ERLEDIGT/Alte Texte/CvKraus - Tanja/CvK Texte 1 b 38 (S 1 b 301),SJT.txt,.txt,text,6160,2009-08-14
ERLEDIGT/Alte Texte/CvKraus - Tanja/CvK Texte 1 b 38 (S 1 b 301),STA.txt,.txt,text,3405,2009-08-14
ERLEDIGT/Alte Texte/CvKraus - Tanja/CvK Texte 1 b 38 (S 1 b 301),SVE.txt,.txt,text,8406,2009-07-30
ERLEDIGT/Alte Texte/CvKraus - Tanja/CvK Texte 1 b 38 (S 1 b 301),SVL.txt,.txt,text,6815,2009-08-11
ERLEDIGT/Alte Texte/CvKraus - Tanja/CvK Texte 1 b 38 (S 1 b 301),TUS.txt,.txt,text,11418,2009-08-14
ERLEDIGT/Alte Texte/CvKraus - Tanja/CvK Texte 1 b 38 (S 1 b 301),UVL.txt,.txt,text,78928,2009-08-18
ERLEDIGT/Alte Texte/CvKraus - Tanja/CvK Texte 1 b 38 (S 1 b 301),UVW.txt,.txt,text,57790,2009-08-21
ERLEDIGT/Alte Texte/CvKraus - Tanja/CvK Texte 1 b 38 (S 1 b 301),UVW.txt.bak,.bak,text,57792,2009-08-19
ERLEDIGT/Alte Texte/CvKraus - Tanja/CvK Texte 1 b 38 (S 1 b 301),UWL.txt,.txt,text,25542,2009-08-21
ERLEDIGT/Alte Texte/CvKraus - Tanja/CvK Texte 1 b 38 (S 1 b 301),UWL.txt.bak,.bak,text,25536,2009-08-21
ERLEDIGT/Alte Texte/CvKraus - Tanja/CvK Texte 1 b 38 (S 1 b 301),VBU.txt,.txt,text,2947,2009-07-30
ERLEDIGT/Alte Texte/CvKraus - Tanja/CvK Texte 1 b 38 (S 1 b 301),VDK.txt,.txt,text,6422,2009-08-05
ERLEDIGT/Alte Texte/CvKraus - Tanja/CvK Texte 1 b 38 (S 1 b 301),VOB.txt,.txt,text,6163,2009-08-13
ERLEDIGT/Alte Texte/CvKraus - Tanja/CvK Texte 1 b 38 (S 1 b 301),VSA.txt,.txt,text,6251,2009-08-14
ERLEDIGT/Alte Texte/CvKraus - Tanja/CvK Texte 1 b 38 (S 1 b 301),VSB.txt,.txt,text,2422,2009-08-14
ERLEDIGT/Alte Texte/CvKraus - Tanja/CvK Texte 1 b 38 (S 1 b 301),VST.txt,.txt,text,2111,2009-08-14
ERLEDIGT/Alte Texte/CvKraus - Tanja/CvK Texte 1 b 38 (S 1 b 301),VSU.txt,.txt,text,2239,2009-08-14
ERLEDIGT/Alte Texte/CvKraus - Tanja/CvK Texte 1 b 38 (S 1 b 301),VWI.txt,.txt,text,2896,2009-08-21
ERLEDIGT/Alte Texte/CvKraus - Tanja/CvK Texte 1 b 38 (S 1 b 301),WME.txt,.txt,text,11531,2009-08-21
ERLEDIGT/Alte Texte/CvKraus - Tanja/CvK Texte 1 b 38 (S 1 b 301),WVB.txt,.txt,text,4568,2009-08-21
ERLEDIGT/Alte Texte/CvKraus - Tanja/CvK Texte 1 b 38 (S 1 b 301),WVE.txt,.txt,text,10585,2009-08-21
ERLEDIGT/Alte Texte/CvKraus - Tanja/CvK Texte 1 b 38 (S 1 b 301),WVG.txt,.txt,text,1988,2009-08-21
ERLEDIGT/Alte Texte/CvKraus - Tanja/CvK Texte 1 b 38 (S 1 b 301),WVH.txt,.txt,text,3084,2009-08-21
ERLEDIGT/Alte Texte/CvKraus - Tanja/CvK Texte 1 b 38 (S 1 b 301),WVK.txt,.txt,text,5914,2009-08-18
ERLEDIGT/Alte Texte/CvKraus - Tanja/CvK Texte 1 b 38 (S 1 b 301),WVM.txt,.txt,text,3019,2009-08-18
ERLEDIGT/Alte Texte/CvKraus - Tanja/CvK Texte 1 b 38 (S 1 b 301),WVP.txt,.txt,text,8900,2009-08-21
ERLEDIGT/Alte Texte/RF,0001.tif,.tif,scan,8529080,2011-07-19
ERLEDIGT/Alte Texte/RF,0002.tif,.tif,scan,8653228,2011-07-19
ERLEDIGT/Alte Texte/RF,0003.tif,.tif,scan,8946184,2011-07-19
ERLEDIGT/Alte Texte/RF,0004.tif,.tif,scan,8878520,2011-07-19
ERLEDIGT/Alte Texte/RF,0005.tif,.tif,scan,8888128,2011-07-19
ERLEDIGT/Alte Texte/RF,0006.tif,.tif,scan,9045188,2011-07-19
ERLEDIGT/Alte Texte/RF,0007.tif,.tif,scan,9092208,2011-07-19
ERLEDIGT/Alte Texte/RF,0008.tif,.tif,scan,9041688,2011-07-19
ERLEDIGT/Alte Texte/RF,0009.tif,.tif,scan,9112712,2011-07-19
ERLEDIGT/Alte Texte/RF,0010.tif,.tif,scan,8854316,2011-07-19
ERLEDIGT/Alte Texte/RF,0011.tif,.tif,scan,8959076,2011-07-19
ERLEDIGT/Alte Texte/RF,0012.tif,.tif,scan,9209328,2011-07-19
ERLEDIGT/Alte Texte/SUW,0001.tif,.tif,scan,8649492,2010-11-27
ERLEDIGT/Alte Texte/SUW,0002.tif,.tif,scan,8831840,2010-11-27
ERLEDIGT/Alte Texte/SUW,0003.tif,.tif,scan,8591144,2010-11-27
ERLEDIGT/Alte Texte/SUW,0004.tif,.tif,scan,8611760,2010-11-27
ERLEDIGT/Alte Texte/SUW,0005.tif,.tif,scan,8620460,2010-11-27
ERLEDIGT/Alte Texte/SUW,0006.tif,.tif,scan,8679172,2010-11-27
ERLEDIGT/Alte Texte/SUW,0007.tif,.tif,scan,8648540,2010-11-27
ERLEDIGT/Alte Texte/SUW,0008.tif,.tif,scan,8634024,2010-11-27
ERLEDIGT/Alte Texte/SUW,0009.tif,.tif,scan,8692252,2010-11-27
ERLEDIGT/Alte Texte/SUW,0010.tif,.tif,scan,8731400,2010-11-27
ERLEDIGT/CvK_KLD_codiert,BRH.txt,.txt,text,6028,2011-05-26
ERLEDIGT/CvK_KLD_codiert,BUH.txt,.txt,text,37202,2011-05-26
ERLEDIGT/CvK_KLD_codiert,BVL.txt,.txt,text,4484,2011-05-26
ERLEDIGT/CvK_KLD_codiert,BVO.txt,.txt,text,6073,2011-05-26
ERLEDIGT/CvK_KLD_codiert,CKI.txt,.txt,text,12197,2011-05-26
ERLEDIGT/CvK_KLD_codiert,DDS.txt,.txt,text,3354,2011-05-27
ERLEDIGT/CvK_KLD_codiert,DGA.txt,.txt,text,2576,2011-05-27
ERLEDIGT/CvK_KLD_codiert,DUE.txt,.txt,text,2468,2011-05-27
ERLEDIGT/CvK_KLD_codiert,DUR.txt,.txt,text,10501,2011-05-27
ERLEDIGT/CvK_KLD_codiert,DWA.txt,.txt,text,32380,2011-05-27
ERLEDIGT/CvK_KLD_codiert,FVL.txt,.txt,text,2871,2011-05-27
ERLEDIGT/CvK_KLD_codiert,GEG.txt,.txt,text,4520,2011-05-27
ERLEDIGT/CvK_KLD_codiert,GVE.txt,.txt,text,3630,2011-05-27
ERLEDIGT/CvK_KLD_codiert,GVN.txt,.txt,text,94901,2011-05-27
ERLEDIGT/CvK_KLD_codiert,GVS.txt,.txt,text,4796,2011-05-27
ERLEDIGT/CvK_KLD_codiert,GVV.txt,.txt,text,17534,2011-05-30
ERLEDIGT/CvK_KLD_codiert,HAW.txt,.txt,text,8874,2011-05-27
ERLEDIGT/CvK_KLD_codiert,HDM.txt,.txt,text,4176,2011-05-27
ERLEDIGT/CvK_KLD_codiert,HHP.txt,.txt,text,4338,2011-05-27
ERLEDIGT/CvK_KLD_codiert,HHW.txt,.txt,text,9227,2011-05-27
ERLEDIGT/CvK_KLD_codiert,HMU.txt,.txt,text,755,2011-05-27
ERLEDIGT/CvK_KLD_codiert,HST.txt,.txt,text,2599,2011-05-27
ERLEDIGT/CvK_KLD_codiert,HVS.txt,.txt,text,21322,2011-05-27
ERLEDIGT/CvK_KLD_codiert,HVW.txt,.txt,text,6843,2011-05-27
ERLEDIGT/CvK_KLD_codiert,HWI.txt,.txt,text,3814,2011-05-27
ERLEDIGT/CvK_KLD_codiert,KAN.txt,.txt,text,66139,2011-05-30
ERLEDIGT/CvK_KLD_codiert,KCJ.txt,.txt,text,2157,2011-05-30
ERLEDIGT/CvK_KLD_codiert,KOL.txt,.txt,text,2274,2011-05-30
ERLEDIGT/CvK_KLD_codiert,KVH.txt,.txt,text,9726,2011-05-30
ERLEDIGT/CvK_KLD_codiert,KVL.txt,.txt,text,9322,2011-05-30
ERLEDIGT/CvK_KLD_codiert,LVS.txt,.txt,text,9187,2011-05-30
ERLEDIGT/CvK_KLD_codiert,MHM.txt,.txt,text,7409,2011-05-30
ERLEDIGT/CvK_KLD_codiert,MUN.txt,.txt,text,4128,2011-05-30
ERLEDIGT/CvK_KLD_codiert,MVH.txt,.txt,text,7616,2011-05-30
ERLEDIGT/CvK_KLD_codiert,NIU.txt,.txt,text,2835,2011-05-30
ERLEDIGT/CvK_KLD_codiert,NML.txt,.txt,text,75088,2011-05-30
ERLEDIGT/CvK_KLD_codiert,OBP.txt,.txt,text,6975,2011-05-30
ERLEDIGT/CvK_KLD_codiert,OVB.txt,.txt,text,18306,2011-05-30
ERLEDIGT/CvK_KLD_codiert,PUL.txt,.txt,text,7023,2011-05-30
ERLEDIGT/CvK_KLD_codiert,RDJ.txt,.txt,text,788,2011-05-30
ERLEDIGT/CvK_KLD_codiert,RDS.txt,.txt,text,6012,2011-05-30
ERLEDIGT/CvK_KLD_codiert,RDV.txt,.txt,text,5807,2011-05-30
ERLEDIGT/CvK_KLD_codiert,RUB.txt,.txt,text,38897,2011-05-30
ERLEDIGT/CvK_KLD_codiert,RUR.txt,.txt,text,566,2011-05-30
ERLEDIGT/CvK_KLD_codiert,RVB.txt,.txt,text,18157,2011-05-30
ERLEDIGT/CvK_KLD_codiert,RVR.txt,.txt,text,63785,2011-05-30
ERLEDIGT/CvK_KLD_codiert,SJT.txt,.txt,text,9543,2011-05-30
ERLEDIGT/CvK_KLD_codiert,STA.txt,.txt,text,5795,2011-05-30
ERLEDIGT/CvK_KLD_codiert,SVE.txt,.txt,text,12216,2011-05-27
ERLEDIGT/CvK_KLD_codiert,SVL.txt,.txt,text,11370,2011-05-30
ERLEDIGT/CvK_KLD_codiert,TUS.txt,.txt,text,18344,2011-05-30
ERLEDIGT/CvK_KLD_codiert,UVL.txt,.txt,text,129711,2011-06-07
ERLEDIGT/CvK_KLD_codiert,UVW.txt,.txt,text,93812,2011-06-07
ERLEDIGT/CvK_KLD_codiert,UWL.txt,.txt,text,37907,2011-06-07
ERLEDIGT/CvK_KLD_codiert,VBU.txt,.txt,text,4808,2011-06-07
ERLEDIGT/CvK_KLD_codiert,VDK.txt,.txt,text,10988,2011-06-07
ERLEDIGT/CvK_KLD_codiert,VOB.txt,.txt,text,9990,2011-06-07
ERLEDIGT/CvK_KLD_codiert,VSA.txt,.txt,text,10054,2011-06-07
ERLEDIGT/CvK_KLD_codiert,VSB.txt,.txt,text,4137,2011-06-07
ERLEDIGT/CvK_KLD_codiert,VST.txt,.txt,text,3457,2011-06-07
ERLEDIGT/CvK_KLD_codiert,VSU.txt,.txt,text,3570,2011-06-07
ERLEDIGT/CvK_KLD_codiert,VWI.txt,.txt,text,4542,2011-06-07
ERLEDIGT/CvK_KLD_codiert,WME.txt,.txt,text,18250,2011-06-07
ERLEDIGT/CvK_KLD_codiert,WVB.txt,.txt,text,7142,2011-06-07
ERLEDIGT/CvK_KLD_codiert,WVE.txt,.txt,text,17528,2011-06-09
ERLEDIGT/CvK_KLD_codiert,WVG.txt,.txt,text,3073,2011-06-09
ERLEDIGT/CvK_KLD_codiert,WVH.txt,.txt,text,5158,2011-06-09
ERLEDIGT/CvK_KLD_codiert,WVK.txt,.txt,text,9611,2011-06-09
ERLEDIGT/CvK_KLD_codiert,WVM.txt,.txt,text,4995,2011-06-09
ERLEDIGT/CvK_KLD_codiert,WVP.txt,.txt,text,14072,2011-06-09
ERLEDIGT/Der junge Meißner,Anmerkung zu Der Junge Meißner.doc,.doc,text,23552,2010-09-20
ERLEDIGT/Der junge Meißner,Der Junge Meißner RTF.rtf,.rtf,text,539532,2010-09-23
ERLEDIGT/Der junge Meißner,Der Junge Meißner RTF_cod.docx,.docx,text,107655,2013-10-23
ERLEDIGT/Der junge Meißner,DJUM.txt,.txt,text,124350,2013-10-23
ERLEDIGT/Der junge Meißner/Der Junge Meißner Bilder,Der Junge Meißner0001.tif,.tif,scan,194266,2010-08-25
ERLEDIGT/Der junge Meißner/Der Junge Meißner Bilder,Der Junge Meißner0002.tif,.tif,scan,216520,2010-08-25
ERLEDIGT/Der junge Meißner/Der Junge Meißner Bilder,Der Junge Meißner0003.tif,.tif,scan,213436,2010-08-25
ERLEDIGT/Der junge Meißner/Der Junge Meißner Bilder,Der Junge Meißner0004.tif,.tif,scan,242856,2010-08-25
ERLEDIGT/Der junge Meißner/Der Junge Meißner Bilder,Der Junge Meißner0005.tif,.tif,scan,211650,2010-08-25
ERLEDIGT/Der junge Meißner/Der Junge Meißner Bilder,Der Junge Meißner0006.tif,.tif,scan,218810,2010-08-25
ERLEDIGT/Der junge Meißner/Der Junge Meißner Bilder,Der Junge Meißner0007.tif,.tif,scan,208472,2010-08-25
ERLEDIGT/Der junge Meißner/Der Junge Meißner Bilder,Der Junge Meißner0008.tif,.tif,scan,214576,2010-08-25
ERLEDIGT/Der junge Meißner/Der Junge Meißner Bilder,Der Junge Meißner0009.tif,.tif,scan,208152,2010-08-25
ERLEDIGT/Der junge Meißner/Der Junge Meißner Bilder,Der Junge Meißner0010.tif,.tif,scan,214168,2010-08-25
ERLEDIGT/Der junge Meißner/Der Junge Meißner Bilder,Der Junge Meißner0011.tif,.tif,scan,215346,2010-08-25
ERLEDIGT/Der junge Meißner/Der Junge Meißner Bilder,Der Junge Meißner0014.tif,.tif,scan,220142,2010-08-25
ERLEDIGT/Der junge Meißner/Der Junge Meißner Bilder,Der Junge Meißner0015.tif,.tif,scan,210834,2010-08-25
ERLEDIGT/Der junge Meißner/Der Junge Meißner Bilder,Der Junge Meißner0016.tif,.tif,scan,215352,2010-08-25
ERLEDIGT/Der junge Meißner/Der Junge Meißner Bilder,Der Junge Meißner0017.tif,.tif,scan,215470,2010-08-25
ERLEDIGT/Der junge Meißner/Der Junge Meißner Bilder,Der Junge Meißner0018.tif,.tif,scan,211118,2010-08-25
ERLEDIGT/Der junge Meißner/Der Junge Meißner Bilder,Der Junge Meißner0019.tif,.tif,scan,213420,2010-08-25
ERLEDIGT/Der junge Meißner/Der Junge Meißner Bilder,Der Junge Meißner0020.tif,.tif,scan,216820,2010-08-25
ERLEDIGT/Der junge Meißner/Der Junge Meißner Bilder,Der Junge Meißner0021.tif,.tif,scan,222908,2010-08-25
ERLEDIGT/Der junge Meißner/Der Junge Meißner Bilder,Der Junge Meißner0022.tif,.tif,scan,218298,2010-08-25
ERLEDIGT/Der junge Meißner/Der Junge Meißner Bilder,Der Junge Meißner0023.tif,.tif,scan,221172,2010-08-25
ERLEDIGT/Der junge Meißner/Der Junge Meißner Bilder,Der Junge Meißner0024.tif,.tif,scan,221616,2010-08-25
ERLEDIGT/Der junge Meißner/Der Junge Meißner Bilder,Der Junge Meißner0025.tif,.tif,scan,197130,2010-08-25
ERLEDIGT/Der junge Meißner/Der Junge Meißner Bilder,Der Junge Meißner0026.tif,.tif,scan,191738,2010-08-25
ERLEDIGT/Der junge Meißner/Der Junge Meißner Bilder,Der Junge Meißner0027.tif,.tif,scan,205670,2010-08-25
ERLEDIGT/Der junge Meißner/Der Junge Meißner Bilder,Der Junge Meißner0028.tif,.tif,scan,217874,2010-08-25
ERLEDIGT/Der junge Meißner/Der Junge Meißner Bilder,Der Junge Meißner0029.tif,.tif,scan,216830,2010-08-25
ERLEDIGT/Der junge Meißner/Der Junge Meißner Bilder,Der Junge Meißner0030.tif,.tif,scan,213874,2010-08-25
ERLEDIGT/Der junge Meißner/Der Junge Meißner Bilder,Der Junge Meißner0031.tif,.tif,scan,219758,2010-08-25
ERLEDIGT/Der junge Meißner/Der Junge Meißner Bilder,Der Junge Meißner0032.tif,.tif,scan,220508,2010-08-25
ERLEDIGT/Der junge Meißner/Der Junge Meißner Bilder,Der Junge Meißner0033.tif,.tif,scan,213524,2010-08-25
ERLEDIGT/Der junge Meißner/Der Junge Meißner Bilder,Der Junge Meißner0034.tif,.tif,scan,216466,2010-08-25
ERLEDIGT/Der junge Meißner/Der Junge Meißner Bilder,Der Junge Meißner0035.tif,.tif,scan,216164,2010-08-25
ERLEDIGT/Der junge Meißner/Der Junge Meißner Bilder,Der Junge Meißner0036.tif,.tif,scan,218508,2010-08-25
ERLEDIGT/Der junge Meißner/Der Junge Meißner Bilder,Der Junge Meißner0037.tif,.tif,scan,211720,2010-08-25
ERLEDIGT/Der junge Meißner/Der Junge Meißner Bilder,Der Junge Meißner0038.tif,.tif,scan,210040,2010-08-25
ERLEDIGT/Der junge Meißner/Der Junge Meißner Bilder,Der Junge Meißner0039.tif,.tif,scan,219242,2010-08-25
ERLEDIGT/Der junge Meißner/Der Junge Meißner Bilder,Der Junge Meißner0040.tif,.tif,scan,219042,2010-08-25
ERLEDIGT/Der junge Meißner/Der Junge Meißner Bilder,Der Junge Meißner0041.tif,.tif,scan,212376,2010-08-25
ERLEDIGT/Der junge Meißner/Der Junge Meißner Bilder,Der Junge Meißner0042.tif,.tif,scan,218808,2010-08-25
ERLEDIGT/Der junge Meißner/Der Junge Meißner Bilder,Der Junge Meißner0043.tif,.tif,scan,220364,2010-08-25
ERLEDIGT/Der junge Meißner/Der Junge Meißner Bilder,Der Junge Meißner0044.tif,.tif,scan,213814,2010-08-25
ERLEDIGT/Der junge Meißner/Der Junge Meißner Bilder,Der Junge Meißner0045.tif,.tif,scan,221268,2010-08-25
ERLEDIGT/Der junge Meißner/Der Junge Meißner Bilder,Der Junge Meißner0046.tif,.tif,scan,216650,2010-08-25
ERLEDIGT/Der junge Meißner/Der Junge Meißner Bilder,Der Junge Meißner0047.tif,.tif,scan,227304,2010-08-25
ERLEDIGT/Der junge Meißner/Der Junge Meißner Bilder,Der Junge Meißner0048.tif,.tif,scan,214480,2010-08-25
ERLEDIGT/Der junge Meißner/Der Junge Meißner Bilder,Der Junge Meißner0049.tif,.tif,scan,213826,2010-08-25
ERLEDIGT/Der junge Meißner/Der Junge Meißner Bilder,Der Junge Meißner0050.tif,.tif,scan,225778,2010-08-25
ERLEDIGT/Der junge Meißner/Der Junge Meißner Bilder,Der Junge Meißner0051.tif,.tif,scan,211906,2010-08-25
ERLEDIGT/Der junge Meißner/Der Junge Meißner Bilder,Der Junge Meißner0052.tif,.tif,scan,222838,2010-08-25
ERLEDIGT/Der junge Meißner/Der Junge Meißner Bilder,Der Junge Meißner0053.tif,.tif,scan,240290,2010-08-25
ERLEDIGT/Der junge Meißner/Der Junge Meißner Bilder,Der Junge Meißner0054.tif,.tif,scan,233246,2010-08-25
ERLEDIGT/Der junge Meißner/Der Junge Meißner Bilder,Der Junge Meißner0055.tif,.tif,scan,231616,2010-08-25
ERLEDIGT/Der junge Meißner/Der Junge Meißner Bilder,Der Junge Meißner0056.tif,.tif,scan,225992,2010-08-25
ERLEDIGT/Der junge Meißner/Der Junge Meißner Bilder,Der Junge Meißner0057.tif,.tif,scan,214406,2010-08-25
ERLEDIGT/Der junge Meißner/Der Junge Meißner Bilder,Der Junge Meißner0058.tif,.tif,scan,213304,2010-08-25
ERLEDIGT/Der junge Meißner/Der Junge Meißner Bilder,Der Junge Meißner0059.tif,.tif,scan,210898,2010-08-25
ERLEDIGT/Der junge Meißner/Der Junge Meißner Bilder,Der Junge Meißner0060.tif,.tif,scan,218062,2010-08-25
ERLEDIGT/Der junge Meißner/Der Junge Meißner Bilder,Der Junge Meißner0061.tif,.tif,scan,221388,2010-08-25
ERLEDIGT/Der junge Meißner/Der Junge Meißner Bilder,Der Junge Meißner0062.tif,.tif,scan,218540,2010-08-25
ERLEDIGT/Der junge Meißner/Der Junge Meißner Bilder,Der Junge Meißner0063.tif,.tif,scan,218204,2010-08-25
ERLEDIGT/Der junge Meißner/Der Junge Meißner Bilder,Der Junge Meißner0065.tif,.tif,scan,237880,2010-08-25
ERLEDIGT/Der junge Meißner/Der Junge Meißner Bilder,Der Junge Meißner0066.tif,.tif,scan,234336,2010-08-25
ERLEDIGT/Der junge Meißner/Der Junge Meißner Bilder,Der Junge Meißner0067.tif,.tif,scan,235258,2010-08-25
ERLEDIGT/Der junge Meißner/Der Junge Meißner Bilder,Der Junge Meißner0068.tif,.tif,scan,233130,2010-08-25
ERLEDIGT/Der junge Meißner/Der Junge Meißner Bilder,Der Junge Meißner0069.tif,.tif,scan,239538,2010-08-25
ERLEDIGT/Der junge Meißner/Der Junge Meißner Bilder,Der Junge Meißner0070.tif,.tif,scan,228902,2010-08-25
ERLEDIGT/Der junge Meißner/Der Junge Meißner Bilder,Der Junge Meißner0071.tif,.tif,scan,217472,2010-08-25
ERLEDIGT/Der junge Meißner/Der Junge Meißner Bilder,Der Junge Meißner0072.tif,.tif,scan,220142,2010-08-25
ERLEDIGT/Der junge Meißner/Der Junge Meißner Bilder,Der Junge Meißner0073.tif,.tif,scan,212000,2010-08-25
ERLEDIGT/Der junge Meißner/Der Junge Meißner Bilder,Der Junge Meißner0074.tif,.tif,scan,213482,2010-08-25
ERLEDIGT/Der junge Meißner/Der Junge Meißner Bilder,Der Junge Meißner0075.tif,.tif,scan,213828,2010-08-25
ERLEDIGT/Der junge Meißner/Der Junge Meißner Bilder,Der Junge Meißner0076.tif,.tif,scan,216438,2010-08-25
ERLEDIGT/Der junge Meißner/Der Junge Meißner Bilder,Der Junge Meißner0077.tif,.tif,scan,217068,2010-08-25
ERLEDIGT/Der junge Meißner/Der Junge Meißner Bilder,Der Junge Meißner0078.tif,.tif,scan,210578,2010-08-25
ERLEDIGT/Der junge Meißner/Der Junge Meißner Bilder,Der Junge Meißner0079.tif,.tif,scan,214182,2010-08-25
ERLEDIGT/Der junge Meißner/Der Junge Meißner Bilder,Der Junge Meißner0080.tif,.tif,scan,222492,2010-08-25
ERLEDIGT/Der junge Meißner/Der Junge Meißner Bilder,Der Junge Meißner0081.tif,.tif,scan,214208,2010-08-25
ERLEDIGT/Der junge Meißner/Der Junge Meißner Bilder,Der Junge Meißner0082.tif,.tif,scan,219244,2010-08-25
ERLEDIGT/Der junge Meißner/Der Junge Meißner Bilder,Der Junge Meißner0083.tif,.tif,scan,211392,2010-08-25
ERLEDIGT/Der junge Meißner/Der Junge Meißner Bilder,Der Junge Meißner0084.tif,.tif,scan,220470,2010-08-25
ERLEDIGT/Der junge Meißner/Der Junge Meißner Bilder,Der Junge Meißner0085.tif,.tif,scan,221570,2010-08-25
ERLEDIGT/Der junge Meißner/Der Junge Meißner Bilder,Der Junge Meißner0086.tif,.tif,scan,180842,2010-08-25
ERLEDIGT/Der junge Meißner/Der Junge Meißner Bilder,Der Junge Meißner0088.tif,.tif,scan,198208,2010-08-25
ERLEDIGT/Der junge Meißner/Der Junge Meißner Bilder,Der Junge Meißner0089.tif,.tif,scan,214502,2010-08-25
ERLEDIGT/Der junge Meißner/Der Junge Meißner Bilder,Der Junge Meißner0090.tif,.tif,scan,216938,2010-08-25
ERLEDIGT/Der junge Meißner/Der Junge Meißner Bilder,Der Junge Meißner0091.tif,.tif,scan,209310,2010-08-25
ERLEDIGT/Der Mantel,batch.options.xml,.xml,text,10138,2014-08-04
ERLEDIGT/Der Mantel Bilder,Der Mantel - 0001.tif,.tif,scan,519894,2014-07-28
ERLEDIGT/Der Mantel Bilder,Der Mantel - 0002.tif,.tif,scan,583272,2014-07-28
ERLEDIGT/Der Mantel Bilder,Der Mantel - 0003.tif,.tif,scan,543618,2014-07-28
ERLEDIGT/Der Mantel Bilder,Der Mantel - 0004.tif,.tif,scan,579984,2014-07-28
ERLEDIGT/Der Mantel Bilder,Der Mantel - 0005.tif,.tif,scan,606826,2014-07-28
ERLEDIGT/Der Mantel Bilder,Der Mantel - 0006.tif,.tif,scan,471444,2014-07-28
ERLEDIGT/Der Mantel Bilder,Der Mantel - 0007.tif,.tif,scan,290288,2014-07-28
ERLEDIGT/Der Mantel Bilder,Der Mantel - 0008.tif,.tif,scan,381536,2014-07-28
ERLEDIGT/Der Mantel Bilder,Der Mantel - 0009.tif,.tif,scan,383168,2014-07-28
ERLEDIGT/Der Mantel Bilder,Der Mantel - 0010.tif,.tif,scan,544358,2014-07-28
ERLEDIGT/Der Mantel Bilder,Der Mantel - 0011.tif,.tif,scan,317592,2014-07-28
ERLEDIGT/Der Mantel Bilder,Der Mantel - 0012.tif,.tif,scan,315746,2014-07-28
ERLEDIGT/Der Mantel Bilder,Der Mantel - 0013.tif,.tif,scan,343532,2014-07-28
ERLEDIGT/Der Mantel Bilder,Der Mantel - 0014.tif,.tif,scan,477010,2014-07-28
ERLEDIGT/Der Mantel Bilder,Der Mantel - 0015.tif,.tif,scan,415654,2014-07-28
ERLEDIGT/Der Mantel Bilder,Der Mantel - 0016.tif,.tif,scan,388724,2014-07-28
ERLEDIGT/Der Mantel Bilder,Der Mantel - 0017.tif,.tif,scan,380196,2014-07-28
ERLEDIGT/Der Mantel Bilder,Der Mantel - 0018.tif,.tif,scan,289594,2014-07-28
ERLEDIGT/Der Mantel Bilder,Der Mantel - 0019.tif,.tif,scan,272930,2014-07-28
ERLEDIGT/Der Mantel Bilder,Der Mantel - 0020.tif,.tif,scan,274672,2014-07-28
ERLEDIGT/Der Mantel Bilder,Der Mantel - 0021.tif,.tif,scan,464678,2014-07-28
ERLEDIGT/Der Mantel Bilder,Der Mantel - 0022.tif,.tif,scan,354324,2014-07-28
ERLEDIGT/Der Mantel Bilder,Der Mantel - 0023.tif,.tif,scan,302358,2014-07-28
ERLEDIGT/Der Mantel Bilder,Der Mantel - 0024.tif,.tif,scan,397394,2014-07-28
ERLEDIGT/Der Mantel Bilder,Der Mantel - 0025.tif,.tif,scan,395074,2014-07-28
ERLEDIGT/Der Mantel Bilder,Der Mantel - 0026.tif,.tif,scan,468786,2014-07-28
ERLEDIGT/Der Mantel Bilder,Der Mantel - 0027.tif,.tif,scan,344436,2014-07-28
ERLEDIGT/Der Mantel Bilder,Der Mantel - 0028.tif,.tif,scan,364556,2014-07-28
ERLEDIGT/Der Mantel Bilder,Der Mantel - 0029.tif,.tif,scan,476220,2014-07-28
ERLEDIGT/Der Mantel Bilder,Der Mantel - 0030.tif,.tif,scan,257754,2014-07-28
ERLEDIGT/Der Mantel Bilder,Der Mantel - 0031.tif,.tif,scan,442522,2014-07-28
ERLEDIGT/Der Mantel Bilder,Der Mantel - 0032.tif,.tif,scan,387722,2014-07-28
ERLEDIGT/Der Mantel Bilder,Der Mantel - 0033.tif,.tif,scan,526716,2014-07-28
ERLEDIGT/Der Mantel Bilder,Der Mantel - 0034.tif,.tif,scan,380922,2014-07-28
ERLEDIGT/Der Mantel Bilder,Der Mantel - 0035.tif,.tif,scan,486838,2014-07-28
ERLEDIGT/Der Mantel Bilder,Der Mantel - 0036.tif,.tif,scan,270060,2014-07-28
ERLEDIGT/Der Mantel Bilder,Der Mantel - 0037.tif,.tif,scan,200610,2014-07-28
ERLEDIGT/Der Mantel Bilder,Der Mantel - 0038.tif,.tif,scan,352210,2014-07-28
ERLEDIGT/Der Mantel Bilder,Der Mantel - 0039.tif,.tif,scan,433536,2014-07-28
ERLEDIGT/Der Mantel Bilder,Der Mantel - 0040.tif,.tif,scan,621892,2014-07-28
ERLEDIGT/Der Mantel Bilder,Der Mantel - 0041.tif,.tif,scan,397468,2014-07-28
ERLEDIGT/Der Mantel Bilder,Der Mantel - 0042.tif,.tif,scan,343962,2014-07-28
ERLEDIGT/Der Mantel Bilder,Der Mantel - 0043.tif,.tif,scan,389930,2014-07-28
ERLEDIGT/Der Mantel Bilder,Der Mantel - 0044.tif,.tif,scan,273386,2014-07-28
ERLEDIGT/Der Mantel Bilder,Der Mantel - 0045.tif,.tif,scan,480116,2014-07-28
ERLEDIGT/Der Mantel Bilder,Der Mantel - 0046.tif,.tif,scan,421750,2014-07-28
ERLEDIGT/Der Mantel Bilder,Der Mantel - 0047.tif,.tif,scan,77504,2014-07-28
ERLEDIGT/Der Mantel/temp,Plustek%32OpticBook%324800%400%41.bmp,.bmp,scan,997918,2014-07-28
ERLEDIGT/Der Marner,andereAutoren.docx,.docx,text,15249,2013-03-26
ERLEDIGT/Der Marner,Der Marner Anmerkungen.doc,.doc,text,27136,2011-08-08
ERLEDIGT/Der Marner,Der Marner gesamt.rtf,.rtf,text,361042,2013-03-13
ERLEDIGT/Der Marner,MML.txt,.txt,text,131222,2013-04-24
ERLEDIGT/Der Marner,MRL.txt,.txt,text,26008,2013-03-13
ERLEDIGT/Der Marner,MRS.txt,.txt,text,114585,2013-03-27
ERLEDIGT/Der Marner/Der Marner Bilder,Der Marner0001.tif,.tif,scan,22009068,2011-05-18
ERLEDIGT/Der Marner/Der Marner Bilder,Der Marner0002.tif,.tif,scan,8806720,2011-05-18
ERLEDIGT/Der Marner/Der Marner Bilder,Der Marner0003.tif,.tif,scan,14939024,2011-05-18
ERLEDIGT/Der Marner/Der Marner Bilder,Der Marner0004.tif,.tif,scan,12676636,2011-05-18
ERLEDIGT/Der Marner/Der Marner Bilder,Der Marner0005.tif,.tif,scan,12008562,2011-05-18
ERLEDIGT/Der Marner/Der Marner Bilder,Der Marner0006.tif,.tif,scan,133560,2011-05-18
ERLEDIGT/Der Marner/Der Marner Bilder,Der Marner0007.tif,.tif,scan,159982,2011-05-18
ERLEDIGT/Der Marner/Der Marner Bilder,Der Marner0008.tif,.tif,scan,105226,2011-05-18
ERLEDIGT/Der Marner/Der Marner Bilder,Der Marner0009.tif,.tif,scan,129854,2011-05-18
ERLEDIGT/Der Marner/Der Marner Bilder,Der Marner0010.tif,.tif,scan,164464,2011-05-18
ERLEDIGT/Der Marner/Der Marner Bilder,Der Marner0011.tif,.tif,scan,155076,2011-05-18
ERLEDIGT/Der Marner/Der Marner Bilder,Der Marner0012.tif,.tif,scan,173164,2011-05-18
ERLEDIGT/Der Marner/Der Marner Bilder,Der Marner0013.tif,.tif,scan,93316,2011-05-18
ERLEDIGT/Der Marner/Der Marner Bilder,Der Marner0014.tif,.tif,scan,121212,2011-05-18
ERLEDIGT/Der Marner/Der Marner Bilder,Der Marner0015.tif,.tif,scan,117882,2011-05-18
ERLEDIGT/Der Marner/Der Marner Bilder,Der Marner0016.tif,.tif,scan,92844,2011-05-18
ERLEDIGT/Der Marner/Der Marner Bilder,Der Marner0017.tif,.tif,scan,200764,2011-05-18
ERLEDIGT/Der Marner/Der Marner Bilder,Der Marner0018.tif,.tif,scan,151384,2011-05-18
ERLEDIGT/Der Marner/Der Marner Bilder,Der Marner0019.tif,.tif,scan,226644,2011-05-18
ERLEDIGT/Der Marner/Der Marner Bilder,Der Marner0020.tif,.tif,scan,143838,2011-05-18
ERLEDIGT/Der Marner/Der Marner Bilder,Der Marner0021.tif,.tif,scan,136554,2011-05-18
ERLEDIGT/Der Marner/Der Marner Bilder,Der Marner0022.tif,.tif,scan,154398,2011-05-18
ERLEDIGT/Der Marner/Der Marner Bilder,Der Marner0023.tif,.tif,scan,84294,2011-05-18
ERLEDIGT/Der Marner/Der Marner Bilder,Der Marner0024.tif,.tif,scan,164380,2011-05-18
ERLEDIGT/Der Marner/Der Marner Bilder,Der Marner0025.tif,.tif,scan,117296,2011-05-18
ERLEDIGT/Der Marner/Der Marner Bilder,Der Marner0026.tif,.tif,scan,113794,2011-05-18
ERLEDIGT/Der Marner/Der Marner Bilder,Der Marner0027.tif,.tif,scan,181746,2011-05-18
ERLEDIGT/Der Marner/Der Marner Bilder,Der Marner0028.tif,.tif,scan,88630,2011-05-18
ERLEDIGT/Der Marner/Der Marner Bilder,Der Marner0029.tif,.tif,scan,183406,2011-05-18
ERLEDIGT/Der Marner/Der Marner Bilder,Der Marner0030.tif,.tif,scan,161514,2011-05-18
ERLEDIGT/Der Marner/Der Marner Bilder,Der Marner0031.tif,.tif,scan,216236,2011-05-18
ERLEDIGT/Der Marner/Der Marner Bilder,Der Marner0032.tif,.tif,scan,174488,2011-05-18
ERLEDIGT/Der Marner/Der Marner Bilder,Der Marner0033.tif,.tif,scan,199404,2011-05-18
ERLEDIGT/Der Marner/Der Marner Bilder,Der Marner0034.tif,.tif,scan,197096,2011-05-18
ERLEDIGT/Der Marner/Der Marner Bilder,Der Marner0035.tif,.tif,scan,180406,2011-05-18
ERLEDIGT/Der Marner/Der Marner Bilder,Der Marner0036.tif,.tif,scan,187112,2011-05-18
ERLEDIGT/Der Marner/Der Marner Bilder,Der Marner0037.tif,.tif,scan,180494,2011-05-18
ERLEDIGT/Der Marner/Der Marner Bilder,Der Marner0038.tif,.tif,scan,143112,2011-05-18
ERLEDIGT/Der Marner/Der Marner Bilder,Der Marner0039.tif,.tif,scan,197434,2011-05-18
ERLEDIGT/Der Marner/Der Marner Bilder,Der Marner0040.tif,.tif,scan,167036,2011-05-18
ERLEDIGT/Der Marner/Der Marner Bilder,Der Marner0041.tif,.tif,scan,149124,2011-05-18
ERLEDIGT/Der Marner/Der Marner Bilder,Der Marner0042.tif,.tif,scan,179930,2011-05-18
ERLEDIGT/Der Marner/Der Marner Bilder,Der Marner0043.tif,.tif,scan,220486,2011-05-18
ERLEDIGT/Der Marner/Der Marner Bilder,Der Marner0044.tif,.tif,scan,191500,2011-05-18
ERLEDIGT/Der Marner/Der Marner Bilder,Der Marner0045.tif,.tif,scan,171234,2011-05-18
ERLEDIGT/Der Marner/Der Marner Bilder,Der Marner0046.tif,.tif,scan,201826,2011-05-18
ERLEDIGT/Der Marner/Der Marner Bilder,Der Marner0047.tif,.tif,scan,209464,2011-05-18
ERLEDIGT/Der Marner/Der Marner Bilder,Der Marner0048.tif,.tif,scan,130974,2011-05-18
ERLEDIGT/Der Marner/Der Marner Bilder,Der Marner0049.tif,.tif,scan,169620,2011-05-18
ERLEDIGT/Der Marner/Der Marner Bilder,Der Marner0050.tif,.tif,scan,215142,2011-05-18
ERLEDIGT/Der Marner/Der Marner Bilder,Der Marner0051.tif,.tif,scan,167094,2011-05-18
ERLEDIGT/Der Marner/Der Marner Bilder,Der Marner0052.tif,.tif,scan,158508,2011-05-18
ERLEDIGT/Der Marner/Der Marner Bilder,Der Marner0053.tif,.tif,scan,156974,2011-05-18
ERLEDIGT/Der Marner/Der Marner Bilder,Der Marner0054.tif,.tif,scan,169930,2011-05-18
ERLEDIGT/Der Marner/Der Marner Bilder,Der Marner0055.tif,.tif,scan,187274,2011-05-18
ERLEDIGT/Der Marner/Der Marner Bilder,Der Marner0056.tif,.tif,scan,178738,2011-05-18
ERLEDIGT/Der Marner/Der Marner Bilder,Der Marner0057.tif,.tif,scan,158470,2011-05-18
ERLEDIGT/Der Marner/Der Marner Bilder,Der Marner0058.tif,.tif,scan,178822,2011-05-18
ERLEDIGT/Der Marner/Der Marner Bilder,Der Marner0059.tif,.tif,scan,154024,2011-05-18
ERLEDIGT/Der Marner/Der Marner Bilder,Der Marner0060.tif,.tif,scan,198040,2011-05-18
ERLEDIGT/Der Marner/Der Marner Bilder,Der Marner0061.tif,.tif,scan,204582,2011-05-18
ERLEDIGT/Der Marner/Der Marner Bilder,Der Marner0062.tif,.tif,scan,158138,2011-05-18
ERLEDIGT/Der Marner/Der Marner Bilder,Der Marner0063.tif,.tif,scan,163660,2011-05-18
ERLEDIGT/Der Marner/Der Marner Bilder,Der Marner0064.tif,.tif,scan,174812,2011-05-18
ERLEDIGT/Der Marner/Der Marner Bilder,Der Marner0065.tif,.tif,scan,184212,2011-05-18
ERLEDIGT/Der Marner/Der Marner Bilder,Der Marner0066.tif,.tif,scan,171926,2011-05-18
ERLEDIGT/Der Marner/Der Marner Bilder,Der Marner0067.tif,.tif,scan,179494,2011-05-18
ERLEDIGT/Der Marner/Der Marner Bilder,Der Marner0068.tif,.tif,scan,219554,2011-05-18
ERLEDIGT/Der Marner/Der Marner Bilder,Der Marner0069.tif,.tif,scan,181558,2011-05-18
ERLEDIGT/Der Marner/Der Marner Bilder,Der Marner0070.tif,.tif,scan,190594,2011-05-18
ERLEDIGT/Der Marner/Der Marner Bilder,Der Marner0071.tif,.tif,scan,187692,2011-05-18
ERLEDIGT/Der Marner/Der Marner Bilder,Der Marner0072.tif,.tif,scan,193428,2011-05-18
ERLEDIGT/Der Marner/Der Marner Bilder,Der Marner0073.tif,.tif,scan,204378,2011-05-18
ERLEDIGT/Der Marner/Der Marner Bilder,Der Marner0074.tif,.tif,scan,179240,2011-05-18
ERLEDIGT/Der Marner/Der Marner Bilder,Der Marner0075.tif,.tif,scan,165548,2011-05-18
ERLEDIGT/Der Marner/Der Marner Bilder,Der Marner0076.tif,.tif,scan,173186,2011-05-18
ERLEDIGT/Der Marner/Der Marner Bilder,Der Marner0077.tif,.tif,scan,165766,2011-05-18
ERLEDIGT/Der Marner/Der Marner Bilder,Der Marner0078.tif,.tif,scan,205108,2011-05-18
ERLEDIGT/Der Marner/Der Marner Bilder,Der Marner0079.tif,.tif,scan,200718,2011-05-18
ERLEDIGT/Der Marner/Der Marner Bilder,Der Marner0080.tif,.tif,scan,161882,2011-05-18
ERLEDIGT/Der Marner/Der Marner Bilder,Der Marner0081.tif,.tif,scan,173890,2011-05-18
ERLEDIGT/Der Marner/Der Marner Bilder,Der Marner0082.tif,.tif,scan,173146,2011-05-18
ERLEDIGT/Der Marner/Der Marner Bilder,Der Marner0083.tif,.tif,scan,200176,2011-05-18
ERLEDIGT/Der Marner/Der Marner Bilder,Der Marner0084.tif,.tif,scan,189942,2011-05-18
ERLEDIGT/Der Marner/Der Marner Bilder,Der Marner0085.tif,.tif,scan,169822,2011-05-18
ERLEDIGT/Der Marner/Der Marner Bilder,Der Marner0086.tif,.tif,scan,167040,2011-05-18
ERLEDIGT/Der Marner/Der Marner Bilder,Der Marner0087.tif,.tif,scan,193976,2011-05-18
ERLEDIGT/Der Marner/Der Marner Bilder,Der Marner0088.tif,.tif,scan,176320,2011-05-18
ERLEDIGT/Der Marner/Der Marner Bilder,Der Marner0089.tif,.tif,scan,192044,2011-05-18
ERLEDIGT/Der Marner/Der Marner Bilder,Der Marner0090.tif,.tif,scan,193446,2011-05-18
ERLEDIGT/Der Marner/Der Marner Bilder,Der Marner0091.tif,.tif,scan,169258,2011-05-18
ERLEDIGT/Der Marner/Der Marner Bilder,Der Marner0092.tif,.tif,scan,159218,2011-05-18
ERLEDIGT/Der Marner/Der Marner Bilder,Der Marner0093.tif,.tif,scan,189660,2011-05-18
ERLEDIGT/Der Marner/Der Marner Bilder,Der Marner0094.tif,.tif,scan,211348,2011-05-18
ERLEDIGT/Der Marner/Der Marner Bilder,Der Marner0095.tif,.tif,scan,156296,2011-05-18
ERLEDIGT/Der Marner/Der Marner Bilder,Der Marner0096.tif,.tif,scan,190392,2011-05-18
ERLEDIGT/Der Marner/Der Marner Bilder,Der Marner0097.tif,.tif,scan,211126,2011-05-18
ERLEDIGT/Der Marner/Der Marner Bilder,Der Marner0098.tif,.tif,scan,202124,2011-05-18
ERLEDIGT/Der Marner/Der Marner Bilder,Der Marner0099.tif,.tif,scan,184518,2011-05-18
ERLEDIGT/Der Marner/Der Marner Bilder,Der Marner0100.tif,.tif,scan,173204,2011-05-18
ERLEDIGT/Der Marner/Der Marner Bilder,Der Marner0101.tif,.tif,scan,168536,2011-05-18
ERLEDIGT/Der Marner/Der Marner Bilder,Der Marner0102.tif,.tif,scan,167144,2011-05-18
ERLEDIGT/Der Marner/Der Marner Bilder,Der Marner0103.tif,.tif,scan,183546,2011-05-18
ERLEDIGT/Der Marner/Der Marner Bilder,Der Marner0104.tif,.tif,scan,210310,2011-05-18
ERLEDIGT/Der Marner/Der Marner Bilder,Der Marner0105.tif,.tif,scan,178654,2011-05-18
ERLEDIGT/Der Marner/Der Marner Bilder,Der Marner0106.tif,.tif,scan,218248,2011-05-18
ERLEDIGT/Der Marner/Der Marner Bilder,Der Marner0107.tif,.tif,scan,179364,2011-05-18
ERLEDIGT/Der Marner/Der Marner Bilder,Der Marner0108.tif,.tif,scan,169150,2011-05-18
ERLEDIGT/Der Marner/Der Marner Bilder,Der Marner0109.tif,.tif,scan,175840,2011-05-18
ERLEDIGT/Der Marner/Der Marner Bilder,Der Marner0110.tif,.tif,scan,176974,2011-05-18
ERLEDIGT/Der Marner/Der Marner Bilder,Der Marner0111.tif,.tif,scan,188088,2011-05-18
ERLEDIGT/Der Marner/Der Marner Bilder,Der Marner0112.tif,.tif,scan,190486,2011-05-18
ERLEDIGT/Der Marner/Der Marner Bilder,Der Marner0113.tif,.tif,scan,208686,2011-05-18
ERLEDIGT/Der Marner/Der Marner Bilder,Der Marner0114.tif,.tif,scan,193618,2011-05-18
ERLEDIGT/Der Marner/Der Marner Bilder,Der Marner0115.tif,.tif,scan,167334,2011-05-18
ERLEDIGT/Der Marner/Der Marner Bilder,Der Marner0116.tif,.tif,scan,192534,2011-05-18
ERLEDIGT/Der Marner/Der Marner Bilder,Der Marner0117.tif,.tif,scan,206368,2011-05-18
ERLEDIGT/Der Marner/Der Marner Bilder,Der Marner0118.tif,.tif,scan,156464,2011-05-18
ERLEDIGT/Der Marner/Der Marner Bilder,Der Marner0119.tif,.tif,scan,186998,2011-05-18
ERLEDIGT/Der Marner/Der Marner Bilder,Der Marner0120.tif,.tif,scan,224038,2011-05-18
ERLEDIGT/Der Marner/Der Marner Bilder,Der Marner0121.tif,.tif,scan,189098,2011-05-18
ERLEDIGT/Der Marner/Der Marner Bilder,Der Marner0122.tif,.tif,scan,218884,2011-05-18
ERLEDIGT/Der Marner/Der Marner Bilder,Der Marner0123.tif,.tif,scan,169986,2011-05-18
ERLEDIGT/Der Marner/Der Marner Bilder,Der Marner0124.tif,.tif,scan,177824,2011-05-18
ERLEDIGT/Der Marner/Der Marner Bilder,Der Marner0125.tif,.tif,scan,174340,2011-05-18
ERLEDIGT/Der Marner/Der Marner Bilder,Der Marner0126.tif,.tif,scan,176982,2011-05-18
ERLEDIGT/Der Marner/Der Marner Bilder,Der Marner0127.tif,.tif,scan,217788,2011-05-18
ERLEDIGT/Der Marner/Der Marner Bilder,Der Marner0128.tif,.tif,scan,168478,2011-05-18
ERLEDIGT/Der Marner/Der Marner Bilder,Der Marner0129.tif,.tif,scan,206762,2011-05-18
ERLEDIGT/Der Marner/Der Marner Bilder,Der Marner0130.tif,.tif,scan,191056,2011-05-18
ERLEDIGT/Der Marner/Der Marner Bilder,Der Marner0131.tif,.tif,scan,174862,2011-05-18
ERLEDIGT/Der Marner/Der Marner Bilder,Der Marner0132.tif,.tif,scan,220528,2011-05-18
ERLEDIGT/Der Marner/Der Marner Bilder,Der Marner0133.tif,.tif,scan,175572,2011-05-18
ERLEDIGT/Der Marner/Der Marner Bilder,Der Marner0134.tif,.tif,scan,175006,2011-05-18
ERLEDIGT/Der Marner/Der Marner Bilder,Der Marner0135.tif,.tif,scan,167594,2011-05-18
ERLEDIGT/Der Marner/Der Marner Bilder,Der Marner0136.tif,.tif,scan,143968,2011-05-18
ERLEDIGT/Der Marner/Der Marner Bilder,Der Marner0137.tif,.tif,scan,129674,2011-05-18
ERLEDIGT/Der Marner/Der Marner Bilder,Der Marner0138.tif,.tif,scan,122620,2011-05-18
ERLEDIGT/Der Marner/Der Marner Bilder,Der Marner0139.tif,.tif,scan,140704,2011-05-18
ERLEDIGT/Der Marner/Der Marner Bilder,Der Marner0140.tif,.tif,scan,144598,2011-05-18
ERLEDIGT/Der Marner/Der Marner Bilder,Der Marner0141.tif,.tif,scan,137698,2011-05-18
ERLEDIGT/Der Marner/Der Marner Bilder,Der Marner0142.tif,.tif,scan,146314,2011-05-18
ERLEDIGT/Der Marner/Der Marner Bilder,Der Marner0143.tif,.tif,scan,133394,2011-05-18
ERLEDIGT/Der Marner/Der Marner Bilder,Der Marner0144.tif,.tif,scan,148312,2011-05-18
ERLEDIGT/Der Marner/Der Marner Bilder,Der Marner0145.tif,.tif,scan,140752,2011-05-18
ERLEDIGT/Der Marner/Der Marner Bilder,Der Marner0146.tif,.tif,scan,139780,2011-05-18
ERLEDIGT/Der Marner/Der Marner Bilder,Der Marner0147.tif,.tif,scan,141984,2011-05-18
ERLEDIGT/Der Marner/Der Marner Bilder,Der Marner0148.tif,.tif,scan,159910,2011-05-18
ERLEDIGT/Der Marner/Der Marner Bilder,Der Marner0149.tif,.tif,scan,139724,2011-05-18
ERLEDIGT/Der Marner/Der Marner Bilder,Der Marner0150.tif,.tif,scan,153968,2011-05-18
ERLEDIGT/Der Marner/Der Marner Bilder,Der Marner0151.tif,.tif,scan,131942,2011-05-18
ERLEDIGT/Der Marner/Der Marner Bilder,Der Marner0152.tif,.tif,scan,139484,2011-05-18
ERLEDIGT/Der Marner/Der Marner Bilder,Der Marner0153.tif,.tif,scan,144368,2011-05-18
ERLEDIGT/Der Marner/Der Marner Bilder,Der Marner0154.tif,.tif,scan,152040,2011-05-18
ERLEDIGT/Der Marner/Der Marner Bilder,Der Marner0155.tif,.tif,scan,127368,2011-05-18
ERLEDIGT/Der Marner/Der Marner Bilder,Der Marner0156.tif,.tif,scan,138826,2011-05-18
ERLEDIGT/Der Marner/Der Marner Bilder,Der Marner0157.tif,.tif,scan,136888,2011-05-18
ERLEDIGT/Der Marner/Der Marner Bilder,Der Marner0158.tif,.tif,scan,135136,2011-05-18
ERLEDIGT/Der Marner/Der Marner Bilder,Der Marner0159.tif,.tif,scan,128166,2011-05-18
ERLEDIGT/Der Marner/Der Marner Bilder,Der Marner0160.tif,.tif,scan,134206,2011-05-18
ERLEDIGT/Der Marner/Der Marner Bilder,Der Marner0161.tif,.tif,scan,137114,2011-05-18
ERLEDIGT/Der Marner/Der Marner Bilder,Der Marner0162.tif,.tif,scan,168322,2011-05-18
ERLEDIGT/Der Marner/Der Marner Bilder,Der Marner0163.tif,.tif,scan,122872,2011-05-18
ERLEDIGT/Der Marner/Der Marner Bilder,Der Marner0164.tif,.tif,scan,139342,2011-05-18
ERLEDIGT/Der Marner/Der Marner Bilder,Der Marner0165.tif,.tif,scan,197788,2011-05-18
ERLEDIGT/Der Marner/Der Marner Bilder,Der Marner0166.tif,.tif,scan,130012,2011-05-18
ERLEDIGT/Der Marner/Der Marner Bilder,Der Marner0167.tif,.tif,scan,146658,2011-05-18
ERLEDIGT/Der Marner/Der Marner Bilder,Der Marner0168.tif,.tif,scan,140190,2011-05-18
ERLEDIGT/Der Marner/Der Marner Bilder,Der Marner0169.tif,.tif,scan,161872,2011-05-18
ERLEDIGT/Der Marner/Der Marner Bilder,Der Marner0170.tif,.tif,scan,143108,2011-05-18
ERLEDIGT/Der Marner/Der Marner Bilder,Der Marner0171.tif,.tif,scan,143782,2011-05-18
ERLEDIGT/Der Marner/Der Marner Bilder,Der Marner0172.tif,.tif,scan,143634,2011-05-18
ERLEDIGT/Der Marner/Der Marner Bilder,Der Marner0173.tif,.tif,scan,141888,2011-05-18
ERLEDIGT/Der Marner/Der Marner Bilder,Der Marner0174.tif,.tif,scan,167896,2011-05-18
ERLEDIGT/Der Marner/Der Marner Bilder,Der Marner0175.tif,.tif,scan,162892,2011-05-18
ERLEDIGT/Der Marner/Der Marner Bilder,Der Marner0176.tif,.tif,scan,136288,2011-05-18
ERLEDIGT/Der Marner/Der Marner Bilder,Der Marner0177.tif,.tif,scan,138620,2011-05-18
ERLEDIGT/Der Marner/Der Marner Bilder,Der Marner0178.tif,.tif,scan,154432,2011-05-18
ERLEDIGT/Der Marner/Der Marner Bilder,Der Marner0179.tif,.tif,scan,142858,2011-05-18
ERLEDIGT/Der Marner/Der Marner Bilder,Der Marner0180.tif,.tif,scan,129150,2011-05-18
ERLEDIGT/Der Marner/Der Marner Bilder,Der Marner0181.tif,.tif,scan,142862,2011-05-18
ERLEDIGT/Der Marner/Der Marner Bilder,Der Marner0182.tif,.tif,scan,137282,2011-05-18
ERLEDIGT/Der Marner/Der Marner Bilder,Der Marner0183.tif,.tif,scan,132910,2011-05-18
ERLEDIGT/Der Marner/Der Marner Bilder,Der Marner0184.tif,.tif,scan,161636,2011-05-18
ERLEDIGT/Der Marner/Der Marner Bilder,Der Marner0185.tif,.tif,scan,137796,2011-05-18
ERLEDIGT/Der Marner/Der Marner Bilder,Der Marner0186.tif,.tif,scan,153310,2011-05-18
ERLEDIGT/Der Marner/Der Marner Bilder,Der Marner0187.tif,.tif,scan,152780,2011-05-18
ERLEDIGT/Der Marner/Der Marner Bilder,Der Marner0188.tif,.tif,scan,144624,2011-05-18
ERLEDIGT/Der Marner/Der Marner Bilder,Der Marner0189.tif,.tif,scan,147506,2011-05-18
ERLEDIGT/Der Marner/Der Marner Bilder,Der Marner0190.tif,.tif,scan,135142,2011-05-18
ERLEDIGT/Der Marner/Der Marner Bilder,Der Marner0191.tif,.tif,scan,132722,2011-05-18
ERLEDIGT/Der Marner/Der Marner Bilder,Der Marner0192.tif,.tif,scan,147728,2011-05-18
ERLEDIGT/Der Marner/Der Marner Bilder,Der Marner0193.tif,.tif,scan,186442,2011-05-18
ERLEDIGT/Der Marner/Der Marner Bilder,Der Marner0194.tif,.tif,scan,151522,2011-05-18
ERLEDIGT/Der Marner/Der Marner Bilder,Der Marner0195.tif,.tif,scan,139636,2011-05-18
ERLEDIGT/Der Marner/Der Marner Bilder,Der Marner0196.tif,.tif,scan,174672,2011-05-18
ERLEDIGT/Der Marner/Der Marner Bilder,Der Marner0197.tif,.tif,scan,131834,2011-05-18
ERLEDIGT/Der Marner/Der Marner Bilder,Der Marner0198.tif,.tif,scan,140550,2011-05-18
ERLEDIGT/Der Marner/Der Marner Bilder,Der Marner0199.tif,.tif,scan,182094,2011-05-18
ERLEDIGT/Der Marner/Der Marner Bilder,Der Marner0200.tif,.tif,scan,154622,2011-05-18
ERLEDIGT/Der Marner/Der Marner Bilder,Der Marner0201.tif,.tif,scan,148304,2011-05-18
ERLEDIGT/Der Marner/Der Marner Bilder,Der Marner0202.tif,.tif,scan,164360,2011-05-18
ERLEDIGT/Der Marner/Der Marner Bilder,Der Marner0203.tif,.tif,scan,136618,2011-05-18
ERLEDIGT/Der Marner/Der Marner Bilder,Der Marner0204.tif,.tif,scan,144966,2011-05-18
ERLEDIGT/Der Marner/Der Marner Bilder,Der Marner0205.tif,.tif,scan,116920,2011-05-18
ERLEDIGT/Der Marner/Der Marner Bilder,Der Marner0206.tif,.tif,scan,130798,2011-05-18
ERLEDIGT/Der Marner/Der Marner Bilder,Der Marner0207.tif,.tif,scan,133732,2011-05-18
ERLEDIGT/Der Marner/Der Marner Bilder,Der Marner0208.tif,.tif,scan,130686,2011-05-18
ERLEDIGT/Der Marner/Der Marner Bilder,Der Marner0209.tif,.tif,scan,125626,2011-05-18
ERLEDIGT/Der Marner/Der Marner Bilder,Der Marner0210.tif,.tif,scan,139304,2011-05-18
ERLEDIGT/Der Marner/Der Marner Bilder,Der Marner0211.tif,.tif,scan,167940,2011-05-18
ERLEDIGT/Der Marner/Der Marner Bilder,Der Marner0212.tif,.tif,scan,137876,2011-05-18
ERLEDIGT/Der Marner/Der Marner Bilder,Der Marner0213.tif,.tif,scan,157044,2011-05-18
ERLEDIGT/Der Marner/Der Marner Bilder,Der Marner0214.tif,.tif,scan,145580,2011-05-18
ERLEDIGT/Der Marner/Der Marner Bilder,Der Marner0215.tif,.tif,scan,156678,2011-05-18
ERLEDIGT/Der Marner/Der Marner Bilder,Der Marner0216.tif,.tif,scan,144330,2011-05-18
ERLEDIGT/Der Marner/Der Marner Bilder,Der Marner0217.tif,.tif,scan,143582,2011-05-18
ERLEDIGT/Der Marner/Der Marner Bilder,Der Marner0218.tif,.tif,scan,141062,2011-05-18
ERLEDIGT/Der Marner/Der Marner Bilder,Der Marner0219.tif,.tif,scan,157292,2011-05-18
ERLEDIGT/Der Marner/Der Marner Bilder,Der Marner0220.tif,.tif,scan,105120,2011-05-18
ERLEDIGT/Der Marner/Der Marner Bilder,Der Marner0221.tif,.tif,scan,105592,2011-05-18
ERLEDIGT/Der Marner/Der Marner Bilder,Der Marner0222.tif,.tif,scan,102692,2011-05-18
ERLEDIGT/Der Marner/Der Marner Bilder,Der Marner0223.tif,.tif,scan,165500,2011-05-18
ERLEDIGT/Der Marner/Der Marner Bilder,Der Marner0224.tif,.tif,scan,110042,2011-05-18
ERLEDIGT/Der Marner/Der Marner Bilder,Der Marner0225.tif,.tif,scan,108672,2011-05-18
ERLEDIGT/Der Marner/Der Marner Bilder,Der Marner0226.tif,.tif,scan,107434,2011-05-18
ERLEDIGT/Der Marner/Der Marner Bilder,Der Marner0227.tif,.tif,scan,166340,2011-05-18
ERLEDIGT/Der Marner/Der Marner Bilder,Der Marner0228.tif,.tif,scan,112584,2011-05-18
ERLEDIGT/Der Marner/Der Marner Bilder,Der Marner0229.tif,.tif,scan,138490,2011-05-18
ERLEDIGT/Der Marner/Der Marner Bilder,Der Marner0230.tif,.tif,scan,110882,2011-05-18
ERLEDIGT/Der Marner/Der Marner Bilder,Der Marner0231.tif,.tif,scan,104244,2011-05-18
ERLEDIGT/Der Marner/Der Marner Bilder,Der Marner0232.tif,.tif,scan,106518,2011-05-18
ERLEDIGT/Der Marner/Der Marner Bilder,Der Marner0233.tif,.tif,scan,123196,2011-05-18
ERLEDIGT/Der Marner/Der Marner Bilder,Der Marner0234.tif,.tif,scan,133650,2011-05-18
ERLEDIGT/Der Marner/Der Marner Bilder,Der Marner0235.tif,.tif,scan,132128,2011-05-18
ERLEDIGT/Der Marner/Der Marner Bilder,Der Marner0236.tif,.tif,scan,155450,2011-05-18
ERLEDIGT/FLG1,batch.options.xml,.xml,text,18116,2013-12-19
ERLEDIGT/Frauenlob_Bd2,Frauenlob 251 bis 300.rtf,.rtf,text,71592,2012-07-30
ERLEDIGT/Frauenlob_Bd2,Frauenlob Ton X.rtf,.rtf,text,133235,2012-06-26
ERLEDIGT/Frauenlob_Bd2,Frauenlob.rtf,.rtf,text,502315,2012-04-18
ERLEDIGT/Frauenlob_Bd2,Frauenlob_Bd2.rtf,.rtf,text,837035,2012-08-01
ERLEDIGT/Frauenlob_Bd2/Frauenlob Ton X Bilder,Frauenlob Ton X0001.tif,.tif,scan,657910,2012-06-21
ERLEDIGT/Frauenlob_Bd2/Frauenlob Ton X Bilder,Frauenlob Ton X0002.tif,.tif,scan,661910,2012-06-21
ERLEDIGT/Frauenlob_Bd2/Frauenlob Ton X Bilder,Frauenlob Ton X0003.tif,.tif,scan,653458,2012-06-21
ERLEDIGT/Frauenlob_Bd2/Frauenlob Ton X Bilder,Frauenlob Ton X0004.tif,.tif,scan,661212,2012-06-21
ERLEDIGT/Frauenlob_Bd2/Frauenlob Ton X Bilder,Frauenlob Ton X0005.tif,.tif,scan,653458,2012-06-21
ERLEDIGT/Frauenlob_Bd2/Frauenlob Ton X Bilder,Frauenlob Ton X0006.tif,.tif,scan,665218,2012-06-21
ERLEDIGT/Frauenlob_Bd2/Frauenlob Ton X Bilder,Frauenlob Ton X0007.tif,.tif,scan,653458,2012-06-21
ERLEDIGT/Frauenlob_Bd2/Frauenlob Ton X Bilder,Frauenlob Ton X0008.tif,.tif,scan,669940,2012-06-21
ERLEDIGT/Frauenlob_Bd2/Frauenlob Ton X Bilder,Frauenlob Ton X0009.tif,.tif,scan,653458,2012-06-21
ERLEDIGT/Frauenlob_Bd2/Frauenlob Ton X Bilder,Frauenlob Ton X0010.tif,.tif,scan,665218,2012-06-21
ERLEDIGT/Frauenlob_Bd2/Frauenlob Ton X Bilder,Frauenlob Ton X0011.tif,.tif,scan,653458,2012-06-21
ERLEDIGT/Frauenlob_Bd2/Frauenlob Ton X Bilder,Frauenlob Ton X0012.tif,.tif,scan,661910,2012-06-21
ERLEDIGT/Frauenlob_Bd2/Frauenlob Ton X Bilder,Frauenlob Ton X0013.tif,.tif,scan,653458,2012-06-21
ERLEDIGT/Frauenlob_Bd2/Frauenlob Ton X Bilder,Frauenlob Ton X0014.tif,.tif,scan,661678,2012-06-21
ERLEDIGT/Frauenlob_Bd2/Frauenlob Ton X Bilder,Frauenlob Ton X0015.tif,.tif,scan,661212,2012-06-21
ERLEDIGT/Frauenlob_Bd2/Frauenlob Ton X Bilder,Frauenlob Ton X0016.tif,.tif,scan,657910,2012-06-21
ERLEDIGT/Frauenlob_Bd2/Frauenlob Ton X Bilder,Frauenlob Ton X0017.tif,.tif,scan,661678,2012-06-21
ERLEDIGT/Frauenlob_Bd2/Frauenlob Ton X Bilder,Frauenlob Ton X0018.tif,.tif,scan,661444,2012-06-21
ERLEDIGT/Frauenlob_Bd2/Frauenlob Ton X Bilder,Frauenlob Ton X0019.tif,.tif,scan,661910,2012-06-21
ERLEDIGT/Frauenlob_Bd2/Frauenlob Ton X Bilder,Frauenlob Ton X0020.tif,.tif,scan,658142,2012-06-21
ERLEDIGT/Frauenlob_Bd2/Frauenlob Ton X Bilder,Frauenlob Ton X0021.tif,.tif,scan,660978,2012-06-21
ERLEDIGT/Frauenlob_Bd2/PDFs,S. 100.tif,.tif,scan,367274,2009-09-24
ERLEDIGT/Frauenlob_Bd2/PDFs,S. 101.tif,.tif,scan,376376,2009-09-24
ERLEDIGT/Frauenlob_Bd2/PDFs,S. 102.tif,.tif,scan,351352,2009-09-24
ERLEDIGT/Frauenlob_Bd2/PDFs,S. 103.tif,.tif,scan,389140,2009-09-24
ERLEDIGT/Frauenlob_Bd2/PDFs,S. 104.tif,.tif,scan,365934,2009-09-24
ERLEDIGT/Frauenlob_Bd2/PDFs,S. 105.tif,.tif,scan,385060,2009-09-24
ERLEDIGT/Frauenlob_Bd2/PDFs,S. 107.tif,.tif,scan,365010,2009-09-24
ERLEDIGT/Frauenlob_Bd2/PDFs,S. 108.tif,.tif,scan,360320,2009-09-24
ERLEDIGT/Frauenlob_Bd2/PDFs,S. 109.tif,.tif,scan,349060,2009-09-24
ERLEDIGT/Frauenlob_Bd2/PDFs,S. 110.tif,.tif,scan,386486,2009-09-24
ERLEDIGT/Frauenlob_Bd2/PDFs,S. 111.tif,.tif,scan,370798,2009-09-24
ERLEDIGT/Frauenlob_Bd2/PDFs,S. 112.tif,.tif,scan,377622,2009-09-24
ERLEDIGT/Frauenlob_Bd2/PDFs,S. 113.tif,.tif,scan,350442,2009-09-24
ERLEDIGT/Frauenlob_Bd2/PDFs,S. 114.tif,.tif,scan,378058,2009-09-24
ERLEDIGT/Frauenlob_Bd2/PDFs,S. 115.tif,.tif,scan,384140,2009-09-24
ERLEDIGT/Frauenlob_Bd2/PDFs,S. 116.tif,.tif,scan,359864,2009-09-24
ERLEDIGT/Frauenlob_Bd2/PDFs,S. 117.tif,.tif,scan,380692,2009-09-24
ERLEDIGT/Frauenlob_Bd2/PDFs,S. 118.tif,.tif,scan,361628,2009-09-24
ERLEDIGT/Frauenlob_Bd2/PDFs,S. 119.tif,.tif,scan,401766,2009-09-24
ERLEDIGT/Frauenlob_Bd2/PDFs,S. 120.tif,.tif,scan,391120,2009-09-24
ERLEDIGT/Frauenlob_Bd2/PDFs,S. 121.tif,.tif,scan,397520,2009-09-24
ERLEDIGT/Frauenlob_Bd2/PDFs,S. 122.tif,.tif,scan,364188,2009-09-24
ERLEDIGT/Frauenlob_Bd2/PDFs,S. 123.tif,.tif,scan,397884,2009-09-24
ERLEDIGT/Frauenlob_Bd2/PDFs,S. 124.tif,.tif,scan,367824,2009-09-24
ERLEDIGT/Frauenlob_Bd2/PDFs,S. 125.tif,.tif,scan,378756,2009-09-24
ERLEDIGT/Frauenlob_Bd2/PDFs,S. 126.tif,.tif,scan,349708,2009-09-24
ERLEDIGT/Frauenlob_Bd2/PDFs,S. 127.tif,.tif,scan,382394,2009-09-24
ERLEDIGT/Frauenlob_Bd2/PDFs,S. 128.tif,.tif,scan,349966,2009-09-24
ERLEDIGT/Frauenlob_Bd2/PDFs,S. 129.tif,.tif,scan,401404,2009-09-24
ERLEDIGT/Frauenlob_Bd2/PDFs,S. 130.tif,.tif,scan,390694,2009-10-15
ERLEDIGT/Frauenlob_Bd2/PDFs,S. 131.tif,.tif,scan,322206,2009-10-15
ERLEDIGT/Frauenlob_Bd2/PDFs,S. 134.tif,.tif,scan,373842,2009-10-20
ERLEDIGT/Frauenlob_Bd2/PDFs,S. 136.tif,.tif,scan,392552,2009-10-20
ERLEDIGT/Frauenlob_Bd2/PDFs,S. 137.tif,.tif,scan,366352,2009-10-20
ERLEDIGT/Frauenlob_Bd2/PDFs,S. 138.tif,.tif,scan,382786,2009-10-20
ERLEDIGT/Frauenlob_Bd2/PDFs,S. 139+.tif,.tif,scan,369540,2009-10-20
ERLEDIGT/Frauenlob_Bd2/PDFs,S. 140.tif,.tif,scan,380352,2009-10-20
ERLEDIGT/Frauenlob_Bd2/PDFs,S. 141.tif,.tif,scan,337386,2009-10-20
ERLEDIGT/Frauenlob_Bd2/PDFs,S. 142.tif,.tif,scan,372694,2009-10-20
ERLEDIGT/Frauenlob_Bd2/PDFs,S. 143.tif,.tif,scan,374026,2009-10-20
ERLEDIGT/Frauenlob_Bd2/PDFs,S. 144.tif,.tif,scan,374862,2009-10-20
ERLEDIGT/Frauenlob_Bd2/PDFs,S. 145.tif,.tif,scan,308506,2009-10-20
ERLEDIGT/Frauenlob_Bd2/PDFs,S. 146.tif,.tif,scan,387740,2009-10-20
ERLEDIGT/Frauenlob_Bd2/PDFs,S. 148.tif,.tif,scan,351134,2009-10-20
ERLEDIGT/Frauenlob_Bd2/PDFs,S. 149.tif,.tif,scan,391666,2009-10-20
ERLEDIGT/Frauenlob_Bd2/PDFs,S. 150.tif,.tif,scan,389242,2009-10-20
ERLEDIGT/Frauenlob_Bd2/PDFs,S. 151.tif,.tif,scan,382206,2009-10-20
ERLEDIGT/Frauenlob_Bd2/PDFs,S. 152.pdf,.pdf,pdf,194463,2010-07-06
ERLEDIGT/Frauenlob_Bd2/PDFs,S. 153.pdf,.pdf,pdf,165315,2010-07-06
ERLEDIGT/Frauenlob_Bd2/PDFs,S. 154.pdf,.pdf,pdf,126069,2010-07-06
ERLEDIGT/Frauenlob_Bd2/PDFs,S. 155.pdf,.pdf,pdf,196201,2010-07-06
ERLEDIGT/Frauenlob_Bd2/PDFs,S. 156.pdf,.pdf,pdf,178595,2010-07-06
ERLEDIGT/Frauenlob_Bd2/PDFs,S. 157.pdf,.pdf,pdf,156130,2010-07-06
ERLEDIGT/Frauenlob_Bd2/PDFs,S. 158.pdf,.pdf,pdf,145772,2010-07-06
ERLEDIGT/Frauenlob_Bd2/PDFs,S. 159.pdf,.pdf,pdf,150490,2010-07-06
ERLEDIGT/Frauenlob_Bd2/PDFs,S. 160.pdf,.pdf,pdf,154779,2010-07-06
ERLEDIGT/Frauenlob_Bd2/PDFs,S. 161.pdf,.pdf,pdf,167790,2010-07-06
ERLEDIGT/Frauenlob_Bd2/PDFs,S. 163.pdf,.pdf,pdf,69926,2010-07-06
ERLEDIGT/Frauenlob_Bd2/PDFs,S. 164.pdf,.pdf,pdf,195262,2010-07-06
ERLEDIGT/Frauenlob_Bd2/PDFs,S. 165.pdf,.pdf,pdf,175921,2010-07-06
ERLEDIGT/Frauenlob_Bd2/PDFs,S. 166.pdf,.pdf,pdf,170287,2010-07-06
ERLEDIGT/Frauenlob_Bd2/PDFs,S. 167.pdf,.pdf,pdf,180620,2010-07-06
ERLEDIGT/Frauenlob_Bd2/PDFs,S. 168.pdf,.pdf,pdf,141840,2010-07-06
ERLEDIGT/Frauenlob_Bd2/PDFs,S. 169.pdf,.pdf,pdf,191500,2010-07-06
ERLEDIGT/Frauenlob_Bd2/PDFs,S. 170.pdf,.pdf,pdf,213051,2010-07-06
ERLEDIGT/Frauenlob_Bd2/PDFs,S. 171.pdf,.pdf,pdf,27021,2010-10-05
ERLEDIGT/Frauenlob_Bd2/PDFs,S. 172.pdf,.pdf,pdf,39063,2010-10-05
ERLEDIGT/Frauenlob_Bd2/PDFs,S. 173.pdf,.pdf,pdf,13718,2010-10-05
ERLEDIGT/Frauenlob_Bd2/PDFs,S. 174.pdf,.pdf,pdf,34039,2010-10-05
ERLEDIGT/Frauenlob_Bd2/PDFs,S. 175.pdf,.pdf,pdf,36610,2010-10-05
ERLEDIGT/Frauenlob_Bd2/PDFs,S. 176.pdf,.pdf,pdf,39699,2010-10-05
ERLEDIGT/Frauenlob_Bd2/PDFs,S. 177.pdf,.pdf,pdf,16558,2010-10-05
ERLEDIGT/Frauenlob_Bd2/PDFs,S. 178.pdf,.pdf,pdf,39878,2010-10-05
ERLEDIGT/Frauenlob_Bd2/PDFs,S. 179.pdf,.pdf,pdf,36069,2010-10-05
ERLEDIGT/Frauenlob_Bd2/PDFs,S. 180.pdf,.pdf,pdf,36315,2010-10-05
ERLEDIGT/Frauenlob_Bd2/PDFs,S. 181.pdf,.pdf,pdf,18164,2010-10-05
ERLEDIGT/Frauenlob_Bd2/PDFs,S. 182.pdf,.pdf,pdf,35723,2010-10-05
ERLEDIGT/Frauenlob_Bd2/PDFs,S. 183.pdf,.pdf,pdf,37476,2010-10-05
ERLEDIGT/Frauenlob_Bd2/PDFs,S. 184.pdf,.pdf,pdf,30647,2010-10-05
ERLEDIGT/Frauenlob_Bd2/PDFs,S. 185.pdf,.pdf,pdf,36187,2010-10-05
ERLEDIGT/Frauenlob_Bd2/PDFs,S. 186.pdf,.pdf,pdf,26383,2010-10-05
ERLEDIGT/Frauenlob_Bd2/PDFs,S. 187.pdf,.pdf,pdf,41133,2010-10-05
ERLEDIGT/Frauenlob_Bd2/PDFs,S. 188.pdf,.pdf,pdf,36652,2010-10-05
ERLEDIGT/Frauenlob_Bd2/PDFs,S. 189.pdf,.pdf,pdf,28624,2010-10-05
ERLEDIGT/Frauenlob_Bd2/PDFs,S. 190.pdf,.pdf,pdf,38680,2010-10-05
ERLEDIGT/Frauenlob_Bd2/PDFs,S. 191.pdf,.pdf,pdf,42024,2010-10-05
ERLEDIGT/Frauenlob_Bd2/PDFs,S. 192.pdf,.pdf,pdf,38977,2010-10-05
ERLEDIGT/Frauenlob_Bd2/PDFs,S. 193.pdf,.pdf,pdf,21196,2010-10-05
ERLEDIGT/Frauenlob_Bd2/PDFs,S. 194.pdf,.pdf,pdf,36747,2010-10-05
ERLEDIGT/Frauenlob_Bd2/PDFs,S. 195.pdf,.pdf,pdf,35981,2010-10-05
ERLEDIGT/Frauenlob_Bd2/PDFs,S. 196.pdf,.pdf,pdf,29988,2010-10-05
ERLEDIGT/Frauenlob_Bd2/PDFs,S. 197.pdf,.pdf,pdf,38209,2010-10-05
ERLEDIGT/Frauenlob_Bd2/PDFs,S. 198.pdf,.pdf,pdf,40101,2010-10-05
ERLEDIGT/Frauenlob_Bd2/PDFs,S. 199.pdf,.pdf,pdf,38070,2010-10-05
ERLEDIGT/Frauenlob_Bd2/PDFs,S. 200.pdf,.pdf,pdf,38934,2010-10-05
ERLEDIGT/Frauenlob_Bd2/PDFs,S. 201.pdf,.pdf,pdf,28550,2010-10-05
ERLEDIGT/Frauenlob_Bd2/PDFs,S. 202.pdf,.pdf,pdf,36916,2010-10-05
ERLEDIGT/Frauenlob_Bd2/PDFs,S. 203.pdf,.pdf,pdf,35066,2010-10-05
ERLEDIGT/Frauenlob_Bd2/PDFs,S. 204.pdf,.pdf,pdf,35193,2010-10-05
ERLEDIGT/Frauenlob_Bd2/PDFs,S. 205.pdf,.pdf,pdf,35223,2010-10-05
ERLEDIGT/Frauenlob_Bd2/PDFs,S. 206.pdf,.pdf,pdf,31090,2010-10-05
ERLEDIGT/Frauenlob_Bd2/PDFs,S. 207.pdf,.pdf,pdf,39373,2010-10-05
ERLEDIGT/Frauenlob_Bd2/PDFs,S. 208.pdf,.pdf,pdf,35582,2010-10-05
ERLEDIGT/Frauenlob_Bd2/PDFs,S. 209.pdf,.pdf,pdf,40612,2010-10-05
ERLEDIGT/Frauenlob_Bd2/PDFs,S. 210.pdf,.pdf,pdf,33298,2010-10-05
ERLEDIGT/Frauenlob_Bd2/PDFs,S. 211.pdf,.pdf,pdf,32468,2010-10-05
ERLEDIGT/Frauenlob_Bd2/PDFs,S. 212.pdf,.pdf,pdf,35069,2010-10-05
ERLEDIGT/Frauenlob_Bd2/PDFs,S. 213.pdf,.pdf,pdf,30791,2010-10-05
ERLEDIGT/Frauenlob_Bd2/PDFs,S. 214.pdf,.pdf,pdf,35332,2010-10-05
ERLEDIGT/Frauenlob_Bd2/PDFs,S. 215.pdf,.pdf,pdf,30467,2010-10-05
ERLEDIGT/Frauenlob_Bd2/PDFs,S. 216.pdf,.pdf,pdf,36650,2010-10-05
ERLEDIGT/Frauenlob_Bd2/PDFs,S. 217.pdf,.pdf,pdf,18685,2010-10-05
ERLEDIGT/Frauenlob_Bd2/PDFs,S. 218.pdf,.pdf,pdf,34237,2010-10-05
ERLEDIGT/Frauenlob_Bd2/PDFs,S. 219.pdf,.pdf,pdf,36012,2010-10-05
ERLEDIGT/Frauenlob_Bd2/PDFs,S. 220.pdf,.pdf,pdf,36386,2010-10-05
ERLEDIGT/Frauenlob_Bd2/PDFs,S. 221.pdf,.pdf,pdf,25027,2010-10-05
ERLEDIGT/Frauenlob_Bd2/PDFs,S. 222.pdf,.pdf,pdf,36381,2010-10-05
ERLEDIGT/Frauenlob_Bd2/PDFs,S. 223.pdf,.pdf,pdf,25242,2010-10-05
ERLEDIGT/Frauenlob_Bd2/PDFs,S. 224.pdf,.pdf,pdf,41751,2010-10-05
ERLEDIGT/Frauenlob_Bd2/PDFs,S. 225.pdf,.pdf,pdf,41977,2010-10-05
ERLEDIGT/Frauenlob_Bd2/PDFs,S. 226.pdf,.pdf,pdf,33279,2010-10-05
ERLEDIGT/Frauenlob_Bd2/PDFs,S. 227.pdf,.pdf,pdf,41248,2010-10-05
ERLEDIGT/Frauenlob_Bd2/PDFs,S. 228.pdf,.pdf,pdf,36638,2010-10-05
ERLEDIGT/Frauenlob_Bd2/PDFs,S. 229.pdf,.pdf,pdf,31284,2010-10-05
ERLEDIGT/Frauenlob_Bd2/PDFs,S. 230.pdf,.pdf,pdf,35618,2010-10-06
ERLEDIGT/Frauenlob_Bd2/PDFs,S. 231.pdf,.pdf,pdf,36780,2010-10-06
ERLEDIGT/Frauenlob_Bd2/PDFs,S. 232.pdf,.pdf,pdf,31712,2010-10-06
ERLEDIGT/Frauenlob_Bd2/PDFs,S. 233.pdf,.pdf,pdf,39010,2010-10-06
ERLEDIGT/Frauenlob_Bd2/PDFs,S. 234.pdf,.pdf,pdf,37623,2010-10-06
ERLEDIGT/Frauenlob_Bd2/PDFs,S. 235.pdf,.pdf,pdf,23207,2010-10-06
ERLEDIGT/Frauenlob_Bd2/PDFs,S. 236.pdf,.pdf,pdf,29479,2010-10-06
ERLEDIGT/Frauenlob_Bd2/PDFs,S. 237.pdf,.pdf,pdf,31414,2010-10-06
ERLEDIGT/Frauenlob_Bd2/PDFs,S. 238.pdf,.pdf,pdf,41352,2010-10-06
ERLEDIGT/Frauenlob_Bd2/PDFs,S. 239.pdf,.pdf,pdf,31988,2010-10-06
ERLEDIGT/Frauenlob_Bd2/PDFs,S. 240.pdf,.pdf,pdf,40320,2010-10-06
ERLEDIGT/Frauenlob_Bd2/PDFs,S. 241.pdf,.pdf,pdf,41166,2010-10-06
ERLEDIGT/Frauenlob_Bd2/PDFs,S. 242.pdf,.pdf,pdf,32274,2010-10-06
ERLEDIGT/Frauenlob_Bd2/PDFs,S. 243.pdf,.pdf,pdf,42604,2010-10-06
ERLEDIGT/Frauenlob_Bd2/PDFs,S. 244.pdf,.pdf,pdf,26336,2010-10-06
ERLEDIGT/Frauenlob_Bd2/PDFs,S. 245.pdf,.pdf,pdf,30748,2010-10-06
ERLEDIGT/Frauenlob_Bd2/PDFs,S. 246.pdf,.pdf,pdf,38378,2010-10-06
ERLEDIGT/Frauenlob_Bd2/PDFs,S. 247.pdf,.pdf,pdf,39705,2010-10-06
ERLEDIGT/Frauenlob_Bd2/PDFs,S. 248.pdf,.pdf,pdf,38326,2010-10-06
ERLEDIGT/Frauenlob_Bd2/PDFs,S. 249.pdf,.pdf,pdf,41663,2010-10-06
ERLEDIGT/Frauenlob_Bd2/PDFs,S. 250.pdf,.pdf,pdf,21192,2010-10-06
ERLEDIGT/Frauenlob_Bd2/PDFs,S. 251.pdf,.pdf,pdf,28821,2010-10-06
ERLEDIGT/Frauenlob_Bd2/PDFs,S. 252.pdf,.pdf,pdf,42515,2010-10-06
ERLEDIGT/Frauenlob_Bd2/PDFs,S. 253.pdf,.pdf,pdf,32051,2010-10-06
ERLEDIGT/Frauenlob_Bd2/PDFs,S. 254.pdf,.pdf,pdf,38935,2010-10-06
ERLEDIGT/Frauenlob_Bd2/PDFs,S. 255.pdf,.pdf,pdf,42690,2010-10-06
ERLEDIGT/Frauenlob_Bd2/PDFs,S. 256.pdf,.pdf,pdf,9442,2010-10-06
ERLEDIGT/Frauenlob_Bd2/PDFs,S. 257.pdf,.pdf,pdf,32686,2010-10-06
ERLEDIGT/Frauenlob_Bd2/PDFs,S. 258.pdf,.pdf,pdf,36539,2010-10-06
ERLEDIGT/Frauenlob_Bd2/PDFs,S. 259.pdf,.pdf,pdf,32730,2010-10-06
ERLEDIGT/Frauenlob_Bd2/PDFs,S. 260.pdf,.pdf,pdf,38655,2010-10-06
ERLEDIGT/Frauenlob_Bd2/PDFs,S. 261.pdf,.pdf,pdf,28053,2010-10-06
ERLEDIGT/Frauenlob_Bd2/PDFs,S. 262.pdf,.pdf,pdf,27923,2010-10-06
ERLEDIGT/Frauenlob_Bd2/PDFs,S. 263.pdf,.pdf,pdf,44882,2010-10-06
ERLEDIGT/Frauenlob_Bd2/PDFs,S. 264.pdf,.pdf,pdf,43810,2010-10-06
ERLEDIGT/Frauenlob_Bd2/PDFs,S. 265.pdf,.pdf,pdf,31133,2010-10-06
ERLEDIGT/Frauenlob_Bd2/PDFs,S. 266.pdf,.pdf,pdf,37633,2010-10-06
ERLEDIGT/Frauenlob_Bd2/PDFs,S. 267.pdf,.pdf,pdf,40915,2010-10-06
ERLEDIGT/Frauenlob_Bd2/PDFs,S. 268.pdf,.pdf,pdf,32826,2010-10-06
ERLEDIGT/Frauenlob_Bd2/PDFs,S. 269.pdf,.pdf,pdf,42755,2010-10-06
ERLEDIGT/Frauenlob_Bd2/PDFs,S. 270.pdf,.pdf,pdf,33638,2010-10-06
ERLEDIGT/Frauenlob_Bd2/PDFs,S. 271.pdf,.pdf,pdf,26726,2010-10-06
ERLEDIGT/Frauenlob_Bd2/PDFs,S. 272.pdf,.pdf,pdf,21606,2010-10-06
ERLEDIGT/Frauenlob_Bd2/PDFs,S. 273.pdf,.pdf,pdf,41239,2010-10-06
ERLEDIGT/Frauenlob_Bd2/PDFs,S. 274.pdf,.pdf,pdf,44901,2010-10-06
ERLEDIGT/Frauenlob_Bd2/PDFs,S. 275.pdf,.pdf,pdf,34473,2010-10-06
ERLEDIGT/Frauenlob_Bd2/PDFs,S. 276.pdf,.pdf,pdf,42792,2010-10-06
ERLEDIGT/Frauenlob_Bd2/PDFs,S. 277.pdf,.pdf,pdf,35270,2010-10-06
ERLEDIGT/Frauenlob_Bd2/PDFs,S. 278.pdf,.pdf,pdf,40812,2010-10-06
ERLEDIGT/Frauenlob_Bd2/PDFs,S. 279.pdf,.pdf,pdf,38916,2010-10-06
ERLEDIGT/Frauenlob_Bd2/PDFs,S. 280.pdf,.pdf,pdf,40805,2010-10-06
ERLEDIGT/Frauenlob_Bd2/PDFs,S. 281.pdf,.pdf,pdf,43827,2010-10-06
ERLEDIGT/Frauenlob_Bd2/PDFs,S. 282.pdf,.pdf,pdf,33185,2010-10-06
ERLEDIGT/Frauenlob_Bd2/PDFs,S. 283.pdf,.pdf,pdf,41596,2010-10-06
ERLEDIGT/Frauenlob_Bd2/PDFs,S. 284.pdf,.pdf,pdf,40449,2010-10-06
ERLEDIGT/Frauenlob_Bd2/PDFs,S. 285.pdf,.pdf,pdf,41039,2010-10-06
ERLEDIGT/Frauenlob_Bd2/PDFs,S. 286.pdf,.pdf,pdf,33365,2010-10-06
ERLEDIGT/Frauenlob_Bd2/PDFs,S. 287.pdf,.pdf,pdf,41963,2010-10-06
ERLEDIGT/Frauenlob_Bd2/PDFs,S. 288.pdf,.pdf,pdf,34194,2010-10-06
ERLEDIGT/Frauenlob_Bd2/PDFs,S. 289.pdf,.pdf,pdf,34430,2010-10-06
ERLEDIGT/Frauenlob_Bd2/PDFs,S. 290.pdf,.pdf,pdf,39937,2010-10-06
ERLEDIGT/Frauenlob_Bd2/PDFs,S. 291.pdf,.pdf,pdf,16230,2010-10-06
ERLEDIGT/Frauenlob_Bd2/PDFs,S. 292.pdf,.pdf,pdf,40881,2010-10-06
ERLEDIGT/Frauenlob_Bd2/PDFs,S. 293.pdf,.pdf,pdf,43381,2010-10-06
ERLEDIGT/Frauenlob_Bd2/PDFs,S. 294.pdf,.pdf,pdf,40539,2010-10-06
ERLEDIGT/Frauenlob_Bd2/PDFs,S. 295.pdf,.pdf,pdf,44188,2010-10-06
ERLEDIGT/Frauenlob_Bd2/PDFs,S. 296.pdf,.pdf,pdf,40307,2010-10-06
ERLEDIGT/Frauenlob_Bd2/PDFs,S. 297.pdf,.pdf,pdf,38563,2010-10-06
ERLEDIGT/Frauenlob_Bd2/PDFs,S. 298.pdf,.pdf,pdf,32628,2010-10-06
ERLEDIGT/Frauenlob_Bd2/PDFs,S. 299.pdf,.pdf,pdf,40022,2010-10-06
ERLEDIGT/Frauenlob_Bd2/PDFs,S. 300.pdf,.pdf,pdf,36829,2010-10-06
ERLEDIGT/Frauenlob_Bd2/PDFs,S. 301.pdf,.pdf,pdf,40717,2010-10-06
ERLEDIGT/Frauenlob_Bd2/PDFs,S. 302.pdf,.pdf,pdf,41523,2010-10-06
ERLEDIGT/Frauenlob_Bd2/PDFs,S. 303.pdf,.pdf,pdf,42509,2010-10-06
ERLEDIGT/Frauenlob_Bd2/PDFs,S. 304.pdf,.pdf,pdf,43899,2010-10-06
ERLEDIGT/Frauenlob_Bd2/PDFs,S. 305.pdf,.pdf,pdf,39650,2010-10-06
ERLEDIGT/Frauenlob_Bd2/PDFs,S. 306.pdf,.pdf,pdf,34491,2010-10-06
ERLEDIGT/Frauenlob_Bd2/PDFs,S. 307.pdf,.pdf,pdf,24825,2010-10-06
ERLEDIGT/Frauenlob_Bd2/PDFs,S. 308.pdf,.pdf,pdf,32637,2010-10-06
ERLEDIGT/Frauenlob_Bd2/PDFs,S. 309.pdf,.pdf,pdf,16110,2010-10-06
ERLEDIGT/Frauenlob_Bd2/PDFs,S. 310.pdf,.pdf,pdf,31405,2010-10-06
ERLEDIGT/Frauenlob_Bd2/PDFs,S. 311.pdf,.pdf,pdf,31429,2010-10-06
ERLEDIGT/Frauenlob_Bd2/PDFs,S. 312.pdf,.pdf,pdf,28943,2010-10-06
ERLEDIGT/Frauenlob_Bd2/PDFs,S. 313.pdf,.pdf,pdf,32359,2010-10-06
ERLEDIGT/Frauenlob_Bd2/PDFs,S. 314.pdf,.pdf,pdf,26433,2010-10-06
ERLEDIGT/Frauenlob_Bd2/PDFs,S. 315.pdf,.pdf,pdf,30063,2010-10-06
ERLEDIGT/Frauenlob_Bd2/PDFs,S. 316.pdf,.pdf,pdf,32596,2010-10-06
ERLEDIGT/Frauenlob_Bd2/PDFs,S. 317.pdf,.pdf,pdf,23885,2010-10-06
ERLEDIGT/Frauenlob_Bd2/PDFs,S. 318.pdf,.pdf,pdf,34251,2010-10-06
ERLEDIGT/Frauenlob_Bd2/PDFs,S. 319.pdf,.pdf,pdf,33469,2010-10-06
ERLEDIGT/Frauenlob_Bd2/PDFs,S. 320.pdf,.pdf,pdf,26781,2010-10-06
ERLEDIGT/Frauenlob_Bd2/PDFs,S. 321.pdf,.pdf,pdf,33559,2010-10-06
ERLEDIGT/Frauenlob_Bd2/PDFs,S. 322.pdf,.pdf,pdf,34598,2010-10-06
ERLEDIGT/Frauenlob_Bd2/PDFs,S. 323.pdf,.pdf,pdf,19592,2010-10-06
ERLEDIGT/Frauenlob_Bd2/PDFs,S. 324.pdf,.pdf,pdf,16462,2010-10-06
ERLEDIGT/Frauenlob_Bd2/PDFs,S. 325.pdf,.pdf,pdf,43994,2010-10-06
ERLEDIGT/Frauenlob_Bd2/PDFs,S. 326.pdf,.pdf,pdf,25334,2010-10-06
ERLEDIGT/Frauenlob_Bd2/PDFs,S. 327.pdf,.pdf,pdf,33105,2010-10-06
ERLEDIGT/Frauenlob_Bd2/PDFs,S. 328.pdf,.pdf,pdf,28243,2010-10-06
ERLEDIGT/Frauenlob_Bd2/PDFs,S. 329.pdf,.pdf,pdf,27190,2010-10-06
ERLEDIGT/Frauenlob_Bd2/PDFs,S. 330.pdf,.pdf,pdf,41903,2010-10-06
ERLEDIGT/Frauenlob_Bd2/PDFs,S. 331.pdf,.pdf,pdf,30784,2010-10-06
ERLEDIGT/Frauenlob_Bd2/PDFs,S. 332.pdf,.pdf,pdf,36761,2010-10-06
ERLEDIGT/Frauenlob_Bd2/PDFs,S. 333.pdf,.pdf,pdf,36645,2010-10-06
ERLEDIGT/Frauenlob_Bd2/PDFs,S. 334.pdf,.pdf,pdf,23885,2010-10-06
ERLEDIGT/Frauenlob_Bd2/PDFs,S. 335.pdf,.pdf,pdf,39392,2010-10-06
ERLEDIGT/Frauenlob_Bd2/PDFs,S. 336.pdf,.pdf,pdf,31656,2010-10-06
ERLEDIGT/Frauenlob_Bd2/PDFs,S. 337.pdf,.pdf,pdf,31922,2010-10-06
ERLEDIGT/Frauenlob_Bd2/PDFs,S. 338.pdf,.pdf,pdf,41020,2010-10-06
ERLEDIGT/Frauenlob_Bd2/PDFs,S. 339.pdf,.pdf,pdf,43515,2010-10-06
ERLEDIGT/Frauenlob_Bd2/PDFs,S. 340.pdf,.pdf,pdf,33510,2010-10-06
ERLEDIGT/Frauenlob_Bd2/PDFs,S. 341.pdf,.pdf,pdf,42408,2010-10-06
ERLEDIGT/Frauenlob_Bd2/PDFs,S. 342.pdf,.pdf,pdf,36642,2010-10-06
ERLEDIGT/Frauenlob_Bd2/PDFs,S. 343.pdf,.pdf,pdf,28793,2010-10-06
ERLEDIGT/Frauenlob_Bd2/PDFs,S. 344.pdf,.pdf,pdf,28340,2010-10-06
ERLEDIGT/Frauenlob_Bd2/PDFs,S. 345.pdf,.pdf,pdf,28338,2010-10-06
ERLEDIGT/Frauenlob_Bd2/PDFs,S. 346.pdf,.pdf,pdf,27995,2010-10-06
ERLEDIGT/Frauenlob_Bd2/PDFs,S. 347.pdf,.pdf,pdf,37847,2010-10-06
ERLEDIGT/Frauenlob_Bd2/PDFs,S. 348.pdf,.pdf,pdf,21673,2010-10-06
ERLEDIGT/Frauenlob_Bd2/PDFs,S. 41.tif,.tif,scan,384944,2009-10-20
ERLEDIGT/Frauenlob_Bd2/PDFs,S. 63.tif,.tif,scan,347220,2009-08-20
ERLEDIGT/Frauenlob_Bd2/PDFs,S. 64.tif,.tif,scan,347220,2009-08-20
ERLEDIGT/Frauenlob_Bd2/PDFs,S. 65.tif,.tif,scan,348766,2009-08-20
ERLEDIGT/Frauenlob_Bd2/PDFs,S. 66.tif,.tif,scan,346024,2009-08-20
ERLEDIGT/Frauenlob_Bd2/PDFs,S. 67.tif,.tif,scan,357164,2009-08-20
ERLEDIGT/Frauenlob_Bd2/PDFs,S. 68.tif,.tif,scan,393508,2009-08-20
ERLEDIGT/Frauenlob_Bd2/PDFs,S. 69.tif,.tif,scan,342946,2009-08-20
ERLEDIGT/Frauenlob_Bd2/PDFs,S. 70.tif,.tif,scan,398274,2009-08-20
ERLEDIGT/Frauenlob_Bd2/PDFs,S. 71.tif,.tif,scan,398960,2009-08-20
ERLEDIGT/Frauenlob_Bd2/PDFs,S. 72.tif,.tif,scan,330384,2009-08-20
ERLEDIGT/Frauenlob_Bd2/PDFs,S. 73.tif,.tif,scan,400354,2009-08-20
ERLEDIGT/Frauenlob_Bd2/PDFs,S. 74.tif,.tif,scan,359436,2009-08-20
ERLEDIGT/Frauenlob_Bd2/PDFs,S. 75.tif,.tif,scan,369250,2009-08-20
ERLEDIGT/Frauenlob_Bd2/PDFs,S. 76.tif,.tif,scan,365640,2009-08-20
ERLEDIGT/Frauenlob_Bd2/PDFs,S. 77.tif,.tif,scan,395708,2009-08-20
ERLEDIGT/Frauenlob_Bd2/PDFs,S. 78.tif,.tif,scan,391746,2009-08-20
ERLEDIGT/Frauenlob_Bd2/PDFs,S. 79.tif,.tif,scan,345876,2009-08-20
ERLEDIGT/Frauenlob_Bd2/PDFs,S. 80.tif,.tif,scan,394510,2009-08-20
ERLEDIGT/Frauenlob_Bd2/PDFs,S. 81.tif,.tif,scan,404412,2009-08-20
ERLEDIGT/Frauenlob_Bd2/PDFs,S. 82.tif,.tif,scan,350036,2009-08-20
ERLEDIGT/Frauenlob_Bd2/PDFs,S. 83.tif,.tif,scan,409226,2009-08-20
ERLEDIGT/Frauenlob_Bd2/PDFs,S. 85.tif,.tif,scan,389964,2009-08-20
ERLEDIGT/Frauenlob_Bd2/PDFs,S. 86.tif,.tif,scan,392438,2009-08-20
ERLEDIGT/Frauenlob_Bd2/PDFs,S. 87.tif,.tif,scan,403808,2009-08-20
ERLEDIGT/Frauenlob_Bd2/PDFs,S. 88.tif,.tif,scan,393386,2009-09-24
ERLEDIGT/Frauenlob_Bd2/PDFs,S. 91.tif,.tif,scan,397240,2009-09-24
ERLEDIGT/Frauenlob_Bd2/PDFs,S. 92.tif,.tif,scan,362046,2009-09-24
ERLEDIGT/Frauenlob_Bd2/PDFs,S. 93.tif,.tif,scan,317958,2009-09-24
ERLEDIGT/Frauenlob_Bd2/PDFs,S. 94.tif,.tif,scan,375192,2009-09-24
ERLEDIGT/Frauenlob_Bd2/PDFs,S. 95.tif,.tif,scan,399780,2009-09-24
ERLEDIGT/Frauenlob_Bd2/PDFs,S. 96.tif,.tif,scan,347324,2009-09-24
ERLEDIGT/Frauenlob_Bd2/PDFs,S. 97.tif,.tif,scan,402834,2009-09-24
ERLEDIGT/Frauenlob_Bd2/PDFs,S. 98.tif,.tif,scan,338798,2009-09-24
ERLEDIGT/Frauenlob_Bd2/PDFs,S.106.tif,.tif,scan,366980,2009-09-24
ERLEDIGT/Frauenlob_Bd2/PDFs,S.132.tif,.tif,scan,321940,2009-10-15
ERLEDIGT/Frauenlob_Bd2/PDFs,S.133.tif,.tif,scan,382128,2009-10-20
ERLEDIGT/Frauenlob_Bd2/PDFs,S.135.tif,.tif,scan,395698,2009-10-20
ERLEDIGT/Frauenlob_Bd2/PDFs,S.84.tif,.tif,scan,391442,2009-08-20
ERLEDIGT/Frauenlob_Bd2/PDFs,S.89.tif,.tif,scan,400540,2009-09-24
ERLEDIGT/Frauenlob_Bd2/PDFs,S.90.tif,.tif,scan,379866,2009-09-24
ERLEDIGT/Frauenlob_Bd2/PDFs,S.99.tif,.tif,scan,396150,2009-09-24
ERLEDIGT/Freidank,Freidank Anmerkungen.doc,.doc,text,19968,2010-08-20
ERLEDIGT/Freidank,Freidank ganze RTF.rtf,.rtf,text,938078,2010-08-20
ERLEDIGT/Freidank/Freidank Bilder,Freidank 100.tif,.tif,scan,271426,2010-06-09
ERLEDIGT/Freidank/Freidank Bilder,Freidank 101.tif,.tif,scan,270302,2010-06-09
ERLEDIGT/Freidank/Freidank Bilder,Freidank 102.tif,.tif,scan,279304,2010-06-09
ERLEDIGT/Freidank/Freidank Bilder,Freidank 103.tif,.tif,scan,273244,2010-06-09
ERLEDIGT/Freidank/Freidank Bilder,Freidank 104.tif,.tif,scan,279772,2010-06-09
ERLEDIGT/Freidank/Freidank Bilder,Freidank 105.tif,.tif,scan,281436,2010-06-09
ERLEDIGT/Freidank/Freidank Bilder,Freidank 106.tif,.tif,scan,277024,2010-06-09
ERLEDIGT/Freidank/Freidank Bilder,Freidank 107.tif,.tif,scan,277114,2010-06-09
ERLEDIGT/Freidank/Freidank Bilder,Freidank 108.tif,.tif,scan,281214,2010-06-09
ERLEDIGT/Freidank/Freidank Bilder,Freidank 109.tif,.tif,scan,277978,2010-06-09
ERLEDIGT/Freidank/Freidank Bilder,Freidank 110.tif,.tif,scan,282656,2010-06-09
ERLEDIGT/Freidank/Freidank Bilder,Freidank 111.tif,.tif,scan,272250,2010-06-09
ERLEDIGT/Freidank/Freidank Bilder,Freidank 112.tif,.tif,scan,268500,2010-06-09
ERLEDIGT/Freidank/Freidank Bilder,Freidank 113.tif,.tif,scan,269714,2010-06-09
ERLEDIGT/Freidank/Freidank Bilder,Freidank 114.tif,.tif,scan,275236,2010-06-09
ERLEDIGT/Freidank/Freidank Bilder,Freidank 115.tif,.tif,scan,274148,2010-06-09
ERLEDIGT/Freidank/Freidank Bilder,Freidank 116.tif,.tif,scan,266788,2010-06-09
ERLEDIGT/Freidank/Freidank Bilder,Freidank 117.tif,.tif,scan,269384,2010-06-09
ERLEDIGT/Freidank/Freidank Bilder,Freidank 118.tif,.tif,scan,272212,2010-06-09
ERLEDIGT/Freidank/Freidank Bilder,Freidank 119.tif,.tif,scan,271266,2010-06-09
ERLEDIGT/Freidank/Freidank Bilder,Freidank 120.tif,.tif,scan,273858,2010-06-09
ERLEDIGT/Freidank/Freidank Bilder,Freidank 121.tif,.tif,scan,262404,2010-06-09
ERLEDIGT/Freidank/Freidank Bilder,Freidank 122.tif,.tif,scan,272952,2010-06-09
ERLEDIGT/Freidank/Freidank Bilder,Freidank 123.tif,.tif,scan,276494,2010-06-09
ERLEDIGT/Freidank/Freidank Bilder,Freidank 124.tif,.tif,scan,278978,2010-06-09
ERLEDIGT/Freidank/Freidank Bilder,Freidank 125.tif,.tif,scan,274272,2010-06-09
ERLEDIGT/Freidank/Freidank Bilder,Freidank 126.tif,.tif,scan,269572,2010-06-09
ERLEDIGT/Freidank/Freidank Bilder,Freidank 127.tif,.tif,scan,279766,2010-06-09
ERLEDIGT/Freidank/Freidank Bilder,Freidank 128.tif,.tif,scan,277908,2010-06-09
ERLEDIGT/Freidank/Freidank Bilder,Freidank 129.tif,.tif,scan,269602,2010-06-09
ERLEDIGT/Freidank/Freidank Bilder,Freidank 130.tif,.tif,scan,274814,2010-06-09
ERLEDIGT/Freidank/Freidank Bilder,Freidank 131.tif,.tif,scan,276488,2010-06-09
ERLEDIGT/Freidank/Freidank Bilder,Freidank 132.tif,.tif,scan,212018,2010-06-15
ERLEDIGT/Freidank/Freidank Bilder,Freidank 133.tif,.tif,scan,282450,2010-06-09
ERLEDIGT/Freidank/Freidank Bilder,Freidank 134.tif,.tif,scan,284678,2010-06-09
ERLEDIGT/Freidank/Freidank Bilder,Freidank 135.tif,.tif,scan,261660,2010-06-09
ERLEDIGT/Freidank/Freidank Bilder,Freidank 136.tif,.tif,scan,270856,2010-06-09
ERLEDIGT/Freidank/Freidank Bilder,Freidank 137.tif,.tif,scan,269222,2010-06-09
ERLEDIGT/Friedrich von Sonnenburg,Anmerkungen zu F. v. Sonnenburg.doc,.doc,text,22016,2010-09-01
ERLEDIGT/Friedrich von Sonnenburg/friedrich von Sonnenburg Bilder,Friedrich von Sonnenburg Buchdeckblatt0001.tif,.tif,scan,138524,2010-08-23
ERLEDIGT/Friedrich von Sonnenburg/friedrich von Sonnenburg Bilder,Friedrich von Sonnenburg Buchdeckblatt0002.tif,.tif,scan,184790,2010-08-23
ERLEDIGT/Friedrich von Sonnenburg/friedrich von Sonnenburg Bilder,Sprüche von Sonnenburg0001.tif,.tif,scan,173584,2010-08-23
ERLEDIGT/Friedrich von Sonnenburg/friedrich von Sonnenburg Bilder,Sprüche von Sonnenburg0002.tif,.tif,scan,175462,2010-08-23
ERLEDIGT/Friedrich von Sonnenburg/friedrich von Sonnenburg Bilder,Sprüche von Sonnenburg0003.tif,.tif,scan,172198,2010-08-23
ERLEDIGT/Friedrich von Sonnenburg/friedrich von Sonnenburg Bilder,Sprüche von Sonnenburg0004.tif,.tif,scan,177960,2010-08-23
ERLEDIGT/Friedrich von Sonnenburg/friedrich von Sonnenburg Bilder,Sprüche von Sonnenburg0005.tif,.tif,scan,171486,2010-08-23
ERLEDIGT/Friedrich von Sonnenburg/friedrich von Sonnenburg Bilder,Sprüche von Sonnenburg0006.tif,.tif,scan,177100,2010-08-23
ERLEDIGT/Friedrich von Sonnenburg/friedrich von Sonnenburg Bilder,Sprüche von Sonnenburg0007.tif,.tif,scan,175876,2010-08-23
ERLEDIGT/Friedrich von Sonnenburg/friedrich von Sonnenburg Bilder,Sprüche von Sonnenburg0008.tif,.tif,scan,186214,2010-08-23
ERLEDIGT/Friedrich von Sonnenburg/friedrich von Sonnenburg Bilder,Sprüche von Sonnenburg0009.tif,.tif,scan,171256,2010-08-23
ERLEDIGT/Friedrich von Sonnenburg/friedrich von Sonnenburg Bilder,Sprüche von Sonnenburg0010.tif,.tif,scan,194182,2010-08-23
ERLEDIGT/Friedrich von Sonnenburg/friedrich von Sonnenburg Bilder,Sprüche von Sonnenburg0011.tif,.tif,scan,170892,2010-08-23
ERLEDIGT/Friedrich von Sonnenburg/friedrich von Sonnenburg Bilder,Sprüche von Sonnenburg0012.tif,.tif,scan,172570,2010-08-23
ERLEDIGT/Friedrich von Sonnenburg/friedrich von Sonnenburg Bilder,Sprüche von Sonnenburg0013.tif,.tif,scan,163256,2010-08-23
ERLEDIGT/Friedrich von Sonnenburg/friedrich von Sonnenburg Bilder,Sprüche von Sonnenburg0014.tif,.tif,scan,187918,2010-08-23
ERLEDIGT/Friedrich von Sonnenburg/friedrich von Sonnenburg Bilder,Sprüche von Sonnenburg0015.tif,.tif,scan,167822,2010-08-23
ERLEDIGT/Friedrich von Sonnenburg/friedrich von Sonnenburg Bilder,Sprüche von Sonnenburg0016.tif,.tif,scan,167956,2010-08-23
ERLEDIGT/Friedrich von Sonnenburg/friedrich von Sonnenburg Bilder,Sprüche von Sonnenburg0017.tif,.tif,scan,166240,2010-08-23
ERLEDIGT/Friedrich von Sonnenburg/friedrich von Sonnenburg Bilder,Sprüche von Sonnenburg0018.tif,.tif,scan,183796,2010-08-23
ERLEDIGT/Friedrich von Sonnenburg/friedrich von Sonnenburg Bilder,Sprüche von Sonnenburg0019.tif,.tif,scan,180898,2010-08-23
ERLEDIGT/Friedrich von Sonnenburg/friedrich von Sonnenburg Bilder,Sprüche von Sonnenburg0020.tif,.tif,scan,184722,2010-08-23
ERLEDIGT/Friedrich von Sonnenburg/friedrich von Sonnenburg Bilder,Sprüche von Sonnenburg0021.tif,.tif,scan,179890,2010-08-23
ERLEDIGT/Friedrich von Sonnenburg/friedrich von Sonnenburg Bilder,Sprüche von Sonnenburg0022.tif,.tif,scan,186322,2010-08-23
ERLEDIGT/Friedrich von Sonnenburg/friedrich von Sonnenburg Bilder,Sprüche von Sonnenburg0023.tif,.tif,scan,179880,2010-08-23
ERLEDIGT/Friedrich von Sonnenburg/friedrich von Sonnenburg Bilder,Sprüche von Sonnenburg0024.tif,.tif,scan,179384,2010-08-23
ERLEDIGT/Friedrich von Sonnenburg/friedrich von Sonnenburg Bilder,Sprüche von Sonnenburg0025.tif,.tif,scan,181258,2010-08-23
ERLEDIGT/Friedrich von Sonnenburg/friedrich von Sonnenburg Bilder,Sprüche von Sonnenburg0026.tif,.tif,scan,184326,2010-08-23
ERLEDIGT/Friedrich von Sonnenburg/friedrich von Sonnenburg Bilder,Sprüche von Sonnenburg0027.tif,.tif,scan,192812,2010-08-23
ERLEDIGT/Friedrich von Sonnenburg/friedrich von Sonnenburg Bilder,Sprüche von Sonnenburg0028.tif,.tif,scan,192288,2010-08-23
ERLEDIGT/Friedrich von Sonnenburg/friedrich von Sonnenburg Bilder,Sprüche von Sonnenburg0029.tif,.tif,scan,184728,2010-08-23
ERLEDIGT/Friedrich von Sonnenburg/friedrich von Sonnenburg Bilder,Sprüche von Sonnenburg0030.tif,.tif,scan,187710,2010-08-23
ERLEDIGT/Friedrich von Sonnenburg/friedrich von Sonnenburg Bilder,Sprüche von Sonnenburg0031.tif,.tif,scan,187102,2010-08-23
ERLEDIGT/Friedrich von Sonnenburg/friedrich von Sonnenburg Bilder,Sprüche von Sonnenburg0032.tif,.tif,scan,183456,2010-08-23
ERLEDIGT/Friedrich von Sonnenburg/friedrich von Sonnenburg Bilder,Sprüche von Sonnenburg0033.tif,.tif,scan,182008,2010-08-23
ERLEDIGT/Friedrich von Sonnenburg/friedrich von Sonnenburg Bilder,Sprüche von Sonnenburg0034.tif,.tif,scan,182748,2010-08-23
ERLEDIGT/Friedrich von Sonnenburg/friedrich von Sonnenburg Bilder,Sprüche von Sonnenburg0035.tif,.tif,scan,188456,2010-08-23
ERLEDIGT/Friedrich von Sonnenburg/friedrich von Sonnenburg Bilder,Sprüche von Sonnenburg0036.tif,.tif,scan,180812,2010-08-23
ERLEDIGT/Friedrich von Sonnenburg/friedrich von Sonnenburg Bilder,Sprüche von Sonnenburg0037.tif,.tif,scan,190776,2010-08-23
ERLEDIGT/Friedrich von Sonnenburg/friedrich von Sonnenburg Bilder,Sprüche von Sonnenburg0038.tif,.tif,scan,192550,2010-08-23
ERLEDIGT/Friedrich von Sonnenburg/friedrich von Sonnenburg Bilder,Sprüche von Sonnenburg0039.tif,.tif,scan,185116,2010-08-23
ERLEDIGT/Friedrich von Sonnenburg/friedrich von Sonnenburg Bilder,Sprüche von Sonnenburg0040.tif,.tif,scan,190630,2010-08-23
ERLEDIGT/Friedrich von Sonnenburg/friedrich von Sonnenburg Bilder,Sprüche von Sonnenburg0041.tif,.tif,scan,182228,2010-08-23
ERLEDIGT/Friedrich von Sonnenburg/friedrich von Sonnenburg Bilder,Sprüche von Sonnenburg0042.tif,.tif,scan,187206,2010-08-23
ERLEDIGT/Friedrich von Sonnenburg/friedrich von Sonnenburg Bilder,Sprüche von Sonnenburg0043.tif,.tif,scan,179370,2010-08-23
ERLEDIGT/Friedrich von Sonnenburg/friedrich von Sonnenburg Bilder,Sprüche von Sonnenburg0044.tif,.tif,scan,198808,2010-08-23
ERLEDIGT/Friedrich von Sonnenburg/friedrich von Sonnenburg Bilder,Sprüche von Sonnenburg0045.tif,.tif,scan,188110,2010-08-23
ERLEDIGT/Friedrich von Sonnenburg/friedrich von Sonnenburg Bilder,Sprüche von Sonnenburg0046.tif,.tif,scan,192330,2010-08-23
ERLEDIGT/Friedrich von Sonnenburg/friedrich von Sonnenburg Bilder,Sprüche von Sonnenburg0047.tif,.tif,scan,186764,2010-08-23
ERLEDIGT/Friedrich von Sonnenburg/friedrich von Sonnenburg Bilder,Sprüche von Sonnenburg0048.tif,.tif,scan,184102,2010-08-23
ERLEDIGT/Friedrich von Sonnenburg/Friedrich von Sonnenburg Rich Text Format,Die Sprüche Friedrichs von Sonnenburg.rtf,.rtf,text,298144,2010-09-03
"ERLEDIGT/Heinrich von dem Türlin, Der Mantel",Der Mantel.rtf,.rtf,text,504430,2014-08-04
"ERLEDIGT/Heinrich von dem Türlin, Der Mantel/Der Mantel",batch.options.xml,.xml,text,10138,2014-08-04
"ERLEDIGT/Heinrich von dem Türlin, Der Mantel/Der Mantel Bilder",Der Mantel - 0001.tif,.tif,scan,519894,2014-07-28
"ERLEDIGT/Heinrich von dem Türlin, Der Mantel/Der Mantel Bilder",Der Mantel - 0002.tif,.tif,scan,583272,2014-07-28
"ERLEDIGT/Heinrich von dem Türlin, Der Mantel/Der Mantel Bilder",Der Mantel - 0003.tif,.tif,scan,543618,2014-07-28
"ERLEDIGT/Heinrich von dem Türlin, Der Mantel/Der Mantel Bilder",Der Mantel - 0004.tif,.tif,scan,579984,2014-07-28
"ERLEDIGT/Heinrich von dem Türlin, Der Mantel/Der Mantel Bilder",Der Mantel - 0005.tif,.tif,scan,606826,2014-07-28
"ERLEDIGT/Heinrich von dem Türlin, Der Mantel/Der Mantel Bilder",Der Mantel - 0006.tif,.tif,scan,471444,2014-07-28
"ERLEDIGT/Heinrich von dem Türlin, Der Mantel/Der Mantel Bilder",Der Mantel - 0007.tif,.tif,scan,290288,2014-07-28
"ERLEDIGT/Heinrich von dem Türlin, Der Mantel/Der Mantel Bilder",Der Mantel - 0008.tif,.tif,scan,381536,2014-07-28
"ERLEDIGT/Heinrich von dem Türlin, Der Mantel/Der Mantel Bilder",Der Mantel - 0009.tif,.tif,scan,383168,2014-07-28
"ERLEDIGT/Heinrich von dem Türlin, Der Mantel/Der Mantel Bilder",Der Mantel - 0010.tif,.tif,scan,544358,2014-07-28
"ERLEDIGT/Heinrich von dem Türlin, Der Mantel/Der Mantel Bilder",Der Mantel - 0011.tif,.tif,scan,317592,2014-07-28
"ERLEDIGT/Heinrich von dem Türlin, Der Mantel/Der Mantel Bilder",Der Mantel - 0012.tif,.tif,scan,315746,2014-07-28
"ERLEDIGT/Heinrich von dem Türlin, Der Mantel/Der Mantel Bilder",Der Mantel - 0013.tif,.tif,scan,343532,2014-07-28
"ERLEDIGT/Heinrich von dem Türlin, Der Mantel/Der Mantel Bilder",Der Mantel - 0014.tif,.tif,scan,477010,2014-07-28
"ERLEDIGT/Heinrich von dem Türlin, Der Mantel/Der Mantel Bilder",Der Mantel - 0015.tif,.tif,scan,415654,2014-07-28
"ERLEDIGT/Heinrich von dem Türlin, Der Mantel/Der Mantel Bilder",Der Mantel - 0016.tif,.tif,scan,388724,2014-07-28
"ERLEDIGT/Heinrich von dem Türlin, Der Mantel/Der Mantel Bilder",Der Mantel - 0017.tif,.tif,scan,380196,2014-07-28
"ERLEDIGT/Heinrich von dem Türlin, Der Mantel/Der Mantel Bilder",Der Mantel - 0018.tif,.tif,scan,289594,2014-07-28
"ERLEDIGT/Heinrich von dem Türlin, Der Mantel/Der Mantel Bilder",Der Mantel - 0019.tif,.tif,scan,272930,2014-07-28
"ERLEDIGT/Heinrich von dem Türlin, Der Mantel/Der Mantel Bilder",Der Mantel - 0020.tif,.tif,scan,274672,2014-07-28
"ERLEDIGT/Heinrich von dem Türlin, Der Mantel/Der Mantel Bilder",Der Mantel - 0021.tif,.tif,scan,464678,2014-07-28
"ERLEDIGT/Heinrich von dem Türlin, Der Mantel/Der Mantel Bilder",Der Mantel - 0022.tif,.tif,scan,354324,2014-07-28
"ERLEDIGT/Heinrich von dem Türlin, Der Mantel/Der Mantel Bilder",Der Mantel - 0023.tif,.tif,scan,302358,2014-07-28
"ERLEDIGT/Heinrich von dem Türlin, Der Mantel/Der Mantel Bilder",Der Mantel - 0024.tif,.tif,scan,397394,2014-07-28
"ERLEDIGT/Heinrich von dem Türlin, Der Mantel/Der Mantel Bilder",Der Mantel - 0025.tif,.tif,scan,395074,2014-07-28
"ERLEDIGT/Heinrich von dem Türlin, Der Mantel/Der Mantel Bilder",Der Mantel - 0026.tif,.tif,scan,468786,2014-07-28
"ERLEDIGT/Heinrich von dem Türlin, Der Mantel/Der Mantel Bilder",Der Mantel - 0027.tif,.tif,scan,344436,2014-07-28
"ERLEDIGT/Heinrich von dem Türlin, Der Mantel/Der Mantel Bilder",Der Mantel - 0028.tif,.tif,scan,364556,2014-07-28
"ERLEDIGT/Heinrich von dem Türlin, Der Mantel/Der Mantel Bilder",Der Mantel - 0029.tif,.tif,scan,476220,2014-07-28
"ERLEDIGT/Heinrich von dem Türlin, Der Mantel/Der Mantel Bilder",Der Mantel - 0030.tif,.tif,scan,257754,2014-07-28
"ERLEDIGT/Heinrich von dem Türlin, Der Mantel/Der Mantel Bilder",Der Mantel - 0031.tif,.tif,scan,442522,2014-07-28
"ERLEDIGT/Heinrich von dem Türlin, Der Mantel/Der Mantel Bilder",Der Mantel - 0032.tif,.tif,scan,387722,2014-07-28
"ERLEDIGT/Heinrich von dem Türlin, Der Mantel/Der Mantel Bilder",Der Mantel - 0033.tif,.tif,scan,526716,2014-07-28
"ERLEDIGT/Heinrich von dem Türlin, Der Mantel/Der Mantel Bilder",Der Mantel - 0034.tif,.tif,scan,380922,2014-07-28
"ERLEDIGT/Heinrich von dem Türlin, Der Mantel/Der Mantel Bilder",Der Mantel - 0035.tif,.tif,scan,486838,2014-07-28
"ERLEDIGT/Heinrich von dem Türlin, Der Mantel/Der Mantel Bilder",Der Mantel - 0036.tif,.tif,scan,270060,2014-07-28
"ERLEDIGT/Heinrich von dem Türlin, Der Mantel/Der Mantel Bilder",Der Mantel - 0037.tif,.tif,scan,200610,2014-07-28
"ERLEDIGT/Heinrich von dem Türlin, Der Mantel/Der Mantel Bilder",Der Mantel - 0038.tif,.tif,scan,352210,2014-07-28
"ERLEDIGT/Heinrich von dem Türlin, Der Mantel/Der Mantel Bilder",Der Mantel - 0039.tif,.tif,scan,433536,2014-07-28
"ERLEDIGT/Heinrich von dem Türlin, Der Mantel/Der Mantel Bilder",Der Mantel - 0040.tif,.tif,scan,621892,2014-07-28
"ERLEDIGT/Heinrich von dem Türlin, Der Mantel/Der Mantel Bilder",Der Mantel - 0041.tif,.tif,scan,397468,2014-07-28
"ERLEDIGT/Heinrich von dem Türlin, Der Mantel/Der Mantel Bilder",Der Mantel - 0042.tif,.tif,scan,343962,2014-07-28
"ERLEDIGT/Heinrich von dem Türlin, Der Mantel/Der Mantel Bilder",Der Mantel - 0043.tif,.tif,scan,389930,2014-07-28
"ERLEDIGT/Heinrich von dem Türlin, Der Mantel/Der Mantel Bilder",Der Mantel - 0044.tif,.tif,scan,273386,2014-07-28
"ERLEDIGT/Heinrich von dem Türlin, Der Mantel/Der Mantel Bilder",Der Mantel - 0045.tif,.tif,scan,480116,2014-07-28
"ERLEDIGT/Heinrich von dem Türlin, Der Mantel/Der Mantel Bilder",Der Mantel - 0046.tif,.tif,scan,421750,2014-07-28
"ERLEDIGT/Heinrich von dem Türlin, Der Mantel/Der Mantel Bilder",Der Mantel - 0047.tif,.tif,scan,77504,2014-07-28
"ERLEDIGT/Heinrich von dem Türlin, Der Mantel/Der Mantel/temp",Plustek%32OpticBook%324800%400%41.bmp,.bmp,scan,997918,2014-07-28
ERLEDIGT/Jenaer Meißner,Der Meißner der Jenaer Liederhandschrift.rtf,.rtf,text,94556,2011-03-02
ERLEDIGT/Jenaer Meißner,DJEM.txt,.txt,text,108077,2013-11-12
ERLEDIGT/Jenaer Meißner/Der Meißner der Jenaer Liederhandschrift Bilder,Meißner Jenaer Liederhandschrift0001.tif,.tif,scan,487748,2011-01-11
ERLEDIGT/Jenaer Meißner/Der Meißner der Jenaer Liederhandschrift Bilder,Meißner Jenaer Liederhandschrift0002.tif,.tif,scan,788176,2011-01-10
ERLEDIGT/Jenaer Meißner/Der Meißner der Jenaer Liederhandschrift Bilder,Meißner Jenaer Liederhandschrift0003.tif,.tif,scan,780222,2011-01-10
ERLEDIGT/Jenaer Meißner/Der Meißner der Jenaer Liederhandschrift Bilder,Meißner Jenaer Liederhandschrift0004.tif,.tif,scan,784436,2011-01-10
ERLEDIGT/Jenaer Meißner/Der Meißner der Jenaer Liederhandschrift Bilder,Meißner Jenaer Liederhandschrift0005.tif,.tif,scan,767584,2011-01-10
ERLEDIGT/Jenaer Meißner/Der Meißner der Jenaer Liederhandschrift Bilder,Meißner Jenaer Liederhandschrift0006.tif,.tif,scan,788260,2011-01-10
ERLEDIGT/Jenaer Meißner/Der Meißner der Jenaer Liederhandschrift Bilder,Meißner Jenaer Liederhandschrift0007.tif,.tif,scan,773150,2011-01-10
ERLEDIGT/Jenaer Meißner/Der Meißner der Jenaer Liederhandschrift Bilder,Meißner Jenaer Liederhandschrift0008.tif,.tif,scan,706450,2011-01-10
ERLEDIGT/Jenaer Meißner/Der Meißner der Jenaer Liederhandschrift Bilder,Meißner Jenaer Liederhandschrift0009.tif,.tif,scan,788334,2011-01-10
ERLEDIGT/Jenaer Meißner/Der Meißner der Jenaer Liederhandschrift Bilder,Meißner Jenaer Liederhandschrift0010.tif,.tif,scan,701440,2011-01-10
ERLEDIGT/Jenaer Meißner/Der Meißner der Jenaer Liederhandschrift Bilder,Meißner Jenaer Liederhandschrift0011.tif,.tif,scan,778612,2011-01-10
ERLEDIGT/Jenaer Meißner/Der Meißner der Jenaer Liederhandschrift Bilder,Meißner Jenaer Liederhandschrift0012.tif,.tif,scan,752618,2011-01-10
ERLEDIGT/Jenaer Meißner/Der Meißner der Jenaer Liederhandschrift Bilder,Meißner Jenaer Liederhandschrift0013.tif,.tif,scan,726836,2011-01-10
ERLEDIGT/Jenaer Meißner/Der Meißner der Jenaer Liederhandschrift Bilder,Meißner Jenaer Liederhandschrift0014.tif,.tif,scan,759644,2011-01-10
ERLEDIGT/Jenaer Meißner/Der Meißner der Jenaer Liederhandschrift Bilder,Meißner Jenaer Liederhandschrift0015.tif,.tif,scan,743392,2011-01-10
ERLEDIGT/Jenaer Meißner/Der Meißner der Jenaer Liederhandschrift Bilder,Meißner Jenaer Liederhandschrift0016.tif,.tif,scan,775740,2011-01-10
ERLEDIGT/Jenaer Meißner/Der Meißner der Jenaer Liederhandschrift Bilder,Meißner Jenaer Liederhandschrift0017.tif,.tif,scan,772564,2011-01-10
ERLEDIGT/Jenaer Meißner/Der Meißner der Jenaer Liederhandschrift Bilder,Meißner Jenaer Liederhandschrift0018.tif,.tif,scan,784280,2011-01-10
ERLEDIGT/Jenaer Meißner/Der Meißner der Jenaer Liederhandschrift Bilder,Meißner Jenaer Liederhandschrift0019.tif,.tif,scan,774522,2011-01-10
ERLEDIGT/Jenaer Meißner/Der Meißner der Jenaer Liederhandschrift Bilder,Meißner Jenaer Liederhandschrift0020.tif,.tif,scan,769542,2011-01-10
ERLEDIGT/Jenaer Meißner/Der Meißner der Jenaer Liederhandschrift Bilder,Meißner Jenaer Liederhandschrift0021.tif,.tif,scan,710076,2011-01-10
ERLEDIGT/Jenaer Meißner/Der Meißner der Jenaer Liederhandschrift Bilder,Meißner Jenaer Liederhandschrift0022.tif,.tif,scan,747144,2011-01-10
ERLEDIGT/Jenaer Meißner/Der Meißner der Jenaer Liederhandschrift Bilder,Meißner Jenaer Liederhandschrift0023.tif,.tif,scan,734894,2011-01-10
ERLEDIGT/Jenaer Meißner/Der Meißner der Jenaer Liederhandschrift Bilder,Meißner Jenaer Liederhandschrift0024.tif,.tif,scan,755206,2011-01-10
ERLEDIGT/Jenaer Meißner/Der Meißner der Jenaer Liederhandschrift Bilder,Meißner Jenaer Liederhandschrift0025.tif,.tif,scan,756266,2011-01-10
ERLEDIGT/Jenaer Meißner/Der Meißner der Jenaer Liederhandschrift Bilder,Meißner Jenaer Liederhandschrift0026.tif,.tif,scan,764674,2011-01-10
ERLEDIGT/Jenaer Meißner/Der Meißner der Jenaer Liederhandschrift Bilder,Meißner Jenaer Liederhandschrift0027.tif,.tif,scan,738888,2011-01-10
ERLEDIGT/Jenaer Meißner/Der Meißner der Jenaer Liederhandschrift Bilder,Meißner Jenaer Liederhandschrift0029.tif,.tif,scan,745450,2011-01-10
ERLEDIGT/Jenaer Meißner/Der Meißner der Jenaer Liederhandschrift Bilder,Meißner Jenaer Liederhandschrift0030.tif,.tif,scan,791166,2011-01-10
ERLEDIGT/Jenaer Meißner/Der Meißner der Jenaer Liederhandschrift Bilder,Meißner Jenaer Liederhandschrift0031.tif,.tif,scan,790678,2011-01-10
ERLEDIGT/Jenaer Meißner/Der Meißner der Jenaer Liederhandschrift Bilder,Meißner Jenaer Liederhandschrift0032.tif,.tif,scan,788354,2011-01-10
ERLEDIGT/Jenaer Meißner/Der Meißner der Jenaer Liederhandschrift Bilder,Meißner Jenaer Liederhandschrift0033.tif,.tif,scan,778488,2011-01-10
ERLEDIGT/Jenaer Meißner/Der Meißner der Jenaer Liederhandschrift Bilder,Meißner Jenaer Liederhandschrift0034.tif,.tif,scan,774912,2011-01-10
ERLEDIGT/Jenaer Meißner/Der Meißner der Jenaer Liederhandschrift Bilder,Meißner Jenaer Liederhandschrift0035.tif,.tif,scan,763912,2011-01-10
ERLEDIGT/Jenaer Meißner/Der Meißner der Jenaer Liederhandschrift Bilder,Meißner Jenaer Liederhandschrift0036.tif,.tif,scan,795232,2011-01-10
ERLEDIGT/Jenaer Meißner/Der Meißner der Jenaer Liederhandschrift Bilder,Meißner Jenaer Liederhandschrift0037.tif,.tif,scan,790632,2011-01-10
ERLEDIGT/Jenaer Meißner/Der Meißner der Jenaer Liederhandschrift Bilder,Meißner Jenaer Liederhandschrift0038.tif,.tif,scan,771548,2011-01-10
ERLEDIGT/Jenaer Meißner/Der Meißner der Jenaer Liederhandschrift Bilder,Meißner Jenaer Liederhandschrift0039.tif,.tif,scan,779034,2011-01-10
ERLEDIGT/Jenaer Meißner/Der Meißner der Jenaer Liederhandschrift Bilder,Meißner Jenaer Liederhandschrift0040.tif,.tif,scan,760674,2011-01-10
ERLEDIGT/Jenaer Meißner/Der Meißner der Jenaer Liederhandschrift Bilder,Meißner Jenaer Liederhandschrift0041.tif,.tif,scan,753530,2011-01-10
ERLEDIGT/Jenaer Meißner/Der Meißner der Jenaer Liederhandschrift Bilder,Meißner Jenaer Liederhandschrift0042.tif,.tif,scan,740422,2011-01-10
ERLEDIGT/Jenaer Meißner/Der Meißner der Jenaer Liederhandschrift Bilder,Meißner Jenaer Liederhandschrift0043.tif,.tif,scan,685314,2011-01-10
ERLEDIGT/Jenaer Meißner/Der Meißner der Jenaer Liederhandschrift Bilder,Meißner Jenaer Liederhandschrift0044.tif,.tif,scan,711342,2011-01-10
ERLEDIGT/Jenaer Meißner/Der Meißner der Jenaer Liederhandschrift Bilder,Meißner Jenaer Liederhandschrift0045.tif,.tif,scan,737866,2011-01-10
ERLEDIGT/Jenaer Meißner/Der Meißner der Jenaer Liederhandschrift Bilder,Meißner Jenaer Liederhandschrift0046.tif,.tif,scan,772256,2011-01-10
ERLEDIGT/Jenaer Meißner/Der Meißner der Jenaer Liederhandschrift Bilder,Meißner Jenaer Liederhandschrift0047.tif,.tif,scan,754272,2011-01-10
ERLEDIGT/Jenaer Meißner/Der Meißner der Jenaer Liederhandschrift Bilder,Meißner Jenaer Liederhandschrift0048.tif,.tif,scan,644580,2011-01-10
ERLEDIGT/Jenaer Meißner/Der Meißner der Jenaer Liederhandschrift Bilder,Meißner Jenaer Liederhandschrift0049.tif,.tif,scan,774512,2011-01-10
ERLEDIGT/Jenaer Meißner/Der Meißner der Jenaer Liederhandschrift Bilder,Meißner Jenaer Liederhandschrift0050.tif,.tif,scan,776606,2011-01-10
ERLEDIGT/Jenaer Meißner/Der Meißner der Jenaer Liederhandschrift Bilder,Meißner Jenaer Liederhandschrift0051.tif,.tif,scan,750506,2011-01-10
ERLEDIGT/Jenaer Meißner/Der Meißner der Jenaer Liederhandschrift Bilder,Meißner Jenaer Liederhandschrift0052.tif,.tif,scan,735360,2011-01-10
ERLEDIGT/Jenaer Meißner/Der Meißner der Jenaer Liederhandschrift Bilder,Meißner Jenaer Liederhandschrift0053.tif,.tif,scan,684136,2011-01-10
ERLEDIGT/Jenaer Meißner/Der Meißner der Jenaer Liederhandschrift Bilder,Meißner Jenaer Liederhandschrift0054.tif,.tif,scan,739698,2011-01-10
ERLEDIGT/Jenaer Meißner/Der Meißner der Jenaer Liederhandschrift Bilder,Meißner Jenaer Liederhandschrift0055.tif,.tif,scan,716904,2011-01-10
ERLEDIGT/Jenaer Meißner/Der Meißner der Jenaer Liederhandschrift Bilder,Meißner Jenaer Liederhandschrift0056.tif,.tif,scan,765568,2011-01-10
ERLEDIGT/Jenaer Meißner/Der Meißner der Jenaer Liederhandschrift Bilder,Meißner Jenaer Liederhandschrift0057.tif,.tif,scan,775250,2011-01-10
ERLEDIGT/Jenaer Meißner/Der Meißner der Jenaer Liederhandschrift Bilder,Meißner Jenaer Liederhandschrift0058.tif,.tif,scan,743060,2011-01-10
ERLEDIGT/Jenaer Meißner/Der Meißner der Jenaer Liederhandschrift Bilder,Meißner Jenaer Liederhandschrift0059.tif,.tif,scan,723568,2011-01-10
ERLEDIGT/Jenaer Meißner/Der Meißner der Jenaer Liederhandschrift Bilder,Meißner Jenaer Liederhandschrift0060.tif,.tif,scan,739652,2011-01-10
ERLEDIGT/Jenaer Meißner/Der Meißner der Jenaer Liederhandschrift Bilder,Meißner Jenaer Liederhandschrift0061.tif,.tif,scan,738848,2011-01-10
ERLEDIGT/Jenaer Meißner/Der Meißner der Jenaer Liederhandschrift Bilder,Meißner Jenaer Liederhandschrift0062.tif,.tif,scan,741820,2011-01-10
ERLEDIGT/Jenaer Meißner/Der Meißner der Jenaer Liederhandschrift Bilder,Meißner Jenaer Liederhandschrift0063.tif,.tif,scan,774082,2011-01-10
ERLEDIGT/Jenaer Meißner/Der Meißner der Jenaer Liederhandschrift Bilder,Meißner Jenaer Liederhandschrift0064.tif,.tif,scan,756744,2011-01-10
ERLEDIGT/Jenaer Meißner/Der Meißner der Jenaer Liederhandschrift Bilder,Meißner Jenaer Liederhandschrift0065.tif,.tif,scan,768022,2011-01-10
ERLEDIGT/Jenaer Meißner/Der Meißner der Jenaer Liederhandschrift Bilder,Meißner Jenaer Liederhandschrift0066.tif,.tif,scan,762470,2011-01-10
ERLEDIGT/Jenaer Meißner/Der Meißner der Jenaer Liederhandschrift Bilder,Meißner Jenaer Liederhandschrift0067.tif,.tif,scan,753718,2011-01-10
ERLEDIGT/Jenaer Meißner/Der Meißner der Jenaer Liederhandschrift Bilder,Meißner Jenaer Liederhandschrift0068.tif,.tif,scan,767234,2011-01-10
ERLEDIGT/Jenaer Meißner/Der Meißner der Jenaer Liederhandschrift Bilder,Meißner Jenaer Liederhandschrift0069.tif,.tif,scan,760418,2011-01-10
ERLEDIGT/Jenaer Meißner/Der Meißner der Jenaer Liederhandschrift Bilder,Meißner Jenaer Liederhandschrift0070.tif,.tif,scan,778840,2011-01-10
ERLEDIGT/Jenaer Meißner/Der Meißner der Jenaer Liederhandschrift Bilder,Meißner Jenaer Liederhandschrift0071.tif,.tif,scan,766816,2011-01-10
ERLEDIGT/Jenaer Meißner/Der Meißner der Jenaer Liederhandschrift Bilder,Meißner Jenaer Liederhandschrift0072.tif,.tif,scan,667884,2011-01-10
ERLEDIGT/Jenaer Meißner/Der Meißner der Jenaer Liederhandschrift Bilder,Meißner Jenaer Liederhandschrift0073.tif,.tif,scan,740056,2011-01-10
ERLEDIGT/Jenaer Meißner/Der Meißner der Jenaer Liederhandschrift Bilder,Meißner Jenaer Liederhandschrift0074.tif,.tif,scan,659358,2011-01-10
ERLEDIGT/Jenaer Meißner/Der Meißner der Jenaer Liederhandschrift Bilder,Meißner Jenaer Liederhandschrift0075.tif,.tif,scan,741924,2011-01-10
ERLEDIGT/Jenaer Meißner/Der Meißner der Jenaer Liederhandschrift Bilder,Meißner Jenaer Liederhandschrift0076.tif,.tif,scan,694044,2011-01-10
ERLEDIGT/Jenaer Meißner/Der Meißner der Jenaer Liederhandschrift Bilder,Meißner Jenaer Liederhandschrift0077.tif,.tif,scan,730170,2011-01-10
ERLEDIGT/Jenaer Meißner/Der Meißner der Jenaer Liederhandschrift Bilder,Meißner Jenaer Liederhandschrift0078.tif,.tif,scan,668606,2011-01-10
ERLEDIGT/Jenaer Meißner/Der Meißner der Jenaer Liederhandschrift Bilder,Meißner Jenaer Liederhandschrift0079.tif,.tif,scan,724986,2011-01-10
ERLEDIGT/Kaiserchronik,KAIS0.TXT,.txt,text,25700,1998-12-28
ERLEDIGT/Kaiserchronik,KAIS1.TXT,.txt,text,35483,1998-12-28
ERLEDIGT/Kaiserchronik,KAIS2.TXT,.txt,text,82207,1998-12-28
ERLEDIGT/Kaiserchronik,KAIS3.TXT,.txt,text,109692,1998-12-28
ERLEDIGT/Kaiserchronik,KAIS4.TXT,.txt,text,158101,1998-12-28
ERLEDIGT/Kaiserchronik,KAIS5.TXT,.txt,text,265540,1998-12-28
ERLEDIGT/Kaiserchronik,KAIS6.TXT,.txt,text,276512,1998-12-28
ERLEDIGT/Kaiserchronik,KAISP.TXT,.txt,text,27940,1998-12-28
ERLEDIGT/Kaiserchronik,KAISV.TXT,.txt,text,24625,1998-12-28
ERLEDIGT/Kochrezepttextsammlungen,BRIX_uncodiert.txt,.txt,text,23133,2013-12-31
ERLEDIGT/Kochrezepttextsammlungen,DES2_uncodiert.txt,.txt,text,30995,2014-01-01
ERLEDIGT/Kochrezepttextsammlungen,FWWB_uncodiert.txt,.txt,text,946,2014-01-01
ERLEDIGT/Kochrezepttextsammlungen,HUB1_uncodiert.txt,.txt,text,41535,2014-02-06
ERLEDIGT/Kochrezepttextsammlungen,HUB2_uncodiert.txt,.txt,text,18498,2014-02-10
ERLEDIGT/Kochrezepttextsammlungen,HUB3_uncodiert.txt,.txt,text,30746,2014-01-02
ERLEDIGT/Kochrezepttextsammlungen,KBL3_uncodiert.txt,.txt,text,14946,2014-01-02
ERLEDIGT/Kochrezepttextsammlungen,KBL4_uncodiert.txt,.txt,text,33449,2014-01-02
ERLEDIGT/Kochrezepttextsammlungen,kochrez_editionsrichtl.txt,.txt,text,1337,2013-12-31
ERLEDIGT/Kochrezepttextsammlungen,Kochrez_mails.txt,.txt,text,8768,2013-12-31
ERLEDIGT/Kochrezepttextsammlungen,Kochrezepttextsammlungen.zip,.zip,archiv,222683,2013-12-31
ERLEDIGT/Kochrezepttextsammlungen,KSA1_uncodiert.txt,.txt,text,18401,2014-01-02
ERLEDIGT/Kochrezepttextsammlungen,MBS1_uncodiert.txt,.txt,text,1477,2014-01-02
ERLEDIGT/Kochrezepttextsammlungen,MBS2_uncodiert.txt,.txt,text,17854,2014-04-11
ERLEDIGT/Kochrezepttextsammlungen,MBS5_uncodiert.txt,.txt,text,8601,2014-01-02
ERLEDIGT/Kochrezepttextsammlungen,MBS7_uncodiert.txt,.txt,text,1436,2014-01-02
ERLEDIGT/Kochrezepttextsammlungen,MSB1_uncodiert.txt,.txt,text,4588,2014-01-02
ERLEDIGT/Kochrezepttextsammlungen,"Mu¦ênchen, Bayerische Staatsbibliothek, cgm 349.txt",.txt,text,2229,2013-12-31
ERLEDIGT/Kochrezepttextsammlungen,"Nu¦êrnberg, Germanisches Nationalmuseum, 3227a.txt",.txt,text,7013,2013-12-31
ERLEDIGT/Kochrezepttextsammlungen,"Salzburg, Universita¦êtsbibliothek, M I 128.txt",.txt,text,35699,2013-12-31
ERLEDIGT/Kochrezepttextsammlungen,"Stockholm, Kungliga Biblioteket, X 113.txt",.txt,text,1110,2013-12-31
ERLEDIGT/Kochrezepttextsammlungen,SUB1.txt,.txt,text,36413,2014-05-20
ERLEDIGT/Kochrezepttextsammlungen,"Wien, O¦êsterreichische Nationalbibliothek, Cod. vind. 2897.txt",.txt,text,99869,2013-12-31
ERLEDIGT/Kochrezepttextsammlungen,"Wien, O¦êsterreichische Nationalbibliothek, Cod. vind. 4995.txt",.txt,text,67573,2013-12-31
ERLEDIGT/Kochrezepttextsammlungen,"Wien, O¦êsterreichische Nationalbibliothek, Cod. vind. 5486.txt",.txt,text,41902,2013-12-31
ERLEDIGT/Kochrezepttextsammlungen,"Wolfenbu¦êttel, Herzog August Bibliothek, Cod. 16.17 Aug. 4-¦.txt",.txt,text,28830,2013-12-31
ERLEDIGT/Kochrezepttextsammlungen,"Wolfenbu¦êttel, Herzog-August-Bibliothek, Cod. Guelf. 226 Extr..txt",.txt,text,49161,2013-12-31
ERLEDIGT/Kochrezepttextsammlungen,"Wolfenbu¦êttel, Herzog-August-Bibliothek, Cod. Helmst. 1213.txt",.txt,text,47399,2013-12-31
ERLEDIGT/Kochrezepttextsammlungen/fertig codiert,BRIX.txt,.txt,text,30948,2014-01-13
ERLEDIGT/Kochrezepttextsammlungen/fertig codiert,DES2.txt,.txt,text,46135,2014-01-31
ERLEDIGT/Kochrezepttextsammlungen/fertig codiert,FWWB.txt,.txt,text,1274,2014-01-23
ERLEDIGT/Kochrezepttextsammlungen/fertig codiert,HUB1.txt,.txt,text,32768,2014-02-06
ERLEDIGT/Kochrezepttextsammlungen/fertig codiert,HUB2.txt,.txt,text,21992,2014-02-10
ERLEDIGT/Kochrezepttextsammlungen/fertig codiert,HUB3.txt,.txt,text,41490,2014-02-20
ERLEDIGT/Kochrezepttextsammlungen/fertig codiert,KBL3.txt,.txt,text,20827,2014-03-03
ERLEDIGT/Kochrezepttextsammlungen/fertig codiert,KBL4.txt,.txt,text,44928,2014-03-10
ERLEDIGT/Kochrezepttextsammlungen/fertig codiert,KBL5.txt,.txt,text,44930,2014-03-10
ERLEDIGT/Kochrezepttextsammlungen/fertig codiert,KSA1.txt,.txt,text,24170,2014-03-27
ERLEDIGT/Kochrezepttextsammlungen/fertig codiert,MBS1.txt,.txt,text,1960,2014-04-11
ERLEDIGT/Kochrezepttextsammlungen/fertig codiert,MBS2.txt,.txt,text,23750,2014-04-24
ERLEDIGT/Kochrezepttextsammlungen/fertig codiert,MBS5.txt,.txt,text,11532,2014-05-14
ERLEDIGT/Kochrezepttextsammlungen/fertig codiert,MBS7.txt,.txt,text,1898,2014-05-20
ERLEDIGT/Kochrezepttextsammlungen/fertig codiert,MSB1.txt,.txt,text,5962,2014-01-23
ERLEDIGT/Kochrezepttextsammlungen/Pflanzen Klug Graz,ATT00001.txt,.txt,text,2440,2014-01-17
ERLEDIGT/Kochrezepttextsammlungen/Pflanzen Klug Graz,editionsrichtlinien.txt,.txt,text,1272,2013-12-02
ERLEDIGT/Kochrezepttextsammlungen/Pflanzen Klug Graz,editionsrichtlinien_bearbeitet_wachauer.txt,.txt,text,1464,2014-01-13
ERLEDIGT/Kochrezepttextsammlungen/Pflanzen Klug Graz,klug_kochrezepttextsammlungen_metadaten.doc,.doc,text,72192,2014-01-17
ERLEDIGT/Kochrezepttextsammlungen/Pflanzen Klug Graz,probetext - karlsruhe.txt,.txt,text,32855,2013-12-02
ERLEDIGT/Kochrezepttextsammlungen/Pflanzen Klug Graz,rezeptsammlungen.xls,.xls,text,38912,2013-12-02
ERLEDIGT/König vom Odenwald,batch.options.xml,.xml,text,10346,2017-03-29
ERLEDIGT/König vom Odenwald,KVO.docx,.docx,text,59982,2017-04-26
ERLEDIGT/König vom Odenwald,KVO.txt,.txt,text,92601,2017-04-26
ERLEDIGT/König vom Odenwald/König vom Odenwald Abbyy/KvO 1,batch.options.xml,.xml,text,10296,2017-03-29
ERLEDIGT/König vom Odenwald/König vom Odenwald Abbyy/KvO 10,batch.options.xml,.xml,text,10344,2017-04-12
ERLEDIGT/König vom Odenwald/König vom Odenwald Abbyy/KvO 11,batch.options.xml,.xml,text,10344,2017-04-12
ERLEDIGT/König vom Odenwald/König vom Odenwald Abbyy/KvO 12,batch.options.xml,.xml,text,10344,2017-04-12
ERLEDIGT/König vom Odenwald/König vom Odenwald Abbyy/KvO 13,batch.options.xml,.xml,text,10344,2017-04-12
ERLEDIGT/König vom Odenwald/König vom Odenwald Abbyy/KvO 2,batch.options.xml,.xml,text,10562,2017-04-05
ERLEDIGT/König vom Odenwald/König vom Odenwald Abbyy/KvO 3,batch.options.xml,.xml,text,10344,2017-04-05
ERLEDIGT/König vom Odenwald/König vom Odenwald Abbyy/KvO 4,batch.options.xml,.xml,text,10344,2017-04-05
ERLEDIGT/König vom Odenwald/König vom Odenwald Abbyy/KvO 5,batch.options.xml,.xml,text,10350,2017-04-05
ERLEDIGT/König vom Odenwald/König vom Odenwald Abbyy/KvO 6,batch.options.xml,.xml,text,10344,2017-04-05
ERLEDIGT/König vom Odenwald/König vom Odenwald Abbyy/KvO 7,batch.options.xml,.xml,text,10344,2017-04-12
ERLEDIGT/König vom Odenwald/König vom Odenwald Abbyy/KvO 8,batch.options.xml,.xml,text,10344,2017-04-12
ERLEDIGT/König vom Odenwald/König vom Odenwald Abbyy/KvO 9,batch.options.xml,.xml,text,10344,2017-04-12
ERLEDIGT/König vom Odenwald/König vom Odenwald Bilder/KvO 1,KvO 1 - 0001.tif,.tif,scan,476238,2017-03-29
ERLEDIGT/König vom Odenwald/König vom Odenwald Bilder/KvO 1,KvO 1 - 0002.tif,.tif,scan,493334,2017-03-29
ERLEDIGT/König vom Odenwald/König vom Odenwald Bilder/KvO 1,KvO 1 - 0003.tif,.tif,scan,511884,2017-03-29
ERLEDIGT/König vom Odenwald/König vom Odenwald Bilder/KvO 1,KvO 1 - 0004.tif,.tif,scan,484906,2017-03-29
ERLEDIGT/König vom Odenwald/König vom Odenwald Bilder/KvO 1,KvO 1 - 0005.tif,.tif,scan,511972,2017-03-29
ERLEDIGT/König vom Odenwald/König vom Odenwald Bilder/KvO 1,KvO 1 - 0006.tif,.tif,scan,540170,2017-03-29
ERLEDIGT/König vom Odenwald/König vom Odenwald Bilder/KvO 1,KvO 1 - 0007.tif,.tif,scan,341258,2017-03-29
ERLEDIGT/König vom Odenwald/König vom Odenwald Bilder/KvO 10,KvO 10 - 0001.tif,.tif,scan,813162,2017-03-29
ERLEDIGT/König vom Odenwald/König vom Odenwald Bilder/KvO 10,KvO 10 - 0002.tif,.tif,scan,732084,2017-03-29
ERLEDIGT/König vom Odenwald/König vom Odenwald Bilder/KvO 10,KvO 10 - 0003.tif,.tif,scan,697600,2017-03-29
ERLEDIGT/König vom Odenwald/König vom Odenwald Bilder/KvO 10,KvO 10 - 0004.tif,.tif,scan,676734,2017-03-29
ERLEDIGT/König vom Odenwald/König vom Odenwald Bilder/KvO 11,KvO 11 - 0001.tif,.tif,scan,615968,2017-03-29
ERLEDIGT/König vom Odenwald/König vom Odenwald Bilder/KvO 11,KvO 11 - 0002.tif,.tif,scan,659034,2017-03-29
ERLEDIGT/König vom Odenwald/König vom Odenwald Bilder/KvO 12,KvO 12 - 0001.tif,.tif,scan,734370,2017-03-29
ERLEDIGT/König vom Odenwald/König vom Odenwald Bilder/KvO 12,KvO 12 - 0002.tif,.tif,scan,516682,2017-03-29
ERLEDIGT/König vom Odenwald/König vom Odenwald Bilder/KvO 13,KvO 13 - 0001.tif,.tif,scan,826866,2017-03-29
ERLEDIGT/König vom Odenwald/König vom Odenwald Bilder/KvO 13,KvO 13 - 0002.tif,.tif,scan,789090,2017-03-29
ERLEDIGT/König vom Odenwald/König vom Odenwald Bilder/KvO 13,KvO 13 - 0003.tif,.tif,scan,997830,2017-03-29
ERLEDIGT/König vom Odenwald/König vom Odenwald Bilder/KvO 13,KvO 13 - 0004.tif,.tif,scan,621494,2017-03-29
ERLEDIGT/König vom Odenwald/König vom Odenwald Bilder/KvO 13,KvO 13 - 0005.tif,.tif,scan,722218,2017-03-29
ERLEDIGT/König vom Odenwald/König vom Odenwald Bilder/KvO 13,KvO 13 - 0006.tif,.tif,scan,467774,2017-03-29
ERLEDIGT/König vom Odenwald/König vom Odenwald Bilder/KvO 2,KvO 2 - 0001.tif,.tif,scan,482804,2017-03-29
ERLEDIGT/König vom Odenwald/König vom Odenwald Bilder/KvO 2,KvO 2 - 0002.tif,.tif,scan,676698,2017-03-29
ERLEDIGT/König vom Odenwald/König vom Odenwald Bilder/KvO 2,KvO 2 - 0003.tif,.tif,scan,517938,2017-03-29
ERLEDIGT/König vom Odenwald/König vom Odenwald Bilder/KvO 2,KvO 2 - 0004.tif,.tif,scan,550932,2017-03-29
ERLEDIGT/König vom Odenwald/König vom Odenwald Bilder/KvO 2,KvO 2 - 0005.tif,.tif,scan,529044,2017-03-29
ERLEDIGT/König vom Odenwald/König vom Odenwald Bilder/KvO 2,KvO 2 - 0006.tif,.tif,scan,719314,2017-03-29
ERLEDIGT/König vom Odenwald/König vom Odenwald Bilder/KvO 2,KvO 2 - 0007.tif,.tif,scan,512728,2017-03-29
ERLEDIGT/König vom Odenwald/König vom Odenwald Bilder/KvO 2,KvO 2 - 0008.tif,.tif,scan,304332,2017-03-29
ERLEDIGT/König vom Odenwald/König vom Odenwald Bilder/KvO 3,KvO 3 - 0001.tif,.tif,scan,555206,2017-03-29
ERLEDIGT/König vom Odenwald/König vom Odenwald Bilder/KvO 3,KvO 3 - 0002.tif,.tif,scan,535488,2017-03-29
ERLEDIGT/König vom Odenwald/König vom Odenwald Bilder/KvO 3,KvO 3 - 0003.tif,.tif,scan,582172,2017-03-29
ERLEDIGT/König vom Odenwald/König vom Odenwald Bilder/KvO 3,KvO 3 - 0004.tif,.tif,scan,394984,2017-03-29
ERLEDIGT/König vom Odenwald/König vom Odenwald Bilder/KvO 4,KvO 4 - 0001.tif,.tif,scan,608906,2017-03-29
ERLEDIGT/König vom Odenwald/König vom Odenwald Bilder/KvO 4,KvO 4 - 0002.tif,.tif,scan,538158,2017-03-29
ERLEDIGT/König vom Odenwald/König vom Odenwald Bilder/KvO 5,KvO 5 - 0001.tif,.tif,scan,579192,2017-03-29
ERLEDIGT/König vom Odenwald/König vom Odenwald Bilder/KvO 5,KvO 5 - 0002.tif,.tif,scan,592344,2017-03-29
ERLEDIGT/König vom Odenwald/König vom Odenwald Bilder/KvO 5,KvO 5 - 0003.tif,.tif,scan,744994,2017-03-29
ERLEDIGT/König vom Odenwald/König vom Odenwald Bilder/KvO 5,KvO 5 - 0004.tif,.tif,scan,660896,2017-03-29
ERLEDIGT/König vom Odenwald/König vom Odenwald Bilder/KvO 5,KvO 5 - 0005.tif,.tif,scan,585404,2017-03-29
ERLEDIGT/König vom Odenwald/König vom Odenwald Bilder/KvO 5,KvO 5 - 0006.tif,.tif,scan,750288,2017-03-29
ERLEDIGT/König vom Odenwald/König vom Odenwald Bilder/KvO 5,KvO 5 - 0007.tif,.tif,scan,561434,2017-03-29
ERLEDIGT/König vom Odenwald/König vom Odenwald Bilder/KvO 6,KvO 6 - 0001.tif,.tif,scan,715406,2017-03-29
ERLEDIGT/König vom Odenwald/König vom Odenwald Bilder/KvO 6,KvO 6 - 0002.tif,.tif,scan,686792,2017-03-29
ERLEDIGT/König vom Odenwald/König vom Odenwald Bilder/KvO 6,KvO 6 - 0003.tif,.tif,scan,839692,2017-03-29
ERLEDIGT/König vom Odenwald/König vom Odenwald Bilder/KvO 6,KvO 6 - 0004.tif,.tif,scan,668566,2017-03-29
ERLEDIGT/König vom Odenwald/König vom Odenwald Bilder/KvO 6,KvO 6 - 0005.tif,.tif,scan,446452,2017-03-29
ERLEDIGT/König vom Odenwald/König vom Odenwald Bilder/KvO 7,KvO 7 - 0001.tif,.tif,scan,656838,2017-03-29
ERLEDIGT/König vom Odenwald/König vom Odenwald Bilder/KvO 7,KvO 7 - 0002.tif,.tif,scan,852100,2017-03-29
ERLEDIGT/König vom Odenwald/König vom Odenwald Bilder/KvO 7,KvO 7 - 0003.tif,.tif,scan,850812,2017-03-29
ERLEDIGT/König vom Odenwald/König vom Odenwald Bilder/KvO 7,KvO 7 - 0004.tif,.tif,scan,858202,2017-03-29
ERLEDIGT/König vom Odenwald/König vom Odenwald Bilder/KvO 8,KvO 8 - 0001.tif,.tif,scan,867774,2017-03-29
ERLEDIGT/König vom Odenwald/König vom Odenwald Bilder/KvO 8,KvO 8 - 0002.tif,.tif,scan,680542,2017-03-29
ERLEDIGT/König vom Odenwald/König vom Odenwald Bilder/KvO 8,KvO 8 - 0003.tif,.tif,scan,826738,2017-03-29
ERLEDIGT/König vom Odenwald/König vom Odenwald Bilder/KvO 9,KvO 9 - 0001.tif,.tif,scan,765140,2017-03-29
ERLEDIGT/König vom Odenwald/König vom Odenwald Bilder/KvO 9,KvO 9 - 0002.tif,.tif,scan,597284,2017-03-29
ERLEDIGT/König vom Odenwald/König vom Odenwald Bilder/KvO 9,KvO 9 - 0003.tif,.tif,scan,662756,2017-03-29
ERLEDIGT/König vom Odenwald/König vom Odenwald RTF,Anmerkungen zu König von Odenwald.docx,.docx,text,12902,2017-04-12
ERLEDIGT/König vom Odenwald/König vom Odenwald RTF,KvO 1.rtf,.rtf,text,89835,2017-03-29
ERLEDIGT/König vom Odenwald/König vom Odenwald RTF,KvO 10.rtf,.rtf,text,64512,2017-04-12
ERLEDIGT/König vom Odenwald/König vom Odenwald RTF,KvO 11.rtf,.rtf,text,51336,2017-04-12
ERLEDIGT/König vom Odenwald/König vom Odenwald RTF,KvO 12.rtf,.rtf,text,48366,2017-04-12
ERLEDIGT/König vom Odenwald/König vom Odenwald RTF,KvO 13.rtf,.rtf,text,75415,2017-04-12
ERLEDIGT/König vom Odenwald/König vom Odenwald RTF,KvO 2.rtf,.rtf,text,92385,2017-04-05
ERLEDIGT/König vom Odenwald/König vom Odenwald RTF,KvO 3.rtf,.rtf,text,60778,2017-04-05
ERLEDIGT/König vom Odenwald/König vom Odenwald RTF,KvO 4.rtf,.rtf,text,48801,2017-04-05
ERLEDIGT/König vom Odenwald/König vom Odenwald RTF,KvO 5.rtf,.rtf,text,79302,2017-04-05
ERLEDIGT/König vom Odenwald/König vom Odenwald RTF,KvO 6.rtf,.rtf,text,67255,2017-04-05
ERLEDIGT/König vom Odenwald/König vom Odenwald RTF,KvO 7.rtf,.rtf,text,69355,2017-04-12
ERLEDIGT/König vom Odenwald/König vom Odenwald RTF,KvO 8.rtf,.rtf,text,57104,2017-04-12
ERLEDIGT/König vom Odenwald/König vom Odenwald RTF,KvO 9.rtf,.rtf,text,56638,2017-04-12
ERLEDIGT/König vom Odenwald/temp,Plustek%32OpticBook%324800%400%41.bmp,.bmp,scan,997918,2017-03-29
ERLEDIGT/MR1,batch.options (2).xml,.xml,text,4300242,2015-11-04
ERLEDIGT/MR1,batch.options.xml,.xml,text,3791814,2015-12-07
ERLEDIGT/Neidhart-c,NEI-c_Rohfassung.txt,.txt,text,394775,2014-05-26
ERLEDIGT/Neidhart-c,NEIC.docx,.docx,text,296219,2014-09-30
ERLEDIGT/Neidhart-c,NEIC.txt,.txt,text,519235,2014-09-30
ERLEDIGT/Neidhart-c,NEIC_exportiert.txt,.txt,text,508046,2014-10-10
ERLEDIGT/Neidhart-c,NEIC_Quelle-cod.txt,.txt,text,519666,2014-10-17
ERLEDIGT/Neidhart-c,NEIC_Quelle-cod_1010.txt,.txt,text,519784,2014-10-10
ERLEDIGT/Neidhart-c,neidhart-1.doc,.doc,text,736256,2009-02-04
ERLEDIGT/Rumelant von Sachsen,Anmerkungen Rumelant von Sachsen.doc,.doc,text,22016,2011-10-13
ERLEDIGT/Rumelant von Sachsen,RLS.txt,.txt,text,105785,2013-06-12
ERLEDIGT/Rumelant von Sachsen,Rumelant von Sachsen RTF.rtf,.rtf,text,270514,2011-11-02
ERLEDIGT/Rumelant von Sachsen,Rumelant von Sachsen_cod.doc,.doc,text,150016,2013-06-07
ERLEDIGT/Rumelant von Sachsen,Rumelant von Sachsen_cod_02.doc,.doc,text,274432,2013-06-11
ERLEDIGT/Rumelant von Sachsen/Rumelant  von Sachsen Bilder,Rumelant von Sachsen0001.tif,.tif,scan,119332,2011-10-04
ERLEDIGT/Rumelant von Sachsen/Rumelant  von Sachsen Bilder,Rumelant von Sachsen0002.tif,.tif,scan,115580,2011-10-04
ERLEDIGT/Rumelant von Sachsen/Rumelant  von Sachsen Bilder,Rumelant von Sachsen0003.tif,.tif,scan,113814,2011-10-04
ERLEDIGT/Rumelant von Sachsen/Rumelant  von Sachsen Bilder,Rumelant von Sachsen0004.tif,.tif,scan,108468,2011-10-04
ERLEDIGT/Rumelant von Sachsen/Rumelant  von Sachsen Bilder,Rumelant von Sachsen0005.tif,.tif,scan,107816,2011-10-04
ERLEDIGT/Rumelant von Sachsen/Rumelant  von Sachsen Bilder,Rumelant von Sachsen0006.tif,.tif,scan,103730,2011-10-04
ERLEDIGT/Rumelant von Sachsen/Rumelant  von Sachsen Bilder,Rumelant von Sachsen0007.tif,.tif,scan,110752,2011-10-04
ERLEDIGT/Rumelant von Sachsen/Rumelant  von Sachsen Bilder,Rumelant von Sachsen0008.tif,.tif,scan,100720,2011-10-04
ERLEDIGT/Rumelant von Sachsen/Rumelant  von Sachsen Bilder,Rumelant von Sachsen0009.tif,.tif,scan,99436,2011-10-04
ERLEDIGT/Rumelant von Sachsen/Rumelant  von Sachsen Bilder,Rumelant von Sachsen0010.tif,.tif,scan,96608,2011-10-04
ERLEDIGT/Rumelant von Sachsen/Rumelant  von Sachsen Bilder,Rumelant von Sachsen0011.tif,.tif,scan,107560,2011-10-04
ERLEDIGT/Rumelant von Sachsen/Rumelant  von Sachsen Bilder,Rumelant von Sachsen0012.tif,.tif,scan,87736,2011-10-04
ERLEDIGT/Rumelant von Sachsen/Rumelant  von Sachsen Bilder,Rumelant von Sachsen0013.tif,.tif,scan,87978,2011-10-04
ERLEDIGT/Rumelant von Sachsen/Rumelant  von Sachsen Bilder,Rumelant von Sachsen0014.tif,.tif,scan,89440,2011-10-04
ERLEDIGT/Rumelant von Sachsen/Rumelant  von Sachsen Bilder,Rumelant von Sachsen0015.tif,.tif,scan,100854,2011-10-04
ERLEDIGT/Rumelant von Sachsen/Rumelant  von Sachsen Bilder,Rumelant von Sachsen0016.tif,.tif,scan,95600,2011-10-04
ERLEDIGT/Rumelant von Sachsen/Rumelant  von Sachsen Bilder,Rumelant von Sachsen0017.tif,.tif,scan,95394,2011-10-04
ERLEDIGT/Rumelant von Sachsen/Rumelant  von Sachsen Bilder,Rumelant von Sachsen0018.tif,.tif,scan,98748,2011-10-04
ERLEDIGT/Rumelant von Sachsen/Rumelant  von Sachsen Bilder,Rumelant von Sachsen0019.tif,.tif,scan,94552,2011-10-04
ERLEDIGT/Rumelant von Sachsen/Rumelant  von Sachsen Bilder,Rumelant von Sachsen0020.tif,.tif,scan,93850,2011-10-04
ERLEDIGT/Rumelant von Sachsen/Rumelant  von Sachsen Bilder,Rumelant von Sachsen0021.tif,.tif,scan,102506,2011-10-04
ERLEDIGT/Rumelant von Sachsen/Rumelant  von Sachsen Bilder,Rumelant von Sachsen0022.tif,.tif,scan,91334,2011-10-04
ERLEDIGT/Rumelant von Sachsen/Rumelant  von Sachsen Bilder,Rumelant von Sachsen0023.tif,.tif,scan,86732,2011-10-04
ERLEDIGT/Rumelant von Sachsen/Rumelant  von Sachsen Bilder,Rumelant von Sachsen0024.tif,.tif,scan,91120,2011-10-04
ERLEDIGT/Rumelant von Sachsen/Rumelant  von Sachsen Bilder,Rumelant von Sachsen0025.tif,.tif,scan,86114,2011-10-04
ERLEDIGT/Rumelant von Sachsen/Rumelant  von Sachsen Bilder,Rumelant von Sachsen0026.tif,.tif,scan,90346,2011-10-04
ERLEDIGT/Rumelant von Sachsen/Rumelant  von Sachsen Bilder,Rumelant von Sachsen0027.tif,.tif,scan,79452,2011-10-04
ERLEDIGT/Rumelant von Sachsen/Rumelant  von Sachsen Bilder,Rumelant von Sachsen0028.tif,.tif,scan,79696,2011-10-04
ERLEDIGT/Rumelant von Sachsen/Rumelant  von Sachsen Bilder,Rumelant von Sachsen0029.tif,.tif,scan,79778,2011-10-04
ERLEDIGT/Rumelant von Sachsen/Rumelant  von Sachsen Bilder,Rumelant von Sachsen0030.tif,.tif,scan,82032,2011-10-04
ERLEDIGT/Rumelant von Sachsen/Rumelant  von Sachsen Bilder,Rumelant von Sachsen0031.tif,.tif,scan,75360,2011-10-04
ERLEDIGT/Rumelant von Sachsen/Rumelant  von Sachsen Bilder,Rumelant von Sachsen0032.tif,.tif,scan,93968,2011-10-04
ERLEDIGT/Rumelant von Sachsen/Rumelant  von Sachsen Bilder,Rumelant von Sachsen0033.tif,.tif,scan,94322,2011-10-04
ERLEDIGT/Rumelant von Sachsen/Rumelant  von Sachsen Bilder,Rumelant von Sachsen0034.tif,.tif,scan,89762,2011-10-04
ERLEDIGT/Rumelant von Sachsen/Rumelant  von Sachsen Bilder,Rumelant von Sachsen0035.tif,.tif,scan,90386,2011-10-04
ERLEDIGT/Rumelant von Sachsen/Rumelant  von Sachsen Bilder,Rumelant von Sachsen0036.tif,.tif,scan,87590,2011-10-04
ERLEDIGT/Rumelant von Sachsen/Rumelant  von Sachsen Bilder,Rumelant von Sachsen0037.tif,.tif,scan,83252,2011-10-04
ERLEDIGT/Rumelant von Sachsen/Rumelant  von Sachsen Bilder,Rumelant von Sachsen0038.tif,.tif,scan,93268,2011-10-04
ERLEDIGT/Rumelant von Sachsen/Rumelant  von Sachsen Bilder,Rumelant von Sachsen0039.tif,.tif,scan,84970,2011-10-04
ERLEDIGT/Rumelant von Sachsen/Rumelant  von Sachsen Bilder,Rumelant von Sachsen0040.tif,.tif,scan,86050,2011-10-04
ERLEDIGT/Rumelant von Sachsen/Rumelant  von Sachsen Bilder,Rumelant von Sachsen0041.tif,.tif,scan,85136,2011-10-04
ERLEDIGT/Rumelant von Sachsen/Rumelant  von Sachsen Bilder,Rumelant von Sachsen0042.tif,.tif,scan,85418,2011-10-04
ERLEDIGT/Rumelant von Sachsen/Rumelant  von Sachsen Bilder,Rumelant von Sachsen0043.tif,.tif,scan,88152,2011-10-04
ERLEDIGT/Rumelant von Sachsen/Rumelant  von Sachsen Bilder,Rumelant von Sachsen0044.tif,.tif,scan,84036,2011-10-04
ERLEDIGT/Rumelant von Sachsen/Rumelant  von Sachsen Bilder,Rumelant von Sachsen0045.tif,.tif,scan,87994,2011-10-04
ERLEDIGT/Rumelant von Sachsen/Rumelant  von Sachsen Bilder,Rumelant von Sachsen0046.tif,.tif,scan,87240,2011-10-04
ERLEDIGT/Rumelant von Sachsen/Rumelant  von Sachsen Bilder,Rumelant von Sachsen0047.tif,.tif,scan,90614,2011-10-04
ERLEDIGT/Rumelant von Sachsen/Rumelant  von Sachsen Bilder,Rumelant von Sachsen0048.tif,.tif,scan,84488,2011-10-04
ERLEDIGT/Rumelant von Sachsen/Rumelant  von Sachsen Bilder,Rumelant von Sachsen0049.tif,.tif,scan,100376,2011-10-04
ERLEDIGT/Rumelant von Sachsen/Rumelant  von Sachsen Bilder,Rumelant von Sachsen0050.tif,.tif,scan,85944,2011-10-04
ERLEDIGT/Rumelant von Sachsen/Rumelant  von Sachsen Bilder,Rumelant von Sachsen0051.tif,.tif,scan,94762,2011-10-04
ERLEDIGT/Rumelant von Sachsen/Rumelant  von Sachsen Bilder,Rumelant von Sachsen0052.tif,.tif,scan,85264,2011-10-04
ERLEDIGT/Rumelant von Sachsen/Rumelant  von Sachsen Bilder,Rumelant von Sachsen0053.tif,.tif,scan,90114,2011-10-04
ERLEDIGT/Rumelant von Sachsen/Rumelant  von Sachsen Bilder,Rumelant von Sachsen0054.tif,.tif,scan,87698,2011-10-04
ERLEDIGT/Rumelant von Sachsen/Rumelant  von Sachsen Bilder,Rumelant von Sachsen0055.tif,.tif,scan,99504,2011-10-04
ERLEDIGT/Rumelant von Sachsen/Rumelant  von Sachsen Bilder,Rumelant von Sachsen0056.tif,.tif,scan,82822,2011-10-04
ERLEDIGT/Rumelant von Sachsen/Rumelant  von Sachsen Bilder,Rumelant von Sachsen0057.tif,.tif,scan,86462,2011-10-04
ERLEDIGT/Rumelant von Sachsen/Rumelant  von Sachsen Bilder,Rumelant von Sachsen0058.tif,.tif,scan,84766,2011-10-04
ERLEDIGT/Rumelant von Sachsen/Rumelant  von Sachsen Bilder,Rumelant von Sachsen0059.tif,.tif,scan,81204,2011-10-04
ERLEDIGT/Rumelant von Sachsen/Rumelant  von Sachsen Bilder,Rumelant von Sachsen0060.tif,.tif,scan,88100,2011-10-04
ERLEDIGT/Rumelant von Sachsen/Rumelant  von Sachsen Bilder,Rumelant von Sachsen0061.tif,.tif,scan,90886,2011-10-04
ERLEDIGT/Rumelant von Sachsen/Rumelant  von Sachsen Bilder,Rumelant von Sachsen0062.tif,.tif,scan,94400,2011-10-04
ERLEDIGT/Rumelant von Sachsen/Rumelant  von Sachsen Bilder,Rumelant von Sachsen0063.tif,.tif,scan,105596,2011-10-04
ERLEDIGT/Rumelant von Sachsen/Rumelant  von Sachsen Bilder,Rumelant von Sachsen0064.tif,.tif,scan,88304,2011-10-04
ERLEDIGT/Rumelant von Sachsen/Rumelant  von Sachsen Bilder,Rumelant von Sachsen0065.tif,.tif,scan,89312,2011-10-04
ERLEDIGT/Rumelant von Sachsen/Rumelant  von Sachsen Bilder,Rumelant von Sachsen0066.tif,.tif,scan,90424,2011-10-04
ERLEDIGT/Rumelant von Sachsen/Rumelant  von Sachsen Bilder,Rumelant von Sachsen0067.tif,.tif,scan,87978,2011-10-04
ERLEDIGT/Rumelant von Sachsen/Rumelant  von Sachsen Bilder,Rumelant von Sachsen0068.tif,.tif,scan,87872,2011-10-04
ERLEDIGT/Rumelant von Sachsen/Rumelant  von Sachsen Bilder,Rumelant von Sachsen0069.tif,.tif,scan,99812,2011-10-04
ERLEDIGT/Rumelant von Sachsen/Rumelant  von Sachsen Bilder,Rumelant von Sachsen0070.tif,.tif,scan,97826,2011-10-04
ERLEDIGT/Rumelant von Sachsen/Rumelant  von Sachsen Bilder,Rumelant von Sachsen0071.tif,.tif,scan,102088,2011-10-04
ERLEDIGT/Rumelant von Sachsen/Rumelant  von Sachsen Bilder,Rumelant von Sachsen0072.tif,.tif,scan,106972,2011-10-04
ERLEDIGT/Rumelant von Sachsen/Rumelant  von Sachsen Bilder,Rumelant von Sachsen0073.tif,.tif,scan,97074,2011-10-04
ERLEDIGT/Rumelant von Sachsen/Rumelant  von Sachsen Bilder,Rumelant von Sachsen0074.tif,.tif,scan,106524,2011-10-04
ERLEDIGT/Rumelant von Sachsen/Rumelant  von Sachsen Bilder,Rumelant von Sachsen0075.tif,.tif,scan,91132,2011-10-04
ERLEDIGT/Rumelant von Sachsen/Rumelant  von Sachsen Bilder,Rumelant von Sachsen0076.tif,.tif,scan,83444,2011-10-04
ERLEDIGT/Rumelant von Sachsen/Rumelant  von Sachsen Bilder,Rumelant von Sachsen0077.tif,.tif,scan,105152,2011-10-04
ERLEDIGT/Rumelant von Sachsen/Rumelant  von Sachsen Bilder,Rumelant von Sachsen0078.tif,.tif,scan,104424,2011-10-04
ERLEDIGT/Rumelant von Sachsen/Rumelant  von Sachsen Bilder,Rumelant von Sachsen0079.tif,.tif,scan,103420,2011-10-04
ERLEDIGT/Rumelant von Sachsen/Rumelant  von Sachsen Bilder,Rumelant von Sachsen0080.tif,.tif,scan,101510,2011-10-04
ERLEDIGT/Rumelant von Sachsen/Rumelant  von Sachsen Bilder,Rumelant von Sachsen0081.tif,.tif,scan,101730,2011-10-04
ERLEDIGT/Rumelant von Sachsen/Rumelant  von Sachsen Bilder,Rumelant von Sachsen0082.tif,.tif,scan,99334,2011-10-04
ERLEDIGT/Rumelant von Sachsen/Rumelant  von Sachsen Bilder,Rumelant von Sachsen0083.tif,.tif,scan,101894,2011-10-04
ERLEDIGT/Rumelant von Sachsen/Rumelant  von Sachsen Bilder,Rumelant von Sachsen0084.tif,.tif,scan,97774,2011-10-04
ERLEDIGT/Rumelant von Sachsen/Rumelant  von Sachsen Bilder,Rumelant von Sachsen0085.tif,.tif,scan,99334,2011-10-04
ERLEDIGT/Rumelant von Sachsen/Rumelant  von Sachsen Bilder,Rumelant von Sachsen0086.tif,.tif,scan,91882,2011-10-04
ERLEDIGT/Rumelant von Sachsen/Rumelant  von Sachsen Bilder,Rumelant von Sachsen0087.tif,.tif,scan,94652,2011-10-04
ERLEDIGT/Rumelant von Sachsen/Rumelant  von Sachsen Bilder,Rumelant von Sachsen0088.tif,.tif,scan,100688,2011-10-04
ERLEDIGT/Rumelant von Sachsen/Rumelant  von Sachsen Bilder,Rumelant von Sachsen0089.tif,.tif,scan,95338,2011-10-04
ERLEDIGT/Rumelant von Sachsen/Rumelant  von Sachsen Bilder,Rumelant von Sachsen0090.tif,.tif,scan,89616,2011-10-04
ERLEDIGT/Rumelant von Sachsen/Rumelant  von Sachsen Bilder,Rumelant von Sachsen0091.tif,.tif,scan,95166,2011-10-04
ERLEDIGT/Rumelant von Sachsen/Rumelant  von Sachsen Bilder,Rumelant von Sachsen0092.tif,.tif,scan,92714,2011-10-04
ERLEDIGT/Rumelant von Sachsen/Rumelant  von Sachsen Bilder,Rumelant von Sachsen0093.tif,.tif,scan,97114,2011-10-04
ERLEDIGT/Rumelant von Sachsen/Rumelant  von Sachsen Bilder,Rumelant von Sachsen0094.tif,.tif,scan,90868,2011-10-04
ERLEDIGT/Rumelant von Sachsen/Rumelant  von Sachsen Bilder,Rumelant von Sachsen0095.tif,.tif,scan,94796,2011-10-04
ERLEDIGT/Rumelant von Sachsen/Rumelant  von Sachsen Bilder,Rumelant von Sachsen0096.tif,.tif,scan,93710,2011-10-04
ERLEDIGT/Rumelant von Sachsen/Rumelant  von Sachsen Bilder,Rumelant von Sachsen0097.tif,.tif,scan,92716,2011-10-04
ERLEDIGT/Rumelant von Sachsen/Rumelant  von Sachsen Bilder,Rumelant von Sachsen0098.tif,.tif,scan,82188,2011-10-04
ERLEDIGT/Rumelant von Sachsen/Rumelant  von Sachsen Bilder,Rumelant von Sachsen0099.tif,.tif,scan,88918,2011-10-04
ERLEDIGT/Rumelant von Sachsen/Rumelant  von Sachsen Bilder,Rumelant von Sachsen0100.tif,.tif,scan,85820,2011-10-04
ERLEDIGT/Rumelant von Sachsen/Rumelant  von Sachsen Bilder,Rumelant von Sachsen0101.tif,.tif,scan,74772,2011-10-04
ERLEDIGT/Rumelant von Sachsen/Rumelant  von Sachsen Bilder,Rumelant von Sachsen0102.tif,.tif,scan,74618,2011-10-04
ERLEDIGT/Rumelant von Sachsen/Rumelant  von Sachsen Bilder,Rumelant von Sachsen0103.tif,.tif,scan,75416,2011-10-04
ERLEDIGT/Rumelant von Sachsen/Rumelant  von Sachsen Bilder,Rumelant von Sachsen0104.tif,.tif,scan,72674,2011-10-04
ERLEDIGT/Rumelant von Sachsen/Rumelant  von Sachsen Bilder,Rumelant von Sachsen0105.tif,.tif,scan,72388,2011-10-04
ERLEDIGT/Rumelant von Sachsen/Rumelant  von Sachsen Bilder,Rumelant von Sachsen0106.tif,.tif,scan,80960,2011-10-04
ERLEDIGT/Rumelant von Sachsen/Rumelant  von Sachsen Bilder,Rumelant von Sachsen0107.tif,.tif,scan,83390,2011-10-04
ERLEDIGT/Rumelant von Sachsen/Rumelant  von Sachsen Bilder,Rumelant von Sachsen0108.tif,.tif,scan,118004,2011-10-04
ERLEDIGT/Rumelant von Sachsen/Rumelant  von Sachsen Bilder,Rumelant von Sachsen0109.tif,.tif,scan,40988,2011-10-04
ERLEDIGT/Rumelant von Sachsen/Rumelant  von Sachsen Bilder,Rumelant von Sachsen0110.tif,.tif,scan,82780,2011-10-04
ERLEDIGT/Rumelant von Sachsen/Rumelant  von Sachsen Bilder,Rumelant von Sachsen0111.tif,.tif,scan,80852,2011-10-04
ERLEDIGT/Rumelant von Sachsen/Rumelant  von Sachsen Bilder,Rumelant von Sachsen0112.tif,.tif,scan,75010,2011-10-04
ERLEDIGT/Rumelant von Sachsen/Rumelant  von Sachsen Bilder,Rumelant von Sachsen0113.tif,.tif,scan,74138,2011-10-04
ERLEDIGT/Rumelant von Sachsen/Rumelant  von Sachsen Bilder,Rumelant von Sachsen0114.tif,.tif,scan,76244,2011-10-04
ERLEDIGT/Rumelant von Sachsen/Rumelant  von Sachsen Bilder,Rumelant von Sachsen0115.tif,.tif,scan,78326,2011-10-04
ERLEDIGT/Rumelant von Sachsen/Rumelant  von Sachsen Bilder,Rumelant von Sachsen0116.tif,.tif,scan,75662,2011-10-04
ERLEDIGT/Rumelant von Sachsen/Rumelant  von Sachsen Bilder,Rumelant von Sachsen0117.tif,.tif,scan,74838,2011-10-04
ERLEDIGT/Rumelant von Sachsen/Rumelant  von Sachsen Bilder,Rumelant von Sachsen0118.tif,.tif,scan,81042,2011-10-04
ERLEDIGT/Rumelant von Sachsen/Rumelant  von Sachsen Bilder,Rumelant von Sachsen0119.tif,.tif,scan,42156,2011-10-04
ERLEDIGT/Rumelant von Sachsen/Rumelant  von Sachsen Bilder,Rumelant von Sachsen0120.tif,.tif,scan,103042,2011-10-04
ERLEDIGT/Rumelant von Sachsen/Rumelant  von Sachsen Bilder,Rumelant von Sachsen0121.tif,.tif,scan,95022,2011-10-04
ERLEDIGT/Rumelant von Sachsen/Rumelant  von Sachsen Bilder,Rumelant von Sachsen0122.tif,.tif,scan,98226,2011-10-04
ERLEDIGT/Rumelant von Sachsen/Rumelant  von Sachsen Bilder,Rumelant von Sachsen0123.tif,.tif,scan,94016,2011-10-04
ERLEDIGT/Rumelant von Sachsen/Rumelant  von Sachsen Bilder,Rumelant von Sachsen0124.tif,.tif,scan,97784,2011-10-04
ERLEDIGT/Rumelant von Sachsen/Rumelant  von Sachsen Bilder,Rumelant von Sachsen0125.tif,.tif,scan,92462,2011-10-04
ERLEDIGT/Rumelant von Sachsen/Rumelant  von Sachsen Bilder,Rumelant von Sachsen0126.tif,.tif,scan,93642,2011-10-04
ERLEDIGT/Rumelant von Sachsen/Rumelant  von Sachsen Bilder,Rumelant von Sachsen0127.tif,.tif,scan,92358,2011-10-04
ERLEDIGT/Rumelant von Sachsen/Rumelant  von Sachsen Bilder,Rumelant von Sachsen0128.tif,.tif,scan,92862,2011-10-04
ERLEDIGT/Rumelant von Sachsen/Rumelant  von Sachsen Bilder,Rumelant von Sachsen0129.tif,.tif,scan,92502,2011-10-04
ERLEDIGT/Rumelant von Sachsen/Rumelant  von Sachsen Bilder,Rumelant von Sachsen0130.tif,.tif,scan,92902,2011-10-04
ERLEDIGT/Rumelant von Sachsen/Rumelant  von Sachsen Bilder,Rumelant von Sachsen0131.tif,.tif,scan,93670,2011-10-04
ERLEDIGT/Rumelant von Sachsen/Rumelant  von Sachsen Bilder,Rumelant von Sachsen0132.tif,.tif,scan,92126,2011-10-04
ERLEDIGT/Rumelant von Sachsen/Rumelant  von Sachsen Bilder,Rumelant von Sachsen0133.tif,.tif,scan,90326,2011-10-04
ERLEDIGT/Rumelant von Sachsen/Rumelant  von Sachsen Bilder,Rumelant von Sachsen0134.tif,.tif,scan,92994,2011-10-04
ERLEDIGT/RVB1,batch.options.xml,.xml,text,3790524,2014-10-24
ERLEDIGT/RVB1,Braunschweig_1 001.jpg,.jpg,scan,452872,2014-10-16
ERLEDIGT/RVB1,Braunschweig_642 001.jpg,.jpg,scan,393210,2014-10-16
ERLEDIGT/RVB1,Braunschweig_643 001.jpg,.jpg,scan,549303,2014-10-16
ERLEDIGT/RVB1,Braunschweig_682 001.jpg,.jpg,scan,388340,2014-10-16
ERLEDIGT/RVB1,Braunschweig_683 001.jpg,.jpg,scan,386126,2014-10-16
ERLEDIGT/RVB1,Braunschweig_694 001.jpg,.jpg,scan,489790,2014-10-16
ERLEDIGT/RVB1,Braunschweig_695 001.jpg,.jpg,scan,489495,2014-10-16
ERLEDIGT/RVB1,Braunschweig_714 001.jpg,.jpg,scan,480919,2014-10-16
ERLEDIGT/RVB1,Braunschweig_715 001.jpg,.jpg,scan,488101,2014-10-16
ERLEDIGT/RVB1,{36A2C8D8-75FF-4407-96BB-8EC1628FB9FC}.pdf,.pdf,pdf,13157455,2014-07-25
ERLEDIGT/RVB1,{7A9AF68C-7A00-4671-A01D-D40448228F67}.pdf,.pdf,pdf,13101657,2013-02-05
ERLEDIGT/SchweizerMinnesaengerCod,Kürzel Schweizer Minnesänger.doc,.doc,text,24064,2013-12-06
ERLEDIGT/SchweizerMinnesaengerCod,SA.txt,.txt,text,4921,2013-12-06
ERLEDIGT/SchweizerMinnesaengerCod,Schweizer Minnesaenger.doc,.doc,text,1529856,2011-08-12
ERLEDIGT/SchweizerMinnesaengerCod,SDG.txt,.txt,text,26876,2013-12-06
ERLEDIGT/SchweizerMinnesaengerCod,SDT.txt,.txt,text,9080,2013-12-06
ERLEDIGT/SchweizerMinnesaengerCod,SES.txt,.txt,text,12823,2013-12-06
ERLEDIGT/SchweizerMinnesaengerCod,SG.txt,.txt,text,3238,2013-12-06
ERLEDIGT/SchweizerMinnesaengerCod,SGO.txt,.txt,text,16495,2013-12-11
ERLEDIGT/SchweizerMinnesaengerCod,SHF.txt,.txt,text,6874,2013-12-06
ERLEDIGT/SchweizerMinnesaengerCod,SHR.txt,.txt,text,2470,2013-12-06
ERLEDIGT/SchweizerMinnesaengerCod,SHS.txt,.txt,text,17078,2013-12-06
ERLEDIGT/SchweizerMinnesaengerCod,SHT.txt,.txt,text,3072,2013-12-06
ERLEDIGT/SchweizerMinnesaengerCod,SJH.txt,.txt,text,120771,2013-12-06
ERLEDIGT/SchweizerMinnesaengerCod,SJR.txt,.txt,text,14872,2013-12-06
ERLEDIGT/SchweizerMinnesaengerCod,SJW.txt,.txt,text,12780,2013-12-06
ERLEDIGT/SchweizerMinnesaengerCod,SKL.txt,.txt,text,58111,2013-12-06
ERLEDIGT/SchweizerMinnesaengerCod,SKO.txt,.txt,text,5269,2013-12-06
ERLEDIGT/SchweizerMinnesaengerCod,SKT.txt,.txt,text,13041,2013-12-06
ERLEDIGT/SchweizerMinnesaengerCod,SMT.txt,.txt,text,24867,2013-12-06
ERLEDIGT/SchweizerMinnesaengerCod,SOT.txt,.txt,text,13763,2013-12-06
ERLEDIGT/SchweizerMinnesaengerCod,SP.txt,.txt,text,2393,2013-12-06
ERLEDIGT/SchweizerMinnesaengerCod,SST.txt,.txt,text,5046,2013-12-06
ERLEDIGT/SchweizerMinnesaengerCod,ST.txt,.txt,text,8572,2013-12-06
ERLEDIGT/SchweizerMinnesaengerCod,STE.txt,.txt,text,25995,2013-12-06
ERLEDIGT/SchweizerMinnesaengerCod,SUB.txt,.txt,text,13947,2013-12-06
ERLEDIGT/SchweizerMinnesaengerCod,SUS.txt,.txt,text,74716,2013-12-06
ERLEDIGT/SchweizerMinnesaengerCod,SVW.txt,.txt,text,8896,2013-12-06
ERLEDIGT/SchweizerMinnesaengerCod,SWH.txt,.txt,text,8509,2013-12-06
ERLEDIGT/SchweizerMinnesaengerCod,SWI.txt,.txt,text,18366,2013-12-06
ERLEDIGT/SchweizerMinnesaengerCod,SWK.txt,.txt,text,12706,2013-12-06
ERLEDIGT/SchweizerMinnesaengerCod,SWT.txt,.txt,text,8126,2013-12-06
ERLEDIGT/Tannhäuser,5194XSRF8XL__SL500_AA300_.jpg,.jpg,scan,22901,2011-12-12
ERLEDIGT/Tannhäuser,Autor.doc,.doc,text,34538,2011-11-29
ERLEDIGT/Tannhäuser,Bild-fol264_TA.jpg,.jpg,scan,266078,2011-12-12
ERLEDIGT/Tannhäuser,ODUwMDg=.jpg,.jpg,scan,26037,2011-12-12
ERLEDIGT/Tannhäuser,TA_komplett.txt,.txt,text,69938,2011-11-29
ERLEDIGT/Tannhäuser,TA_komplett.txt.bak,.bak,text,69940,2011-11-29
ERLEDIGT/Tannhäuser,Textinfo_TA.doc,.doc,text,24576,2011-12-12
ERLEDIGT/Tannhäuser/Rohtext_fertig,Tannh_I.txt,.txt,text,6592,2011-11-28
ERLEDIGT/Tannhäuser/Rohtext_fertig,Tannh_II.txt,.txt,text,5193,2011-11-28
ERLEDIGT/Tannhäuser/Rohtext_fertig,Tannh_III.txt,.txt,text,6488,2011-11-28
ERLEDIGT/Tannhäuser/Rohtext_fertig,Tannh_IV.txt,.txt,text,8165,2011-11-28
ERLEDIGT/Tannhäuser/Rohtext_fertig,Tannh_IX.txt,.txt,text,2786,2011-11-28
ERLEDIGT/Tannhäuser/Rohtext_fertig,Tannh_V.txt,.txt,text,7444,2011-11-28
ERLEDIGT/Tannhäuser/Rohtext_fertig,Tannh_VI.txt,.txt,text,7311,2011-11-28
ERLEDIGT/Tannhäuser/Rohtext_fertig,Tannh_VII.txt,.txt,text,2025,2011-11-28
ERLEDIGT/Tannhäuser/Rohtext_fertig,Tannh_VIII.txt,.txt,text,1385,2011-11-28
ERLEDIGT/Tannhäuser/Rohtext_fertig,Tannh_X.txt,.txt,text,2214,2011-11-28
ERLEDIGT/Tannhäuser/Rohtext_fertig,Tannh_XI.txt,.txt,text,3199,2011-11-28
ERLEDIGT/Tannhäuser/Rohtext_fertig,Tannh_XII.txt,.txt,text,3671,2011-11-28
ERLEDIGT/Tannhäuser/Rohtext_fertig,Tannh_XIII.txt,.txt,text,4400,2011-11-28
ERLEDIGT/Tannhäuser/Rohtext_fertig,Tannh_XIV.txt,.txt,text,4157,2011-11-28
ERLEDIGT/Tannhäuser/Rohtext_fertig,Tannh_XV.txt,.txt,text,2126,2011-11-28
ERLEDIGT/Tannhäuser/Rohtext_fertig,Tannh_XVI.txt,.txt,text,904,2011-11-28
ERLEDIGT/Tannhäuser/Scans_unbearb,1. Uns kumt ein wunneklîchiu zît 90-94.rtf,.rtf,text,77516,2011-11-11
ERLEDIGT/Tannhäuser/Scans_unbearb,10. Mîn frowe diu wil lônen mir 127-128.rtf,.rtf,text,41835,2011-11-11
ERLEDIGT/Tannhäuser/Scans_unbearb,11.Gegen disen wînnahten 129-131.rtf,.rtf,text,48171,2011-11-11
ERLEDIGT/Tannhäuser/Scans_unbearb,12. Hie vor dô stuont nîn ding alsô 132-133.rtf,.rtf,text,47794,2011-11-11
ERLEDIGT/Tannhäuser/Scans_unbearb,"13. Wol im, der nû beissen sol 134-136.rtf",.rtf,text,49703,2011-11-11
ERLEDIGT/Tannhäuser/Scans_unbearb,14 Das ich ze hêrren niht enwart 137-139.rtf,.rtf,text,50011,2011-11-11
ERLEDIGT/Tannhäuser/Scans_unbearb,15. Dank habe der meie 140-141.rtf,.rtf,text,39760,2011-11-11
ERLEDIGT/Tannhäuser/Scans_unbearb,16. Es sluog ein wîb 142.rtf,.rtf,text,7251,2011-11-11
ERLEDIGT/Tannhäuser/Scans_unbearb,2. Went ir in zanzen froiden sîn 95-98.rtf,.rtf,text,70403,2011-11-11
ERLEDIGT/Tannhäuser/Scans_unbearb,3. Der Winter ist zergangen 99-103.rtf,.rtf,text,75960,2011-11-11
ERLEDIGT/Tannhäuser/Scans_unbearb,4. Ich lobe ein wîb 104-109.rtf,.rtf,text,87136,2011-11-11
ERLEDIGT/Tannhäuser/Scans_unbearb,5. Der künig von Marroch hât der berge noch genuog 110-115.rtf,.rtf,text,31789,2011-11-11
ERLEDIGT/Tannhäuser/Scans_unbearb,6. Ich muos clagen 116-121.rtf,.rtf,text,83788,2011-11-11
ERLEDIGT/Tannhäuser/Scans_unbearb,"7. Wol ûf, tanzen überal122-123.rtf",.rtf,text,39584,2011-11-11
ERLEDIGT/Tannhäuser/Scans_unbearb,8. Jârlan bloezet sich der walt 124.rtf,.rtf,text,38717,2011-11-11
ERLEDIGT/Tannhäuser/Scans_unbearb,9. Staeter dienest der ist gout125-126.rtf,.rtf,text,10847,2011-11-11
ERLEDIGT/Tannhäuser/Tannhäuser Bilder/1. Uns kumt ein wunneklîchiu zît 90-94,1. Uns kumt ein wunneklîchiu zît 90-940001.tif,.tif,scan,206136,2010-05-27
ERLEDIGT/Tannhäuser/Tannhäuser Bilder/1. Uns kumt ein wunneklîchiu zît 90-94,1. Uns kumt ein wunneklîchiu zît 90-940002.tif,.tif,scan,219524,2010-05-27
ERLEDIGT/Tannhäuser/Tannhäuser Bilder/1. Uns kumt ein wunneklîchiu zît 90-94,1. Uns kumt ein wunneklîchiu zît 90-940003.tif,.tif,scan,229736,2010-05-27
ERLEDIGT/Tannhäuser/Tannhäuser Bilder/1. Uns kumt ein wunneklîchiu zît 90-94,1. Uns kumt ein wunneklîchiu zît 90-940004.tif,.tif,scan,207738,2010-05-27
ERLEDIGT/Tannhäuser/Tannhäuser Bilder/1. Uns kumt ein wunneklîchiu zît 90-94,1. Uns kumt ein wunneklîchiu zît 90-940005.tif,.tif,scan,178996,2010-05-27
ERLEDIGT/Tannhäuser/Tannhäuser Bilder/10. Mîn frowe diu wil lônen mir 127-128,10. Mîn frowe diu wil lônen mir 127-1280001.tif,.tif,scan,243760,2010-06-04
ERLEDIGT/Tannhäuser/Tannhäuser Bilder/10. Mîn frowe diu wil lônen mir 127-128,10. Mîn frowe diu wil lônen mir 127-1280002.tif,.tif,scan,209506,2010-06-04
ERLEDIGT/Tannhäuser/Tannhäuser Bilder/11. Gegen disen wînnahten 129-131,11. Gegen disen wînahten 129-1310001.tif,.tif,scan,259826,2010-06-06
ERLEDIGT/Tannhäuser/Tannhäuser Bilder/11. Gegen disen wînnahten 129-131,11. Gegen disen wînahten 129-1310002.tif,.tif,scan,263696,2010-06-06
ERLEDIGT/Tannhäuser/Tannhäuser Bilder/11. Gegen disen wînnahten 129-131,11. Gegen disen wînahten 129-1310003.tif,.tif,scan,160170,2010-06-06
ERLEDIGT/Tannhäuser/Tannhäuser Bilder/12. Hie vor dô stuont mîn ding alsô 132-133,12. Hie vor dô stuont mîn ding alsô 132-1330001.tif,.tif,scan,263468,2010-06-06
ERLEDIGT/Tannhäuser/Tannhäuser Bilder/12. Hie vor dô stuont mîn ding alsô 132-133,12. Hie vor dô stuont mîn ding alsô 132-1330002.tif,.tif,scan,268608,2010-06-06
"ERLEDIGT/Tannhäuser/Tannhäuser Bilder/13. Wol im, der nû beissen soll 134-136","13. Wol im, der nû beissen sol 134-1360001.tif",.tif,scan,265920,2010-06-06
"ERLEDIGT/Tannhäuser/Tannhäuser Bilder/13. Wol im, der nû beissen soll 134-136","13. Wol im, der nû beissen sol 134-1360002.tif",.tif,scan,240312,2010-06-06
"ERLEDIGT/Tannhäuser/Tannhäuser Bilder/13. Wol im, der nû beissen soll 134-136","13. Wol im, der nû beissen sol 134-1360003.tif",.tif,scan,228092,2010-06-06
ERLEDIGT/Tannhäuser/Tannhäuser Bilder/14. Das ich ze hêrren niht enwart 137-139,14. Das ich ze hêrren niht enwart 137-1390001.tif,.tif,scan,280638,2010-06-06
ERLEDIGT/Tannhäuser/Tannhäuser Bilder/14. Das ich ze hêrren niht enwart 137-139,14. Das ich ze hêrren niht enwart 137-1390002.tif,.tif,scan,296588,2010-06-06
ERLEDIGT/Tannhäuser/Tannhäuser Bilder/14. Das ich ze hêrren niht enwart 137-139,14. Das ich ze hêrren niht enwart 137-1390003.tif,.tif,scan,160532,2010-06-06
ERLEDIGT/Tannhäuser/Tannhäuser Bilder/15. Dank habe der meie 140-141,15. Dank habe der meie 140-1410001.tif,.tif,scan,220878,2010-06-07
ERLEDIGT/Tannhäuser/Tannhäuser Bilder/15. Dank habe der meie 140-141,15. Dank habe der meie 140-1410002.tif,.tif,scan,173086,2010-06-07
ERLEDIGT/Tannhäuser/Tannhäuser Bilder/16. Es sluog ein wîb 142,16. Es sluog ein wîb 142.tif,.tif,scan,221702,2010-06-07
ERLEDIGT/Tannhäuser/Tannhäuser Bilder/2. Went ir in ganzen froiden sîn 95-98,2. Went ir in ganzen froiden sîn 95-980001.tif,.tif,scan,224672,2010-06-01
ERLEDIGT/Tannhäuser/Tannhäuser Bilder/2. Went ir in ganzen froiden sîn 95-98,2. Went ir in ganzen froiden sîn 95-980002.tif,.tif,scan,225486,2010-06-01
ERLEDIGT/Tannhäuser/Tannhäuser Bilder/2. Went ir in ganzen froiden sîn 95-98,2. Went ir in ganzen froiden sîn 95-980003.tif,.tif,scan,226068,2010-06-01
ERLEDIGT/Tannhäuser/Tannhäuser Bilder/2. Went ir in ganzen froiden sîn 95-98,2. Went ir in ganzen froiden sîn 95-980004.tif,.tif,scan,199358,2010-06-01
ERLEDIGT/Tannhäuser/Tannhäuser Bilder/3. Der Winter ist zerganen 99-103,3. Der Winter ist zergangen 99-1030001.tif,.tif,scan,237048,2010-06-02
ERLEDIGT/Tannhäuser/Tannhäuser Bilder/3. Der Winter ist zerganen 99-103,3. Der Winter ist zergangen 99-1030002.tif,.tif,scan,238612,2010-06-02
ERLEDIGT/Tannhäuser/Tannhäuser Bilder/3. Der Winter ist zerganen 99-103,3. Der Winter ist zergangen 99-1030003.tif,.tif,scan,253018,2010-06-02
ERLEDIGT/Tannhäuser/Tannhäuser Bilder/3. Der Winter ist zerganen 99-103,3. Der Winter ist zergangen 99-1030004.tif,.tif,scan,236574,2010-06-02
ERLEDIGT/Tannhäuser/Tannhäuser Bilder/3. Der Winter ist zerganen 99-103,3. Der Winter ist zergangen 99-1030005.tif,.tif,scan,212848,2010-06-02
ERLEDIGT/Tannhäuser/Tannhäuser Bilder/4. Ich lobe ein wîb 104-109,4. Ich lobe ein wîb 104-1090001.tif,.tif,scan,237554,2010-06-02
ERLEDIGT/Tannhäuser/Tannhäuser Bilder/4. Ich lobe ein wîb 104-109,4. Ich lobe ein wîb 104-1090002.tif,.tif,scan,250556,2010-06-02
ERLEDIGT/Tannhäuser/Tannhäuser Bilder/4. Ich lobe ein wîb 104-109,4. Ich lobe ein wîb 104-1090003.tif,.tif,scan,242200,2010-06-02
ERLEDIGT/Tannhäuser/Tannhäuser Bilder/4. Ich lobe ein wîb 104-109,4. Ich lobe ein wîb 104-1090004.tif,.tif,scan,225852,2010-06-02
ERLEDIGT/Tannhäuser/Tannhäuser Bilder/4. Ich lobe ein wîb 104-109,4. Ich lobe ein wîb 104-1090005.tif,.tif,scan,211638,2010-06-02
ERLEDIGT/Tannhäuser/Tannhäuser Bilder/4. Ich lobe ein wîb 104-109,4. Ich lobe ein wîb 104-1090006.tif,.tif,scan,212374,2010-06-02
ERLEDIGT/Tannhäuser/Tannhäuser Bilder/6. Ich muos clagen 116-121,6. Ich muos clagen 116-1210001.tif,.tif,scan,234744,2010-06-04
ERLEDIGT/Tannhäuser/Tannhäuser Bilder/6. Ich muos clagen 116-121,6. Ich muos clagen 116-1210002.tif,.tif,scan,231596,2010-06-04
ERLEDIGT/Tannhäuser/Tannhäuser Bilder/6. Ich muos clagen 116-121,6. Ich muos clagen 116-1210003.tif,.tif,scan,240262,2010-06-04
ERLEDIGT/Tannhäuser/Tannhäuser Bilder/6. Ich muos clagen 116-121,6. Ich muos clagen 116-1210004.tif,.tif,scan,245346,2010-06-04
ERLEDIGT/Tannhäuser/Tannhäuser Bilder/6. Ich muos clagen 116-121,6. Ich muos clagen 116-1210005.tif,.tif,scan,224702,2010-06-04
ERLEDIGT/Tannhäuser/Tannhäuser Bilder/6. Ich muos clagen 116-121,6. Ich muos clagen 116-1210006.tif,.tif,scan,196328,2010-06-04
"ERLEDIGT/Tannhäuser/Tannhäuser Bilder/7. Wol ûf, tanzen überal 122-123","Wol ûf, tanzen überal 122-1230001.tif",.tif,scan,240802,2010-06-04
"ERLEDIGT/Tannhäuser/Tannhäuser Bilder/7. Wol ûf, tanzen überal 122-123","Wol ûf, tanzen überal 122-1230002.tif",.tif,scan,189930,2010-06-04
ERLEDIGT/Tannhäuser/Tannhäuser Bilder/8. Jârlang bloezet sich der walt 124,8. Jârlang bloezet sich der walt 124.tif,.tif,scan,225360,2010-06-04
ERLEDIGT/Tannhäuser/Tannhäuser Bilder/9.Staeter dienest der ist guot 125-126,9. Staeter dienest der ist guot 125-1260001.tif,.tif,scan,238842,2010-06-04
ERLEDIGT/Tannhäuser/Tannhäuser Bilder/9.Staeter dienest der ist guot 125-126,9. Staeter dienest der ist guot 125-1260002.tif,.tif,scan,233834,2010-06-04
ERLEDIGT/Tannhäuser/Tannhäuser Rich Text Format,1. Uns kumt ein wunneklîchiu zît 90-94.rtf,.rtf,text,77516,2010-06-07
ERLEDIGT/Tannhäuser/Tannhäuser Rich Text Format,10. Mîn frowe diu wil lônen mir 127-128.rtf,.rtf,text,41835,2010-06-07
ERLEDIGT/Tannhäuser/Tannhäuser Rich Text Format,11.Gegen disen wînnahten 129-131.rtf,.rtf,text,48171,2010-06-06
ERLEDIGT/Tannhäuser/Tannhäuser Rich Text Format,12. Hie vor dô stuont nîn ding alsô 132-133.rtf,.rtf,text,47794,2010-06-07
ERLEDIGT/Tannhäuser/Tannhäuser Rich Text Format,"13. Wol im, der nû beissen sol 134-136.rtf",.rtf,text,49703,2010-06-07
ERLEDIGT/Tannhäuser/Tannhäuser Rich Text Format,14 Das ich ze hêrren niht enwart 137-139.rtf,.rtf,text,50011,2010-06-07
ERLEDIGT/Tannhäuser/Tannhäuser Rich Text Format,15. Dank habe der meie 140-141.rtf,.rtf,text,39760,2010-06-07
ERLEDIGT/Tannhäuser/Tannhäuser Rich Text Format,16. Es sluog ein wîb 142.rtf,.rtf,text,7251,2010-06-09
ERLEDIGT/Tannhäuser/Tannhäuser Rich Text Format,2. Went ir in zanzen froiden sîn 95-98.rtf,.rtf,text,70403,2010-06-07
ERLEDIGT/Tannhäuser/Tannhäuser Rich Text Format,3. Der Winter ist zergangen 99-103.rtf,.rtf,text,75960,2010-06-04
ERLEDIGT/Tannhäuser/Tannhäuser Rich Text Format,4. Ich lobe ein wîb 104-109.rtf,.rtf,text,87136,2010-06-04
ERLEDIGT/Tannhäuser/Tannhäuser Rich Text Format,5. Der künig von Marroch hât der berge noch genuog 110-115.rtf,.rtf,text,31789,2010-06-09
ERLEDIGT/Tannhäuser/Tannhäuser Rich Text Format,6. Ich muos clagen 116-121.rtf,.rtf,text,83788,2010-06-07
ERLEDIGT/Tannhäuser/Tannhäuser Rich Text Format,"7. Wol ûf, tanzen überal122-123.rtf",.rtf,text,39584,2010-06-04
ERLEDIGT/Tannhäuser/Tannhäuser Rich Text Format,8. Jârlan bloezet sich der walt 124.rtf,.rtf,text,38717,2010-06-04
ERLEDIGT/Tannhäuser/Tannhäuser Rich Text Format,9. Staeter dienest der ist gout125-126.rtf,.rtf,text,10847,2010-06-09
ERLEDIGT/Tannhäuser/Tannhäuser Rich Text Format,Tannh2.txt,.txt,text,3391,2011-11-08
ERLEDIGT/Textexport-Dateien_Feb2017,.cvsignore,,text,8,2014-05-05
ERLEDIGT/Textexport-Dateien_Feb2017,ABG.txt,.txt,text,25498,2017-02-24
ERLEDIGT/Textexport-Dateien_Feb2017,ABS.txt,.txt,text,22308,2017-02-24
ERLEDIGT/Textexport-Dateien_Feb2017,AC1.txt,.txt,text,65199,2017-02-24
ERLEDIGT/Textexport-Dateien_Feb2017,AC2.txt,.txt,text,62060,2017-02-24
ERLEDIGT/Textexport-Dateien_Feb2017,AC3.txt,.txt,text,63316,2017-02-24
ERLEDIGT/Textexport-Dateien_Feb2017,ADP.txt,.txt,text,547141,2017-02-24
ERLEDIGT/Textexport-Dateien_Feb2017,AGS.txt,.txt,text,2533,2017-02-24
ERLEDIGT/Textexport-Dateien_Feb2017,AK.txt,.txt,text,272009,2017-02-24
ERLEDIGT/Textexport-Dateien_Feb2017,ALL.txt,.txt,text,1473,2017-02-24
ERLEDIGT/Textexport-Dateien_Feb2017,AMI.txt,.txt,text,70531,2017-02-24
ERLEDIGT/Textexport-Dateien_Feb2017,AML.txt,.txt,text,2263,2017-02-24
ERLEDIGT/Textexport-Dateien_Feb2017,ANN.txt,.txt,text,27029,2017-02-24
ERLEDIGT/Textexport-Dateien_Feb2017,APO.txt,.txt,text,99745,2017-02-24
ERLEDIGT/Textexport-Dateien_Feb2017,ARB.txt,.txt,text,9138,2017-02-24
ERLEDIGT/Textexport-Dateien_Feb2017,ARK.txt,.txt,text,5572,2017-02-24
ERLEDIGT/Textexport-Dateien_Feb2017,ASG.txt,.txt,text,8665,2017-02-24
ERLEDIGT/Textexport-Dateien_Feb2017,AT.txt,.txt,text,97648,2017-02-24
ERLEDIGT/Textexport-Dateien_Feb2017,AUK.txt,.txt,text,1536,2017-02-24
ERLEDIGT/Textexport-Dateien_Feb2017,AUN.txt,.txt,text,1554,2017-02-24
ERLEDIGT/Textexport-Dateien_Feb2017,AUP.txt,.txt,text,15435,2017-02-24
ERLEDIGT/Textexport-Dateien_Feb2017,AX.txt,.txt,text,40353,2017-02-24
ERLEDIGT/Textexport-Dateien_Feb2017,AXH.txt,.txt,text,58022,2017-02-24
ERLEDIGT/Textexport-Dateien_Feb2017,AXK.txt,.txt,text,8967,2017-02-24
ERLEDIGT/Textexport-Dateien_Feb2017,AXR.txt,.txt,text,609856,2017-02-24
ERLEDIGT/Textexport-Dateien_Feb2017,AXS.txt,.txt,text,185892,2017-02-24
ERLEDIGT/Textexport-Dateien_Feb2017,AXU.txt,.txt,text,824540,2017-02-24
ERLEDIGT/Textexport-Dateien_Feb2017,AXV.txt,.txt,text,48420,2017-02-24
ERLEDIGT/Textexport-Dateien_Feb2017,AXW.txt,.txt,text,169905,2017-02-24
ERLEDIGT/Textexport-Dateien_Feb2017,AZW.txt,.txt,text,4479,2017-02-24
ERLEDIGT/Textexport-Dateien_Feb2017,BAB.txt,.txt,text,7986,2017-02-24
ERLEDIGT/Textexport-Dateien_Feb2017,BAD.txt,.txt,text,5367,2017-02-24
ERLEDIGT/Textexport-Dateien_Feb2017,BAR.txt,.txt,text,470743,2017-02-24
ERLEDIGT/Textexport-Dateien_Feb2017,BAX.txt,.txt,text,15992,2017-02-24
ERLEDIGT/Textexport-Dateien_Feb2017,BDK.txt,.txt,text,63594,2017-02-24
ERLEDIGT/Textexport-Dateien_Feb2017,BEK.txt,.txt,text,6464,2017-02-24
ERLEDIGT/Textexport-Dateien_Feb2017,BES.txt,.txt,text,3931,2017-02-24
ERLEDIGT/Textexport-Dateien_Feb2017,BGM.txt,.txt,text,14801,2017-02-24
ERLEDIGT/Textexport-Dateien_Feb2017,BIB.txt,.txt,text,1040,2017-02-24
ERLEDIGT/Textexport-Dateien_Feb2017,BIL.txt,.txt,text,5465,2017-02-24
ERLEDIGT/Textexport-Dateien_Feb2017,BIM.txt,.txt,text,3324,2017-02-24
ERLEDIGT/Textexport-Dateien_Feb2017,BKN.txt,.txt,text,20765,2017-02-24
ERLEDIGT/Textexport-Dateien_Feb2017,BMG.txt,.txt,text,1412,2017-02-24
ERLEDIGT/Textexport-Dateien_Feb2017,BOP.txt,.txt,text,8420,2017-02-24
ERLEDIGT/Textexport-Dateien_Feb2017,BRF.txt,.txt,text,386634,2017-02-24
ERLEDIGT/Textexport-Dateien_Feb2017,BRH.txt,.txt,text,3647,2017-02-24
ERLEDIGT/Textexport-Dateien_Feb2017,BRIX.txt,.txt,text,22266,2017-02-24
ERLEDIGT/Textexport-Dateien_Feb2017,BRW.txt,.txt,text,65342,2017-02-24
ERLEDIGT/Textexport-Dateien_Feb2017,BRZ.txt,.txt,text,39481,2017-02-24
ERLEDIGT/Textexport-Dateien_Feb2017,BST.txt,.txt,text,2224,2017-02-24
ERLEDIGT/Textexport-Dateien_Feb2017,BUH.txt,.txt,text,22297,2017-02-24
ERLEDIGT/Textexport-Dateien_Feb2017,BUS.txt,.txt,text,3486,2017-02-24
ERLEDIGT/Textexport-Dateien_Feb2017,BVH.txt,.txt,text,276,2017-02-24
ERLEDIGT/Textexport-Dateien_Feb2017,BVL.txt,.txt,text,2751,2017-02-24
ERLEDIGT/Textexport-Dateien_Feb2017,BVO.txt,.txt,text,3579,2017-02-24
ERLEDIGT/Textexport-Dateien_Feb2017,BZI.txt,.txt,text,3072,2017-02-24
ERLEDIGT/Textexport-Dateien_Feb2017,CDV.txt,.txt,text,719,2017-02-24
ERLEDIGT/Textexport-Dateien_Feb2017,CGF.txt,.txt,text,949,2017-02-24
ERLEDIGT/Textexport-Dateien_Feb2017,CHH.txt,.txt,text,155344,2017-02-24
ERLEDIGT/Textexport-Dateien_Feb2017,CKI.txt,.txt,text,7300,2017-02-24
ERLEDIGT/Textexport-Dateien_Feb2017,CL.txt,.txt,text,6735,2017-02-24
ERLEDIGT/Textexport-Dateien_Feb2017,CR.txt,.txt,text,47570,2017-02-24
ERLEDIGT/Textexport-Dateien_Feb2017,CRO.txt,.txt,text,1020370,2017-02-24
ERLEDIGT/Textexport-Dateien_Feb2017,DA.txt,.txt,text,238848,2017-02-24
ERLEDIGT/Textexport-Dateien_Feb2017,DAH.txt,.txt,text,43341,2017-02-24
ERLEDIGT/Textexport-Dateien_Feb2017,DAL.txt,.txt,text,2985,2017-02-24
ERLEDIGT/Textexport-Dateien_Feb2017,DAR.txt,.txt,text,5259,2017-02-24
ERLEDIGT/Textexport-Dateien_Feb2017,DBD.txt,.txt,text,1594,2017-02-24
ERLEDIGT/Textexport-Dateien_Feb2017,DBE.txt,.txt,text,7184,2017-02-24
ERLEDIGT/Textexport-Dateien_Feb2017,DBF.txt,.txt,text,696,2017-02-24
ERLEDIGT/Textexport-Dateien_Feb2017,DBK.txt,.txt,text,20562,2017-02-24
ERLEDIGT/Textexport-Dateien_Feb2017,DBS.txt,.txt,text,2471,2017-02-24
ERLEDIGT/Textexport-Dateien_Feb2017,DBW.txt,.txt,text,4980,2017-02-24
ERLEDIGT/Textexport-Dateien_Feb2017,DDE.txt,.txt,text,11327,2017-02-24
ERLEDIGT/Textexport-Dateien_Feb2017,DDL.txt,.txt,text,7196,2017-02-24
ERLEDIGT/Textexport-Dateien_Feb2017,DDM.txt,.txt,text,11839,2017-02-24
ERLEDIGT/Textexport-Dateien_Feb2017,DDS.txt,.txt,text,2235,2017-02-24
ERLEDIGT/Textexport-Dateien_Feb2017,DDW.txt,.txt,text,1207,2017-02-24
ERLEDIGT/Textexport-Dateien_Feb2017,DEG.txt,.txt,text,4596,2017-02-24
ERLEDIGT/Textexport-Dateien_Feb2017,DEH.txt,.txt,text,5562,2017-02-24
ERLEDIGT/Textexport-Dateien_Feb2017,DEK.txt,.txt,text,7309,2017-02-24
ERLEDIGT/Textexport-Dateien_Feb2017,DES.txt,.txt,text,4711,2017-02-24
ERLEDIGT/Textexport-Dateien_Feb2017,DES2.txt,.txt,text,28115,2017-02-24
ERLEDIGT/Textexport-Dateien_Feb2017,DFB.txt,.txt,text,3144,2017-02-24
ERLEDIGT/Textexport-Dateien_Feb2017,DFE.txt,.txt,text,8841,2017-02-24
ERLEDIGT/Textexport-Dateien_Feb2017,DFJ.txt,.txt,text,455,2017-02-24
ERLEDIGT/Textexport-Dateien_Feb2017,DFK.txt,.txt,text,6203,2017-02-24
ERLEDIGT/Textexport-Dateien_Feb2017,DFL.txt,.txt,text,290415,2017-02-24
ERLEDIGT/Textexport-Dateien_Feb2017,DFR.txt,.txt,text,56373,2017-02-24
ERLEDIGT/Textexport-Dateien_Feb2017,DFS.txt,.txt,text,6750,2017-02-24
ERLEDIGT/Textexport-Dateien_Feb2017,DFT.txt,.txt,text,11996,2017-02-24
ERLEDIGT/Textexport-Dateien_Feb2017,DGA.txt,.txt,text,1705,2017-02-24
ERLEDIGT/Textexport-Dateien_Feb2017,DGE.txt,.txt,text,340,2017-02-24
ERLEDIGT/Textexport-Dateien_Feb2017,DGH.txt,.txt,text,4796,2017-02-24
ERLEDIGT/Textexport-Dateien_Feb2017,DGK.txt,.txt,text,3657,2017-02-24
ERLEDIGT/Textexport-Dateien_Feb2017,DGM.txt,.txt,text,1437,2017-02-24
ERLEDIGT/Textexport-Dateien_Feb2017,DGP.txt,.txt,text,9732,2017-02-24
ERLEDIGT/Textexport-Dateien_Feb2017,DGR.txt,.txt,text,4459,2017-02-24
ERLEDIGT/Textexport-Dateien_Feb2017,DGS.txt,.txt,text,1529,2017-02-24
ERLEDIGT/Textexport-Dateien_Feb2017,DGT.txt,.txt,text,1188,2017-02-24
ERLEDIGT/Textexport-Dateien_Feb2017,DHA.txt,.txt,text,555,2017-02-24
ERLEDIGT/Textexport-Dateien_Feb2017,DHE.txt,.txt,text,5791,2017-02-24
ERLEDIGT/Textexport-Dateien_Feb2017,DHH.txt,.txt,text,1183,2017-02-24
ERLEDIGT/Textexport-Dateien_Feb2017,DHO.txt,.txt,text,1730,2017-02-24
ERLEDIGT/Textexport-Dateien_Feb2017,DHP.txt,.txt,text,1117,2017-02-24
ERLEDIGT/Textexport-Dateien_Feb2017,DHS.txt,.txt,text,2457,2017-02-24
ERLEDIGT/Textexport-Dateien_Feb2017,DHW.txt,.txt,text,2951,2017-02-24
ERLEDIGT/Textexport-Dateien_Feb2017,DIO.txt,.txt,text,290946,2017-02-24
ERLEDIGT/Textexport-Dateien_Feb2017,DIS.txt,.txt,text,13704,2017-02-24
ERLEDIGT/Textexport-Dateien_Feb2017,DJA.txt,.txt,text,3747,2017-02-24
ERLEDIGT/Textexport-Dateien_Feb2017,DJB.txt,.txt,text,613,2017-02-24
ERLEDIGT/Textexport-Dateien_Feb2017,DJEM.txt,.txt,text,73313,2017-02-24
ERLEDIGT/Textexport-Dateien_Feb2017,DJR.txt,.txt,text,9037,2017-02-24
ERLEDIGT/Textexport-Dateien_Feb2017,DJUM.txt,.txt,text,78836,2017-02-24
ERLEDIGT/Textexport-Dateien_Feb2017,DKA.txt,.txt,text,4015,2017-02-24
ERLEDIGT/Textexport-Dateien_Feb2017,DKF.txt,.txt,text,5475,2017-02-24
ERLEDIGT/Textexport-Dateien_Feb2017,DKI.txt,.txt,text,2471,2017-02-24
ERLEDIGT/Textexport-Dateien_Feb2017,DKK.txt,.txt,text,19726,2017-02-24
ERLEDIGT/Textexport-Dateien_Feb2017,DKM.txt,.txt,text,4191,2017-02-24
ERLEDIGT/Textexport-Dateien_Feb2017,DKN.txt,.txt,text,1968,2017-02-24
ERLEDIGT/Textexport-Dateien_Feb2017,DKR.txt,.txt,text,2652,2017-02-24
ERLEDIGT/Textexport-Dateien_Feb2017,DL1.txt,.txt,text,136993,2017-02-24
ERLEDIGT/Textexport-Dateien_Feb2017,DL2.txt,.txt,text,30254,2017-02-24
ERLEDIGT/Textexport-Dateien_Feb2017,DLF.txt,.txt,text,17205,2017-02-24
ERLEDIGT/Textexport-Dateien_Feb2017,DMA.txt,.txt,text,5622,2017-02-24
ERLEDIGT/Textexport-Dateien_Feb2017,DMB.txt,.txt,text,3822,2017-02-24
ERLEDIGT/Textexport-Dateien_Feb2017,DMD.txt,.txt,text,5838,2017-02-24
ERLEDIGT/Textexport-Dateien_Feb2017,DME.txt,.txt,text,34894,2017-02-24
ERLEDIGT/Textexport-Dateien_Feb2017,DMK.txt,.txt,text,1847,2017-02-24
ERLEDIGT/Textexport-Dateien_Feb2017,DML.txt,.txt,text,3188,2017-02-24
ERLEDIGT/Textexport-Dateien_Feb2017,DMN.txt,.txt,text,15527,2017-02-24
ERLEDIGT/Textexport-Dateien_Feb2017,DNB.txt,.txt,text,6333,2017-02-24
ERLEDIGT/Textexport-Dateien_Feb2017,DNR.txt,.txt,text,2828,2017-02-24
ERLEDIGT/Textexport-Dateien_Feb2017,DNT.txt,.txt,text,18080,2017-02-24
ERLEDIGT/Textexport-Dateien_Feb2017,DRA.txt,.txt,text,5249,2017-02-24
ERLEDIGT/Textexport-Dateien_Feb2017,DRE.txt,.txt,text,15740,2017-02-24
ERLEDIGT/Textexport-Dateien_Feb2017,DRH.txt,.txt,text,490,2017-02-24
ERLEDIGT/Textexport-Dateien_Feb2017,DRT.txt,.txt,text,10862,2017-02-24
ERLEDIGT/Textexport-Dateien_Feb2017,DRW.txt,.txt,text,6600,2017-02-24
ERLEDIGT/Textexport-Dateien_Feb2017,DSA.txt,.txt,text,2077,2017-02-24
ERLEDIGT/Textexport-Dateien_Feb2017,DSE.txt,.txt,text,2680,2017-02-24
ERLEDIGT/Textexport-Dateien_Feb2017,DSK.txt,.txt,text,907,2017-02-24
ERLEDIGT/Textexport-Dateien_Feb2017,DSL.txt,.txt,text,724,2017-02-24
ERLEDIGT/Textexport-Dateien_Feb2017,DSP.txt,.txt,text,5420,2017-02-24
ERLEDIGT/Textexport-Dateien_Feb2017,DST.txt,.txt,text,5946,2017-02-24
ERLEDIGT/Textexport-Dateien_Feb2017,DSU.txt,.txt,text,2809,2017-02-24
ERLEDIGT/Textexport-Dateien_Feb2017,DSW.txt,.txt,text,3721,2017-02-24
ERLEDIGT/Textexport-Dateien_Feb2017,DTF.txt,.txt,text,1590,2017-02-24
ERLEDIGT/Textexport-Dateien_Feb2017,DTG.txt,.txt,text,8787,2017-02-24
ERLEDIGT/Textexport-Dateien_Feb2017,DTP.txt,.txt,text,6293,2017-02-24
ERLEDIGT/Textexport-Dateien_Feb2017,DTS.txt,.txt,text,488,2017-02-24
ERLEDIGT/Textexport-Dateien_Feb2017,DTU.txt,.txt,text,2199,2017-02-24
ERLEDIGT/Textexport-Dateien_Feb2017,DUB.txt,.txt,text,248,2017-02-24
ERLEDIGT/Textexport-Dateien_Feb2017,DUE.txt,.txt,text,1597,2017-02-24
ERLEDIGT/Textexport-Dateien_Feb2017,DUJ.txt,.txt,text,1445,2017-02-24
ERLEDIGT/Textexport-Dateien_Feb2017,DUM.txt,.txt,text,22748,2017-02-24
ERLEDIGT/Textexport-Dateien_Feb2017,DUR.txt,.txt,text,6770,2017-02-24
ERLEDIGT/Textexport-Dateien_Feb2017,DUS.txt,.txt,text,3525,2017-02-24
ERLEDIGT/Textexport-Dateien_Feb2017,DUZ.txt,.txt,text,3912,2017-02-24
ERLEDIGT/Textexport-Dateien_Feb2017,DVC.txt,.txt,text,2048,2017-02-24
ERLEDIGT/Textexport-Dateien_Feb2017,DVF.txt,.txt,text,3802,2017-02-24
ERLEDIGT/Textexport-Dateien_Feb2017,DWA.txt,.txt,text,18814,2017-02-24
ERLEDIGT/Textexport-Dateien_Feb2017,DWE.txt,.txt,text,4528,2017-02-24
ERLEDIGT/Textexport-Dateien_Feb2017,DWF.txt,.txt,text,3560,2017-02-24
ERLEDIGT/Textexport-Dateien_Feb2017,DWG.txt,.txt,text,4284,2017-02-24
ERLEDIGT/Textexport-Dateien_Feb2017,DWI.txt,.txt,text,3618,2017-02-24
ERLEDIGT/Textexport-Dateien_Feb2017,DWJ.txt,.txt,text,1468,2017-02-24
ERLEDIGT/Textexport-Dateien_Feb2017,DWP.txt,.txt,text,3618,2017-02-24
ERLEDIGT/Textexport-Dateien_Feb2017,DWR.txt,.txt,text,3749,2017-02-24
ERLEDIGT/Textexport-Dateien_Feb2017,DWS.txt,.txt,text,1576,2017-02-24
ERLEDIGT/Textexport-Dateien_Feb2017,DWU.txt,.txt,text,6348,2017-02-24
ERLEDIGT/Textexport-Dateien_Feb2017,DWW.txt,.txt,text,1824,2017-02-24
ERLEDIGT/Textexport-Dateien_Feb2017,DZB.txt,.txt,text,2597,2017-02-24
ERLEDIGT/Textexport-Dateien_Feb2017,DZH.txt,.txt,text,3164,2017-02-24
ERLEDIGT/Textexport-Dateien_Feb2017,EAL.txt,.txt,text,6444,2017-02-24
ERLEDIGT/Textexport-Dateien_Feb2017,EB1.txt,.txt,text,12399,2017-02-24
ERLEDIGT/Textexport-Dateien_Feb2017,EB2.txt,.txt,text,8723,2017-02-24
ERLEDIGT/Textexport-Dateien_Feb2017,EBS.txt,.txt,text,3902,2017-02-24
ERLEDIGT/Textexport-Dateien_Feb2017,EBW.txt,.txt,text,3561,2017-02-24
ERLEDIGT/Textexport-Dateien_Feb2017,ECK.txt,.txt,text,119337,2017-02-24
ERLEDIGT/Textexport-Dateien_Feb2017,EGA.txt,.txt,text,490,2017-02-24
ERLEDIGT/Textexport-Dateien_Feb2017,EGF.txt,.txt,text,11623,2017-02-24
ERLEDIGT/Textexport-Dateien_Feb2017,EGH.txt,.txt,text,2434,2017-02-24
ERLEDIGT/Textexport-Dateien_Feb2017,EHB.txt,.txt,text,203430,2017-02-24
ERLEDIGT/Textexport-Dateien_Feb2017,EHR.txt,.txt,text,5841,2017-02-24
ERLEDIGT/Textexport-Dateien_Feb2017,EKL.txt,.txt,text,92536,2017-02-24
ERLEDIGT/Textexport-Dateien_Feb2017,EKO.txt,.txt,text,7453,2017-02-24
ERLEDIGT/Textexport-Dateien_Feb2017,ENG.txt,.txt,text,184210,2017-02-24
ERLEDIGT/Textexport-Dateien_Feb2017,ER.txt,.txt,text,278815,2017-02-24
ERLEDIGT/Textexport-Dateien_Feb2017,ERA.txt,.txt,text,5872,2017-02-24
ERLEDIGT/Textexport-Dateien_Feb2017,ERB.txt,.txt,text,168737,2017-02-24
ERLEDIGT/Textexport-Dateien_Feb2017,ERD.txt,.txt,text,34689,2017-02-24
ERLEDIGT/Textexport-Dateien_Feb2017,ERM.txt,.txt,text,5647,2017-02-24
ERLEDIGT/Textexport-Dateien_Feb2017,ESB.txt,.txt,text,95468,2017-02-24
ERLEDIGT/Textexport-Dateien_Feb2017,ESH.txt,.txt,text,628,2017-02-24
ERLEDIGT/Textexport-Dateien_Feb2017,ESL.txt,.txt,text,4666,2017-02-24
ERLEDIGT/Textexport-Dateien_Feb2017,ESP.txt,.txt,text,6125,2017-02-24
ERLEDIGT/Textexport-Dateien_Feb2017,EUH.txt,.txt,text,5576,2017-02-24
ERLEDIGT/Textexport-Dateien_Feb2017,EUP.txt,.txt,text,10932,2017-02-24
ERLEDIGT/Textexport-Dateien_Feb2017,EUS.txt,.txt,text,214,2017-02-24
ERLEDIGT/Textexport-Dateien_Feb2017,EWV.txt,.txt,text,1689,2017-02-24
ERLEDIGT/Textexport-Dateien_Feb2017,EZZ.txt,.txt,text,11506,2017-02-24
ERLEDIGT/Textexport-Dateien_Feb2017,FAN.txt,.txt,text,10853,2017-02-24
ERLEDIGT/Textexport-Dateien_Feb2017,FB.txt,.txt,text,63877,2017-02-24
ERLEDIGT/Textexport-Dateien_Feb2017,FBS.txt,.txt,text,64697,2017-02-24
ERLEDIGT/Textexport-Dateien_Feb2017,FD.txt,.txt,text,465851,2017-02-24
ERLEDIGT/Textexport-Dateien_Feb2017,FES.txt,.txt,text,15123,2017-02-24
ERLEDIGT/Textexport-Dateien_Feb2017,FGP.txt,.txt,text,10661,2017-02-24
ERLEDIGT/Textexport-Dateien_Feb2017,FH.txt,.txt,text,33456,2017-02-24
ERLEDIGT/Textexport-Dateien_Feb2017,FLG.txt,.txt,text,97961,2017-02-24
ERLEDIGT/Textexport-Dateien_Feb2017,FLG1.txt,.txt,text,439161,2017-02-24
ERLEDIGT/Textexport-Dateien_Feb2017,FLO.txt,.txt,text,217268,2017-02-24
ERLEDIGT/Textexport-Dateien_Feb2017,FP.txt,.txt,text,6249,2017-02-24
ERLEDIGT/Textexport-Dateien_Feb2017,FR1.txt,.txt,text,232459,2017-02-24
ERLEDIGT/Textexport-Dateien_Feb2017,FR2.txt,.txt,text,13355,2017-02-24
ERLEDIGT/Textexport-Dateien_Feb2017,FR3.txt,.txt,text,317657,2017-02-24
ERLEDIGT/Textexport-Dateien_Feb2017,FRF.txt,.txt,text,9208,2017-02-24
ERLEDIGT/Textexport-Dateien_Feb2017,FRM.txt,.txt,text,9142,2017-02-24
ERLEDIGT/Textexport-Dateien_Feb2017,FUE.txt,.txt,text,2431,2017-02-24
ERLEDIGT/Textexport-Dateien_Feb2017,FUK.txt,.txt,text,1087,2017-02-24
ERLEDIGT/Textexport-Dateien_Feb2017,FUP.txt,.txt,text,2508,2017-02-24
ERLEDIGT/Textexport-Dateien_Feb2017,FVL.txt,.txt,text,1694,2017-02-24
ERLEDIGT/Textexport-Dateien_Feb2017,FVS.txt,.txt,text,39547,2017-02-24
ERLEDIGT/Textexport-Dateien_Feb2017,FWE.txt,.txt,text,2296,2017-02-24
ERLEDIGT/Textexport-Dateien_Feb2017,FWWB.txt,.txt,text,913,2017-02-24
ERLEDIGT/Textexport-Dateien_Feb2017,GAE.txt,.txt,text,4382,2017-02-24
ERLEDIGT/Textexport-Dateien_Feb2017,GAR.txt,.txt,text,623674,2017-02-24
ERLEDIGT/Textexport-Dateien_Feb2017,GAU.txt,.txt,text,4741,2017-02-24
ERLEDIGT/Textexport-Dateien_Feb2017,GEG.txt,.txt,text,2903,2017-02-24
ERLEDIGT/Textexport-Dateien_Feb2017,GEI.txt,.txt,text,6918,2017-02-24
ERLEDIGT/Textexport-Dateien_Feb2017,GER.txt,.txt,text,204260,2017-02-24
ERLEDIGT/Textexport-Dateien_Feb2017,GES.txt,.txt,text,1927,2017-02-24
ERLEDIGT/Textexport-Dateien_Feb2017,GFM.txt,.txt,text,11391,2017-02-24
ERLEDIGT/Textexport-Dateien_Feb2017,GGG.txt,.txt,text,3145,2017-02-24
ERLEDIGT/Textexport-Dateien_Feb2017,GIR.txt,.txt,text,12917,2017-02-24
ERLEDIGT/Textexport-Dateien_Feb2017,GIT.txt,.txt,text,453,2017-02-24
ERLEDIGT/Textexport-Dateien_Feb2017,GKL.txt,.txt,text,3593,2017-02-24
ERLEDIGT/Textexport-Dateien_Feb2017,GL.txt,.txt,text,115476,2017-02-24
ERLEDIGT/Textexport-Dateien_Feb2017,GMV.txt,.txt,text,7723,2017-02-24
ERLEDIGT/Textexport-Dateien_Feb2017,GOL.txt,.txt,text,3717,2017-02-24
ERLEDIGT/Textexport-Dateien_Feb2017,GR.txt,.txt,text,109828,2017-02-24
ERLEDIGT/Textexport-Dateien_Feb2017,GRA.txt,.txt,text,9745,2017-02-24
ERLEDIGT/Textexport-Dateien_Feb2017,GRG.txt,.txt,text,175729,2017-02-24
ERLEDIGT/Textexport-Dateien_Feb2017,GS.txt,.txt,text,3809,2017-02-24
ERLEDIGT/Textexport-Dateien_Feb2017,GSL.txt,.txt,text,8452,2017-02-24
ERLEDIGT/Textexport-Dateien_Feb2017,GSM.txt,.txt,text,1692,2017-02-24
ERLEDIGT/Textexport-Dateien_Feb2017,GSP.txt,.txt,text,43552,2017-02-24
ERLEDIGT/Textexport-Dateien_Feb2017,GUW.txt,.txt,text,4562,2017-02-24
ERLEDIGT/Textexport-Dateien_Feb2017,GVD.txt,.txt,text,1966,2017-02-24
ERLEDIGT/Textexport-Dateien_Feb2017,GVE.txt,.txt,text,2199,2017-02-24
ERLEDIGT/Textexport-Dateien_Feb2017,GVH.txt,.txt,text,2356,2017-02-24
ERLEDIGT/Textexport-Dateien_Feb2017,GVN.txt,.txt,text,58094,2017-02-24
ERLEDIGT/Textexport-Dateien_Feb2017,GVS.txt,.txt,text,1029,2017-02-24
ERLEDIGT/Textexport-Dateien_Feb2017,GVV.txt,.txt,text,10327,2017-02-24
ERLEDIGT/Textexport-Dateien_Feb2017,GZM.txt,.txt,text,716,2017-02-24
ERLEDIGT/Textexport-Dateien_Feb2017,GZS.txt,.txt,text,1598,2017-02-24
ERLEDIGT/Textexport-Dateien_Feb2017,HAF.txt,.txt,text,3187,2017-02-24
ERLEDIGT/Textexport-Dateien_Feb2017,HAL.txt,.txt,text,409,2017-02-24
ERLEDIGT/Textexport-Dateien_Feb2017,HAW.txt,.txt,text,5636,2017-02-24
ERLEDIGT/Textexport-Dateien_Feb2017,HBR.txt,.txt,text,54988,2017-02-24
ERLEDIGT/Textexport-Dateien_Feb2017,HDM.txt,.txt,text,2695,2017-02-24
ERLEDIGT/Textexport-Dateien_Feb2017,HEI.txt,.txt,text,55678,2017-02-24
ERLEDIGT/Textexport-Dateien_Feb2017,HEO.txt,.txt,text,6006,2017-02-24
ERLEDIGT/Textexport-Dateien_Feb2017,HH.txt,.txt,text,4252,2017-02-24
ERLEDIGT/Textexport-Dateien_Feb2017,HHP.txt,.txt,text,2708,2017-02-24
ERLEDIGT/Textexport-Dateien_Feb2017,HHW.txt,.txt,text,6162,2017-02-24
ERLEDIGT/Textexport-Dateien_Feb2017,HIN.txt,.txt,text,35746,2017-02-24
ERLEDIGT/Textexport-Dateien_Feb2017,HIS.txt,.txt,text,3292,2017-02-24
ERLEDIGT/Textexport-Dateien_Feb2017,HK.txt,.txt,text,22425,2017-02-24
ERLEDIGT/Textexport-Dateien_Feb2017,HMT.txt,.txt,text,86152,2017-02-24
ERLEDIGT/Textexport-Dateien_Feb2017,HMU.txt,.txt,text,481,2017-02-24
ERLEDIGT/Textexport-Dateien_Feb2017,HNI.txt,.txt,text,8817,2017-02-24
ERLEDIGT/Textexport-Dateien_Feb2017,HOF.txt,.txt,text,4722,2017-02-24
ERLEDIGT/Textexport-Dateien_Feb2017,HOR.txt,.txt,text,1714,2017-02-24
ERLEDIGT/Textexport-Dateien_Feb2017,HPF.txt,.txt,text,1907,2017-02-24
ERLEDIGT/Textexport-Dateien_Feb2017,HSB.txt,.txt,text,1619,2017-02-24
ERLEDIGT/Textexport-Dateien_Feb2017,HSL.txt,.txt,text,15299,2017-02-24
ERLEDIGT/Textexport-Dateien_Feb2017,HST.txt,.txt,text,2370,2017-02-24
ERLEDIGT/Textexport-Dateien_Feb2017,HTR.txt,.txt,text,840981,2017-02-24
ERLEDIGT/Textexport-Dateien_Feb2017,HUB1.txt,.txt,text,23289,2017-02-24
ERLEDIGT/Textexport-Dateien_Feb2017,HUB2.txt,.txt,text,15529,2017-02-24
ERLEDIGT/Textexport-Dateien_Feb2017,HUB3.txt,.txt,text,29364,2017-02-24
ERLEDIGT/Textexport-Dateien_Feb2017,HUG.txt,.txt,text,162143,2017-02-24
ERLEDIGT/Textexport-Dateien_Feb2017,HUJ.txt,.txt,text,2828,2017-02-24
ERLEDIGT/Textexport-Dateien_Feb2017,HUL.txt,.txt,text,49901,2017-02-24
ERLEDIGT/Textexport-Dateien_Feb2017,HVM.txt,.txt,text,4614,2017-02-24
ERLEDIGT/Textexport-Dateien_Feb2017,HVS.txt,.txt,text,13504,2017-02-24
ERLEDIGT/Textexport-Dateien_Feb2017,HVW.txt,.txt,text,4305,2017-02-24
ERLEDIGT/Textexport-Dateien_Feb2017,HWI.txt,.txt,text,2299,2017-02-24
ERLEDIGT/Textexport-Dateien_Feb2017,HZ.txt,.txt,text,16640,2017-02-24
ERLEDIGT/Textexport-Dateien_Feb2017,HZO.txt,.txt,text,5964,2017-02-24
ERLEDIGT/Textexport-Dateien_Feb2017,HZU.txt,.txt,text,75013,2017-02-24
ERLEDIGT/Textexport-Dateien_Feb2017,HZU2.txt,.txt,text,678039,2017-02-24
ERLEDIGT/Textexport-Dateien_Feb2017,IW.txt,.txt,text,231368,2017-02-24
ERLEDIGT/Textexport-Dateien_Feb2017,JEW.txt,.txt,text,880651,2017-02-24
ERLEDIGT/Textexport-Dateien_Feb2017,JKN.txt,.txt,text,3610,2017-02-24
ERLEDIGT/Textexport-Dateien_Feb2017,JSG.txt,.txt,text,77159,2017-02-24
ERLEDIGT/Textexport-Dateien_Feb2017,JT.txt,.txt,text,1430902,2017-02-24
ERLEDIGT/Textexport-Dateien_Feb2017,JUA.txt,.txt,text,3709,2017-02-24
ERLEDIGT/Textexport-Dateien_Feb2017,JUD.txt,.txt,text,55384,2017-02-24
ERLEDIGT/Textexport-Dateien_Feb2017,JUK.txt,.txt,text,15108,2017-02-24
ERLEDIGT/Textexport-Dateien_Feb2017,JUN.txt,.txt,text,40079,2017-02-24
ERLEDIGT/Textexport-Dateien_Feb2017,KAA.txt,.txt,text,4060,2017-02-24
ERLEDIGT/Textexport-Dateien_Feb2017,KAF.txt,.txt,text,5450,2017-02-24
ERLEDIGT/Textexport-Dateien_Feb2017,KAK.txt,.txt,text,4349,2017-02-24
ERLEDIGT/Textexport-Dateien_Feb2017,KAN.txt,.txt,text,38964,2017-02-24
ERLEDIGT/Textexport-Dateien_Feb2017,KAR.txt,.txt,text,348739,2017-02-24
ERLEDIGT/Textexport-Dateien_Feb2017,KAT.txt,.txt,text,787,2017-02-24
ERLEDIGT/Textexport-Dateien_Feb2017,KBL3.txt,.txt,text,14170,2017-02-24
ERLEDIGT/Textexport-Dateien_Feb2017,KBL4.txt,.txt,text,31557,2017-02-24
ERLEDIGT/Textexport-Dateien_Feb2017,KC1.txt,.txt,text,23792,2017-02-24
ERLEDIGT/Textexport-Dateien_Feb2017,KC2.txt,.txt,text,14163,2017-02-24
ERLEDIGT/Textexport-Dateien_Feb2017,KCJ.txt,.txt,text,1390,2017-02-24
ERLEDIGT/Textexport-Dateien_Feb2017,KCR.txt,.txt,text,511376,2017-02-24
ERLEDIGT/Textexport-Dateien_Feb2017,KDO.txt,.txt,text,11459,2017-02-24
ERLEDIGT/Textexport-Dateien_Feb2017,KFB.txt,.txt,text,18386,2017-02-24
ERLEDIGT/Textexport-Dateien_Feb2017,KIH.txt,.txt,text,2421,2017-02-24
ERLEDIGT/Textexport-Dateien_Feb2017,KIR.txt,.txt,text,2710,2017-02-24
ERLEDIGT/Textexport-Dateien_Feb2017,KIT.txt,.txt,text,2332,2017-02-24
ERLEDIGT/Textexport-Dateien_Feb2017,KK.txt,.txt,text,7182,2017-02-24
ERLEDIGT/Textexport-Dateien_Feb2017,KLA.txt,.txt,text,121853,2017-02-24
ERLEDIGT/Textexport-Dateien_Feb2017,KME.txt,.txt,text,42122,2017-02-24
ERLEDIGT/Textexport-Dateien_Feb2017,KMO.txt,.txt,text,4077,2017-02-24
ERLEDIGT/Textexport-Dateien_Feb2017,KMR.txt,.txt,text,4183,2017-02-24
ERLEDIGT/Textexport-Dateien_Feb2017,KOC.txt,.txt,text,5080,2017-02-24
ERLEDIGT/Textexport-Dateien_Feb2017,KOL.txt,.txt,text,1595,2017-02-24
ERLEDIGT/Textexport-Dateien_Feb2017,KRA.txt,.txt,text,5651,2017-02-24
ERLEDIGT/Textexport-Dateien_Feb2017,KRM.txt,.txt,text,5658,2017-02-24
ERLEDIGT/Textexport-Dateien_Feb2017,KSA1.txt,.txt,text,17567,2017-02-24
ERLEDIGT/Textexport-Dateien_Feb2017,KU.txt,.txt,text,424075,2017-02-24
ERLEDIGT/Textexport-Dateien_Feb2017,KVH.txt,.txt,text,6070,2017-02-24
ERLEDIGT/Textexport-Dateien_Feb2017,KVL.txt,.txt,text,5798,2017-02-24
ERLEDIGT/Textexport-Dateien_Feb2017,KVM.txt,.txt,text,91040,2017-02-24
ERLEDIGT/Textexport-Dateien_Feb2017,KWL.txt,.txt,text,60792,2017-02-24
ERLEDIGT/Textexport-Dateien_Feb2017,LAU.txt,.txt,text,55362,2017-02-24
ERLEDIGT/Textexport-Dateien_Feb2017,lemmaListOutputMWB.zip,.zip,archiv,1386035,2017-02-24
ERLEDIGT/Textexport-Dateien_Feb2017,lemmaListOutputTrier.zip,.zip,archiv,1096542,2017-02-24
ERLEDIGT/Textexport-Dateien_Feb2017,LGR.txt,.txt,text,326448,2017-02-24
ERLEDIGT/Textexport-Dateien_Feb2017,LUM.txt,.txt,text,1504,2017-02-24
ERLEDIGT/Textexport-Dateien_Feb2017,LUU.txt,.txt,text,93158,2017-02-24
ERLEDIGT/Textexport-Dateien_Feb2017,LVS.txt,.txt,text,5926,2017-02-24
ERLEDIGT/Textexport-Dateien_Feb2017,LZ.txt,.txt,text,265276,2017-02-24
ERLEDIGT/Textexport-Dateien_Feb2017,LZT.txt,.txt,text,278210,2017-02-24
ERLEDIGT/Textexport-Dateien_Feb2017,MAG.txt,.txt,text,1087,2017-02-24
ERLEDIGT/Textexport-Dateien_Feb2017,MAI.txt,.txt,text,360854,2017-02-24
ERLEDIGT/Textexport-Dateien_Feb2017,MAJ.txt,.txt,text,13569,2017-02-24
ERLEDIGT/Textexport-Dateien_Feb2017,MAL.txt,.txt,text,4448,2017-02-24
ERLEDIGT/Textexport-Dateien_Feb2017,MAR.txt,.txt,text,6198,2017-02-24
ERLEDIGT/Textexport-Dateien_Feb2017,MBH.txt,.txt,text,5392,2017-02-24
ERLEDIGT/Textexport-Dateien_Feb2017,MBR.txt,.txt,text,963,2017-02-24
ERLEDIGT/Textexport-Dateien_Feb2017,MBS.txt,.txt,text,2225,2017-02-24
ERLEDIGT/Textexport-Dateien_Feb2017,MBS1.txt,.txt,text,1388,2017-02-24
ERLEDIGT/Textexport-Dateien_Feb2017,MBS2.txt,.txt,text,16962,2017-02-24
ERLEDIGT/Textexport-Dateien_Feb2017,MBS5.txt,.txt,text,8105,2017-02-24
ERLEDIGT/Textexport-Dateien_Feb2017,MBS7.txt,.txt,text,1345,2017-02-24
ERLEDIGT/Textexport-Dateien_Feb2017,MDE.txt,.txt,text,11476,2017-02-24
ERLEDIGT/Textexport-Dateien_Feb2017,MEA.txt,.txt,text,898,2017-02-24
ERLEDIGT/Textexport-Dateien_Feb2017,MedievalPlantsOutput.xml,.xml,text,123275,2017-02-24
ERLEDIGT/Textexport-Dateien_Feb2017,MEL.txt,.txt,text,373284,2017-02-24
ERLEDIGT/Textexport-Dateien_Feb2017,MFH.txt,.txt,text,17314,2017-02-24
ERLEDIGT/Textexport-Dateien_Feb2017,MFR.txt,.txt,text,17593,2017-02-24
ERLEDIGT/Textexport-Dateien_Feb2017,MGS.txt,.txt,text,3015,2017-02-24
ERLEDIGT/Textexport-Dateien_Feb2017,MHA.txt,.txt,text,19179,2017-02-24
ERLEDIGT/Textexport-Dateien_Feb2017,MHG.txt,.txt,text,5917,2017-02-24
ERLEDIGT/Textexport-Dateien_Feb2017,MHM.txt,.txt,text,34442,2017-02-24
ERLEDIGT/Textexport-Dateien_Feb2017,MHR.txt,.txt,text,19749,2017-02-24
ERLEDIGT/Textexport-Dateien_Feb2017,MHT.txt,.txt,text,2125,2017-02-24
ERLEDIGT/Textexport-Dateien_Feb2017,MHV.txt,.txt,text,15418,2017-02-24
ERLEDIGT/Textexport-Dateien_Feb2017,MIK.txt,.txt,text,2378,2017-02-24
ERLEDIGT/Textexport-Dateien_Feb2017,MIT.txt,.txt,text,2402,2017-02-24
ERLEDIGT/Textexport-Dateien_Feb2017,MKB.txt,.txt,text,2996,2017-02-24
ERLEDIGT/Textexport-Dateien_Feb2017,MKD.txt,.txt,text,5747,2017-02-24
ERLEDIGT/Textexport-Dateien_Feb2017,MKH.txt,.txt,text,2183,2017-02-24
ERLEDIGT/Textexport-Dateien_Feb2017,MKN.txt,.txt,text,6338,2017-02-24
ERLEDIGT/Textexport-Dateien_Feb2017,MLB.txt,.txt,text,10665,2017-02-24
ERLEDIGT/Textexport-Dateien_Feb2017,MML.txt,.txt,text,84199,2017-02-24
ERLEDIGT/Textexport-Dateien_Feb2017,MMS.txt,.txt,text,4603,2017-02-24
ERLEDIGT/Textexport-Dateien_Feb2017,MNA.txt,.txt,text,35583,2017-02-24
ERLEDIGT/Textexport-Dateien_Feb2017,MNB.txt,.txt,text,166813,2017-02-24
ERLEDIGT/Textexport-Dateien_Feb2017,MNL.txt,.txt,text,2858,2017-02-24
ERLEDIGT/Textexport-Dateien_Feb2017,MRA.txt,.txt,text,83124,2017-02-24
ERLEDIGT/Textexport-Dateien_Feb2017,MRB.txt,.txt,text,1919,2017-02-24
ERLEDIGT/Textexport-Dateien_Feb2017,MRF.txt,.txt,text,8500,2017-02-24
ERLEDIGT/Textexport-Dateien_Feb2017,MRL.txt,.txt,text,13937,2017-02-24
ERLEDIGT/Textexport-Dateien_Feb2017,MRM.txt,.txt,text,1696,2017-02-24
ERLEDIGT/Textexport-Dateien_Feb2017,MRO.txt,.txt,text,12592,2017-02-24
ERLEDIGT/Textexport-Dateien_Feb2017,MRR.txt,.txt,text,7614,2017-02-24
ERLEDIGT/Textexport-Dateien_Feb2017,MRS.txt,.txt,text,74473,2017-02-24
ERLEDIGT/Textexport-Dateien_Feb2017,MSB1.txt,.txt,text,4352,2017-02-24
ERLEDIGT/Textexport-Dateien_Feb2017,MSG.txt,.txt,text,130528,2017-02-24
ERLEDIGT/Textexport-Dateien_Feb2017,MSP.txt,.txt,text,24879,2017-02-24
ERLEDIGT/Textexport-Dateien_Feb2017,MSV.txt,.txt,text,8616,2017-02-24
ERLEDIGT/Textexport-Dateien_Feb2017,MSW.txt,.txt,text,71812,2017-02-24
ERLEDIGT/Textexport-Dateien_Feb2017,MUF.txt,.txt,text,3516,2017-02-24
ERLEDIGT/Textexport-Dateien_Feb2017,MUG.txt,.txt,text,12927,2017-02-24
ERLEDIGT/Textexport-Dateien_Feb2017,MUL.txt,.txt,text,1746,2017-02-24
ERLEDIGT/Textexport-Dateien_Feb2017,MUN.txt,.txt,text,2569,2017-02-24
ERLEDIGT/Textexport-Dateien_Feb2017,MVH.txt,.txt,text,4738,2017-02-24
ERLEDIGT/Textexport-Dateien_Feb2017,MVL.txt,.txt,text,12833,2017-02-24
ERLEDIGT/Textexport-Dateien_Feb2017,MWE.txt,.txt,text,10544,2017-02-24
ERLEDIGT/Textexport-Dateien_Feb2017,MZR.txt,.txt,text,2555,2017-02-24
ERLEDIGT/Textexport-Dateien_Feb2017,NAR.txt,.txt,text,247281,2017-02-24
ERLEDIGT/Textexport-Dateien_Feb2017,NBB.txt,.txt,text,431206,2017-02-24
ERLEDIGT/Textexport-Dateien_Feb2017,NBU.txt,.txt,text,55187,2017-02-24
ERLEDIGT/Textexport-Dateien_Feb2017,NEI.txt,.txt,text,342835,2017-02-24
ERLEDIGT/Textexport-Dateien_Feb2017,NEIC.txt,.txt,text,355598,2017-02-24
ERLEDIGT/Textexport-Dateien_Feb2017,NEIM.txt,.txt,text,54504,2017-02-24
ERLEDIGT/Textexport-Dateien_Feb2017,NEIR.txt,.txt,text,112360,2017-02-24
ERLEDIGT/Textexport-Dateien_Feb2017,NIU.txt,.txt,text,1813,2017-02-24
ERLEDIGT/Textexport-Dateien_Feb2017,NLA.txt,.txt,text,416004,2017-02-24
ERLEDIGT/Textexport-Dateien_Feb2017,NLB.txt,.txt,text,543662,2017-02-24
ERLEDIGT/Textexport-Dateien_Feb2017,NLC.txt,.txt,text,507221,2017-02-24
ERLEDIGT/Textexport-Dateien_Feb2017,NML.txt,.txt,text,44658,2017-02-24
ERLEDIGT/Textexport-Dateien_Feb2017,NST.txt,.txt,text,3004,2017-02-24
ERLEDIGT/Textexport-Dateien_Feb2017,NT.txt,.txt,text,32932,2017-02-24
ERLEDIGT/Textexport-Dateien_Feb2017,OBP.txt,.txt,text,4267,2017-02-24
ERLEDIGT/Textexport-Dateien_Feb2017,ORT.txt,.txt,text,123375,2017-02-24
ERLEDIGT/Textexport-Dateien_Feb2017,OSW.txt,.txt,text,114173,2017-02-24
ERLEDIGT/Textexport-Dateien_Feb2017,OUM.txt,.txt,text,1566,2017-02-24
ERLEDIGT/Textexport-Dateien_Feb2017,OVB.txt,.txt,text,11715,2017-02-24
ERLEDIGT/Textexport-Dateien_Feb2017,OVG.txt,.txt,text,2564395,2017-02-24
ERLEDIGT/Textexport-Dateien_Feb2017,OVW.txt,.txt,text,264059,2017-02-24
ERLEDIGT/Textexport-Dateien_Feb2017,PAS.txt,.txt,text,872,2017-02-24
ERLEDIGT/Textexport-Dateien_Feb2017,PBL.txt,.txt,text,668,2017-02-24
ERLEDIGT/Textexport-Dateien_Feb2017,PFD.txt,.txt,text,1318,2017-02-24
ERLEDIGT/Textexport-Dateien_Feb2017,PFL.txt,.txt,text,3343,2017-02-24
ERLEDIGT/Textexport-Dateien_Feb2017,PIK.txt,.txt,text,3310,2017-02-24
ERLEDIGT/Textexport-Dateien_Feb2017,PKP.txt,.txt,text,664472,2017-02-24
ERLEDIGT/Textexport-Dateien_Feb2017,PL1.txt,.txt,text,1810963,2017-02-24
ERLEDIGT/Textexport-Dateien_Feb2017,PL2.txt,.txt,text,1636535,2017-02-24
ERLEDIGT/Textexport-Dateien_Feb2017,PL3.txt,.txt,text,1050996,2017-02-24
ERLEDIGT/Textexport-Dateien_Feb2017,PMS.txt,.txt,text,6219,2017-02-24
ERLEDIGT/Textexport-Dateien_Feb2017,PRJ.txt,.txt,text,37548,2017-02-24
ERLEDIGT/Textexport-Dateien_Feb2017,PRL.txt,.txt,text,20206,2017-02-24
ERLEDIGT/Textexport-Dateien_Feb2017,PRT.txt,.txt,text,621929,2017-02-24
ERLEDIGT/Textexport-Dateien_Feb2017,PT.txt,.txt,text,62633,2017-02-24
ERLEDIGT/Textexport-Dateien_Feb2017,PUC.txt,.txt,text,447883,2017-02-24
ERLEDIGT/Textexport-Dateien_Feb2017,PUL.txt,.txt,text,4344,2017-02-24
ERLEDIGT/Textexport-Dateien_Feb2017,PUT.txt,.txt,text,14208,2017-02-24
ERLEDIGT/Textexport-Dateien_Feb2017,PZ.txt,.txt,text,756911,2017-02-24
ERLEDIGT/Textexport-Dateien_Feb2017,PZM.txt,.txt,text,1997,2017-02-24
ERLEDIGT/Textexport-Dateien_Feb2017,RAB.txt,.txt,text,198070,2017-02-24
ERLEDIGT/Textexport-Dateien_Feb2017,RBE.txt,.txt,text,12079,2017-02-24
ERLEDIGT/Textexport-Dateien_Feb2017,RCC.txt,.txt,text,212557,2017-02-24
ERLEDIGT/Textexport-Dateien_Feb2017,RDJ.txt,.txt,text,508,2017-02-24
ERLEDIGT/Textexport-Dateien_Feb2017,RDL.txt,.txt,text,15534,2017-02-24
ERLEDIGT/Textexport-Dateien_Feb2017,RDS.txt,.txt,text,3826,2017-02-24
ERLEDIGT/Textexport-Dateien_Feb2017,RDV.txt,.txt,text,4038,2017-02-24
ERLEDIGT/Textexport-Dateien_Feb2017,REF.txt,.txt,text,2743,2017-02-24
ERLEDIGT/Textexport-Dateien_Feb2017,REG.txt,.txt,text,863,2017-02-24
ERLEDIGT/Textexport-Dateien_Feb2017,REN.txt,.txt,text,1031111,2017-02-24
ERLEDIGT/Textexport-Dateien_Feb2017,RF.txt,.txt,text,67014,2017-02-24
ERLEDIGT/Textexport-Dateien_Feb2017,RGD.txt,.txt,text,2669,2017-02-24
ERLEDIGT/Textexport-Dateien_Feb2017,RHB.txt,.txt,text,14098,2017-02-24
ERLEDIGT/Textexport-Dateien_Feb2017,RLS.txt,.txt,text,66979,2017-02-24
ERLEDIGT/Textexport-Dateien_Feb2017,ROA.txt,.txt,text,83473,2017-02-24
ERLEDIGT/Textexport-Dateien_Feb2017,ROD.txt,.txt,text,130001,2017-02-24
ERLEDIGT/Textexport-Dateien_Feb2017,ROL.txt,.txt,text,244664,2017-02-24
ERLEDIGT/Textexport-Dateien_Feb2017,ROT.txt,.txt,text,138449,2017-02-24
ERLEDIGT/Textexport-Dateien_Feb2017,RPF.txt,.txt,text,1930,2017-02-24
ERLEDIGT/Textexport-Dateien_Feb2017,RSP.txt,.txt,text,128123,2017-02-24
ERLEDIGT/Textexport-Dateien_Feb2017,RST.txt,.txt,text,1127,2017-02-24
ERLEDIGT/Textexport-Dateien_Feb2017,RUB.txt,.txt,text,24465,2017-02-24
ERLEDIGT/Textexport-Dateien_Feb2017,RUD.txt,.txt,text,37603,2017-02-24
ERLEDIGT/Textexport-Dateien_Feb2017,RUR.txt,.txt,text,347,2017-02-24
ERLEDIGT/Textexport-Dateien_Feb2017,RUT.txt,.txt,text,6521,2017-02-24
ERLEDIGT/Textexport-Dateien_Feb2017,RUZ.txt,.txt,text,11896,2017-02-24
ERLEDIGT/Textexport-Dateien_Feb2017,RVB.txt,.txt,text,12386,2017-02-24
ERLEDIGT/Textexport-Dateien_Feb2017,RVBR.txt,.txt,text,766108,2017-02-24
ERLEDIGT/Textexport-Dateien_Feb2017,RVR.txt,.txt,text,40127,2017-02-24
ERLEDIGT/Textexport-Dateien_Feb2017,RVS.txt,.txt,text,35938,2017-02-24
ERLEDIGT/Textexport-Dateien_Feb2017,SA.txt,.txt,text,2844,2017-02-24
ERLEDIGT/Textexport-Dateien_Feb2017,SAL.txt,.txt,text,132294,2017-02-24
ERLEDIGT/Textexport-Dateien_Feb2017,SAT.txt,.txt,text,7528,2017-02-24
ERLEDIGT/Textexport-Dateien_Feb2017,SAX.txt,.txt,text,264712,2017-02-24
ERLEDIGT/Textexport-Dateien_Feb2017,SBE.txt,.txt,text,7562,2017-02-24
ERLEDIGT/Textexport-Dateien_Feb2017,SBF.txt,.txt,text,1591,2017-02-24
ERLEDIGT/Textexport-Dateien_Feb2017,SBK.txt,.txt,text,3321,2017-02-24
ERLEDIGT/Textexport-Dateien_Feb2017,SBV.txt,.txt,text,2229,2017-02-24
ERLEDIGT/Textexport-Dateien_Feb2017,SDG.txt,.txt,text,15477,2017-02-24
ERLEDIGT/Textexport-Dateien_Feb2017,SDT.txt,.txt,text,5403,2017-02-24
ERLEDIGT/Textexport-Dateien_Feb2017,SDW.txt,.txt,text,6945,2017-02-24
ERLEDIGT/Textexport-Dateien_Feb2017,SES.txt,.txt,text,7504,2017-02-24
ERLEDIGT/Textexport-Dateien_Feb2017,SEV.txt,.txt,text,6973,2017-02-24
ERLEDIGT/Textexport-Dateien_Feb2017,SFE.txt,.txt,text,53987,2017-02-24
ERLEDIGT/Textexport-Dateien_Feb2017,SFL.txt,.txt,text,149102,2017-02-24
ERLEDIGT/Textexport-Dateien_Feb2017,SG.txt,.txt,text,2332,2017-02-24
ERLEDIGT/Textexport-Dateien_Feb2017,SGE.txt,.txt,text,15213,2017-02-24
ERLEDIGT/Textexport-Dateien_Feb2017,SGO.txt,.txt,text,11360,2017-02-24
ERLEDIGT/Textexport-Dateien_Feb2017,SHF.txt,.txt,text,4006,2017-02-24
ERLEDIGT/Textexport-Dateien_Feb2017,SHG.txt,.txt,text,3403,2017-02-24
ERLEDIGT/Textexport-Dateien_Feb2017,SHI.txt,.txt,text,6087,2017-02-24
ERLEDIGT/Textexport-Dateien_Feb2017,SHR.txt,.txt,text,1418,2017-02-24
ERLEDIGT/Textexport-Dateien_Feb2017,SHS.txt,.txt,text,10301,2017-02-24
ERLEDIGT/Textexport-Dateien_Feb2017,SHT.txt,.txt,text,1839,2017-02-24
ERLEDIGT/Textexport-Dateien_Feb2017,SIG.txt,.txt,text,16817,2017-02-24
ERLEDIGT/Textexport-Dateien_Feb2017,SJH.txt,.txt,text,73319,2017-02-24
ERLEDIGT/Textexport-Dateien_Feb2017,SJR.txt,.txt,text,10209,2017-02-24
ERLEDIGT/Textexport-Dateien_Feb2017,SJT.txt,.txt,text,6173,2017-02-24
ERLEDIGT/Textexport-Dateien_Feb2017,SJW.txt,.txt,text,7813,2017-02-24
ERLEDIGT/Textexport-Dateien_Feb2017,SKA.txt,.txt,text,2631,2017-02-24
ERLEDIGT/Textexport-Dateien_Feb2017,SKB.txt,.txt,text,2368,2017-02-24
ERLEDIGT/Textexport-Dateien_Feb2017,SKK.txt,.txt,text,10283,2017-02-24
ERLEDIGT/Textexport-Dateien_Feb2017,SKL.txt,.txt,text,33414,2017-02-24
ERLEDIGT/Textexport-Dateien_Feb2017,SKO.txt,.txt,text,3050,2017-02-24
ERLEDIGT/Textexport-Dateien_Feb2017,SKT.txt,.txt,text,7711,2017-02-24
ERLEDIGT/Textexport-Dateien_Feb2017,SL.txt,.txt,text,148375,2017-02-24
ERLEDIGT/Textexport-Dateien_Feb2017,SLG.txt,.txt,text,35178,2017-02-24
ERLEDIGT/Textexport-Dateien_Feb2017,SMB.txt,.txt,text,2259,2017-02-24
ERLEDIGT/Textexport-Dateien_Feb2017,SMT.txt,.txt,text,16228,2017-02-24
ERLEDIGT/Textexport-Dateien_Feb2017,SNR.txt,.txt,text,2973,2017-02-24
ERLEDIGT/Textexport-Dateien_Feb2017,SOG.txt,.txt,text,3125,2017-02-24
ERLEDIGT/Textexport-Dateien_Feb2017,SOT.txt,.txt,text,8211,2017-02-24
ERLEDIGT/Textexport-Dateien_Feb2017,SP.txt,.txt,text,1297,2017-02-24
ERLEDIGT/Textexport-Dateien_Feb2017,SPI.txt,.txt,text,3572,2017-02-24
ERLEDIGT/Textexport-Dateien_Feb2017,SPW.txt,.txt,text,10665,2017-02-24
ERLEDIGT/Textexport-Dateien_Feb2017,SRK.txt,.txt,text,7961,2017-02-24
ERLEDIGT/Textexport-Dateien_Feb2017,SSP.txt,.txt,text,2393,2017-02-24
ERLEDIGT/Textexport-Dateien_Feb2017,SST.txt,.txt,text,2841,2017-02-24
ERLEDIGT/Textexport-Dateien_Feb2017,ST.txt,.txt,text,5532,2017-02-24
ERLEDIGT/Textexport-Dateien_Feb2017,STA.txt,.txt,text,3427,2017-02-24
ERLEDIGT/Textexport-Dateien_Feb2017,STE.txt,.txt,text,16763,2017-02-24
ERLEDIGT/Textexport-Dateien_Feb2017,STH.txt,.txt,text,6547,2017-02-24
ERLEDIGT/Textexport-Dateien_Feb2017,STP.txt,.txt,text,3314,2017-02-24
ERLEDIGT/Textexport-Dateien_Feb2017,SUB.txt,.txt,text,8857,2017-02-24
ERLEDIGT/Textexport-Dateien_Feb2017,SUB1.txt,.txt,text,34984,2017-02-24
ERLEDIGT/Textexport-Dateien_Feb2017,SUE.txt,.txt,text,2689,2017-02-24
ERLEDIGT/Textexport-Dateien_Feb2017,SUM.txt,.txt,text,12564,2017-02-24
ERLEDIGT/Textexport-Dateien_Feb2017,SUS.txt,.txt,text,48933,2017-02-24
ERLEDIGT/Textexport-Dateien_Feb2017,SUW.txt,.txt,text,10881,2017-02-24
ERLEDIGT/Textexport-Dateien_Feb2017,SVE.txt,.txt,text,7892,2017-02-24
ERLEDIGT/Textexport-Dateien_Feb2017,SVL.txt,.txt,text,6751,2017-02-24
ERLEDIGT/Textexport-Dateien_Feb2017,SVP.txt,.txt,text,19454,2017-02-24
ERLEDIGT/Textexport-Dateien_Feb2017,SVW.txt,.txt,text,5880,2017-02-24
ERLEDIGT/Textexport-Dateien_Feb2017,SW.txt,.txt,text,41578,2017-02-24
ERLEDIGT/Textexport-Dateien_Feb2017,SWH.txt,.txt,text,5228,2017-02-24
ERLEDIGT/Textexport-Dateien_Feb2017,SWI.txt,.txt,text,10908,2017-02-24
ERLEDIGT/Textexport-Dateien_Feb2017,SWK.txt,.txt,text,7663,2017-02-24
ERLEDIGT/Textexport-Dateien_Feb2017,SWT.txt,.txt,text,4756,2017-02-24
ERLEDIGT/Textexport-Dateien_Feb2017,SZK.txt,.txt,text,6129,2017-02-24
ERLEDIGT/Textexport-Dateien_Feb2017,TA.txt,.txt,text,42374,2017-02-24
ERLEDIGT/Textexport-Dateien_Feb2017,TAK.txt,.txt,text,6258,2017-02-24
ERLEDIGT/Textexport-Dateien_Feb2017,TAN.txt,.txt,text,528798,2017-02-24
ERLEDIGT/Textexport-Dateien_Feb2017,TAU.txt,.txt,text,2419,2017-02-24
ERLEDIGT/Textexport-Dateien_Feb2017,TDS.txt,.txt,text,4448,2017-02-24
ERLEDIGT/Textexport-Dateien_Feb2017,TEA.txt,.txt,text,7078,2017-02-24
ERLEDIGT/Textexport-Dateien_Feb2017,THE.txt,.txt,text,8494,2017-02-24
ERLEDIGT/Textexport-Dateien_Feb2017,TIN.txt,.txt,text,4100,2017-02-24
ERLEDIGT/Textexport-Dateien_Feb2017,TIT.txt,.txt,text,39204,2017-02-24
ERLEDIGT/Textexport-Dateien_Feb2017,TKA.txt,.txt,text,15617,2017-02-24
ERLEDIGT/Textexport-Dateien_Feb2017,TKR.txt,.txt,text,221703,2017-02-24
ERLEDIGT/Textexport-Dateien_Feb2017,TPF.txt,.txt,text,9633,2017-02-24
ERLEDIGT/Textexport-Dateien_Feb2017,TR.txt,.txt,text,546307,2017-02-24
ERLEDIGT/Textexport-Dateien_Feb2017,TRH.txt,.txt,text,202205,2017-02-24
ERLEDIGT/Textexport-Dateien_Feb2017,TRM.txt,.txt,text,75837,2017-02-24
ERLEDIGT/Textexport-Dateien_Feb2017,TRO.txt,.txt,text,1431926,2017-02-24
ERLEDIGT/Textexport-Dateien_Feb2017,TRS.txt,.txt,text,2659,2017-02-24
ERLEDIGT/Textexport-Dateien_Feb2017,TRU.txt,.txt,text,109747,2017-02-24
ERLEDIGT/Textexport-Dateien_Feb2017,TRY.txt,.txt,text,445397,2017-02-24
ERLEDIGT/Textexport-Dateien_Feb2017,TSM.txt,.txt,text,14436,2017-02-24
ERLEDIGT/Textexport-Dateien_Feb2017,TSU.txt,.txt,text,5461,2017-02-24
ERLEDIGT/Textexport-Dateien_Feb2017,TSY.txt,.txt,text,126782,2017-02-24
ERLEDIGT/Textexport-Dateien_Feb2017,TUF.txt,.txt,text,1515,2017-02-24
ERLEDIGT/Textexport-Dateien_Feb2017,TUH.txt,.txt,text,4999,2017-02-24
ERLEDIGT/Textexport-Dateien_Feb2017,TUN.txt,.txt,text,69198,2017-02-24
ERLEDIGT/Textexport-Dateien_Feb2017,TUS.txt,.txt,text,11308,2017-02-24
ERLEDIGT/Textexport-Dateien_Feb2017,UDG.txt,.txt,text,2425,2017-02-24
ERLEDIGT/Textexport-Dateien_Feb2017,UKN.txt,.txt,text,1864,2017-02-24
ERLEDIGT/Textexport-Dateien_Feb2017,URS.txt,.txt,text,62309,2017-02-24
ERLEDIGT/Textexport-Dateien_Feb2017,UVL.txt,.txt,text,77947,2017-02-24
ERLEDIGT/Textexport-Dateien_Feb2017,UVW.txt,.txt,text,56998,2017-02-24
ERLEDIGT/Textexport-Dateien_Feb2017,UWL.txt,.txt,text,25151,2017-02-24
ERLEDIGT/Textexport-Dateien_Feb2017,VAT.txt,.txt,text,4081,2017-02-24
ERLEDIGT/Textexport-Dateien_Feb2017,VBF.txt,.txt,text,26210,2017-02-24
ERLEDIGT/Textexport-Dateien_Feb2017,VCH.txt,.txt,text,2139,2017-02-24
ERLEDIGT/Textexport-Dateien_Feb2017,VCW.txt,.txt,text,746,2017-02-24
ERLEDIGT/Textexport-Dateien_Feb2017,VDB.txt,.txt,text,1704,2017-02-24
ERLEDIGT/Textexport-Dateien_Feb2017,VDF.txt,.txt,text,2646,2017-02-24
ERLEDIGT/Textexport-Dateien_Feb2017,VDH.txt,.txt,text,5706,2017-02-24
ERLEDIGT/Textexport-Dateien_Feb2017,VDK.txt,.txt,text,6412,2017-02-24
ERLEDIGT/Textexport-Dateien_Feb2017,VDM.txt,.txt,text,8991,2017-02-24
ERLEDIGT/Textexport-Dateien_Feb2017,VEG.txt,.txt,text,240,2017-02-24
ERLEDIGT/Textexport-Dateien_Feb2017,VER.txt,.txt,text,20546,2017-02-24
ERLEDIGT/Textexport-Dateien_Feb2017,VES.txt,.txt,text,6534,2017-02-24
ERLEDIGT/Textexport-Dateien_Feb2017,VEV.txt,.txt,text,8596,2017-02-24
ERLEDIGT/Textexport-Dateien_Feb2017,VFA.txt,.txt,text,3708,2017-02-24
ERLEDIGT/Textexport-Dateien_Feb2017,VGM.txt,.txt,text,2842,2017-02-24
ERLEDIGT/Textexport-Dateien_Feb2017,VHG.txt,.txt,text,26186,2017-02-24
ERLEDIGT/Textexport-Dateien_Feb2017,VIR.txt,.txt,text,427843,2017-02-24
ERLEDIGT/Textexport-Dateien_Feb2017,VJT.txt,.txt,text,21995,2017-02-24
ERLEDIGT/Textexport-Dateien_Feb2017,VOB.txt,.txt,text,6034,2017-02-24
ERLEDIGT/Textexport-Dateien_Feb2017,VOR.txt,.txt,text,537,2017-02-24
ERLEDIGT/Textexport-Dateien_Feb2017,VSA.txt,.txt,text,6188,2017-02-24
ERLEDIGT/Textexport-Dateien_Feb2017,VSB.txt,.txt,text,2434,2017-02-24
ERLEDIGT/Textexport-Dateien_Feb2017,VSN.txt,.txt,text,8307,2017-02-24
ERLEDIGT/Textexport-Dateien_Feb2017,VSP.txt,.txt,text,14648,2017-02-24
ERLEDIGT/Textexport-Dateien_Feb2017,VST.txt,.txt,text,2110,2017-02-24
ERLEDIGT/Textexport-Dateien_Feb2017,VSU.txt,.txt,text,2213,2017-02-24
ERLEDIGT/Textexport-Dateien_Feb2017,VTC.txt,.txt,text,83684,2017-02-24
ERLEDIGT/Textexport-Dateien_Feb2017,VTO.txt,.txt,text,3940,2017-02-24
ERLEDIGT/Textexport-Dateien_Feb2017,VUA.txt,.txt,text,44243,2017-02-24
ERLEDIGT/Textexport-Dateien_Feb2017,VUB.txt,.txt,text,808,2017-02-24
ERLEDIGT/Textexport-Dateien_Feb2017,VUS.txt,.txt,text,859,2017-02-24
ERLEDIGT/Textexport-Dateien_Feb2017,VWI.txt,.txt,text,2862,2017-02-24
ERLEDIGT/Textexport-Dateien_Feb2017,WAF.txt,.txt,text,3138,2017-02-24
ERLEDIGT/Textexport-Dateien_Feb2017,WAS.txt,.txt,text,1493,2017-02-24
ERLEDIGT/Textexport-Dateien_Feb2017,WBI.txt,.txt,text,2690,2017-02-24
ERLEDIGT/Textexport-Dateien_Feb2017,WDD.txt,.txt,text,125955,2017-02-24
ERLEDIGT/Textexport-Dateien_Feb2017,WEI.txt,.txt,text,4544,2017-02-24
ERLEDIGT/Textexport-Dateien_Feb2017,WEL.txt,.txt,text,10351,2017-02-24
ERLEDIGT/Textexport-Dateien_Feb2017,WGA.txt,.txt,text,451811,2017-02-24
ERLEDIGT/Textexport-Dateien_Feb2017,WGI.txt,.txt,text,33439,2017-02-24
ERLEDIGT/Textexport-Dateien_Feb2017,WGL.txt,.txt,text,339059,2017-02-24
ERLEDIGT/Textexport-Dateien_Feb2017,WGM.txt,.txt,text,168935,2017-02-24
ERLEDIGT/Textexport-Dateien_Feb2017,WGS.txt,.txt,text,8001,2017-02-24
ERLEDIGT/Textexport-Dateien_Feb2017,WH.txt,.txt,text,404691,2017-02-24
ERLEDIGT/Textexport-Dateien_Feb2017,WIR.txt,.txt,text,3701,2017-02-24
ERLEDIGT/Textexport-Dateien_Feb2017,WL.txt,.txt,text,7820,2017-02-24
ERLEDIGT/Textexport-Dateien_Feb2017,WLB.txt,.txt,text,36559,2017-02-24
ERLEDIGT/Textexport-Dateien_Feb2017,WLE.txt,.txt,text,5297,2017-02-24
ERLEDIGT/Textexport-Dateien_Feb2017,WME.txt,.txt,text,11420,2017-02-24
ERLEDIGT/Textexport-Dateien_Feb2017,WND.txt,.txt,text,45319,2017-02-24
ERLEDIGT/Textexport-Dateien_Feb2017,WRB.txt,.txt,text,312048,2017-02-24
ERLEDIGT/Textexport-Dateien_Feb2017,WRW.txt,.txt,text,313460,2017-02-24
ERLEDIGT/Textexport-Dateien_Feb2017,WSA.txt,.txt,text,6241,2017-02-24
ERLEDIGT/Textexport-Dateien_Feb2017,WST.txt,.txt,text,5013,2017-02-24
ERLEDIGT/Textexport-Dateien_Feb2017,WUB.txt,.txt,text,1968,2017-02-24
ERLEDIGT/Textexport-Dateien_Feb2017,WUC.txt,.txt,text,5837,2017-02-24
ERLEDIGT/Textexport-Dateien_Feb2017,WUG.txt,.txt,text,1557,2017-02-24
ERLEDIGT/Textexport-Dateien_Feb2017,WUH.txt,.txt,text,3008,2017-02-24
ERLEDIGT/Textexport-Dateien_Feb2017,WUS.txt,.txt,text,5056,2017-02-24
ERLEDIGT/Textexport-Dateien_Feb2017,WVB.txt,.txt,text,4550,2017-02-24
ERLEDIGT/Textexport-Dateien_Feb2017,WVE.txt,.txt,text,37718,2017-02-24
ERLEDIGT/Textexport-Dateien_Feb2017,WVG.txt,.txt,text,1908,2017-02-24
ERLEDIGT/Textexport-Dateien_Feb2017,WVH.txt,.txt,text,3029,2017-02-24
ERLEDIGT/Textexport-Dateien_Feb2017,WVK.txt,.txt,text,5847,2017-02-24
ERLEDIGT/Textexport-Dateien_Feb2017,WVM.txt,.txt,text,2987,2017-02-24
ERLEDIGT/Textexport-Dateien_Feb2017,WVO.txt,.txt,text,526736,2017-02-24
ERLEDIGT/Textexport-Dateien_Feb2017,WVP.txt,.txt,text,8749,2017-02-24
ERLEDIGT/Textexport-Dateien_Feb2017,WVV.txt,.txt,text,167367,2017-02-24
ERLEDIGT/Textexport-Dateien_Feb2017,WVW.txt,.txt,text,246772,2017-02-24
ERLEDIGT/Textexport-Dateien_Feb2017,ZWB.txt,.txt,text,2965,2017-02-24
ERLEDIGT/Textexport-Dateien_Feb2017,ZWH.txt,.txt,text,3124,2017-02-24
ERLEDIGT/Textexport-Dateien_Feb2017,ZWR.txt,.txt,text,742,2017-02-24
ERLEDIGT/Tundalus,RITT0.TXT,.txt,text,5995,1998-12-28
ERLEDIGT/Tundalus,RITT1.TXT,.txt,text,79944,1998-12-28
ERLEDIGT/Tundalus,TUN1.doc,.doc,text,143360,2013-06-03
ERLEDIGT/Tundalus,Tundalus.htm,.htm,text,226473,2013-01-08
ERLEDIGT/Tundalus,Tundalus.txt,.txt,text,74075,2006-11-08
ERLEDIGT/Tundalus/Tundalus_files,colorschememapping.xml,.xml,text,314,2013-01-08
ERLEDIGT/Tundalus/Tundalus_files,filelist.xml,.xml,text,210,2013-01-08
FnhdC,FnhdC.ORIG.7z,.7z,text,2340044,2017-08-10
FnhdC/FnhdC.ORIG,111.orig,.orig,text,385510,2008-06-18
FnhdC/FnhdC.ORIG,113.orig,.orig,text,370935,2008-06-18
FnhdC/FnhdC.ORIG,115.orig,.orig,text,408441,2008-06-18
FnhdC/FnhdC.ORIG,117.orig,.orig,text,223861,2008-06-18
FnhdC/FnhdC.ORIG,121.orig,.orig,text,465274,2008-06-18
FnhdC/FnhdC.ORIG,123.orig,.orig,text,478951,2008-06-18
FnhdC/FnhdC.ORIG,125.orig,.orig,text,338892,2008-06-18
FnhdC/FnhdC.ORIG,127.orig,.orig,text,443927,2008-06-18
FnhdC/FnhdC.ORIG,131.orig,.orig,text,305642,2008-06-18
FnhdC/FnhdC.ORIG,133.orig,.orig,text,366214,2008-06-18
FnhdC/FnhdC.ORIG,135.orig,.orig,text,384801,2008-06-18
FnhdC/FnhdC.ORIG,137.orig,.orig,text,376519,2008-06-18
FnhdC/FnhdC.ORIG,141.orig,.orig,text,367274,2008-06-18
FnhdC/FnhdC.ORIG,143.orig,.orig,text,379198,2008-06-18
FnhdC/FnhdC.ORIG,145.orig,.orig,text,284305,2008-06-18
FnhdC/FnhdC.ORIG,147.orig,.orig,text,406086,2008-06-18
FnhdC/FnhdC.ORIG,151.orig,.orig,text,241079,2008-06-18
FnhdC/FnhdC.ORIG,153.orig,.orig,text,337149,2008-06-18
FnhdC/FnhdC.ORIG,155.orig,.orig,text,388680,2008-06-18
FnhdC/FnhdC.ORIG,157.orig,.orig,text,454640,2008-06-18
FnhdC/FnhdC.ORIG,211.orig,.orig,text,162707,2008-06-18
FnhdC/FnhdC.ORIG,213.orig,.orig,text,274547,2008-06-18
FnhdC/FnhdC.ORIG,215.orig,.orig,text,377144,2008-06-18
FnhdC/FnhdC.ORIG,217.orig,.orig,text,362954,2008-06-18
FnhdC/FnhdC.ORIG,221.orig,.orig,text,413524,2008-06-18
FnhdC/FnhdC.ORIG,223.orig,.orig,text,379098,2008-06-18
FnhdC/FnhdC.ORIG,225.orig,.orig,text,396418,2008-06-18
FnhdC/FnhdC.ORIG,227.orig,.orig,text,503860,2008-06-18
FnhdC/FnhdC.ORIG,231.orig,.orig,text,345113,2008-06-18
FnhdC/FnhdC.ORIG,233.orig,.orig,text,528616,2008-06-18
FnhdC/FnhdC.ORIG,235.orig,.orig,text,354764,2008-06-18
FnhdC/FnhdC.ORIG,237.orig,.orig,text,398148,2008-06-18
FnhdC/FnhdC.ORIG,241.orig,.orig,text,410105,2008-06-18
FnhdC/FnhdC.ORIG,243.orig,.orig,text,460991,2008-06-18
FnhdC/FnhdC.ORIG,245.orig,.orig,text,371974,2008-06-18
FnhdC/FnhdC.ORIG,247.orig,.orig,text,363766,2008-06-18
FnhdC/FnhdC.ORIG,251.orig,.orig,text,238281,2008-06-18
FnhdC/FnhdC.ORIG,253.orig,.orig,text,328105,2008-06-18
FnhdC/FnhdC.ORIG,255.orig,.orig,text,361199,2008-06-18
FnhdC/FnhdC.ORIG,257.orig,.orig,text,444906,2008-06-18
FnhdC/FnhdC.ORIG,bibliographie,,text,30324,2008-06-18
FnhdC/FnhdC.ORIG,README,,text,1933,2008-07-16
FnhdC/FnhdC.XML,111.xml,.xml,text,2317401,2016-05-27
FnhdC/FnhdC.XML,113.xml,.xml,text,2314449,2016-05-27
FnhdC/FnhdC.XML,115.xml,.xml,text,2366482,2016-05-27
FnhdC/FnhdC.XML,117.xml,.xml,text,1182574,2016-05-28
FnhdC/FnhdC.XML,121.xml,.xml,text,2979268,2016-05-27
FnhdC/FnhdC.XML,123.xml,.xml,text,2903535,2016-05-27
FnhdC/FnhdC.XML,125.xml,.xml,text,1921354,2016-05-27
FnhdC/FnhdC.XML,127.xml,.xml,text,2585774,2016-05-27
FnhdC/FnhdC.XML,131.xml,.xml,text,1764408,2016-05-27
FnhdC/FnhdC.XML,133.xml,.xml,text,2127272,2016-05-27
FnhdC/FnhdC.XML,135.xml,.xml,text,2172686,2016-05-27
FnhdC/FnhdC.XML,137.xml,.xml,text,2120783,2016-05-27
FnhdC/FnhdC.XML,141.xml,.xml,text,2331779,2016-05-27
FnhdC/FnhdC.XML,143.xml,.xml,text,2181093,2016-05-27
FnhdC/FnhdC.XML,145.xml,.xml,text,1577334,2016-05-27
FnhdC/FnhdC.XML,147.xml,.xml,text,2219888,2016-05-27
FnhdC/FnhdC.XML,151.xml,.xml,text,1506505,2016-05-27
FnhdC/FnhdC.XML,153.xml,.xml,text,1978966,2016-05-27
FnhdC/FnhdC.XML,155.xml,.xml,text,2192251,2016-05-27
FnhdC/FnhdC.XML,157.xml,.xml,text,2589314,2016-05-27
FnhdC/FnhdC.XML,211.xml,.xml,text,992619,2016-05-27
FnhdC/FnhdC.XML,213.xml,.xml,text,1714825,2016-05-27
FnhdC/FnhdC.XML,215.xml,.xml,text,2131903,2016-05-27
FnhdC/FnhdC.XML,217.xml,.xml,text,1931657,2016-05-27
FnhdC/FnhdC.XML,221.xml,.xml,text,2602060,2016-05-27
FnhdC/FnhdC.XML,223.xml,.xml,text,2129307,2016-05-27
FnhdC/FnhdC.XML,225.xml,.xml,text,2312910,2016-05-27
FnhdC/FnhdC.XML,227.xml,.xml,text,2682504,2016-05-27
FnhdC/FnhdC.XML,231.xml,.xml,text,2087795,2016-05-27
FnhdC/FnhdC.XML,233.xml,.xml,text,3123735,2016-05-27
FnhdC/FnhdC.XML,235.xml,.xml,text,2060412,2016-05-27
FnhdC/FnhdC.XML,237.xml,.xml,text,2357618,2016-05-27
FnhdC/FnhdC.XML,241.xml,.xml,text,2493617,2016-05-27
FnhdC/FnhdC.XML,243.xml,.xml,text,2604993,2016-05-27
FnhdC/FnhdC.XML,245.xml,.xml,text,2227437,2016-05-27
FnhdC/FnhdC.XML,247.xml,.xml,text,1966106,2016-05-27
FnhdC/FnhdC.XML,251.xml,.xml,text,1429401,2016-05-27
FnhdC/FnhdC.XML,253.xml,.xml,text,2087250,2016-05-27
FnhdC/FnhdC.XML,255.xml,.xml,text,2169155,2016-05-27
FnhdC/FnhdC.XML,257.xml,.xml,text,2304844,2016-05-27
FnhdC/FnhdC.XML,biblio.dtd,.dtd,text,1786,2016-05-14
FnhdC/FnhdC.XML,biblio.readme,.readme,text,2315,2016-05-14
FnhdC/FnhdC.XML,biblio.xml,.xml,text,39798,2016-05-28
FnhdC/FnhdC.XML,ChangeLog,,text,898,2016-05-28
FnhdC/FnhdC.XML,ChangeLog~,,text,778,2016-05-27
FnhdC/FnhdC.XML,Fnhd.dtd,.dtd,text,11751,2016-05-27
FnhdC/FnhdC.XML,quellenverzeichnis.dtd,.dtd,text,2035,2016-05-14
FnhdC/FnhdC.XML,quellenverzeichnis.readme,.readme,text,2356,2016-05-14
FnhdC/FnhdC.XML,quellenverzeichnis.xml,.xml,text,39810,2016-05-28
FnhdC/FnhdC.XML,README,,text,1599,2016-05-14
Neue Texte (zu bearbeiten),Anna von Koeln Liederb.doc,.doc,text,4065280,2013-03-08
Neue Texte (zu bearbeiten),Apokalypse.txt,.txt,text,1565849,2013-02-26
Neue Texte (zu bearbeiten),Boner_Fabeln_AUSWAHL.doc,.doc,text,117760,2006-05-29
Neue Texte (zu bearbeiten),Carmina Burana.doc,.doc,text,78848,2006-11-15
Neue Texte (zu bearbeiten),Der Nonne von Engelthal Büchlein von der genaden uberlast .docx,.docx,text,70074,2014-01-24
Neue Texte (zu bearbeiten),Die Appellation des Hans von Tratt.docx,.docx,text,18864,2014-01-27
Neue Texte (zu bearbeiten),Ehebuechlein (Eyb) - Marina - EDITION GLONING.docx,.docx,text,26880,2014-01-24
Neue Texte (zu bearbeiten),Ehebuechlein (Eyb) - Sigismunda und Gwiscardus - EDITION GLONING.docx,.docx,text,24580,2014-01-24
Neue Texte (zu bearbeiten),Ersetzungen.doc,.doc,text,47616,2011-11-14
Neue Texte (zu bearbeiten),Fehler im Renner.doc,.doc,text,36864,2004-11-12
Neue Texte (zu bearbeiten),Heinr v Mügeln Der Tum.rtf,.rtf,text,60942,2011-11-10
Neue Texte (zu bearbeiten),Katharinenlegende.pdf,.pdf,pdf,95107,2008-05-20
Neue Texte (zu bearbeiten),Katharinenspiel.pdf,.pdf,pdf,142947,2008-05-20
Neue Texte (zu bearbeiten),Lyrik-Corpus Info.doc,.doc,text,40448,2013-10-14
Neue Texte (zu bearbeiten),Matthäus  Roriczer.doc,.doc,text,757248,2013-01-22
Neue Texte (zu bearbeiten),neidhart-1.doc,.doc,text,736256,2009-02-04
Neue Texte (zu bearbeiten),Niclas von Wyle Transzlation Vorrede.docx,.docx,text,22718,2014-01-27
Neue Texte (zu bearbeiten),Niclas von Wyle Transzlation.docx,.docx,text,30709,2014-01-27
Neue Texte (zu bearbeiten),SagmeisterNibelungenHSk.doc,.doc,text,2140160,2012-05-15
Neue Texte (zu bearbeiten),SagmeisterNibelungenHSk.docx,.docx,text,299289,2012-05-15
Neue Texte (zu bearbeiten),Sprague Johanniterhandschrift A94.doc,.doc,text,1234944,2010-12-23
Neue Texte (zu bearbeiten),test-apk.html,.html,text,1565858,2013-10-30
Neue Texte (zu bearbeiten),test-apk.txt,.txt,text,1565858,2013-10-30
Neue Texte (zu bearbeiten),test-apk2.txt,.txt,text,1565873,2013-10-30
Neue Texte (zu bearbeiten),Todo-Liste_9-2013.doc,.doc,text,136704,2013-10-14
Neue Texte (zu bearbeiten),Ulrich Ellenbog Von den gifftigen Besen Temmpffen.docx,.docx,text,19912,2014-01-27
Neue Texte (zu bearbeiten),WaltherAnhang.txt,.txt,text,2,2004-05-27
Neue Texte (zu bearbeiten),WaltherAnhangOhneCodes.rtf,.rtf,text,82468,2003-11-13
Neue Texte (zu bearbeiten),Witzlaff von Rügen.doc,.doc,text,106496,2006-12-29
Neue Texte (zu bearbeiten)/Boppe,Anmerkungen zu Spruchdichter Boppe.doc,.doc,text,21504,2010-09-15
Neue Texte (zu bearbeiten)/Boppe/Boppe Bilder,Boppe0001.tif,.tif,scan,255080,2010-08-24
Neue Texte (zu bearbeiten)/Boppe/Boppe Bilder,Boppe0002.tif,.tif,scan,226186,2010-08-24
Neue Texte (zu bearbeiten)/Boppe/Boppe Bilder,Boppe0003.tif,.tif,scan,226140,2010-08-24
Neue Texte (zu bearbeiten)/Boppe/Boppe Bilder,Boppe0004.tif,.tif,scan,238476,2010-08-24
Neue Texte (zu bearbeiten)/Boppe/Boppe Bilder,Boppe0005.tif,.tif,scan,230462,2010-08-24
Neue Texte (zu bearbeiten)/Boppe/Boppe Bilder,Boppe0006.tif,.tif,scan,238284,2010-08-24
Neue Texte (zu bearbeiten)/Boppe/Boppe Bilder,Boppe0007.tif,.tif,scan,242318,2010-08-24
Neue Texte (zu bearbeiten)/Boppe/Boppe Bilder,Boppe0008.tif,.tif,scan,208524,2010-08-24
Neue Texte (zu bearbeiten)/Boppe/Boppe Bilder,Boppe0009.tif,.tif,scan,207604,2010-08-24
Neue Texte (zu bearbeiten)/Boppe/Boppe Bilder,Boppe0010.tif,.tif,scan,245824,2010-08-24
Neue Texte (zu bearbeiten)/Boppe/Boppe Bilder,Boppe0011.tif,.tif,scan,276260,2010-08-24
Neue Texte (zu bearbeiten)/Boppe/Boppe Bilder,Boppe0012.tif,.tif,scan,243146,2010-08-24
Neue Texte (zu bearbeiten)/Boppe/Boppe Bilder,Boppe0013.tif,.tif,scan,247310,2010-08-24
Neue Texte (zu bearbeiten)/Boppe/Boppe Bilder,Boppe0014.tif,.tif,scan,239454,2010-08-24
Neue Texte (zu bearbeiten)/Boppe/Boppe Bilder,Boppe0015.tif,.tif,scan,238800,2010-08-24
Neue Texte (zu bearbeiten)/Boppe/Boppe Bilder,Boppe0016.tif,.tif,scan,233112,2010-08-24
Neue Texte (zu bearbeiten)/Boppe/Boppe Bilder,Boppe0017.tif,.tif,scan,223034,2010-08-24
Neue Texte (zu bearbeiten)/Boppe/Boppe Bilder,Boppe0018.tif,.tif,scan,251260,2010-08-24
Neue Texte (zu bearbeiten)/Boppe/Boppe Bilder,Boppe0019.tif,.tif,scan,227308,2010-08-24
Neue Texte (zu bearbeiten)/Boppe/Boppe Bilder,Boppe0020.tif,.tif,scan,228034,2010-08-24
Neue Texte (zu bearbeiten)/Boppe/Boppe Bilder,Boppe0021.tif,.tif,scan,217014,2010-08-24
Neue Texte (zu bearbeiten)/Boppe/Boppe Bilder,Boppe0022.tif,.tif,scan,243804,2010-08-24
Neue Texte (zu bearbeiten)/Boppe/Boppe Bilder,Boppe0023.tif,.tif,scan,212916,2010-08-24
Neue Texte (zu bearbeiten)/Boppe/Boppe Bilder,Boppe0024.tif,.tif,scan,204774,2010-08-24
Neue Texte (zu bearbeiten)/Boppe/Boppe Bilder,Boppe0025.tif,.tif,scan,235422,2010-08-24
Neue Texte (zu bearbeiten)/Boppe/Boppe Bilder,Boppe0026.tif,.tif,scan,223894,2010-08-24
Neue Texte (zu bearbeiten)/Boppe/Boppe Bilder,Boppe0027.tif,.tif,scan,199270,2010-08-24
Neue Texte (zu bearbeiten)/Boppe/Boppe Bilder,Boppe0028.tif,.tif,scan,222240,2010-08-24
Neue Texte (zu bearbeiten)/Boppe/Boppe Bilder,Boppe0029.tif,.tif,scan,220850,2010-08-24
Neue Texte (zu bearbeiten)/Boppe/Boppe Bilder,Boppe0030.tif,.tif,scan,263206,2010-08-24
Neue Texte (zu bearbeiten)/Boppe/Boppe Bilder,Boppe0031.tif,.tif,scan,238068,2010-08-24
Neue Texte (zu bearbeiten)/Boppe/Boppe Bilder,Boppe0032.tif,.tif,scan,234570,2010-08-24
Neue Texte (zu bearbeiten)/Boppe/Boppe Bilder,Boppe0033.tif,.tif,scan,220536,2010-08-24
Neue Texte (zu bearbeiten)/Boppe/Boppe Bilder,Boppe0034.tif,.tif,scan,237890,2010-08-24
Neue Texte (zu bearbeiten)/Boppe/Boppe Bilder,Boppe0035.tif,.tif,scan,201786,2010-08-24
Neue Texte (zu bearbeiten)/Boppe/Boppe Bilder,Boppe0036.tif,.tif,scan,196554,2010-08-24
Neue Texte (zu bearbeiten)/Boppe/Boppe Bilder,Boppe0037.tif,.tif,scan,201576,2010-08-24
Neue Texte (zu bearbeiten)/Boppe/Boppe Bilder,Boppe0038.tif,.tif,scan,190750,2010-08-24
Neue Texte (zu bearbeiten)/Boppe/Boppe Bilder,Boppe0039.tif,.tif,scan,193908,2010-08-24
Neue Texte (zu bearbeiten)/Boppe/Boppe Bilder,Boppe0040.tif,.tif,scan,199014,2010-08-24
Neue Texte (zu bearbeiten)/Boppe/Boppe Bilder,Boppe0041.tif,.tif,scan,199102,2010-08-24
Neue Texte (zu bearbeiten)/Boppe/Boppe Bilder,Boppe0042.tif,.tif,scan,199754,2010-08-24
Neue Texte (zu bearbeiten)/Boppe/Boppe Bilder,Boppe0043.tif,.tif,scan,200770,2010-08-24
Neue Texte (zu bearbeiten)/Boppe/Boppe Bilder,Boppe0044.tif,.tif,scan,208922,2010-08-24
Neue Texte (zu bearbeiten)/Boppe/Boppe Bilder,Boppe0045.tif,.tif,scan,194862,2010-08-24
Neue Texte (zu bearbeiten)/Boppe/Boppe Rich Text Format,Boppe .rtf,.rtf,text,260961,2010-09-07
Neue Texte (zu bearbeiten)/Bruder Wernher,Bruder Wernher.rtf,.rtf,text,166489,2012-04-03
Neue Texte (zu bearbeiten)/Bruder Wernher,Bruder Wernher0001.tif,.tif,scan,112342,2012-03-26
Neue Texte (zu bearbeiten)/Bruder Wernher,Bruder Wernher0002.tif,.tif,scan,229748,2012-03-26
Neue Texte (zu bearbeiten)/Bruder Wernher,Bruder Wernher0003.tif,.tif,scan,184400,2012-03-26
Neue Texte (zu bearbeiten)/Bruder Wernher,Bruder Wernher0004.tif,.tif,scan,222074,2012-03-26
Neue Texte (zu bearbeiten)/Bruder Wernher,Bruder Wernher0005.tif,.tif,scan,234746,2012-03-26
Neue Texte (zu bearbeiten)/Bruder Wernher,Bruder Wernher0006.tif,.tif,scan,228722,2012-03-26
Neue Texte (zu bearbeiten)/Bruder Wernher,Bruder Wernher0007.tif,.tif,scan,192148,2012-03-26
Neue Texte (zu bearbeiten)/Bruder Wernher,Bruder Wernher0008.tif,.tif,scan,201942,2012-03-26
Neue Texte (zu bearbeiten)/Bruder Wernher,Bruder Wernher0009.tif,.tif,scan,208020,2012-03-26
Neue Texte (zu bearbeiten)/Bruder Wernher,Bruder Wernher0010.tif,.tif,scan,251434,2012-03-26
Neue Texte (zu bearbeiten)/Bruder Wernher,Bruder Wernher0011.tif,.tif,scan,246208,2012-03-26
Neue Texte (zu bearbeiten)/Bruder Wernher,Bruder Wernher0012.tif,.tif,scan,246080,2012-03-26
Neue Texte (zu bearbeiten)/Bruder Wernher,Bruder Wernher0013.tif,.tif,scan,250798,2012-03-26
Neue Texte (zu bearbeiten)/Bruder Wernher,Bruder Wernher0014.tif,.tif,scan,259314,2012-03-26
Neue Texte (zu bearbeiten)/Bruder Wernher,Bruder Wernher0015.tif,.tif,scan,254806,2012-03-26
Neue Texte (zu bearbeiten)/Bruder Wernher,Bruder Wernher0016.tif,.tif,scan,205624,2012-03-26
Neue Texte (zu bearbeiten)/Bruder Wernher,Bruder Wernher0017.tif,.tif,scan,172016,2012-03-26
Neue Texte (zu bearbeiten)/Bruder Wernher,Bruder Wernher0018.tif,.tif,scan,214592,2012-03-26
Neue Texte (zu bearbeiten)/Bruder Wernher,Bruder Wernher0019.tif,.tif,scan,169140,2012-03-26
Neue Texte (zu bearbeiten)/Bruder Wernher,Bruder Wernher0020.tif,.tif,scan,170334,2012-03-26
Neue Texte (zu bearbeiten)/Bruder Wernher,Bruder Wernher0021.tif,.tif,scan,215450,2012-03-26
Neue Texte (zu bearbeiten)/Bruder Wernher,Bruder Wernher0022.tif,.tif,scan,230882,2012-03-26
Neue Texte (zu bearbeiten)/Bruder Wernher,Bruder Wernher0023.tif,.tif,scan,190620,2012-03-26
Neue Texte (zu bearbeiten)/Bruder Wernher,Bruder Wernher0024.tif,.tif,scan,201966,2012-03-26
Neue Texte (zu bearbeiten)/Bruder Wernher,Bruder Wernher0025.tif,.tif,scan,227672,2012-03-26
Neue Texte (zu bearbeiten)/Bruder Wernher,Bruder Wernher0026.tif,.tif,scan,172140,2012-03-26
Neue Texte (zu bearbeiten)/Bruder Wernher,Bruder Wernher0027.tif,.tif,scan,235170,2012-03-26
Neue Texte (zu bearbeiten)/Bruder Wernher,Bruder Wernher0028.tif,.tif,scan,131548,2012-03-26
Neue Texte (zu bearbeiten)/Bruder Wernher,Bruder Wernher0029.tif,.tif,scan,202992,2012-03-26
Neue Texte (zu bearbeiten)/Bruder Wernher,Bruder Wernher0030.tif,.tif,scan,159076,2012-03-26
Neue Texte (zu bearbeiten)/Bruder Wernher,Bruder Wernher0031.tif,.tif,scan,205130,2012-03-26
Neue Texte (zu bearbeiten)/Bruder Wernher,Bruder Wernher0032.tif,.tif,scan,191606,2012-03-26
Neue Texte (zu bearbeiten)/Bruder Wernher,Bruder Wernher0033.tif,.tif,scan,227812,2012-03-26
Neue Texte (zu bearbeiten)/Bruder Wernher,Bruder Wernher0034.tif,.tif,scan,135290,2012-03-26
Neue Texte (zu bearbeiten)/Der Wartburgstreit,Der Wartburgstreit.rtf,.rtf,text,269065,2011-09-08
Neue Texte (zu bearbeiten)/Der Wartburgstreit,Der Wartburgstreit0001.tif,.tif,scan,62944,2011-08-10
Neue Texte (zu bearbeiten)/Der Wartburgstreit,Der Wartburgstreit0002.tif,.tif,scan,192656,2011-08-10
Neue Texte (zu bearbeiten)/Der Wartburgstreit,Der Wartburgstreit0003.tif,.tif,scan,160162,2011-08-10
Neue Texte (zu bearbeiten)/Der Wartburgstreit,Der Wartburgstreit0004.tif,.tif,scan,155120,2011-08-10
Neue Texte (zu bearbeiten)/Der Wartburgstreit,Der Wartburgstreit0005.tif,.tif,scan,177632,2011-08-10
Neue Texte (zu bearbeiten)/Der Wartburgstreit,Der Wartburgstreit0006.tif,.tif,scan,171260,2011-08-10
Neue Texte (zu bearbeiten)/Der Wartburgstreit,Der Wartburgstreit0007.tif,.tif,scan,180710,2011-08-10
Neue Texte (zu bearbeiten)/Der Wartburgstreit,Der Wartburgstreit0008.tif,.tif,scan,165674,2011-08-10
Neue Texte (zu bearbeiten)/Der Wartburgstreit,Der Wartburgstreit0009.tif,.tif,scan,184768,2011-08-10
Neue Texte (zu bearbeiten)/Der Wartburgstreit,Der Wartburgstreit0010.tif,.tif,scan,160438,2011-08-10
Neue Texte (zu bearbeiten)/Der Wartburgstreit,Der Wartburgstreit0011.tif,.tif,scan,174264,2011-08-10
Neue Texte (zu bearbeiten)/Der Wartburgstreit,Der Wartburgstreit0012.tif,.tif,scan,150830,2011-08-10
Neue Texte (zu bearbeiten)/Der Wartburgstreit,Der Wartburgstreit0013.tif,.tif,scan,160154,2011-08-10
Neue Texte (zu bearbeiten)/Der Wartburgstreit,Der Wartburgstreit0014.tif,.tif,scan,115778,2011-08-10
Neue Texte (zu bearbeiten)/Der Wartburgstreit,Der Wartburgstreit0015.tif,.tif,scan,172590,2011-08-10
Neue Texte (zu bearbeiten)/Der Wartburgstreit,Der Wartburgstreit0016.tif,.tif,scan,119498,2011-08-10
Neue Texte (zu bearbeiten)/Der Wartburgstreit,Der Wartburgstreit0017.tif,.tif,scan,191822,2011-08-10
Neue Texte (zu bearbeiten)/Der Wartburgstreit,Der Wartburgstreit0018.tif,.tif,scan,173934,2011-08-10
Neue Texte (zu bearbeiten)/Der Wartburgstreit,Der Wartburgstreit0019.tif,.tif,scan,172308,2011-08-10
Neue Texte (zu bearbeiten)/Der Wartburgstreit,Der Wartburgstreit0020.tif,.tif,scan,134172,2011-08-10
Neue Texte (zu bearbeiten)/Der Wartburgstreit,Der Wartburgstreit0021.tif,.tif,scan,143202,2011-08-10
Neue Texte (zu bearbeiten)/Der Wartburgstreit,Der Wartburgstreit0022.tif,.tif,scan,157018,2011-08-10
Neue Texte (zu bearbeiten)/Der Wartburgstreit,Der Wartburgstreit0023.tif,.tif,scan,136460,2011-08-10
Neue Texte (zu bearbeiten)/Der Wartburgstreit,Der Wartburgstreit0024.tif,.tif,scan,125728,2011-08-10
Neue Texte (zu bearbeiten)/Der Wartburgstreit,Der Wartburgstreit0025.tif,.tif,scan,172992,2011-08-10
Neue Texte (zu bearbeiten)/Der Wartburgstreit,Der Wartburgstreit0026.tif,.tif,scan,220602,2011-08-10
Neue Texte (zu bearbeiten)/Der Wartburgstreit,Der Wartburgstreit0027.tif,.tif,scan,231952,2011-08-10
Neue Texte (zu bearbeiten)/Der Wartburgstreit,Der Wartburgstreit0028.tif,.tif,scan,225028,2011-08-10
Neue Texte (zu bearbeiten)/Der Wartburgstreit,Der Wartburgstreit0029.tif,.tif,scan,230296,2011-08-10
Neue Texte (zu bearbeiten)/Der Wartburgstreit,Der Wartburgstreit0030.tif,.tif,scan,176104,2011-08-10
Neue Texte (zu bearbeiten)/Der Wartburgstreit,Der Wartburgstreit0031.tif,.tif,scan,207184,2011-08-10
Neue Texte (zu bearbeiten)/Der Wartburgstreit,Der Wartburgstreit0032.tif,.tif,scan,194176,2011-08-10
Neue Texte (zu bearbeiten)/Der Wartburgstreit,Der Wartburgstreit0033.tif,.tif,scan,197696,2011-08-10
Neue Texte (zu bearbeiten)/Der Wartburgstreit,Der Wartburgstreit0034.tif,.tif,scan,183528,2011-08-10
Neue Texte (zu bearbeiten)/Der Wartburgstreit,Der Wartburgstreit0035.tif,.tif,scan,159658,2011-08-10
Neue Texte (zu bearbeiten)/Der Wartburgstreit,Der Wartburgstreit0036.tif,.tif,scan,186562,2011-08-10
Neue Texte (zu bearbeiten)/Der Wartburgstreit,Der Wartburgstreit0037.tif,.tif,scan,207564,2011-08-10
Neue Texte (zu bearbeiten)/Der Wartburgstreit,Der Wartburgstreit0038.tif,.tif,scan,173436,2011-08-10
Neue Texte (zu bearbeiten)/Der Wartburgstreit,Der Wartburgstreit0039.tif,.tif,scan,178892,2011-08-10
Neue Texte (zu bearbeiten)/Der Wartburgstreit,Der Wartburgstreit0040.tif,.tif,scan,128800,2011-08-10
Neue Texte (zu bearbeiten)/Der Wartburgstreit,Der Wartburgstreit0041.tif,.tif,scan,160418,2011-08-10
Neue Texte (zu bearbeiten)/Der Wartburgstreit,Der Wartburgstreit0042.tif,.tif,scan,164390,2011-08-10
Neue Texte (zu bearbeiten)/Der Wartburgstreit,Der Wartburgstreit0043.tif,.tif,scan,91624,2011-08-10
Neue Texte (zu bearbeiten)/Der Wartburgstreit,Der Wartburgstreit0044.tif,.tif,scan,116582,2011-08-10
Neue Texte (zu bearbeiten)/Der Wartburgstreit,Der Wartburgstreit0045.tif,.tif,scan,131710,2011-08-10
Neue Texte (zu bearbeiten)/Der Wartburgstreit,Der Wartburgstreit0046.tif,.tif,scan,147450,2011-08-10
Neue Texte (zu bearbeiten)/Der Wartburgstreit,Der Wartburgstreit0047.tif,.tif,scan,143424,2011-08-10
Neue Texte (zu bearbeiten)/Der Wartburgstreit,Der Wartburgstreit0048.tif,.tif,scan,105048,2011-08-10
Neue Texte (zu bearbeiten)/Der Wartburgstreit,Der Wartburgstreit0049.tif,.tif,scan,116058,2011-08-10
Neue Texte (zu bearbeiten)/Der Wartburgstreit,Der Wartburgstreit0050.tif,.tif,scan,133354,2011-08-10
Neue Texte (zu bearbeiten)/Der Wartburgstreit,Der Wartburgstreit0051.tif,.tif,scan,97988,2011-08-10
Neue Texte (zu bearbeiten)/Der Wartburgstreit,Der Wartburgstreit0052.tif,.tif,scan,99966,2011-08-10
Neue Texte (zu bearbeiten)/Der Wartburgstreit,Der Wartburgstreit0053.tif,.tif,scan,138716,2011-08-10
Neue Texte (zu bearbeiten)/Der Wartburgstreit,Der Wartburgstreit0054.tif,.tif,scan,137734,2011-08-10
Neue Texte (zu bearbeiten)/Der Wartburgstreit,Der Wartburgstreit0055.tif,.tif,scan,140830,2011-08-10
Neue Texte (zu bearbeiten)/Der Wartburgstreit,Der Wartburgstreit0056.tif,.tif,scan,120848,2011-08-10
Neue Texte (zu bearbeiten)/Der Wartburgstreit,Der Wartburgstreit0057.tif,.tif,scan,116848,2011-08-10
Neue Texte (zu bearbeiten)/Der Wartburgstreit,Der Wartburgstreit0058.tif,.tif,scan,99018,2011-08-10
Neue Texte (zu bearbeiten)/Der Wartburgstreit,Der Wartburgstreit0059.tif,.tif,scan,153984,2011-08-10
Neue Texte (zu bearbeiten)/Der Wartburgstreit,Der Wartburgstreit0060.tif,.tif,scan,101004,2011-08-10
Neue Texte (zu bearbeiten)/Der Wartburgstreit,Der Wartburgstreit0061.tif,.tif,scan,100414,2011-08-10
Neue Texte (zu bearbeiten)/Der Wartburgstreit,Der Wartburgstreit0062.tif,.tif,scan,134558,2011-08-10
Neue Texte (zu bearbeiten)/Der Wartburgstreit,Der Wartburgstreit0063.tif,.tif,scan,131472,2011-08-10
Neue Texte (zu bearbeiten)/Der Wartburgstreit,Der Wartburgstreit0064.tif,.tif,scan,127382,2011-08-10
Neue Texte (zu bearbeiten)/Der Wartburgstreit,Der Wartburgstreit0065.tif,.tif,scan,132130,2011-08-10
Neue Texte (zu bearbeiten)/Der Wartburgstreit,Der Wartburgstreit0066.tif,.tif,scan,121044,2011-08-10
Neue Texte (zu bearbeiten)/Der Wartburgstreit,Der Wartburgstreit0067.tif,.tif,scan,97736,2011-08-10
Neue Texte (zu bearbeiten)/Der Wartburgstreit,Der Wartburgstreit0068.tif,.tif,scan,103896,2011-08-10
Neue Texte (zu bearbeiten)/Der Wartburgstreit,Der Wartburgstreit0069.tif,.tif,scan,102488,2011-08-10
Neue Texte (zu bearbeiten)/Der Wartburgstreit,Der Wartburgstreit0070.tif,.tif,scan,109968,2011-08-10
Neue Texte (zu bearbeiten)/Der Wartburgstreit,Der Wartburgstreit0071.tif,.tif,scan,78488,2011-08-10
Neue Texte (zu bearbeiten)/Der Wartburgstreit,Der Wartburgstreit0072.tif,.tif,scan,90412,2011-08-10
Neue Texte (zu bearbeiten)/Der Wartburgstreit,Der Wartburgstreit0073.tif,.tif,scan,84336,2011-08-10
Neue Texte (zu bearbeiten)/Der Wartburgstreit,Der Wartburgstreit0074.tif,.tif,scan,81732,2011-08-10
Neue Texte (zu bearbeiten)/Der Wartburgstreit,Der Wartburgstreit0075.tif,.tif,scan,83660,2011-08-10
Neue Texte (zu bearbeiten)/Der Wartburgstreit,Der Wartburgstreit0076.tif,.tif,scan,88620,2011-08-10
Neue Texte (zu bearbeiten)/Der Wartburgstreit,Der Wartburgstreit0077.tif,.tif,scan,108904,2011-08-10
Neue Texte (zu bearbeiten)/Der Wartburgstreit,Der Wartburgstreit0078.tif,.tif,scan,100114,2011-08-10
Neue Texte (zu bearbeiten)/Der Wartburgstreit,Der Wartburgstreit0079.tif,.tif,scan,98336,2011-08-10
Neue Texte (zu bearbeiten)/Der Wartburgstreit,Der Wartburgstreit0080.tif,.tif,scan,150462,2011-08-10
Neue Texte (zu bearbeiten)/Der Wartburgstreit,Der Wartburgstreit0081.tif,.tif,scan,120354,2011-08-10
Neue Texte (zu bearbeiten)/Der Wartburgstreit,Der Wartburgstreit0082.tif,.tif,scan,109200,2011-08-10
Neue Texte (zu bearbeiten)/Der Wartburgstreit,Der Wartburgstreit0083.tif,.tif,scan,101228,2011-08-10
Neue Texte (zu bearbeiten)/Der Wartburgstreit,Der Wartburgstreit0084.tif,.tif,scan,99894,2011-08-10
Neue Texte (zu bearbeiten)/Die Gedichte Reinmars von Zweter,Anmerkungen Zweter.doc,.doc,text,123392,2010-07-09
Neue Texte (zu bearbeiten)/Die Gedichte Reinmars von Zweter/Zweter Bilder/1. Der Leich,"Der Leich, S. 401 - 4100002.tif",.tif,scan,241860,2010-03-10
Neue Texte (zu bearbeiten)/Die Gedichte Reinmars von Zweter/Zweter Bilder/1. Der Leich,"Der Leich, S. 401 - 4100003.tif",.tif,scan,335538,2010-03-10
Neue Texte (zu bearbeiten)/Die Gedichte Reinmars von Zweter/Zweter Bilder/1. Der Leich,"Der Leich, S. 401 - 4100004.tif",.tif,scan,357864,2010-03-10
Neue Texte (zu bearbeiten)/Die Gedichte Reinmars von Zweter/Zweter Bilder/1. Der Leich,"Der Leich, S. 401 - 4100005.tif",.tif,scan,291018,2010-03-10
Neue Texte (zu bearbeiten)/Die Gedichte Reinmars von Zweter/Zweter Bilder/1. Der Leich,"Der Leich, S. 401 - 4100006.tif",.tif,scan,308822,2010-03-10
Neue Texte (zu bearbeiten)/Die Gedichte Reinmars von Zweter/Zweter Bilder/1. Der Leich,"Der Leich, S. 401 - 4100007.tif",.tif,scan,307208,2010-03-10
Neue Texte (zu bearbeiten)/Die Gedichte Reinmars von Zweter/Zweter Bilder/1. Der Leich,"Der Leich, S. 401 - 4100008.tif",.tif,scan,324896,2010-03-10
Neue Texte (zu bearbeiten)/Die Gedichte Reinmars von Zweter/Zweter Bilder/1. Der Leich,"Der Leich, S. 401 - 4100009.tif",.tif,scan,269136,2010-03-10
Neue Texte (zu bearbeiten)/Die Gedichte Reinmars von Zweter/Zweter Bilder/1. Der Leich,"Der Leich, S. 401 - 4100010.tif",.tif,scan,256168,2010-03-10
Neue Texte (zu bearbeiten)/Die Gedichte Reinmars von Zweter/Zweter Bilder/1. Der Leich,"Der Leich, S. 401 - 4100011.tif",.tif,scan,226236,2010-03-10
Neue Texte (zu bearbeiten)/Die Gedichte Reinmars von Zweter/Zweter Bilder/3. Meister-Ernst-Ton,Meister-Ernst-Ton S. 536.tif,.tif,scan,212404,2010-04-08
Neue Texte (zu bearbeiten)/Die Gedichte Reinmars von Zweter/Zweter Bilder/4. Des Ehrenboten Spiegelweise,Des Ehrenboten Spiegelweise 537 - 5390001.tif,.tif,scan,230264,2010-04-08
Neue Texte (zu bearbeiten)/Die Gedichte Reinmars von Zweter/Zweter Bilder/4. Des Ehrenboten Spiegelweise,Des Ehrenboten Spiegelweise 537 - 5390002.tif,.tif,scan,248910,2010-04-08
Neue Texte (zu bearbeiten)/Die Gedichte Reinmars von Zweter/Zweter Bilder/4. Des Ehrenboten Spiegelweise,Des Ehrenboten Spiegelweise 537 - 5390003.tif,.tif,scan,246218,2010-04-08
Neue Texte (zu bearbeiten)/Die Gedichte Reinmars von Zweter/Zweter Bilder/5. Minnen-Ton,5. Minnen-Ton S. 540 - 5490001.tif,.tif,scan,216246,2010-04-18
Neue Texte (zu bearbeiten)/Die Gedichte Reinmars von Zweter/Zweter Bilder/5. Minnen-Ton,5. Minnen-Ton S. 540 - 5490002.tif,.tif,scan,225986,2010-04-18
Neue Texte (zu bearbeiten)/Die Gedichte Reinmars von Zweter/Zweter Bilder/5. Minnen-Ton,5. Minnen-Ton S. 540 - 5490003.tif,.tif,scan,237694,2010-04-18
Neue Texte (zu bearbeiten)/Die Gedichte Reinmars von Zweter/Zweter Bilder/5. Minnen-Ton,5. Minnen-Ton S. 540 - 5490004.tif,.tif,scan,237276,2010-04-18
Neue Texte (zu bearbeiten)/Die Gedichte Reinmars von Zweter/Zweter Bilder/5. Minnen-Ton,5. Minnen-Ton S. 540 - 5490005.tif,.tif,scan,219898,2010-04-18
Neue Texte (zu bearbeiten)/Die Gedichte Reinmars von Zweter/Zweter Bilder/5. Minnen-Ton,5. Minnen-Ton S. 540 - 5490006.tif,.tif,scan,226734,2010-04-18
Neue Texte (zu bearbeiten)/Die Gedichte Reinmars von Zweter/Zweter Bilder/5. Minnen-Ton,5. Minnen-Ton S. 540 - 5490007.tif,.tif,scan,222272,2010-04-18
Neue Texte (zu bearbeiten)/Die Gedichte Reinmars von Zweter/Zweter Bilder/5. Minnen-Ton,5. Minnen-Ton S. 540 - 5490008.tif,.tif,scan,228194,2010-04-18
Neue Texte (zu bearbeiten)/Die Gedichte Reinmars von Zweter/Zweter Bilder/5. Minnen-Ton,5. Minnen-Ton S. 540 - 5490009.tif,.tif,scan,221174,2010-04-18
Neue Texte (zu bearbeiten)/Die Gedichte Reinmars von Zweter/Zweter Bilder/5. Minnen-Ton,5. Minnen-Ton S. 540 - 5490010.tif,.tif,scan,202412,2010-04-18
Neue Texte (zu bearbeiten)/Die Gedichte Reinmars von Zweter/Zweter Bilder/6. Unechte Sprüche,6. Unechte Sprüche S. 550 - 5580001.tif,.tif,scan,216836,2010-05-20
Neue Texte (zu bearbeiten)/Die Gedichte Reinmars von Zweter/Zweter Bilder/6. Unechte Sprüche,6. Unechte Sprüche S. 550 - 5580002.tif,.tif,scan,230916,2010-05-20
Neue Texte (zu bearbeiten)/Die Gedichte Reinmars von Zweter/Zweter Bilder/6. Unechte Sprüche,6. Unechte Sprüche S. 550 - 5580003.tif,.tif,scan,248594,2010-05-20
Neue Texte (zu bearbeiten)/Die Gedichte Reinmars von Zweter/Zweter Bilder/6. Unechte Sprüche,6. Unechte Sprüche S. 550 - 5580004.tif,.tif,scan,246104,2010-05-20
Neue Texte (zu bearbeiten)/Die Gedichte Reinmars von Zweter/Zweter Bilder/6. Unechte Sprüche,6. Unechte Sprüche S. 550 - 5580005.tif,.tif,scan,248968,2010-05-20
Neue Texte (zu bearbeiten)/Die Gedichte Reinmars von Zweter/Zweter Bilder/6. Unechte Sprüche,6. Unechte Sprüche S. 550 - 5580006.tif,.tif,scan,245562,2010-05-20
Neue Texte (zu bearbeiten)/Die Gedichte Reinmars von Zweter/Zweter Bilder/6. Unechte Sprüche,6. Unechte Sprüche S. 550 - 5580007.tif,.tif,scan,245676,2010-05-20
Neue Texte (zu bearbeiten)/Die Gedichte Reinmars von Zweter/Zweter Bilder/6. Unechte Sprüche,6. Unechte Sprüche S. 550 - 5580008.tif,.tif,scan,249304,2010-05-20
Neue Texte (zu bearbeiten)/Die Gedichte Reinmars von Zweter/Zweter Bilder/6. Unechte Sprüche,6. Unechte Sprüche S. 550 - 5580009.tif,.tif,scan,194892,2010-05-20
Neue Texte (zu bearbeiten)/Die Gedichte Reinmars von Zweter/Zweter Bilder/7. Spiegelweise,7. Spiegelweise S. 559 bis 5700001.tif,.tif,scan,247412,2010-05-24
Neue Texte (zu bearbeiten)/Die Gedichte Reinmars von Zweter/Zweter Bilder/7. Spiegelweise,7. Spiegelweise S. 559 bis 5700002.tif,.tif,scan,267642,2010-05-24
Neue Texte (zu bearbeiten)/Die Gedichte Reinmars von Zweter/Zweter Bilder/7. Spiegelweise,7. Spiegelweise S. 559 bis 5700003.tif,.tif,scan,251388,2010-05-24
Neue Texte (zu bearbeiten)/Die Gedichte Reinmars von Zweter/Zweter Bilder/7. Spiegelweise,7. Spiegelweise S. 559 bis 5700004.tif,.tif,scan,248920,2010-05-24
Neue Texte (zu bearbeiten)/Die Gedichte Reinmars von Zweter/Zweter Bilder/7. Spiegelweise,7. Spiegelweise S. 559 bis 5700005.tif,.tif,scan,243370,2010-05-24
Neue Texte (zu bearbeiten)/Die Gedichte Reinmars von Zweter/Zweter Bilder/7. Spiegelweise,7. Spiegelweise S. 559 bis 5700006.tif,.tif,scan,256118,2010-05-24
Neue Texte (zu bearbeiten)/Die Gedichte Reinmars von Zweter/Zweter Bilder/7. Spiegelweise,7. Spiegelweise S. 559 bis 5700007.tif,.tif,scan,261018,2010-05-24
Neue Texte (zu bearbeiten)/Die Gedichte Reinmars von Zweter/Zweter Bilder/7. Spiegelweise,7. Spiegelweise S. 559 bis 5700008.tif,.tif,scan,262498,2010-05-24
Neue Texte (zu bearbeiten)/Die Gedichte Reinmars von Zweter/Zweter Bilder/7. Spiegelweise,7. Spiegelweise S. 559 bis 5700009.tif,.tif,scan,254206,2010-05-24
Neue Texte (zu bearbeiten)/Die Gedichte Reinmars von Zweter/Zweter Bilder/7. Spiegelweise,7. Spiegelweise S. 559 bis 5700010.tif,.tif,scan,256944,2010-05-24
Neue Texte (zu bearbeiten)/Die Gedichte Reinmars von Zweter/Zweter Bilder/7. Spiegelweise,7. Spiegelweise S. 559 bis 5700011.tif,.tif,scan,199930,2010-05-24
Neue Texte (zu bearbeiten)/Die Gedichte Reinmars von Zweter/Zweter Bilder/9. Lieder,9. Lieder S. 570 - 5730001.tif,.tif,scan,179836,2010-05-25
Neue Texte (zu bearbeiten)/Die Gedichte Reinmars von Zweter/Zweter Bilder/9. Lieder,9. Lieder S. 570 - 5730002.tif,.tif,scan,208726,2010-05-25
Neue Texte (zu bearbeiten)/Die Gedichte Reinmars von Zweter/Zweter Bilder/9. Lieder,9. Lieder S. 570 - 5730003.tif,.tif,scan,197286,2010-05-25
Neue Texte (zu bearbeiten)/Die Gedichte Reinmars von Zweter/Zweter Bilder/9. Lieder,9. Lieder S. 570 - 5730004.tif,.tif,scan,205490,2010-05-25
Neue Texte (zu bearbeiten)/Die Gedichte Reinmars von Zweter/Zweter Rich Text Format,1. Der Leich.rtf,.rtf,text,69485,2010-03-15
Neue Texte (zu bearbeiten)/Die Gedichte Reinmars von Zweter/Zweter Rich Text Format,3. Meister-Ernst-Ton.rtf,.rtf,text,40540,2010-04-08
Neue Texte (zu bearbeiten)/Die Gedichte Reinmars von Zweter/Zweter Rich Text Format,4. Des Ehrenboten Spiegelweise.rtf,.rtf,text,54876,2010-04-08
Neue Texte (zu bearbeiten)/Die Gedichte Reinmars von Zweter/Zweter Rich Text Format,5.Minnen-Ton.rtf,.rtf,text,53287,2010-07-09
Neue Texte (zu bearbeiten)/Die Gedichte Reinmars von Zweter/Zweter Rich Text Format,6. Unechte Sprüche.rtf,.rtf,text,23345,2010-07-09
Neue Texte (zu bearbeiten)/Die Gedichte Reinmars von Zweter/Zweter Rich Text Format,7. Spiegelweise.rtf,.rtf,text,31369,2010-07-09
Neue Texte (zu bearbeiten)/Die Gedichte Reinmars von Zweter/Zweter Rich Text Format,8. Lieder.rtf,.rtf,text,59993,2010-05-25
Neue Texte (zu bearbeiten)/Die Gedichte Reinmars von Zweter/Zweter Rich Text Format/2. Fraun-Ehren-Ton,Fraun-Ehren-Ton (411 - 420).rtf,.rtf,text,91201,2010-03-15
Neue Texte (zu bearbeiten)/Die Gedichte Reinmars von Zweter/Zweter Rich Text Format/2. Fraun-Ehren-Ton,Fraun-Ehren-Ton (421 - 430).rtf,.rtf,text,91487,2010-05-20
Neue Texte (zu bearbeiten)/Die Gedichte Reinmars von Zweter/Zweter Rich Text Format/2. Fraun-Ehren-Ton,Fraun-Ehren-Ton (431 - 440).rtf,.rtf,text,88063,2010-05-20
Neue Texte (zu bearbeiten)/Die Gedichte Reinmars von Zweter/Zweter Rich Text Format/2. Fraun-Ehren-Ton,Fraun-Ehren-Ton (441 - 450).rtf,.rtf,text,91674,2010-05-20
Neue Texte (zu bearbeiten)/Die Gedichte Reinmars von Zweter/Zweter Rich Text Format/2. Fraun-Ehren-Ton,Fraun-Ehren-Ton (451 - 460).rtf,.rtf,text,89807,2010-03-22
Neue Texte (zu bearbeiten)/Die Gedichte Reinmars von Zweter/Zweter Rich Text Format/2. Fraun-Ehren-Ton,Fraun-Ehren-Ton (461 - 470).rtf,.rtf,text,84895,2010-03-24
Neue Texte (zu bearbeiten)/Die Gedichte Reinmars von Zweter/Zweter Rich Text Format/2. Fraun-Ehren-Ton,Fraun-Ehren-Ton (471 - 480).rtf,.rtf,text,92260,2010-03-25
Neue Texte (zu bearbeiten)/Die Gedichte Reinmars von Zweter/Zweter Rich Text Format/2. Fraun-Ehren-Ton,Fraun-Ehren-Ton (481 - 490).rtf,.rtf,text,94370,2010-03-25
Neue Texte (zu bearbeiten)/Die Gedichte Reinmars von Zweter/Zweter Rich Text Format/2. Fraun-Ehren-Ton,Fraun-Ehren-Ton (491 -500).rtf,.rtf,text,95225,2010-05-20
Neue Texte (zu bearbeiten)/Die Gedichte Reinmars von Zweter/Zweter Rich Text Format/2. Fraun-Ehren-Ton,Fraun-Ehren-Ton (501 - 510).rtf,.rtf,text,37001,2010-06-21
Neue Texte (zu bearbeiten)/Die Gedichte Reinmars von Zweter/Zweter Rich Text Format/2. Fraun-Ehren-Ton,Fraun-Ehren-Ton (511 - 520).rtf,.rtf,text,38833,2010-07-09
Neue Texte (zu bearbeiten)/Die Gedichte Reinmars von Zweter/Zweter Rich Text Format/2. Fraun-Ehren-Ton,Fraun-Ehren-Ton (521 - 530).rtf,.rtf,text,98985,2010-05-20
Neue Texte (zu bearbeiten)/Die Gedichte Reinmars von Zweter/Zweter Rich Text Format/2. Fraun-Ehren-Ton,Fraun-Ehren-Ton (531 - 535).rtf,.rtf,text,64269,2010-04-08
Neue Texte (zu bearbeiten)/Kleinere Spruchdichter/Kleine Spruchdichter/Bilder/Anhang Bilder,Anhang0001.tif,.tif,scan,73180,2011-11-23
Neue Texte (zu bearbeiten)/Kleinere Spruchdichter/Kleine Spruchdichter/Bilder/Anhang Bilder,Anhang0002.tif,.tif,scan,80902,2011-11-23
Neue Texte (zu bearbeiten)/Kleinere Spruchdichter/Kleine Spruchdichter/Bilder/Anhang Bilder,Anhang0003.tif,.tif,scan,69318,2011-11-23
Neue Texte (zu bearbeiten)/Kleinere Spruchdichter/Kleine Spruchdichter/Bilder/Anhang Bilder,Anhang0004.tif,.tif,scan,68580,2011-11-23
Neue Texte (zu bearbeiten)/Kleinere Spruchdichter/Kleine Spruchdichter/Bilder/Der Hardegger Bilder,Der Hardegger0001.tif,.tif,scan,139682,2011-11-18
Neue Texte (zu bearbeiten)/Kleinere Spruchdichter/Kleine Spruchdichter/Bilder/Der Hardegger Bilder,Der Hardegger0002.tif,.tif,scan,104606,2011-11-18
Neue Texte (zu bearbeiten)/Kleinere Spruchdichter/Kleine Spruchdichter/Bilder/Der Hardegger Bilder,Der Hardegger0003.tif,.tif,scan,137730,2011-11-18
Neue Texte (zu bearbeiten)/Kleinere Spruchdichter/Kleine Spruchdichter/Bilder/Der Hardegger Bilder,Der Hardegger0004.tif,.tif,scan,106118,2011-11-18
Neue Texte (zu bearbeiten)/Kleinere Spruchdichter/Kleine Spruchdichter/Bilder/Der Hardegger Bilder,Der Hardegger0005.tif,.tif,scan,105708,2011-11-18
Neue Texte (zu bearbeiten)/Kleinere Spruchdichter/Kleine Spruchdichter/Bilder/Der Hardegger Bilder,Der Hardegger0006.tif,.tif,scan,82570,2011-11-18
Neue Texte (zu bearbeiten)/Kleinere Spruchdichter/Kleine Spruchdichter/Bilder/Der Hardegger Bilder,Der Hardegger0007.tif,.tif,scan,159862,2011-11-18
Neue Texte (zu bearbeiten)/Kleinere Spruchdichter/Kleine Spruchdichter/Bilder/Der Hardegger Bilder,Der Hardegger0008.tif,.tif,scan,101024,2011-11-18
Neue Texte (zu bearbeiten)/Kleinere Spruchdichter/Kleine Spruchdichter/Bilder/Der Hardegger Bilder,Der Hardegger0009.tif,.tif,scan,102198,2011-11-18
Neue Texte (zu bearbeiten)/Kleinere Spruchdichter/Kleine Spruchdichter/Bilder/Der Hardegger Bilder,Der Hardegger0010.tif,.tif,scan,78860,2011-11-18
Neue Texte (zu bearbeiten)/Kleinere Spruchdichter/Kleine Spruchdichter/Bilder/Der Hardegger Bilder,Der Hardegger0011.tif,.tif,scan,112946,2011-11-18
Neue Texte (zu bearbeiten)/Kleinere Spruchdichter/Kleine Spruchdichter/Bilder/Der Hardegger Bilder,Der Hardegger0012.tif,.tif,scan,103010,2011-11-18
Neue Texte (zu bearbeiten)/Kleinere Spruchdichter/Kleine Spruchdichter/Bilder/Der Hardegger Bilder,Der Hardegger0013.tif,.tif,scan,113302,2011-11-18
Neue Texte (zu bearbeiten)/Kleinere Spruchdichter/Kleine Spruchdichter/Bilder/Der Hardegger Bilder,Der Hardegger0014.tif,.tif,scan,107318,2011-11-18
Neue Texte (zu bearbeiten)/Kleinere Spruchdichter/Kleine Spruchdichter/Bilder/Der Hardegger Bilder,Der Hardegger0015.tif,.tif,scan,128416,2011-11-18
Neue Texte (zu bearbeiten)/Kleinere Spruchdichter/Kleine Spruchdichter/Bilder/Der Hardegger Bilder,Der Hardegger0016.tif,.tif,scan,111678,2011-11-18
Neue Texte (zu bearbeiten)/Kleinere Spruchdichter/Kleine Spruchdichter/Bilder/Der Hardegger Bilder,Der Hardegger0017.tif,.tif,scan,108626,2011-11-18
Neue Texte (zu bearbeiten)/Kleinere Spruchdichter/Kleine Spruchdichter/Bilder/Der Hardegger Bilder,Der Hardegger0018.tif,.tif,scan,102712,2011-11-18
Neue Texte (zu bearbeiten)/Kleinere Spruchdichter/Kleine Spruchdichter/Bilder/Der Hardegger Bilder,Der Hardegger0019.tif,.tif,scan,108580,2011-11-18
Neue Texte (zu bearbeiten)/Kleinere Spruchdichter/Kleine Spruchdichter/Bilder/Der Hardegger Bilder,Der Hardegger0020.tif,.tif,scan,115320,2011-11-18
Neue Texte (zu bearbeiten)/Kleinere Spruchdichter/Kleine Spruchdichter/Bilder/Der Hardegger Bilder,Der Hardegger0021.tif,.tif,scan,107158,2011-11-18
Neue Texte (zu bearbeiten)/Kleinere Spruchdichter/Kleine Spruchdichter/Bilder/Der Hardegger Bilder,Der Hardegger0022.tif,.tif,scan,107056,2011-11-18
Neue Texte (zu bearbeiten)/Kleinere Spruchdichter/Kleine Spruchdichter/Bilder/Der Hardegger Bilder,Der Hardegger0023.tif,.tif,scan,110992,2011-11-18
Neue Texte (zu bearbeiten)/Kleinere Spruchdichter/Kleine Spruchdichter/Bilder/Der Hardegger Bilder,Der Hardegger0024.tif,.tif,scan,112934,2011-11-18
Neue Texte (zu bearbeiten)/Kleinere Spruchdichter/Kleine Spruchdichter/Bilder/Der Hardegger Bilder,Der Hardegger0025.tif,.tif,scan,108602,2011-11-18
Neue Texte (zu bearbeiten)/Kleinere Spruchdichter/Kleine Spruchdichter/Bilder/Der Hardegger Bilder,Der Hardegger0026.tif,.tif,scan,81152,2011-11-18
Neue Texte (zu bearbeiten)/Kleinere Spruchdichter/Kleine Spruchdichter/Bilder/Der Hardegger Bilder,Der Hardegger0027.tif,.tif,scan,99864,2011-11-18
Neue Texte (zu bearbeiten)/Kleinere Spruchdichter/Kleine Spruchdichter/Bilder/Der Hardegger Bilder,Der Hardegger0028.tif,.tif,scan,93022,2011-11-18
Neue Texte (zu bearbeiten)/Kleinere Spruchdichter/Kleine Spruchdichter/Bilder/Der Litschauer Bilder,Der Litschauer0001.tif,.tif,scan,114190,2011-11-23
Neue Texte (zu bearbeiten)/Kleinere Spruchdichter/Kleine Spruchdichter/Bilder/Der Litschauer Bilder,Der Litschauer0002.tif,.tif,scan,100208,2011-11-23
Neue Texte (zu bearbeiten)/Kleinere Spruchdichter/Kleine Spruchdichter/Bilder/Der Litschauer Bilder,Der Litschauer0003.tif,.tif,scan,95818,2011-11-23
Neue Texte (zu bearbeiten)/Kleinere Spruchdichter/Kleine Spruchdichter/Bilder/Der Litschauer Bilder,Der Litschauer0004.tif,.tif,scan,94306,2011-11-23
Neue Texte (zu bearbeiten)/Kleinere Spruchdichter/Kleine Spruchdichter/Bilder/Der Litschauer Bilder,Der Litschauer0005.tif,.tif,scan,97244,2011-11-23
Neue Texte (zu bearbeiten)/Kleinere Spruchdichter/Kleine Spruchdichter/Bilder/Der Litschauer Bilder,Der Litschauer0006.tif,.tif,scan,88564,2011-11-23
Neue Texte (zu bearbeiten)/Kleinere Spruchdichter/Kleine Spruchdichter/Bilder/Der Litschauer Bilder,Der Litschauer0007.tif,.tif,scan,83956,2011-11-23
Neue Texte (zu bearbeiten)/Kleinere Spruchdichter/Kleine Spruchdichter/Bilder/Der Litschauer Bilder,Der Litschauer0008.tif,.tif,scan,88570,2011-11-23
Neue Texte (zu bearbeiten)/Kleinere Spruchdichter/Kleine Spruchdichter/Bilder/Der Litschauer Bilder,Der Litschauer0009.tif,.tif,scan,86450,2011-11-23
Neue Texte (zu bearbeiten)/Kleinere Spruchdichter/Kleine Spruchdichter/Bilder/Der Litschauer Bilder,Der Litschauer0010.tif,.tif,scan,87530,2011-11-23
Neue Texte (zu bearbeiten)/Kleinere Spruchdichter/Kleine Spruchdichter/Bilder/Der Litschauer Bilder,Der Litschauer0011.tif,.tif,scan,91774,2011-11-23
Neue Texte (zu bearbeiten)/Kleinere Spruchdichter/Kleine Spruchdichter/Bilder/Der Litschauer Bilder,Der Litschauer0012.tif,.tif,scan,88086,2011-11-23
Neue Texte (zu bearbeiten)/Kleinere Spruchdichter/Kleine Spruchdichter/Bilder/Der Unverzagte Bilder,Der Unverzagte0001.tif,.tif,scan,73688,2011-11-23
Neue Texte (zu bearbeiten)/Kleinere Spruchdichter/Kleine Spruchdichter/Bilder/Der Unverzagte Bilder,Der Unverzagte0002.tif,.tif,scan,76912,2011-11-23
Neue Texte (zu bearbeiten)/Kleinere Spruchdichter/Kleine Spruchdichter/Bilder/Der Unverzagte Bilder,Der Unverzagte0003.tif,.tif,scan,77864,2011-11-23
Neue Texte (zu bearbeiten)/Kleinere Spruchdichter/Kleine Spruchdichter/Bilder/Der Unverzagte Bilder,Der Unverzagte0004.tif,.tif,scan,75952,2011-11-23
Neue Texte (zu bearbeiten)/Kleinere Spruchdichter/Kleine Spruchdichter/Bilder/Der Unverzagte Bilder,Der Unverzagte0005.tif,.tif,scan,77090,2011-11-23
Neue Texte (zu bearbeiten)/Kleinere Spruchdichter/Kleine Spruchdichter/Bilder/Der Unverzagte Bilder,Der Unverzagte0006.tif,.tif,scan,76286,2011-11-23
Neue Texte (zu bearbeiten)/Kleinere Spruchdichter/Kleine Spruchdichter/Bilder/Der Unverzagte Bilder,Der Unverzagte0007.tif,.tif,scan,77224,2011-11-23
Neue Texte (zu bearbeiten)/Kleinere Spruchdichter/Kleine Spruchdichter/Bilder/Der Unverzagte Bilder,Der Unverzagte0008.tif,.tif,scan,73586,2011-11-23
Neue Texte (zu bearbeiten)/Kleinere Spruchdichter/Kleine Spruchdichter/Bilder/Der Unverzagte Bilder,Der Unverzagte0009.tif,.tif,scan,78854,2011-11-23
Neue Texte (zu bearbeiten)/Kleinere Spruchdichter/Kleine Spruchdichter/Bilder/Der Unverzagte Bilder,Der Unverzagte0010.tif,.tif,scan,82088,2011-11-23
Neue Texte (zu bearbeiten)/Kleinere Spruchdichter/Kleine Spruchdichter/Bilder/Der Unverzagte Bilder,Der Unverzagte0011.tif,.tif,scan,74138,2011-11-23
Neue Texte (zu bearbeiten)/Kleinere Spruchdichter/Kleine Spruchdichter/Bilder/Der Unverzagte Bilder,Der Unverzagte0012.tif,.tif,scan,79966,2011-11-23
Neue Texte (zu bearbeiten)/Kleinere Spruchdichter/Kleine Spruchdichter/Bilder/Der Unverzagte Bilder,Der Unverzagte0013.tif,.tif,scan,76650,2011-11-23
Neue Texte (zu bearbeiten)/Kleinere Spruchdichter/Kleine Spruchdichter/Bilder/Der Unverzagte Bilder,Der Unverzagte0014.tif,.tif,scan,89474,2011-11-23
Neue Texte (zu bearbeiten)/Kleinere Spruchdichter/Kleine Spruchdichter/Bilder/Der Unverzagte Bilder,Der Unverzagte0015.tif,.tif,scan,88954,2011-11-23
Neue Texte (zu bearbeiten)/Kleinere Spruchdichter/Kleine Spruchdichter/Bilder/Der Unverzagte Bilder,Der Unverzagte0016.tif,.tif,scan,91608,2011-11-23
Neue Texte (zu bearbeiten)/Kleinere Spruchdichter/Kleine Spruchdichter/Bilder/Der Unverzagte Bilder,Der Unverzagte0017.tif,.tif,scan,87660,2011-11-23
Neue Texte (zu bearbeiten)/Kleinere Spruchdichter/Kleine Spruchdichter/Bilder/Der Unverzagte Bilder,Der Unverzagte0018.tif,.tif,scan,87282,2011-11-23
Neue Texte (zu bearbeiten)/Kleinere Spruchdichter/Kleine Spruchdichter/Bilder/Der Unverzagte Bilder,Der Unverzagte0019.tif,.tif,scan,91590,2011-11-23
Neue Texte (zu bearbeiten)/Kleinere Spruchdichter/Kleine Spruchdichter/Bilder/Der Unverzagte Bilder,Der Unverzagte0020.tif,.tif,scan,88534,2011-11-23
Neue Texte (zu bearbeiten)/Kleinere Spruchdichter/Kleine Spruchdichter/Bilder/Der Unverzagte Bilder,Der Unverzagte0021.tif,.tif,scan,93378,2011-11-23
Neue Texte (zu bearbeiten)/Kleinere Spruchdichter/Kleine Spruchdichter/Bilder/Der Unverzagte Bilder,Der Unverzagte0022.tif,.tif,scan,87218,2011-11-23
Neue Texte (zu bearbeiten)/Kleinere Spruchdichter/Kleine Spruchdichter/Bilder/Höllefeuer Bilder,Höllefeuer0001.tif,.tif,scan,102854,2011-11-23
Neue Texte (zu bearbeiten)/Kleinere Spruchdichter/Kleine Spruchdichter/Bilder/Höllefeuer Bilder,Höllefeuer0002.tif,.tif,scan,107290,2011-11-23
Neue Texte (zu bearbeiten)/Kleinere Spruchdichter/Kleine Spruchdichter/Bilder/Höllefeuer Bilder,Höllefeuer0003.tif,.tif,scan,107420,2011-11-23
Neue Texte (zu bearbeiten)/Kleinere Spruchdichter/Kleine Spruchdichter/Bilder/Höllefeuer Bilder,Höllefeuer0004.tif,.tif,scan,104668,2011-11-23
Neue Texte (zu bearbeiten)/Kleinere Spruchdichter/Kleine Spruchdichter/Bilder/Höllefeuer Bilder,Höllefeuer0005.tif,.tif,scan,98896,2011-11-23
Neue Texte (zu bearbeiten)/Kleinere Spruchdichter/Kleine Spruchdichter/Bilder/Höllefeuer Bilder,Höllefeuer0006.tif,.tif,scan,97536,2011-11-23
Neue Texte (zu bearbeiten)/Kleinere Spruchdichter/Kleine Spruchdichter/Bilder/Höllefeuer Bilder,Höllefeuer0007.tif,.tif,scan,103988,2011-11-23
Neue Texte (zu bearbeiten)/Kleinere Spruchdichter/Kleine Spruchdichter/Bilder/Singauf Bilder,Singauf0001.tif,.tif,scan,82714,2011-11-23
Neue Texte (zu bearbeiten)/Kleinere Spruchdichter/Kleine Spruchdichter/Bilder/Singauf Bilder,Singauf0002.tif,.tif,scan,77852,2011-11-23
Neue Texte (zu bearbeiten)/Kleinere Spruchdichter/Kleine Spruchdichter/Bilder/Singauf Bilder,Singauf0003.tif,.tif,scan,83250,2011-11-23
Neue Texte (zu bearbeiten)/Kleinere Spruchdichter/Kleine Spruchdichter/Bilder/Singauf Bilder,Singauf0004.tif,.tif,scan,88552,2011-11-23
Neue Texte (zu bearbeiten)/Kleinere Spruchdichter/Kleine Spruchdichter/RTF,Anhang.rtf,.rtf,text,43784,2011-12-11
Neue Texte (zu bearbeiten)/Kleinere Spruchdichter/Kleine Spruchdichter/RTF,Der Hardegger.rtf,.rtf,text,90857,2011-12-13
Neue Texte (zu bearbeiten)/Kleinere Spruchdichter/Kleine Spruchdichter/RTF,Der Litschauer.rtf,.rtf,text,55798,2011-12-11
Neue Texte (zu bearbeiten)/Kleinere Spruchdichter/Kleine Spruchdichter/RTF,Der Unverzagte.rtf,.rtf,text,71412,2011-12-11
Neue Texte (zu bearbeiten)/Kleinere Spruchdichter/Kleine Spruchdichter/RTF,Höllefeuer.rtf,.rtf,text,50837,2011-12-11
Neue Texte (zu bearbeiten)/Kleinere Spruchdichter/Kleine Spruchdichter/RTF,Singauf.rtf,.rtf,text,36763,2011-12-11
Neue Texte (zu bearbeiten)/Liedersaal Scans_Originalbilder,Liedersaal I.zip,.zip,archiv,163947952,2015-06-10
Neue Texte (zu bearbeiten)/Liedersaal Scans_Originalbilder/Liedersaal I,Die Tierbeichte - 0001.tif,.tif,scan,332492,2015-03-12
Neue Texte (zu bearbeiten)/Liedersaal Scans_Originalbilder/Liedersaal I,Die Tierbeichte - 0002.tif,.tif,scan,220078,2015-03-12
Neue Texte (zu bearbeiten)/Liedersaal Scans_Originalbilder/Liedersaal I,Die zwei Beichten - 0001.tif,.tif,scan,402378,2015-03-05
Neue Texte (zu bearbeiten)/Liedersaal Scans_Originalbilder/Liedersaal I,Die zwei Beichten - 0002.tif,.tif,scan,639426,2015-03-05
Neue Texte (zu bearbeiten)/Liedersaal Scans_Originalbilder/Liedersaal I,Die zwei Beichten - 0003.tif,.tif,scan,334096,2015-03-05
Neue Texte (zu bearbeiten)/Liedersaal Scans_Originalbilder/Liedersaal I,I. Bruchstück.tif,.tif,scan,244432,2014-10-16
Neue Texte (zu bearbeiten)/Liedersaal Scans_Originalbilder/Liedersaal I,Konstanzer Liebesbriefe - 0001.tif,.tif,scan,423236,2014-10-08
Neue Texte (zu bearbeiten)/Liedersaal Scans_Originalbilder/Liedersaal I,Konstanzer Liebesbriefe - 0002.tif,.tif,scan,233438,2014-10-08
Neue Texte (zu bearbeiten)/Liedersaal Scans_Originalbilder/Liedersaal I/12. An die Entfernte,Untitled.FR12 - 0001.tif,.tif,scan,572138,2014-10-24
Neue Texte (zu bearbeiten)/Liedersaal Scans_Originalbilder/Liedersaal I/12. An die Entfernte,Untitled.FR12 - 0002.tif,.tif,scan,538182,2014-10-24
Neue Texte (zu bearbeiten)/Liedersaal Scans_Originalbilder/Liedersaal I/12. An die Entfernte,Untitled.FR12 - 0003.tif,.tif,scan,343794,2014-10-24
Neue Texte (zu bearbeiten)/Liedersaal Scans_Originalbilder/Liedersaal I/13. Gruß und Entschuldigung,Untitled.FR12.tif,.tif,scan,541152,2014-10-24
Neue Texte (zu bearbeiten)/Liedersaal Scans_Originalbilder/Liedersaal I/14. Liebes Gruss,Untitled.FR12.tif,.tif,scan,337610,2014-10-24
Neue Texte (zu bearbeiten)/Liedersaal Scans_Originalbilder/Liedersaal I/15. An die kranke Geliebte,Untitled.FR12.tif,.tif,scan,493396,2014-10-24
Neue Texte (zu bearbeiten)/Liedersaal Scans_Originalbilder/Liedersaal I/16. Bitte um Zusammenkommen,Untitled.FR12 - 0001.tif,.tif,scan,407444,2014-10-29
Neue Texte (zu bearbeiten)/Liedersaal Scans_Originalbilder/Liedersaal I/16. Bitte um Zusammenkommen,Untitled.FR12 - 0002.tif,.tif,scan,397160,2014-10-29
Neue Texte (zu bearbeiten)/Liedersaal Scans_Originalbilder/Liedersaal I/16. Bitte um Zusammenkommen,Untitled.FR12 - 0003.tif,.tif,scan,610012,2014-10-29
Neue Texte (zu bearbeiten)/Liedersaal Scans_Originalbilder/Liedersaal I/16. Bitte um Zusammenkommen,Untitled.FR12 - 0004.tif,.tif,scan,401004,2014-10-29
Neue Texte (zu bearbeiten)/Liedersaal Scans_Originalbilder/Liedersaal I/17. An die zweifelnde Geliebte,Untitled.FR12 - 0001.tif,.tif,scan,389984,2014-10-29
Neue Texte (zu bearbeiten)/Liedersaal Scans_Originalbilder/Liedersaal I/17. An die zweifelnde Geliebte,Untitled.FR12 - 0002.tif,.tif,scan,563198,2014-10-29
Neue Texte (zu bearbeiten)/Liedersaal Scans_Originalbilder/Liedersaal I/17. An die zweifelnde Geliebte,Untitled.FR12 - 0003.tif,.tif,scan,318166,2014-10-29
Neue Texte (zu bearbeiten)/Liedersaal Scans_Originalbilder/Liedersaal I/18. Abschieds Brief,Untitled.FR12 - 0001.tif,.tif,scan,418170,2014-10-29
Neue Texte (zu bearbeiten)/Liedersaal Scans_Originalbilder/Liedersaal I/18. Abschieds Brief,Untitled.FR12 - 0002.tif,.tif,scan,444958,2014-10-29
Neue Texte (zu bearbeiten)/Liedersaal Scans_Originalbilder/Liedersaal I/18. Abschieds Brief,Untitled.FR12 - 0003.tif,.tif,scan,263984,2014-10-29
Neue Texte (zu bearbeiten)/Liedersaal Scans_Originalbilder/Liedersaal I/19. Der Minner und die Minne,Untitled.FR12 - 0001.tif,.tif,scan,430588,2014-12-16
Neue Texte (zu bearbeiten)/Liedersaal Scans_Originalbilder/Liedersaal I/19. Der Minner und die Minne,Untitled.FR12 - 0002.tif,.tif,scan,415376,2014-12-16
Neue Texte (zu bearbeiten)/Liedersaal Scans_Originalbilder/Liedersaal I/20. Werben um Liebe,Untitled.FR12 - 0001.tif,.tif,scan,435468,2014-12-18
Neue Texte (zu bearbeiten)/Liedersaal Scans_Originalbilder/Liedersaal I/20. Werben um Liebe,Untitled.FR12 - 0002.tif,.tif,scan,402604,2014-12-18
Neue Texte (zu bearbeiten)/Liedersaal Scans_Originalbilder/Liedersaal I/20. Werben um Liebe,Untitled.FR12 - 0003.tif,.tif,scan,181850,2014-12-18
Neue Texte (zu bearbeiten)/Liedersaal Scans_Originalbilder/Liedersaal I/21. Der beglückte Minner,Untitled.FR12 - 0001.tif,.tif,scan,411936,2014-12-18
Neue Texte (zu bearbeiten)/Liedersaal Scans_Originalbilder/Liedersaal I/21. Der beglückte Minner,Untitled.FR12 - 0002.tif,.tif,scan,419428,2014-12-18
Neue Texte (zu bearbeiten)/Liedersaal Scans_Originalbilder/Liedersaal I/22. Gruß beglückter Liebe,Untitled.FR12.tif,.tif,scan,358582,2014-12-18
Neue Texte (zu bearbeiten)/Liedersaal Scans_Originalbilder/Liedersaal I/23. Der arme Dichter,Untitled.FR12 - 0001.tif,.tif,scan,450546,2014-12-18
Neue Texte (zu bearbeiten)/Liedersaal Scans_Originalbilder/Liedersaal I/23. Der arme Dichter,Untitled.FR12 - 0002.tif,.tif,scan,526654,2014-12-18
Neue Texte (zu bearbeiten)/Liedersaal Scans_Originalbilder/Liedersaal I/25. Das Zelt der Minne,Untitled.FR12 - 0001.tif,.tif,scan,550644,2014-12-18
Neue Texte (zu bearbeiten)/Liedersaal Scans_Originalbilder/Liedersaal I/25. Das Zelt der Minne,Untitled.FR12 - 0002.tif,.tif,scan,566186,2014-12-18
Neue Texte (zu bearbeiten)/Liedersaal Scans_Originalbilder/Liedersaal I/25. Das Zelt der Minne,Untitled.FR12 - 0003.tif,.tif,scan,616010,2014-12-18
Neue Texte (zu bearbeiten)/Liedersaal Scans_Originalbilder/Liedersaal I/25. Das Zelt der Minne,Untitled.FR12 - 0004.tif,.tif,scan,544242,2014-12-18
Neue Texte (zu bearbeiten)/Liedersaal Scans_Originalbilder/Liedersaal I/25. Das Zelt der Minne,Untitled.FR12 - 0005.tif,.tif,scan,661516,2014-12-18
Neue Texte (zu bearbeiten)/Liedersaal Scans_Originalbilder/Liedersaal I/25. Das Zelt der Minne,Untitled.FR12 - 0006.tif,.tif,scan,374842,2014-12-18
Neue Texte (zu bearbeiten)/Liedersaal Scans_Originalbilder/Liedersaal I/25. Das Zelt der Minne,Untitled.FR12 - 0007.tif,.tif,scan,552960,2014-12-18
Neue Texte (zu bearbeiten)/Liedersaal Scans_Originalbilder/Liedersaal I/25. Das Zelt der Minne,Untitled.FR12 - 0008.tif,.tif,scan,584100,2014-12-18
Neue Texte (zu bearbeiten)/Liedersaal Scans_Originalbilder/Liedersaal I/25. Das Zelt der Minne,Untitled.FR12 - 0009.tif,.tif,scan,409758,2014-12-18
Neue Texte (zu bearbeiten)/Liedersaal Scans_Originalbilder/Liedersaal I/25. Das Zelt der Minne,Untitled.FR12 - 0010.tif,.tif,scan,491438,2014-12-18
Neue Texte (zu bearbeiten)/Liedersaal Scans_Originalbilder/Liedersaal I/25. Das Zelt der Minne,Untitled.FR12 - 0011.tif,.tif,scan,576690,2014-12-18
Neue Texte (zu bearbeiten)/Liedersaal Scans_Originalbilder/Liedersaal I/25. Das Zelt der Minne,Untitled.FR12 - 0012.tif,.tif,scan,536522,2014-12-18
Neue Texte (zu bearbeiten)/Liedersaal Scans_Originalbilder/Liedersaal I/25. Das Zelt der Minne,Untitled.FR12 - 0013.tif,.tif,scan,668518,2014-12-18
Neue Texte (zu bearbeiten)/Liedersaal Scans_Originalbilder/Liedersaal I/25. Das Zelt der Minne,Untitled.FR12 - 0014.tif,.tif,scan,563228,2014-12-18
Neue Texte (zu bearbeiten)/Liedersaal Scans_Originalbilder/Liedersaal I/25. Das Zelt der Minne,Untitled.FR12 - 0015.tif,.tif,scan,599088,2014-12-18
Neue Texte (zu bearbeiten)/Liedersaal Scans_Originalbilder/Liedersaal I/25. Das Zelt der Minne,Untitled.FR12 - 0016.tif,.tif,scan,491978,2014-12-18
Neue Texte (zu bearbeiten)/Liedersaal Scans_Originalbilder/Liedersaal I/25. Das Zelt der Minne,Untitled.FR12 - 0017.tif,.tif,scan,631642,2014-12-18
Neue Texte (zu bearbeiten)/Liedersaal Scans_Originalbilder/Liedersaal I/25. Das Zelt der Minne,Untitled.FR12 - 0018.tif,.tif,scan,763338,2014-12-18
Neue Texte (zu bearbeiten)/Liedersaal Scans_Originalbilder/Liedersaal I/25. Das Zelt der Minne,Untitled.FR12 - 0019.tif,.tif,scan,399506,2014-12-18
Neue Texte (zu bearbeiten)/Liedersaal Scans_Originalbilder/Liedersaal I/26. Die sechs Farben,26. Die sechs Farben - 0001.tif,.tif,scan,475390,2015-01-21
Neue Texte (zu bearbeiten)/Liedersaal Scans_Originalbilder/Liedersaal I/26. Die sechs Farben,26. Die sechs Farben - 0002.tif,.tif,scan,698502,2015-01-21
Neue Texte (zu bearbeiten)/Liedersaal Scans_Originalbilder/Liedersaal I/26. Die sechs Farben,26. Die sechs Farben - 0003.tif,.tif,scan,640402,2015-01-21
Neue Texte (zu bearbeiten)/Liedersaal Scans_Originalbilder/Liedersaal I/26. Die sechs Farben,26. Die sechs Farben - 0004.tif,.tif,scan,675596,2015-01-21
Neue Texte (zu bearbeiten)/Liedersaal Scans_Originalbilder/Liedersaal I/26. Die sechs Farben,26. Die sechs Farben - 0005.tif,.tif,scan,383842,2015-01-21
Neue Texte (zu bearbeiten)/Liedersaal Scans_Originalbilder/Liedersaal I/26. Die sechs Farben,26. Die sechs Farben - 0006.tif,.tif,scan,219364,2015-01-21
Neue Texte (zu bearbeiten)/Liedersaal Scans_Originalbilder/Liedersaal I/27. Das Auge (Frauenliebe),27. Das Auge (Frauenliebe) - 0001.tif,.tif,scan,444700,2015-01-21
Neue Texte (zu bearbeiten)/Liedersaal Scans_Originalbilder/Liedersaal I/27. Das Auge (Frauenliebe),27. Das Auge (Frauenliebe) - 0002.tif,.tif,scan,440818,2015-01-21
Neue Texte (zu bearbeiten)/Liedersaal Scans_Originalbilder/Liedersaal I/27. Das Auge (Frauenliebe),27. Das Auge (Frauenliebe) - 0003.tif,.tif,scan,635798,2015-01-21
Neue Texte (zu bearbeiten)/Liedersaal Scans_Originalbilder/Liedersaal I/27. Das Auge (Frauenliebe),27. Das Auge (Frauenliebe) - 0004.tif,.tif,scan,524742,2015-01-21
Neue Texte (zu bearbeiten)/Liedersaal Scans_Originalbilder/Liedersaal I/27. Das Auge (Frauenliebe),27. Das Auge (Frauenliebe) - 0005.tif,.tif,scan,562312,2015-01-21
Neue Texte (zu bearbeiten)/Liedersaal Scans_Originalbilder/Liedersaal I/27. Das Auge (Frauenliebe),27. Das Auge (Frauenliebe) - 0006.tif,.tif,scan,609954,2015-01-21
Neue Texte (zu bearbeiten)/Liedersaal Scans_Originalbilder/Liedersaal I/27. Das Auge (Frauenliebe),27. Das Auge (Frauenliebe) - 0007.tif,.tif,scan,615240,2015-01-21
Neue Texte (zu bearbeiten)/Liedersaal Scans_Originalbilder/Liedersaal I/27. Das Auge (Frauenliebe),27. Das Auge (Frauenliebe) - 0008.tif,.tif,scan,606658,2015-01-21
Neue Texte (zu bearbeiten)/Liedersaal Scans_Originalbilder/Liedersaal I/27. Das Auge (Frauenliebe),27. Das Auge (Frauenliebe) - 0009.tif,.tif,scan,619004,2015-01-21
Neue Texte (zu bearbeiten)/Liedersaal Scans_Originalbilder/Liedersaal I/27. Das Auge (Frauenliebe),27. Das Auge (Frauenliebe) - 0010.tif,.tif,scan,537206,2015-01-21
Neue Texte (zu bearbeiten)/Liedersaal Scans_Originalbilder/Liedersaal I/27. Das Auge (Frauenliebe),27. Das Auge (Frauenliebe) - 0011.tif,.tif,scan,413218,2015-01-21
Neue Texte (zu bearbeiten)/Liedersaal Scans_Originalbilder/Liedersaal I/27. Das Auge (Frauenliebe),27. Das Auge (Frauenliebe) - 0012.tif,.tif,scan,644906,2015-01-21
"Neue Texte (zu bearbeiten)/Liedersaal Scans_Originalbilder/Liedersaal I/28. Ruschart, Der Minnen Klaffer (Liebesstreit)",Untitled.FR12 - 0001.tif,.tif,scan,584862,2015-01-27
"Neue Texte (zu bearbeiten)/Liedersaal Scans_Originalbilder/Liedersaal I/28. Ruschart, Der Minnen Klaffer (Liebesstreit)",Untitled.FR12 - 0002.tif,.tif,scan,534234,2015-01-27
"Neue Texte (zu bearbeiten)/Liedersaal Scans_Originalbilder/Liedersaal I/28. Ruschart, Der Minnen Klaffer (Liebesstreit)",Untitled.FR12 - 0003.tif,.tif,scan,592608,2015-01-27
"Neue Texte (zu bearbeiten)/Liedersaal Scans_Originalbilder/Liedersaal I/28. Ruschart, Der Minnen Klaffer (Liebesstreit)",Untitled.FR12 - 0004.tif,.tif,scan,681086,2015-01-27
"Neue Texte (zu bearbeiten)/Liedersaal Scans_Originalbilder/Liedersaal I/28. Ruschart, Der Minnen Klaffer (Liebesstreit)",Untitled.FR12 - 0005.tif,.tif,scan,507588,2015-01-27
"Neue Texte (zu bearbeiten)/Liedersaal Scans_Originalbilder/Liedersaal I/28. Ruschart, Der Minnen Klaffer (Liebesstreit)",Untitled.FR12 - 0006.tif,.tif,scan,619648,2015-01-27
"Neue Texte (zu bearbeiten)/Liedersaal Scans_Originalbilder/Liedersaal I/28. Ruschart, Der Minnen Klaffer (Liebesstreit)",Untitled.FR12 - 0007.tif,.tif,scan,520084,2015-01-27
"Neue Texte (zu bearbeiten)/Liedersaal Scans_Originalbilder/Liedersaal I/28. Ruschart, Der Minnen Klaffer (Liebesstreit)",Untitled.FR12 - 0008.tif,.tif,scan,691390,2015-01-27
"Neue Texte (zu bearbeiten)/Liedersaal Scans_Originalbilder/Liedersaal I/28. Ruschart, Der Minnen Klaffer (Liebesstreit)",Untitled.FR12 - 0009.tif,.tif,scan,425730,2015-01-27
"Neue Texte (zu bearbeiten)/Liedersaal Scans_Originalbilder/Liedersaal I/28. Ruschart, Der Minnen Klaffer (Liebesstreit)",Untitled.FR12 - 0010.tif,.tif,scan,534558,2015-01-27
"Neue Texte (zu bearbeiten)/Liedersaal Scans_Originalbilder/Liedersaal I/28. Ruschart, Der Minnen Klaffer (Liebesstreit)",Untitled.FR12 - 0011.tif,.tif,scan,615542,2015-01-27
"Neue Texte (zu bearbeiten)/Liedersaal Scans_Originalbilder/Liedersaal I/28. Ruschart, Der Minnen Klaffer (Liebesstreit)",Untitled.FR12 - 0012.tif,.tif,scan,619766,2015-01-27
"Neue Texte (zu bearbeiten)/Liedersaal Scans_Originalbilder/Liedersaal I/28. Ruschart, Der Minnen Klaffer (Liebesstreit)",Untitled.FR12 - 0013.tif,.tif,scan,472236,2015-01-27
"Neue Texte (zu bearbeiten)/Liedersaal Scans_Originalbilder/Liedersaal I/28. Ruschart, Der Minnen Klaffer (Liebesstreit)",Untitled.FR12 - 0014.tif,.tif,scan,479600,2015-01-27
"Neue Texte (zu bearbeiten)/Liedersaal Scans_Originalbilder/Liedersaal I/28. Ruschart, Der Minnen Klaffer (Liebesstreit)",Untitled.FR12 - 0015.tif,.tif,scan,435754,2015-01-27
"Neue Texte (zu bearbeiten)/Liedersaal Scans_Originalbilder/Liedersaal I/28. Ruschart, Der Minnen Klaffer (Liebesstreit)",Untitled.FR12 - 0016.tif,.tif,scan,523034,2015-01-27
"Neue Texte (zu bearbeiten)/Liedersaal Scans_Originalbilder/Liedersaal I/28. Ruschart, Der Minnen Klaffer (Liebesstreit)",Untitled.FR12 - 0017.tif,.tif,scan,439202,2015-01-27
"Neue Texte (zu bearbeiten)/Liedersaal Scans_Originalbilder/Liedersaal I/28. Ruschart, Der Minnen Klaffer (Liebesstreit)",Untitled.FR12 - 0018.tif,.tif,scan,565678,2015-01-27
"Neue Texte (zu bearbeiten)/Liedersaal Scans_Originalbilder/Liedersaal I/28. Ruschart, Der Minnen Klaffer (Liebesstreit)",Untitled.FR12 - 0019.tif,.tif,scan,583426,2015-01-27
"Neue Texte (zu bearbeiten)/Liedersaal Scans_Originalbilder/Liedersaal I/28. Ruschart, Der Minnen Klaffer (Liebesstreit)",Untitled.FR12 - 0020.tif,.tif,scan,680302,2015-01-27
Neue Texte (zu bearbeiten)/Liedersaal Scans_Originalbilder/Liedersaal I/29. Die Minne vor Gericht,Die Minne vor Gericht - 0001.tif,.tif,scan,413234,2015-02-03
Neue Texte (zu bearbeiten)/Liedersaal Scans_Originalbilder/Liedersaal I/29. Die Minne vor Gericht,Die Minne vor Gericht - 0002.tif,.tif,scan,424680,2015-02-03
Neue Texte (zu bearbeiten)/Liedersaal Scans_Originalbilder/Liedersaal I/29. Die Minne vor Gericht,Die Minne vor Gericht - 0003.tif,.tif,scan,440706,2015-02-03
Neue Texte (zu bearbeiten)/Liedersaal Scans_Originalbilder/Liedersaal I/29. Die Minne vor Gericht,Die Minne vor Gericht - 0004.tif,.tif,scan,550628,2015-02-03
Neue Texte (zu bearbeiten)/Liedersaal Scans_Originalbilder/Liedersaal I/29. Die Minne vor Gericht,Die Minne vor Gericht - 0005.tif,.tif,scan,474418,2015-02-03
Neue Texte (zu bearbeiten)/Liedersaal Scans_Originalbilder/Liedersaal I/29. Die Minne vor Gericht,Die Minne vor Gericht - 0006.tif,.tif,scan,545704,2015-02-03
Neue Texte (zu bearbeiten)/Liedersaal Scans_Originalbilder/Liedersaal I/29. Die Minne vor Gericht,Die Minne vor Gericht - 0007.tif,.tif,scan,549216,2015-02-03
Neue Texte (zu bearbeiten)/Liedersaal Scans_Originalbilder/Liedersaal I/29. Die Minne vor Gericht,Die Minne vor Gericht - 0008.tif,.tif,scan,535230,2015-02-03
Neue Texte (zu bearbeiten)/Liedersaal Scans_Originalbilder/Liedersaal I/29. Die Minne vor Gericht,Die Minne vor Gericht - 0009.tif,.tif,scan,507206,2015-02-03
Neue Texte (zu bearbeiten)/Liedersaal Scans_Originalbilder/Liedersaal I/29. Die Minne vor Gericht,Die Minne vor Gericht - 0010.tif,.tif,scan,506464,2015-02-03
Neue Texte (zu bearbeiten)/Liedersaal Scans_Originalbilder/Liedersaal I/30. Das Zauberkraut,Das Zauberkraut - 0001.tif,.tif,scan,584494,2015-02-03
Neue Texte (zu bearbeiten)/Liedersaal Scans_Originalbilder/Liedersaal I/30. Das Zauberkraut,Das Zauberkraut - 0002.tif,.tif,scan,669450,2015-02-03
Neue Texte (zu bearbeiten)/Liedersaal Scans_Originalbilder/Liedersaal I/30. Das Zauberkraut,Das Zauberkraut - 0003.tif,.tif,scan,433936,2015-02-03
Neue Texte (zu bearbeiten)/Liedersaal Scans_Originalbilder/Liedersaal I/30. Das Zauberkraut,Das Zauberkraut - 0004.tif,.tif,scan,463826,2015-02-03
Neue Texte (zu bearbeiten)/Liedersaal Scans_Originalbilder/Liedersaal I/30. Das Zauberkraut,Das Zauberkraut - 0005.tif,.tif,scan,604064,2015-02-03
Neue Texte (zu bearbeiten)/Liedersaal Scans_Originalbilder/Liedersaal I/30. Das Zauberkraut,Das Zauberkraut - 0006.tif,.tif,scan,445310,2015-02-03
Neue Texte (zu bearbeiten)/Liedersaal Scans_Originalbilder/Liedersaal I/30. Das Zauberkraut,Das Zauberkraut - 0007.tif,.tif,scan,575410,2015-02-03
Neue Texte (zu bearbeiten)/Liedersaal Scans_Originalbilder/Liedersaal I/30. Das Zauberkraut,Das Zauberkraut - 0008.tif,.tif,scan,469732,2015-02-03
Neue Texte (zu bearbeiten)/Liedersaal Scans_Originalbilder/Liedersaal I/30. Das Zauberkraut,Das Zauberkraut - 0009.tif,.tif,scan,410340,2015-02-03
Neue Texte (zu bearbeiten)/Liedersaal Scans_Originalbilder/Liedersaal I/32. Frau Venus und die Minnenden,Frau Venus und die Minnenden - 0001.tif,.tif,scan,463728,2015-02-05
Neue Texte (zu bearbeiten)/Liedersaal Scans_Originalbilder/Liedersaal I/32. Frau Venus und die Minnenden,Frau Venus und die Minnenden - 0002.tif,.tif,scan,635872,2015-02-05
Neue Texte (zu bearbeiten)/Liedersaal Scans_Originalbilder/Liedersaal I/32. Frau Venus und die Minnenden,Frau Venus und die Minnenden - 0003.tif,.tif,scan,460238,2015-02-05
Neue Texte (zu bearbeiten)/Liedersaal Scans_Originalbilder/Liedersaal I/32. Frau Venus und die Minnenden,Frau Venus und die Minnenden - 0004.tif,.tif,scan,476380,2015-02-05
Neue Texte (zu bearbeiten)/Liedersaal Scans_Originalbilder/Liedersaal I/32. Frau Venus und die Minnenden,Frau Venus und die Minnenden - 0005.tif,.tif,scan,590082,2015-02-05
Neue Texte (zu bearbeiten)/Liedersaal Scans_Originalbilder/Liedersaal I/32. Frau Venus und die Minnenden,Frau Venus und die Minnenden - 0006.tif,.tif,scan,813732,2015-02-05
Neue Texte (zu bearbeiten)/Liedersaal Scans_Originalbilder/Liedersaal I/32. Frau Venus und die Minnenden,Frau Venus und die Minnenden - 0007.tif,.tif,scan,553646,2015-02-05
Neue Texte (zu bearbeiten)/Liedersaal Scans_Originalbilder/Liedersaal I/32. Frau Venus und die Minnenden,Frau Venus und die Minnenden - 0008.tif,.tif,scan,720062,2015-02-05
Neue Texte (zu bearbeiten)/Liedersaal Scans_Originalbilder/Liedersaal I/32. Frau Venus und die Minnenden,Frau Venus und die Minnenden - 0009.tif,.tif,scan,440242,2015-02-05
Neue Texte (zu bearbeiten)/Liedersaal Scans_Originalbilder/Liedersaal I/32. Frau Venus und die Minnenden,Frau Venus und die Minnenden - 0010.tif,.tif,scan,362400,2015-02-05
Neue Texte (zu bearbeiten)/Liedersaal Scans_Originalbilder/Liedersaal I/33. Die zwei Beichten A (Die Beichte),Die zwei Beichten - 0001.tif,.tif,scan,402378,2015-03-05
Neue Texte (zu bearbeiten)/Liedersaal Scans_Originalbilder/Liedersaal I/33. Die zwei Beichten A (Die Beichte),Die zwei Beichten - 0002.tif,.tif,scan,639426,2015-03-05
Neue Texte (zu bearbeiten)/Liedersaal Scans_Originalbilder/Liedersaal I/33. Die zwei Beichten A (Die Beichte),Die zwei Beichten - 0003.tif,.tif,scan,334096,2015-03-05
Neue Texte (zu bearbeiten)/Liedersaal Scans_Originalbilder/Liedersaal I/34. Die Jagd des Lebens,Die Jagd des Lebens - 0001.tif,.tif,scan,564510,2015-03-12
Neue Texte (zu bearbeiten)/Liedersaal Scans_Originalbilder/Liedersaal I/34. Die Jagd des Lebens,Die Jagd des Lebens - 0002.tif,.tif,scan,514438,2015-03-12
Neue Texte (zu bearbeiten)/Liedersaal Scans_Originalbilder/Liedersaal I/34. Die Jagd des Lebens,Die Jagd des Lebens - 0003.tif,.tif,scan,391918,2015-03-12
Neue Texte (zu bearbeiten)/Liedersaal Scans_Originalbilder/Liedersaal I/35. Henne und Fuchs (Die junge Henne),Henne und Fuchs - 0001.tif,.tif,scan,394454,2015-03-12
Neue Texte (zu bearbeiten)/Liedersaal Scans_Originalbilder/Liedersaal I/35. Henne und Fuchs (Die junge Henne),Henne und Fuchs - 0002.tif,.tif,scan,664030,2015-03-12
Neue Texte (zu bearbeiten)/Liedersaal Scans_Originalbilder/Liedersaal I/35. Henne und Fuchs (Die junge Henne),Henne und Fuchs - 0003.tif,.tif,scan,230484,2015-03-12
Neue Texte (zu bearbeiten)/Liedersaal Scans_Originalbilder/Liedersaal I/36. Die Tierbeichte (Die beichtenden Tiere),Die Tierbeichte - 0001.tif,.tif,scan,440950,2015-03-12
Neue Texte (zu bearbeiten)/Liedersaal Scans_Originalbilder/Liedersaal I/36. Die Tierbeichte (Die beichtenden Tiere),Die Tierbeichte - 0002.tif,.tif,scan,272398,2015-03-12
Neue Texte (zu bearbeiten)/Liedersaal Scans_Originalbilder/Liedersaal I/37. Der Zahn (Der ekigte Zahn),Der Zahn - 0001.tif,.tif,scan,476024,2015-03-18
Neue Texte (zu bearbeiten)/Liedersaal Scans_Originalbilder/Liedersaal I/37. Der Zahn (Der ekigte Zahn),Der Zahn - 0002.tif,.tif,scan,644250,2015-03-18
Neue Texte (zu bearbeiten)/Liedersaal Scans_Originalbilder/Liedersaal I/37. Der Zahn (Der ekigte Zahn),Der Zahn - 0003.tif,.tif,scan,515794,2015-03-18
Neue Texte (zu bearbeiten)/Liedersaal Scans_Originalbilder/Liedersaal I/38. Der betrogene Blinde,Untitled.FR12 - 0001.tif,.tif,scan,502306,2015-03-18
Neue Texte (zu bearbeiten)/Liedersaal Scans_Originalbilder/Liedersaal I/38. Der betrogene Blinde,Untitled.FR12 - 0002.tif,.tif,scan,591146,2015-03-18
Neue Texte (zu bearbeiten)/Liedersaal Scans_Originalbilder/Liedersaal I/45. Hero und Leander,Hero und Leander - 0001.tif,.tif,scan,676028,2015-03-25
Neue Texte (zu bearbeiten)/Liedersaal Scans_Originalbilder/Liedersaal I/45. Hero und Leander,Hero und Leander - 0002.tif,.tif,scan,805060,2015-03-25
Neue Texte (zu bearbeiten)/Liedersaal Scans_Originalbilder/Liedersaal I/45. Hero und Leander,Hero und Leander - 0003.tif,.tif,scan,607058,2015-03-25
Neue Texte (zu bearbeiten)/Liedersaal Scans_Originalbilder/Liedersaal I/45. Hero und Leander,Hero und Leander - 0004.tif,.tif,scan,806824,2015-03-25
Neue Texte (zu bearbeiten)/Liedersaal Scans_Originalbilder/Liedersaal I/45. Hero und Leander,Hero und Leander - 0005.tif,.tif,scan,555932,2015-03-25
Neue Texte (zu bearbeiten)/Liedersaal Scans_Originalbilder/Liedersaal I/45. Hero und Leander,Hero und Leander - 0006.tif,.tif,scan,922066,2015-03-25
Neue Texte (zu bearbeiten)/Liedersaal Scans_Originalbilder/Liedersaal I/45. Hero und Leander,Hero und Leander - 0007.tif,.tif,scan,706382,2015-03-25
Neue Texte (zu bearbeiten)/Liedersaal Scans_Originalbilder/Liedersaal I/45. Hero und Leander,Hero und Leander - 0008.tif,.tif,scan,899072,2015-03-25
Neue Texte (zu bearbeiten)/Liedersaal Scans_Originalbilder/Liedersaal I/45. Hero und Leander,Hero und Leander - 0009.tif,.tif,scan,706604,2015-03-25
Neue Texte (zu bearbeiten)/Liedersaal Scans_Originalbilder/Liedersaal I/45. Hero und Leander,Hero und Leander - 0010.tif,.tif,scan,842902,2015-03-25
Neue Texte (zu bearbeiten)/Liedersaal Scans_Originalbilder/Liedersaal I/45. Hero und Leander,Hero und Leander - 0011.tif,.tif,scan,543376,2015-03-25
Neue Texte (zu bearbeiten)/Liedersaal Scans_Originalbilder/Liedersaal I/45. Hero und Leander,Hero und Leander - 0012.tif,.tif,scan,717688,2015-03-25
Neue Texte (zu bearbeiten)/Liedersaal Scans_Originalbilder/Liedersaal I/45. Hero und Leander,Hero und Leander - 0013.tif,.tif,scan,702602,2015-03-25
Neue Texte (zu bearbeiten)/Liedersaal Scans_Originalbilder/Liedersaal I/45. Hero und Leander,Hero und Leander - 0014.tif,.tif,scan,593836,2015-03-25
Neue Texte (zu bearbeiten)/Liedersaal Scans_Originalbilder/Liedersaal I/49. Die Kohlen,Die Kohlen - 0001.tif,.tif,scan,491356,2015-03-25
Neue Texte (zu bearbeiten)/Liedersaal Scans_Originalbilder/Liedersaal I/49. Die Kohlen,Die Kohlen - 0002.tif,.tif,scan,579292,2015-03-25
Neue Texte (zu bearbeiten)/Liedersaal Scans_Originalbilder/Liedersaal I/50. Frau Ehrenkranz,Frau Ehrenkranz - 0001.tif,.tif,scan,452608,2015-04-09
Neue Texte (zu bearbeiten)/Liedersaal Scans_Originalbilder/Liedersaal I/50. Frau Ehrenkranz,Frau Ehrenkranz - 0002.tif,.tif,scan,742820,2015-04-09
Neue Texte (zu bearbeiten)/Liedersaal Scans_Originalbilder/Liedersaal I/50. Frau Ehrenkranz,Frau Ehrenkranz - 0003.tif,.tif,scan,548442,2015-04-09
Neue Texte (zu bearbeiten)/Liedersaal Scans_Originalbilder/Liedersaal I/50. Frau Ehrenkranz,Frau Ehrenkranz - 0004.tif,.tif,scan,711376,2015-04-09
Neue Texte (zu bearbeiten)/Liedersaal Scans_Originalbilder/Liedersaal I/50. Frau Ehrenkranz,Frau Ehrenkranz - 0005.tif,.tif,scan,512568,2015-04-09
Neue Texte (zu bearbeiten)/Liedersaal Scans_Originalbilder/Liedersaal I/50. Frau Ehrenkranz,Frau Ehrenkranz - 0006.tif,.tif,scan,887336,2015-04-09
Neue Texte (zu bearbeiten)/Liedersaal Scans_Originalbilder/Liedersaal I/50. Frau Ehrenkranz,Frau Ehrenkranz - 0007.tif,.tif,scan,487204,2015-04-09
Neue Texte (zu bearbeiten)/Liedersaal Scans_Originalbilder/Liedersaal I/50. Frau Ehrenkranz,Frau Ehrenkranz - 0008.tif,.tif,scan,656308,2015-04-09
Neue Texte (zu bearbeiten)/Liedersaal Scans_Originalbilder/Liedersaal I/50. Frau Ehrenkranz,Frau Ehrenkranz - 0009.tif,.tif,scan,504522,2015-04-09
Neue Texte (zu bearbeiten)/Liedersaal Scans_Originalbilder/Liedersaal I/50. Frau Ehrenkranz,Frau Ehrenkranz - 0010.tif,.tif,scan,685248,2015-04-09
Neue Texte (zu bearbeiten)/Liedersaal Scans_Originalbilder/Liedersaal I/50. Frau Ehrenkranz,Frau Ehrenkranz - 0011.tif,.tif,scan,584016,2015-04-09
Neue Texte (zu bearbeiten)/Liedersaal Scans_Originalbilder/Liedersaal I/50. Frau Ehrenkranz,Frau Ehrenkranz - 0012.tif,.tif,scan,551604,2015-04-09
Neue Texte (zu bearbeiten)/Liedersaal Scans_Originalbilder/Liedersaal I/51. Viel anders,Viel anders - 0001.tif,.tif,scan,443558,2015-05-04
Neue Texte (zu bearbeiten)/Liedersaal Scans_Originalbilder/Liedersaal I/51. Viel anders,Viel anders - 0002.tif,.tif,scan,736580,2015-05-04
Neue Texte (zu bearbeiten)/Liedersaal Scans_Originalbilder/Liedersaal I/51. Viel anders,Viel anders - 0003.tif,.tif,scan,586456,2015-05-04
Neue Texte (zu bearbeiten)/Liedersaal Scans_Originalbilder/Liedersaal I/51. Viel anders,Viel anders - 0004.tif,.tif,scan,490508,2015-05-04
Neue Texte (zu bearbeiten)/Liedersaal Scans_Originalbilder/Liedersaal I/52. Die groesste Falschheit,52. Die groesste Falschheit - 0001.tif,.tif,scan,625470,2015-05-04
Neue Texte (zu bearbeiten)/Liedersaal Scans_Originalbilder/Liedersaal I/52. Die groesste Falschheit,52. Die groesste Falschheit - 0002.tif,.tif,scan,681444,2015-05-04
Neue Texte (zu bearbeiten)/Liedersaal Scans_Originalbilder/Liedersaal I/52. Die groesste Falschheit,52. Die groesste Falschheit - 0003.tif,.tif,scan,431746,2015-05-04
Neue Texte (zu bearbeiten)/Liedersaal Scans_Originalbilder/Liedersaal I/53. Der Hof Schnupfen,53. Der Hof Schnupfen - 0001.tif,.tif,scan,539374,2015-05-04
Neue Texte (zu bearbeiten)/Liedersaal Scans_Originalbilder/Liedersaal I/53. Der Hof Schnupfen,53. Der Hof Schnupfen - 0002.tif,.tif,scan,709396,2015-05-04
Neue Texte (zu bearbeiten)/Liedersaal Scans_Originalbilder/Liedersaal I/53. Der Hof Schnupfen,53. Der Hof Schnupfen - 0003.tif,.tif,scan,588970,2015-05-04
Neue Texte (zu bearbeiten)/Liedersaal Scans_Originalbilder/Liedersaal I/53. Der Hof Schnupfen,53. Der Hof Schnupfen - 0004.tif,.tif,scan,874554,2015-05-04
Neue Texte (zu bearbeiten)/Liedersaal Scans_Originalbilder/Liedersaal I/53. Der Hof Schnupfen,53. Der Hof Schnupfen - 0005.tif,.tif,scan,251366,2015-05-04
Neue Texte (zu bearbeiten)/Liedersaal Scans_Originalbilder/Liedersaal I/55. Was Grosz seie,55. Was Grosz seie.tif,.tif,scan,313620,2015-05-05
Neue Texte (zu bearbeiten)/Liedersaal Scans_Originalbilder/Liedersaal I/56. Kloster Sitten,56. Kloster Sitten - 0001.tif,.tif,scan,503714,2015-05-05
Neue Texte (zu bearbeiten)/Liedersaal Scans_Originalbilder/Liedersaal I/56. Kloster Sitten,56. Kloster Sitten - 0002.tif,.tif,scan,739100,2015-05-05
Neue Texte (zu bearbeiten)/Liedersaal Scans_Originalbilder/Liedersaal I/56. Kloster Sitten,56. Kloster Sitten - 0003.tif,.tif,scan,514186,2015-05-05
Neue Texte (zu bearbeiten)/Liedersaal Scans_Originalbilder/Liedersaal I/56. Kloster Sitten,56. Kloster Sitten - 0004.tif,.tif,scan,320826,2015-05-05
Neue Texte (zu bearbeiten)/Liedersaal Scans_Originalbilder/Liedersaal I/57. Von der Selbstrache,57. Von der Selbstrache - 0001.tif,.tif,scan,626518,2015-05-07
Neue Texte (zu bearbeiten)/Liedersaal Scans_Originalbilder/Liedersaal I/57. Von der Selbstrache,57. Von der Selbstrache - 0002.tif,.tif,scan,801478,2015-05-07
Neue Texte (zu bearbeiten)/Liedersaal Scans_Originalbilder/Liedersaal I/57. Von der Selbstrache,57. Von der Selbstrache - 0003.tif,.tif,scan,423522,2015-05-07
Neue Texte (zu bearbeiten)/Liedersaal Scans_Originalbilder/Liedersaal I/57. Von der Selbstrache,57. Von der Selbstrache - 0004.tif,.tif,scan,451272,2015-05-07
Neue Texte (zu bearbeiten)/Liedersaal Scans_Originalbilder/Liedersaal I/58. Ob Warheit schaedlich seie,58. Ob Warheit schaedlich seie - 0001.tif,.tif,scan,535468,2015-05-07
Neue Texte (zu bearbeiten)/Liedersaal Scans_Originalbilder/Liedersaal I/58. Ob Warheit schaedlich seie,58. Ob Warheit schaedlich seie - 0002.tif,.tif,scan,832820,2015-05-07
Neue Texte (zu bearbeiten)/Liedersaal Scans_Originalbilder/Liedersaal I/58. Ob Warheit schaedlich seie,58. Ob Warheit schaedlich seie - 0003.tif,.tif,scan,412156,2015-05-07
Neue Texte (zu bearbeiten)/Liedersaal Scans_Originalbilder/Liedersaal I/58. Ob Warheit schaedlich seie,58. Ob Warheit schaedlich seie - 0004.tif,.tif,scan,403654,2015-05-07
Neue Texte (zu bearbeiten)/Liedersaal Scans_Originalbilder/Liedersaal I/59. Vom Luegen und Verraten,59. Vom Luegen und Verraten - 0001.tif,.tif,scan,417560,2015-05-07
Neue Texte (zu bearbeiten)/Liedersaal Scans_Originalbilder/Liedersaal I/59. Vom Luegen und Verraten,59. Vom Luegen und Verraten - 0002.tif,.tif,scan,623434,2015-05-07
Neue Texte (zu bearbeiten)/Liedersaal Scans_Originalbilder/Liedersaal I/59. Vom Luegen und Verraten,59. Vom Luegen und Verraten - 0003.tif,.tif,scan,451712,2015-05-07
Neue Texte (zu bearbeiten)/Liedersaal Scans_Originalbilder/Liedersaal I/60. Von Zorn und Krieg,60. Von Zorn und Krieg - 0001.tif,.tif,scan,582434,2015-05-11
Neue Texte (zu bearbeiten)/Liedersaal Scans_Originalbilder/Liedersaal I/60. Von Zorn und Krieg,60. Von Zorn und Krieg - 0002.tif,.tif,scan,877884,2015-05-11
Neue Texte (zu bearbeiten)/Liedersaal Scans_Originalbilder/Liedersaal I/60. Von Zorn und Krieg,60. Von Zorn und Krieg - 0003.tif,.tif,scan,453220,2015-05-11
Neue Texte (zu bearbeiten)/Liedersaal Scans_Originalbilder/Liedersaal I/60. Von Zorn und Krieg,60. Von Zorn und Krieg - 0004.tif,.tif,scan,409542,2015-05-11
Neue Texte (zu bearbeiten)/Liedersaal Scans_Originalbilder/Liedersaal I/61. Von Ehestand und Klosterleben,61. Von Ehestand und Klosterleben - 0001.tif,.tif,scan,643244,2015-05-11
Neue Texte (zu bearbeiten)/Liedersaal Scans_Originalbilder/Liedersaal I/61. Von Ehestand und Klosterleben,61. Von Ehestand und Klosterleben - 0002.tif,.tif,scan,730518,2015-05-11
Neue Texte (zu bearbeiten)/Liedersaal Scans_Originalbilder/Liedersaal I/61. Von Ehestand und Klosterleben,61. Von Ehestand und Klosterleben - 0003.tif,.tif,scan,428170,2015-05-11
Neue Texte (zu bearbeiten)/Liedersaal Scans_Originalbilder/Liedersaal I/62. Die alte und die neue Welt,62. Die alte und die neue Welt - 0001.tif,.tif,scan,610586,2015-05-11
Neue Texte (zu bearbeiten)/Liedersaal Scans_Originalbilder/Liedersaal I/62. Die alte und die neue Welt,62. Die alte und die neue Welt - 0002.tif,.tif,scan,742686,2015-05-11
Neue Texte (zu bearbeiten)/Liedersaal Scans_Originalbilder/Liedersaal I/62. Die alte und die neue Welt,62. Die alte und die neue Welt - 0003.tif,.tif,scan,484122,2015-05-11
Neue Texte (zu bearbeiten)/Liedersaal Scans_Originalbilder/Liedersaal I/63. Der Feind seiner selbst,63. Der Feind seiner selbst - 0001.tif,.tif,scan,423480,2015-05-18
Neue Texte (zu bearbeiten)/Liedersaal Scans_Originalbilder/Liedersaal I/63. Der Feind seiner selbst,63. Der Feind seiner selbst - 0002.tif,.tif,scan,678276,2015-05-18
Neue Texte (zu bearbeiten)/Liedersaal Scans_Originalbilder/Liedersaal I/63. Der Feind seiner selbst,63. Der Feind seiner selbst - 0003.tif,.tif,scan,589948,2015-05-18
Neue Texte (zu bearbeiten)/Liedersaal Scans_Originalbilder/Liedersaal I/63. Der Feind seiner selbst,63. Der Feind seiner selbst - 0004.tif,.tif,scan,368588,2015-05-18
Neue Texte (zu bearbeiten)/Liedersaal Scans_Originalbilder/Liedersaal I/64. Der Weg zum Himmel,64. Der Weg zum Himmel - 0001.tif,.tif,scan,543030,2015-05-18
Neue Texte (zu bearbeiten)/Liedersaal Scans_Originalbilder/Liedersaal I/64. Der Weg zum Himmel,64. Der Weg zum Himmel - 0002.tif,.tif,scan,680866,2015-05-18
Neue Texte (zu bearbeiten)/Liedersaal Scans_Originalbilder/Liedersaal I/64. Der Weg zum Himmel,64. Der Weg zum Himmel - 0003.tif,.tif,scan,238796,2015-05-18
Neue Texte (zu bearbeiten)/Liedersaal Scans_Originalbilder/Liedersaal I/65. Von den Freistätten,65. Von den Freistätten - 0001.tif,.tif,scan,411678,2015-05-18
Neue Texte (zu bearbeiten)/Liedersaal Scans_Originalbilder/Liedersaal I/65. Von den Freistätten,65. Von den Freistätten - 0002.tif,.tif,scan,682892,2015-05-18
Neue Texte (zu bearbeiten)/Liedersaal Scans_Originalbilder/Liedersaal I/65. Von den Freistätten,65. Von den Freistätten - 0003.tif,.tif,scan,403212,2015-05-18
Neue Texte (zu bearbeiten)/Liedersaal Scans_Originalbilder/Liedersaal I/65. Von den Freistätten,65. Von den Freistätten - 0004.tif,.tif,scan,727048,2015-05-18
Neue Texte (zu bearbeiten)/Liedersaal Scans_Originalbilder/Liedersaal I/65. Von den Freistätten,65. Von den Freistätten - 0005.tif,.tif,scan,395218,2015-05-18
Neue Texte (zu bearbeiten)/Liedersaal Scans_Originalbilder/Liedersaal I/65. Von den Freistätten,65. Von den Freistätten - 0006.tif,.tif,scan,462660,2015-05-18
Neue Texte (zu bearbeiten)/Liedersaal Scans_Originalbilder/Liedersaal I/66. Das schlimme Zeichen,66. Das schlimme Zeichen - 0001.tif,.tif,scan,518458,2015-05-19
Neue Texte (zu bearbeiten)/Liedersaal Scans_Originalbilder/Liedersaal I/66. Das schlimme Zeichen,66. Das schlimme Zeichen - 0002.tif,.tif,scan,455716,2015-05-19
Neue Texte (zu bearbeiten)/Liedersaal Scans_Originalbilder/Liedersaal I/67. Von der Reue,67. Von der Reue - 0001.tif,.tif,scan,501736,2015-05-19
Neue Texte (zu bearbeiten)/Liedersaal Scans_Originalbilder/Liedersaal I/67. Von der Reue,67. Von der Reue - 0002.tif,.tif,scan,629048,2015-05-19
Neue Texte (zu bearbeiten)/Liedersaal Scans_Originalbilder/Liedersaal I/67. Von der Reue,67. Von der Reue - 0003.tif,.tif,scan,597256,2015-05-19
Neue Texte (zu bearbeiten)/Liedersaal Scans_Originalbilder/Liedersaal I/67. Von der Reue,67. Von der Reue - 0004.tif,.tif,scan,592370,2015-05-19
Neue Texte (zu bearbeiten)/Liedersaal Scans_Originalbilder/Liedersaal I/67. Von der Reue,67. Von der Reue - 0005.tif,.tif,scan,516568,2015-05-19
Neue Texte (zu bearbeiten)/Liedersaal Scans_Originalbilder/Liedersaal I/67. Von der Reue,67. Von der Reue - 0006.tif,.tif,scan,334520,2015-05-19
Neue Texte (zu bearbeiten)/Liedersaal Scans_Originalbilder/Liedersaal I/69. Von den falschen Ruehmern,69. Von den falschen Ruehmern - 0001.tif,.tif,scan,399016,2015-05-21
Neue Texte (zu bearbeiten)/Liedersaal Scans_Originalbilder/Liedersaal I/69. Von den falschen Ruehmern,69. Von den falschen Ruehmern - 0002.tif,.tif,scan,520942,2015-05-21
"Neue Texte (zu bearbeiten)/Liedersaal Scans_Originalbilder/Liedersaal I/71. Minnedurst, Von großem Durste","71. Minnedurst, Von großem Durste - 0001.tif",.tif,scan,361814,2015-05-21
"Neue Texte (zu bearbeiten)/Liedersaal Scans_Originalbilder/Liedersaal I/71. Minnedurst, Von großem Durste","71. Minnedurst, Von großem Durste - 0002.tif",.tif,scan,517144,2015-05-21
"Neue Texte (zu bearbeiten)/Liedersaal Scans_Originalbilder/Liedersaal I/71. Minnedurst, Von großem Durste","71. Minnedurst, Von großem Durste - 0003.tif",.tif,scan,417032,2015-05-21
"Neue Texte (zu bearbeiten)/Liedersaal Scans_Originalbilder/Liedersaal I/71. Minnedurst, Von großem Durste","71. Minnedurst, Von großem Durste - 0004.tif",.tif,scan,774382,2015-05-21
"Neue Texte (zu bearbeiten)/Liedersaal Scans_Originalbilder/Liedersaal I/71. Minnedurst, Von großem Durste","71. Minnedurst, Von großem Durste - 0005.tif",.tif,scan,526924,2015-05-21
"Neue Texte (zu bearbeiten)/Liedersaal Scans_Originalbilder/Liedersaal I/71. Minnedurst, Von großem Durste","71. Minnedurst, Von großem Durste - 0006.tif",.tif,scan,619212,2015-05-21
"Neue Texte (zu bearbeiten)/Liedersaal Scans_Originalbilder/Liedersaal I/71. Minnedurst, Von großem Durste","71. Minnedurst, Von großem Durste - 0007.tif",.tif,scan,552146,2015-05-21
"Neue Texte (zu bearbeiten)/Liedersaal Scans_Originalbilder/Liedersaal I/71. Minnedurst, Von großem Durste","71. Minnedurst, Von großem Durste - 0008.tif",.tif,scan,446364,2015-05-21
Neue Texte (zu bearbeiten)/Liedersaal Scans_Originalbilder/Liedersaal I/73. Heinz der Kellner,73. Heinz der Kellner - 0001.tif,.tif,scan,491856,2015-06-08
Neue Texte (zu bearbeiten)/Liedersaal Scans_Originalbilder/Liedersaal I/73. Heinz der Kellner,73. Heinz der Kellner - 0002.tif,.tif,scan,711942,2015-06-08
Neue Texte (zu bearbeiten)/Liedersaal Scans_Originalbilder/Liedersaal I/73. Heinz der Kellner,73. Heinz der Kellner - 0003.tif,.tif,scan,481066,2015-06-08
Neue Texte (zu bearbeiten)/Liedersaal Scans_Originalbilder/Liedersaal I/73. Heinz der Kellner,73. Heinz der Kellner - 0004.tif,.tif,scan,640638,2015-06-08
Neue Texte (zu bearbeiten)/Liedersaal Scans_Originalbilder/Liedersaal I/73. Heinz der Kellner,73. Heinz der Kellner - 0005.tif,.tif,scan,389566,2015-06-08
Neue Texte (zu bearbeiten)/Liedersaal Scans_Originalbilder/Liedersaal I/73. Heinz der Kellner,73. Heinz der Kellner - 0006.tif,.tif,scan,751662,2015-06-08
Neue Texte (zu bearbeiten)/Liedersaal Scans_Originalbilder/Liedersaal I/73. Heinz der Kellner,73. Heinz der Kellner - 0007.tif,.tif,scan,284708,2015-06-08
Neue Texte (zu bearbeiten)/Liedersaal Scans_Originalbilder/Liedersaal I/74. Der Pfennigwertwitz,74. der Pfennigwertwitz - 0001.tif,.tif,scan,412538,2015-06-08
Neue Texte (zu bearbeiten)/Liedersaal Scans_Originalbilder/Liedersaal I/74. Der Pfennigwertwitz,74. der Pfennigwertwitz - 0002.tif,.tif,scan,535462,2015-06-08
Neue Texte (zu bearbeiten)/Liedersaal Scans_Originalbilder/Liedersaal I/74. Der Pfennigwertwitz,74. der Pfennigwertwitz - 0003.tif,.tif,scan,294850,2015-06-08
Neue Texte (zu bearbeiten)/Liedersaal Scans_Originalbilder/Liedersaal I/76. Facetus Cum nihil utilius,76. Facetus Cum nihil utilius - 0001.tif,.tif,scan,506464,2015-06-09
Neue Texte (zu bearbeiten)/Liedersaal Scans_Originalbilder/Liedersaal I/76. Facetus Cum nihil utilius,76. Facetus Cum nihil utilius - 0002.tif,.tif,scan,502544,2015-06-09
Neue Texte (zu bearbeiten)/Liedersaal Scans_Originalbilder/Liedersaal I/76. Facetus Cum nihil utilius,76. Facetus Cum nihil utilius - 0003.tif,.tif,scan,491426,2015-06-09
Neue Texte (zu bearbeiten)/Liedersaal Scans_Originalbilder/Liedersaal I/76. Facetus Cum nihil utilius,76. Facetus Cum nihil utilius - 0004.tif,.tif,scan,509170,2015-06-09
Neue Texte (zu bearbeiten)/Liedersaal Scans_Originalbilder/Liedersaal I/76. Facetus Cum nihil utilius,76. Facetus Cum nihil utilius - 0005.tif,.tif,scan,505926,2015-06-09
Neue Texte (zu bearbeiten)/Liedersaal Scans_Originalbilder/Liedersaal I/76. Facetus Cum nihil utilius,76. Facetus Cum nihil utilius - 0006.tif,.tif,scan,604918,2015-06-09
Neue Texte (zu bearbeiten)/Liedersaal Scans_Originalbilder/Liedersaal I/76. Facetus Cum nihil utilius,76. Facetus Cum nihil utilius - 0007.tif,.tif,scan,387850,2015-06-09
Neue Texte (zu bearbeiten)/Liedersaal Scans_Originalbilder/Liedersaal I/76. Facetus Cum nihil utilius,76. Facetus Cum nihil utilius - 0008.tif,.tif,scan,646536,2015-06-09
Neue Texte (zu bearbeiten)/Liedersaal Scans_Originalbilder/Liedersaal I/76. Facetus Cum nihil utilius,76. Facetus Cum nihil utilius - 0009.tif,.tif,scan,541868,2015-06-09
Neue Texte (zu bearbeiten)/Liedersaal Scans_Originalbilder/Liedersaal I/76. Facetus Cum nihil utilius,76. Facetus Cum nihil utilius - 0010.tif,.tif,scan,628166,2015-06-09
Neue Texte (zu bearbeiten)/Liedersaal Scans_Originalbilder/Liedersaal I/76. Facetus Cum nihil utilius,76. Facetus Cum nihil utilius - 0011.tif,.tif,scan,622916,2015-06-09
Neue Texte (zu bearbeiten)/Liedersaal Scans_Originalbilder/Liedersaal I/76. Facetus Cum nihil utilius,76. Facetus Cum nihil utilius - 0012.tif,.tif,scan,418078,2015-06-09
Neue Texte (zu bearbeiten)/Liedersaal Scans_Originalbilder/Liedersaal I/76. Facetus Cum nihil utilius,76. Facetus Cum nihil utilius - 0013.tif,.tif,scan,448254,2015-06-09
Neue Texte (zu bearbeiten)/Liedersaal Scans_Originalbilder/Liedersaal I/76. Facetus Cum nihil utilius,76. Facetus Cum nihil utilius - 0014.tif,.tif,scan,548036,2015-06-09
Neue Texte (zu bearbeiten)/Liedersaal Scans_Originalbilder/Liedersaal I/76. Facetus Cum nihil utilius,76. Facetus Cum nihil utilius - 0015.tif,.tif,scan,304422,2015-06-09
Neue Texte (zu bearbeiten)/Liedersaal Scans_Originalbilder/Liedersaal I/III. Klage an eine harte Frau,Untitled.FR12 - 0001.tif,.tif,scan,504018,2014-10-16
Neue Texte (zu bearbeiten)/Liedersaal Scans_Originalbilder/Liedersaal I/III. Klage an eine harte Frau,Untitled.FR12 - 0002.tif,.tif,scan,481110,2014-10-16
Neue Texte (zu bearbeiten)/Liedersaal Scans_Originalbilder/Liedersaal I/III. Klage an eine harte Frau,Untitled.FR12 - 0003.tif,.tif,scan,501448,2014-10-16
Neue Texte (zu bearbeiten)/Liedersaal Scans_Originalbilder/Liedersaal I/III. Klage an eine harte Frau,Untitled.FR12 - 0004.tif,.tif,scan,624016,2014-10-16
Neue Texte (zu bearbeiten)/Liedersaal Scans_Originalbilder/Liedersaal I/III. Klage an eine harte Frau,Untitled.FR12 - 0005.tif,.tif,scan,287746,2014-10-16
Neue Texte (zu bearbeiten)/Liedersaal Scans_Originalbilder/Liedersaal I/IV. An die gefangene Geliebte,Untitled.FR12 - 0001.tif,.tif,scan,547442,2014-10-24
Neue Texte (zu bearbeiten)/Liedersaal Scans_Originalbilder/Liedersaal I/IV. An die gefangene Geliebte,Untitled.FR12 - 0002.tif,.tif,scan,565464,2014-10-24
Neue Texte (zu bearbeiten)/Liedersaal Scans_Originalbilder/Liedersaal I/IV. Aufkündung der Minne,Untitled.FR12 - 0001.tif,.tif,scan,381680,2014-10-16
Neue Texte (zu bearbeiten)/Liedersaal Scans_Originalbilder/Liedersaal I/IV. Aufkündung der Minne,Untitled.FR12 - 0002.tif,.tif,scan,358444,2014-10-16
Neue Texte (zu bearbeiten)/Liedersaal Scans_Originalbilder/Liedersaal I/V. Flehen um Gegenliebe,Untitled.FR12 - 0001.tif,.tif,scan,426006,2014-10-16
Neue Texte (zu bearbeiten)/Liedersaal Scans_Originalbilder/Liedersaal I/V. Flehen um Gegenliebe,Untitled.FR12 - 0002.tif,.tif,scan,419172,2014-10-16
Neue Texte (zu bearbeiten)/Liedersaal Scans_Originalbilder/Liedersaal I/V. Flehen um Gegenliebe,Untitled.FR12 - 0003.tif,.tif,scan,539152,2014-10-16
Neue Texte (zu bearbeiten)/Liedersaal Scans_Originalbilder/Liedersaal I/V. Flehen um Gegenliebe,Untitled.FR12 - 0004.tif,.tif,scan,144094,2014-10-16
Neue Texte (zu bearbeiten)/Liedersaal Scans_Originalbilder/Liedersaal I/VI. Antwort der Geliebten,Untitled.FR12 - 0001.tif,.tif,scan,408934,2014-10-21
Neue Texte (zu bearbeiten)/Liedersaal Scans_Originalbilder/Liedersaal I/VI. Antwort der Geliebten,Untitled.FR12 - 0002.tif,.tif,scan,150566,2014-10-21
Neue Texte (zu bearbeiten)/Liedersaal Scans_Originalbilder/Liedersaal I/VII. Dank und Gruss an die Geliebte,Untitled.FR12 - 0001.tif,.tif,scan,399660,2014-10-21
Neue Texte (zu bearbeiten)/Liedersaal Scans_Originalbilder/Liedersaal I/VII. Dank und Gruss an die Geliebte,Untitled.FR12 - 0002.tif,.tif,scan,1014226,2014-10-21
Neue Texte (zu bearbeiten)/Liedersaal Scans_Originalbilder/Liedersaal I/VII. Dank und Gruss an die Geliebte,Untitled.FR12 - 0003.tif,.tif,scan,644646,2014-10-21
Neue Texte (zu bearbeiten)/Liedersaal Scans_Originalbilder/Liedersaal I/VII. Dank und Gruss an die Geliebte,Untitled.FR12 - 0004.tif,.tif,scan,333174,2014-10-21
Neue Texte (zu bearbeiten)/Liedersaal Scans_Originalbilder/Liedersaal I/VIII. Liebes Erklärung,Untitled.FR12 - 0001.tif,.tif,scan,422058,2014-10-21
Neue Texte (zu bearbeiten)/Liedersaal Scans_Originalbilder/Liedersaal I/VIII. Liebes Erklärung,Untitled.FR12 - 0002.tif,.tif,scan,568010,2014-10-21
Neue Texte (zu bearbeiten)/Liedersaal Scans_Originalbilder/Liedersaal I/VIII. Liebes Erklärung,Untitled.FR12 - 0003.tif,.tif,scan,522748,2014-10-21
Neue Texte (zu bearbeiten)/Liedersaal Scans_Originalbilder/Liedersaal I/VIII. Liebes Erklärung,Untitled.FR12 - 0004.tif,.tif,scan,274360,2014-10-21
Neue Texte (zu bearbeiten)/Liedersaal Scans_Originalbilder/Liedersaal I/X. Der getäuschte Minner,Untitled.FR12 - 0001.tif,.tif,scan,451010,2014-10-24
Neue Texte (zu bearbeiten)/Liedersaal Scans_Originalbilder/Liedersaal I/X. Der getäuschte Minner,Untitled.FR12 - 0002.tif,.tif,scan,610200,2014-10-24
Neue Texte (zu bearbeiten)/Liedersaal Scans_Originalbilder/Liedersaal I/X. Der getäuschte Minner,Untitled.FR12 - 0003.tif,.tif,scan,327696,2014-10-24
Neue Texte (zu bearbeiten)/Liedersaal Scans_Originalbilder/Liedersaal I/XI. Liebes Klage,Untitled.FR12 - 0001.tif,.tif,scan,376280,2014-10-24
Neue Texte (zu bearbeiten)/Liedersaal Scans_Originalbilder/Liedersaal I/XI. Liebes Klage,Untitled.FR12 - 0002.tif,.tif,scan,351594,2014-10-24
Neue Texte (zu bearbeiten)/Liedersaal Texte,100. Gebet.rtf,.rtf,text,33864,2015-07-21
Neue Texte (zu bearbeiten)/Liedersaal Texte,101. Spruch Gedicht.rtf,.rtf,text,40667,2015-07-21
Neue Texte (zu bearbeiten)/Liedersaal Texte,103. Was die Seele seie.rtf,.rtf,text,37756,2015-07-21
Neue Texte (zu bearbeiten)/Liedersaal Texte,104. Vom Wucher.rtf,.rtf,text,40298,2015-07-21
Neue Texte (zu bearbeiten)/Liedersaal Texte,105. Vom Neide.rtf,.rtf,text,39655,2015-07-21
Neue Texte (zu bearbeiten)/Liedersaal Texte,106. Spruch Gedicht.rtf,.rtf,text,36538,2015-07-21
Neue Texte (zu bearbeiten)/Liedersaal Texte,107. Christus der Erloeser.rtf,.rtf,text,33638,2015-07-21
Neue Texte (zu bearbeiten)/Liedersaal Texte,109. Der Welt Unmacht.rtf,.rtf,text,34433,2015-07-21
Neue Texte (zu bearbeiten)/Liedersaal Texte,110. Spruch Gedicht.rtf,.rtf,text,43056,2015-07-23
Neue Texte (zu bearbeiten)/Liedersaal Texte,111. Spruch Gedicht.rtf,.rtf,text,44490,2015-07-23
Neue Texte (zu bearbeiten)/Liedersaal Texte,112. Spruch von den Fuersten.rtf,.rtf,text,53386,2015-07-23
Neue Texte (zu bearbeiten)/Liedersaal Texte,113. Spruch Gedicht.rtf,.rtf,text,86920,2015-08-06
Neue Texte (zu bearbeiten)/Liedersaal Texte,114. Spruech von der Freundschaft.rtf,.rtf,text,52114,2015-08-06
Neue Texte (zu bearbeiten)/Liedersaal Texte,115. Spruch von der Zunge.rtf,.rtf,text,38991,2015-08-06
Neue Texte (zu bearbeiten)/Liedersaal Texte,116. Spruch von der Trunkenheit.rtf,.rtf,text,37651,2015-08-06
Neue Texte (zu bearbeiten)/Liedersaal Texte,117. Von drei reinen Menschen.rtf,.rtf,text,34948,2015-08-06
Neue Texte (zu bearbeiten)/Liedersaal Texte,25. Das Zelt der Minne (Der Traum).rtf,.rtf,text,150533,2015-01-19
Neue Texte (zu bearbeiten)/Liedersaal Texte,26. Die sechs Farben (Von den Farben).rtf,.rtf,text,63287,2015-01-21
Neue Texte (zu bearbeiten)/Liedersaal Texte,27. Das Auge (Frauenliebe).rtf,.rtf,text,105639,2015-01-27
Neue Texte (zu bearbeiten)/Liedersaal Texte,"28. Ruschart, Der Minne Klaffer (Der Liebesstreit).rtf",.rtf,text,150408,2015-01-29
Neue Texte (zu bearbeiten)/Liedersaal Texte,29. Die Minne vor Gericht.rtf,.rtf,text,96177,2015-02-03
Neue Texte (zu bearbeiten)/Liedersaal Texte,30. Das Zauberkraut.rtf,.rtf,text,101405,2015-02-05
Neue Texte (zu bearbeiten)/Liedersaal Texte,32. Frau Venus und die Minnenden.rtf,.rtf,text,88160,2015-03-05
Neue Texte (zu bearbeiten)/Liedersaal Texte,33. Die zwei Beichten A (Die Beichte).rtf,.rtf,text,51041,2015-03-05
Neue Texte (zu bearbeiten)/Liedersaal Texte,34. Die Jagd des Lebens.rtf,.rtf,text,50831,2015-03-12
Neue Texte (zu bearbeiten)/Liedersaal Texte,35. Henne und Fuchs (Die junge Henne).rtf,.rtf,text,49150,2015-03-12
Neue Texte (zu bearbeiten)/Liedersaal Texte,36. Die Tierbeichte (Die beichtenden Tiere).rtf,.rtf,text,41834,2015-03-12
Neue Texte (zu bearbeiten)/Liedersaal Texte,37. Der Zahn (Der ekigte Zahn).rtf,.rtf,text,53418,2015-03-18
Neue Texte (zu bearbeiten)/Liedersaal Texte,38. Der betrogene Blinde.rtf,.rtf,text,46109,2015-03-18
Neue Texte (zu bearbeiten)/Liedersaal Texte,39. Der Streit um Epps Axt (Der Streit um die Axt).rtf,.rtf,text,59228,2015-03-18
Neue Texte (zu bearbeiten)/Liedersaal Texte,40. Der gestohlene Schinken (Der ungetreue Nachbar).rtf,.rtf,text,55550,2015-03-23
Neue Texte (zu bearbeiten)/Liedersaal Texte,40. Der Wolf an der Wiege (Der Wolf als Kindsmagd).rtf,.rtf,text,52073,2015-03-23
Neue Texte (zu bearbeiten)/Liedersaal Texte,42. Die gezähmte Widerspenstige (Die zeltende Frau).rtf,.rtf,text,73432,2015-03-23
Neue Texte (zu bearbeiten)/Liedersaal Texte,45. Hero und Leander.rtf,.rtf,text,113833,2015-03-25
Neue Texte (zu bearbeiten)/Liedersaal Texte,46. Klage über die Trennung von der Geliebten (Klage über die Trennung).rtf,.rtf,text,48872,2015-03-25
Neue Texte (zu bearbeiten)/Liedersaal Texte,49. Die Kohlen (Die Kolen).rtf,.rtf,text,42288,2015-04-09
Neue Texte (zu bearbeiten)/Liedersaal Texte,50. Frau Ehrenkranz.rtf,.rtf,text,101523,2015-04-15
Neue Texte (zu bearbeiten)/Liedersaal Texte,51. Viel anders.rtf,.rtf,text,50731,2015-05-04
Neue Texte (zu bearbeiten)/Liedersaal Texte,54. Fluch über die ungetreuen Frauen.rtf,.rtf,text,61930,2015-05-05
Neue Texte (zu bearbeiten)/Liedersaal Texte,"71 Minnedurst, Von großem Durste.rtf",.rtf,text,78457,2015-06-08
Neue Texte (zu bearbeiten)/Liedersaal Texte,73. Heinz der Kellner.rtf,.rtf,text,78605,2015-06-08
Neue Texte (zu bearbeiten)/Liedersaal Texte,74. Der Pfennigwertwitz.rtf,.rtf,text,49099,2015-06-09
Neue Texte (zu bearbeiten)/Liedersaal Texte,76. Facetus cum nihl utilius.rtf,.rtf,text,118618,2015-06-18
Neue Texte (zu bearbeiten)/Liedersaal Texte,77. Von den Buchstaben.rtf,.rtf,text,58051,2015-06-18
Neue Texte (zu bearbeiten)/Liedersaal Texte,78. Die halbe Decke.rtf,.rtf,text,58732,2015-06-18
Neue Texte (zu bearbeiten)/Liedersaal Texte,80. Vom Ehren und Höhnen.rtf,.rtf,text,50638,2015-06-22
Neue Texte (zu bearbeiten)/Liedersaal Texte,82. Die Weintrauben.rtf,.rtf,text,55622,2015-06-22
Neue Texte (zu bearbeiten)/Liedersaal Texte,83. Die Gevatterinnen.rtf,.rtf,text,69579,2015-06-22
Neue Texte (zu bearbeiten)/Liedersaal Texte,84. Von der Gesellschaft.rtf,.rtf,text,57997,2015-06-25
Neue Texte (zu bearbeiten)/Liedersaal Texte,85. Wie Maria empfangen seie.rtf,.rtf,text,100335,2015-06-30
Neue Texte (zu bearbeiten)/Liedersaal Texte,86. Maria die Erloesende.rtf,.rtf,text,39111,2015-06-30
Neue Texte (zu bearbeiten)/Liedersaal Texte,87. Maria die alle Minnende.rtf,.rtf,text,39428,2015-07-02
Neue Texte (zu bearbeiten)/Liedersaal Texte,88. Ritter oder Knecht.rtf,.rtf,text,57554,2015-07-02
Neue Texte (zu bearbeiten)/Liedersaal Texte,89. Frauen machen Ritter.rtf,.rtf,text,52205,2015-07-08
Neue Texte (zu bearbeiten)/Liedersaal Texte,90. Der Minner und Kriegsmann.rtf,.rtf,text,59315,2015-07-08
Neue Texte (zu bearbeiten)/Liedersaal Texte,91 Das Recht und das Reich.rtf,.rtf,text,48485,2015-07-08
Neue Texte (zu bearbeiten)/Liedersaal Texte,92. Geld regiert die Welt.rtf,.rtf,text,35045,2015-07-08
Neue Texte (zu bearbeiten)/Liedersaal Texte,93. Der Fuchs und der Wolf.rtf,.rtf,text,44206,2015-07-14
Neue Texte (zu bearbeiten)/Liedersaal Texte,94. Die Macht der Natur.rtf,.rtf,text,39305,2015-07-14
Neue Texte (zu bearbeiten)/Liedersaal Texte,96. Gott sieht den Willen an.rtf,.rtf,text,45238,2015-07-14
Neue Texte (zu bearbeiten)/Liedersaal Texte,97. Christus zwei mal geboren.rtf,.rtf,text,38335,2015-07-14
Neue Texte (zu bearbeiten)/Liedersaal Texte,98. Dreierlei Kinder Gottes.rtf,.rtf,text,34912,2015-07-14
Neue Texte (zu bearbeiten)/Liedersaal Texte,99. Dreierlei Geister.rtf,.rtf,text,36262,2015-07-14
Neue Texte (zu bearbeiten)/Liedersaal Texte/Heinrich der Teichner 55 - 69,102. Spruch Gedicht.rtf,.rtf,text,37581,2015-07-21
Neue Texte (zu bearbeiten)/Liedersaal Texte/Heinrich der Teichner 55 - 69,55. Was Grosz seie.rtf,.rtf,text,36400,2015-05-05
Neue Texte (zu bearbeiten)/Liedersaal Texte/Heinrich der Teichner 55 - 69,56. Kloster Sitten.rtf,.rtf,text,50897,2015-05-05
Neue Texte (zu bearbeiten)/Liedersaal Texte/Heinrich der Teichner 55 - 69,57. Von der Selbstrache.rtf,.rtf,text,52869,2015-05-07
Neue Texte (zu bearbeiten)/Liedersaal Texte/Heinrich der Teichner 55 - 69,58. Ob Warheit schaedlich seie.rtf,.rtf,text,52543,2015-05-07
Neue Texte (zu bearbeiten)/Liedersaal Texte/Heinrich der Teichner 55 - 69,59. vom Luegen und Verraten.rtf,.rtf,text,47801,2015-05-07
Neue Texte (zu bearbeiten)/Liedersaal Texte/Heinrich der Teichner 55 - 69,60. Von Zorn und Krieg.rtf,.rtf,text,51284,2015-05-11
Neue Texte (zu bearbeiten)/Liedersaal Texte/Heinrich der Teichner 55 - 69,61. Von Ehestand und Klosterleben.rtf,.rtf,text,51078,2015-05-11
Neue Texte (zu bearbeiten)/Liedersaal Texte/Heinrich der Teichner 55 - 69,62. Die alte und die neue Welt.rtf,.rtf,text,48634,2015-05-18
Neue Texte (zu bearbeiten)/Liedersaal Texte/Heinrich der Teichner 55 - 69,63. Der Feind seiner selbst.rtf,.rtf,text,52690,2015-05-18
Neue Texte (zu bearbeiten)/Liedersaal Texte/Heinrich der Teichner 55 - 69,64.Der Weg zum Himmel.rtf,.rtf,text,49972,2015-05-18
Neue Texte (zu bearbeiten)/Liedersaal Texte/Heinrich der Teichner 55 - 69,65. Von den Freistaetten.rtf,.rtf,text,69322,2015-05-19
Neue Texte (zu bearbeiten)/Liedersaal Texte/Heinrich der Teichner 55 - 69,67. Von der Reue.rtf,.rtf,text,68226,2015-05-19
Neue Texte (zu bearbeiten)/Liedersaal Texte/Heinrich der Teichner 55 - 69,68. Von Gottes Guete und Gerechtigkeit.rtf,.rtf,text,50363,2015-05-21
Neue Texte (zu bearbeiten)/Liedersaal Texte/Heinrich der Teichner 55 - 69,69. Von den falschen Ruehmern.rtf,.rtf,text,44228,2015-05-21
Neue Texte (zu bearbeiten)/Liedersaal Texte/Heinrich der Teichner Gedicht D,95. Gott ewig derselbe.rtf,.rtf,text,49271,2015-07-14
Neue Texte (zu bearbeiten)/Liedersaal Texte/Heinrich der Teichner Gedichte Lied 52 und 53,52. Die groesste Falschheit.rtf,.rtf,text,52829,2015-05-04
Neue Texte (zu bearbeiten)/Liedersaal Texte/Heinrich der Teichner Gedichte Lied 52 und 53,53. Der Hof Schnupfen.rtf,.rtf,text,56827,2015-05-05
Neue Texte (zu bearbeiten)/Liedersaal Texte/Konstanzer Liebesbriefe,1. Bruchstük.rtf,.rtf,text,37833,2015-03-12
Neue Texte (zu bearbeiten)/Liedersaal Texte/Konstanzer Liebesbriefe,10. Der getäuschte Minner.rtf,.rtf,text,46381,2015-06-30
Neue Texte (zu bearbeiten)/Liedersaal Texte/Konstanzer Liebesbriefe,11. Liebes Klage.rtf,.rtf,text,42806,2015-06-30
Neue Texte (zu bearbeiten)/Liedersaal Texte/Konstanzer Liebesbriefe,12. An die Entfernte.rtf,.rtf,text,46704,2015-06-30
Neue Texte (zu bearbeiten)/Liedersaal Texte/Konstanzer Liebesbriefe,13. Gruß und Entschuldigung.rtf,.rtf,text,36616,2015-07-02
Neue Texte (zu bearbeiten)/Liedersaal Texte/Konstanzer Liebesbriefe,14. Liebes Gruss.rtf,.rtf,text,37926,2015-07-02
Neue Texte (zu bearbeiten)/Liedersaal Texte/Konstanzer Liebesbriefe,15. An die kranke Geliebte.rtf,.rtf,text,37759,2015-07-02
Neue Texte (zu bearbeiten)/Liedersaal Texte/Konstanzer Liebesbriefe,16. Bitte um Zusammenkommen.rtf,.rtf,text,62155,2015-07-02
Neue Texte (zu bearbeiten)/Liedersaal Texte/Konstanzer Liebesbriefe,17. An die zweifelnde Geliebte.rtf,.rtf,text,47775,2015-07-02
Neue Texte (zu bearbeiten)/Liedersaal Texte/Konstanzer Liebesbriefe,18. Abschieds Brief.rtf,.rtf,text,48239,2015-07-02
Neue Texte (zu bearbeiten)/Liedersaal Texte/Konstanzer Liebesbriefe,19. Der Minner und die Minne.rtf,.rtf,text,47541,2015-07-02
Neue Texte (zu bearbeiten)/Liedersaal Texte/Konstanzer Liebesbriefe,2. Liebesbrief.rtf,.rtf,text,51901,2015-06-30
Neue Texte (zu bearbeiten)/Liedersaal Texte/Konstanzer Liebesbriefe,20. Werben um Liebe.rtf,.rtf,text,46123,2015-07-02
Neue Texte (zu bearbeiten)/Liedersaal Texte/Konstanzer Liebesbriefe,21. Der beglückte Minner.rtf,.rtf,text,44606,2015-07-02
Neue Texte (zu bearbeiten)/Liedersaal Texte/Konstanzer Liebesbriefe,22. Gruß beglückter Liebe.rtf,.rtf,text,36706,2015-07-02
Neue Texte (zu bearbeiten)/Liedersaal Texte/Konstanzer Liebesbriefe,23. Der arme Dichter.rtf,.rtf,text,43776,2015-07-02
Neue Texte (zu bearbeiten)/Liedersaal Texte/Konstanzer Liebesbriefe,3. Klage an die harte Frau.rtf,.rtf,text,44289,2015-08-06
Neue Texte (zu bearbeiten)/Liedersaal Texte/Konstanzer Liebesbriefe,4. Aufkündigung der Minne.rtf,.rtf,text,49514,2015-06-30
Neue Texte (zu bearbeiten)/Liedersaal Texte/Konstanzer Liebesbriefe,5. Flehen um Gegenliebe.rtf,.rtf,text,56852,2015-03-12
Neue Texte (zu bearbeiten)/Liedersaal Texte/Konstanzer Liebesbriefe,6. Antwort an die Geliebte.rtf,.rtf,text,38909,2015-06-30
Neue Texte (zu bearbeiten)/Liedersaal Texte/Konstanzer Liebesbriefe,7. Dank und Gruß an die Geliebte.rtf,.rtf,text,57567,2015-06-30
Neue Texte (zu bearbeiten)/Liedersaal Texte/Konstanzer Liebesbriefe,8. Liebes Erklärung.rtf,.rtf,text,52482,2015-06-30
Neue Texte (zu bearbeiten)/Liedersaal Texte/Konstanzer Liebesbriefe,9. An die gefangene Geliebte.rtf,.rtf,text,44238,2015-06-30
Neue Texte (zu bearbeiten)/Meister Sigeher,Meister Sigeher RTF.rtf,.rtf,text,154357,2012-06-15
Neue Texte (zu bearbeiten)/Meister Sigeher/Meister Sigeher Bilder,Meister Sigeher0001.tif,.tif,scan,327360,2012-05-09
Neue Texte (zu bearbeiten)/Meister Sigeher/Meister Sigeher Bilder,Meister Sigeher0002.tif,.tif,scan,352948,2012-05-09
Neue Texte (zu bearbeiten)/Meister Sigeher/Meister Sigeher Bilder,Meister Sigeher0003.tif,.tif,scan,352948,2012-05-09
Neue Texte (zu bearbeiten)/Meister Sigeher/Meister Sigeher Bilder,Meister Sigeher0004.tif,.tif,scan,353118,2012-05-09
Neue Texte (zu bearbeiten)/Meister Sigeher/Meister Sigeher Bilder,Meister Sigeher0005.tif,.tif,scan,353118,2012-05-09
Neue Texte (zu bearbeiten)/Meister Sigeher/Meister Sigeher Bilder,Meister Sigeher0006.tif,.tif,scan,353118,2012-05-09
Neue Texte (zu bearbeiten)/Meister Sigeher/Meister Sigeher Bilder,Meister Sigeher0007.tif,.tif,scan,353118,2012-05-09
Neue Texte (zu bearbeiten)/Meister Sigeher/Meister Sigeher Bilder,Meister Sigeher0008.tif,.tif,scan,353118,2012-05-09
Neue Texte (zu bearbeiten)/Meister Sigeher/Meister Sigeher Bilder,Meister Sigeher0009.tif,.tif,scan,353118,2012-05-09
Neue Texte (zu bearbeiten)/Meister Sigeher/Meister Sigeher Bilder,Meister Sigeher0010.tif,.tif,scan,353118,2012-05-09
Neue Texte (zu bearbeiten)/Meister Sigeher/Meister Sigeher Bilder,Meister Sigeher0011.tif,.tif,scan,353118,2012-05-09
Neue Texte (zu bearbeiten)/Meister Sigeher/Meister Sigeher Bilder,Meister Sigeher0012.tif,.tif,scan,353118,2012-05-09
Neue Texte (zu bearbeiten)/Meister Sigeher/Meister Sigeher Bilder,Meister Sigeher0013.tif,.tif,scan,353118,2012-05-09
Neue Texte (zu bearbeiten)/Meister Sigeher/Meister Sigeher Bilder,Meister Sigeher0014.tif,.tif,scan,353118,2012-05-09
Neue Texte (zu bearbeiten)/Otto Baldemann Von dem Romischen Riche,Otto Baldemann Von dem Romischen Riche eyne Clage.rtf,.rtf,text,72842,2012-05-03
Neue Texte (zu bearbeiten)/Otto Baldemann Von dem Romischen Riche/Baldemann Romisches Rich Bilder,Baldemann Rom.0001.tif,.tif,scan,118852,2012-04-20
Neue Texte (zu bearbeiten)/Otto Baldemann Von dem Romischen Riche/Baldemann Romisches Rich Bilder,Baldemann Rom.0002.tif,.tif,scan,118766,2012-04-20
Neue Texte (zu bearbeiten)/Otto Baldemann Von dem Romischen Riche/Baldemann Romisches Rich Bilder,Baldemann Rom.0003.tif,.tif,scan,121818,2012-04-20
Neue Texte (zu bearbeiten)/Otto Baldemann Von dem Romischen Riche/Baldemann Romisches Rich Bilder,Baldemann Rom.0004.tif,.tif,scan,120684,2012-04-20
Neue Texte (zu bearbeiten)/Otto Baldemann Von dem Romischen Riche/Baldemann Romisches Rich Bilder,Baldemann Rom.0005.tif,.tif,scan,131454,2012-04-20
Neue Texte (zu bearbeiten)/Otto Baldemann Von dem Romischen Riche/Baldemann Romisches Rich Bilder,Baldemann Rom.0006.tif,.tif,scan,123820,2012-04-20
Neue Texte (zu bearbeiten)/Otto Baldemann Von dem Romischen Riche/Baldemann Romisches Rich Bilder,Baldemann Rom.0007.tif,.tif,scan,124352,2012-04-20
Neue Texte (zu bearbeiten)/Otto Baldemann Von dem Romischen Riche/Baldemann Romisches Rich Bilder,Baldemann Rom.0008.tif,.tif,scan,123844,2012-04-20
Neue Texte (zu bearbeiten)/Otto Baldemann Von dem Romischen Riche/Baldemann Romisches Rich Bilder,Baldemann Rom.0009.tif,.tif,scan,117478,2012-04-20
Neue Texte (zu bearbeiten)/Otto Baldemann Von dem Romischen Riche/Baldemann Romisches Rich Bilder,Baldemann Rom.0010.tif,.tif,scan,130730,2012-04-20
Neue Texte (zu bearbeiten)/Otto Baldemann Von dem Romischen Riche/Baldemann Romisches Rich Bilder,Baldemann Rom.0011.tif,.tif,scan,120946,2012-04-20
Neue Texte (zu bearbeiten)/Otto Baldemann Von dem Romischen Riche/Baldemann Romisches Rich Bilder,Baldemann Rom.0012.tif,.tif,scan,126956,2012-04-20
Neue Texte (zu bearbeiten)/Otto Baldemann Von dem Romischen Riche/Baldemann Romisches Rich Bilder,Baldemann Rom.0013.tif,.tif,scan,120094,2012-04-20
Neue Texte (zu bearbeiten)/Otto Baldemann Von dem Romischen Riche/Baldemann Romisches Rich Bilder,Baldemann Rom.0014.tif,.tif,scan,120184,2012-04-20
Neue Texte (zu bearbeiten)/Otto Baldemann Von dem Romischen Riche/Baldemann Romisches Rich Bilder,Baldemann Rom.0015.tif,.tif,scan,119084,2012-04-20
Neue Texte (zu bearbeiten)/Otto Baldemann Von dem Romischen Riche/Baldemann Romisches Rich Bilder,Baldemann Rom.0016.tif,.tif,scan,117308,2012-04-20
Neue Texte (zu bearbeiten)/Otto Baldemann Von dem Romischen Riche/Baldemann Romisches Rich Bilder,Baldemann Rom.0017.tif,.tif,scan,147810,2012-04-20
Neue Texte Katharina,Liederb d Klara Haetzlerin.doc,.doc,text,229376,2013-02-10
Neue Texte Katharina,MA Kochbücher.doc,.doc,text,19968,2004-11-16
Neue Texte Katharina,stenglerin-kochbuch-1554.pdf,.pdf,pdf,2074703,2014-01-23
Neue Texte Katharina,Wachtelmäre.docx,.docx,text,24899,2018-02-08
Neue Texte Katharina/Buch der Natur,Das Buch der Natur rich text format mit normalem S.rtf,.rtf,text,9597078,2010-01-21
Neue Texte Katharina/Buch der Natur,Das Buch der Natur rich text format mit Schaft-S.rtf,.rtf,text,3936581,2010-01-21
Neue Texte Katharina/Buch der Natur/101 - 110,101 - 110.tif,.tif,scan,257244,2009-10-28
Neue Texte Katharina/Buch der Natur/111 - 120,111 - 1200001.tif,.tif,scan,222094,2009-11-03
Neue Texte Katharina/Buch der Natur/111 - 120,111 - 1200002.tif,.tif,scan,244008,2009-11-03
Neue Texte Katharina/Buch der Natur/111 - 120,111 - 1200003.tif,.tif,scan,263244,2009-11-03
Neue Texte Katharina/Buch der Natur/111 - 120,111 - 1200004.tif,.tif,scan,271506,2009-11-03
Neue Texte Katharina/Buch der Natur/111 - 120,111 - 1200005.tif,.tif,scan,251120,2009-11-03
Neue Texte Katharina/Buch der Natur/111 - 120,111 - 1200006.tif,.tif,scan,252022,2009-11-03
Neue Texte Katharina/Buch der Natur/111 - 120,111 - 1200007.tif,.tif,scan,255480,2009-11-03
Neue Texte Katharina/Buch der Natur/111 - 120,111 - 1200008.tif,.tif,scan,281944,2009-11-03
Neue Texte Katharina/Buch der Natur/111 - 120,111 - 1200009.tif,.tif,scan,266352,2009-11-03
Neue Texte Katharina/Buch der Natur/111 - 120,111 - 1210010.tif,.tif,scan,255284,2009-11-03
Neue Texte Katharina/Buch der Natur/121 - 130,121 - 1300001.tif,.tif,scan,263028,2009-11-04
Neue Texte Katharina/Buch der Natur/121 - 130,121 - 1300002.tif,.tif,scan,248504,2009-11-04
Neue Texte Katharina/Buch der Natur/121 - 130,121 - 1300003.tif,.tif,scan,251362,2009-11-04
Neue Texte Katharina/Buch der Natur/121 - 130,121 - 1300004.tif,.tif,scan,305870,2009-11-04
Neue Texte Katharina/Buch der Natur/121 - 130,121 - 1300005.tif,.tif,scan,289482,2009-11-04
Neue Texte Katharina/Buch der Natur/121 - 130,121 - 1300006.tif,.tif,scan,314514,2009-11-04
Neue Texte Katharina/Buch der Natur/121 - 130,121 - 1300007.tif,.tif,scan,279004,2009-11-04
Neue Texte Katharina/Buch der Natur/121 - 130,121 - 1300008.tif,.tif,scan,256216,2009-11-04
Neue Texte Katharina/Buch der Natur/121 - 130,121 - 1300009.tif,.tif,scan,266336,2009-11-04
Neue Texte Katharina/Buch der Natur/121 - 130,121 - 1300010.tif,.tif,scan,255672,2009-11-04
Neue Texte Katharina/Buch der Natur/131 - 140,131 - 1400001.tif,.tif,scan,269356,2009-11-12
Neue Texte Katharina/Buch der Natur/131 - 140,131 - 1400002.tif,.tif,scan,259106,2009-11-12
Neue Texte Katharina/Buch der Natur/131 - 140,131 - 1400003.tif,.tif,scan,277366,2009-11-12
Neue Texte Katharina/Buch der Natur/131 - 140,131 - 1400004.tif,.tif,scan,253442,2009-11-12
Neue Texte Katharina/Buch der Natur/131 - 140,131 - 1400005.tif,.tif,scan,253130,2009-11-12
Neue Texte Katharina/Buch der Natur/131 - 140,131 - 1400006.tif,.tif,scan,255700,2009-11-12
Neue Texte Katharina/Buch der Natur/131 - 140,131 - 1400007.tif,.tif,scan,102452,2009-11-12
Neue Texte Katharina/Buch der Natur/131 - 140,131 - 1400008.tif,.tif,scan,197520,2009-11-12
Neue Texte Katharina/Buch der Natur/131 - 140,131 - 1400009.tif,.tif,scan,233564,2009-11-12
Neue Texte Katharina/Buch der Natur/141 - 150,141 - 1500001.tif,.tif,scan,242232,2009-11-13
Neue Texte Katharina/Buch der Natur/141 - 150,141 - 1500002.tif,.tif,scan,257650,2009-11-13
Neue Texte Katharina/Buch der Natur/141 - 150,141 - 1500003.tif,.tif,scan,250000,2009-11-13
Neue Texte Katharina/Buch der Natur/141 - 150,141 - 1500004.tif,.tif,scan,240730,2009-11-13
Neue Texte Katharina/Buch der Natur/141 - 150,141 - 1500005.tif,.tif,scan,275118,2009-11-13
Neue Texte Katharina/Buch der Natur/141 - 150,141 - 1500006.tif,.tif,scan,227540,2009-11-13
Neue Texte Katharina/Buch der Natur/141 - 150,141 - 1500007.tif,.tif,scan,226690,2009-11-13
Neue Texte Katharina/Buch der Natur/141 - 150,141 - 1500008.tif,.tif,scan,217670,2009-11-13
Neue Texte Katharina/Buch der Natur/141 - 150,141 - 1500009.tif,.tif,scan,233876,2009-11-13
Neue Texte Katharina/Buch der Natur/141 - 150,141 - 1500010.tif,.tif,scan,233454,2009-11-13
Neue Texte Katharina/Buch der Natur/151 - 160,151 - 1600001.tif,.tif,scan,241210,2009-11-15
Neue Texte Katharina/Buch der Natur/151 - 160,151 - 1600002.tif,.tif,scan,213772,2009-11-15
Neue Texte Katharina/Buch der Natur/151 - 160,151 - 1600003.tif,.tif,scan,238448,2009-11-15
Neue Texte Katharina/Buch der Natur/151 - 160,151 - 1600004.tif,.tif,scan,204466,2009-11-15
Neue Texte Katharina/Buch der Natur/151 - 160,151 - 1600005.tif,.tif,scan,275632,2009-11-15
Neue Texte Katharina/Buch der Natur/151 - 160,151 - 1600006.tif,.tif,scan,223508,2009-11-15
Neue Texte Katharina/Buch der Natur/151 - 160,151 - 1600007.tif,.tif,scan,235234,2009-11-15
Neue Texte Katharina/Buch der Natur/151 - 160,151 - 1600008.tif,.tif,scan,222908,2009-11-15
Neue Texte Katharina/Buch der Natur/151 - 160,151 - 1600009.tif,.tif,scan,214922,2009-11-15
Neue Texte Katharina/Buch der Natur/151 - 160,151 - 1600010.tif,.tif,scan,238214,2009-11-15
Neue Texte Katharina/Buch der Natur/161 - 170,161 - 1700001.tif,.tif,scan,240088,2009-12-08
Neue Texte Katharina/Buch der Natur/161 - 170,161 - 1700002.tif,.tif,scan,236264,2009-12-08
Neue Texte Katharina/Buch der Natur/161 - 170,161 - 1700003.tif,.tif,scan,218664,2009-12-08
Neue Texte Katharina/Buch der Natur/161 - 170,161 - 1700004.tif,.tif,scan,221774,2009-12-08
Neue Texte Katharina/Buch der Natur/161 - 170,161 - 1700005.tif,.tif,scan,203746,2009-12-08
Neue Texte Katharina/Buch der Natur/161 - 170,161 - 1700006.tif,.tif,scan,205792,2009-12-08
Neue Texte Katharina/Buch der Natur/161 - 170,161 - 1700007.tif,.tif,scan,217196,2009-12-08
Neue Texte Katharina/Buch der Natur/161 - 170,161 - 1700008.tif,.tif,scan,233632,2009-12-08
Neue Texte Katharina/Buch der Natur/161 - 170,161 - 1700009.tif,.tif,scan,256202,2009-12-08
Neue Texte Katharina/Buch der Natur/161 - 170,161 - 1700010.tif,.tif,scan,234130,2009-12-08
Neue Texte Katharina/Buch der Natur/171 - 180,171 - 1800001.tif,.tif,scan,193752,2009-12-10
Neue Texte Katharina/Buch der Natur/171 - 180,171 - 1800002.tif,.tif,scan,228908,2009-12-10
Neue Texte Katharina/Buch der Natur/171 - 180,171 - 1800003.tif,.tif,scan,231596,2009-12-10
Neue Texte Katharina/Buch der Natur/171 - 180,171 - 1800004.tif,.tif,scan,222036,2009-12-10
Neue Texte Katharina/Buch der Natur/171 - 180,171 - 1800005.tif,.tif,scan,241172,2009-12-10
Neue Texte Katharina/Buch der Natur/171 - 180,171 - 1800006.tif,.tif,scan,219074,2009-12-10
Neue Texte Katharina/Buch der Natur/171 - 180,171 - 1800007.tif,.tif,scan,249080,2009-12-10
Neue Texte Katharina/Buch der Natur/171 - 180,171 - 1800008.tif,.tif,scan,223266,2009-12-10
Neue Texte Katharina/Buch der Natur/171 - 180,171 - 1800009.tif,.tif,scan,235690,2009-12-10
Neue Texte Katharina/Buch der Natur/171 - 180,171 - 1800010.tif,.tif,scan,233034,2009-12-10
Neue Texte Katharina/Buch der Natur/181 - 190,181 - 1900001.tif,.tif,scan,232382,2009-12-13
Neue Texte Katharina/Buch der Natur/181 - 190,181 - 1900002.tif,.tif,scan,214752,2009-12-13
Neue Texte Katharina/Buch der Natur/181 - 190,181 - 1900003.tif,.tif,scan,208536,2009-12-13
Neue Texte Katharina/Buch der Natur/181 - 190,181 - 1900004.tif,.tif,scan,223988,2009-12-13
Neue Texte Katharina/Buch der Natur/181 - 190,181 - 1900005.tif,.tif,scan,251344,2009-12-13
Neue Texte Katharina/Buch der Natur/181 - 190,181 - 1900006.tif,.tif,scan,200472,2009-12-13
Neue Texte Katharina/Buch der Natur/181 - 190,181 - 1900007.tif,.tif,scan,255834,2009-12-13
Neue Texte Katharina/Buch der Natur/181 - 190,181 - 1900008.tif,.tif,scan,214574,2009-12-13
Neue Texte Katharina/Buch der Natur/181 - 190,181 - 1900009.tif,.tif,scan,234642,2009-12-13
Neue Texte Katharina/Buch der Natur/181 - 190,181 - 1900010.tif,.tif,scan,95232,2009-12-13
Neue Texte Katharina/Buch der Natur/191 - 200,191 - 2000001.tif,.tif,scan,189382,2009-12-13
Neue Texte Katharina/Buch der Natur/191 - 200,191 - 2000002.tif,.tif,scan,225672,2009-12-13
Neue Texte Katharina/Buch der Natur/191 - 200,191 - 2000003.tif,.tif,scan,241360,2009-12-13
Neue Texte Katharina/Buch der Natur/191 - 200,191 - 2000004.tif,.tif,scan,220966,2009-12-13
Neue Texte Katharina/Buch der Natur/191 - 200,191 - 2000005.tif,.tif,scan,192376,2009-12-13
Neue Texte Katharina/Buch der Natur/191 - 200,191 - 2000006.tif,.tif,scan,221536,2009-12-13
Neue Texte Katharina/Buch der Natur/191 - 200,191 - 2000007.tif,.tif,scan,237436,2009-12-13
Neue Texte Katharina/Buch der Natur/191 - 200,191 - 2000008.tif,.tif,scan,210310,2009-12-13
Neue Texte Katharina/Buch der Natur/191 - 200,191 - 2000009.tif,.tif,scan,230354,2009-12-13
Neue Texte Katharina/Buch der Natur/191 - 200,191 - 2000010.tif,.tif,scan,237886,2009-12-13
Neue Texte Katharina/Buch der Natur/201 - 210,201 - 2100001.tif,.tif,scan,211930,2009-12-14
Neue Texte Katharina/Buch der Natur/201 - 210,201 - 2100002.tif,.tif,scan,221536,2009-12-14
Neue Texte Katharina/Buch der Natur/201 - 210,201 - 2100003.tif,.tif,scan,240286,2009-12-14
Neue Texte Katharina/Buch der Natur/201 - 210,201 - 2100004.tif,.tif,scan,242852,2009-12-14
Neue Texte Katharina/Buch der Natur/201 - 210,201 - 2100005.tif,.tif,scan,230922,2009-12-14
Neue Texte Katharina/Buch der Natur/201 - 210,201 - 2100006.tif,.tif,scan,215322,2009-12-14
Neue Texte Katharina/Buch der Natur/201 - 210,201 - 2100007.tif,.tif,scan,225232,2009-12-14
Neue Texte Katharina/Buch der Natur/201 - 210,201 - 2100008.tif,.tif,scan,233898,2009-12-14
Neue Texte Katharina/Buch der Natur/201 - 210,201 - 2100009.tif,.tif,scan,250488,2009-12-14
Neue Texte Katharina/Buch der Natur/201 - 210,201 - 2100010.tif,.tif,scan,217608,2009-12-14
Neue Texte Katharina/Buch der Natur/211 - 220,211 - 2200001.tif,.tif,scan,235296,2009-12-15
Neue Texte Katharina/Buch der Natur/211 - 220,211 - 2200002.tif,.tif,scan,233356,2009-12-15
Neue Texte Katharina/Buch der Natur/211 - 220,211 - 2200003.tif,.tif,scan,224656,2009-12-15
Neue Texte Katharina/Buch der Natur/211 - 220,211 - 2200004.tif,.tif,scan,263524,2009-12-15
Neue Texte Katharina/Buch der Natur/211 - 220,211 - 2200005.tif,.tif,scan,252558,2009-12-15
Neue Texte Katharina/Buch der Natur/211 - 220,211 - 2200006.tif,.tif,scan,219898,2009-12-15
Neue Texte Katharina/Buch der Natur/211 - 220,211 - 2200007.tif,.tif,scan,241120,2009-12-15
Neue Texte Katharina/Buch der Natur/211 - 220,211 - 2200008.tif,.tif,scan,272814,2009-12-15
Neue Texte Katharina/Buch der Natur/211 - 220,211 - 2200009.tif,.tif,scan,249790,2009-12-15
Neue Texte Katharina/Buch der Natur/211 - 220,211 - 2200010.tif,.tif,scan,229480,2009-12-15
Neue Texte Katharina/Buch der Natur/221 - 230,221 -2300001.tif,.tif,scan,273324,2009-12-21
Neue Texte Katharina/Buch der Natur/221 - 230,221 -2300002.tif,.tif,scan,274966,2009-12-21
Neue Texte Katharina/Buch der Natur/221 - 230,221 -2300003.tif,.tif,scan,256366,2009-12-21
Neue Texte Katharina/Buch der Natur/221 - 230,221 -2300004.tif,.tif,scan,253494,2009-12-21
Neue Texte Katharina/Buch der Natur/221 - 230,221 -2300005.tif,.tif,scan,261098,2009-12-21
Neue Texte Katharina/Buch der Natur/221 - 230,221 -2300006.tif,.tif,scan,202230,2009-12-21
Neue Texte Katharina/Buch der Natur/221 - 230,221 -2300007.tif,.tif,scan,225442,2009-12-21
Neue Texte Katharina/Buch der Natur/221 - 230,221 -2300008.tif,.tif,scan,250918,2009-12-21
Neue Texte Katharina/Buch der Natur/221 - 230,221 -2300009.tif,.tif,scan,219042,2009-12-21
Neue Texte Katharina/Buch der Natur/221 - 230,221 -2300010.tif,.tif,scan,206792,2009-12-21
Neue Texte Katharina/Buch der Natur/23 - 30,23 - 300001.tif,.tif,scan,63326,2009-09-07
Neue Texte Katharina/Buch der Natur/23 - 30,23 - 300002.tif,.tif,scan,308664,2009-09-07
Neue Texte Katharina/Buch der Natur/23 - 30,23 - 300003.tif,.tif,scan,188034,2009-09-07
Neue Texte Katharina/Buch der Natur/23 - 30,23 - 300004.tif,.tif,scan,118344,2009-09-07
Neue Texte Katharina/Buch der Natur/23 - 30,23 - 300005.tif,.tif,scan,215686,2009-09-07
Neue Texte Katharina/Buch der Natur/23 - 30,23 - 300006.tif,.tif,scan,238634,2009-09-07
Neue Texte Katharina/Buch der Natur/23 - 30,23 - 300007.tif,.tif,scan,240876,2009-09-07
Neue Texte Katharina/Buch der Natur/23 - 30,23 - 300008.tif,.tif,scan,251182,2009-09-07
Neue Texte Katharina/Buch der Natur/231 - 240,231 - 2400001.tif,.tif,scan,226266,2009-12-21
Neue Texte Katharina/Buch der Natur/231 - 240,231 - 2400002.tif,.tif,scan,222920,2009-12-21
Neue Texte Katharina/Buch der Natur/231 - 240,231 - 2400003.tif,.tif,scan,217994,2009-12-21
Neue Texte Katharina/Buch der Natur/231 - 240,231 - 2400004.tif,.tif,scan,256174,2009-12-21
Neue Texte Katharina/Buch der Natur/231 - 240,231 - 2400005.tif,.tif,scan,231544,2009-12-21
Neue Texte Katharina/Buch der Natur/231 - 240,231 - 2400006.tif,.tif,scan,234384,2009-12-21
Neue Texte Katharina/Buch der Natur/231 - 240,231 - 2400007.tif,.tif,scan,270554,2009-12-21
Neue Texte Katharina/Buch der Natur/231 - 240,231 - 2400008.tif,.tif,scan,239572,2009-12-21
Neue Texte Katharina/Buch der Natur/231 - 240,231 - 2400010.tif,.tif,scan,270824,2009-12-21
Neue Texte Katharina/Buch der Natur/231 - 240,231 - 2400011.tif,.tif,scan,270066,2009-12-21
Neue Texte Katharina/Buch der Natur/241 - 250,241 - 2500001.tif,.tif,scan,250938,2009-12-23
Neue Texte Katharina/Buch der Natur/241 - 250,241 - 2500002.tif,.tif,scan,226030,2009-12-23
Neue Texte Katharina/Buch der Natur/241 - 250,241 - 2500003.tif,.tif,scan,258550,2009-12-23
Neue Texte Katharina/Buch der Natur/241 - 250,241 - 2500004.tif,.tif,scan,251422,2009-12-23
Neue Texte Katharina/Buch der Natur/241 - 250,241 - 2500005.tif,.tif,scan,236544,2009-12-23
Neue Texte Katharina/Buch der Natur/241 - 250,241 - 2500006.tif,.tif,scan,230780,2009-12-23
Neue Texte Katharina/Buch der Natur/241 - 250,241 - 2500007.tif,.tif,scan,237352,2009-12-23
Neue Texte Katharina/Buch der Natur/241 - 250,241 - 2500008.tif,.tif,scan,243412,2009-12-23
Neue Texte Katharina/Buch der Natur/241 - 250,241 - 2500009.tif,.tif,scan,236248,2009-12-23
Neue Texte Katharina/Buch der Natur/241 - 250,241 - 2500010.tif,.tif,scan,224666,2009-12-23
Neue Texte Katharina/Buch der Natur/251 - 260,251 - 2600001.tif,.tif,scan,214074,2009-12-23
Neue Texte Katharina/Buch der Natur/251 - 260,251 - 2600002.tif,.tif,scan,268576,2009-12-23
Neue Texte Katharina/Buch der Natur/251 - 260,251 - 2600003.tif,.tif,scan,208724,2009-12-23
Neue Texte Katharina/Buch der Natur/251 - 260,251 - 2600004.tif,.tif,scan,264672,2009-12-23
Neue Texte Katharina/Buch der Natur/251 - 260,251 - 2600005.tif,.tif,scan,268994,2009-12-23
Neue Texte Katharina/Buch der Natur/251 - 260,251 - 2600006.tif,.tif,scan,169462,2009-12-23
Neue Texte Katharina/Buch der Natur/251 - 260,251 - 2600007.tif,.tif,scan,192210,2009-12-23
Neue Texte Katharina/Buch der Natur/251 - 260,251 - 2600009.tif,.tif,scan,205064,2009-12-23
Neue Texte Katharina/Buch der Natur/251 - 260,251 - 2600010.tif,.tif,scan,232658,2009-12-23
Neue Texte Katharina/Buch der Natur/251 - 260,251 - 2600011.tif,.tif,scan,245480,2009-12-23
Neue Texte Katharina/Buch der Natur/261 - 270,261 - 2700001.tif,.tif,scan,220340,2009-12-28
Neue Texte Katharina/Buch der Natur/261 - 270,261 - 2700002.tif,.tif,scan,260924,2009-12-28
Neue Texte Katharina/Buch der Natur/261 - 270,261 - 2700003.tif,.tif,scan,228930,2009-12-28
Neue Texte Katharina/Buch der Natur/261 - 270,261 - 2700004.tif,.tif,scan,212176,2009-12-28
Neue Texte Katharina/Buch der Natur/261 - 270,261 - 2700005.tif,.tif,scan,219536,2009-12-28
Neue Texte Katharina/Buch der Natur/261 - 270,261 - 2700006.tif,.tif,scan,209042,2009-12-28
Neue Texte Katharina/Buch der Natur/261 - 270,261 - 2700007.tif,.tif,scan,236472,2009-12-28
Neue Texte Katharina/Buch der Natur/261 - 270,261 - 2700008.tif,.tif,scan,189846,2009-12-28
Neue Texte Katharina/Buch der Natur/261 - 270,261 - 2700009.tif,.tif,scan,195500,2009-12-28
Neue Texte Katharina/Buch der Natur/261 - 270,261 - 2700010.tif,.tif,scan,237360,2009-12-28
Neue Texte Katharina/Buch der Natur/271 - 280,271 - 2800001.tif,.tif,scan,226954,2009-12-28
Neue Texte Katharina/Buch der Natur/271 - 280,271 - 2800002.tif,.tif,scan,225958,2009-12-28
Neue Texte Katharina/Buch der Natur/271 - 280,271 - 2800003.tif,.tif,scan,204050,2009-12-28
Neue Texte Katharina/Buch der Natur/271 - 280,271 - 2800004.tif,.tif,scan,251632,2009-12-28
Neue Texte Katharina/Buch der Natur/271 - 280,271 - 2800005.tif,.tif,scan,236468,2009-12-28
Neue Texte Katharina/Buch der Natur/271 - 280,271 - 2800006.tif,.tif,scan,227610,2009-12-28
Neue Texte Katharina/Buch der Natur/271 - 280,271 - 2800007.tif,.tif,scan,210364,2009-12-28
Neue Texte Katharina/Buch der Natur/271 - 280,271 - 2800008.tif,.tif,scan,227910,2009-12-28
Neue Texte Katharina/Buch der Natur/271 - 280,271 - 2800009.tif,.tif,scan,232094,2009-12-28
Neue Texte Katharina/Buch der Natur/271 - 280,271 - 2800010.tif,.tif,scan,204730,2009-12-28
Neue Texte Katharina/Buch der Natur/281 - 290,281 2900001.tif,.tif,scan,225746,2009-12-28
Neue Texte Katharina/Buch der Natur/281 - 290,281 2900002.tif,.tif,scan,202546,2009-12-28
Neue Texte Katharina/Buch der Natur/281 - 290,281 2900003.tif,.tif,scan,208630,2009-12-28
Neue Texte Katharina/Buch der Natur/281 - 290,281 2900004.tif,.tif,scan,230466,2009-12-28
Neue Texte Katharina/Buch der Natur/281 - 290,281 2900005.tif,.tif,scan,221176,2009-12-28
Neue Texte Katharina/Buch der Natur/281 - 290,281 2900006.tif,.tif,scan,207120,2009-12-28
Neue Texte Katharina/Buch der Natur/281 - 290,281 2900007.tif,.tif,scan,203804,2009-12-28
Neue Texte Katharina/Buch der Natur/281 - 290,281 2900008.tif,.tif,scan,255726,2009-12-28
Neue Texte Katharina/Buch der Natur/281 - 290,281 2900009.tif,.tif,scan,237954,2009-12-28
Neue Texte Katharina/Buch der Natur/281 - 290,281 2900010.tif,.tif,scan,214754,2009-12-28
Neue Texte Katharina/Buch der Natur/291 - 300,291 - 3000001.tif,.tif,scan,259908,2009-12-29
Neue Texte Katharina/Buch der Natur/291 - 300,291 - 3000002.tif,.tif,scan,248348,2009-12-29
Neue Texte Katharina/Buch der Natur/291 - 300,291 - 3000003.tif,.tif,scan,197512,2009-12-29
Neue Texte Katharina/Buch der Natur/291 - 300,291 - 3000004.tif,.tif,scan,206758,2009-12-29
Neue Texte Katharina/Buch der Natur/291 - 300,291 - 3000005.tif,.tif,scan,215948,2009-12-29
Neue Texte Katharina/Buch der Natur/291 - 300,291 - 3000006.tif,.tif,scan,240900,2009-12-29
Neue Texte Katharina/Buch der Natur/291 - 300,291 - 3000007.tif,.tif,scan,244944,2009-12-29
Neue Texte Katharina/Buch der Natur/291 - 300,291 - 3000008.tif,.tif,scan,250254,2009-12-29
Neue Texte Katharina/Buch der Natur/291 - 300,291 - 3000009.tif,.tif,scan,233464,2009-12-29
Neue Texte Katharina/Buch der Natur/291 - 300,291 - 3000010.tif,.tif,scan,245212,2009-12-29
Neue Texte Katharina/Buch der Natur/301 - 310,301 - 3100001.tif,.tif,scan,242564,2009-12-29
Neue Texte Katharina/Buch der Natur/301 - 310,301 - 3100002.tif,.tif,scan,208490,2009-12-29
Neue Texte Katharina/Buch der Natur/301 - 310,301 - 3100003.tif,.tif,scan,195392,2009-12-29
Neue Texte Katharina/Buch der Natur/301 - 310,301 - 3100004.tif,.tif,scan,244242,2009-12-29
Neue Texte Katharina/Buch der Natur/301 - 310,301 - 3100005.tif,.tif,scan,246980,2009-12-29
Neue Texte Katharina/Buch der Natur/301 - 310,301 - 3100006.tif,.tif,scan,208576,2009-12-29
Neue Texte Katharina/Buch der Natur/301 - 310,301 - 3100007.tif,.tif,scan,200554,2009-12-29
Neue Texte Katharina/Buch der Natur/301 - 310,301 - 3100008.tif,.tif,scan,234494,2009-12-29
Neue Texte Katharina/Buch der Natur/301 - 310,301 - 3100009.tif,.tif,scan,203862,2009-12-29
Neue Texte Katharina/Buch der Natur/301 - 310,301 - 3100010.tif,.tif,scan,222418,2009-12-29
Neue Texte Katharina/Buch der Natur/31 - 40,31 - 400001.tif,.tif,scan,252264,2009-09-09
Neue Texte Katharina/Buch der Natur/31 - 40,31 - 400002.tif,.tif,scan,237496,2009-09-09
Neue Texte Katharina/Buch der Natur/31 - 40,31 - 400003.tif,.tif,scan,254816,2009-09-09
Neue Texte Katharina/Buch der Natur/31 - 40,31 - 400004.tif,.tif,scan,231314,2009-09-09
Neue Texte Katharina/Buch der Natur/31 - 40,31 - 400005.tif,.tif,scan,277112,2009-09-09
Neue Texte Katharina/Buch der Natur/31 - 40,31 - 400006.tif,.tif,scan,257530,2009-09-09
Neue Texte Katharina/Buch der Natur/31 - 40,31 - 400007.tif,.tif,scan,279308,2009-09-09
Neue Texte Katharina/Buch der Natur/31 - 40,31 - 400008.tif,.tif,scan,253300,2009-09-09
Neue Texte Katharina/Buch der Natur/31 - 40,31 - 400009.tif,.tif,scan,281040,2009-09-09
Neue Texte Katharina/Buch der Natur/31 - 40,31 - 400010.tif,.tif,scan,251556,2009-09-09
Neue Texte Katharina/Buch der Natur/311 - 320,311 - 3200001.tif,.tif,scan,239114,2009-12-29
Neue Texte Katharina/Buch der Natur/311 - 320,311 - 3200002.tif,.tif,scan,240648,2009-12-29
Neue Texte Katharina/Buch der Natur/311 - 320,311 - 3200003.tif,.tif,scan,227500,2009-12-29
Neue Texte Katharina/Buch der Natur/311 - 320,311 - 3200004.tif,.tif,scan,205776,2009-12-29
Neue Texte Katharina/Buch der Natur/311 - 320,311 - 3200005.tif,.tif,scan,221822,2009-12-29
Neue Texte Katharina/Buch der Natur/311 - 320,311 - 3200006.tif,.tif,scan,228216,2009-12-29
Neue Texte Katharina/Buch der Natur/311 - 320,311 - 3200007.tif,.tif,scan,225164,2009-12-29
Neue Texte Katharina/Buch der Natur/311 - 320,311 - 3200008.tif,.tif,scan,235202,2009-12-29
Neue Texte Katharina/Buch der Natur/311 - 320,311 - 3200009.tif,.tif,scan,236354,2009-12-29
Neue Texte Katharina/Buch der Natur/321 - 330,321 - 3300001.tif,.tif,scan,233712,2009-12-30
Neue Texte Katharina/Buch der Natur/321 - 330,321 - 3300002.tif,.tif,scan,238732,2009-12-30
Neue Texte Katharina/Buch der Natur/321 - 330,321 - 3300003.tif,.tif,scan,221988,2009-12-30
Neue Texte Katharina/Buch der Natur/321 - 330,321 - 3300004.tif,.tif,scan,224158,2009-12-30
Neue Texte Katharina/Buch der Natur/321 - 330,321 - 3300005.tif,.tif,scan,230236,2009-12-30
Neue Texte Katharina/Buch der Natur/321 - 330,321 - 3300006.tif,.tif,scan,224912,2009-12-30
Neue Texte Katharina/Buch der Natur/321 - 330,321 - 3300007.tif,.tif,scan,215518,2009-12-30
Neue Texte Katharina/Buch der Natur/321 - 330,321 - 3300008.tif,.tif,scan,211344,2009-12-30
Neue Texte Katharina/Buch der Natur/321 - 330,321 - 3300009.tif,.tif,scan,212362,2009-12-30
Neue Texte Katharina/Buch der Natur/321 - 330,321 - 3300010.tif,.tif,scan,217450,2009-12-30
Neue Texte Katharina/Buch der Natur/331 - 340,331 - 3400001.tif,.tif,scan,238756,2009-12-30
Neue Texte Katharina/Buch der Natur/331 - 340,331 - 3400002.tif,.tif,scan,215388,2009-12-30
Neue Texte Katharina/Buch der Natur/331 - 340,331 - 3400003.tif,.tif,scan,233606,2009-12-30
Neue Texte Katharina/Buch der Natur/331 - 340,331 - 3400004.tif,.tif,scan,243372,2009-12-30
Neue Texte Katharina/Buch der Natur/331 - 340,331 - 3400005.tif,.tif,scan,226256,2009-12-30
Neue Texte Katharina/Buch der Natur/331 - 340,331 - 3400006.tif,.tif,scan,213684,2009-12-30
Neue Texte Katharina/Buch der Natur/331 - 340,331 - 3400007.tif,.tif,scan,227440,2009-12-30
Neue Texte Katharina/Buch der Natur/331 - 340,331 - 3400008.tif,.tif,scan,227936,2009-12-30
Neue Texte Katharina/Buch der Natur/331 - 340,331 - 3400009.tif,.tif,scan,208928,2009-12-30
Neue Texte Katharina/Buch der Natur/331 - 340,331 - 3400010.tif,.tif,scan,141440,2009-12-30
Neue Texte Katharina/Buch der Natur/341 - 350,341 - 3500001.tif,.tif,scan,213736,2009-12-30
Neue Texte Katharina/Buch der Natur/341 - 350,341 - 3500002.tif,.tif,scan,234166,2009-12-30
Neue Texte Katharina/Buch der Natur/341 - 350,341 - 3500003.tif,.tif,scan,217310,2009-12-30
Neue Texte Katharina/Buch der Natur/341 - 350,341 - 3500004.tif,.tif,scan,269294,2009-12-30
Neue Texte Katharina/Buch der Natur/341 - 350,341 - 3500005.tif,.tif,scan,232184,2009-12-30
Neue Texte Katharina/Buch der Natur/341 - 350,341 - 3500006.tif,.tif,scan,238582,2009-12-30
Neue Texte Katharina/Buch der Natur/341 - 350,341 - 3500007.tif,.tif,scan,231444,2009-12-30
Neue Texte Katharina/Buch der Natur/341 - 350,341 - 3500008.tif,.tif,scan,232002,2009-12-30
Neue Texte Katharina/Buch der Natur/341 - 350,341 - 3500009.tif,.tif,scan,252986,2009-12-30
Neue Texte Katharina/Buch der Natur/341 - 350,341 - 3500010.tif,.tif,scan,229972,2009-12-30
Neue Texte Katharina/Buch der Natur/351 - 360,351 - 3600001.tif,.tif,scan,213890,2009-12-31
Neue Texte Katharina/Buch der Natur/351 - 360,351 - 3600002.tif,.tif,scan,215472,2009-12-31
Neue Texte Katharina/Buch der Natur/351 - 360,351 - 3600003.tif,.tif,scan,248334,2009-12-31
Neue Texte Katharina/Buch der Natur/351 - 360,351 - 3600004.tif,.tif,scan,249046,2009-12-31
Neue Texte Katharina/Buch der Natur/351 - 360,351 - 3600005.tif,.tif,scan,203134,2009-12-31
Neue Texte Katharina/Buch der Natur/351 - 360,351 - 3600006.tif,.tif,scan,252524,2009-12-31
Neue Texte Katharina/Buch der Natur/351 - 360,351 - 3600007.tif,.tif,scan,229474,2009-12-31
Neue Texte Katharina/Buch der Natur/351 - 360,351 - 3600008.tif,.tif,scan,217220,2009-12-31
Neue Texte Katharina/Buch der Natur/351 - 360,351 - 3600009.tif,.tif,scan,219970,2009-12-31
Neue Texte Katharina/Buch der Natur/351 - 360,351 - 3600010.tif,.tif,scan,251334,2009-12-31
Neue Texte Katharina/Buch der Natur/361 - 370,361 - 3700001.tif,.tif,scan,220376,2009-12-31
Neue Texte Katharina/Buch der Natur/361 - 370,361 - 3700002.tif,.tif,scan,241914,2009-12-31
Neue Texte Katharina/Buch der Natur/361 - 370,361 - 3700003.tif,.tif,scan,199800,2009-12-31
Neue Texte Katharina/Buch der Natur/361 - 370,361 - 3700004.tif,.tif,scan,216740,2009-12-31
Neue Texte Katharina/Buch der Natur/361 - 370,361 - 3700005.tif,.tif,scan,237732,2009-12-31
Neue Texte Katharina/Buch der Natur/361 - 370,361 - 3700006.tif,.tif,scan,254256,2009-12-31
Neue Texte Katharina/Buch der Natur/361 - 370,361 - 3700007.tif,.tif,scan,261106,2009-12-31
Neue Texte Katharina/Buch der Natur/361 - 370,361 - 3700008.tif,.tif,scan,229408,2009-12-31
Neue Texte Katharina/Buch der Natur/361 - 370,361 - 3700009.tif,.tif,scan,194962,2009-12-31
Neue Texte Katharina/Buch der Natur/361 - 370,361 - 3700010.tif,.tif,scan,223876,2009-12-31
Neue Texte Katharina/Buch der Natur/371 - 380,371 - 3800001.tif,.tif,scan,225340,2009-12-31
Neue Texte Katharina/Buch der Natur/371 - 380,371 - 3800002.tif,.tif,scan,196070,2009-12-31
Neue Texte Katharina/Buch der Natur/371 - 380,371 - 3800003.tif,.tif,scan,224402,2009-12-31
Neue Texte Katharina/Buch der Natur/371 - 380,371 - 3800004.tif,.tif,scan,206018,2009-12-31
Neue Texte Katharina/Buch der Natur/371 - 380,371 - 3800005.tif,.tif,scan,250410,2009-12-31
Neue Texte Katharina/Buch der Natur/371 - 380,371 - 3800006.tif,.tif,scan,230228,2009-12-31
Neue Texte Katharina/Buch der Natur/371 - 380,371 - 3800007.tif,.tif,scan,240842,2009-12-31
Neue Texte Katharina/Buch der Natur/371 - 380,371 - 3800008.tif,.tif,scan,226682,2009-12-31
Neue Texte Katharina/Buch der Natur/371 - 380,371 - 3800009.tif,.tif,scan,206644,2009-12-31
Neue Texte Katharina/Buch der Natur/371 - 380,371 - 3800010.tif,.tif,scan,211914,2009-12-31
Neue Texte Katharina/Buch der Natur/381 - 390,381 - 3900001.tif,.tif,scan,274844,2010-01-04
Neue Texte Katharina/Buch der Natur/381 - 390,381 - 3900002.tif,.tif,scan,256812,2010-01-04
Neue Texte Katharina/Buch der Natur/381 - 390,381 - 3900003.tif,.tif,scan,260020,2010-01-04
Neue Texte Katharina/Buch der Natur/381 - 390,381 - 3900004.tif,.tif,scan,126198,2010-01-04
Neue Texte Katharina/Buch der Natur/381 - 390,381 - 3900005.tif,.tif,scan,209866,2010-01-04
Neue Texte Katharina/Buch der Natur/381 - 390,381 - 3900006.tif,.tif,scan,230176,2010-01-04
Neue Texte Katharina/Buch der Natur/381 - 390,381 - 3900007.tif,.tif,scan,231052,2010-01-04
Neue Texte Katharina/Buch der Natur/381 - 390,381 - 3900008.tif,.tif,scan,202096,2010-01-04
Neue Texte Katharina/Buch der Natur/381 - 390,381 - 3900009.tif,.tif,scan,229986,2010-01-04
Neue Texte Katharina/Buch der Natur/381 - 390,381 - 3900010.tif,.tif,scan,262906,2010-01-04
Neue Texte Katharina/Buch der Natur/392 - 400,391 - 4000002.tif,.tif,scan,250584,2010-01-04
Neue Texte Katharina/Buch der Natur/392 - 400,391 - 4000003.tif,.tif,scan,264754,2010-01-04
Neue Texte Katharina/Buch der Natur/392 - 400,391 - 4000005.tif,.tif,scan,237218,2010-01-04
Neue Texte Katharina/Buch der Natur/392 - 400,391 - 4000006.tif,.tif,scan,226840,2010-01-04
Neue Texte Katharina/Buch der Natur/392 - 400,391 - 4000007.tif,.tif,scan,226630,2010-01-04
Neue Texte Katharina/Buch der Natur/392 - 400,391 - 4000008.tif,.tif,scan,205858,2010-01-04
Neue Texte Katharina/Buch der Natur/392 - 400,391 - 4000009.tif,.tif,scan,236028,2010-01-04
Neue Texte Katharina/Buch der Natur/392 - 400,391 - 4000010.tif,.tif,scan,221682,2010-01-04
Neue Texte Katharina/Buch der Natur/392 - 400,391 - 4000011.tif,.tif,scan,239166,2010-01-04
Neue Texte Katharina/Buch der Natur/392 - 400,391 - 4000012.tif,.tif,scan,260062,2010-01-04
Neue Texte Katharina/Buch der Natur/401 - 410,401 - 4100001.tif,.tif,scan,215310,2010-01-04
Neue Texte Katharina/Buch der Natur/401 - 410,401 - 4100002.tif,.tif,scan,213894,2010-01-04
Neue Texte Katharina/Buch der Natur/401 - 410,401 - 4100003.tif,.tif,scan,220676,2010-01-04
Neue Texte Katharina/Buch der Natur/401 - 410,401 - 4100004.tif,.tif,scan,231298,2010-01-04
Neue Texte Katharina/Buch der Natur/401 - 410,401 - 4100005.tif,.tif,scan,210240,2010-01-04
Neue Texte Katharina/Buch der Natur/401 - 410,401 - 4100006.tif,.tif,scan,216442,2010-01-04
Neue Texte Katharina/Buch der Natur/401 - 410,401 - 4100007.tif,.tif,scan,220384,2010-01-04
Neue Texte Katharina/Buch der Natur/401 - 410,401 - 4100008.tif,.tif,scan,245442,2010-01-04
Neue Texte Katharina/Buch der Natur/401 - 410,401 - 4100009.tif,.tif,scan,56914,2010-01-04
Neue Texte Katharina/Buch der Natur/41 - 50,41 - 500001.tif,.tif,scan,211100,2009-09-09
Neue Texte Katharina/Buch der Natur/41 - 50,41 - 500002.tif,.tif,scan,211410,2009-09-09
Neue Texte Katharina/Buch der Natur/41 - 50,41 - 500003.tif,.tif,scan,246378,2009-09-09
Neue Texte Katharina/Buch der Natur/41 - 50,41 - 500004.tif,.tif,scan,236844,2009-09-09
Neue Texte Katharina/Buch der Natur/41 - 50,41 - 500005.tif,.tif,scan,225958,2009-09-09
Neue Texte Katharina/Buch der Natur/41 - 50,41 - 500006.tif,.tif,scan,246770,2009-09-09
Neue Texte Katharina/Buch der Natur/41 - 50,41 - 500007.tif,.tif,scan,243396,2009-09-09
Neue Texte Katharina/Buch der Natur/41 - 50,41 - 500008.tif,.tif,scan,251562,2009-09-09
Neue Texte Katharina/Buch der Natur/41 - 50,41 - 500009.tif,.tif,scan,265982,2009-09-09
Neue Texte Katharina/Buch der Natur/41 - 50,41 - 500010.tif,.tif,scan,280576,2009-09-09
Neue Texte Katharina/Buch der Natur/411 - 420,411 - 4200001.tif,.tif,scan,192178,2010-01-04
Neue Texte Katharina/Buch der Natur/411 - 420,411 - 4200002.tif,.tif,scan,229820,2010-01-04
Neue Texte Katharina/Buch der Natur/411 - 420,411 - 4200003.tif,.tif,scan,252856,2010-01-04
Neue Texte Katharina/Buch der Natur/411 - 420,411 - 4200004.tif,.tif,scan,231360,2010-01-04
Neue Texte Katharina/Buch der Natur/411 - 420,411 - 4200005.tif,.tif,scan,237126,2010-01-04
Neue Texte Katharina/Buch der Natur/411 - 420,411 - 4200006.tif,.tif,scan,256540,2010-01-04
Neue Texte Katharina/Buch der Natur/411 - 420,411 - 4200007.tif,.tif,scan,222962,2010-01-04
Neue Texte Katharina/Buch der Natur/411 - 420,411 - 4200008.tif,.tif,scan,206506,2010-01-04
Neue Texte Katharina/Buch der Natur/411 - 420,411 - 4200009.tif,.tif,scan,237036,2010-01-04
Neue Texte Katharina/Buch der Natur/411 - 420,411 - 4200010.tif,.tif,scan,236386,2010-01-04
Neue Texte Katharina/Buch der Natur/421 - 430,421 - 4300001.tif,.tif,scan,233028,2010-01-05
Neue Texte Katharina/Buch der Natur/421 - 430,421 - 4300002.tif,.tif,scan,215406,2010-01-05
Neue Texte Katharina/Buch der Natur/421 - 430,421 - 4300003.tif,.tif,scan,247132,2010-01-05
Neue Texte Katharina/Buch der Natur/421 - 430,421 - 4300004.tif,.tif,scan,251948,2010-01-05
Neue Texte Katharina/Buch der Natur/421 - 430,421 - 4300005.tif,.tif,scan,216654,2010-01-05
Neue Texte Katharina/Buch der Natur/421 - 430,421 - 4300006.tif,.tif,scan,235522,2010-01-05
Neue Texte Katharina/Buch der Natur/421 - 430,421 - 4300007.tif,.tif,scan,233806,2010-01-05
Neue Texte Katharina/Buch der Natur/421 - 430,421 - 4300008.tif,.tif,scan,206132,2010-01-05
Neue Texte Katharina/Buch der Natur/421 - 430,421 - 4300009.tif,.tif,scan,246716,2010-01-05
Neue Texte Katharina/Buch der Natur/421 - 430,421 - 4300010.tif,.tif,scan,228868,2010-01-05
Neue Texte Katharina/Buch der Natur/431 - 440,431 - 4400001.tif,.tif,scan,252802,2010-01-06
Neue Texte Katharina/Buch der Natur/431 - 440,431 - 4400002.tif,.tif,scan,211928,2010-01-06
Neue Texte Katharina/Buch der Natur/431 - 440,431 - 4400003.tif,.tif,scan,232592,2010-01-06
Neue Texte Katharina/Buch der Natur/431 - 440,431 - 4400004.tif,.tif,scan,219120,2010-01-06
Neue Texte Katharina/Buch der Natur/431 - 440,431 - 4400005.tif,.tif,scan,222584,2010-01-06
Neue Texte Katharina/Buch der Natur/431 - 440,431 - 4400006.tif,.tif,scan,241028,2010-01-06
Neue Texte Katharina/Buch der Natur/431 - 440,431 - 4400007.tif,.tif,scan,224782,2010-01-06
Neue Texte Katharina/Buch der Natur/431 - 440,431 - 4400008.tif,.tif,scan,215164,2010-01-06
Neue Texte Katharina/Buch der Natur/431 - 440,431 - 4400009.tif,.tif,scan,224628,2010-01-06
Neue Texte Katharina/Buch der Natur/431 - 440,431 - 4400010.tif,.tif,scan,236892,2010-01-06
Neue Texte Katharina/Buch der Natur/441 - 450,441 - 4500001.tif,.tif,scan,210150,2010-01-06
Neue Texte Katharina/Buch der Natur/441 - 450,441 - 4500002.tif,.tif,scan,213414,2010-01-06
Neue Texte Katharina/Buch der Natur/441 - 450,441 - 4500003.tif,.tif,scan,240152,2010-01-06
Neue Texte Katharina/Buch der Natur/441 - 450,441 - 4500004.tif,.tif,scan,227188,2010-01-06
Neue Texte Katharina/Buch der Natur/441 - 450,441 - 4500005.tif,.tif,scan,196112,2010-01-06
Neue Texte Katharina/Buch der Natur/441 - 450,441 - 4500006.tif,.tif,scan,208574,2010-01-06
Neue Texte Katharina/Buch der Natur/441 - 450,441 - 4500007.tif,.tif,scan,217364,2010-01-06
Neue Texte Katharina/Buch der Natur/441 - 450,441 - 4500008.tif,.tif,scan,186142,2010-01-06
Neue Texte Katharina/Buch der Natur/441 - 450,441 - 4500009.tif,.tif,scan,228144,2010-01-06
Neue Texte Katharina/Buch der Natur/441 - 450,441 - 4500010.tif,.tif,scan,218838,2010-01-06
Neue Texte Katharina/Buch der Natur/451 - 460,451 - 4600001.tif,.tif,scan,228620,2010-01-07
Neue Texte Katharina/Buch der Natur/451 - 460,451 - 4600002.tif,.tif,scan,236226,2010-01-07
Neue Texte Katharina/Buch der Natur/451 - 460,451 - 4600003.tif,.tif,scan,236514,2010-01-07
Neue Texte Katharina/Buch der Natur/451 - 460,451 - 4600004.tif,.tif,scan,223246,2010-01-07
Neue Texte Katharina/Buch der Natur/451 - 460,451 - 4600005.tif,.tif,scan,224198,2010-01-07
Neue Texte Katharina/Buch der Natur/451 - 460,451 - 4600006.tif,.tif,scan,209968,2010-01-07
Neue Texte Katharina/Buch der Natur/451 - 460,451 - 4600007.tif,.tif,scan,214730,2010-01-07
Neue Texte Katharina/Buch der Natur/451 - 460,451 - 4600008.tif,.tif,scan,213638,2010-01-07
Neue Texte Katharina/Buch der Natur/451 - 460,451 - 4600009.tif,.tif,scan,229988,2010-01-07
Neue Texte Katharina/Buch der Natur/451 - 460,451 - 4600010.tif,.tif,scan,220508,2010-01-07
Neue Texte Katharina/Buch der Natur/461 - 470,461 - 4700001.tif,.tif,scan,226848,2010-01-08
Neue Texte Katharina/Buch der Natur/461 - 470,461 - 4700002.tif,.tif,scan,147348,2010-01-08
Neue Texte Katharina/Buch der Natur/461 - 470,461 - 4700003.tif,.tif,scan,213630,2010-01-08
Neue Texte Katharina/Buch der Natur/461 - 470,461 - 4700004.tif,.tif,scan,281932,2010-01-08
Neue Texte Katharina/Buch der Natur/461 - 470,461 - 4700005.tif,.tif,scan,291548,2010-01-08
Neue Texte Katharina/Buch der Natur/461 - 470,461 - 4700006.tif,.tif,scan,285278,2010-01-08
Neue Texte Katharina/Buch der Natur/461 - 470,461 - 4700007.tif,.tif,scan,252312,2010-01-08
Neue Texte Katharina/Buch der Natur/461 - 470,461 - 4700008.tif,.tif,scan,264970,2010-01-08
Neue Texte Katharina/Buch der Natur/461 - 470,461 - 4700009.tif,.tif,scan,213982,2010-01-08
Neue Texte Katharina/Buch der Natur/461 - 470,461 - 4700010.tif,.tif,scan,204178,2010-01-08
Neue Texte Katharina/Buch der Natur/471 - 480,471 -4800001.tif,.tif,scan,220894,2010-01-11
Neue Texte Katharina/Buch der Natur/471 - 480,471 -4800002.tif,.tif,scan,234006,2010-01-11
Neue Texte Katharina/Buch der Natur/471 - 480,471 -4800003.tif,.tif,scan,249952,2010-01-11
Neue Texte Katharina/Buch der Natur/471 - 480,471 -4800004.tif,.tif,scan,212878,2010-01-11
Neue Texte Katharina/Buch der Natur/471 - 480,471 -4800005.tif,.tif,scan,233926,2010-01-11
Neue Texte Katharina/Buch der Natur/471 - 480,471 -4800006.tif,.tif,scan,212544,2010-01-11
Neue Texte Katharina/Buch der Natur/471 - 480,471 -4800007.tif,.tif,scan,174116,2010-01-11
Neue Texte Katharina/Buch der Natur/471 - 480,471 -4800008.tif,.tif,scan,197926,2010-01-11
Neue Texte Katharina/Buch der Natur/471 - 480,471 -4800009.tif,.tif,scan,187518,2010-01-11
Neue Texte Katharina/Buch der Natur/471 - 480,471 -4800010.tif,.tif,scan,186100,2010-01-11
Neue Texte Katharina/Buch der Natur/481 - 490,481 - 4900001.tif,.tif,scan,219128,2010-01-12
Neue Texte Katharina/Buch der Natur/481 - 490,481 - 4900002.tif,.tif,scan,216616,2010-01-12
Neue Texte Katharina/Buch der Natur/481 - 490,481 - 4900003.tif,.tif,scan,220668,2010-01-12
Neue Texte Katharina/Buch der Natur/481 - 490,481 - 4900004.tif,.tif,scan,202254,2010-01-12
Neue Texte Katharina/Buch der Natur/481 - 490,481 - 4900005.tif,.tif,scan,229206,2010-01-12
Neue Texte Katharina/Buch der Natur/481 - 490,481 - 4900006.tif,.tif,scan,242796,2010-01-12
Neue Texte Katharina/Buch der Natur/481 - 490,481 - 4900007.tif,.tif,scan,234166,2010-01-12
Neue Texte Katharina/Buch der Natur/481 - 490,481 - 4900008.tif,.tif,scan,257200,2010-01-12
Neue Texte Katharina/Buch der Natur/481 - 490,481 - 4900009.tif,.tif,scan,240710,2010-01-12
Neue Texte Katharina/Buch der Natur/481 - 490,481 - 4900010.tif,.tif,scan,265574,2010-01-12
Neue Texte Katharina/Buch der Natur/491 - 500,491 - 5000001.tif,.tif,scan,245948,2010-01-14
Neue Texte Katharina/Buch der Natur/491 - 500,491 - 5000002.tif,.tif,scan,249716,2010-01-14
Neue Texte Katharina/Buch der Natur/491 - 500,491 - 5000003.tif,.tif,scan,250824,2010-01-14
Neue Texte Katharina/Buch der Natur/491 - 500,491 - 5000004.tif,.tif,scan,288244,2010-01-14
Neue Texte Katharina/Buch der Natur/491 - 500,491 - 5000005.tif,.tif,scan,286840,2010-01-14
Neue Texte Katharina/Buch der Natur/491 - 500,491 - 5000006.tif,.tif,scan,262626,2010-01-14
Neue Texte Katharina/Buch der Natur/491 - 500,491 - 5000007.tif,.tif,scan,277958,2010-01-14
Neue Texte Katharina/Buch der Natur/491 - 500,491 - 5000008.tif,.tif,scan,239614,2010-01-14
Neue Texte Katharina/Buch der Natur/491 - 500,491 - 5000009.tif,.tif,scan,227656,2010-01-14
Neue Texte Katharina/Buch der Natur/491 - 500,491 - 5000010.tif,.tif,scan,249714,2010-01-14
Neue Texte Katharina/Buch der Natur/501 - 510,501 - 5100001.tif,.tif,scan,213784,2010-01-14
Neue Texte Katharina/Buch der Natur/501 - 510,501 - 5100002.tif,.tif,scan,196118,2010-01-14
Neue Texte Katharina/Buch der Natur/501 - 510,501 - 5100003.tif,.tif,scan,284072,2010-01-14
Neue Texte Katharina/Buch der Natur/501 - 510,501 - 5100004.tif,.tif,scan,245662,2010-01-14
Neue Texte Katharina/Buch der Natur/501 - 510,501 - 5100005.tif,.tif,scan,224924,2010-01-14
Neue Texte Katharina/Buch der Natur/501 - 510,501 - 5100006.tif,.tif,scan,269906,2010-01-14
Neue Texte Katharina/Buch der Natur/501 - 510,501 - 5100007.tif,.tif,scan,247664,2010-01-14
Neue Texte Katharina/Buch der Natur/501 - 510,501 - 5100008.tif,.tif,scan,220748,2010-01-14
Neue Texte Katharina/Buch der Natur/501 - 510,501 - 5100009.tif,.tif,scan,94192,2010-01-14
Neue Texte Katharina/Buch der Natur/51 - 60,51 - 600001.tif,.tif,scan,260230,2009-09-25
Neue Texte Katharina/Buch der Natur/51 - 60,51 - 600002.tif,.tif,scan,256930,2009-09-25
Neue Texte Katharina/Buch der Natur/51 - 60,51 - 600003.tif,.tif,scan,277556,2009-09-25
Neue Texte Katharina/Buch der Natur/51 - 60,51 - 600004.tif,.tif,scan,283732,2009-09-25
Neue Texte Katharina/Buch der Natur/51 - 60,51 - 600005.tif,.tif,scan,270924,2009-09-25
Neue Texte Katharina/Buch der Natur/51 - 60,51 - 600006.tif,.tif,scan,284606,2009-09-25
Neue Texte Katharina/Buch der Natur/51 - 60,51 - 600007.tif,.tif,scan,232370,2009-09-25
Neue Texte Katharina/Buch der Natur/51 - 60,51 - 600008.tif,.tif,scan,243848,2009-09-25
Neue Texte Katharina/Buch der Natur/51 - 60,51 - 600009.tif,.tif,scan,266688,2009-09-25
Neue Texte Katharina/Buch der Natur/51 - 60,51 - 600010.tif,.tif,scan,261194,2009-09-25
Neue Texte Katharina/Buch der Natur/511 -520,511 - 5200001.tif,.tif,scan,204448,2010-01-14
Neue Texte Katharina/Buch der Natur/511 -520,511 - 5200002.tif,.tif,scan,246344,2010-01-14
Neue Texte Katharina/Buch der Natur/511 -520,511 - 5200003.tif,.tif,scan,250552,2010-01-14
Neue Texte Katharina/Buch der Natur/511 -520,511 - 5200004.tif,.tif,scan,239784,2010-01-14
Neue Texte Katharina/Buch der Natur/511 -520,511 - 5200005.tif,.tif,scan,257120,2010-01-14
Neue Texte Katharina/Buch der Natur/511 -520,511 - 5200006.tif,.tif,scan,249184,2010-01-14
Neue Texte Katharina/Buch der Natur/511 -520,511 - 5200007.tif,.tif,scan,280418,2010-01-14
Neue Texte Katharina/Buch der Natur/511 -520,511 - 5200008.tif,.tif,scan,112376,2010-01-14
Neue Texte Katharina/Buch der Natur/511 -520,511 - 5200009.tif,.tif,scan,210398,2010-01-14
Neue Texte Katharina/Buch der Natur/511 -520,511 - 5200010.tif,.tif,scan,261944,2010-01-14
Neue Texte Katharina/Buch der Natur/521 - 529,521 - 5290001.tif,.tif,scan,268924,2010-01-18
Neue Texte Katharina/Buch der Natur/521 - 529,521 - 5290002.tif,.tif,scan,264312,2010-01-18
Neue Texte Katharina/Buch der Natur/521 - 529,521 - 5290003.tif,.tif,scan,299066,2010-01-18
Neue Texte Katharina/Buch der Natur/521 - 529,521 - 5290004.tif,.tif,scan,291060,2010-01-18
Neue Texte Katharina/Buch der Natur/521 - 529,521 - 5290005.tif,.tif,scan,246004,2010-01-18
Neue Texte Katharina/Buch der Natur/521 - 529,521 - 5290006.tif,.tif,scan,302266,2010-01-18
Neue Texte Katharina/Buch der Natur/521 - 529,521 - 5290007.tif,.tif,scan,301872,2010-01-18
Neue Texte Katharina/Buch der Natur/521 - 529,521 - 5290008.tif,.tif,scan,256300,2010-01-18
Neue Texte Katharina/Buch der Natur/521 - 529,521 - 5290009.tif,.tif,scan,204404,2010-01-18
Neue Texte Katharina/Buch der Natur/61 - 70,61 - 700001.tif,.tif,scan,256724,2009-10-01
Neue Texte Katharina/Buch der Natur/61 - 70,61 - 700002.tif,.tif,scan,195076,2009-10-01
Neue Texte Katharina/Buch der Natur/61 - 70,61 - 700003.tif,.tif,scan,254606,2009-10-01
Neue Texte Katharina/Buch der Natur/61 - 70,61 - 700004.tif,.tif,scan,259194,2009-10-01
Neue Texte Katharina/Buch der Natur/61 - 70,61 - 700005.tif,.tif,scan,252092,2009-10-01
Neue Texte Katharina/Buch der Natur/61 - 70,61 - 700006.tif,.tif,scan,242132,2009-10-01
Neue Texte Katharina/Buch der Natur/61 - 70,61 - 700007.tif,.tif,scan,252904,2009-10-01
Neue Texte Katharina/Buch der Natur/61 - 70,61 - 700008.tif,.tif,scan,261584,2009-10-01
Neue Texte Katharina/Buch der Natur/61 - 70,61 - 700009.tif,.tif,scan,209858,2009-10-01
Neue Texte Katharina/Buch der Natur/61 - 70,61 - 700010.tif,.tif,scan,200028,2009-10-01
Neue Texte Katharina/Buch der Natur/71 - 80,71 - 800001.tif,.tif,scan,199200,2009-10-03
Neue Texte Katharina/Buch der Natur/71 - 80,71 - 800002.tif,.tif,scan,190968,2009-10-03
Neue Texte Katharina/Buch der Natur/71 - 80,71 - 800003.tif,.tif,scan,206536,2009-10-03
Neue Texte Katharina/Buch der Natur/71 - 80,71 - 800004.tif,.tif,scan,200936,2009-10-03
Neue Texte Katharina/Buch der Natur/71 - 80,71 - 800005.tif,.tif,scan,238820,2009-10-03
Neue Texte Katharina/Buch der Natur/71 - 80,71 - 800006.tif,.tif,scan,227096,2009-10-03
Neue Texte Katharina/Buch der Natur/71 - 80,71 - 800007.tif,.tif,scan,227312,2009-10-03
Neue Texte Katharina/Buch der Natur/71 - 80,71 - 800008.tif,.tif,scan,223234,2009-10-03
Neue Texte Katharina/Buch der Natur/71 - 80,71 - 800009.tif,.tif,scan,226060,2009-10-03
Neue Texte Katharina/Buch der Natur/71 - 80,71 - 800010.tif,.tif,scan,281782,2009-10-03
Neue Texte Katharina/Buch der Natur/81 - 90,81 - 900001.tif,.tif,scan,73842,2009-10-27
Neue Texte Katharina/Buch der Natur/81 - 90,81 - 900002.tif,.tif,scan,242048,2009-10-27
Neue Texte Katharina/Buch der Natur/81 - 90,81 - 900003.tif,.tif,scan,262108,2009-10-27
Neue Texte Katharina/Buch der Natur/81 - 90,81 - 900004.tif,.tif,scan,249892,2009-10-27
Neue Texte Katharina/Buch der Natur/81 - 90,81 - 900005.tif,.tif,scan,270084,2009-10-27
Neue Texte Katharina/Buch der Natur/81 - 90,81 - 900006.tif,.tif,scan,265626,2009-10-27
Neue Texte Katharina/Buch der Natur/81 - 90,81 - 900007.tif,.tif,scan,278204,2009-10-27
Neue Texte Katharina/Buch der Natur/81 - 90,81 - 900008.tif,.tif,scan,250520,2009-10-27
Neue Texte Katharina/Buch der Natur/81 - 90,81 - 900009.tif,.tif,scan,238708,2009-10-27
Neue Texte Katharina/Buch der Natur/91 - 100,91 - 1000001.tif,.tif,scan,241520,2009-10-28
Neue Texte Katharina/Buch der Natur/91 - 100,91 - 1000002.tif,.tif,scan,222146,2009-10-28
Neue Texte Katharina/Buch der Natur/91 - 100,91 - 1000003.tif,.tif,scan,230134,2009-10-28
Neue Texte Katharina/Buch der Natur/91 - 100,91 - 1000004.tif,.tif,scan,250892,2009-10-28
Neue Texte Katharina/Buch der Natur/91 - 100,91 - 1000005.tif,.tif,scan,260000,2009-10-28
Neue Texte Katharina/Buch der Natur/91 - 100,91 - 1000006.tif,.tif,scan,215264,2009-10-28
Neue Texte Katharina/Buch der Natur/91 - 100,91 - 1000007.tif,.tif,scan,244472,2009-10-28
Neue Texte Katharina/Buch der Natur/91 - 100,91 - 1000008.tif,.tif,scan,243728,2009-10-28
Neue Texte Katharina/Buch der Natur/91 - 100,91 - 1000009.tif,.tif,scan,262136,2009-10-28
Neue Texte Katharina/Buch der Natur/91 - 100,91 - 1000010.tif,.tif,scan,249664,2009-10-28
Neue Texte Katharina/Buch der Natur/Inhaltsverzeichnis,IV0001.tif,.tif,scan,156844,2009-09-09
Neue Texte Katharina/Buch der Natur/Inhaltsverzeichnis,IV0002.tif,.tif,scan,171018,2009-09-09
Neue Texte Katharina/Buch der Natur/Inhaltsverzeichnis,IV0003.tif,.tif,scan,219708,2009-09-09
Neue Texte Katharina/Buch der Natur/Inhaltsverzeichnis,IV0004.tif,.tif,scan,206602,2009-09-09
Neue Texte Katharina/Buch der Natur/Inhaltsverzeichnis,IV0005.tif,.tif,scan,191372,2009-09-09
Neue Texte Katharina/Buch der Natur/Inhaltsverzeichnis,IV0006.tif,.tif,scan,188842,2009-09-09
Neue Texte Katharina/Buch der Natur/Inhaltsverzeichnis,IV0007.tif,.tif,scan,209742,2009-09-09
Neue Texte Katharina/Buch der Natur/Inhaltsverzeichnis,IV0008.tif,.tif,scan,192796,2009-09-09
Neue Texte Katharina/Buch der Natur/Inhaltsverzeichnis,IV0009.tif,.tif,scan,198464,2009-09-09
Neue Texte Katharina/Buch der Natur/Inhaltsverzeichnis,IV0010.tif,.tif,scan,182182,2009-09-09
Neue Texte Katharina/Buch der Natur/Inhaltsverzeichnis,IV0011.tif,.tif,scan,207062,2009-09-09
Neue Texte Katharina/Buch der Natur/Inhaltsverzeichnis,IV0012.tif,.tif,scan,168274,2009-09-09
Neue Texte Katharina/Buch der Natur/Inhaltsverzeichnis,IV0013.tif,.tif,scan,173498,2009-09-09
Neue Texte Katharina/Buch der Natur/Inhaltsverzeichnis,IV0014.tif,.tif,scan,165448,2009-09-09
Neue Texte Katharina/Buch der Natur/Inhaltsverzeichnis,IV0015.tif,.tif,scan,169432,2009-09-09
Neue Texte Katharina/Buch der Natur/Inhaltsverzeichnis,IV0016.tif,.tif,scan,154206,2009-09-09
Neue Texte Katharina/Buch der Natur/Inhaltsverzeichnis,IV0017.tif,.tif,scan,166168,2009-09-09
Neue Texte Katharina/Buch der Natur/Inhaltsverzeichnis,IV0018.tif,.tif,scan,178766,2009-09-09
Neue Texte Katharina/Buch der Natur/Inhaltsverzeichnis,IV0019.tif,.tif,scan,164106,2009-09-09
Neue Texte Katharina/Buch der Natur/Inhaltsverzeichnis,IV0020.tif,.tif,scan,168890,2009-09-09
Neue Texte Katharina/Buch der Natur/Inhaltsverzeichnis,IV0021.tif,.tif,scan,154738,2009-09-09
Neue Texte Katharina/Buch der Natur/Inhaltsverzeichnis,IV0022.tif,.tif,scan,161554,2009-09-09
Neue Texte Katharina/Buch der Natur/Inhaltsverzeichnis,IV0023.tif,.tif,scan,158072,2009-09-09
Neue Texte Katharina/Buch der Natur/Klappentext,KT0001.tif,.tif,scan,161424,2009-09-09
Neue Texte Katharina/Buch der Natur/Klappentext,KT0002.tif,.tif,scan,215142,2009-09-09
Neue Texte Katharina/Buch der Natur/Klappentext,KT0003.tif,.tif,scan,268394,2009-09-09
Neue Texte Katharina/LUCIDARIUS,LUC1.TXT,.txt,text,29021,1998-12-28
Neue Texte Katharina/LUCIDARIUS,LUC11.TXT,.txt,text,186982,1998-12-28
Neue Texte Katharina/LUCIDARIUS,LUC12.TXT,.txt,text,178820,1998-12-28
Neue Texte Katharina/LUCIDARIUS,LUC13.TXT,.txt,text,204104,1998-12-28
Neue Texte Katharina/LUCIDARIUS,LUC2.TXT,.txt,text,26969,1998-12-28
Neue Texte Katharina/LUCIDARIUS,LUC21.TXT,.txt,text,186360,1998-12-28
Neue Texte Katharina/LUCIDARIUS,LUC22.TXT,.txt,text,178586,1998-12-28
Neue Texte Katharina/LUCIDARIUS,LUC23.TXT,.txt,text,200703,1998-12-28
Neue Texte Katharina/Seifried Helbling,"Hofmeister, Wernfried - Minne und Drogen in Neidharts Sommerlied 15.pdf",.pdf,pdf,108378,2017-06-12
Neue Texte Katharina/Seifried Helbling,Seifried_Helbling_von_Karajan.pdf,.pdf,pdf,8046688,2017-04-27
Neue Texte Katharina/Seifried Helbling,Seifried_Helbling_von_Karajan_djvu.txt,.txt,text,461526,2017-04-27
Neue Texte Katharina/Thomas-Gloning-eTexte,Anna Wecker-Ein koestlich Kochbuch.docx,.docx,text,39535,2014-01-23
Neue Texte Katharina/Thomas-Gloning-eTexte,Balthasar Staindl-1.docx,.docx,text,28223,2014-01-23
Neue Texte Katharina/Thomas-Gloning-eTexte,Balthasar Staindl-2.docx,.docx,text,19890,2014-01-23
Neue Texte Katharina/Thomas-Gloning-eTexte,Balthasar Staindl-3.docx,.docx,text,26697,2014-01-23
Neue Texte Katharina/Thomas-Gloning-eTexte,Balthasar Staindl-4.docx,.docx,text,34656,2014-01-23
Neue Texte Katharina/Thomas-Gloning-eTexte,Balthasar Staindl-5.docx,.docx,text,20307,2014-01-23
Neue Texte Katharina/Thomas-Gloning-eTexte,HansDernschwam-Essgewohnheiten-Tuerkei.docx,.docx,text,25095,2014-01-23
Neue Texte Katharina/Thomas-Gloning-eTexte,Heinrich Münsinger Regimen sanitatis in fluxu catarrhali ad pectus.docx,.docx,text,22906,2014-01-23
Neue Texte Katharina/Thomas-Gloning-eTexte,Kochbuch-SabineWelserin.docx,.docx,text,71949,2014-01-23
Neue Texte Katharina/Thomas-Gloning-eTexte,KochKellermeisterey.docx,.docx,text,48855,2014-01-23
Neue Texte Katharina/Thomas-Gloning-eTexte,Marx Rumpolt-Ein new Kochbuch.docx,.docx,text,272258,2014-01-23
Neue Texte Katharina/Thomas-Gloning-eTexte,MittelniederdeutschesKochbuch.docx,.docx,text,35760,2014-01-23
Neue Texte Katharina/Thomas-Gloning-eTexte,Müller Kochrezepte aus dem 16 Jahrhundert.docx,.docx,text,16514,2014-01-23
Neue Texte Katharina/Thomas-Gloning-eTexte,Schachtafelen der Gesuntheyt.docx,.docx,text,87481,2014-01-23
Neue Texte Katharina/Thomas-Gloning-eTexte,Weinbuch.docx,.docx,text,40624,2014-01-23
Neue Texte Katharina/Thomas-Gloning-eTexte,Weinbuechlein.docx,.docx,text,20300,2014-01-23
Neue Texte Klaus,9. Der Dürner 59u60.rtf,.rtf,text,10457,2009-03-20
Neue Texte Klaus,apk_free.xml,.xml,text,1565852,2013-02-21
Neue Texte Klaus,attachment.ashx,.ashx,text,282174,2009-03-20
Neue Texte Klaus,Augustin Tünger.doc,.doc,text,162816,2013-02-17
Neue Texte Klaus,BuchAltväter.txt,.txt,text,108287,2006-12-01
Neue Texte Klaus,CLV.txt,.txt,text,71528,2015-10-30
Neue Texte Klaus,Der heimliche Bote.doc,.doc,text,35840,2009-11-08
Neue Texte Klaus,Dietmar der Setzer0001.tif,.tif,scan,492870,2009-03-20
Neue Texte Klaus,Digi Quellen Chroniken.doc,.doc,text,22016,2013-02-05
Neue Texte Klaus,DLC.txt,.txt,text,54866,2015-10-19
Neue Texte Klaus,Dukus Horant.doc,.doc,text,159232,2013-02-20
Neue Texte Klaus,Durandus.txt,.txt,text,88657,2006-12-01
Neue Texte Klaus,Düringische Chronik v. Joh. Rothe.doc,.doc,text,145408,2009-11-04
Neue Texte Klaus,EditMOM_Urkunden.doc,.doc,text,23552,2006-05-24
Neue Texte Klaus,EFB.txt,.txt,text,135893,2018-07-25
Neue Texte Klaus,Erhard Knabs Gichtregimen.doc,.doc,text,43008,2006-12-29
Neue Texte Klaus,Finereader Key.docx,.docx,text,9900,2009-12-11
Neue Texte Klaus,Goettweiger Trojanerkrieg.xml,.xml,text,1854212,2013-02-21
Neue Texte Klaus,Goettweiger Trojanerkrieg.zip,.zip,archiv,519812,2013-02-21
Neue Texte Klaus,Goldene Bulle Dresden.doc,.doc,text,120320,2013-02-20
Neue Texte Klaus,Goldene Bulle Frkft.doc,.doc,text,136704,2013-02-20
Neue Texte Klaus,Goldene Bulle Goettingen.doc,.doc,text,119296,2013-02-20
Neue Texte Klaus,Goldene Bulle MÜ.doc,.doc,text,119296,2013-02-20
Neue Texte Klaus,GTK.docx,.docx,text,1506240,2017-10-15
Neue Texte Klaus,GTK1.docx,.docx,text,1195185,2017-10-17
Neue Texte Klaus,GTK2.txt,.txt,text,1265535,2017-12-08
Neue Texte Klaus,HAF1.dot,.dot,text,93696,2005-06-29
Neue Texte Klaus,hain-heim-kein.doc,.doc,text,177664,2013-09-24
Neue Texte Klaus,Hamburger Stadtrecht.jpg,.jpg,scan,1469630,2008-02-12
Neue Texte Klaus,Harrand von Wildonie Getriu Kone.txt,.txt,text,12950,2013-02-05
Neue Texte Klaus,Heinr v Mügeln Der Tum.doc,.doc,text,70219,2005-02-02
Neue Texte Klaus,Hospitalregel München.doc,.doc,text,56320,2007-01-02
Neue Texte Klaus,Hospitalregel München2.doc,.doc,text,36864,2007-01-02
Neue Texte Klaus,Hospitalregel Rothenburg.doc,.doc,text,44032,2007-01-02
Neue Texte Klaus,HvMügeln.txt,.txt,text,30587,2006-11-29
Neue Texte Klaus,Jüngstes Gericht-Frau Ava.doc,.doc,text,32256,2010-12-23
Neue Texte Klaus,Kues Vaterunser.doc,.doc,text,132608,2006-12-31
Neue Texte Klaus,Liste neue Texte.doc,.doc,text,22016,2004-11-03
Neue Texte Klaus,Magdeburger Recht.doc,.doc,text,442880,2006-12-29
Neue Texte Klaus,Marienleg.-Einl.docx,.docx,text,56228,2010-12-29
Neue Texte Klaus,Meister Albertus' Lehre.doc,.doc,text,84480,2013-02-20
Neue Texte Klaus,Meister Ingold.doc,.doc,text,590336,2013-01-20
Neue Texte Klaus,MHD-WB.doc,.doc,text,2170368,2009-12-15
Neue Texte Klaus,MHD-WB.txt,.txt,text,1018858,2009-12-15
Neue Texte Klaus,MHDBDB-Links zu Hss..doc,.doc,text,199680,2010-12-23
Neue Texte Klaus,Milstaetter Physiologus.doc,.doc,text,1628160,2013-01-10
Neue Texte Klaus,Neue Texte-Bib.doc,.doc,text,141312,2007-01-03
Neue Texte Klaus,Nicolas von Kues.doc,.doc,text,101888,2013-02-11
Neue Texte Klaus,Niklas von Wyle.doc,.doc,text,139776,2013-01-20
Neue Texte Klaus,Normal.dot,.dot,text,100352,2015-10-19
Neue Texte Klaus,Normal.txt,.txt,text,14040,2012-12-11
Neue Texte Klaus,Notker von Zwiefalten Memento Mori.doc,.doc,text,39936,2013-02-20
Neue Texte Klaus,Optopus-HANDBUCH.PDF,.pdf,pdf,1155353,1997-02-14
Neue Texte Klaus,Oxforder Benedictinerregel.txt,.txt,text,91616,2006-12-01
Neue Texte Klaus,Pfaffe Lamprecht Tobias.doc,.doc,text,46080,2013-02-20
Neue Texte Klaus,Physiologus Millstaett.doc,.doc,text,151040,2006-12-29
Neue Texte Klaus,Physiologus Wien.doc,.doc,text,104960,2006-12-29
Neue Texte Klaus,Problemlemmata.doc,.doc,text,22016,2010-02-02
Neue Texte Klaus,Promptuarium medicinae.doc,.doc,text,2242560,2006-12-29
Neue Texte Klaus,Rezept gegen Lähmung.doc,.doc,text,21504,2006-12-29
Neue Texte Klaus,Rothe Chronik.doc,.doc,text,194560,2007-01-02
Neue Texte Klaus,Rothe Chronik.txt,.txt,text,79898,2006-12-01
Neue Texte Klaus,Rulmann Merswin.txt,.txt,text,75797,2006-12-01
Neue Texte Klaus,Schachtafelen der Gesuntheyt.doc,.doc,text,74240,2007-01-02
Neue Texte Klaus,test-copy.doc,.doc,text,26624,2006-08-16
Neue Texte Klaus,test-copy1.txt,.txt,text,1407,2006-08-16
Neue Texte Klaus,Textquellen im Internet.doc,.doc,text,19968,2004-11-02
Neue Texte Klaus,"TITUS Texts Konrad von Megenburg, Buch der Natur Frame.txt",.txt,text,112,2003-12-22
Neue Texte Klaus,Todo-Liste 2011.doc,.doc,text,31232,2011-01-26
Neue Texte Klaus,Todo-Liste 3-2013.doc,.doc,text,131584,2013-03-12
Neue Texte Klaus,Todo-Liste Neue Texte.doc,.doc,text,118784,2013-02-20
Neue Texte Klaus,Todo-Liste Neue Texte[1].doc,.doc,text,104448,2010-02-09
Neue Texte Klaus,Todo-Liste_5-2013.doc,.doc,text,128512,2013-05-28
Neue Texte Klaus,Todo-Liste_9-2013.doc,.doc,text,134656,2013-09-13
Neue Texte Klaus,Untitled0.doc,.doc,text,16544,2010-12-23
Neue Texte Klaus,Vorauer BM1.txt,.txt,text,102957,2006-11-15
Neue Texte Klaus,Vorauer Buecher Mosis.tar,.tar,text,211456,2006-11-08
Neue Texte Klaus,Weinbuch.doc,.doc,text,129024,2006-12-29
Neue Texte Klaus,Woerterbuch.doc,.doc,text,4496896,2015-11-30
Neue Texte Klaus,Woerterbuch.txt,.txt,text,1077860,2010-12-25
Neue Texte Klaus/Basler Alexander,ALEX0.TXT,.txt,text,11907,1998-12-28
Neue Texte Klaus/Basler Alexander,ALEX1.TXT,.txt,text,141285,1998-12-28
Neue Texte Klaus/Basler Alexander,ALEX2.TXT,.txt,text,135681,1998-12-28
Neue Texte Klaus/Basler Alexander,ALEX3.TXT,.txt,text,167716,1998-12-28
Neue Texte Klaus/Basler Alexander,ALEX4.TXT,.txt,text,162620,1998-12-28
Neue Texte Klaus/Basler Alexander,ALEX5.TXT,.txt,text,131453,1998-12-28
Neue Texte Klaus/Egenolf Fechtbuch,MHDBDB-Egenolff-Fechtbuch.1,.1,text,261,2018-02-13
Neue Texte Klaus/Egenolf Fechtbuch,MHDBDB-Egenolff-Fechtbuch.2,.2,text,58639,2018-02-13
Neue Texte Klaus/Egenolf Fechtbuch,MHDBDB-Egenolff-Fechtbuch.end,.end,text,34,2018-02-13
Neue Texte Klaus/Egenolf Fechtbuch,MHDBDB-Egenolff-Fechtbuch.log,.log,text,39974,2018-02-13
Neue Texte Klaus/Egenolf Fechtbuch,MHDBDB-Egenolff-Fechtbuch.pdf,.pdf,pdf,421074,2018-02-13
Neue Texte Klaus/Egenolf Fechtbuch,MHDBDB-Egenolff-Fechtbuch.synctex.gz,.gz,text,693654,2018-02-13
Neue Texte Klaus/Egenolf Fechtbuch,MHDBDB-Egenolff-Fechtbuch.tex,.tex,text,216225,2018-02-13
Neue Texte Klaus/Egenolf Fechtbuch,MHDBDB-Egenolff-Fechtbuch.txt,.txt,text,218701,2018-01-22
Neue Texte Klaus/GRAL,GRAL0.TXT,.txt,text,12679,1998-12-28
Neue Texte Klaus/GRAL,GRAL1.TXT,.txt,text,217868,1998-12-28
Neue Texte Klaus/GRAL,GRAL2.TXT,.txt,text,47779,1998-12-28
Neue Texte Klaus/GRAL,GRAL3.TXT,.txt,text,206412,1998-12-28
Neue Texte Klaus/GRAL,GRAL4.TXT,.txt,text,180854,1998-12-28
Neue Texte Klaus/GRAL,GRAL5.TXT,.txt,text,314122,1998-12-28
Neue Texte Klaus/GRAL,GRALP.TXT,.txt,text,16673,1998-12-28
Neue Texte Klaus/Heinrich von Mugeln,Tum_Text.doc,.doc,text,70219,2005-02-02
Neue Texte Klaus/HELIAND,HEL1.TXT,.txt,text,10612,1998-12-28
Neue Texte Klaus/HELIAND,HEL10.TXT,.txt,text,127622,1998-12-28
Neue Texte Klaus/HELIAND,HEL11.TXT,.txt,text,46346,1998-12-28
Neue Texte Klaus/HELIAND,HEL12.TXT,.txt,text,126815,1998-12-28
Neue Texte Klaus/HELIAND,HEL13.TXT,.txt,text,109113,1998-12-28
Neue Texte Klaus/HELIAND,HEL14.TXT,.txt,text,124114,1998-12-28
Neue Texte Klaus/HELIAND,HEL2.TXT,.txt,text,12025,1998-12-28
Neue Texte Klaus/HELIAND,HEL4.TXT,.txt,text,116356,1998-12-28
Neue Texte Klaus/HELIAND,HEL5.TXT,.txt,text,114756,1998-12-28
Neue Texte Klaus/HELIAND,HEL6.TXT,.txt,text,77142,1998-12-28
Neue Texte Klaus/HELIAND,HEL7.TXT,.txt,text,58777,1998-12-28
Neue Texte Klaus/HELIAND,HEL9.TXT,.txt,text,13082,1998-12-28
Neue Texte Klaus/Import-Korrekt,differences,,text,25613,2001-11-20
Neue Texte Klaus/Import-Korrekt,Ersetzungen.doc,.doc,text,32768,2004-11-11
Neue Texte Klaus/Import-Korrekt,Korrekturen.doc,.doc,text,30208,2000-12-10
Neue Texte Klaus/Import-Korrekt,Kürzungsstriche.doc,.doc,text,34304,2004-04-27
Neue Texte Klaus/Import-Korrekt,MF-Kürzel-Code.doc,.doc,text,25088,2002-04-25
Neue Texte Klaus/Import-Korrekt,Motivindex.doc,.doc,text,29184,2004-04-27
Neue Texte Klaus/Import-Korrekt,Sonderzeichen.doc,.doc,text,19968,2006-02-06
Neue Texte Klaus/Import-Korrekt,Textimport.doc,.doc,text,21504,1999-08-12
Neue Texte Klaus/linecode_word_template3,Normal.dot,.dot,text,81920,2009-12-15
Neue Texte Klaus/LUCIDARIUS,LUC1.TXT,.txt,text,29021,1998-12-28
Neue Texte Klaus/LUCIDARIUS,LUC11.TXT,.txt,text,186982,1998-12-28
Neue Texte Klaus/LUCIDARIUS,LUC12.TXT,.txt,text,178820,1998-12-28
Neue Texte Klaus/LUCIDARIUS,LUC13.TXT,.txt,text,204104,1998-12-28
Neue Texte Klaus/LUCIDARIUS,LUC2.TXT,.txt,text,26969,1998-12-28
Neue Texte Klaus/LUCIDARIUS,LUC21.TXT,.txt,text,186360,1998-12-28
Neue Texte Klaus/LUCIDARIUS,LUC22.TXT,.txt,text,178586,1998-12-28
Neue Texte Klaus/LUCIDARIUS,LUC23.TXT,.txt,text,200703,1998-12-28
Neue Texte Klaus/Mönch-von-Heilsbronn,dermnchvonheils00heilgoog.pdf,.pdf,pdf,6369532,2016-11-11
Neue Texte Klaus/Mönch-von-Heilsbronn,dermnchvonheils00heilgoog_abbyy.gz,.gz,text,6051297,2016-11-11
Neue Texte Klaus/Mönch-von-Heilsbronn,Full text.txt,.txt,text,386417,2016-11-11
Neue Texte Klaus/Normal,Normal Linecode.dotx,.dotx,text,11145,2009-12-15
Neue Texte Klaus/Normal,Normal Word 2007.dot,.dot,text,132608,2008-03-22
Neue Texte Klaus/Normal,Normal.docx,.docx,text,12275,2009-12-18
Neue Texte Klaus/Normal,Normal.dot,.dot,text,75264,2010-10-15
Neue Texte Klaus/NOTKER,NOT1.TXT,.txt,text,8813,1998-12-28
Neue Texte Klaus/NOTKER,NOTA.TXT,.txt,text,4055,1998-12-28
Neue Texte Klaus/NOTKER,NOTB.TXT,.txt,text,3141,1998-12-28
Neue Texte Klaus/VINTLER,TUGE0.TXT,.txt,text,8856,2009-11-07
Neue Texte Klaus/VINTLER,TUGE1.TXT,.txt,text,161278,1998-12-28
Neue Texte Klaus/VINTLER,TUGE2.TXT,.txt,text,155818,1998-12-28
Neue Texte Klaus/VINTLER,TUGE3.TXT,.txt,text,156118,1998-12-28
Neue Texte Klaus/VINTLER,TUGE4.TXT,.txt,text,178383,1998-12-28
Neue Texte Klaus/WARTB,WAR1.TXT,.txt,text,15185,1998-12-28
Neue Texte Klaus/WARTB,WAR11.TXT,.txt,text,120841,1998-12-28
Neue Texte Klaus/WARTB,WAR12.TXT,.txt,text,43878,1998-12-28
Neue Texte Klaus/WARTB/DDM,0001.tif,.tif,scan,9065000,2010-12-02
Neue Texte Klaus/WARTB/DDM,0002.tif,.tif,scan,8805896,2010-12-02
Neue Texte Klaus/WARTB/DDM,0003.tif,.tif,scan,8669676,2010-12-02
Neue Texte Klaus/WARTB/GSL,0001.tif,.tif,scan,8811664,2010-11-22
Neue Texte Klaus/WARTB/GSL,0002.tif,.tif,scan,8851476,2010-11-22
Neue Texte Klaus/WARTB/GSL,0003.tif,.tif,scan,8841580,2010-11-22
Neue Texte Klaus/WARTB/GSL,0004.tif,.tif,scan,8701116,2010-11-22
Neue Texte Klaus/WARTB/GSL,0005.tif,.tif,scan,8666916,2010-11-22
Neue Texte Klaus/WARTB/GSL,0006.tif,.tif,scan,8756888,2010-11-22
Neue Texte Klaus/WARTB/GSL,0007.tif,.tif,scan,8789944,2010-11-22
Neue Texte Klaus/WARTB/GSL,0008.tif,.tif,scan,8651020,2010-11-22
Neue Texte Klaus/WARTB/GSL,0009.tif,.tif,scan,8853344,2010-11-22
Neue Texte Margret,Fehler im Renner.doc,.doc,text,36864,2004-11-12
Neue Texte Margret,Heinr v Mügeln Der Tum.rtf,.rtf,text,60942,2011-11-10
Neue Texte Margret,Katharinenlegende.pdf,.pdf,pdf,95107,2008-05-20
Neue Texte Margret,Katharinenspiel.pdf,.pdf,pdf,142947,2008-05-20
Neue Texte Margret,NLL Hs d.pdf,.pdf,pdf,1312259,2008-10-14
Neue Texte Margret,OvW.txt,.txt,text,266182,2004-08-11
Neue Texte Margret,SagmeisterNibelungenHSk.doc,.doc,text,2140160,2012-05-15
Neue Texte Margret,SagmeisterNibelungenHSk.docx,.docx,text,299289,2012-05-15
Neue Texte Margret,Sprague Johanniterhandschrift A94.doc,.doc,text,1239040,2007-10-30
Neue Texte Margret,Witzlaff von Rügen.doc,.doc,text,111616,2011-11-10
Neue Texte Margret,WVV-Code.doc,.doc,text,23040,2004-08-03
Neue Texte Margret/Die Gedichte Reinmars von Zweter,Anmerkungen Zweter.doc,.doc,text,123392,2010-07-09
Neue Texte Margret/Die Gedichte Reinmars von Zweter/Zweter Bilder/1. Der Leich,"Der Leich, S. 401 - 4100002.tif",.tif,scan,241860,2010-03-10
Neue Texte Margret/Die Gedichte Reinmars von Zweter/Zweter Bilder/1. Der Leich,"Der Leich, S. 401 - 4100003.tif",.tif,scan,335538,2010-03-10
Neue Texte Margret/Die Gedichte Reinmars von Zweter/Zweter Bilder/1. Der Leich,"Der Leich, S. 401 - 4100004.tif",.tif,scan,357864,2010-03-10
Neue Texte Margret/Die Gedichte Reinmars von Zweter/Zweter Bilder/1. Der Leich,"Der Leich, S. 401 - 4100005.tif",.tif,scan,291018,2010-03-10
Neue Texte Margret/Die Gedichte Reinmars von Zweter/Zweter Bilder/1. Der Leich,"Der Leich, S. 401 - 4100006.tif",.tif,scan,308822,2010-03-10
Neue Texte Margret/Die Gedichte Reinmars von Zweter/Zweter Bilder/1. Der Leich,"Der Leich, S. 401 - 4100007.tif",.tif,scan,307208,2010-03-10
Neue Texte Margret/Die Gedichte Reinmars von Zweter/Zweter Bilder/1. Der Leich,"Der Leich, S. 401 - 4100008.tif",.tif,scan,324896,2010-03-10
Neue Texte Margret/Die Gedichte Reinmars von Zweter/Zweter Bilder/1. Der Leich,"Der Leich, S. 401 - 4100009.tif",.tif,scan,269136,2010-03-10
Neue Texte Margret/Die Gedichte Reinmars von Zweter/Zweter Bilder/1. Der Leich,"Der Leich, S. 401 - 4100010.tif",.tif,scan,256168,2010-03-10
Neue Texte Margret/Die Gedichte Reinmars von Zweter/Zweter Bilder/1. Der Leich,"Der Leich, S. 401 - 4100011.tif",.tif,scan,226236,2010-03-10
Neue Texte Margret/Die Gedichte Reinmars von Zweter/Zweter Bilder/2. Fraun-Ehren-Ton/Fraun-Ehren-Ton S. 451 bus 460,Fraun-Ehren-Ton 451 - 4600001.tif,.tif,scan,251942,2010-03-22
Neue Texte Margret/Die Gedichte Reinmars von Zweter/Zweter Bilder/2. Fraun-Ehren-Ton/Fraun-Ehren-Ton S. 451 bus 460,Fraun-Ehren-Ton 451 - 4600002.tif,.tif,scan,251542,2010-03-22
Neue Texte Margret/Die Gedichte Reinmars von Zweter/Zweter Bilder/2. Fraun-Ehren-Ton/Fraun-Ehren-Ton S. 451 bus 460,Fraun-Ehren-Ton 451 - 4600003.tif,.tif,scan,230348,2010-03-22
Neue Texte Margret/Die Gedichte Reinmars von Zweter/Zweter Bilder/2. Fraun-Ehren-Ton/Fraun-Ehren-Ton S. 451 bus 460,Fraun-Ehren-Ton 451 - 4600004.tif,.tif,scan,241008,2010-03-22
Neue Texte Margret/Die Gedichte Reinmars von Zweter/Zweter Bilder/2. Fraun-Ehren-Ton/Fraun-Ehren-Ton S. 451 bus 460,Fraun-Ehren-Ton 451 - 4600005.tif,.tif,scan,246236,2010-03-22
Neue Texte Margret/Die Gedichte Reinmars von Zweter/Zweter Bilder/2. Fraun-Ehren-Ton/Fraun-Ehren-Ton S. 451 bus 460,Fraun-Ehren-Ton 451 - 4600006.tif,.tif,scan,243864,2010-03-22
Neue Texte Margret/Die Gedichte Reinmars von Zweter/Zweter Bilder/2. Fraun-Ehren-Ton/Fraun-Ehren-Ton S. 451 bus 460,Fraun-Ehren-Ton 451 - 4600007.tif,.tif,scan,247040,2010-03-22
Neue Texte Margret/Die Gedichte Reinmars von Zweter/Zweter Bilder/2. Fraun-Ehren-Ton/Fraun-Ehren-Ton S. 451 bus 460,Fraun-Ehren-Ton 451 - 4600008.tif,.tif,scan,262678,2010-03-22
Neue Texte Margret/Die Gedichte Reinmars von Zweter/Zweter Bilder/2. Fraun-Ehren-Ton/Fraun-Ehren-Ton S. 451 bus 460,Fraun-Ehren-Ton 451 - 4600009.tif,.tif,scan,226376,2010-03-22
Neue Texte Margret/Die Gedichte Reinmars von Zweter/Zweter Bilder/2. Fraun-Ehren-Ton/Fraun-Ehren-Ton S. 451 bus 460,Fraun-Ehren-Ton 451 - 4600010.tif,.tif,scan,244420,2010-03-22
Neue Texte Margret/Die Gedichte Reinmars von Zweter/Zweter Bilder/2. Fraun-Ehren-Ton/Fraun-Ehren-Ton S. 461 bis 470,Fraun-Ehren-Ton 461 - 4700001.tif,.tif,scan,263242,2010-03-22
Neue Texte Margret/Die Gedichte Reinmars von Zweter/Zweter Bilder/2. Fraun-Ehren-Ton/Fraun-Ehren-Ton S. 461 bis 470,Fraun-Ehren-Ton 461 - 4700002.tif,.tif,scan,237842,2010-03-22
Neue Texte Margret/Die Gedichte Reinmars von Zweter/Zweter Bilder/2. Fraun-Ehren-Ton/Fraun-Ehren-Ton S. 461 bis 470,Fraun-Ehren-Ton 461 - 4700003.tif,.tif,scan,245904,2010-03-22
Neue Texte Margret/Die Gedichte Reinmars von Zweter/Zweter Bilder/2. Fraun-Ehren-Ton/Fraun-Ehren-Ton S. 461 bis 470,Fraun-Ehren-Ton 461 - 4700004.tif,.tif,scan,244604,2010-03-22
Neue Texte Margret/Die Gedichte Reinmars von Zweter/Zweter Bilder/2. Fraun-Ehren-Ton/Fraun-Ehren-Ton S. 461 bis 470,Fraun-Ehren-Ton 461 - 4700005.tif,.tif,scan,248470,2010-03-22
Neue Texte Margret/Die Gedichte Reinmars von Zweter/Zweter Bilder/2. Fraun-Ehren-Ton/Fraun-Ehren-Ton S. 461 bis 470,Fraun-Ehren-Ton 461 - 4700006.tif,.tif,scan,254090,2010-03-22
Neue Texte Margret/Die Gedichte Reinmars von Zweter/Zweter Bilder/2. Fraun-Ehren-Ton/Fraun-Ehren-Ton S. 461 bis 470,Fraun-Ehren-Ton 461 - 4700007.tif,.tif,scan,239064,2010-03-22
Neue Texte Margret/Die Gedichte Reinmars von Zweter/Zweter Bilder/2. Fraun-Ehren-Ton/Fraun-Ehren-Ton S. 461 bis 470,Fraun-Ehren-Ton 461 - 4700008.tif,.tif,scan,229388,2010-03-22
Neue Texte Margret/Die Gedichte Reinmars von Zweter/Zweter Bilder/2. Fraun-Ehren-Ton/Fraun-Ehren-Ton S. 461 bis 470,Fraun-Ehren-Ton 461 - 4700009.tif,.tif,scan,259900,2010-03-22
Neue Texte Margret/Die Gedichte Reinmars von Zweter/Zweter Bilder/2. Fraun-Ehren-Ton/Fraun-Ehren-Ton S. 461 bis 470,Fraun-Ehren-Ton 461 - 4700010.tif,.tif,scan,236656,2010-03-22
Neue Texte Margret/Die Gedichte Reinmars von Zweter/Zweter Bilder/2. Fraun-Ehren-Ton/Fraun-Ehren-Ton S. 481 bis 490,Fraun-Ehren-Ton 481 -4900001.tif,.tif,scan,257072,2010-03-25
Neue Texte Margret/Die Gedichte Reinmars von Zweter/Zweter Bilder/2. Fraun-Ehren-Ton/Fraun-Ehren-Ton S. 481 bis 490,Fraun-Ehren-Ton 481 -4900002.tif,.tif,scan,231434,2010-03-25
Neue Texte Margret/Die Gedichte Reinmars von Zweter/Zweter Bilder/2. Fraun-Ehren-Ton/Fraun-Ehren-Ton S. 481 bis 490,Fraun-Ehren-Ton 481 -4900003.tif,.tif,scan,235770,2010-03-25
Neue Texte Margret/Die Gedichte Reinmars von Zweter/Zweter Bilder/2. Fraun-Ehren-Ton/Fraun-Ehren-Ton S. 481 bis 490,Fraun-Ehren-Ton 481 -4900004.tif,.tif,scan,239826,2010-03-25
Neue Texte Margret/Die Gedichte Reinmars von Zweter/Zweter Bilder/2. Fraun-Ehren-Ton/Fraun-Ehren-Ton S. 481 bis 490,Fraun-Ehren-Ton 481 -4900005.tif,.tif,scan,227878,2010-03-25
Neue Texte Margret/Die Gedichte Reinmars von Zweter/Zweter Bilder/2. Fraun-Ehren-Ton/Fraun-Ehren-Ton S. 481 bis 490,Fraun-Ehren-Ton 481 -4900006.tif,.tif,scan,233152,2010-03-25
Neue Texte Margret/Die Gedichte Reinmars von Zweter/Zweter Bilder/2. Fraun-Ehren-Ton/Fraun-Ehren-Ton S. 481 bis 490,Fraun-Ehren-Ton 481 -4900007.tif,.tif,scan,251988,2010-03-25
Neue Texte Margret/Die Gedichte Reinmars von Zweter/Zweter Bilder/2. Fraun-Ehren-Ton/Fraun-Ehren-Ton S. 481 bis 490,Fraun-Ehren-Ton 481 -4900008.tif,.tif,scan,249814,2010-03-25
Neue Texte Margret/Die Gedichte Reinmars von Zweter/Zweter Bilder/2. Fraun-Ehren-Ton/Fraun-Ehren-Ton S. 481 bis 490,Fraun-Ehren-Ton 481 -4900009.tif,.tif,scan,247638,2010-03-25
Neue Texte Margret/Die Gedichte Reinmars von Zweter/Zweter Bilder/2. Fraun-Ehren-Ton/Fraun-Ehren-Ton S. 481 bis 490,Fraun-Ehren-Ton 481 -4900010.tif,.tif,scan,244630,2010-03-25
Neue Texte Margret/Die Gedichte Reinmars von Zweter/Zweter Bilder/2. Fraun-Ehren-Ton/Fraun-Ehren-Ton S. 491 bis 500,Fraun-Ehren-Ton 491 - 5000002.tif,.tif,scan,258922,2010-03-25
Neue Texte Margret/Die Gedichte Reinmars von Zweter/Zweter Bilder/2. Fraun-Ehren-Ton/Fraun-Ehren-Ton S. 491 bis 500,Fraun-Ehren-Ton 491 - 5000003.tif,.tif,scan,241396,2010-03-25
Neue Texte Margret/Die Gedichte Reinmars von Zweter/Zweter Bilder/2. Fraun-Ehren-Ton/Fraun-Ehren-Ton S. 491 bis 500,Fraun-Ehren-Ton 491 - 5000004.tif,.tif,scan,235244,2010-03-25
Neue Texte Margret/Die Gedichte Reinmars von Zweter/Zweter Bilder/2. Fraun-Ehren-Ton/Fraun-Ehren-Ton S. 491 bis 500,Fraun-Ehren-Ton 491 - 5000005.tif,.tif,scan,251378,2010-03-25
Neue Texte Margret/Die Gedichte Reinmars von Zweter/Zweter Bilder/2. Fraun-Ehren-Ton/Fraun-Ehren-Ton S. 491 bis 500,Fraun-Ehren-Ton 491 - 5000006.tif,.tif,scan,260850,2010-03-25
Neue Texte Margret/Die Gedichte Reinmars von Zweter/Zweter Bilder/2. Fraun-Ehren-Ton/Fraun-Ehren-Ton S. 491 bis 500,Fraun-Ehren-Ton 491 - 5000007.tif,.tif,scan,234874,2010-03-25
Neue Texte Margret/Die Gedichte Reinmars von Zweter/Zweter Bilder/2. Fraun-Ehren-Ton/Fraun-Ehren-Ton S. 491 bis 500,Fraun-Ehren-Ton 491 - 5000008.tif,.tif,scan,243804,2010-03-25
Neue Texte Margret/Die Gedichte Reinmars von Zweter/Zweter Bilder/2. Fraun-Ehren-Ton/Fraun-Ehren-Ton S. 491 bis 500,Fraun-Ehren-Ton 491 - 5000009.tif,.tif,scan,231190,2010-03-25
Neue Texte Margret/Die Gedichte Reinmars von Zweter/Zweter Bilder/2. Fraun-Ehren-Ton/Fraun-Ehren-Ton S. 491 bis 500,Fraun-Ehren-Ton 491 - 5000010.tif,.tif,scan,246864,2010-03-25
Neue Texte Margret/Die Gedichte Reinmars von Zweter/Zweter Bilder/2. Fraun-Ehren-Ton/Fraun-Ehren-Ton S. 491 bis 500,Fraun-Ehren-Ton 491 - 5000011.tif,.tif,scan,255726,2010-03-25
Neue Texte Margret/Die Gedichte Reinmars von Zweter/Zweter Bilder/2. Fraun-Ehren-Ton/Fraun-Ehren-Ton S. 501 bis 510,Fraun-Ehren-Ton 501 - 5100001.tif,.tif,scan,234090,2010-03-31
Neue Texte Margret/Die Gedichte Reinmars von Zweter/Zweter Bilder/2. Fraun-Ehren-Ton/Fraun-Ehren-Ton S. 501 bis 510,Fraun-Ehren-Ton 501 - 5100002.tif,.tif,scan,246828,2010-03-31
Neue Texte Margret/Die Gedichte Reinmars von Zweter/Zweter Bilder/2. Fraun-Ehren-Ton/Fraun-Ehren-Ton S. 501 bis 510,Fraun-Ehren-Ton 501 - 5100003.tif,.tif,scan,218136,2010-03-31
Neue Texte Margret/Die Gedichte Reinmars von Zweter/Zweter Bilder/2. Fraun-Ehren-Ton/Fraun-Ehren-Ton S. 501 bis 510,Fraun-Ehren-Ton 501 - 5100004.tif,.tif,scan,240054,2010-03-31
Neue Texte Margret/Die Gedichte Reinmars von Zweter/Zweter Bilder/2. Fraun-Ehren-Ton/Fraun-Ehren-Ton S. 501 bis 510,Fraun-Ehren-Ton 501 - 5100005.tif,.tif,scan,221584,2010-03-31
Neue Texte Margret/Die Gedichte Reinmars von Zweter/Zweter Bilder/2. Fraun-Ehren-Ton/Fraun-Ehren-Ton S. 501 bis 510,Fraun-Ehren-Ton 501 - 5100006.tif,.tif,scan,228692,2010-03-31
Neue Texte Margret/Die Gedichte Reinmars von Zweter/Zweter Bilder/2. Fraun-Ehren-Ton/Fraun-Ehren-Ton S. 501 bis 510,Fraun-Ehren-Ton 501 - 5100007.tif,.tif,scan,180230,2010-03-31
Neue Texte Margret/Die Gedichte Reinmars von Zweter/Zweter Bilder/2. Fraun-Ehren-Ton/Fraun-Ehren-Ton S. 501 bis 510,Fraun-Ehren-Ton 501 - 5100008.tif,.tif,scan,232584,2010-03-31
Neue Texte Margret/Die Gedichte Reinmars von Zweter/Zweter Bilder/2. Fraun-Ehren-Ton/Fraun-Ehren-Ton S. 501 bis 510,Fraun-Ehren-Ton 501 - 5100009.tif,.tif,scan,227742,2010-03-31
Neue Texte Margret/Die Gedichte Reinmars von Zweter/Zweter Bilder/2. Fraun-Ehren-Ton/Fraun-Ehren-Ton S. 501 bis 510,Fraun-Ehren-Ton 501 - 5100010.tif,.tif,scan,233668,2010-03-31
Neue Texte Margret/Die Gedichte Reinmars von Zweter/Zweter Bilder/2. Fraun-Ehren-Ton/Fraun-Ehren-Ton S. 511 bis 520,Fraun-Ehren-Ton 511 - 5200001.tif,.tif,scan,237308,2010-04-01
Neue Texte Margret/Die Gedichte Reinmars von Zweter/Zweter Bilder/2. Fraun-Ehren-Ton/Fraun-Ehren-Ton S. 511 bis 520,Fraun-Ehren-Ton 511 - 5200002.tif,.tif,scan,231420,2010-04-01
Neue Texte Margret/Die Gedichte Reinmars von Zweter/Zweter Bilder/2. Fraun-Ehren-Ton/Fraun-Ehren-Ton S. 511 bis 520,Fraun-Ehren-Ton 511 - 5200003.tif,.tif,scan,242030,2010-04-01
Neue Texte Margret/Die Gedichte Reinmars von Zweter/Zweter Bilder/2. Fraun-Ehren-Ton/Fraun-Ehren-Ton S. 511 bis 520,Fraun-Ehren-Ton 511 - 5200004.tif,.tif,scan,228470,2010-04-01
Neue Texte Margret/Die Gedichte Reinmars von Zweter/Zweter Bilder/2. Fraun-Ehren-Ton/Fraun-Ehren-Ton S. 511 bis 520,Fraun-Ehren-Ton 511 - 5200005.tif,.tif,scan,233164,2010-04-01
Neue Texte Margret/Die Gedichte Reinmars von Zweter/Zweter Bilder/2. Fraun-Ehren-Ton/Fraun-Ehren-Ton S. 511 bis 520,Fraun-Ehren-Ton 511 - 5200006.tif,.tif,scan,223864,2010-04-01
Neue Texte Margret/Die Gedichte Reinmars von Zweter/Zweter Bilder/2. Fraun-Ehren-Ton/Fraun-Ehren-Ton S. 511 bis 520,Fraun-Ehren-Ton 511 - 5200007.tif,.tif,scan,234292,2010-04-01
Neue Texte Margret/Die Gedichte Reinmars von Zweter/Zweter Bilder/2. Fraun-Ehren-Ton/Fraun-Ehren-Ton S. 511 bis 520,Fraun-Ehren-Ton 511 - 5200008.tif,.tif,scan,232464,2010-04-01
Neue Texte Margret/Die Gedichte Reinmars von Zweter/Zweter Bilder/2. Fraun-Ehren-Ton/Fraun-Ehren-Ton S. 511 bis 520,Fraun-Ehren-Ton 511 - 5200009.tif,.tif,scan,235096,2010-04-01
Neue Texte Margret/Die Gedichte Reinmars von Zweter/Zweter Bilder/2. Fraun-Ehren-Ton/Fraun-Ehren-Ton S. 511 bis 520,Fraun-Ehren-Ton 511 - 5200010.tif,.tif,scan,218792,2010-04-01
Neue Texte Margret/Die Gedichte Reinmars von Zweter/Zweter Bilder/2. Fraun-Ehren-Ton/Fraun-Ehren-Ton S. 521 bis 530,Fraun-Ehren-Ton 521 - 5300001.tif,.tif,scan,222952,2010-04-02
Neue Texte Margret/Die Gedichte Reinmars von Zweter/Zweter Bilder/2. Fraun-Ehren-Ton/Fraun-Ehren-Ton S. 521 bis 530,Fraun-Ehren-Ton 521 - 5300002.tif,.tif,scan,226894,2010-04-02
Neue Texte Margret/Die Gedichte Reinmars von Zweter/Zweter Bilder/2. Fraun-Ehren-Ton/Fraun-Ehren-Ton S. 521 bis 530,Fraun-Ehren-Ton 521 - 5300003.tif,.tif,scan,171482,2010-04-02
Neue Texte Margret/Die Gedichte Reinmars von Zweter/Zweter Bilder/2. Fraun-Ehren-Ton/Fraun-Ehren-Ton S. 521 bis 530,Fraun-Ehren-Ton 521 - 5300004.tif,.tif,scan,209940,2010-04-02
Neue Texte Margret/Die Gedichte Reinmars von Zweter/Zweter Bilder/2. Fraun-Ehren-Ton/Fraun-Ehren-Ton S. 521 bis 530,Fraun-Ehren-Ton 521 - 5300005.tif,.tif,scan,218166,2010-04-02
Neue Texte Margret/Die Gedichte Reinmars von Zweter/Zweter Bilder/2. Fraun-Ehren-Ton/Fraun-Ehren-Ton S. 521 bis 530,Fraun-Ehren-Ton 521 - 5300006.tif,.tif,scan,232164,2010-04-02
Neue Texte Margret/Die Gedichte Reinmars von Zweter/Zweter Bilder/2. Fraun-Ehren-Ton/Fraun-Ehren-Ton S. 521 bis 530,Fraun-Ehren-Ton 521 - 5300007.tif,.tif,scan,236098,2010-04-02
Neue Texte Margret/Die Gedichte Reinmars von Zweter/Zweter Bilder/2. Fraun-Ehren-Ton/Fraun-Ehren-Ton S. 521 bis 530,Fraun-Ehren-Ton 521 - 5300008.tif,.tif,scan,248362,2010-04-02
Neue Texte Margret/Die Gedichte Reinmars von Zweter/Zweter Bilder/2. Fraun-Ehren-Ton/Fraun-Ehren-Ton S. 521 bis 530,Fraun-Ehren-Ton 521 - 5300009.tif,.tif,scan,231212,2010-04-02
Neue Texte Margret/Die Gedichte Reinmars von Zweter/Zweter Bilder/2. Fraun-Ehren-Ton/Fraun-Ehren-Ton S. 521 bis 530,Fraun-Ehren-Ton 521 - 5300010.tif,.tif,scan,232520,2010-04-02
Neue Texte Margret/Die Gedichte Reinmars von Zweter/Zweter Bilder/2. Fraun-Ehren-Ton/Fraun-Ehren-Ton S.531 bis 535,Fraun-Ehren-Ton 531 - 5350001.tif,.tif,scan,234102,2010-04-07
Neue Texte Margret/Die Gedichte Reinmars von Zweter/Zweter Bilder/2. Fraun-Ehren-Ton/Fraun-Ehren-Ton S.531 bis 535,Fraun-Ehren-Ton 531 - 5350002.tif,.tif,scan,244294,2010-04-07
Neue Texte Margret/Die Gedichte Reinmars von Zweter/Zweter Bilder/2. Fraun-Ehren-Ton/Fraun-Ehren-Ton S.531 bis 535,Fraun-Ehren-Ton 531 - 5350003.tif,.tif,scan,239614,2010-04-07
Neue Texte Margret/Die Gedichte Reinmars von Zweter/Zweter Bilder/2. Fraun-Ehren-Ton/Fraun-Ehren-Ton S.531 bis 535,Fraun-Ehren-Ton 531 - 5350004.tif,.tif,scan,241318,2010-04-07
Neue Texte Margret/Die Gedichte Reinmars von Zweter/Zweter Bilder/2. Fraun-Ehren-Ton/Fraun-Ehren-Ton S.531 bis 535,Fraun-Ehren-Ton 531 - 5350005.tif,.tif,scan,176814,2010-04-07
Neue Texte Margret/Die Gedichte Reinmars von Zweter/Zweter Bilder/3. Meister-Ernst-Ton,Meister-Ernst-Ton S. 536.tif,.tif,scan,212404,2010-04-08
Neue Texte Margret/Die Gedichte Reinmars von Zweter/Zweter Bilder/4. Des Ehrenboten Spiegelweise,Des Ehrenboten Spiegelweise 537 - 5390001.tif,.tif,scan,230264,2010-04-08
Neue Texte Margret/Die Gedichte Reinmars von Zweter/Zweter Bilder/4. Des Ehrenboten Spiegelweise,Des Ehrenboten Spiegelweise 537 - 5390002.tif,.tif,scan,248910,2010-04-08
Neue Texte Margret/Die Gedichte Reinmars von Zweter/Zweter Bilder/4. Des Ehrenboten Spiegelweise,Des Ehrenboten Spiegelweise 537 - 5390003.tif,.tif,scan,246218,2010-04-08
Neue Texte Margret/Die Gedichte Reinmars von Zweter/Zweter Bilder/5. Minnen-Ton,5. Minnen-Ton S. 540 - 5490001.tif,.tif,scan,216246,2010-04-18
Neue Texte Margret/Die Gedichte Reinmars von Zweter/Zweter Bilder/5. Minnen-Ton,5. Minnen-Ton S. 540 - 5490002.tif,.tif,scan,225986,2010-04-18
Neue Texte Margret/Die Gedichte Reinmars von Zweter/Zweter Bilder/5. Minnen-Ton,5. Minnen-Ton S. 540 - 5490003.tif,.tif,scan,237694,2010-04-18
Neue Texte Margret/Die Gedichte Reinmars von Zweter/Zweter Bilder/5. Minnen-Ton,5. Minnen-Ton S. 540 - 5490004.tif,.tif,scan,237276,2010-04-18
Neue Texte Margret/Die Gedichte Reinmars von Zweter/Zweter Bilder/5. Minnen-Ton,5. Minnen-Ton S. 540 - 5490005.tif,.tif,scan,219898,2010-04-18
Neue Texte Margret/Die Gedichte Reinmars von Zweter/Zweter Bilder/5. Minnen-Ton,5. Minnen-Ton S. 540 - 5490006.tif,.tif,scan,226734,2010-04-18
Neue Texte Margret/Die Gedichte Reinmars von Zweter/Zweter Bilder/5. Minnen-Ton,5. Minnen-Ton S. 540 - 5490007.tif,.tif,scan,222272,2010-04-18
Neue Texte Margret/Die Gedichte Reinmars von Zweter/Zweter Bilder/5. Minnen-Ton,5. Minnen-Ton S. 540 - 5490008.tif,.tif,scan,228194,2010-04-18
Neue Texte Margret/Die Gedichte Reinmars von Zweter/Zweter Bilder/5. Minnen-Ton,5. Minnen-Ton S. 540 - 5490009.tif,.tif,scan,221174,2010-04-18
Neue Texte Margret/Die Gedichte Reinmars von Zweter/Zweter Bilder/5. Minnen-Ton,5. Minnen-Ton S. 540 - 5490010.tif,.tif,scan,202412,2010-04-18
Neue Texte Margret/Die Gedichte Reinmars von Zweter/Zweter Bilder/6. Unechte Sprüche,6. Unechte Sprüche S. 550 - 5580001.tif,.tif,scan,216836,2010-05-20
Neue Texte Margret/Die Gedichte Reinmars von Zweter/Zweter Bilder/6. Unechte Sprüche,6. Unechte Sprüche S. 550 - 5580002.tif,.tif,scan,230916,2010-05-20
Neue Texte Margret/Die Gedichte Reinmars von Zweter/Zweter Bilder/6. Unechte Sprüche,6. Unechte Sprüche S. 550 - 5580003.tif,.tif,scan,248594,2010-05-20
Neue Texte Margret/Die Gedichte Reinmars von Zweter/Zweter Bilder/6. Unechte Sprüche,6. Unechte Sprüche S. 550 - 5580004.tif,.tif,scan,246104,2010-05-20
Neue Texte Margret/Die Gedichte Reinmars von Zweter/Zweter Bilder/6. Unechte Sprüche,6. Unechte Sprüche S. 550 - 5580005.tif,.tif,scan,248968,2010-05-20
Neue Texte Margret/Die Gedichte Reinmars von Zweter/Zweter Bilder/6. Unechte Sprüche,6. Unechte Sprüche S. 550 - 5580006.tif,.tif,scan,245562,2010-05-20
Neue Texte Margret/Die Gedichte Reinmars von Zweter/Zweter Bilder/6. Unechte Sprüche,6. Unechte Sprüche S. 550 - 5580007.tif,.tif,scan,245676,2010-05-20
Neue Texte Margret/Die Gedichte Reinmars von Zweter/Zweter Bilder/6. Unechte Sprüche,6. Unechte Sprüche S. 550 - 5580008.tif,.tif,scan,249304,2010-05-20
Neue Texte Margret/Die Gedichte Reinmars von Zweter/Zweter Bilder/6. Unechte Sprüche,6. Unechte Sprüche S. 550 - 5580009.tif,.tif,scan,194892,2010-05-20
Neue Texte Margret/Die Gedichte Reinmars von Zweter/Zweter Bilder/7. Spiegelweise,7. Spiegelweise S. 559 bis 5700001.tif,.tif,scan,247412,2010-05-24
Neue Texte Margret/Die Gedichte Reinmars von Zweter/Zweter Bilder/7. Spiegelweise,7. Spiegelweise S. 559 bis 5700002.tif,.tif,scan,267642,2010-05-24
Neue Texte Margret/Die Gedichte Reinmars von Zweter/Zweter Bilder/7. Spiegelweise,7. Spiegelweise S. 559 bis 5700003.tif,.tif,scan,251388,2010-05-24
Neue Texte Margret/Die Gedichte Reinmars von Zweter/Zweter Bilder/7. Spiegelweise,7. Spiegelweise S. 559 bis 5700004.tif,.tif,scan,248920,2010-05-24
Neue Texte Margret/Die Gedichte Reinmars von Zweter/Zweter Bilder/7. Spiegelweise,7. Spiegelweise S. 559 bis 5700005.tif,.tif,scan,243370,2010-05-24
Neue Texte Margret/Die Gedichte Reinmars von Zweter/Zweter Bilder/7. Spiegelweise,7. Spiegelweise S. 559 bis 5700006.tif,.tif,scan,256118,2010-05-24
Neue Texte Margret/Die Gedichte Reinmars von Zweter/Zweter Bilder/7. Spiegelweise,7. Spiegelweise S. 559 bis 5700007.tif,.tif,scan,261018,2010-05-24
Neue Texte Margret/Die Gedichte Reinmars von Zweter/Zweter Bilder/7. Spiegelweise,7. Spiegelweise S. 559 bis 5700008.tif,.tif,scan,262498,2010-05-24
Neue Texte Margret/Die Gedichte Reinmars von Zweter/Zweter Bilder/7. Spiegelweise,7. Spiegelweise S. 559 bis 5700009.tif,.tif,scan,254206,2010-05-24
Neue Texte Margret/Die Gedichte Reinmars von Zweter/Zweter Bilder/7. Spiegelweise,7. Spiegelweise S. 559 bis 5700010.tif,.tif,scan,256944,2010-05-24
Neue Texte Margret/Die Gedichte Reinmars von Zweter/Zweter Bilder/7. Spiegelweise,7. Spiegelweise S. 559 bis 5700011.tif,.tif,scan,199930,2010-05-24
Neue Texte Margret/Die Gedichte Reinmars von Zweter/Zweter Bilder/9. Lieder,9. Lieder S. 570 - 5730001.tif,.tif,scan,179836,2010-05-25
Neue Texte Margret/Die Gedichte Reinmars von Zweter/Zweter Bilder/9. Lieder,9. Lieder S. 570 - 5730002.tif,.tif,scan,208726,2010-05-25
Neue Texte Margret/Die Gedichte Reinmars von Zweter/Zweter Bilder/9. Lieder,9. Lieder S. 570 - 5730003.tif,.tif,scan,197286,2010-05-25
Neue Texte Margret/Die Gedichte Reinmars von Zweter/Zweter Bilder/9. Lieder,9. Lieder S. 570 - 5730004.tif,.tif,scan,205490,2010-05-25
Neue Texte Margret/Die Gedichte Reinmars von Zweter/Zweter Rich Text Format,1. Der Leich.rtf,.rtf,text,69485,2010-03-15
Neue Texte Margret/Die Gedichte Reinmars von Zweter/Zweter Rich Text Format,3. Meister-Ernst-Ton.rtf,.rtf,text,40540,2010-04-08
Neue Texte Margret/Die Gedichte Reinmars von Zweter/Zweter Rich Text Format,4. Des Ehrenboten Spiegelweise.rtf,.rtf,text,54876,2010-04-08
Neue Texte Margret/Die Gedichte Reinmars von Zweter/Zweter Rich Text Format,5.Minnen-Ton.rtf,.rtf,text,53287,2010-07-09
Neue Texte Margret/Die Gedichte Reinmars von Zweter/Zweter Rich Text Format,6. Unechte Sprüche.rtf,.rtf,text,23345,2010-07-09
Neue Texte Margret/Die Gedichte Reinmars von Zweter/Zweter Rich Text Format,7. Spiegelweise.rtf,.rtf,text,31369,2010-07-09
Neue Texte Margret/Die Gedichte Reinmars von Zweter/Zweter Rich Text Format,8. Lieder.rtf,.rtf,text,59993,2010-05-25
Neue Texte Margret/Die Gedichte Reinmars von Zweter/Zweter Rich Text Format/2. Fraun-Ehren-Ton,Fraun-Ehren-Ton (411 - 420).rtf,.rtf,text,91201,2010-03-15
Neue Texte Margret/Die Gedichte Reinmars von Zweter/Zweter Rich Text Format/2. Fraun-Ehren-Ton,Fraun-Ehren-Ton (421 - 430).rtf,.rtf,text,91487,2010-05-20
Neue Texte Margret/Die Gedichte Reinmars von Zweter/Zweter Rich Text Format/2. Fraun-Ehren-Ton,Fraun-Ehren-Ton (431 - 440).rtf,.rtf,text,88063,2010-05-20
Neue Texte Margret/Die Gedichte Reinmars von Zweter/Zweter Rich Text Format/2. Fraun-Ehren-Ton,Fraun-Ehren-Ton (441 - 450).rtf,.rtf,text,91674,2010-05-20
Neue Texte Margret/Die Gedichte Reinmars von Zweter/Zweter Rich Text Format/2. Fraun-Ehren-Ton,Fraun-Ehren-Ton (451 - 460).rtf,.rtf,text,89807,2010-03-22
Neue Texte Margret/Die Gedichte Reinmars von Zweter/Zweter Rich Text Format/2. Fraun-Ehren-Ton,Fraun-Ehren-Ton (461 - 470).rtf,.rtf,text,84895,2010-03-24
Neue Texte Margret/Die Gedichte Reinmars von Zweter/Zweter Rich Text Format/2. Fraun-Ehren-Ton,Fraun-Ehren-Ton (471 - 480).rtf,.rtf,text,92260,2010-03-25
Neue Texte Margret/Die Gedichte Reinmars von Zweter/Zweter Rich Text Format/2. Fraun-Ehren-Ton,Fraun-Ehren-Ton (481 - 490).rtf,.rtf,text,94370,2010-03-25
Neue Texte Margret/Die Gedichte Reinmars von Zweter/Zweter Rich Text Format/2. Fraun-Ehren-Ton,Fraun-Ehren-Ton (491 -500).rtf,.rtf,text,95225,2010-05-20
Neue Texte Margret/Die Gedichte Reinmars von Zweter/Zweter Rich Text Format/2. Fraun-Ehren-Ton,Fraun-Ehren-Ton (501 - 510).rtf,.rtf,text,37001,2010-06-21
Neue Texte Margret/Die Gedichte Reinmars von Zweter/Zweter Rich Text Format/2. Fraun-Ehren-Ton,Fraun-Ehren-Ton (511 - 520).rtf,.rtf,text,38833,2010-07-09
Neue Texte Margret/Die Gedichte Reinmars von Zweter/Zweter Rich Text Format/2. Fraun-Ehren-Ton,Fraun-Ehren-Ton (521 - 530).rtf,.rtf,text,98985,2010-05-20
Neue Texte Margret/Die Gedichte Reinmars von Zweter/Zweter Rich Text Format/2. Fraun-Ehren-Ton,Fraun-Ehren-Ton (531 - 535).rtf,.rtf,text,64269,2010-04-08
Neue Texte Margret/Freidank,Freidank Anmerkungen.doc,.doc,text,19968,2010-08-20
Neue Texte Margret/Freidank,Freidank ganze RTF.rtf,.rtf,text,938078,2010-08-20
Neue Texte Margret/Freidank/Freidank Bilder,Freidank 100.tif,.tif,scan,271426,2010-06-09
Neue Texte Margret/Freidank/Freidank Bilder,Freidank 101.tif,.tif,scan,270302,2010-06-09
Neue Texte Margret/Freidank/Freidank Bilder,Freidank 102.tif,.tif,scan,279304,2010-06-09
Neue Texte Margret/Freidank/Freidank Bilder,Freidank 103.tif,.tif,scan,273244,2010-06-09
Neue Texte Margret/Freidank/Freidank Bilder,Freidank 104.tif,.tif,scan,279772,2010-06-09
Neue Texte Margret/Freidank/Freidank Bilder,Freidank 105.tif,.tif,scan,281436,2010-06-09
Neue Texte Margret/Freidank/Freidank Bilder,Freidank 106.tif,.tif,scan,277024,2010-06-09
Neue Texte Margret/Freidank/Freidank Bilder,Freidank 107.tif,.tif,scan,277114,2010-06-09
Neue Texte Margret/Freidank/Freidank Bilder,Freidank 108.tif,.tif,scan,281214,2010-06-09
Neue Texte Margret/Freidank/Freidank Bilder,Freidank 109.tif,.tif,scan,277978,2010-06-09
Neue Texte Margret/Freidank/Freidank Bilder,Freidank 110.tif,.tif,scan,282656,2010-06-09
Neue Texte Margret/Freidank/Freidank Bilder,Freidank 111.tif,.tif,scan,272250,2010-06-09
Neue Texte Margret/Freidank/Freidank Bilder,Freidank 112.tif,.tif,scan,268500,2010-06-09
Neue Texte Margret/Freidank/Freidank Bilder,Freidank 113.tif,.tif,scan,269714,2010-06-09
Neue Texte Margret/Freidank/Freidank Bilder,Freidank 114.tif,.tif,scan,275236,2010-06-09
Neue Texte Margret/Freidank/Freidank Bilder,Freidank 115.tif,.tif,scan,274148,2010-06-09
Neue Texte Margret/Freidank/Freidank Bilder,Freidank 116.tif,.tif,scan,266788,2010-06-09
Neue Texte Margret/Freidank/Freidank Bilder,Freidank 117.tif,.tif,scan,269384,2010-06-09
Neue Texte Margret/Freidank/Freidank Bilder,Freidank 118.tif,.tif,scan,272212,2010-06-09
Neue Texte Margret/Freidank/Freidank Bilder,Freidank 119.tif,.tif,scan,271266,2010-06-09
Neue Texte Margret/Freidank/Freidank Bilder,Freidank 120.tif,.tif,scan,273858,2010-06-09
Neue Texte Margret/Freidank/Freidank Bilder,Freidank 121.tif,.tif,scan,262404,2010-06-09
Neue Texte Margret/Freidank/Freidank Bilder,Freidank 122.tif,.tif,scan,272952,2010-06-09
Neue Texte Margret/Freidank/Freidank Bilder,Freidank 123.tif,.tif,scan,276494,2010-06-09
Neue Texte Margret/Freidank/Freidank Bilder,Freidank 124.tif,.tif,scan,278978,2010-06-09
Neue Texte Margret/Freidank/Freidank Bilder,Freidank 125.tif,.tif,scan,274272,2010-06-09
Neue Texte Margret/Freidank/Freidank Bilder,Freidank 126.tif,.tif,scan,269572,2010-06-09
Neue Texte Margret/Freidank/Freidank Bilder,Freidank 127.tif,.tif,scan,279766,2010-06-09
Neue Texte Margret/Freidank/Freidank Bilder,Freidank 128.tif,.tif,scan,277908,2010-06-09
Neue Texte Margret/Freidank/Freidank Bilder,Freidank 129.tif,.tif,scan,269602,2010-06-09
Neue Texte Margret/Freidank/Freidank Bilder,Freidank 130.tif,.tif,scan,274814,2010-06-09
Neue Texte Margret/Freidank/Freidank Bilder,Freidank 131.tif,.tif,scan,276488,2010-06-09
Neue Texte Margret/Freidank/Freidank Bilder,Freidank 132.tif,.tif,scan,212018,2010-06-15
Neue Texte Margret/Freidank/Freidank Bilder,Freidank 133.tif,.tif,scan,282450,2010-06-09
Neue Texte Margret/Freidank/Freidank Bilder,Freidank 134.tif,.tif,scan,284678,2010-06-09
Neue Texte Margret/Freidank/Freidank Bilder,Freidank 135.tif,.tif,scan,261660,2010-06-09
Neue Texte Margret/Freidank/Freidank Bilder,Freidank 136.tif,.tif,scan,270856,2010-06-09
Neue Texte Margret/Freidank/Freidank Bilder,Freidank 137.tif,.tif,scan,269222,2010-06-09
Neue Texte Margret/Freidank/Freidank Bilder,Freidank 138.tif,.tif,scan,264624,2010-06-09
Neue Texte Margret/Freidank/Freidank Bilder,Freidank 139.tif,.tif,scan,266084,2010-06-09
Neue Texte Margret/Freidank/Freidank Bilder,Freidank 140.tif,.tif,scan,266082,2010-06-09
Neue Texte Margret/Freidank/Freidank Bilder,Freidank 141.tif,.tif,scan,269574,2010-06-09
Neue Texte Margret/Freidank/Freidank Bilder,Freidank 142.tif,.tif,scan,277062,2010-06-09
Neue Texte Margret/Freidank/Freidank Bilder,Freidank 143.tif,.tif,scan,268292,2010-06-09
Neue Texte Margret/Freidank/Freidank Bilder,Freidank 144.tif,.tif,scan,272092,2010-06-09
Neue Texte Margret/Freidank/Freidank Bilder,Freidank 145.tif,.tif,scan,275472,2010-06-09
Neue Texte Margret/Freidank/Freidank Bilder,Freidank 146.tif,.tif,scan,261398,2010-06-09
Neue Texte Margret/Freidank/Freidank Bilder,Freidank 147.tif,.tif,scan,275526,2010-06-09
Neue Texte Margret/Freidank/Freidank Bilder,Freidank 148.tif,.tif,scan,269460,2010-06-09
Neue Texte Margret/Freidank/Freidank Bilder,Freidank 149.tif,.tif,scan,271632,2010-06-09
Neue Texte Margret/Freidank/Freidank Bilder,Freidank 150.tif,.tif,scan,270880,2010-06-09
Neue Texte Margret/Freidank/Freidank Bilder,Freidank 151.tif,.tif,scan,263710,2010-06-09
Neue Texte Margret/Freidank/Freidank Bilder,Freidank 152.tif,.tif,scan,274556,2010-06-09
Neue Texte Margret/Freidank/Freidank Bilder,Freidank 153.tif,.tif,scan,277754,2010-06-09
Neue Texte Margret/Freidank/Freidank Bilder,Freidank 154.tif,.tif,scan,267240,2010-06-09
Neue Texte Margret/Freidank/Freidank Bilder,Freidank 155.tif,.tif,scan,278390,2010-06-09
Neue Texte Margret/Freidank/Freidank Bilder,Freidank 156.tif,.tif,scan,273968,2010-06-09
Neue Texte Margret/Freidank/Freidank Bilder,Freidank 157.tif,.tif,scan,275378,2010-06-09
Neue Texte Margret/Freidank/Freidank Bilder,Freidank 158.tif,.tif,scan,272396,2010-06-09
Neue Texte Margret/Freidank/Freidank Bilder,Freidank 159.tif,.tif,scan,272602,2010-06-09
Neue Texte Margret/Freidank/Freidank Bilder,Freidank 160.tif,.tif,scan,271788,2010-06-09
Neue Texte Margret/Freidank/Freidank Bilder,Freidank 161.tif,.tif,scan,214564,2010-06-11
Neue Texte Margret/Freidank/Freidank Bilder,Freidank 162.tif,.tif,scan,210270,2010-06-11
Neue Texte Margret/Freidank/Freidank Bilder,Freidank 163.tif,.tif,scan,216162,2010-06-11
Neue Texte Margret/Freidank/Freidank Bilder,Freidank 164.tif,.tif,scan,218290,2010-06-11
Neue Texte Margret/Freidank/Freidank Bilder,Freidank 165.tif,.tif,scan,213384,2010-06-11
Neue Texte Margret/Freidank/Freidank Bilder,Freidank 166.tif,.tif,scan,212512,2010-06-11
Neue Texte Margret/Freidank/Freidank Bilder,Freidank 167.tif,.tif,scan,205938,2010-06-11
Neue Texte Margret/Freidank/Freidank Bilder,Freidank 168.tif,.tif,scan,202478,2010-06-11
Neue Texte Margret/Freidank/Freidank Bilder,Freidank 169.tif,.tif,scan,207126,2010-06-11
Neue Texte Margret/Freidank/Freidank Bilder,Freidank 170.tif,.tif,scan,201652,2010-06-11
Neue Texte Margret/Freidank/Freidank Bilder,Freidank 171.tif,.tif,scan,203198,2010-06-11
Neue Texte Margret/Freidank/Freidank Bilder,Freidank 172.tif,.tif,scan,208400,2010-06-11
Neue Texte Margret/Freidank/Freidank Bilder,Freidank 173.tif,.tif,scan,212290,2010-06-11
Neue Texte Margret/Freidank/Freidank Bilder,Freidank 174.tif,.tif,scan,199902,2010-06-11
Neue Texte Margret/Freidank/Freidank Bilder,Freidank 175.tif,.tif,scan,202548,2010-06-11
Neue Texte Margret/Freidank/Freidank Bilder,Freidank 176.tif,.tif,scan,208198,2010-06-11
Neue Texte Margret/Freidank/Freidank Bilder,Freidank 177.tif,.tif,scan,207950,2010-06-11
Neue Texte Margret/Freidank/Freidank Bilder,Freidank 178.tif,.tif,scan,210694,2010-06-11
Neue Texte Margret/Freidank/Freidank Bilder,Freidank 179.tif,.tif,scan,207726,2010-06-11
Neue Texte Margret/Freidank/Freidank Bilder,Freidank 180.tif,.tif,scan,206284,2010-06-11
Neue Texte Margret/Freidank/Freidank Bilder,Freidank 181.tif,.tif,scan,215222,2010-06-11
Neue Texte Margret/Freidank/Freidank Bilder,Freidank 182.tif,.tif,scan,212464,2010-06-11
Neue Texte Margret/Freidank/Freidank Bilder,Freidank 183.tif,.tif,scan,211460,2010-06-11
Neue Texte Margret/Freidank/Freidank Bilder,Freidank 184.tif,.tif,scan,216520,2010-06-11
Neue Texte Margret/Freidank/Freidank Bilder,Freidank 185.tif,.tif,scan,208250,2010-06-11
Neue Texte Margret/Freidank/Freidank Bilder,Freidank 186.tif,.tif,scan,216610,2010-06-11
Neue Texte Margret/Freidank/Freidank Bilder,Freidank 187.tif,.tif,scan,212400,2010-06-11
Neue Texte Margret/Freidank/Freidank Bilder,Freidank 188.tif,.tif,scan,208470,2010-06-11
Neue Texte Margret/Freidank/Freidank Bilder,Freidank 189.tif,.tif,scan,214144,2010-06-11
Neue Texte Margret/Freidank/Freidank Bilder,Freidank 190.tif,.tif,scan,214146,2010-06-11
Neue Texte Margret/Freidank/Freidank Bilder,Freidank 191.tif,.tif,scan,217334,2010-06-11
Neue Texte Margret/Freidank/Freidank Bilder,Freidank 192.tif,.tif,scan,210460,2010-06-11
Neue Texte Margret/Freidank/Freidank Bilder,Freidank 193.tif,.tif,scan,210358,2010-06-11
Neue Texte Margret/Freidank/Freidank Bilder,Freidank 194.tif,.tif,scan,212542,2010-06-11
Neue Texte Margret/Freidank/Freidank Bilder,Freidank 195.tif,.tif,scan,201588,2010-06-11
Neue Texte Margret/Freidank/Freidank Bilder,Freidank 196.tif,.tif,scan,196526,2010-06-11
Neue Texte Margret/Freidank/Freidank Bilder,Freidank 197.tif,.tif,scan,205350,2010-06-11
Neue Texte Margret/Freidank/Freidank Bilder,Freidank 198.tif,.tif,scan,205262,2010-06-11
Neue Texte Margret/Freidank/Freidank Bilder,Freidank 199.tif,.tif,scan,203150,2010-06-11
Neue Texte Margret/Freidank/Freidank Bilder,Freidank 200.tif,.tif,scan,210460,2010-06-11
Neue Texte Margret/Freidank/Freidank Bilder,Freidank 201.tif,.tif,scan,213930,2010-06-11
Neue Texte Margret/Freidank/Freidank Bilder,Freidank 202.tif,.tif,scan,213048,2010-06-11
Neue Texte Margret/Freidank/Freidank Bilder,Freidank 203.tif,.tif,scan,209200,2010-06-11
Neue Texte Margret/Freidank/Freidank Bilder,Freidank 204.tif,.tif,scan,209582,2010-06-11
Neue Texte Margret/Freidank/Freidank Bilder,Freidank 205.tif,.tif,scan,203624,2010-06-11
Neue Texte Margret/Freidank/Freidank Bilder,Freidank 206.tif,.tif,scan,201354,2010-06-11
Neue Texte Margret/Freidank/Freidank Bilder,Freidank 207.tif,.tif,scan,212960,2010-06-11
Neue Texte Margret/Freidank/Freidank Bilder,Freidank 208.tif,.tif,scan,208008,2010-06-11
Neue Texte Margret/Freidank/Freidank Bilder,Freidank 209.tif,.tif,scan,205358,2010-06-11
Neue Texte Margret/Freidank/Freidank Bilder,Freidank 210.tif,.tif,scan,203748,2010-06-11
Neue Texte Margret/Freidank/Freidank Bilder,Freidank 211.tif,.tif,scan,203564,2010-06-11
Neue Texte Margret/Freidank/Freidank Bilder,Freidank 212.tif,.tif,scan,207528,2010-06-11
Neue Texte Margret/Freidank/Freidank Bilder,Freidank 213.tif,.tif,scan,206242,2010-06-11
Neue Texte Margret/Freidank/Freidank Bilder,Freidank 214.tif,.tif,scan,205036,2010-06-11
Neue Texte Margret/Freidank/Freidank Bilder,Freidank 215.tif,.tif,scan,205418,2010-06-11
Neue Texte Margret/Freidank/Freidank Bilder,Freidank 216.tif,.tif,scan,211398,2010-06-11
Neue Texte Margret/Freidank/Freidank Bilder,Freidank 217.tif,.tif,scan,210596,2010-06-11
Neue Texte Margret/Freidank/Freidank Bilder,Freidank 218.tif,.tif,scan,209646,2010-06-11
Neue Texte Margret/Freidank/Freidank Bilder,Freidank 219.tif,.tif,scan,211996,2010-06-11
Neue Texte Margret/Freidank/Freidank Bilder,Freidank 220.tif,.tif,scan,208106,2010-06-11
Neue Texte Margret/Freidank/Freidank Bilder,Freidank 221.tif,.tif,scan,207144,2010-06-11
Neue Texte Margret/Freidank/Freidank Bilder,Freidank 222.tif,.tif,scan,207626,2010-06-11
Neue Texte Margret/Freidank/Freidank Bilder,Freidank 223.tif,.tif,scan,205610,2010-06-11
Neue Texte Margret/Freidank/Freidank Bilder,Freidank 224.tif,.tif,scan,210840,2010-06-11
Neue Texte Margret/Freidank/Freidank Bilder,Freidank 225.tif,.tif,scan,199718,2010-06-11
Neue Texte Margret/Freidank/Freidank Bilder,Freidank 226.tif,.tif,scan,205972,2010-06-11
Neue Texte Margret/Freidank/Freidank Bilder,Freidank 227.tif,.tif,scan,211748,2010-06-11
Neue Texte Margret/Freidank/Freidank Bilder,Freidank 228.tif,.tif,scan,206992,2010-06-11
Neue Texte Margret/Freidank/Freidank Bilder,Freidank 229.tif,.tif,scan,215042,2010-06-11
Neue Texte Margret/Freidank/Freidank Bilder,Freidank 230.tif,.tif,scan,215432,2010-06-11
Neue Texte Margret/Freidank/Freidank Bilder,Freidank 231.tif,.tif,scan,209434,2010-06-11
Neue Texte Margret/Freidank/Freidank Bilder,Freidank 232.tif,.tif,scan,160484,2010-06-11
Neue Texte Margret/Freidank/Freidank Bilder,Freidank 233.tif,.tif,scan,188646,2010-06-11
Neue Texte Margret/Freidank/Freidank Bilder,Freidank 234.tif,.tif,scan,206128,2010-06-11
Neue Texte Margret/Freidank/Freidank Bilder,Freidank 235.tif,.tif,scan,203816,2010-06-11
Neue Texte Margret/Freidank/Freidank Bilder,Freidank 236.tif,.tif,scan,198344,2010-06-11
Neue Texte Margret/Freidank/Freidank Bilder,Freidank 237.tif,.tif,scan,206112,2010-06-11
Neue Texte Margret/Freidank/Freidank Bilder,Freidank 238.tif,.tif,scan,203378,2010-06-11
Neue Texte Margret/Freidank/Freidank Bilder,Freidank 239.tif,.tif,scan,195088,2010-06-11
Neue Texte Margret/Freidank/Freidank Bilder,Freidank 240.tif,.tif,scan,198980,2010-06-11
Neue Texte Margret/Freidank/Freidank Bilder,Freidank 241.tif,.tif,scan,201112,2010-06-11
Neue Texte Margret/Freidank/Freidank Bilder,Freidank 242.tif,.tif,scan,207360,2010-06-11
Neue Texte Margret/Freidank/Freidank Bilder,Freidank 243.tif,.tif,scan,202024,2010-06-11
Neue Texte Margret/Freidank/Freidank Bilder,Freidank 244.tif,.tif,scan,146518,2010-06-11
Neue Texte Margret/Freidank/Freidank Bilder,Freidank 67.tif,.tif,scan,226062,2010-06-09
Neue Texte Margret/Freidank/Freidank Bilder,Freidank 68.tif,.tif,scan,261330,2010-06-09
Neue Texte Margret/Freidank/Freidank Bilder,Freidank 69.tif,.tif,scan,267764,2010-06-09
Neue Texte Margret/Freidank/Freidank Bilder,Freidank 70.tif,.tif,scan,273000,2010-06-09
Neue Texte Margret/Freidank/Freidank Bilder,Freidank 71.tif,.tif,scan,260312,2010-06-09
Neue Texte Margret/Freidank/Freidank Bilder,Freidank 72.tif,.tif,scan,264794,2010-06-09
Neue Texte Margret/Freidank/Freidank Bilder,Freidank 73.tif,.tif,scan,260584,2010-06-09
Neue Texte Margret/Freidank/Freidank Bilder,Freidank 74.tif,.tif,scan,262336,2010-06-09
Neue Texte Margret/Freidank/Freidank Bilder,Freidank 75.tif,.tif,scan,270062,2010-06-09
Neue Texte Margret/Freidank/Freidank Bilder,Freidank 76.tif,.tif,scan,268522,2010-06-09
Neue Texte Margret/Freidank/Freidank Bilder,Freidank 77.tif,.tif,scan,257656,2010-06-09
Neue Texte Margret/Freidank/Freidank Bilder,Freidank 78.tif,.tif,scan,262294,2010-06-09
Neue Texte Margret/Freidank/Freidank Bilder,Freidank 79.tif,.tif,scan,255634,2010-06-09
Neue Texte Margret/Freidank/Freidank Bilder,Freidank 80.tif,.tif,scan,269942,2010-06-09
Neue Texte Margret/Freidank/Freidank Bilder,Freidank 81.tif,.tif,scan,269374,2010-06-09
Neue Texte Margret/Freidank/Freidank Bilder,Freidank 82.tif,.tif,scan,268216,2010-06-09
Neue Texte Margret/Freidank/Freidank Bilder,Freidank 83.tif,.tif,scan,274698,2010-06-09
Neue Texte Margret/Freidank/Freidank Bilder,Freidank 84.tif,.tif,scan,267696,2010-06-09
Neue Texte Margret/Freidank/Freidank Bilder,Freidank 85.tif,.tif,scan,274070,2010-06-09
Neue Texte Margret/Freidank/Freidank Bilder,Freidank 86.tif,.tif,scan,271108,2010-06-09
Neue Texte Margret/Freidank/Freidank Bilder,Freidank 87.tif,.tif,scan,272292,2010-06-09
Neue Texte Margret/Freidank/Freidank Bilder,Freidank 88.tif,.tif,scan,275372,2010-06-09
Neue Texte Margret/Freidank/Freidank Bilder,Freidank 89.tif,.tif,scan,266846,2010-06-09
Neue Texte Margret/Freidank/Freidank Bilder,Freidank 90.tif,.tif,scan,267824,2010-06-09
Neue Texte Margret/Freidank/Freidank Bilder,Freidank 91.tif,.tif,scan,271898,2010-06-09
Neue Texte Margret/Freidank/Freidank Bilder,Freidank 92.tif,.tif,scan,275122,2010-06-09
Neue Texte Margret/Freidank/Freidank Bilder,Freidank 93.tif,.tif,scan,274680,2010-06-09
Neue Texte Margret/Freidank/Freidank Bilder,Freidank 94.tif,.tif,scan,268340,2010-06-09
Neue Texte Margret/Freidank/Freidank Bilder,Freidank 95.tif,.tif,scan,267096,2010-06-09
Neue Texte Margret/Freidank/Freidank Bilder,Freidank 96.tif,.tif,scan,270206,2010-06-09
Neue Texte Margret/Freidank/Freidank Bilder,Freidank 97.tif,.tif,scan,274188,2010-06-09
Neue Texte Margret/Freidank/Freidank Bilder,Freidank 98.tif,.tif,scan,278046,2010-06-09
Neue Texte Margret/Freidank/Freidank Bilder,Freidank 99.tif,.tif,scan,278976,2010-06-09
"Neue Texte Margret/Heinrich von dem Türlin, Der Mantel",Der Mantel.rtf,.rtf,text,504430,2014-08-04
"Neue Texte Margret/Heinrich von dem Türlin, Der Mantel/Der Mantel",batch.options.xml,.xml,text,10138,2014-08-04
"Neue Texte Margret/Heinrich von dem Türlin, Der Mantel/Der Mantel Bilder",Der Mantel - 0001.tif,.tif,scan,519894,2014-07-28
"Neue Texte Margret/Heinrich von dem Türlin, Der Mantel/Der Mantel Bilder",Der Mantel - 0002.tif,.tif,scan,583272,2014-07-28
"Neue Texte Margret/Heinrich von dem Türlin, Der Mantel/Der Mantel Bilder",Der Mantel - 0003.tif,.tif,scan,543618,2014-07-28
"Neue Texte Margret/Heinrich von dem Türlin, Der Mantel/Der Mantel Bilder",Der Mantel - 0004.tif,.tif,scan,579984,2014-07-28
"Neue Texte Margret/Heinrich von dem Türlin, Der Mantel/Der Mantel Bilder",Der Mantel - 0005.tif,.tif,scan,606826,2014-07-28
"Neue Texte Margret/Heinrich von dem Türlin, Der Mantel/Der Mantel Bilder",Der Mantel - 0006.tif,.tif,scan,471444,2014-07-28
"Neue Texte Margret/Heinrich von dem Türlin, Der Mantel/Der Mantel Bilder",Der Mantel - 0007.tif,.tif,scan,290288,2014-07-28
"Neue Texte Margret/Heinrich von dem Türlin, Der Mantel/Der Mantel Bilder",Der Mantel - 0008.tif,.tif,scan,381536,2014-07-28
"Neue Texte Margret/Heinrich von dem Türlin, Der Mantel/Der Mantel Bilder",Der Mantel - 0009.tif,.tif,scan,383168,2014-07-28
"Neue Texte Margret/Heinrich von dem Türlin, Der Mantel/Der Mantel Bilder",Der Mantel - 0010.tif,.tif,scan,544358,2014-07-28
"Neue Texte Margret/Heinrich von dem Türlin, Der Mantel/Der Mantel Bilder",Der Mantel - 0011.tif,.tif,scan,317592,2014-07-28
"Neue Texte Margret/Heinrich von dem Türlin, Der Mantel/Der Mantel Bilder",Der Mantel - 0012.tif,.tif,scan,315746,2014-07-28
"Neue Texte Margret/Heinrich von dem Türlin, Der Mantel/Der Mantel Bilder",Der Mantel - 0013.tif,.tif,scan,343532,2014-07-28
"Neue Texte Margret/Heinrich von dem Türlin, Der Mantel/Der Mantel Bilder",Der Mantel - 0014.tif,.tif,scan,477010,2014-07-28
"Neue Texte Margret/Heinrich von dem Türlin, Der Mantel/Der Mantel Bilder",Der Mantel - 0015.tif,.tif,scan,415654,2014-07-28
"Neue Texte Margret/Heinrich von dem Türlin, Der Mantel/Der Mantel Bilder",Der Mantel - 0016.tif,.tif,scan,388724,2014-07-28
"Neue Texte Margret/Heinrich von dem Türlin, Der Mantel/Der Mantel Bilder",Der Mantel - 0017.tif,.tif,scan,380196,2014-07-28
"Neue Texte Margret/Heinrich von dem Türlin, Der Mantel/Der Mantel Bilder",Der Mantel - 0018.tif,.tif,scan,289594,2014-07-28
"Neue Texte Margret/Heinrich von dem Türlin, Der Mantel/Der Mantel Bilder",Der Mantel - 0019.tif,.tif,scan,272930,2014-07-28
"Neue Texte Margret/Heinrich von dem Türlin, Der Mantel/Der Mantel Bilder",Der Mantel - 0020.tif,.tif,scan,274672,2014-07-28
"Neue Texte Margret/Heinrich von dem Türlin, Der Mantel/Der Mantel Bilder",Der Mantel - 0021.tif,.tif,scan,464678,2014-07-28
"Neue Texte Margret/Heinrich von dem Türlin, Der Mantel/Der Mantel Bilder",Der Mantel - 0022.tif,.tif,scan,354324,2014-07-28
"Neue Texte Margret/Heinrich von dem Türlin, Der Mantel/Der Mantel Bilder",Der Mantel - 0023.tif,.tif,scan,302358,2014-07-28
"Neue Texte Margret/Heinrich von dem Türlin, Der Mantel/Der Mantel Bilder",Der Mantel - 0024.tif,.tif,scan,397394,2014-07-28
"Neue Texte Margret/Heinrich von dem Türlin, Der Mantel/Der Mantel Bilder",Der Mantel - 0025.tif,.tif,scan,395074,2014-07-28
"Neue Texte Margret/Heinrich von dem Türlin, Der Mantel/Der Mantel Bilder",Der Mantel - 0026.tif,.tif,scan,468786,2014-07-28
"Neue Texte Margret/Heinrich von dem Türlin, Der Mantel/Der Mantel Bilder",Der Mantel - 0027.tif,.tif,scan,344436,2014-07-28
"Neue Texte Margret/Heinrich von dem Türlin, Der Mantel/Der Mantel Bilder",Der Mantel - 0028.tif,.tif,scan,364556,2014-07-28
"Neue Texte Margret/Heinrich von dem Türlin, Der Mantel/Der Mantel Bilder",Der Mantel - 0029.tif,.tif,scan,476220,2014-07-28
"Neue Texte Margret/Heinrich von dem Türlin, Der Mantel/Der Mantel Bilder",Der Mantel - 0030.tif,.tif,scan,257754,2014-07-28
"Neue Texte Margret/Heinrich von dem Türlin, Der Mantel/Der Mantel Bilder",Der Mantel - 0031.tif,.tif,scan,442522,2014-07-28
"Neue Texte Margret/Heinrich von dem Türlin, Der Mantel/Der Mantel Bilder",Der Mantel - 0032.tif,.tif,scan,387722,2014-07-28
"Neue Texte Margret/Heinrich von dem Türlin, Der Mantel/Der Mantel Bilder",Der Mantel - 0033.tif,.tif,scan,526716,2014-07-28
"Neue Texte Margret/Heinrich von dem Türlin, Der Mantel/Der Mantel Bilder",Der Mantel - 0034.tif,.tif,scan,380922,2014-07-28
"Neue Texte Margret/Heinrich von dem Türlin, Der Mantel/Der Mantel Bilder",Der Mantel - 0035.tif,.tif,scan,486838,2014-07-28
"Neue Texte Margret/Heinrich von dem Türlin, Der Mantel/Der Mantel Bilder",Der Mantel - 0036.tif,.tif,scan,270060,2014-07-28
"Neue Texte Margret/Heinrich von dem Türlin, Der Mantel/Der Mantel Bilder",Der Mantel - 0037.tif,.tif,scan,200610,2014-07-28
"Neue Texte Margret/Heinrich von dem Türlin, Der Mantel/Der Mantel Bilder",Der Mantel - 0038.tif,.tif,scan,352210,2014-07-28
"Neue Texte Margret/Heinrich von dem Türlin, Der Mantel/Der Mantel Bilder",Der Mantel - 0039.tif,.tif,scan,433536,2014-07-28
"Neue Texte Margret/Heinrich von dem Türlin, Der Mantel/Der Mantel Bilder",Der Mantel - 0040.tif,.tif,scan,621892,2014-07-28
"Neue Texte Margret/Heinrich von dem Türlin, Der Mantel/Der Mantel Bilder",Der Mantel - 0041.tif,.tif,scan,397468,2014-07-28
"Neue Texte Margret/Heinrich von dem Türlin, Der Mantel/Der Mantel Bilder",Der Mantel - 0042.tif,.tif,scan,343962,2014-07-28
"Neue Texte Margret/Heinrich von dem Türlin, Der Mantel/Der Mantel Bilder",Der Mantel - 0043.tif,.tif,scan,389930,2014-07-28
"Neue Texte Margret/Heinrich von dem Türlin, Der Mantel/Der Mantel Bilder",Der Mantel - 0044.tif,.tif,scan,273386,2014-07-28
"Neue Texte Margret/Heinrich von dem Türlin, Der Mantel/Der Mantel Bilder",Der Mantel - 0045.tif,.tif,scan,480116,2014-07-28
"Neue Texte Margret/Heinrich von dem Türlin, Der Mantel/Der Mantel Bilder",Der Mantel - 0046.tif,.tif,scan,421750,2014-07-28
"Neue Texte Margret/Heinrich von dem Türlin, Der Mantel/Der Mantel Bilder",Der Mantel - 0047.tif,.tif,scan,77504,2014-07-28
"Neue Texte Margret/Heinrich von dem Türlin, Der Mantel/Der Mantel/temp",Plustek%32OpticBook%324800%400%41.bmp,.bmp,scan,997918,2014-07-28
Neue Texte Margret/Kleinere Spruchdichter/Kleine Spruchdichter/Bilder/Anhang Bilder,Anhang0001.tif,.tif,scan,73180,2011-11-23
Neue Texte Margret/Kleinere Spruchdichter/Kleine Spruchdichter/Bilder/Anhang Bilder,Anhang0002.tif,.tif,scan,80902,2011-11-23
Neue Texte Margret/Kleinere Spruchdichter/Kleine Spruchdichter/Bilder/Anhang Bilder,Anhang0003.tif,.tif,scan,69318,2011-11-23
Neue Texte Margret/Kleinere Spruchdichter/Kleine Spruchdichter/Bilder/Anhang Bilder,Anhang0004.tif,.tif,scan,68580,2011-11-23
Neue Texte Margret/Kleinere Spruchdichter/Kleine Spruchdichter/Bilder/Der Hardegger Bilder,Der Hardegger0001.tif,.tif,scan,139682,2011-11-18
Neue Texte Margret/Kleinere Spruchdichter/Kleine Spruchdichter/Bilder/Der Hardegger Bilder,Der Hardegger0002.tif,.tif,scan,104606,2011-11-18
Neue Texte Margret/Kleinere Spruchdichter/Kleine Spruchdichter/Bilder/Der Hardegger Bilder,Der Hardegger0003.tif,.tif,scan,137730,2011-11-18
Neue Texte Margret/Kleinere Spruchdichter/Kleine Spruchdichter/Bilder/Der Hardegger Bilder,Der Hardegger0004.tif,.tif,scan,106118,2011-11-18
Neue Texte Margret/Kleinere Spruchdichter/Kleine Spruchdichter/Bilder/Der Hardegger Bilder,Der Hardegger0005.tif,.tif,scan,105708,2011-11-18
Neue Texte Margret/Kleinere Spruchdichter/Kleine Spruchdichter/Bilder/Der Hardegger Bilder,Der Hardegger0006.tif,.tif,scan,82570,2011-11-18
Neue Texte Margret/Kleinere Spruchdichter/Kleine Spruchdichter/Bilder/Der Hardegger Bilder,Der Hardegger0007.tif,.tif,scan,159862,2011-11-18
Neue Texte Margret/Kleinere Spruchdichter/Kleine Spruchdichter/Bilder/Der Hardegger Bilder,Der Hardegger0008.tif,.tif,scan,101024,2011-11-18
Neue Texte Margret/Kleinere Spruchdichter/Kleine Spruchdichter/Bilder/Der Hardegger Bilder,Der Hardegger0009.tif,.tif,scan,102198,2011-11-18
Neue Texte Margret/Kleinere Spruchdichter/Kleine Spruchdichter/Bilder/Der Hardegger Bilder,Der Hardegger0010.tif,.tif,scan,78860,2011-11-18
Neue Texte Margret/Kleinere Spruchdichter/Kleine Spruchdichter/Bilder/Der Hardegger Bilder,Der Hardegger0011.tif,.tif,scan,112946,2011-11-18
Neue Texte Margret/Kleinere Spruchdichter/Kleine Spruchdichter/Bilder/Der Hardegger Bilder,Der Hardegger0012.tif,.tif,scan,103010,2011-11-18
Neue Texte Margret/Kleinere Spruchdichter/Kleine Spruchdichter/Bilder/Der Hardegger Bilder,Der Hardegger0013.tif,.tif,scan,113302,2011-11-18
Neue Texte Margret/Kleinere Spruchdichter/Kleine Spruchdichter/Bilder/Der Hardegger Bilder,Der Hardegger0014.tif,.tif,scan,107318,2011-11-18
Neue Texte Margret/Kleinere Spruchdichter/Kleine Spruchdichter/Bilder/Der Hardegger Bilder,Der Hardegger0015.tif,.tif,scan,128416,2011-11-18
Neue Texte Margret/Kleinere Spruchdichter/Kleine Spruchdichter/Bilder/Der Hardegger Bilder,Der Hardegger0016.tif,.tif,scan,111678,2011-11-18
Neue Texte Margret/Kleinere Spruchdichter/Kleine Spruchdichter/Bilder/Der Hardegger Bilder,Der Hardegger0017.tif,.tif,scan,108626,2011-11-18
Neue Texte Margret/Kleinere Spruchdichter/Kleine Spruchdichter/Bilder/Der Hardegger Bilder,Der Hardegger0018.tif,.tif,scan,102712,2011-11-18
Neue Texte Margret/Kleinere Spruchdichter/Kleine Spruchdichter/Bilder/Der Hardegger Bilder,Der Hardegger0019.tif,.tif,scan,108580,2011-11-18
Neue Texte Margret/Kleinere Spruchdichter/Kleine Spruchdichter/Bilder/Der Hardegger Bilder,Der Hardegger0020.tif,.tif,scan,115320,2011-11-18
Neue Texte Margret/Kleinere Spruchdichter/Kleine Spruchdichter/Bilder/Der Hardegger Bilder,Der Hardegger0021.tif,.tif,scan,107158,2011-11-18
Neue Texte Margret/Kleinere Spruchdichter/Kleine Spruchdichter/Bilder/Der Hardegger Bilder,Der Hardegger0022.tif,.tif,scan,107056,2011-11-18
Neue Texte Margret/Kleinere Spruchdichter/Kleine Spruchdichter/Bilder/Der Hardegger Bilder,Der Hardegger0023.tif,.tif,scan,110992,2011-11-18
Neue Texte Margret/Kleinere Spruchdichter/Kleine Spruchdichter/Bilder/Der Hardegger Bilder,Der Hardegger0024.tif,.tif,scan,112934,2011-11-18
Neue Texte Margret/Kleinere Spruchdichter/Kleine Spruchdichter/Bilder/Der Hardegger Bilder,Der Hardegger0025.tif,.tif,scan,108602,2011-11-18
Neue Texte Margret/Kleinere Spruchdichter/Kleine Spruchdichter/Bilder/Der Hardegger Bilder,Der Hardegger0026.tif,.tif,scan,81152,2011-11-18
Neue Texte Margret/Kleinere Spruchdichter/Kleine Spruchdichter/Bilder/Der Hardegger Bilder,Der Hardegger0027.tif,.tif,scan,99864,2011-11-18
Neue Texte Margret/Kleinere Spruchdichter/Kleine Spruchdichter/Bilder/Der Hardegger Bilder,Der Hardegger0028.tif,.tif,scan,93022,2011-11-18
Neue Texte Margret/Kleinere Spruchdichter/Kleine Spruchdichter/Bilder/Der Litschauer Bilder,Der Litschauer0001.tif,.tif,scan,114190,2011-11-23
Neue Texte Margret/Kleinere Spruchdichter/Kleine Spruchdichter/Bilder/Der Litschauer Bilder,Der Litschauer0002.tif,.tif,scan,100208,2011-11-23
Neue Texte Margret/Kleinere Spruchdichter/Kleine Spruchdichter/Bilder/Der Litschauer Bilder,Der Litschauer0003.tif,.tif,scan,95818,2011-11-23
Neue Texte Margret/Kleinere Spruchdichter/Kleine Spruchdichter/Bilder/Der Litschauer Bilder,Der Litschauer0004.tif,.tif,scan,94306,2011-11-23
Neue Texte Margret/Kleinere Spruchdichter/Kleine Spruchdichter/Bilder/Der Litschauer Bilder,Der Litschauer0005.tif,.tif,scan,97244,2011-11-23
Neue Texte Margret/Kleinere Spruchdichter/Kleine Spruchdichter/Bilder/Der Litschauer Bilder,Der Litschauer0006.tif,.tif,scan,88564,2011-11-23
Neue Texte Margret/Kleinere Spruchdichter/Kleine Spruchdichter/Bilder/Der Litschauer Bilder,Der Litschauer0007.tif,.tif,scan,83956,2011-11-23
Neue Texte Margret/Kleinere Spruchdichter/Kleine Spruchdichter/Bilder/Der Litschauer Bilder,Der Litschauer0008.tif,.tif,scan,88570,2011-11-23
Neue Texte Margret/Kleinere Spruchdichter/Kleine Spruchdichter/Bilder/Der Litschauer Bilder,Der Litschauer0009.tif,.tif,scan,86450,2011-11-23
Neue Texte Margret/Kleinere Spruchdichter/Kleine Spruchdichter/Bilder/Der Litschauer Bilder,Der Litschauer0010.tif,.tif,scan,87530,2011-11-23
Neue Texte Margret/Kleinere Spruchdichter/Kleine Spruchdichter/Bilder/Der Litschauer Bilder,Der Litschauer0011.tif,.tif,scan,91774,2011-11-23
Neue Texte Margret/Kleinere Spruchdichter/Kleine Spruchdichter/Bilder/Der Litschauer Bilder,Der Litschauer0012.tif,.tif,scan,88086,2011-11-23
Neue Texte Margret/Kleinere Spruchdichter/Kleine Spruchdichter/Bilder/Der Unverzagte Bilder,Der Unverzagte0001.tif,.tif,scan,73688,2011-11-23
Neue Texte Margret/Kleinere Spruchdichter/Kleine Spruchdichter/Bilder/Der Unverzagte Bilder,Der Unverzagte0002.tif,.tif,scan,76912,2011-11-23
Neue Texte Margret/Kleinere Spruchdichter/Kleine Spruchdichter/Bilder/Der Unverzagte Bilder,Der Unverzagte0003.tif,.tif,scan,77864,2011-11-23
Neue Texte Margret/Kleinere Spruchdichter/Kleine Spruchdichter/Bilder/Der Unverzagte Bilder,Der Unverzagte0004.tif,.tif,scan,75952,2011-11-23
Neue Texte Margret/Kleinere Spruchdichter/Kleine Spruchdichter/Bilder/Der Unverzagte Bilder,Der Unverzagte0005.tif,.tif,scan,77090,2011-11-23
Neue Texte Margret/Kleinere Spruchdichter/Kleine Spruchdichter/Bilder/Der Unverzagte Bilder,Der Unverzagte0006.tif,.tif,scan,76286,2011-11-23
Neue Texte Margret/Kleinere Spruchdichter/Kleine Spruchdichter/Bilder/Der Unverzagte Bilder,Der Unverzagte0007.tif,.tif,scan,77224,2011-11-23
Neue Texte Margret/Kleinere Spruchdichter/Kleine Spruchdichter/Bilder/Der Unverzagte Bilder,Der Unverzagte0008.tif,.tif,scan,73586,2011-11-23
Neue Texte Margret/Kleinere Spruchdichter/Kleine Spruchdichter/Bilder/Der Unverzagte Bilder,Der Unverzagte0009.tif,.tif,scan,78854,2011-11-23
Neue Texte Margret/Kleinere Spruchdichter/Kleine Spruchdichter/Bilder/Der Unverzagte Bilder,Der Unverzagte0010.tif,.tif,scan,82088,2011-11-23
Neue Texte Margret/Kleinere Spruchdichter/Kleine Spruchdichter/Bilder/Der Unverzagte Bilder,Der Unverzagte0011.tif,.tif,scan,74138,2011-11-23
Neue Texte Margret/Kleinere Spruchdichter/Kleine Spruchdichter/Bilder/Der Unverzagte Bilder,Der Unverzagte0012.tif,.tif,scan,79966,2011-11-23
Neue Texte Margret/Kleinere Spruchdichter/Kleine Spruchdichter/Bilder/Der Unverzagte Bilder,Der Unverzagte0013.tif,.tif,scan,76650,2011-11-23
Neue Texte Margret/Kleinere Spruchdichter/Kleine Spruchdichter/Bilder/Der Unverzagte Bilder,Der Unverzagte0014.tif,.tif,scan,89474,2011-11-23
Neue Texte Margret/Kleinere Spruchdichter/Kleine Spruchdichter/Bilder/Der Unverzagte Bilder,Der Unverzagte0015.tif,.tif,scan,88954,2011-11-23
Neue Texte Margret/Kleinere Spruchdichter/Kleine Spruchdichter/Bilder/Der Unverzagte Bilder,Der Unverzagte0016.tif,.tif,scan,91608,2011-11-23
Neue Texte Margret/Kleinere Spruchdichter/Kleine Spruchdichter/Bilder/Der Unverzagte Bilder,Der Unverzagte0017.tif,.tif,scan,87660,2011-11-23
Neue Texte Margret/Kleinere Spruchdichter/Kleine Spruchdichter/Bilder/Der Unverzagte Bilder,Der Unverzagte0018.tif,.tif,scan,87282,2011-11-23
Neue Texte Margret/Kleinere Spruchdichter/Kleine Spruchdichter/Bilder/Der Unverzagte Bilder,Der Unverzagte0019.tif,.tif,scan,91590,2011-11-23
Neue Texte Margret/Kleinere Spruchdichter/Kleine Spruchdichter/Bilder/Der Unverzagte Bilder,Der Unverzagte0020.tif,.tif,scan,88534,2011-11-23
Neue Texte Margret/Kleinere Spruchdichter/Kleine Spruchdichter/Bilder/Der Unverzagte Bilder,Der Unverzagte0021.tif,.tif,scan,93378,2011-11-23
Neue Texte Margret/Kleinere Spruchdichter/Kleine Spruchdichter/Bilder/Der Unverzagte Bilder,Der Unverzagte0022.tif,.tif,scan,87218,2011-11-23
Neue Texte Margret/Kleinere Spruchdichter/Kleine Spruchdichter/Bilder/Höllefeuer Bilder,Höllefeuer0001.tif,.tif,scan,102854,2011-11-23
Neue Texte Margret/Kleinere Spruchdichter/Kleine Spruchdichter/Bilder/Höllefeuer Bilder,Höllefeuer0002.tif,.tif,scan,107290,2011-11-23
Neue Texte Margret/Kleinere Spruchdichter/Kleine Spruchdichter/Bilder/Höllefeuer Bilder,Höllefeuer0003.tif,.tif,scan,107420,2011-11-23
Neue Texte Margret/Kleinere Spruchdichter/Kleine Spruchdichter/Bilder/Höllefeuer Bilder,Höllefeuer0004.tif,.tif,scan,104668,2011-11-23
Neue Texte Margret/Kleinere Spruchdichter/Kleine Spruchdichter/Bilder/Höllefeuer Bilder,Höllefeuer0005.tif,.tif,scan,98896,2011-11-23
Neue Texte Margret/Kleinere Spruchdichter/Kleine Spruchdichter/Bilder/Höllefeuer Bilder,Höllefeuer0006.tif,.tif,scan,97536,2011-11-23
Neue Texte Margret/Kleinere Spruchdichter/Kleine Spruchdichter/Bilder/Höllefeuer Bilder,Höllefeuer0007.tif,.tif,scan,103988,2011-11-23
Neue Texte Margret/Kleinere Spruchdichter/Kleine Spruchdichter/Bilder/Singauf Bilder,Singauf0001.tif,.tif,scan,82714,2011-11-23
Neue Texte Margret/Kleinere Spruchdichter/Kleine Spruchdichter/Bilder/Singauf Bilder,Singauf0002.tif,.tif,scan,77852,2011-11-23
Neue Texte Margret/Kleinere Spruchdichter/Kleine Spruchdichter/Bilder/Singauf Bilder,Singauf0003.tif,.tif,scan,83250,2011-11-23
Neue Texte Margret/Kleinere Spruchdichter/Kleine Spruchdichter/Bilder/Singauf Bilder,Singauf0004.tif,.tif,scan,88552,2011-11-23
Neue Texte Margret/Kleinere Spruchdichter/Kleine Spruchdichter/RTF,Anhang.rtf,.rtf,text,43784,2011-12-11
Neue Texte Margret/Kleinere Spruchdichter/Kleine Spruchdichter/RTF,Der Hardegger.rtf,.rtf,text,90857,2011-12-13
Neue Texte Margret/Kleinere Spruchdichter/Kleine Spruchdichter/RTF,Der Litschauer.rtf,.rtf,text,55798,2011-12-11
Neue Texte Margret/Kleinere Spruchdichter/Kleine Spruchdichter/RTF,Der Unverzagte.rtf,.rtf,text,71412,2011-12-11
Neue Texte Margret/Kleinere Spruchdichter/Kleine Spruchdichter/RTF,Höllefeuer.rtf,.rtf,text,50837,2011-12-11
Neue Texte Margret/Kleinere Spruchdichter/Kleine Spruchdichter/RTF,Singauf.rtf,.rtf,text,36763,2011-12-11
Neue Texte Margret/Meister Sigeher,Meister Sigeher RTF.rtf,.rtf,text,154357,2012-06-15
Neue Texte Margret/Meister Sigeher/Meister Sigeher Bilder,Meister Sigeher0001.tif,.tif,scan,327360,2012-05-09
Neue Texte Margret/Meister Sigeher/Meister Sigeher Bilder,Meister Sigeher0002.tif,.tif,scan,352948,2012-05-09
Neue Texte Margret/Meister Sigeher/Meister Sigeher Bilder,Meister Sigeher0003.tif,.tif,scan,352948,2012-05-09
Neue Texte Margret/Meister Sigeher/Meister Sigeher Bilder,Meister Sigeher0004.tif,.tif,scan,353118,2012-05-09
Neue Texte Margret/Meister Sigeher/Meister Sigeher Bilder,Meister Sigeher0005.tif,.tif,scan,353118,2012-05-09
Neue Texte Margret/Meister Sigeher/Meister Sigeher Bilder,Meister Sigeher0006.tif,.tif,scan,353118,2012-05-09
Neue Texte Margret/Meister Sigeher/Meister Sigeher Bilder,Meister Sigeher0007.tif,.tif,scan,353118,2012-05-09
Neue Texte Margret/Meister Sigeher/Meister Sigeher Bilder,Meister Sigeher0008.tif,.tif,scan,353118,2012-05-09
Neue Texte Margret/Meister Sigeher/Meister Sigeher Bilder,Meister Sigeher0009.tif,.tif,scan,353118,2012-05-09
Neue Texte Margret/Meister Sigeher/Meister Sigeher Bilder,Meister Sigeher0010.tif,.tif,scan,353118,2012-05-09
Neue Texte Margret/Meister Sigeher/Meister Sigeher Bilder,Meister Sigeher0011.tif,.tif,scan,353118,2012-05-09
Neue Texte Margret/Meister Sigeher/Meister Sigeher Bilder,Meister Sigeher0012.tif,.tif,scan,353118,2012-05-09
Neue Texte Margret/Meister Sigeher/Meister Sigeher Bilder,Meister Sigeher0013.tif,.tif,scan,353118,2012-05-09
Neue Texte Margret/Meister Sigeher/Meister Sigeher Bilder,Meister Sigeher0014.tif,.tif,scan,353118,2012-05-09
Neue Texte Margret/Otto Baldemann Von dem Romischen Riche,Otto Baldemann Von dem Romischen Riche eyne Clage.rtf,.rtf,text,72842,2012-05-03
Neue Texte Margret/Otto Baldemann Von dem Romischen Riche/Baldemann Romisches Rich Bilder,Baldemann Rom.0001.tif,.tif,scan,118852,2012-04-20
Neue Texte Margret/Otto Baldemann Von dem Romischen Riche/Baldemann Romisches Rich Bilder,Baldemann Rom.0002.tif,.tif,scan,118766,2012-04-20
Neue Texte Margret/Otto Baldemann Von dem Romischen Riche/Baldemann Romisches Rich Bilder,Baldemann Rom.0003.tif,.tif,scan,121818,2012-04-20
Neue Texte Margret/Otto Baldemann Von dem Romischen Riche/Baldemann Romisches Rich Bilder,Baldemann Rom.0004.tif,.tif,scan,120684,2012-04-20
Neue Texte Margret/Otto Baldemann Von dem Romischen Riche/Baldemann Romisches Rich Bilder,Baldemann Rom.0005.tif,.tif,scan,131454,2012-04-20
Neue Texte Margret/Otto Baldemann Von dem Romischen Riche/Baldemann Romisches Rich Bilder,Baldemann Rom.0006.tif,.tif,scan,123820,2012-04-20
Neue Texte Margret/Otto Baldemann Von dem Romischen Riche/Baldemann Romisches Rich Bilder,Baldemann Rom.0007.tif,.tif,scan,124352,2012-04-20
Neue Texte Margret/Otto Baldemann Von dem Romischen Riche/Baldemann Romisches Rich Bilder,Baldemann Rom.0008.tif,.tif,scan,123844,2012-04-20
Neue Texte Margret/Otto Baldemann Von dem Romischen Riche/Baldemann Romisches Rich Bilder,Baldemann Rom.0009.tif,.tif,scan,117478,2012-04-20
Neue Texte Margret/Otto Baldemann Von dem Romischen Riche/Baldemann Romisches Rich Bilder,Baldemann Rom.0010.tif,.tif,scan,130730,2012-04-20
Neue Texte Margret/Otto Baldemann Von dem Romischen Riche/Baldemann Romisches Rich Bilder,Baldemann Rom.0011.tif,.tif,scan,120946,2012-04-20
Neue Texte Margret/Otto Baldemann Von dem Romischen Riche/Baldemann Romisches Rich Bilder,Baldemann Rom.0012.tif,.tif,scan,126956,2012-04-20
Neue Texte Margret/Otto Baldemann Von dem Romischen Riche/Baldemann Romisches Rich Bilder,Baldemann Rom.0013.tif,.tif,scan,120094,2012-04-20
Neue Texte Margret/Otto Baldemann Von dem Romischen Riche/Baldemann Romisches Rich Bilder,Baldemann Rom.0014.tif,.tif,scan,120184,2012-04-20
Neue Texte Margret/Otto Baldemann Von dem Romischen Riche/Baldemann Romisches Rich Bilder,Baldemann Rom.0015.tif,.tif,scan,119084,2012-04-20
Neue Texte Margret/Otto Baldemann Von dem Romischen Riche/Baldemann Romisches Rich Bilder,Baldemann Rom.0016.tif,.tif,scan,117308,2012-04-20
Neue Texte Margret/Otto Baldemann Von dem Romischen Riche/Baldemann Romisches Rich Bilder,Baldemann Rom.0017.tif,.tif,scan,147810,2012-04-20
"Scanarbeiten, Verwaltungstechnisches",Scanplan_Boepple.doc,.doc,text,30208,2014-07-15
Sicherheitskopie Textliste MANTIS,TEXTLISTE - View Issues - MantisBT.htm,.htm,text,69285,2017-02-23
Sicherheitskopie Textliste MANTIS/TEXTLISTE - View Issues - MantisBT-Dateien,addLoadEvent.js,.js,text,139,2017-02-23
Sicherheitskopie Textliste MANTIS/TEXTLISTE - View Issues - MantisBT-Dateien,ajax.js,.js,text,656,2017-02-23
Sicherheitskopie Textliste MANTIS/TEXTLISTE - View Issues - MantisBT-Dateien,attachment.png,.png,scan,243,2017-02-23
Sicherheitskopie Textliste MANTIS/TEXTLISTE - View Issues - MantisBT-Dateien,common.js,.js,text,2116,2017-02-23
Sicherheitskopie Textliste MANTIS/TEXTLISTE - View Issues - MantisBT-Dateien,default.css,.css,text,6660,2017-02-23
Sicherheitskopie Textliste MANTIS/TEXTLISTE - View Issues - MantisBT-Dateien,down.gif,.gif,text,66,2017-02-23
Sicherheitskopie Textliste MANTIS/TEXTLISTE - View Issues - MantisBT-Dateien,dynamic_filters.js,.js,text,1520,2017-02-23
Sicherheitskopie Textliste MANTIS/TEXTLISTE - View Issues - MantisBT-Dateien,mantis_logo.png,.png,scan,35725,2017-02-23
Sicherheitskopie Textliste MANTIS/TEXTLISTE - View Issues - MantisBT-Dateien,minus.png,.png,scan,197,2017-02-23
Sicherheitskopie Textliste MANTIS/TEXTLISTE - View Issues - MantisBT-Dateien,plus.png,.png,scan,198,2017-02-23
Sicherheitskopie Textliste MANTIS/TEXTLISTE - View Issues - MantisBT-Dateien,priority_1.gif,.gif,text,64,2017-02-23
Sicherheitskopie Textliste MANTIS/TEXTLISTE - View Issues - MantisBT-Dateien,priority_normal.gif,.gif,text,58,2017-02-23
Sicherheitskopie Textliste MANTIS/TEXTLISTE - View Issues - MantisBT-Dateien,rss.png,.png,scan,709,2017-02-23
Sicherheitskopie Textliste MANTIS/TEXTLISTE - View Issues - MantisBT-Dateien,update.png,.png,scan,396,2017-02-23
Sicherheitskopie Textliste MANTIS/TEXTLISTE - View Issues - MantisBT-Dateien,xmlhttprequest.js,.js,text,3467,2017-02-23
Sonstiges,Todo-Liste_20140117.doc,.doc,text,136192,2014-01-17
Sonstiges,Todo-Liste_20150114.doc,.doc,text,129024,2015-01-14
Sonstiges/Stuttgart_Braun,20160119_DJEM_CodeDel.docx,.docx,text,62505,2016-01-19
Sonstiges/Stuttgart_Braun,20160119_DJUM_CodeDel.docx,.docx,text,67831,2016-01-19
Sonstiges/Stuttgart_Braun,20160119_FR2_CodeDel.docx,.docx,text,24101,2016-01-19
Sonstiges/Stuttgart_Braun,20160119_MML_CodeDel.docx,.docx,text,71255,2016-01-19
Sonstiges/Stuttgart_Braun,20160119_RLS_CodeDel.docx,.docx,text,58975,2016-01-19
Sonstiges/Stuttgart_Braun,20160119_WLE_CodeDel - Kopie.docx,.docx,text,18086,2016-01-19
Sonstiges/Stuttgart_Braun,20160119_WVV_CodeDel - Kopie.docx,.docx,text,125552,2016-01-19
Sonstiges/Stuttgart_Braun,Der Junge Meißner RTF.rtf,.rtf,text,539532,2010-09-23
Sonstiges/Stuttgart_Braun,Der Marner gesamt.rtf,.rtf,text,361042,2013-03-13
Sonstiges/Stuttgart_Braun,Der Meißner der Jenaer Liederhandschrift.rtf,.rtf,text,94556,2011-03-02
Sonstiges/Stuttgart_Braun,Frauenlob_Bd1.doc,.doc,text,548352,2013-01-11
Sonstiges/Stuttgart_Braun,Rumelant von Sachsen RTF.rtf,.rtf,text,270514,2011-11-02
Sonstiges/Stuttgart_Braun,WaltherHaupttextOhneCodes.rtf,.rtf,text,422913,2004-05-06
