file;xml_id;form;normalisiert;action;review_grund;neu_lemmaRef;neu_pos;ziel_lemma_form;lemma_kandidaten;lemma_pos_alle;vers_n;vorvers;vers;folgevers;umfeld
WZB.tei.xml;WZB_1vb_25_3;hŏrent;hoerent;REVIEW;pos-mehrdeutig;;;hœren;lemma_2885;INJ NOM VRB;;;;;wesen Das sie gerne **hŏrent** lesen Oder selber lesen
WZB.tei.xml;WZB_2vb_37_1;ŏpfeltragendes;oepfeltragendes;REVIEW;lemma-kein-treffer;;;;;;;Und got nante die trucken erde vnd die sammenunge der wasser nante her die mer Vnd got sach das es gut was;Und sprach Gebere die erde grunende wurcze vnd machende samen Und ein **ŏpfeltragendes** holcz vnd GENESIS mache frucht noch seinen geslechte des same in im selbir sei auf der erden Und es geschach allso;Und furbrachte die erde grunende wurcze die samen trug noch irem geslechte vnd holcz das do machte frucht vnd hette samen ein yecliches noch seinem geslechte Und got sach das es gut was;machende samen Und ein **ŏpfeltragendes** holcz vnd GENESIS mache
WZB.tei.xml;WZB_5ra_14_3;Dŏrner;doerner;ANNOTATE;;lexicon.xml#lemma_1202;NOM;dorn;lemma_1202;NOM;;Czu vorwar sprach er Dorumbe das du vndertenig bist gewest der stimme deiner hausvrowen vnd hast gessen von dem bovme von dem ich dir gepoten hette das du des nicht soldest essen Uorfluchet sei die erde in deinem wercke In arbeit wirstu sie essen alle die tage deines lebens;**Dŏrner** vnd disteln wirt sie dir tragen vnd wierst essen die wurcze der erden;In dem sweisse deines antlitczes wirstu essen dein brot bis das du wider kvmest in die erden aus der du genvmen bist wenne stoup bistu vnd czu stoube wirdestu werden;die tage deines lebens **Dŏrner** vnd disteln wirt sie
WZB.tei.xml;WZB_5ra_27_3;rŏkke;roekke;REVIEW;lemma-kein-treffer;;;;;;;Und nante sein hausvrowe do von das sie ein muter was aller lebendingen;Und got herre machte vnd seiner hausvrowen aus heuten **rŏkke** vnd tat in die an;vnd sprach Secht wie worden yst recht sam einer aus vns kunnende gutes vnd bŏses Dorvmbe nv das er icht lase sein hant vnd neme ouch von dem holcze des lebens vnd esse vnd lebe ewiclich;seiner hausvrowen aus heuten **rŏkke** vnd tat in die
WZB.tei.xml;WZB_7ra_27_3;bŏsten;boesten;REVIEW;pos-mehrdeutig;;;bœse;lemma_788;ADJ ADV GRA NOM;;Hvnen waren aber auf der erden in den selben tagen wenne dornach vnd eingegangen waren die kinder gotis czu den tochtern der menschen vnd die geparen sie Dicz sint die mechtigen von der werlde die vorrmerten man;Aber got sach das vil bozheit der leute was in der erden Und alle gedancken des herczens geneiget waren zu dem **bŏsten** alle czeit;vnd berawe in das er den menschen hett gemacht in der erden V Und behutte das in die zukvnft vnd wart gerurt inwendig in leide des herczens;geneiget waren zu dem **bŏsten** alle czeit vnd berawe
WZB.tei.xml;WZB_7rb_21_1;hŏlczern;hoelczern;REVIEW;lemma-kein-treffer;;;;;;;Do sprach er zu Das ende alles vleisches ist komen vor mir Erfullet ist die erde in sunden von irr angesicht vnd ich wil sie vorterben mit der erden;Mache dir ein arche von gefugen **hŏlczern** wonunglein mache in die arche Und mit leime smier sie innewendick vnd auswendig;Und allso mache sie Dreihundert dovmelen sol haben die lenge der archen vnd funfczick dovmelen ir breite vnd dreissick dovm elen ir hohe;ein arche von gefugen **hŏlczern** wonunglein mache in die
WZB.tei.xml;WZB_7vb_20_4;gevŏggeln;gevoeggeln;REVIEW;lemma-kein-treffer;;;;;;;Und ein gienck vnd seine kinder sein hausvrow vnd seiner kinder hausvrowen mit im in die arche durch die wasser der flute;Und von allen tiren reinen vnd vnreinen Und aus allen **gevŏggeln** vnd aus allem dem das sich ruret auf der erden;czwei vnd czwei ein giengen zu in die archen knechtel vnd meidel als gepoten hett vnser herre;vnreinen Und aus allen **gevŏggeln** vnd aus allem dem
WZB.tei.xml;WZB_8ra_35_0;hŏher;hoeher;REVIEW;pos-mehrdeutig;;;hôch;lemma_2866;ADJ ADV GRA NOM;;vnd die wasser namen sere vber hant auf der erden Und bedackt wurden alle hohe perge vnder dem himel;Funfczehen dovmelen was das wasser **hŏher** vber die perge die es hett bedackt;Und vortilget wart alles vleisch das sich rurte auf GENESIS der erden Des gevŏgils der tir der wilt vnd aller krichenden tir die do krichen auf der erden Alle menschen;dovmelen was das wasser **hŏher** vber die perge die
WZB.tei.xml;WZB_8rb_2_5;gevŏgils;gevoegils;REVIEW;lemma-kein-treffer;;;;;;;Funfczehen dovmelen was das wasser hŏher vber die perge die es hett bedackt;Und vortilget wart alles vleisch das sich rurte auf GENESIS der erden Des **gevŏgils** der tir der wilt vnd aller krichenden tir die do krichen auf der erden Alle menschen;vnd alles das in dem der geiste des lebens was in der erden die sturben;GENESIS der erden Des **gevŏgils** der tir der wilt
WZB.tei.xml;WZB_9ra_13_3;bŏzem;boezem;REVIEW;lemma-kein-treffer;;;;;;;dorumbe stifte einen alter vnserm herren vnd hube auff von allem reinem vihe vnd vogeln vnd opferte gancz enczvntes opfer auf den alter;Und vnser herre roch den ruch der susicheit vnd sprach zu im Mit nichte nicht vorrfluche ich furbas der erden durch die menschen wenne die sinne vnd die gedancken menschliches herczens zu **bŏzem** geneiget sint von irr iugent Dorvmbe wil ich nicht furbas slahen ein yecliche lebendige sele als ich habe getan;Alle tage der erden sehens vnd sneidens kelde vnd wirme svmer vnd winter nacht vnd tack nicht sullen ruen;gedancken menschliches herczens zu **bŏzem** geneiget sint von irr
WZB.tei.xml;WZB_9rb_19_2;vŏgeln;voegeln;ANNOTATE;;lexicon.xml#lemma_7154;NOM;vogel;lemma_7154;NOM;;Secht ich wil seczen meinen fride mit euch vnd mit ewerm samen noch euch;Und zu aller lebendiger sele die do ist mit euch also wol in **vŏgeln** als in grosem vihe vnd in cleinem der erden vnd allem dem das aus der archen gegangen ist Und allen wilden der erden;Ich wil seczen meinen fride mit euch vnd mit nichte nicht furbas wirt vorterbet alles vleisch mit wassern der flute noch enwirt furbas kein flut zu reisende die erde;euch also wol in **vŏgeln** als in grosem vihe
WZB.tei.xml;WZB_10rb_9_3;grŏsseren;groesseren;REVIEW;pos-mehrdeutig;;;grôz;lemma_2534;ADJ ADV GRA NOM;;Dicz sint di kinder von in iren kvnden vnd czungen vnd in iren geperungen vnd landen vnd in irn geslechten;Und von wurden geborn die veter aller kinder bruder des **grŏsseren**;Dicz sint die kinder vnd vnd vnd vnd;aller kinder bruder des **grŏsseren** Dicz sint die kinder
WZB.tei.xml;WZB_11rb_21_2;grŏsen;groesen;REVIEW;pos-mehrdeutig;;;grôz;lemma_2534;ADJ ADV GRA NOM;;Aber vnser herre sprach zu Gee aus von deinem lande vnd von deiner mageschaft vnd von dem house deines vaters Und kvm in ein lant das ich dir czeige;vnd ich wil machen dich in ein gros geslechte vnd wil **grŏsen** deinen namen vnd wirst gesegent;vnd wil gesegen den die dich gesegen vnd wil fluchen den die dir fluchen vnd in dir werden gesegent alle geslechte der erden;gros geslechte vnd wil **grŏsen** deinen namen vnd wirst
WZB.tei.xml;WZB_12rb_27_4;gegnŏten;gegnoeten;REVIEW;lemma-kein-treffer;;;;;;;Und erwelte im das reich bei dem vnd czoch von Und wurden gescheiden von ein ander ýeclicher von seinem bruder;wonte in dem lande vnd was bleibende in den **gegnŏten** bei dem vnd wonte zu;Aber die waren bŏze vnd groze svnder vor vnserm herren;was bleibende in den **gegnŏten** bei dem vnd wonte
WZB.tei.xml;WZB_13ra_32_4;hŏhsten;hoehsten;REVIEW;pos-mehrdeutig;;;hôch;lemma_2866;ADJ ADV GRA NOM;;Und aus czoch im entgegen der kunic von Do er wider quame von der Slahunge Vnd der kunige die mit im waren in dem das do heisset;Und vorwar der kvnic von brachte brot vnd wein wenne er was priester des **hŏhsten** gotis;vnd gesegent im vnd sprach Gesegent sei von dem hŏhsten gote der do hat geschep ESIS fet himel vnd erden;er was priester des **hŏhsten** gotis vnd gesegent im
WZB.tei.xml;WZB_13ra_35_0;hŏhsten;hoehsten;REVIEW;pos-mehrdeutig;;;hôch;lemma_2866;ADJ ADV GRA NOM;;Und vorwar der kvnic von brachte brot vnd wein wenne er was priester des hŏhsten gotis;vnd gesegent im vnd sprach Gesegent sei von dem **hŏhsten** gote der do hat geschep ESIS fet himel vnd erden;Und gesegent sei der hŏchste der do beschirmet wenne die veinde sint in deiner hant Und gab im den czehenden aus allem dem das er hett;Gesegent sei von dem **hŏhsten** gote der do hat
WZB.tei.xml;WZB_13rb_3_2;hŏchste;hoechste;REVIEW;pos-mehrdeutig;;;hôch;lemma_2866;ADJ ADV GRA NOM;;vnd gesegent im vnd sprach Gesegent sei von dem hŏhsten gote der do hat geschep ESIS fet himel vnd erden;Und gesegent sei der **hŏchste** der do beschirmet wenne die veinde sint in deiner hant Und gab im den czehenden aus allem dem das er hett;Aber der kunic von sprach zu Gib mir die selen das ander habe dir;Und gesegent sei der **hŏchste** der do beschirmet wenne
WZB.tei.xml;WZB_13va_31_7;vŏgil;voegil;REVIEW;lemma-kein-treffer;;;;;;;Und vnser herre antworte im Nim dir sprach er ein drei ierige ku vnd ein drei ierige czigen vnd einen wider der dreier iare alt sei ein turckel touben vnd auch ein touben;Und er hube auf dicz alles vnd teilte das in czwei vnd beide dise teil leite her gegen ein ander eines anders wenne das ander Aber die **vŏgil** teilte er nicht;Nu quame das gevŏgil auf die as vnd vorvleugte sie;das ander Aber die **vŏgil** teilte er nicht Nu
WZB.tei.xml;WZB_14va_13_4;grŏslich;groeslich;REVIEW;pos-mehrdeutig;;;grôzlich;lemma_2536;ADJ ADV;;N Noch enwirt furbas dein name nicht mer geheissen svnder du wirft geheissen wenne einen vater vil geslechte hab ich dich gesaczt;Und ich wil machen dich wachsende **grŏslich** vnd wil dich seczen in ge slechte vnd kunige werden aus dir kvmen;Und wil setczen meinen frid czwischn mir vnd dir vnd czwischen deinem samen noch dir in iren gepe rungen in ewigem fride also das ich sei dein got vnd deines samens noch dir;wil machen dich wachsende **grŏslich** vnd wil dich seczen
WZB.tei.xml;WZB_16ra_6_5;tŏtest;toetest;REVIEW;pos-mehrdeutig;;;tœten;lemma_6133;NOM VRB;;Ist das funfczig gerechte in der stat sint sullen sie GENE vorterben mit ein ander vnd wiltu nicht vortragen der stat vmb funfczig gerechte ob sie dorinne sint;Das sei von dir das du das dink tust das du **tŏtest** den gerechten mit dem vngerechten vnd das der gerechte werde als der vngerechte Das ist nicht dein der do vrteilet alle werlt Mit nichte nichte tu das gerichte;vnd vnser herre der sprach zu im Ist das ich vinde in funfczig gerechte in der mitte der stat Ich wil alle der stat durch sie;dink tust das du **tŏtest** den gerechten mit dem
WZB.tei.xml;WZB_17ra_13_5;gegrŏzet;gegroezet;ANNOTATE;;lexicon.xml#lemma_75133;VRB;grœʒen;lemma_75133;VRB;;Und sprach zu in Ich bite mein herre;wenne genade funden hat dein knecht vor dir vnd hast **gegrŏzet** dein barmherczicheit die du hast getan mit mir so das du heiltest mein sele Noch ich enmag nicht heil werden ouf dem perge das leichte mich icht begreife diese pflage vnd sterbe;Es ist hie bei ein cleine stat zu der ich gevlihen mag vnd werde heil in ir ist sie nicht wenick so nv vnd das meyn sele lebe;vor dir vnd hast **gegrŏzet** dein barmherczicheit die du
WZB.tei.xml;WZB_17rb_37_1;grŏsere;groesere;REVIEW;lemma-kein-treffer;;;;;;;Kume dan mache wir in truncken mit wein vnd slafen bei im so das wir mugen behalten den samen von vnserm vater;Und also gaben sie irem vater wein zu trincken die selbe nacht Vnd die **grŏsere** gienk ein czu dem GEN vater vnd slief mit im Und her enpfant des nicht weder do si sich zu im legte die tochter noch wenne sie von im ouf stund;Und dez andern tages sprach die grosere zu der mynnern Sich nechten hab ich geslafen mit meinem vater Gebe wir im wein czu trincken ouch dise nacht vnd slafe du mit im so das wir heil machen den samen von vnserm vater;selbe nacht Vnd die **grŏsere** gienk ein czu dem
WZB.tei.xml;WZB_18rb_35_5;hŏrt;hoert;REVIEW;pos-mehrdeutig;;;hœren;lemma_2885;INJ NOM VRB;;do er hundert iar alt was Wenne in dem alder des vaters wart geporn;Und sprach Ein gelechter hat mir got gemacht vnd wer das **hŏrt** der wirt lachen mit mir;Und aber GENE sprach sie Welcher hŏrende geloubte des das seugte einen svn den sie im gepert hat also alden;gemacht vnd wer das **hŏrt** der wirt lachen mit
WZB.tei.xml;WZB_18va_2_5;hŏrende;hoerende;REVIEW;pos-mehrdeutig;;;hœren;lemma_2885;INJ NOM VRB;;Und sprach Ein gelechter hat mir got gemacht vnd wer das hŏrt der wirt lachen mit mir;Und aber GENE sprach sie Welcher **hŏrende** geloubte des das seugte einen svn den sie im gepert hat also alden;Nu wuchs dorumbe das kint vnd wart entwenet Und machte ein grose wirtschaft an dem tage seiner entwenung;GENE sprach sie Welcher **hŏrende** geloubte des das seugte
WZB.tei.xml;WZB_20va_17_2;bŏvme;boevme;REVIEW;lemma-kein-treffer;;;;;;;Do das horte do hienk her an die wage das gelt das gevordert hette Das do horten die Uier hundert scoth silbereiner vnd vorsuchter offenbarr mvncze;Und bestetigt wart der acker der etwenne was in den do was ein czwiualdige gruft sehende gegen also wol der acker als die gruft vn̄ alle sein **bŏvme** in allen seinen enden in dem vmbringe;abraamen zu einer besiczunge das es sahen vnd alle die durch die pforten der stat giengen;gruft vn̄ alle sein **bŏvme** in allen seinen enden
WZB.tei.xml;WZB_23vb_37_0;Ŭmb;uemb;REVIEW;pos-mehrdeutig;;;umbe;lemma_6422;ADV PRP;;Nu kochte sie ein mvs Czu dem do komen was von dem acker mude;Und sprach Gib mir ouch von dem roten gekochte wenne ich bin gar mude **Ŭmb** dise geschicht wart sein GEN name geheissen;Czu dem so sprach Uorkoufe mir dein erste gepurt;ich bin gar mude **Ŭmb** dise geschicht wart sein
WZB.tei.xml;WZB_24va_12_1;mŏchte;moechte;REVIEW;pos-mehrdeutig;;;mügen;lemma_4240;VEM VRB;;Und sante noch im vnd sprach Offenbar ist das sie sei dein housvrowe worumb hast du gelogen das sie sei dein swester Er antworte Ich vorchte das ich icht sturbe durch sie;Und der sprach v Worumb hastu vns das getan Es **mŏchte** yemant ous dem volke mit deinem wibe haben vmb gegangen vnd hettest ouf vns gefurt grose svnde;Und gepot allem volke vnd sprach Wer dicz menschen housvrowe an ruret des todes wirt er sterben;vns das getan Es **mŏchte** yemant ous dem volke
WZB.tei.xml;WZB_25vb_11_8;blŏse;bloese;ANNOTATE;;lexicon.xml#lemma_9823;NOM;bloeze;lemma_9823;NOM;;Und gar gutes gewant das sie bei ir do heime hette das legte sie im an;vnd die vele von den czicklein stalte sie im vmb die hende vnd die **blŏse** des halses bedackte sie im do mite;Und gab im die spise die sie gekocht hette vnd die brot gab sie im;die hende vnd die **blŏse** des halses bedackte sie
WZB.tei.xml;WZB_26rb_5_5;ŏles;oeles;ANNOTATE;;lexicon.xml#lemma_4455;NOM;öl;lemma_4455;NOM;;Er gieng zu im vnd kuste yn Und zu hant do er enpfant des gewandes zusen ruch do gesegente her vnd sprach Secht der ruch meines kindes als der ruch eines vollen ackers Dem vnser herre hat gesegent;Gebe dir vnser herre von dem taw̆ des himels vnd von der veisticheit der erden die do genug getreides weines vnd **ŏles**;vnd die volck dienent dir Vnd dy leute dynen dir vnd dy geslecht an peten dich vnd solt sein ein herre deiner pruder Und die geslechte an beten dich vnd vor dir knien die kinder deiner muter Der dir vluchet der sei vorvlucht Der dir segent der werd mit segen erfullet;genug getreides weines vnd **ŏles** vnd die volck dienent
WZB.tei.xml;WZB_26vb_34_5;tŏch;toech;REVIEW;pos-mehrdeutig;;;ziehen;lemma_7861;NOM VRB;;vnd dorumbe rufte seinem svne vnd gesegente im vnd gebot im vnd sprach Nicht nyme dir ein housvrow von dem geslechte;sunder gee vnd czeuch in das lant in die stat zu in das hous deiner muter vater Und nym dir ein housvrow von den **tŏch** XXVIII GENE tern deines ŏhems;Got aber der almechtige der gesegen dir vnd mache dich wachsende vnd mere dich also das du werdest zu vil scharen des volkkes;ein housvrow von den **tŏch** XXVIII GENE tern deines
WZB.tei.xml;WZB_27ra_2_3;ŏhems;oehems;ANNOTATE;;lexicon.xml#lemma_4472;NOM;oeheim;lemma_4472;NOM;;vnd dorumbe rufte seinem svne vnd gesegente im vnd gebot im vnd sprach Nicht nyme dir ein housvrow von dem geslechte;sunder gee vnd czeuch in das lant in die stat zu in das hous deiner muter vater Und nym dir ein housvrow von den tŏch XXVIII GENE tern deines **ŏhems**;Got aber der almechtige der gesegen dir vnd mache dich wachsende vnd mere dich also das du werdest zu vil scharen des volkkes;XXVIII GENE tern deines **ŏhems** Got aber der almechtige
WZB.tei.xml;WZB_28ra_6_2;ŏhems;oehems;ANNOTATE;;lexicon.xml#lemma_4472;NOM;oeheim;lemma_4472;NOM;;Und noch redten sie mit ein ander Und XXIX GENE secht die quam mit ires vaters hert wenne sie hute der schaf;Do die ersach vnd woste daz sie waren geswister kint vnd die schaf seines **ŏhems** vnd wegte abe den stein mit dem der brvnne vorslossen was vnd trenkte die herte;vnd kuste sie Und si hub ouf ir stimme vnd warde weinen;vnd die schaf seines **ŏhems** vnd wegte abe den
WZB.tei.xml;WZB_28rb_12_4;blŏde;bloede;REVIEW;pos-mehrdeutig;;;blœde;lemma_764;ADJ ADV GRA NOM;;Nu hatt her czwu tochter Die groste hiesse die minner was genant;hete aber **blŏde** vnd trifende ougen was aber schonerr gestalt vnd ersamers angesichtes;Die hette lip vnd sprach Ich wil dienen vmb vmb die minneste tochter siben iar;was genant hete aber **blŏde** vnd trifende ougen was
WZB.tei.xml;WZB_28rb_34_12;gewŏnlichen;gewoenlichen;REVIEW;pos-mehrdeutig;;;gewonlich;lemma_2355;ADJ ADV;;Und des abendes sein tochter furte her im czu;vnd gab der ein mait die hies mit namen Und do bei der geslafen het als **gewŏnlichen** ist Und do es morgen wart do sach er das es was GENE;vnd sprach zu seinem sweher Hab ich dir nicht gedienet vmb worumbe hastu mir czu gelegt;der geslafen het als **gewŏnlichen** ist Und do es
WZB.tei.xml;WZB_28vb_33_4;erhŏret;erhoeret;ANNOTATE;;lexicon.xml#lemma_1576;VRB;erhoeren;lemma_1576;VRB;;vnd enpfienc vnd geperte einen svn;Und sprach Unser herre hat mir gericht vnd hat mich **erhŏret** vnd hat gegeben mir einen svn vnd dorumbe nante sie seinen namen;Und aber enpfing vnd geperte einen andern XXX c GENE svn;gericht vnd hat mich **erhŏret** vnd hat gegeben mir
WZB.tei.xml;WZB_31ra_22_3;Tŏrlichen;toerlichen;REVIEW;pos-mehrdeutig;;;tôrlich;lemma_6117;ADJ ADV GRA;;Worumbe woldestu vlihen vnwissende mir vnd woldest mir nicht sagen das ich dir noch hette gevolget mit vrowen vnd mit gesange vnd mit poucken vnd mit harpfen;Du hast nicht gehengit das ich gekust hette meine kinder vnd meine tochter **Tŏrlichen** hastu getan;Und nv mag dir mein hant hin wider getvn vbil Sunder der got deines vaters der sprach nechten zu mir Hute dich das du icht redest hertlichen czu;kinder vnd meine tochter **Tŏrlichen** hastu getan Und nv
WZB.tei.xml;WZB_31rb_2_4;tŏte;toete;REVIEW;pos-mehrdeutig;;;tœten;lemma_6133;NOM VRB;;Und antworte Das ich vnwissende dir hin geczogen bin do vorchte ich das du mir mit gewalt icht nemest deine tochter;Das du mich aber deupstrafest Bei welchem du deine SIS gŏte vindest den **tŏte** man vor vnsern brudern Suche was du vindest bei mir des deinen das nym Das sprechende enwost er nicht das hette die gŏte vorstoln;Und also gink in die geczelt vnd vnd in beider irr gesinde vnd vand nichtes nicht vnd do er in das geczelt gienk;SIS gŏte vindest den **tŏte** man vor vnsern brudern
WZB.tei.xml;WZB_31va_3_5;Ŭmb;uemb;REVIEW;pos-mehrdeutig;;;umbe;lemma_6422;ADV PRP;;Do sprach her Nicht czurne mein herre wenne ich mich gegen dir nicht ouf gerichten mag Wenne mir nach wibe siten ist nv geschehen also ist betrogen die sorge meines suchens;Und wart vnmutig vnd sprach mit czorne **Ŭmb** was schult oder vmb welche sunde bistu gegen mir enczunt;das du hast durch sucht alle meinen housrat Was hastu funden von aller deiner habe deins houses Lege das her fur deine bruder vnd vor die meinen das sie richten czwischen mir vnd dir;vnd sprach mit czorne **Ŭmb** was schult oder vmb
WZB.tei.xml;WZB_31vb_4_4;Tŏchter;toechter;ANNOTATE;;lexicon.xml#lemma_6135;NOM;tohter;lemma_6135;NOM;;Und wer nicht got meines vaters vnd die vorcht mit mir gewesen du hetest leicht nv mich blos von dir gelasen Mein vngemach vnd mein arbeit meiner hende SIS hat got angesehen vnd hat dich nechten gestrafet;Und antworte im **Tŏchter** vnd kinder vnd die hert vnd alles das du an sichst das ist mein was mag ich getvn meinen kindern vnd meinen neuen;kvme her dorumbe vnd mache wir einen friede das ein geczeugnusse sei czwischen mir vnd dir;gestrafet Und antworte im **Tŏchter** vnd kinder vnd die
WZB.tei.xml;WZB_32va_25_6;Erlŏse;erloese;ANNOTATE;;lexicon.xml#lemma_1611;VRB;erlœsen;lemma_1611;VRB;;czu wenig bin ich aller deiner barmherczicheit vnd deiner warheit die du hast volbracht deinem knechte An meinem stab bin ich gegangen vbir disen yordan vnd nv mit czwein scharen kvme ich her wider;**Erlŏse** herre mich ous den henden meines bruders wenne ich in sere vŏrchte das er leicht icht kvme vnd slahe die muter mit den kindern;Du hast gesprochen du wollest mir gutlich tvn vnd wollest meinen samen meren als den sant des meres der vor menige nicht mag geczalt werden;kvme ich her wider **Erlŏse** herre mich ous den
WZB.tei.xml;WZB_32vb_3_3;bŏcke;boecke;ANNOTATE;;lexicon.xml#lemma_784;NOM;boc;lemma_784;NOM;;Und do er die nacht al do geslief do svnderte er ous dem das er hatte gabe SIS seinem bruder;czweihundert czigen vnd czweinczig **bŏcke** Czweihundert vnd czweinczig wider;Sougende camelen mit iren keuchlein dreissick Uierczig ku vnd czweinczig ochsen Czweinczig esil vnd ir iungen czehen;czweihundert czigen vnd czweinczig **bŏcke** Czweihundert vnd czweinczig wider
WZB.tei.xml;WZB_33rb_9_3;rŏte;roete;REVIEW;pos-mehrdeutig;;;roete;lemma_10840;ADJ NOM;;Und do her sach das er in nicht vbirwinden mochte do rurte er im die ader seiner hufe vnd zu hant vordorte sie im;Und sprach zu im Las mich wenne yczunt geet ouf die morgen **rŏte** Und antworte Ich las dich nicht du gesegenst denne mir;Dorvmbe sprach er Wie ist dein name Und er antworte;geet ouf die morgen **rŏte** Und antworte Ich las
WZB.tei.xml;WZB_33rb_31_4;Ŭmb;uemb;REVIEW;pos-mehrdeutig;;;umbe;lemma_6422;ADV PRP;;Und ouf gieng zu hant die svnne do er komen was vber Her vorwar huffalczte mit dem fuze;**Ŭmb** dise sache essen nicht die adern wenne sie vordorte in der huf bis ouf disen hutigen tag Do von das er rurte die ader seiner huf Und vor GENE wunder erschrack XX;aber hub ouf sein ougen vnd sach kumende vnd mit im virhundert man vnd teilte di kinder vnd Und der czweier meide;huffalczte mit dem fuze **Ŭmb** dise sache essen nicht
WZB.tei.xml;WZB_34ra_16_2;gegnŏt;gegnoet;REVIEW;lemma-kein-treffer;;;;;;;vnd czoch in die stat der Die do ist in dem lande Noch dem do er wider kumen was von der stat vz dem lande;Und wonte bei der **gegnŏt** vnd koufte im ein teil eines ackers in dem er gestakt hette die geczelt von den kindern des vaters vmb hundert schaf;vnd richte do ouf einen alter Und rufte ouf dem an den starcken SIS got;Und wonte bei der **gegnŏt** vnd koufte im ein
WZB.tei.xml;WZB_35ra_17_1;czŏrniclichen;czoerniclichen;REVIEW;lemma-kein-treffer;;;;;;;Und ir kinder vnd ire weip furten sie hin gevangen;Do sie das volbrachten Do sprach **czŏrniclichen** czu vnd zu Betrubet habt ir mich vnd habt mich gehessick gemachet den SIS vnd den den lant leuten diser erden Unser ist wenick vnd gene werden sich sammen vnd werden mich slahen vnd werde vortilget ich vnd mein hous;Und sie antworten Nu wie sold her gebrouchen also sam einer hurn vnser swester;das volbrachten Do sprach **czŏrniclichen** czu vnd zu Betrubet
WZB.tei.xml;WZB_37rb_34_0;Hŏret;hoeret;REVIEW;pos-mehrdeutig;;;hœren;lemma_2885;INJ NOM VRB;;Und es geschach das er einen trovme der im getroumet hette sagte seinen b brudern Diser trovme was ein sache des neides groste sehunge;Und her sprach zu in **Hŏret** meinen trovm den ich GENE hab gesehen;Mich douchte wie das wir garben bunden vnd wie das sich mein garbe ouf richte vnd stunde vnd ewer garben vmbsteende an beten meine garben;her sprach zu in **Hŏret** meinen trovm den ich
WZB.tei.xml;WZB_37vb_30_6;hŏrn;hoern;REVIEW;pos-mehrdeutig;;;hœren;lemma_2885;INJ NOM VRB;;Und her antworte Meine bruder suche ich Czeige mir wo weiden sie die schaf;Und der man antworte Sie sint weck geczogen von diser stat Ich hab sie **hŏrn** sprechende Gee wir gegen czoch dorumbe noch seinen brudern Und vant sie zu;Die bruder do sie in sahen von verrens e her zu in quam do gedachten sie in zu toten;stat Ich hab sie **hŏrn** sprechende Gee wir gegen
WZB.tei.xml;WZB_38ra_4_2;tŏte;toete;REVIEW;pos-mehrdeutig;;;tœten;lemma_6133;NOM VRB;;vnd redten wech GENE silnde wider ein ander Secht der trovmer der kumet;Kvmet dan vnd **tŏte** wir in vnd lasen in in ein alde cistern vnd sprechen Ein bozes wildes tyr hat in vressen Und denne wirt scheinen was im vromen seyne trovme;Das horte vnd wolde in ledigen ous irn henden vnd sprach;kumet Kvmet dan vnd **tŏte** wir in vnd lasen
WZB.tei.xml;WZB_40ra_19_2;schŏnes;schoenes;REVIEW;pos-mehrdeutig;;;schœne;lemma_5280;ADJ ADV GRA NOM;;Und vnser herre gesegente seinem house durch vnd merte im also wol in den heusern als vf den eckern alle seine habe;Und er woste in sein selbis house anders nichtes nicht wenne das er czu sas vnd as also gar hett er das bevoln aber was **schŏnes** antliczes vnd czirlicher angesicht;Und also noch vil tagen warff die vrowe ir ougen an vnd sprach Slaf bei mir;das bevoln aber was **schŏnes** antliczes vnd czirlicher angesicht
WZB.tei.xml;WZB_40ra_24_4;bŏsen;boesen;REVIEW;pos-mehrdeutig;;;bœse;lemma_788;ADJ ADV GRA NOM;;Und also noch vil tagen warff die vrowe ir ougen an vnd sprach Slaf bei mir;Er wolde aber mit nichte gehengen den **bŏsen** vnczimlichen wercken Und sprach zu ir Sich mein herre hat mir alles sein gut bevoln vnd er en weis selber nicht was er hat in seinem house;noch es en ist nichtesnicht das nicht sei in meiner gewalt oder das er mir nicht habe bevolhen an dich wenne du bist sein h housvrowe Wie mag ich das bŏze getvn vnd gesvnden in meinen herren;mit nichte gehengen den **bŏsen** vnczimlichen wercken Und sprach
WZB.tei.xml;WZB_41rb_12_4;kŏrbe;koerbe;ANNOTATE;;lexicon.xml#lemma_3412;NOM;korp;lemma_3412;NOM;;wenne ich bin deuplichn ab getragen von der hebraischen erden Und hie vnschuldiclichen in den kercker geleget;Nu sach der pecken meister daz er den trovm vornvnfticlichn hett entslossen vnd sprach Ich hab gesehen einen trovm wie das ich hette drei **kŏrbe** meles ouf meinem houbte;Und in einem korbe der do was der allir obriste tragen allirlei spise die man machet ous bakwerk vnd sach dorous essen die vogil;das ich hette drei **kŏrbe** meles ouf meinem houbte
WZB.tei.xml;WZB_41rb_20_0;kŏrbe;koerbe;ANNOTATE;;lexicon.xml#lemma_3412;NOM;korp;lemma_3412;NOM;;Und in einem korbe der do was der allir obriste tragen allirlei spise die man machet ous bakwerk vnd sach dorous essen die vogil;antworte Das ist die ouslegunge des trovmes Drei **kŏrbe** drei tage noch sint;noch den wirt ouf heben dein houbt vnd wirt dich an ein kreucz hengen vnd die e GENE vogil werden dein vleisch zu reissen;ouslegunge des trovmes Drei **kŏrbe** drei tage noch sint
WZB.tei.xml;WZB_41va_35_4;wunderschŏne;wunderschoene;ANNOTATE;;lexicon.xml#lemma_9118;ADJ;wunderschoene;lemma_9118;ADJ;;Und anderr siben ochsen oufstunden ous dem wasser gar vngenemer vnd vorkrankt an durre vnd an mager Und giengen an einer weide an dem vber des wassers an grvnen vnd an fruchtbern stetin;vnd die selben magern ochsen die vrasen gene siben ochsen die des leibes veiste vnd **wunderschŏne** waren Nu erschrak SIS;vnd entslief wider vnd sach einen andern trovm Siben eher die wuchsen ous einem halme voller getreides vnd gar schŏner;des leibes veiste vnd **wunderschŏne** waren Nu erschrak SIS
WZB.tei.xml;WZB_42rb_4_1;ŏchsen;oechsen;ANNOTATE;;lexicon.xml#lemma_4480;NOM;ohse;lemma_4480;NOM;;vnd sach siben ochsen gar schŏner ous dem wasser steigen groses vnd vbir veistes vleisches die an der weide des pfules SIS die grvne abrupften;Und sich den selben volgten nach ander siben **ŏchsen** gar vngestalterr vnd magerr das ich ny vngestalter in lande hab gesehen;die vrassen die vordersten;volgten nach ander siben **ŏchsen** gar vngestalterr vnd magerr
WZB.tei.xml;WZB_43ra_7_0;wŏsten;woesten;REVIEW;lemma-kein-treffer;;;;;;;vnd nam das vingerlein von seiner hant vnd gab im das an seine hant vnd cleidet in mit einem sneweissen seideinen gewande vnd vm GENE legte im ein guldein golnir vmb seinen hals;Und hies in steigen ouf seinen wagen vnd noch der gewonheit schreien einen butil das sie alle vor im knyten vnd **wŏsten** in einen probst vber alle;Und der kvnig sprach zu Ich bins An dein gepot sol nymant wegen sein hant noch seinen fuz in aller erden;vor im knyten vnd **wŏsten** in einen probst vber
WZB.tei.xml;WZB_44va_20_10;tŏte;toete;REVIEW;pos-mehrdeutig;;;tœten;lemma_6133;NOM VRB;;sprach Ane kinder macht ir mich der ist nicht der leit gevangen wolt ir hin furen In mich ist alles dicz bŏze bekomen;Dem antworte Mein czwen svne die **tŏte** Ist das ich dir in nicht wider brenge Gib mirn in meyn hant vnd ich wil dirn wider antworten;Und Nicht sprach her czeucht mein svn mit euch Sein bruder ist tot Er ist alleine bliben Ist das im icht wider vert in der erden do ir hin czihet mein alden tage werdet ir mit trauren furen zu der;Mein czwen svne die **tŏte** Ist das ich dir
WZB.tei.xml;WZB_44vb_26_2;ŏrdenlich;oerdenlich;REVIEW;pos-mehrdeutig;;;ordenlich;lemma_4497;ADJ ADV;;Do sprach Czu meinem vngemache habt ir das getan das ir im habt geczeiget euch noch einen bruder haben;Und sie antworten Der mensche vragte vns **ŏrdenlich** noch ein ander noch vnserm geslechte ob der vater lebte ob wir hetten eynen bruder Dem antwort wir noch ein ander noch dem vnd er gevorschet hett Nu was mochte wir gewissen das er wurde sprechen Furet mit euch alher ewern bruder;Und der sprach zu seinem vater Las das kint mit mir so das wir czihen vnd mugen geleben das wir GENE icht sterben vnd vnser kinder;Der mensche vragte vns **ŏrdenlich** noch ein ander noch
WZB.tei.xml;WZB_46ra_33_1;bŏzes;boezes;REVIEW;lemma-kein-treffer;;;;;;;Und do sie ous der stat quamen vnd warn geczogen ein wenig furbas Do hies rufen dem schaffer seines houses vnd sprach Ste ouf vnd czeuch den mannen noch vnd vach sie vnd sprich Worumbe habt ir gegebn vbil vmb gut;Den kopf den ir habt gestoln der ist der kopf do mein herre ous trincket Und in dem er pfligt zu weissagen Gar ein **bŏzes** dinck habt ir getan;Und diser tat als er hies vnd vienk sie noch ein ander vnd sprach das;zu weissagen Gar ein **bŏzes** dinck habt ir getan
WZB.tei.xml;WZB_47va_2_5;vŏrcht;voercht;REVIEW;pos-mehrdeutig;;;vürhten;lemma_7298;NOM VRB;;Czu den sprach her senfticlichen Geet her zu mir vnd do sie nahen zu im quamen Ich bins so sprach her ewer bruder den ir vorkouft xlv GENE habt in;Nicht **vŏrcht** euch noch laset euch das nicht herte duncken das ir mich vorkouft habt in dise reich Wenne vmb ewer heil hat mich got vor euch gesant in;Wenne czwei iar ist das sich der hunger hat gehaben in der erden vnd noch funfe ander iar sint dorinne man weder geackern mag noch gesneiden;GENE habt in Nicht **vŏrcht** euch noch laset euch
WZB.tei.xml;WZB_49vb_11_1;bŏse;boese;REVIEW;pos-mehrdeutig;;;bœse;lemma_788;ADJ ADV GRA NOM;;vnd vragte von im Wie vil sint die tage der iare deines lebens;Er antworte Die tage der pilgereimunge meines lebens sint drisick vnd hundert iare vnd wenig vnd **bŏse** Und sint nicht komen bis zu den tagen meiner veter in den sie gepilgereimet haben;Und her gesegente den kvnig vnd gienk her fur;iare vnd wenig vnd **bŏse** Und sint nicht komen
WZB.tei.xml;WZB_53ra_28_0;trŏste;troeste;REVIEW;lemma-mehrdeutig;;;;lemma_6221 lemma_6223;;;Ir habit gedacht von mir bŏses vnd got hat das vorkart in gut also das her mich erhube als irs gegenn orticlichen schowet das er heil machte vil volkis;Nicht vorchtet euch ich wil euch neren vnd ewer kindlein vnd **trŏste** sie vnd sprach in lindlichen vnd gutlichen zu;Vnd wonte in mit alles seines vaters hous Und lebte czehen iar vnd hundert iare vnd sach kinder bis in die dritte geperunge Und die kinder seines svnes wurden geborn ouf SIS den knien;vnd ewer kindlein vnd **trŏste** sie vnd sprach in
WZB.tei.xml;WZB_53rb_20_4;fŭnf;fuenf;ANNOTATE;;lexicon.xml#lemma_7285;NUM;vünf;lemma_7285;NUM;;;;;do heisset Genesis der **fŭnf** buch ein ende Dornach
WZB.tei.xml;WZB_54vb_23_3;tŏch;toech;REVIEW;pos-mehrdeutig;;;ziehen;lemma_7861;NOM VRB;;vnd erhorte dise rede vnd suchte zu vorterben Der vloh von seiner angesicht vnd wonte in der erden vnd sas bei einem brvnne;Nu hatt der priester von siben **tŏch** EXO ter die quamen wasser schĕpfen vnd fulten die gerinne vnd begerten die schaf zu trenken ires vaters;Nu quamen vber sie die hierten vnd triben sie do von v vnd stund ouf vnd rett die iuncvrowen vnd trenkte in die schaf;der priester von siben **tŏch** EXO ter die quamen
WZB.tei.xml;WZB_55va_10_6;Lŏse;loese;REVIEW;lemma-mehrdeutig;;;;lemma_3818 lemma_3837;;;Nu sach vnser herre das er czoch zu sehen vnd rufte ous der mitte des pusches Der antworte Ich bin hie bei;Und vnser sprach N Nicht gee her czu **Lŏse** deine schuh von deinen fuzen wenne die stat an der du stest ist die heilige erde;Und sprach Ich bins der got deines vaters Got got vnd got vorbarge sein antlicz wenne er torste nicht sehen gegen gote;Nicht gee her czu **Lŏse** deine schuh von deinen
WZB.tei.xml;WZB_56vb_18_5;geschŏpfet;geschoepfet;REVIEW;lemma-kein-treffer;;;;;;;sprach Ich bite dich herre wenne ich bin nicht geredick von gestern vnd von egestern vnd sint dem male das du hast gesprochen zu deinem knechte ich bin gehinderter vnd tregir czungen;Und vnser herre sprach zu im Wer hat gemacht des menschen mvnt oder wer hat **geschŏpfet** den stvmmen vnd den touben den gesehenden vnd den blinden Uorwar ich;Czeuch hin dorumbe vnd ich wil sein in deinem mvnde vnd wil dich leren was du redist;mvnt oder wer hat **geschŏpfet** den stvmmen vnd den
WZB.tei.xml;WZB_57ra_6_1;gehŏrn;gehoern;REVIEW;pos-mehrdeutig;;;hœren;lemma_2885;INJ NOM VRB;;Sprich czu ym vnd secze meine wort in seinen mvnt vnd ich wil sein in deinem mvnde vnd in ienes munde vnd wil euch czeigen was ir hec dicit Jeremia ppherr EXO sullet tvn;Her wirt reden vor dich zu dem volke vnd wirt dein mvnt aber du wirdest im vorsein in den dingen die got an **gehŏrn**;Und dise rute nim in deine hant in der du czeichn tvn wirst;dingen die got an **gehŏrn** Und dise rute nim
WZB.tei.xml;WZB_58rb_4_6;gewŏnliche;gewoenliche;REVIEW;lemma-kein-treffer;;;;;;;Der sprach Ir geet musik vnd dorvmme sprechet ir Gee wir vnd opfer hic pharao facit n gere qui nt laborare ppter hoc Rex pharao con emp quod nox DUS wir vnserm herren;Geet dorvmbe vnd arbeitet Sprev gibt man euch nicht vnd die **gewŏnliche** czal der czigel die gebet;Nu sahen die prŏbste sich sein in vbel do von das man sprach zu in nichstesnicht sol gemynnert werden von den czigeln alle tage;euch nicht vnd die **gewŏnliche** czal der czigel die
WZB.tei.xml;WZB_58rb_6_3;prŏbste;proebste;REVIEW;lemma-kein-treffer;;;;;;;Geet dorvmbe vnd arbeitet Sprev gibt man euch nicht vnd die gewŏnliche czal der czigel die gebet;Nu sahen die **prŏbste** sich sein in vbel do von das man sprach zu in nichstesnicht sol gemynnert werden von den czigeln alle tage;Und giengen enkegen vnd die do stunden hinden gegen in do sie ous giengen von herren;gebet Nu sahen die **prŏbste** sich sein in vbel
WZB.tei.xml;WZB_60rb_10_5;crŏten;croeten;REVIEW;lemma-kein-treffer;;;;;;;Und vnser herre sprach zu Gee ein czu dem vnd sprich zu im Las mein volk das es mir opfer;Ist aber das du sie nicht wilt lasen sich so wil ich slahen alle deines landes ende mit **crŏten**;vnd quellen wirt das wasser crŏten die werden ouf steigen vnd werden krichen in dein hovz vnd in das leger deines bettis vnd ouf dein bette vnd in die heuser deiner knechte vnd in dein ouen vnd in die bleibelinge deiner speise;deines landes ende mit **crŏten** vnd quellen wirt das
WZB.tei.xml;WZB_60rb_12_0;crŏten;croeten;REVIEW;lemma-kein-treffer;;;;;;;Ist aber das du sie nicht wilt lasen sich so wil ich slahen alle deines landes ende mit crŏten;vnd quellen wirt das wasser **crŏten** die werden ouf steigen vnd werden krichen in dein hovz vnd in das leger deines bettis vnd ouf dein bette vnd in die heuser deiner knechte vnd in dein ouen vnd in die bleibelinge deiner speise;vnd czu dir vnd zu deinem volke vnd zu allen deinen knechten werden ein geen die krŏten;quellen wirt das wasser **crŏten** die werden ouf steigen
WZB.tei.xml;WZB_60rb_21_3;krŏten;kroeten;ANNOTATE;;lexicon.xml#lemma_3485;NOM;krote;lemma_3485;NOM;;vnd quellen wirt das wasser crŏten die werden ouf steigen vnd werden krichen in dein hovz vnd in das leger deines bettis vnd ouf dein bette vnd in die heuser deiner knechte vnd in dein ouen vnd in die bleibelinge deiner speise;vnd czu dir vnd zu deinem volke vnd zu allen deinen knechten werden ein geen die **krŏten**;Vnd toho toho toho toho EXO vnser herre sprach zu Sprich zu Recke ous dein hant vber die wasser vnd vber die brvnne vnd vber die pfuczen vnd fur ous croten ouf die;werden ein geen die **krŏten** Vnd toho toho toho
WZB.tei.xml;WZB_62va_34_3;knŏpil;knoepil;REVIEW;lemma-kein-treffer;;;;;;;Aber ich weis so das du vnd deine knechte noch nicht vorchten vnsern herren got;Aber der lein vnd die gersten was vorseret do von das die gerste grvne was vnd der lein nv **knŏpil** ous sproste;Aber der weicz vnd das DUS korn wurden nicht vorseret W wenne sie waren spetig;vnd der lein nv **knŏpil** ous sproste Aber der
WZB.tei.xml;WZB_62vb_26_3;ŏren;oeren;ANNOTATE;;lexicon.xml#lemma_4447;NOM;ôr;lemma_4447;NOM;;Und vnser herre sprach zu Gee ein czu hern wenne ich habe gehertet sein hercze vnd seiner knechte das ich meine czeichen tv an im;Das du das k kvndest in die **ŏren** deiner kinder vnd deiner kinder kinder wie ofte ich czu muschet han die Und meine czeichen die ich hab in yn getan Und wisset das ich sei der herre;Nu giengen ein dorvmme vnd zu herren vnd sprachen zu im Also spricht got herre der hebreer Worumbe wiltu mir x EXO nicht vndertenig sein Las geen mein volk das es mir opfer;k kvndest in die **ŏren** deiner kinder vnd deiner
WZB.tei.xml;WZB_64ra_2_4;vŏrdrist;voerdrist;REVIEW;lemma-kein-treffer;;;;;;;Und der sprach Opfer tyr vnd gancz enczuntes opfer wirstu vns geben die wir opfern sullen vnserm herren;Alle vnsere hert werden gen mit vns Ein kla bleibt nicht hie ous den das vns notdurft ist zu dem dienste vnsers herren EXO gotis vnd zu **vŏrdrist** wenne wir noch nicht en wissen was man sol opfern vncz bis wir zu der selben stat komen;Und vnser herre vorherte das hercze vnd her wolde sie nicht lasen;EXO gotis vnd zu **vŏrdrist** wenne wir noch nicht
WZB.tei.xml;WZB_65ra_27_3;gehŏrt;gehoert;REVIEW;pos-mehrdeutig;;;hœren;lemma_2885;INJ NOM VRB;;Siben tage sult ir essen vngesaurtes brot An dem ersten tage so sol nicht sowerteig sein in ewern heusern Welcher gesourteigtes isset des sele sol vorterben ous;Uon dem ersten tage vncz bis zu dem sibenden Der erste tag wirt heilig vnd lobsam vnd der sibende tag der selben hochczeit zu veiern wirdiclichen Nichtesnicht werkis tut an im ous genomen des das zu essen **gehŏrt** vnd halden sult ir oster brot;wenne an dem selben tage wil ich ous furen ewer her ous Und be huten vnd halten sult ir den tag yn ewern geperungen in ewigen rechten;des das zu essen **gehŏrt** vnd halden sult ir
WZB.tei.xml;WZB_66vb_34_0;lŏsen;loesen;ANNOTATE;;lexicon.xml#lemma_3837;VRB;lœsen;lemma_3837;VRB;;so saltu ous svndern alles das do ouf tut die permuter vnd das do sei das erste in deinem vihe Welcherlei du hast knechtleins geslechte das heilige vnserm herren;Das erstgeborne des esils saltu wechsiln mit einem schafe vnd ist das du das nicht wilt **lŏsen** so vorterbe es Aber alle erstegeburt des menschen ous deinen svnen die lose mit lone;Und wenne dich dein svn morgen vrogit was ist das so antworte im In starcker hant hat vns got ous gefurt von von dem house des dienstes;du das nicht wilt **lŏsen** so vorterbe es Aber
WZB.tei.xml;WZB_67ra_8_5;tŏte;toete;REVIEW;pos-mehrdeutig;;;tœten;lemma_6133;NOM VRB;;Und wenne dich dein svn morgen vrogit was ist das so antworte im In starcker hant hat vns got ous gefurt von von dem house des dienstes;wenne do nv vorhertet was herr vnd wolde vns nicht lasen do **tŏte** vnser herre alle erstegeburt in von der ersten geburt des menschen bis an die erstegeburt des vihes Dorumme opfer ich vnserm herren alle knechtels geslechte das do ouf tut die permuter vnd lose alle erstegeburt;Und dorumbe wirt als ein czeichen in deiner hant vnd als etwas angehangens zu einer gedechtnusse vnder deinen ougen Do von das in starcker hant vnser herre vns ous gefurt hat von;vns nicht lasen do **tŏte** vnser herre alle erstegeburt
WZB.tei.xml;WZB_68ra_14_3;grŏze;groeze;REVIEW;pos-mehrdeutig;;;grôz;lemma_2534;ADJ ADV GRA NOM;;Ist das nicht die rede die wir redten zu dir in sprechende Czeuch von vns so das wir dienen den M Michels bessir wer gewesen zu dienen den wenne sterben in der wustenunge;U Und sprach zu dem volke Nicht vorchtet euch Stet vnd secht die **grŏze** der wunder vnsers herren die her wirt h heute tvn Wenne die die ir y̆czunt secht mit nichte nicht werdet ir die furbas sehen ewiclich;Unser herre wirt fur euch streiten vnd ir werdet sweigen;Stet vnd secht die **grŏze** der wunder vnsers herren
WZB.tei.xml;WZB_68vb_14_2;vŏr;voer;REVIEW;pos-mehrdeutig;;;vor;lemma_7194;ADV GRA PRP;;vnd die wasser wider karten vnd bedakten die wegen vnd die reitenden vnd alles her herren das noch volgende ein geczogt was in das mer noch einer bleib nicht vber ous in;Aber czogen trucken durch die mitte des meres Und die wasser waren in **vŏr** ein mawer czu der rechten hant vnd czu der lincken;Und vnser herre lŏste an dem selben tage ous den henden der Und sie sahen die toten ouf dem vber des meres;die wasser waren in **vŏr** ein mawer czu der
WZB.tei.xml;WZB_68vb_16_6;lŏste;loeste;ANNOTATE;;lexicon.xml#lemma_3837;VRB;lœsen;lemma_3837;VRB;;Aber czogen trucken durch die mitte des meres Und die wasser waren in vŏr ein mawer czu der rechten hant vnd czu der lincken;Und vnser herre **lŏste** an dem selben tage ous den henden der Und sie sahen die toten ouf dem vber des meres;vnd die grose hant die vnser herre gevbet hette wider sie Und das volk vorchte vnsern herren vnd geloubte vnserm herren vnd seinem diener etcetera;lincken Und vnser herre **lŏste** an dem selben tage
WZB.tei.xml;WZB_68vb_30_5;gegrŏset;gegroeset;REVIEW;lemma-kein-treffer;;;;;;;vnd die grose hant die vnser herre gevbet hette wider sie Und das volk vorchte vnsern herren vnd geloubte vnserm herren vnd seinem diener etcetera;DO sanck einen newen gesanck vnd vnserm herren vnd sprachen Singe wir vnserm herren erlichen ist her **gegrŏset** das ros vnd den oufsteiger hat her geworffen in das mer;Mein stercke vnd mein lob ist mein herre vnd worden ist her mir zu heile Der ist meyn got vnd ich wil in eren got xv EXO meines vaters vnd ich wil in hoen;herren erlichen ist her **gegrŏset** das ros vnd den
WZB.tei.xml;WZB_69va_9_4;gegrŏset;gegroeset;REVIEW;lemma-kein-treffer;;;;;;;Nu nam dorumbe die weissaginne die swester in ir hant ein pouken vnd ous giengen alle vrowen noch ir scherecht mit pouken;den sank sie vor sprechende Singe wir dem herren wenne erlichn ist her **gegrŏset** Das ros vnd den oufsteiger hat her geworffen in das mer;Nu nam das volk ous dem vnd czogen in die wustenunge Und sie wanderten drei tage in der eynot vnd funden nichte wassers;wenne erlichn ist her **gegrŏset** Das ros vnd den
WZB.tei.xml;WZB_70ra_5_1;tŏpfen;toepfen;REVIEW;lemma-kein-treffer;;;;;;;Und alles volk von murmelte wider W xvi EXO vnd in der eynod;vnd zu in so sprachen O were wir tot von der hant vnsers herren in der do wir sasen ouf den **tŏpfen** vleisches vnd asen das brot in seticheit Worumb habt ir vns ein gefurt in dise wustenunge so das ir vorterbet alle dise menige hungers;Aber vnser herre sprach zu Secht ich wil euch brot regen von himel Gee ous das volk vnd cloub alle tage das sie genvk haben so das ich sie vor suche ob sie wandern in meiner e oder nicht;wir sasen ouf den **tŏpfen** vleisches vnd asen das
WZB.tei.xml;WZB_70va_16_1;stŏsil;stoesil;REVIEW;lemma-kein-treffer;;;;;;;Nu geschach das dorvmme des abendes vnd des kvniges vogil quamen gevlogen vnd bedakten ire purge vnd des morgens lag der taw in dem vmringe irr purge;vnd do her bedakt hette die gestalt der erden do erschein her in der eynode zu mulet vnd als mit einem **stŏsil** zu stosen gleich einem reif ouf der erden;Do das ersahen do sprachen sie wider ein ander Manhu das ist also vil gesprochen Was ist das Wenne sie wosten nicht was es were Czu den so sprache Das ist das brot das euch got vnser herre hat gegeben zu essen;vnd als mit einem **stŏsil** zu stosen gleich einem
WZB.tei.xml;WZB_70va_33_3;schŏffils;schoeffils;REVIEW;lemma-kein-treffer;;;;;;;Do das ersahen do sprachen sie wider ein ander Manhu das ist also vil gesprochen Was ist das Wenne sie wosten nicht was es were Czu den so sprache Das ist das brot das euch got vnser herre hat gegeben zu essen;Das ist die rede die euch gepoten hat vnser herre Cloube do von ein yeclicher also vil das her genvg habe zu essen besunderlich ein yeclich mensch die mase vol die do genant ist gomor das ist nicht vollen ein vierteil vnsers **schŏffils** noch der czal der selen die do wonen in ewern geczelten also sult ir ouf heben;Vnd DUS also taten vnd cloubten einer mere der ander mynner;vollen ein vierteil vnsers **schŏffils** noch der czal der
WZB.tei.xml;WZB_74ra_6_4;hŏrn;hoern;REVIEW;pos-mehrdeutig;;;hœren;lemma_2885;INJ NOM VRB;;do sprach her zu in Seit bereit an dem dritte tage vnd EXO nicht nehent euch ewern housvrowen;Nu was komen der dritte tag vnd der morgen was erschinen Und secht do begonde man doner zu **hŏrn** vnd plicczen begonden erschĭnen vnd ein dicke wolken bedacte den perck vnd der schal der busovnen sterclichen erschalte Nu vorchte sich das volk das do was in den purgen;Und do sie got enkegen sie ous gefurt hett von den steten der purge do stunden sie an die ende des pergis;begonde man doner zu **hŏrn** vnd plicczen begonden erschĭnen
WZB.tei.xml;WZB_75ra_2_6;vŏrchtet;voerchtet;REVIEW;pos-mehrdeutig;;;vürhten;lemma_7298;NOM VRB;;vnd sprachen zu Du rede vns zu vnd wir wolln dich hŏren Nicht rede vns vnser herre czu das wir leicht icht sterben;Und sprach tho ho bzde thoho EXO zu dem volke Nicht **vŏrchtet** euch Wenne dorumbe das euch got prufte so ist her komen vnd das sein vorchte in euch sei vnd das ir nicht svndigte;Und das volk stunt von verrens aber gink hin zu in den nebil in dem do got was;zu dem volke Nicht **vŏrchtet** euch Wenne dorumbe das
WZB.tei.xml;WZB_75rb_37_4;ŏre;oere;ANNOTATE;;lexicon.xml#lemma_4447;NOM;ôr;lemma_4447;NOM;;"vnd ist das der knecht sprichet M Meinen herren hab ich liep vnd housvrow vnd kinder Ich wil nicht ous geen vrei;";so sol in der herre opfern den gŏten vnd halde in zu der tvr vnd zu dem tvr studil Vnd durch bore im sein **ŏre** mit ei W EXO ner alen vnd wirt im ein ewiger knecht;Ist das yemant sein tochter vorkoufet czu einer dienerinne die sol nicht ous geen als ein dierne ous pfliget zu geen;durch bore im sein **ŏre** mit ei W EXO
WZB.tei.xml;WZB_76ra_12_2;hŏrnern;hoernern;REVIEW;lemma-kein-treffer;;;;;;;Und eynen czan ist das ymant ous sleht seinem knechte oder seiner meide gleicher weise sol her sie frei lasen geen;Ist das ein ochse mit den **hŏrnern** stŏset einen man oder ein vrowe so das si sterben mit steinen sol man sie erwerfen vnd sein vleisch sol man nicht essen Und der herre des ochsens bleibt vnschuldig;Ist das ein ochse horn tobig ist von gestern vnd von egestern vnd man seinen herren dorvber besworn hat noch en hat in nicht vorslossen vnd her erstŏset einen man oder eine vrowe vnd den ochsen schol man mit steinen erwerfen vnd den herren tŏten;ein ochse mit den **hŏrnern** stŏset einen man oder
WZB.tei.xml;WZB_76ra_12_3;stŏset;stoeset;REVIEW;lemma-kein-treffer;;;;;;;Und eynen czan ist das ymant ous sleht seinem knechte oder seiner meide gleicher weise sol her sie frei lasen geen;Ist das ein ochse mit den hŏrnern **stŏset** einen man oder ein vrowe so das si sterben mit steinen sol man sie erwerfen vnd sein vleisch sol man nicht essen Und der herre des ochsens bleibt vnschuldig;Ist das ein ochse horn tobig ist von gestern vnd von egestern vnd man seinen herren dorvber besworn hat noch en hat in nicht vorslossen vnd her erstŏset einen man oder eine vrowe vnd den ochsen schol man mit steinen erwerfen vnd den herren tŏten;ochse mit den hŏrnern **stŏset** einen man oder ein
WZB.tei.xml;WZB_76ra_22_5;erstŏset;erstoeset;REVIEW;lemma-kein-treffer;;;;;;;Ist das ein ochse mit den hŏrnern stŏset einen man oder ein vrowe so das si sterben mit steinen sol man sie erwerfen vnd sein vleisch sol man nicht essen Und der herre des ochsens bleibt vnschuldig;Ist das ein ochse horn tobig ist von gestern vnd von egestern vnd man seinen herren dorvber besworn hat noch en hat in nicht vorslossen vnd her **erstŏset** einen man oder eine vrowe vnd den ochsen schol man mit steinen erwerfen vnd den herren tŏten;vnd ist das im pesserunge wirt gesaczt so geb her fur sein sele was er von im heischet;nicht vorslossen vnd her **erstŏset** einen man oder eine
WZB.tei.xml;WZB_76ra_31_3;stŏsset;stoesset;REVIEW;lemma-kein-treffer;;;;;;;vnd ist das im pesserunge wirt gesaczt so geb her fur sein sele was er von im heischet;Eines svn oder eines tochter ist das her das horn **stŏsset** gleich sulchem vrteil sol her vnderligen;Ist das her einen kneht oder ein mait vorterbet dreissig scot sol her geben seinem herren Den ochsen vorwar sol man mit steinen erwer DUS fen;das her das horn **stŏsset** gleich sulchem vrteil sol
WZB.tei.xml;WZB_77va_23_1;bŏzen;boezen;REVIEW;pos-mehrdeutig;;;bœse;lemma_788;ADJ ADV GRA NOM;;Nicht neige dich in dem gerichte des armen;Fleuhe lugen Den vnschuldigen vnd den gerechten saltu nicht tŏten wenne ich wider sage dem **bŏzen**;Nicht nim gabe wenne gabe vorblenden ouch die clugen vnd vmbekeren die wort der gerechten;ich wider sage dem **bŏzen** Nicht nim gabe wenne
WZB.tei.xml;WZB_77vb_3_4;ŏlgerten;oelgerten;REVIEW;lemma-kein-treffer;;;;;;;Sechs iar besee deinen acker vnd fure zu samen dein getreide;Aber in dem sibenden iare las in vnd rven las yn so das do von essen die armen deines volkes Und was des andern sei das essen die wilt DUS der ecker Also tu in deinen weingerten vnd in deinen **ŏlgerten**;Sechs tage wirke in dem sibenden tage hŏre ouf so das dein ochse rue vnd dein esil vnd das dirkule der svn deiner dierne vnd der fremde;weingerten vnd in deinen **ŏlgerten** Sechs tage wirke in
WZB.tei.xml;WZB_78rb_6_4;stŏre;stoere;REVIEW;lemma-mehrdeutig;;;;lemma_5786 lemma_78709;;;Und vor dir wirt czihen mein engil vnd wirt dich ein furen zu dem Und DUS zu dem vnd zu dem vnd zu dem zu dem vnd zu dem Die ich wil vorterben;Nicht bete an ir gŏte noch bowe ir nicht Nicht bow̆o ir werk svnder **stŏre** sie vnd zu brich ire seulen;vnd dienet ewerm herren gote so das ich gesegen deinen broten vnd deinen wassern vnd heb ouf den sichtum von deiner mitte;bow̆o ir werk svnder **stŏre** sie vnd zu brich
WZB.tei.xml;WZB_80rb_29_5;kŏpfe;koepfe;ANNOTATE;;lexicon.xml#lemma_3405;NOM;kopf;lemma_3405;NOM;;Und lege ouf den tisch die brot des fursaczes in meiner angesichte alle czeit;Mache ouch eynen gehemerten leuchter von reinem golde seinen schaft vnd seine stengel **kŏpfe** vnd ringel vnd lilgen von im ous geende;Sechs stengil sullen von im ous geen von den seiten Drei stengil ous einer seiten vnd drei von der andern;schaft vnd seine stengel **kŏpfe** vnd ringel vnd lilgen
WZB.tei.xml;WZB_80va_10_1;kŏpfe;koepfe;ANNOTATE;;lexicon.xml#lemma_3405;NOM;kopf;lemma_3405;NOM;;Drei kopfe in der gestalt sam ein nvs an einen yclichen stengil vnd ringel e EXO vnd ouch lilgen Und glicher weise drei kopfe in der gestalt einer nvs an dem stengil vnd ringel vnd ein lilgen Das ist das werck der sechs stengel die do ous gefurt sullen werden von dem schafte;Aber an dem leuchter selben werden vir **kŏpfe** in der gestalt einer nvs vnd ringlein an yclichen vnd lilgen;Ringelein vnder czweien stengiln an dreien steten der gleichs sechse werden geende von einem schafte;leuchter selben werden vir **kŏpfe** in der gestalt einer
WZB.tei.xml;WZB_81ra_30_0;ŏrl;oerl;REVIEW;lemma-kein-treffer;;;;;;;Ous den fuge funf zu samen hinder sich Und die sechse saltu ouch gleich zu samen spannen also das du die sechste vbirdecke an der stirn des daches czwiualdigest;Mache ouch funfczig orn an dem savme einer vbirdecke das man sie mit der andern zu samen muge gefugen vnd funfczig **ŏrl** oder slingel an dem sovme der andern vbirdecke das man in mit dem andern zu samen muge gespannen;Und funfczig ereine heftel mit den man zu samen spanne die ŏrl oder die slingel so das ein vbirdecke werde ous DUS den allen;muge gefugen vnd funfczig **ŏrl** oder slingel an dem
WZB.tei.xml;WZB_81ra_36_1;ŏrl;oerl;REVIEW;lemma-kein-treffer;;;;;;;Mache ouch funfczig orn an dem savme einer vbirdecke das man sie mit der andern zu samen muge gefugen vnd funfczig ŏrl oder slingel an dem sovme der andern vbirdecke das man in mit dem andern zu samen muge gespannen;Und funfczig ereine heftel mit den man zu samen spanne die **ŏrl** oder die slingel so das ein vbirdecke werde ous DUS den allen;Das aber vbrig ist in den vbirdecken die do werden gemachet dem vbirdache das ist ein vbirdecke der do mer ist;zu samen spanne die **ŏrl** oder die slingel so
WZB.tei.xml;WZB_82rb_2_1;tŏpfe;toepfe;ANNOTATE;;lexicon.xml#lemma_6144;NOM;topf;lemma_6144;NOM;;Aber horner von den vier winkeln des alters sullen sein Und bedecke den alter mit ere;vnd mache ouch im zu dienste vnd zu hantreich DUS ereine **tŏpfe** die die asche enpfahen vnd czangen vnd crewel vnd des fewers geczeuge Alle vas smide ous ere;vnd einen rost zu gleicher weise als ein necze An des vier winkel sullen sein vir ereine ringe;zu hantreich DUS ereine **tŏpfe** die die asche enpfahen
WZB.tei.xml;WZB_82vb_26_3;stŏseln;stoeseln;REVIEW;lemma-kein-treffer;;;;;;;Alle vas des geczeldis zu allem seinem dienste vnd recht also wol sein pflokke als seine grunde;Gepeut das sie dir brengen gar clares ŏl von ŏl bovmen mit **stŏseln** zu stosen das steticlich die lucerne brinne;in dem geczelde des geczeuknusses ouserthalbe des vorhanges der do vberal ist vorgespannen dem geczeuknusse Und seczen werden sie vnd seine kinder das sie leuchten vncz bis fru vor vnserm herren Ewig wirt vbunge in ir nochkumlinge von etcetera;von ŏl bovmen mit **stŏseln** zu stosen das steticlich
WZB.tei.xml;WZB_83rb_17_4;hŏen;hoeen;REVIEW;lemma-kein-treffer;;;;;;;Aber das humeral sullen sie machen von golde vnd von seidein iacincten von purpur vnd von rotem czwir geverbet vnd von pfelle anderweit gebleichet mit mancher hande varbe geworchter kunst;Czwei zu houfgefugte seumel sol das haben in irn **hŏen** czu beiden seiten so das es zu samen kvme;Und das gewurchte vnd alles des werkis mancher hande varbe sol sein von golde vnd von seydein iacincten vnd purpur vnd von rotem czwir geverbet vnd mit czwir gebleichter pfelle;das haben in irn **hŏen** czu beiden seiten so
WZB.tei.xml;WZB_84vb_8_2;gerŏst;geroest;ANNOTATE;;lexicon.xml#lemma_13271;VRB;rœsten;lemma_13271;VRB;;Svnder vnd ouch das tu so das her mir zu der pfafheit werde geweihet Nim eyn DUS kalp von der hert vnd czwen vngemeiligte wider;vnd osterbrot Und ein vngesow̆erteigtes crustilbrot das do besprenget sei mit ŏle Und laganich osterbrot in der pfannen in ol **gerŏst**;Und mache das alles von weiczeim mele vnd lege sie in einen korp vnd opfer die;der pfannen in ol **gerŏst** Und mache das alles
WZB.tei.xml;WZB_85ra_8_6;rŏcke;roecke;ANNOTATE;;lexicon.xml#lemma_4956;NOM;roc;lemma_4956;NOM;;vnd geusse im ouf das houbt der ŏl salbunge Und also in dem selben site weihe in;Und ouch sein svne halt hin zu vnd tu in an die leinein **rŏcke**;vnd gurte mit dem gurtel vnd ouch seine svne vnd secze in ouf houben vnd werden meine pfaffen noch ewigen heiligen siten Und wenne du geweihest ire hende;in an die leinein **rŏcke** vnd gurte mit dem
WZB.tei.xml;WZB_85ra_17_3;tŏte;toete;REVIEW;pos-mehrdeutig;;;tœten;lemma_6133;NOM VRB;;so hald ouch hin zu das kalp vor das geczelt des geczeuknusse vnd vnd sein svne sullen ire hende legen ouf das houbet des kalbes;vnd **tŏte** das in der angesichte vnsers herren bei der tur des geczeldis des geczeuknusses;Und nim von dem DUS blute des kalpes vnd leg das ouf die horner des alters mit deinem vinger Das ander blut geusse nebin seinen grunt U;houbet des kalbes vnd **tŏte** das in der angesichte
WZB.tei.xml;WZB_85va_25_3;gerŏst;geroest;ANNOTATE;;lexicon.xml#lemma_13271;VRB;rœsten;lemma_13271;VRB;;so heb ouf die veisticheit von dem wider vnd den czagil vnd das veiste das do ist ouf dem vleische vnd das veiste das do ist vmb das in gesneite vnd das necze der lebern vnd die czwen niren vnd das veiste das dorumb ist Und die rechte schulder do von das es ist der wider der weihunge;vnd einen kuchen brotis vnd cruftel brot mit ŏl besprenget Und laganisch brot in ŏl **gerŏst** ous dem oster korbe das do ist gesaczt in der angesicht vnsers herren;Und secze das alles ouf die hende vnd seiner svne vnd heilige sie hebende das ouf vor vnserm herren;laganisch brot in ŏl **gerŏst** ous dem oster korbe
WZB.tei.xml;WZB_87rb_20_4;ŏlpoumen;oelpoumen;REVIEW;lemma-kein-treffer;;;;;;;sprechende Nim dir der besten smirnischen wurcze vnd ousderwelter funf hundert scot vnd cynomin halb also vil das ist czweihundert vnd funfczig scot vnd calamisch wurcze gleich also vil czweihundert vnd funfczig scot;Und cassische pfeifen funf hundert scot noch der wage des heiligtumes Und ŏl von **ŏlpoumen** ein mase die do heisset hin;Und mache heiliges ŏl der salbunge Und ein czu houfgelegte salbe noch dem wercke der salben;heiligtumes Und ŏl von **ŏlpoumen** ein mase die do
WZB.tei.xml;WZB_87va_16_1;vorstŏret;vorstoeret;REVIEW;lemma-kein-treffer;;;;;;;Menschen vleisch sol do mit nicht gesalbet werden vnd noch seiner zu houf legunge machet kein andre;Unde welcher mensch zu houfe leget ein semeliche vnd gibt do von einem fremden der wirt **vorstŏret** ous seinem volke volke;Und vnser herre sprach zu Nim dir wurcze mirre vnd oniknien wurcze v vnd galbanum des susen ruches vnd gar liechten wĭrouch gleicher wage ei DUS nes also vil als des andern;einem fremden der wirt **vorstŏret** ous seinem volke volke
WZB.tei.xml;WZB_91va_17_3;tŏchtern;toechtern;ANNOTATE;;lexicon.xml#lemma_6135;NOM;tohter;lemma_6135;NOM;;Nicht stifte friede mit den leuten der selben reiche das dir ymant rufe wenne sie vnkeuschen mit iren gŏten vnd ir bilde an beten so das du essest von irem opfer;Noch kein weip nyme nicht von iren **tŏchtern** deinen svnen das sie icht wenne sie gevnkeuschen machen ouch deine kinder vnkeuschen in ire DUS gŏte;Gegosne gŏte saltu dyr nicht machen;nyme nicht von iren **tŏchtern** deinen svnen das sie
WZB.tei.xml;WZB_91vb_19_2;lŏse;loese;REVIEW;lemma-mehrdeutig;;;;lemma_3818 lemma_3837;;;Alle knechtils geslechte das do entsleusset den bouch wirt mein ous allen tiren also wol von ochsen als von schafen alles wirt es mein;Die erste gepurt des esils lose mit einem schafe Ist aber das du nicht lones dorumme gibst so sol man es tŏten Die erst geburt deiner svne **lŏse** noch erschein in meiner angesicht nicht ler;Sechs tage soltu arbeiten an dem sibenden tage soltu ouf hŏren von ackern vnd von sneiden;erst geburt deiner svne **lŏse** noch erschein in meiner
WZB.tei.xml;WZB_92vb_25_2;Pflŏcke;pfloecke;REVIEW;lemma-kein-treffer;;;;;;;Umbhenge die turn des geczeldis mit seulen vnd seinen grunden ein vorhank zu den turn der vorlouben;**Pflŏcke** zu dem geczelde mit iren seilen;Gewant des man bedarf zu dem dienste der heilicheit Gewant des bischofs vnd seiner kinder so das sie mir der pfafheit gebrouchen;den turn der vorlouben **Pflŏcke** zu dem geczelde mit
WZB.tei.xml;WZB_93ra_12_5;gerŏte;geroete;ANNOTATE;;lexicon.xml#lemma_4963;VRB;roeten;lemma_4963;VRB;;Man vnd wip gaben dar achsil span vnd ŏrringe vnd arm gespan Alle guldeine vas zu gabe vnserm herren wart gesvndert;Wer do hatte iacinten vnd purpir vnd rotes czwir geverbet vnd pfelle vnd czigen har vnd **gerŏte** widers heute vnd iacinctisch geverbte heute;Silber vnd allerleier opferten sie vnserm herren Und sethimisch holcze in aller hande werck;vnd czigen har vnd **gerŏte** widers heute vnd iacinctisch
WZB.tei.xml;WZB_93vb_24_0;ŏrl;oerl;REVIEW;lemma-kein-treffer;;;;;;;Und ouch die andern machte her zu ein ander;Ouch machte her iacintische **ŏrl** an dem sovme eines vmmehanges zu beiden seiten Und an dem sovme des andern vmmehanges gleycher weise machte her also so das die clingel gegen ein ander quamen vnd glich zu sammen wurden gefuget;D Dorvmme gos her ouch funfczig guldeine ringel die her heste in die ŏrl der vmhenge vnd wurde ein geczelt;Ouch machte her iacintische **ŏrl** an dem sovme eines
WZB.tei.xml;WZB_93vb_34_3;ŏrl;oerl;REVIEW;lemma-kein-treffer;;;;;;;Ouch machte her iacintische ŏrl an dem sovme eines vmmehanges zu beiden seiten Und an dem sovme des andern vmmehanges gleycher weise machte her also so das die clingel gegen ein ander quamen vnd glich zu sammen wurden gefuget;D Dorvmme gos her ouch funfczig guldeine ringel die her heste in die **ŏrl** der vmhenge vnd wurde ein geczelt;Ouch machte her eilf vberdecken von czigen har zu decken das EXO dach des geczeldis;her heste in die **ŏrl** der vmhenge vnd wurde
WZB.tei.xml;WZB_94ra_11_0;ŏrl;oerl;REVIEW;lemma-kein-treffer;;;;;;;der her funf fugte zu sammen hinder sich vnd die andern sechse machte her ouch zu sammen besvnderlich;Und machte funfczig **ŏrl** an dem sovme einer vbirdecken vnd funfczig an dem seumil der andern vbirdecke so das man sie zu samen nestilte;Und funfczig ereyne heftil do mit man das dach nestilte so das ein mantil ous allen vbirdecken wurde;besvnderlich Und machte funfczig **ŏrl** an dem sovme einer
WZB.tei.xml;WZB_95ra_8_2;hŏen;hoeen;REVIEW;lemma-kein-treffer;;;;;;;Ouch machte her czwen EXO cherubin ous gehemertem golde die saczte her zu beiden seiten der gnaden tafeln;Einen cherub in der hŏe eines teiles Den andern cherub in der hŏe des andern teiles Czwen cherubin in beiden **hŏen** der gnaden tafeln;ous reckende ire flugel vnd bedeckende die genaden tafel sich selber an ein ander vnd die bet tafel an sehende;Czwen cherubin in beiden **hŏen** der gnaden tafeln ous
WZB.tei.xml;WZB_95va_11_2;hŏrnern;hoernern;REVIEW;lemma-kein-treffer;;;;;;;Ouch EXO machte her einen alter des thimiamischen puluers von sethimischem holcze der in seyner virunge zu yclicher seyten hette ein dovm elen vnd in die hŏe czwu Uon des winkeln giengen hŏrner;vnd̄ vmmelegte den mit reinem golde mit seinem roste Vnd mit wenden vnd **hŏrnern** Vnd machte im ouch ein guldein crone vm vnd vmme;vnd czwen guldeine ringe czu yclicher seiten das man do durch lase rigel das man den alter muge getragen;Vnd mit wenden vnd **hŏrnern** Vnd machte im ouch
WZB.tei.xml;WZB_95vb_2_6;tŏpfe;toepfe;ANNOTATE;;lexicon.xml#lemma_6144;NOM;topf;lemma_6144;NOM;;des hŏrner ous seinen winkeln giengen Und den bedacte her mit ereinen blechen;Und zu seinem gerete ma DUS chte her allerlei vas ereine **tŏpfe** czangen vnd crewel vnd haken vnd des few̆ers hantreichunge;Und seinen rost in der gestalt eines neczes machte her erein v vnd vnder den rost in der mitte des alters ein elterlin;her allerlei vas ereine **tŏpfe** czangen vnd crewel vnd
WZB.tei.xml;WZB_96vb_33_3;hŏen;hoeen;REVIEW;lemma-kein-treffer;;;;;;;Und czu sneit guldeine blech vnd zu dvnte sie in vedem so das man sie mochte gedringen oder gewirken oder geneen mit der vorigen varb wenil;Und czwei sevmel die zu beiden seiten in iren **hŏen** zu sammen waren gefuget;Und einen gurtel ous den selben varben als vnser herre gepoten hette;beiden seiten in iren **hŏen** zu sammen waren gefuget
WZB.tei.xml;WZB_97va_33_3;gerŏten;geroeten;ANNOTATE;;lexicon.xml#lemma_4963;VRB;roeten;lemma_4963;VRB;;Und opferten das geczelt vnd das dach vnd allen seinen bower rat Die ringe die tafeln di rigil die seulen vnd die grunde;di vbirdecken von den **gerŏten** widers heuten Und die ander vbir decke von iacincten geverbten heuten;den vor DUS hank die arche die rigel der genaden tafel;di vbirdecken von den **gerŏten** widers heuten Und die
WZB.tei.xml;WZB_98vb_8_5;vŏr;voer;REVIEW;pos-mehrdeutig;;;vor;lemma_7194;ADV GRA PRP;;wenne sie ein giengen in das geczelt des frides vnd zu traten zu dem alter als vnser herre gepoten hete;Ouch richte her ouf das groze geczelt in dem vmringe dicz geczeldis vnd des alters czihende **vŏr** in dem ein gange einen vorhang Aber do alle dink volkomen wurden;do bedakte ein gewulken das geczelt des geczeuknusses Und gotis ere erfulte das;vnd des alters czihende **vŏr** in dem ein gange
WZB.tei.xml;WZB_101ra_6_6;tŏte;toete;REVIEW;pos-mehrdeutig;;;tœten;lemma_6133;NOM VRB;;Ist das ein priester der do ist gesalbt svndet machende svnden das volk der opfer vor sein svnde IIII Levitici LEUIT ein vngemeiligtes kalp vnserm herren;Und fure das zu der tur des geczeldes des geczeuknusse vor vnserm herren vnd leg sein hant ouf sein haubt vnd **tŏte** das vor vnserm herren;vnd schepfe von dem blute des kalbes vnd trage das geczelt des geczeuknusse;ouf sein haubt vnd **tŏte** das vor vnserm herren
WZB.tei.xml;WZB_101vb_30_7;tŏte;toete;REVIEW;pos-mehrdeutig;;;tœten;lemma_6133;NOM VRB;;Und bekennet sein svnde der opfer ein vngemeiligte czige;vnd leg sein hant ouf das houbt seines opfertires das do ist vor die svnde vnd **tŏte** sie an der stat des gancz enczunten opfers;Und ouf hebe der priester von irem blute an seinem vinger vnd rure die hŏrner des alters des gancz enczvnten opfers das ander giesse LEUITICUS her an seinen grunt;vor die svnde vnd **tŏte** sie an der stat
WZB.tei.xml;WZB_102ra_14_2;tŏte;toete;REVIEW;pos-mehrdeutig;;;tœten;lemma_6133;NOM VRB;;Ist aber das von den lemmern ist sein opfertir das ist ein vngemeiligtes schaf;so lege her sein hant ouf sein houbet vnd **tŏte** das an der stat do man slahen pfligt di gancz enczunten opfertir;Und der priester neme von seinem blut mit seinem vinger vnd rure die horner des ganczenczunten opfers alter das vberige giesse her an seinen grunt;ouf sein houbet vnd **tŏte** das an der stat
WZB.tei.xml;WZB_102vb_7_0;schŏpfe;schoepfe;REVIEW;lemma-kein-treffer;;;;;;;Und ist das sein hant nicht mag geopfern czwu turkiltouben oder die czwei touben keuchel so opfer her vor die svnde semýl das czehende teil einer mase die do heisset eph Nicht tu her dor ein ŏl noch nichtesnicht w weirouches lege her dor eyn wenne es ist vmme die svnde;vnd gebe sie dem priester Der **schŏpfe** do von ein hant vol vnd vorbru das ouf dem alter zu seinem gedechtnusse;der das hat geopfert bitende vor in vnd reinigende in das vberige teil vorwar habe her zu gabe;sie dem priester Der **schŏpfe** do von ein hant
WZB.tei.xml;WZB_103vb_17_2;gerŏst;geroest;ANNOTATE;;lexicon.xml#lemma_13271;VRB;rœsten;lemma_13271;VRB;;Das ist das opfer vnd seiner svne die sie opfern sullen vnserm herren an dem tage der kresemunge Das czehende teil der mase die do heisset eph sullen sie opfern semil in ewigem opfer der heilicheit sein halben teil vru vnd sein halben teil des abendes;die do in der pfannen mit ŏl besprengt werden vnd **gerŏst** Aber opfern sol her sie warm in einen suzen ruche vnserm herren;Der priester der in die recht seines vaters ist getreten v vnd gar wirt sie vorbrant ouf dem alter;ŏl besprengt werden vnd **gerŏst** Aber opfern sol her
WZB.tei.xml;WZB_107ra_34_1;getŏtest;getoetest;REVIEW;lemma-kein-treffer;;;;;;;sprach Das ist die rede die vnser herre gepoten hat Tut das so wirt euch erscheinen sein ere;Vnd zu sprach her Trit zu zu dem alter vnd opfer vor die svnde Opfer gancz enczvntes opfer vnd bite vor dich vnd vor das volk Vnd wenne du **getŏtest** das opfertir des volkes so bite vor sie als vnser herre hat gepoten;U Und zu hant trat zu zu dem alter vnd tŏtte das kalp vmme seine svnde;volk Vnd wenne du **getŏtest** das opfertir des volkes
WZB.tei.xml;WZB_108ra_9_0;rŏcken;roecken;ANNOTATE;;lexicon.xml#lemma_4956;NOM;roc;lemma_4956;NOM;;Und rufte vnd den svnen LEUITICUS aarons vetter vnd sprach czu in Geet vnd hebt ouf ewer b bruder von der angesicht des heiligtumes vnd traget sie ous den purgen;Und endlich giengen sie vnd trugen si als sie lagen gecleidet mit leineinen **rŏcken** vnd wurfen sie hin fur als in was gepoten;Und redte zu vnd zu vnd czu seinen svnen Ewer houbt sult ir nicht entplŏssen vnd ewer gewant sult ir nicht zu reissen das ir leichte icht sterbet vnd vber alle dise schar ouf gee der czorn Ew̆er bruder vnd alles ysrahelischs hous sullen clagen das anczvnden das vnser herre hat erwekt;lagen gecleidet mit leineinen **rŏcken** vnd wurfen sie hin
WZB.tei.xml;WZB_108ra_13_4;entplŏssen;entploessen;REVIEW;lemma-kein-treffer;;;;;;;Und endlich giengen sie vnd trugen si als sie lagen gecleidet mit leineinen rŏcken vnd wurfen sie hin fur als in was gepoten;Und redte zu vnd zu vnd czu seinen svnen Ewer houbt sult ir nicht **entplŏssen** vnd ewer gewant sult ir nicht zu reissen das ir leichte icht sterbet vnd vber alle dise schar ouf gee der czorn Ew̆er bruder vnd alles ysrahelischs hous sullen clagen das anczvnden das vnser herre hat erwekt;Aber ir sult nicht ous gen vor die tur des geczeldis oder ir vorterbit Wenne das ŏl der salbunge ist ouf euch Die taten das alles noch dem gepote;houbt sult ir nicht **entplŏssen** vnd ewer gewant sult
WZB.tei.xml;WZB_108vb_7_5;mŏcht;moecht;REVIEW;pos-mehrdeutig;;;mügen;lemma_4240;VEM VRB;;Und zu vordrist dorvmme wenne von seinem blute nicht ein getragen ist in die heilikeit vnd solt sie haben gessen in der heilicheit als mir gepoten ist;Do antworte Geopfert ist heute des siges opfer tir vor die svnde vnd das gancz enczunte opfer tir vor vnserm herren Aber mir ist geschehen daz du sichst wie **mŏcht** ich sie gessen oder behagen gote in seinen hochczeitlichen rechten mit cleglichem herczen;Do das erhorte do nam her seine buze XI;daz du sichst wie **mŏcht** ich sie gessen oder
WZB.tei.xml;WZB_110va_11_0;turkiltŏubil;turkiltoeubil;REVIEW;lemma-kein-treffer;;;;;;;Der e W LEVITICUS opfert die vor vnserm herren vnd bitet vor sie vnd also so wirt sie gereinigt von dem vlusse ires blutes Das ist die der geperenden vrowen Ein knechtil oder ein meidel;Vnd ist das nicht vindet ir hant noch en mag nicht geopfern ein lamp so neme sie czwei **turkiltŏubil** oder czwei touben keuchel eines yn gancz enczuntes opfer vnd das ander vor die svnde Und biten sol vor sie der priester vnd also wirt sie gereinigt etcetera;Und XIII vnser herre redte czu vnd zu sprechende;so neme sie czwei **turkiltŏubil** oder czwei touben keuchel
WZB.tei.xml;WZB_112vb_16_3;tŏte;toete;REVIEW;pos-mehrdeutig;;;tœten;lemma_6133;NOM VRB;;so hebe her ouf ein lamp vnd opfer das vor die vorlasenheit Und einen sechster oles Und so her das alles geopfert vor vnsern herren;so **tŏte** her das lamp do man pfliget zu toten die opfer tir vor die svnde vnd das ganczenczunte opfer das ist an der heiligen stat recht als vmme die svnde als vmbe die vorlasenheit an den priester gehoret das opfer Heilicheit der heiligen ist es;Und nemen sol der priester von dem blute des opfertires das do ist getŏtet vmme die vorlasenheit vnd lege das ouf das endliste teil des rechten oren das den man reiniget vnd ouf die dovmen der rechten hant vnd des fuzes;vor vnsern herren so **tŏte** her das lamp do
WZB.tei.xml;WZB_113ra_27_0;turtiltŏubel;turtiltoeubel;REVIEW;lemma-kein-treffer;;;;;;;Und ist das her arme ist vnd sein hant nicht vinden mag das das do gesprochen so neme her ein lamp vor die vorlasenheit zu einem opfer so das vor in bite der priester vnd einen czehenden semil besprengt mit ole zu der heilicheit opfer vnd einen sechster oles;vnd czwei **turtiltŏubel** oder czwei touben keuchel Der eines sol werden vmme die svnde vnd das ander zu gancz enczuntem opfer;das opfer her an dem achten tage seiner reinigunge dem priester zu der tur des geczeldis des geczeuknusse vor vnserm herren;sechster oles vnd czwei **turtiltŏubel** oder czwei touben keuchel
WZB.tei.xml;WZB_113rb_7_6;ŏls;oels;ANNOTATE;;lexicon.xml#lemma_4455;NOM;öl;lemma_4455;NOM;;Und wenne her das lamp getŏtet so leget er von seinem blute ouf das eusriste teil seines rechten oren den man reinigt vnd ouf die dovmen seiner rechten hant vnd seines fuzes;Aber des **ŏls** ein teil tu her in seine linke hant;dor ein tvnket her den vinger seiner rechten hant vnd sprengt gegen vnserm herren siben stunt;seines fuzes Aber des **ŏls** ein teil tu her
WZB.tei.xml;WZB_113rb_19_3;ŏlis;oelis;REVIEW;lemma-kein-treffer;;;;;;;Und ruret das endliste teil seines rechten orn des den man reinigt vnd di rechten dovmen der hant vnd des fuzes an die stat des blutis das do vorgossen ist vmme die vorlasenheit;Aber das ander teil des **ŏlis** das do ist in der linken hant las er ouf das houbt des gereinigten LEUITICUS so das her bite vor in vnsern herren;Und das turtiltoubil oder das toubenkeuchil;das ander teil des **ŏlis** das do ist in
WZB.tei.xml;WZB_114ra_17_6;getŏtten;getoetten;REVIEW;pos-mehrdeutig;;;tœten;lemma_6133;NOM VRB;;vnd tote einen sperling in einem tenneinen vasse ouf lebendigen wassern;vnd heb ouf cedrein holcz vnd das rote vnd den lebendigen sperlinc vnd tvnke die alle in das blut des **getŏtten** sperlinges Und in den lebendigen wassern vnd besprenge das hous sibenstunt;vnd reinigen wirt her das also w wol in dem blute des sperlings als in den lebendigen wassern vnd in dem lebendigen vogil vnd dem cedrein holcze vnd in dem ysop vnd dem gewurmilten;in das blut des **getŏtten** sperlinges Und in den
WZB.tei.xml;WZB_116rb_10_6;wŭnschet;wuenschet;ANNOTATE;;lexicon.xml#lemma_7716;VRB;wünschen;lemma_7716;VRB;;Und wenne her gereinigt das heiligtum vnd das geczelt vnd den alter Und denne opfer er den lebendigen czigen pok;vnd lege seine peide hende ouf sein houbt vnd peichtige alle die missetat vnd alle ire vorlasenheit vnd ire svnde Die **wŭnschet** her seinem houbte vnd sendet in bei einem menschen der do zu ist bereit in die wustenunge;Und wenne der czigen pok getregt alle ire missetat in eine wŭste erde Und wirt gelasen in der wŭstenunge;vnd ire svnde Die **wŭnschet** her seinem houbte vnd
WZB.tei.xml;WZB_116rb_16_2;wŭste;wueste;REVIEW;lemma-mehrdeutig;;;;lemma_7672 lemma_7704;;;vnd lege seine peide hende ouf sein houbt vnd peichtige alle die missetat vnd alle ire vorlasenheit vnd ire svnde Die wŭnschet her seinem houbte vnd sendet in bei einem menschen der do zu ist bereit in die wustenunge;Und wenne der czigen pok getregt alle ire missetat in eine **wŭste** erde Und wirt gelasen in der wŭstenunge;so keret wider in das geczelt des geczeuknusses V e LEUITICUS Und leget abe das gewant mit dem her vor was an getan do her ein gienk in das heiligtum vnd lest die aldo;ire missetat in eine **wŭste** erde Und wirt gelasen
WZB.tei.xml;WZB_116rb_17_4;wŭstenunge;wuestenunge;ANNOTATE;;lexicon.xml#lemma_59071;NOM;wüestenunge;lemma_59071;NOM;;vnd lege seine peide hende ouf sein houbt vnd peichtige alle die missetat vnd alle ire vorlasenheit vnd ire svnde Die wŭnschet her seinem houbte vnd sendet in bei einem menschen der do zu ist bereit in die wustenunge;Und wenne der czigen pok getregt alle ire missetat in eine wŭste erde Und wirt gelasen in der **wŭstenunge**;so keret wider in das geczelt des geczeuknusses V e LEUITICUS Und leget abe das gewant mit dem her vor was an getan do her ein gienk in das heiligtum vnd lest die aldo;wirt gelasen in der **wŭstenunge** so keret wider in
WZB.tei.xml;WZB_118va_26_2;abgŏten;abgoeten;ANNOTATE;;lexicon.xml#lemma_39;NOM;abgot;lemma_39;NOM;;Ein yclicher seinen vater vnd seine muter her vŏrchte Meinen heiligen tag behutet Ich ewer herre got;Nicht ir keren sullit zu den **abgŏten** Noch machet euch gegosne gŏte Ich ewer herre got;Ist das ir tŏtet ein opfertir der fridsamen vnserm herren so das es sei beheglich;keren sullit zu den **abgŏten** Noch machet euch gegosne
WZB.tei.xml;WZB_118vb_12_2;kŏrner;koerner;ANNOTATE;;lexicon.xml#lemma_3409;NOM;korn;lemma_3409;NOM;;Wenne du sneidest die sat deiner erden nicht sneide das gar bis an den grunt der gestalt der erden noch die lebenden eher cloube nicht ouf;noch in deinem weingarten die trouben speierl vnd die ab gevallen **kŏrner** saltu nicht zusammen lesen svnder den armen vnd den pilgereimen czu essen las die Ich ewer herre gote;Ir sult nicht stelen Ir sult nicht liegen Noch ein yclicher betrige nicht seinen nehsten;vnd die ab gevallen **kŏrner** saltu nicht zusammen lesen
WZB.tei.xml;WZB_119rb_6_1;lŏblich;loeblich;REVIEW;pos-mehrdeutig;;;lobelich;lemma_3829;ADJ ADV GRA NOM;;Wenne ir ein seit geczogen in die erde vnd pelczet dor ein ŏpfil bovme so sullit ir hin tvn ire vordristen Die ŏpfil die sie euch tragen werden euch vnrein noch sult do von nicht essen;Aber in dem vierden iare alle ire fruchte sullen werden geheiligt **lŏblich** vnserm herren;Aber in dem funften iare sult ir essen die frucht vnd sammen die ŏpfil die sie tragen Ich ewer herre got;fruchte sullen werden geheiligt **lŏblich** vnserm herren Aber in
WZB.tei.xml;WZB_119rb_20_0;lŏcher;loecher;ANNOTATE;;lexicon.xml#lemma_3834;NOM;loch;lemma_3834;NOM;;Ir sult nicht scheiblecht ewern schopf besneiden noch den part bescheren;Nicht sult ir vbir die toten ewer v vleisch zu sneiden noch keiner warczeichen noch gebranter **lŏcher** an euch machen Ich herre;Nicht gib zu hurheit LEUITICUS dein tochter das icht gemeiliget werde die erde mit svnden;keiner warczeichen noch gebranter **lŏcher** an euch machen Ich
WZB.tei.xml;WZB_119va_28_0;schŏffil;schoeffil;REVIEW;lemma-kein-treffer;;;;;;;Keinerlei vngleicheit sult ir nicht tvn an den rechten an dem gewichte an der mas;Gerechte wage vnd gleich gewichte sullen sein ein gerechter **schŏffil** vnd ein gerechter sechster Ich ewer herre got der euch gefurt hat von;Behutet meyne gepot vnd meine gerichte alle vnd tut die Ich herre etcetera;sullen sein ein gerechter **schŏffil** vnd ein gerechter sechster
WZB.tei.xml;WZB_120rb_29_3;ŏhems;oehems;ANNOTATE;;lexicon.xml#lemma_4472;NOM;oeheim;lemma_4472;NOM;;"Die schemde deiner mvmen vnd deiner pasen saltu nicht enplecken; wer das tut die schemde seines vleisches hat her enplecket beide sullen sie tragen ire missetat";"Wer do preutet mit seines vettern oder mit seines **ŏhems** h housvrowe vnd enplecket die schemde seiner magschaft tragen sullen sie beide ire svnde; an kinder sullen sie sterben";Wer do seines bruders housvrowe nymet vnczimlich dink tut der die schemde seines bruders hat LEUITICUS her enplŏset ane kinder bleibn sie;vettern oder mit seines **ŏhems** h housvrowe vnd enplecket
WZB.tei.xml;WZB_120va_2_1;enplŏset;enploeset;REVIEW;lemma-kein-treffer;;;;;;;"Wer do preutet mit seines vettern oder mit seines ŏhems h housvrowe vnd enplecket die schemde seiner magschaft tragen sullen sie beide ire svnde; an kinder sullen sie sterben";Wer do seines bruders housvrowe nymet vnczimlich dink tut der die schemde seines bruders hat LEUITICUS her **enplŏset** ane kinder bleibn sie;Behutet meine recht vnd meine gerichte vnd tut die das euch icht ous werfe die erde in die ir werdet czihen vnd dorinne wonen;bruders hat LEUITICUS her **enplŏset** ane kinder bleibn sie
WZB.tei.xml;WZB_121ra_4_1;pŏze;poeze;REVIEW;lemma-kein-treffer;;;;;;;Heilig sullen sie werden irem gote vnd nicht sullen sie meiligen seinen namen Wenne den weirouch W thohe bzde thoho xxi levitici LEUITICUS des herren vnd das brot ires gotes opfern sie;Kein hure noch kein **pŏze** zu hurheit ousgesaczet sol her nicht nemen czu einer housvrowen noch die die vortriben ist von irem manne wenne her ist geweihet seinem gote;Und die brot des vorsaczes opferte her Heilig dorvmme sol her sein Wenne ich bin ouch ein heiliger herre Der euch heiligt;Kein hure noch kein **pŏze** zu hurheit ousgesaczet sol
WZB.tei.xml;WZB_121va_2_3;hŏkrecht;hoekrecht;REVIEW;lemma-kein-treffer;;;;;;;oder eines zu brochen fuzes oder einer hant;oder mit tri LEUITICUS fenden ougen oder **hŏkrecht** Ist das her hat ein vel in den ougen oder steten grint oder den trucken grint oder er sei zu rissen;Ein yclicher der do gebrechen habe von dem samen des priesters der sol nicht zu treten zu opfern opfertir vnserm herren noch die brot seinem gote;LEUITICUS fenden ougen oder **hŏkrecht** Ist das her hat
WZB.tei.xml;WZB_124ra_34_0;frŭchte;fruechte;ANNOTATE;;lexicon.xml#lemma_7273;NOM;vruht;lemma_7273;NOM;;ousgenomenlich der veier tage vnsers herren vnd ewer gaben vnd der die ir opfert von gelubde oder die ir williclichen gebet vnserm herren;"Uon dem f funfczehenden tage dorvmme des sibenden menedis wenne ir zu houfe gesamment alle **frŭchte** ewerr erden so sult ir veiern die veier czal vnserm herren siben tage An dem ersten tage vnd an dem achten tage wirt veier tag; das ist rue";Und nemen sult ir euch des ersten tages frucht eines schonen povmes vnd palmczweige vnd von povmen este dicker czweige vnd weiden von den pechen Und vrewet euch vor ewerm herren gote;zu houfe gesamment alle **frŭchte** ewerr erden so sult
WZB.tei.xml;WZB_126ra_7_0;frŭchte;fruechte;ANNOTATE;;lexicon.xml#lemma_7273;NOM;vruht;lemma_7273;NOM;;Tut meine gepot vnd meine gerichte behutet vnd erfullet die so das ir mugt gewonen in der erden an alle vorchte;vnd euch gepere die erde ir **frŭchte** der ir esset bis zu der setunge vorchtende keines gepot;Und ob ir sprechet was sulle wir essen des sibenden iares ist das wir nicht seen oder ein sammen vnser getreide;gepere die erde ir **frŭchte** der ir esset bis
WZB.tei.xml;WZB_126va_6_3;hŏue;hoeue;ANNOTATE;;lexicon.xml#lemma_2816;NOM;höuwe;lemma_2816;NOM;;Ist das si nicht gelost werden in dem gena LEVITICUS den reichen iare kvmen sie wider an die herren wenne der heuser in den steten sint vor ir erbe vnder den;Ir **hŏue** vor der stat sullen nicht vorkouft werden Wenne es ist ein ewiges erbe;Ist das dein bruder crank wirt vnd sochender hant vnd du enpfehest in sam ein nevkomen vnd sam einen pilgereime vnd lebt mit dir;erbe vnder den Ir **hŏue** vor der stat sullen
WZB.tei.xml;WZB_126va_16_6;Vŏrchte;voerchte;REVIEW;pos-mehrdeutig;;;vürhten;lemma_7298;NOM VRB;;Ist das dein bruder crank wirt vnd sochender hant vnd du enpfehest in sam ein nevkomen vnd sam einen pilgereime vnd lebt mit dir;nicht nym wucher von im mer wenne du im hast gegeben **Vŏrchte** deinen got so das geleben muge dein bruder bei dir;D Dein gelt soltu im nicht leihen ouf wucher Und des getreides vber louf soltu nicht heischen;du im hast gegeben **Vŏrchte** deinen got so das
WZB.tei.xml;WZB_126vb_35_6;lŏset;loeset;ANNOTATE;;lexicon.xml#lemma_3837;VRB;lœsen;lemma_3837;VRB;;noch der vorkoufunge mag man in gelosen Welcher do wil ous seinen brudern der loset in;vnd sein vettern vnd seines vetter kinder sein mage vnd sein gefrunter nehster Und ist das er es selbir vormag er **lŏset** sich;Achtende also vil iare LEUITICUS von der czeit seiner vorkoufunge vncz bis zu dem gnaden reichen iare Und das gelt vmme das her vorkoufet wart noch der czal der iare vnd rechnunge des dienstes ab geslagen;es selbir vormag er **lŏset** sich Achtende also vil
WZB.tei.xml;WZB_127rb_4_1;ŏpfeln;oepfeln;ANNOTATE;;lexicon.xml#lemma_261;NOM;apfel;lemma_261;NOM;;Ist das ir in meinen gepoten wandert vnd meine gepot behutet vnd tut die;So wil ich euch czeitliche regen geben vnd die erde wirt gepern ire frucht vnd die povm werden mit **ŏpfeln** erfullet;Vnd begreiffen wirt der sneidunge snit das weinlesen Und das weinlesen wirt bekvmmern das seen Und essen werdet ir ewer brot in der setunge vnd ane vorchte werdet ir wonen in ewerr erden;die povm werden mit **ŏpfeln** erfullet Vnd begreiffen wirt
WZB.tei.xml;WZB_127rb_15_6;bŏsen;boesen;REVIEW;pos-mehrdeutig;;;bœse;lemma_788;ADJ ADV GRA NOM;;Vnd begreiffen wirt der sneidunge snit das weinlesen Und das weinlesen wirt bekvmmern das seen Und essen werdet ir ewer brot in der setunge vnd ane vorchte werdet ir wonen in ewerr erden;Und fried wil ich euch geben in ewern creissen Und werdet slafen vnd keiner ist der euch wirt erschrecken Uortilgen wil ich die **bŏsen** tir die wilden Und meyn swert wirt nicht durch ewer creisse;Und iagen wert ir ewer veinde vnd werden vallen vor euch;Uortilgen wil ich die **bŏsen** tir die wilden Und
WZB.tei.xml;WZB_127vb_5_0;Ŭmme;uemme;REVIEW;pos-mehrdeutig;;;umbe;lemma_6422;ADV PRP;;Und ist das ir vorwerfet meine r recht vnd meine gerichte vorsmehet so das ir si nicht entut die von mir gesaczt sint vnd zu einem irresal furet mein gelubde;Und ich wil ouch euch das tvn Besuchen wil ich euch endlich in hunger vnd in durste die ewer ougen wirt vorterben vnd wirt ewer selen vorczern **Ŭmme** sust werdet ir seen ewren samen der von den veinden wirt gevressen;Mein anblik wil ich seczen wider euch vnd vallen werdet ir vor ewern veinden vnd werdet vnder geworfen den die euch hassen Und vlihen werdet ir so euch nymant iaget;wirt ewer selen vorczern **Ŭmme** sust werdet ir seen
WZB.tei.xml;WZB_129ra_6_6;fŭnfczig;fuenfczig;REVIEW;lemma-kein-treffer;;;;;;;Rede czu vnd sprich zu in Ein yclicher der do gelubde tut vnd gelobit xxvii levitici LEUITICUS got seine sele vnder der achte gebe her das lon;Ist das das ein knechtil ist von dem czweinczigisten iare vncz bis czu dem sechczigsten iare gebe er **fŭnfczig** scot silbers an die mase des heiligtumes;Ist es aber ein vrowe so geb sie dreissik;sechczigsten iare gebe er **fŭnfczig** scot silbers an die
WZB.tei.xml;WZB_129ra_15_6;vŏr;voer;REVIEW;pos-mehrdeutig;;;vor;lemma_7194;ADV GRA PRP;;Aber von dem funften iare v vncz bis zu dem czweinczigisten gibt das knechtil czweinczig scot vnd das meidel czehen;Von einem mened vncz bis zu dem funften iare **vŏr** das knechtil werden gegeben funf scot vor das meidil drei;Uon sechczig iaren vnd hin vber das knechtil gibt funfczehen scot das meidel czehen;zu dem funften iare **vŏr** das knechtil werden gegeben
WZB.tei.xml;WZB_129rb_27_6;schŏffeln;schoeffeln;REVIEW;lemma-kein-treffer;;;;;;;Ist aber das der der das gelobet hat wolle das losen der gebe das funfte teil der achtvnge hin vber vnd wirt haben das hous;Und ist das her den acker seiner besiczunge gelobt vnd heiligt den vnserm herren noch der mas der sat sol man achten das lon Ist das man mit dreissik **schŏffeln** beseet die erde vmb funfczig scot silbers wirt her vorkouft;Ist das her zu hant von dem gnaden reichen iare anhebende gelobt seinen acker also vil als her gegelden mag als vil achte her in;das man mit dreissik **schŏffeln** beseet die erde vmb
WZB.tei.xml;WZB_130ra_7_2;lŏsen;loesen;ANNOTATE;;lexicon.xml#lemma_3837;VRB;lœsen;lemma_3837;VRB;;Allen czehenden der erden es sei von getreide oder von povmen der ŏpfil sint vnsers herren Und die werden geheiligt;Welcher aber wŏlle **lŏsen** seinen czehenden der gebe zu ir funftes teil;Allerlei czehenden die vnder der ruten des hirtens geen des schafes vnd des ochsens vnd der czigen welches das czehende ist das wirt geheiligt vnserm herren;geheiligt Welcher aber wŏlle **lŏsen** seinen czehenden der gebe
WZB.tei.xml;WZB_130ra_15_5;pŏse;poese;REVIEW;pos-mehrdeutig;;;bœse;lemma_788;ADJ ADV GRA NOM;;Allerlei czehenden die vnder der ruten des hirtens geen des schafes vnd des ochsens vnd der czigen welches das czehende ist das wirt geheiligt vnserm herren;Nicht schol man ous lesen noch das gute noch das **pŏse** noch mit einem andern vor wechselt Und das das do vorwechsilt ist das wirt geheiligt vnserm herren vnd wirt es nicht geloset;Das sint die gepot die vnser herre gepoten h hat durch die hant zu ouff etcetera;das gute noch das **pŏse** noch mit einem andern
WZB.tei.xml;WZB_134va_4_1;geczeuknŭsse;geczeuknuesse;REVIEW;lemma-kein-treffer;;;;;;;Und die svne durch die gesinde vnd heuser irr vetir sult ir czelen;von dreissig iaren vnd hin vber vncz bis zu funfczig iaren alle die do ein geen zu NUMERI dem ampte ires dienstes czu dem gepeude des gelubdes des **geczeuknŭsse**;Das sint ire purden Tragen sullen sie tafeln des geczeldis vnd ire rigel die seulen vnd ir grunde;gepeude des gelubdes des **geczeuknŭsse** Das sint ire purden
WZB.tei.xml;WZB_135rb_9_1;vorsavmnŭsse;vorsavmnuesse;REVIEW;lemma-kein-treffer;;;;;;;Und vnser herre redte zu sprechende;Rede zu Ein man oder vrowe wenne sie tvn ous allen svnden die den leuten phlegen zu kvmen vnd mit **vorsavmnŭsse** vbir treten habn die gepot vnsers herren vnd vorlasen peichtigen;sullen sie ire svnde vnd geben wider das selbe houbt vnd das funfte teil hin vber dem in den sie habn gesundet;zu kvmen vnd mit **vorsavmnŭsse** vbir treten habn die
WZB.tei.xml;WZB_135vb_16_3;vlŭchen;vluechen;REVIEW;lemma-kein-treffer;;;;;;;Ist aber das du dich geneigt hast von deinem manne vnd bist vormeiligt vnd hast mit gelegen mit einem andern manne;den **vlŭchen** w wirstu vnder ligen Gebe dich vnser herre in den vluch vnd zu einem beispild einem yclichen in seinem volke Voulende mache her deine bruste vnd geswellende deinen bouch zu reise;Ein geen die vorvluchten wasser in deinen bouch Und dein bouch geswellende vorvoule deine brust Und antworten sol das wip amen amen;einem andern manne den **vlŭchen** w wirstu vnder ligen
WZB.tei.xml;WZB_135vb_29_3;pŭchil;puechil;REVIEW;lemma-kein-treffer;;;;;;;Ein geen die vorvluchten wasser in deinen bouch Und dein bouch geswellende vorvoule deine brust Und antworten sol das wip amen amen;Und schreiben sol der priester in ein **pŭchil** die vorvluchten vnd sol sie abtilgen mit den pittern wassern in die her die vorfluchten hat gehoufent;vnd geb ir das zu trinken Und wenne sie die getrinket;der priester in ein **pŭchil** die vorvluchten vnd sol
WZB.tei.xml;WZB_136ra_7_0;enczŭnde;enczuende;REVIEW;lemma-kein-treffer;;;;;;;so heb ouf der priester von irr hant der heilicheit opfer des hasses vi Numeri NUM vnd heb das ouf vor vnserm herren;Und also doch so das her zu dem ersten die hant vol von der heilicheit opfer ouf hebe von dem das man opfert vnd **enczŭnde** das ouf dem alter Und also gebe her dem weibe die pittern wasser;Und wenne sie die getrincket ist das sie gemeiligt ist vnd vorsmehende den man des ebrechens schuldig so durch geen sie die wasser des vluches Und mit czu blasnem bouche vorvoulet ir die brust Und werden wirt das weip in einen vluch vnd zu einem beispild allem volke;das man opfert vnd **enczŭnde** das ouf dem alter
WZB.tei.xml;WZB_136rb_19_5;weinhŭlsen;weinhuelsen;REVIEW;lemma-kein-treffer;;;;;;;von weine vnd von allem dem das do truncken mag werden vnd machen sullen sie sich enthalden Essik von weine vnd von welcherlei anders trankes vnd was ous der weintrouben gedrukt wirt sullen sie nicht trinken;"Urische weintrouben vnd trukne sullen sie nicht essen alle die tage in den sie von gelubde vnserm herren werden geheiliget; was von dem weingarten mag gesein von der welschen weinber vncz bis an die **weinhŭlsen** sullen sie das nicht essen";Alle czeit irr abscheidunge sol kein schermesser nicht geen ouf sein houbet vncz bis ouf den erfulten tak als her sich vnserm herren hat geheiligt Heilig wirt her wachsende das gehere seines houbtes alle die czeit seiner heiligunge;vncz bis an die **weinhŭlsen** sullen sie das nicht
WZB.tei.xml;WZB_136vb_22_2;ŏsterlichen;oesterlichen;REVIEW;pos-mehrdeutig;;;ôsterlîche;lemma_4451;ADJ ADV;;vnd opfer sein opfer vnserm herren ein ieriges vngemeiligtes lamp zu gancz enczvntem opfer Und ein ieriges vngemeiligtes schaf vmme die svnde Und einen vngemeiligten wider zu einem opfer tyr der friedsamen;Und eynen korp mit **ŏsterlichen** broten die do besprenget sint mit ŏle vnd vngesowerte vladen gesalbet mit ŏle vnd yclicher opfer speise;die do opfern sol der priester vor vnserm herren Und sol das machen also wol vor die svnde als zu ganczenczuntem opfer;Und eynen korp mit **ŏsterlichen** broten die do besprenget
WZB.tei.xml;WZB_137ra_29_4;tŭ;tue;REVIEW;pos-mehrdeutig;;;tuon;lemma_6301;NOM VRB;;Und neme das aber von im vnd hebe das ouf in der angesicht vnsers herren Und geheiligt werden sie des priesters recht als die brust die man hat heissen abscheiden vnd die huf Dornach mag der nazareer trinken wein;Das ist die e des nazareers so her gelobt sein opfer vnserm herren zu der czeit seiner heiligunge ousgenomenlich die das do vinden mag sein noch dem vnd her mit dem herczen gelobet hat also **tŭ** her zu der volkvmenheit seiner heiligunge;Und vnser herre redte zu sprechende;herczen gelobet hat also **tŭ** her zu der volkvmenheit
WZB.tei.xml;WZB_137va_25_0;pŭrden;puerden;ANNOTATE;;lexicon.xml#lemma_924;NOM;bürde;lemma_924;NOM;;Die andern vier wegen vnd acht ochsen gab her den svnen noch irm dienste vnd irem ampte vnder der hant svn des priesters;Aber den svnen gap her nicht wegen vnd ochsen wenne sie in der heilicheit dienen Und **pŭrden** ouf iren eigen achsiln tragen;Dorvmme opferten die fursten ir opfer vor den alter zu der weihunge des alters an dem tage als her gekresmet wart;der heilicheit dienen Und **pŭrden** ouf iren eigen achsiln
WZB.tei.xml;WZB_137vb_12_4;mŏrser;moerser;REVIEW;pos-mehrdeutig;;;morsære;lemma_26724;NOM VRB;;Und es waren dorinne ein silberein genem vas wegende dreissig vnd hundert scot ein silberein trinkvas behaldende sibenczig scot noch dem gewichte der heilicheit vnd beide voller semil besprenget mit ŏl zu dem opfer der heilikeit;Einen guldein **mŏrser** von czehen scoten voller weihrouches;einen ochsen von d den rindern vnd einen wider vnd ein ieriges lamp zu ganczenczuntem opfer;der heilikeit Einen guldein **mŏrser** von czehen scoten voller
WZB.tei.xml;WZB_138ra_14_0;mŏrserl;moerserl;REVIEW;lemma-kein-treffer;;;;;;;ein silbereine schussel von dreissig vnd hundert scoten ein silberein trinkvas das do hatte sibenczig scot noch dem gewichte der heilicheit beide voller semil besprengt mit ŏl zu der heilicheit opfer;ein guldein **mŏrserl** das do hatte czehen scot voller weihrouches;ein ochsen von den rindern vnd ein wider vnd ein ierigs lamp zu ganczenczuntem opfer;heilicheit opfer ein guldein **mŏrserl** das do hatte czehen
WZB.tei.xml;WZB_143vb_12_4;geŏltis;geoeltis;REVIEW;lemma-kein-treffer;;;;;;;Aber das man was rechte als der same corianders in der varbe als bedellisch harcz;Und das volk gienk vmme vnd cloubte das vnd zu brach das mit der mule vnd sties das in einen morser vnd cochte das ī einem topfe vnd machte dorous k kuchelin des smackes sam **geŏltis** brot;Und des nachtes wenne ouf die purge vil der taw so vil ous gleich mite das man;kuchelin des smackes sam **geŏltis** brot Und des nachtes
WZB.tei.xml;WZB_144ra_8_3;pŏsem;poesem;REVIEW;pos-mehrdeutig;;;bœse;lemma_788;ADJ ADV GRA NOM;;Uon wanne wirt mir das vleisch so das ich gebe einer sulchen menige Vor mir weinen sie sprechende Gibe vns vleisch das wir gessen NUM Alleine mag ich nicht ouf gehalden dicz volk wenne swer ist es mir;Ist aber das dich das anders dvncket so bite ich das du mich vorterbest vnd vinde gnad in deinen ougen das ich mit also vil **pŏsem** icht werde gepeinigt;Und vnser herre sprach zu Besammen mir sibenczig man von den alden die du kennest das sie die alden sint des volkes vnd meister vnd fure sie zu der tur des geczeldis des gelubdes Und mache dir di sten mit dir;ich mit also vil **pŏsem** icht werde gepeinigt Und
WZB.tei.xml;WZB_145ra_16_3;mŏrinne;moerinne;ANNOTATE;;lexicon.xml#lemma_4185;NOM;moerinne;lemma_4185;NOM;;Aber czugen sie von vnd quamen gegen vnd bliben do et cetera;Und XII vnd redten wider durch sein housvrowe die **mŏrinne** vnd sprachen;Hat nv vnser herre nvr alleine geredt durch Hat her vns nicht also wol zu geredt Do das erhorte vnser herre;durch sein housvrowe die **mŏrinne** vnd sprachen Hat nv
WZB.tei.xml;WZB_145ra_34_8;Hŏret;hoeret;REVIEW;pos-mehrdeutig;;;hœren;lemma_2885;INJ NOM VRB;;do steig vnser herre her ab in einer seule des gewulkens vnd stund in dem eingange des geczeldis vnd rufte vnd Und do sie dar giengen;do sprach her zu in **Hŏret** ERI meine rede Welcher do ist vnder euch ein prophet des herren in gesichte erscheine ich ym oder durch trevme rede ich zu im;Und sprach Und nicht ein semelicher ist als mein diener der in alle meinem house ist der getrewste;sprach her zu in **Hŏret** ERI meine rede Welcher
WZB.tei.xml;WZB_145va_5_0;tŏrlichen;toerlichen;REVIEW;pos-mehrdeutig;;;tôrlich;lemma_6117;ADJ ADV GRA;;Und do die wolken vorgienk die do was ouf dem geczelde Und secht erschein ein glenczende ousseczikeit als ein sne Und do sie an sach NUM vnd sach sie geslagen mit ousseczikeit;do sprach her zu Ich bite dich mein herre nicht sache vns zu die svnde di wir **tŏrlichen** habn begangen;das icht die werde als ein tote vnd als ein ouswurflink das do hin geworfen wirt von dem leibe seiner muter Sich yczunt ist ir vleisch halbes vressen v von der ousseczikeit;die svnde di wir **tŏrlichen** habn begangen das icht
WZB.tei.xml;WZB_148va_2_2;sŭzem;suezem;REVIEW;pos-mehrdeutig;;;süeʒe;lemma_5864;ADJ ADV GRA NOM;;Und zu den widern sol sein das opfer der heilicheit semil czweier czehenden die do besprengt sein mit ol des dritteils einer hyn;vnd opfer wein des dritteils der selben mas sol her opfern thoho bz de e NUM zu einem **sŭzem** ruche vnserm herren;Wenne du aber von ochsen machest ganczenczuntes opfer oder opfertir also das du leistest gelubde oder friedsame opfertir;e NUM zu einem **sŭzem** ruche vnserm herren Wenne
WZB.tei.xml;WZB_148va_17_2;pŏcke;poecke;REVIEW;lemma-kein-treffer;;;;;;;Also sult ir tvn;czu einem yclichen ochsen vnd wider vnd lemmer vnd **pŏcke**;also wol die in lendigen als die pilgereime;wider vnd lemmer vnd **pŏcke** also wol die in
WZB.tei.xml;WZB_149ra_15_7;wŭstnunge;wuestnunge;REVIEW;lemma-kein-treffer;;;;;;;"wenne das wort vnsers herren hat her vorsmehet vnd sein gepot hat her irre gemachet; dorvmme wirt her vortilgt vnd wirt tragen seine svnde";Und es geschach do waren in der **wŭstnunge** vnd heten funden einen menschen cloubende holcz an dem heiligen tage;vnd brachten den zu vnd zu v vnd zu aller menige;do waren in der **wŭstnunge** vnd heten funden einen
WZB.tei.xml;WZB_149va_24_5;schŏpfet;schoepfet;ANNOTATE;;lexicon.xml#lemma_5212;VRB;schepfen;lemma_5212;VRB;;Dorvmme das tut Heb ouf ein yclicher sein rouchvas du vnd alle dein rat;vnd **schŏpfet** fewer morgen vnd legt dor ouf thimiamisch puluer vor vnserm herren Und welchen her erwelet der wirt heilig Czu vil vbirhebt ir euch ir kinder;Vnd aber sprach her zu Horet ir kinder;alle dein rat vnd **schŏpfet** fewer morgen vnd legt
WZB.tei.xml;WZB_149vb_12_4;rŭfte;ruefte;REVIEW;lemma-kein-treffer;;;;;;;vnd alle deine sammenunge stet wider vnsern herren Wenne was ist so das ir murmelt wider in;Nu sante dorvmme so das her **rŭfte** vnd die svne Die antworten Wir wollen nicht kvmen;Ist nv dir das ein cleines das du vns ousgefurt hast von der erden die do vleuset mit milch vnd mit honigseim so das du vns tŏttest in der wŭstenunge vnd wurdest vber vns herschen NUM;dorvmme so das her **rŭfte** vnd die svne Die
WZB.tei.xml;WZB_149vb_17_7;tŏttest;toettest;REVIEW;pos-mehrdeutig;;;tœten;lemma_6133;NOM VRB;;Nu sante dorvmme so das her rŭfte vnd die svne Die antworten Wir wollen nicht kvmen;Ist nv dir das ein cleines das du vns ousgefurt hast von der erden die do vleuset mit milch vnd mit honigseim so das du vns **tŏttest** in der wŭstenunge vnd wurdest vber vns herschen NUM;Werlicher dinge ein gefuret hastu vns in die erde die do vleŭset mit pechen milch vnd honigseimes vnd hast vns gegeben erbe ecker vnd weingerten oder wiltu vns ouch die ous graben Wir wollen nicht komen;so das du vns **tŏttest** in der wŭstenunge vnd
WZB.tei.xml;WZB_149vb_18_2;wŭstenunge;wuestenunge;ANNOTATE;;lexicon.xml#lemma_59071;NOM;wüestenunge;lemma_59071;NOM;;Nu sante dorvmme so das her rŭfte vnd die svne Die antworten Wir wollen nicht kvmen;Ist nv dir das ein cleines das du vns ousgefurt hast von der erden die do vleuset mit milch vnd mit honigseim so das du vns tŏttest in der **wŭstenunge** vnd wurdest vber vns herschen NUM;Werlicher dinge ein gefuret hastu vns in die erde die do vleŭset mit pechen milch vnd honigseimes vnd hast vns gegeben erbe ecker vnd weingerten oder wiltu vns ouch die ous graben Wir wollen nicht komen;vns tŏttest in der **wŭstenunge** vnd wurdest vber vns
WZB.tei.xml;WZB_150ra_4_0;vleŭset;vleueset;REVIEW;lemma-kein-treffer;;;;;;;Ist nv dir das ein cleines das du vns ousgefurt hast von der erden die do vleuset mit milch vnd mit honigseim so das du vns tŏttest in der wŭstenunge vnd wurdest vber vns herschen NUM;Werlicher dinge ein gefuret hastu vns in die erde die do **vleŭset** mit pechen milch vnd honigseimes vnd hast vns gegeben erbe ecker vnd weingerten oder wiltu vns ouch die ous graben Wir wollen nicht komen;Und gar czornig wart vnd sprach zu vnserm herren Nicht sich zu irr heilicheit opfer du weisest das ich noch kein esil ny von in hab genomen Noch hab gepflaget ir ny keinen;die erde die do **vleŭset** mit pechen milch vnd
WZB.tei.xml;WZB_150vb_15_2;tŏden;toeden;REVIEW;lemma-mehrdeutig;;;;lemma_6118 lemma_6133;;;Gepeut dem svne des priesters so das her ouf heb die rouchvas die do ligen in der brunst vnd das fewer zu strewe hin vnd her wenne sie sint geheiligt;in den **tŏden** der svnder vnd zu hemer sie in blech vnd hefte sie an den alter do von das in in geopfert ist weirouch vnserm herren vnd geheiligt sint so das sie sie an schowen zu einem czeichen vnd zu einem gedechtnusse;Nu brachte dorvmme der priester die ereine rouchvas in den sie geopfert heten die die das anczunden hette vressen Und zu hemerte die in blech vnd hefte sie an den alter;sint geheiligt in den **tŏden** der svnder vnd zu
WZB.tei.xml;WZB_151ra_20_1;schŏpfe;schoepfe;REVIEW;lemma-kein-treffer;;;;;;;Czihet wek ous der mitte diser menige ouch nv wil ich sie vortilgen Und sie lagen ouf der erden;Do sprach czu Heb ouf das rouchvas vnd **schŏpfe** fewer von dem alter vnd lege weirouch dorouf vnd czeuch endlichen zu dem volke so das du bitest vor sie wenne yczunt ist ous gegangen der czorn von vnserm herren vnd sein pflage hat ergremset;Und do das getan hette vnd was geloufen in die mitte der menige die nv vorwuste das fewer do opferte her thimiamischen weirouch;ouf das rouchvas vnd **schŏpfe** fewer von dem alter
WZB.tei.xml;WZB_151va_25_0;Uŏr;uoer;REVIEW;lemma-kein-treffer;;;;;;;des andern tagis quam her wider vnd vant das gegrunet hett die rute in dem house vnd het gewunnen knopfel vnd ousgesprosset blute vnd ire pletir breite sie vnd entwarf sich in mandil kern;**Uŏr** trug dorvmme alle ruten von der angesichte vnsers herren zu allen k vnd sie sahen es vnd namen ycliche ire ruten;Und vnser herre sprach zu Trag wider die rute in das geczelt des geczeuknusses so das sie behalden werde zu einem czeichen der widertraczenden ERI vnd ouf horen ire clage von mir das sie icht sterben;sich in mandil kern **Uŏr** trug dorvmme alle ruten
WZB.tei.xml;WZB_152va_5_5;lŏsunge;loesunge;ANNOTATE;;lexicon.xml#lemma_12150;NOM;lôsunge;lemma_12150;NOM;;Welcherlei gepurt alles vleisches zu dem ersten vleuset ous dem bouche di man opfert vnserm herren es sei von leuten oder von vihen deinem rechten wirt das Also nvr doch so das NUM du vor die erste gepurt des menschen lon nemest Und ein yclich tir das do vnrein ist heisest losen;Des **lŏsunge** sol werden noch einem mened funf scot silbers an dem gewichte des heiligtumes Eyn scot hat czweinczig helblinge;Aber die erste gepurt des ochsens vnd des schafes soltu nicht heissen lŏsen wenne geheiligt sint sie vnserm herren Ir blut geusse nvr ouf den alter Und die veistikeit enczunde in einem sŭzen ruche vnserm herren;ist heisest losen Des **lŏsunge** sol werden noch einem
WZB.tei.xml;WZB_152va_12_2;lŏsen;loesen;ANNOTATE;;lexicon.xml#lemma_3837;VRB;lœsen;lemma_3837;VRB;;Des lŏsunge sol werden noch einem mened funf scot silbers an dem gewichte des heiligtumes Eyn scot hat czweinczig helblinge;Aber die erste gepurt des ochsens vnd des schafes soltu nicht heissen **lŏsen** wenne geheiligt sint sie vnserm herren Ir blut geusse nvr ouf den alter Und die veistikeit enczunde in einem sŭzen ruche vnserm herren;Das vleisch vorwar an dein notdurft sol gevallen als die heilige brust vnd die rechte schulder werden sie dein;schafes soltu nicht heissen **lŏsen** wenne geheiligt sint sie
WZB.tei.xml;WZB_152va_16_3;sŭzen;suezen;REVIEW;lemma-mehrdeutig;;;;lemma_5864 lemma_5865;;;Des lŏsunge sol werden noch einem mened funf scot silbers an dem gewichte des heiligtumes Eyn scot hat czweinczig helblinge;Aber die erste gepurt des ochsens vnd des schafes soltu nicht heissen lŏsen wenne geheiligt sint sie vnserm herren Ir blut geusse nvr ouf den alter Und die veistikeit enczunde in einem **sŭzen** ruche vnserm herren;Das vleisch vorwar an dein notdurft sol gevallen als die heilige brust vnd die rechte schulder werden sie dein;veistikeit enczunde in einem **sŭzen** ruche vnserm herren Das
WZB.tei.xml;WZB_153ra_6_9;schŏnste;schoenste;REVIEW;pos-mehrdeutig;;;schœne;lemma_5280;ADJ ADV GRA NOM;;ousgescheiden sullen sie alle werden gar gut vnd ous erwelt;vnd sprich zu in Ist das ir das **schŏnste** vnd das peste opfert ous des czehenden wirt es euch geachtet recht sam ir von den tennen vnd von den pressen hett gegeben erstlinge;Vnd essen werdet ir sie in alle ewren steten also wol ir als ewer gesinde wenne es ist das lon vmme den dienst den ir dienet in dem geczelde des geczeuknusse;Ist das ir das **schŏnste** vnd das peste opfert
WZB.tei.xml;WZB_153ra_35_4;tŏte;toete;REVIEW;pos-mehrdeutig;;;tœten;lemma_6133;NOM VRB;;Das ist das geistliche d dienst des siges opfer tyres das vnser herre gesaczt hat Gepeut so das sie dir zu furen ein rote kv eines ganczen iares an der kein meil ist vnd die noch nicht iochs hab getragen;"vnd gib die dem priester; der fure sie ous den purgen vnd **tŏte** die in alles volkes angesicht";vnd ERI tvnke den vinger in ir blut vnd sprenge zu siben malen gegen der tur des geceldis;ous den purgen vnd **tŏte** die in alles volkes
WZB.tei.xml;WZB_153va_5_4;schŭten;schueten;REVIEW;pos-mehrdeutig;;;schüten;lemma_5328;NOM VRB;;Und iener der sie hat vorbrant der sol waschen sein gewant vnd seinen leip vnd wirt NVM vnrein bis zu abende;Aber zu samen sol clouben ein reiner man die aschen von der ku vnd sol sie **schŭten** ouserhalb den purgen an ein gar reine stat so das sie sint der menige in ein hute vnd in ein sprengwasser Wenne vmme die svnde ist die ku vorbrant;Und wenne der sein gewant gewescht der der ku aschen hat getragen vnrein wirt her bis zu abende Haben werden das vnd die kvmen die do wonen vnder in heilig in ewigem rechten;ku vnd sol sie **schŭten** ouserhalb den purgen an
WZB.tei.xml;WZB_154rb_4_2;pŏse;poese;REVIEW;pos-mehrdeutig;;;bœse;lemma_788;ADJ ADV GRA NOM;;Worvmme habt ir die samenunge vnsers herren ous gefurt in die wustenunge so das ouch wir vnd vnser vich sterben;"Worvmme habt ir ERI vns heissen ouf czihen von vnd habt vns gefurt an die **pŏse** stat die man nicht geern mag; die wedir veigen gepirt noch wein noch granat ŏpfel vnd vberal nicht wassers hat zu trinken";vnd vnd liessen die menige vnd giengen ein in das geczelt des frides vnd vilen neigende ouf die erde vnd schriren zu vnserm herren vnd sprachen Herre got erhore das geschrei dicz volkis vnd tu in ouf deinen hort den brvnne des lebendigen wassers so das sie gesetit werden vnd ouf hore ir murmelunge Und vnsers herren ere erschein vber sie;vns gefurt an die **pŏse** stat die man nicht
WZB.tei.xml;WZB_154rb_7_0;ŏpfel;oepfel;ANNOTATE;;lexicon.xml#lemma_261;NOM;apfel;lemma_261;NOM;;Worvmme habt ir die samenunge vnsers herren ous gefurt in die wustenunge so das ouch wir vnd vnser vich sterben;"Worvmme habt ir ERI vns heissen ouf czihen von vnd habt vns gefurt an die pŏse stat die man nicht geern mag; die wedir veigen gepirt noch wein noch granat **ŏpfel** vnd vberal nicht wassers hat zu trinken";vnd vnd liessen die menige vnd giengen ein in das geczelt des frides vnd vilen neigende ouf die erde vnd schriren zu vnserm herren vnd sprachen Herre got erhore das geschrei dicz volkis vnd tu in ouf deinen hort den brvnne des lebendigen wassers so das sie gesetit werden vnd ouf hore ir murmelunge Und vnsers herren ere erschein vber sie;noch wein noch granat **ŏpfel** vnd vberal nicht wassers
WZB.tei.xml;WZB_154va_17_4;mŭge;muege;REVIEW;pos-mehrdeutig;;;mügen;lemma_4240;VEM VRB;;Nu name dorvmme die rute die do was in der angesicht vnsers herren als her im gepot;vnd sammete die menige vor den stein vnd sprach zu in Horet ir wider krigenden vnd ir vngeloubigen wenne ous dem steine **mŭge** wir euch ousgefuren wasser;Und do hette ouf gehabn sein hant slahende mit der ruten czwir den kislink do giengen dorous gar mildicliche wasser also das das volk tranck vnd das vich;wenne ous dem steine **mŭge** wir euch ousgefuren wasser
WZB.tei.xml;WZB_155vb_8_0;stŭrben;stuerben;REVIEW;pos-mehrdeutig;;;sterben;lemma_5752;NOM VRB;;Vnd sie czogen von dem perge durch den weck der do furet zu so das sie vmme czogen die erde ERI Und vordriessen wart das volke des wegis vnd der arbeite;Und wart redende wider vnsern herren vnd vnd sprach Worvmme hastu vns ous gefurt von so das wir **stŭrben** in der wustenunge Brotes ist nicht nicht sint v wasser Unserr sele wullet nv vbir dise aller leichste speise;Umme dicz dink sante vnser herre in das volk fewereine natern Uon derlei pflagen vnd mancher tode;von so das wir **stŭrben** in der wustenunge Brotes
WZB.tei.xml;WZB_157rb_9_4;vlŭche;vlueche;REVIEW;lemma-kein-treffer;;;;;;;Nv sante her dorvmme poten zu dem czouberer dem svne der do was wonhaft ouf dem wasser der erden so das sie im ruften vnd sprechen Sich ousgeczogen ist das volk von das bedeckit die angesicht der erden siczenden wider mich;Kvme dorvmme vnd vluche ERI dem volke das sterker ist wenne ich ob ich sie mit keinerlei siten muge geslahen vnd das ousgetreiben muge ous meinem lande Wenne ich weis das her gesegent ist wem du gesegenst vnd vorvluchet in den du **vlŭche** h houfenst;Nu czogen die alden von vnd die grosen der gepurt des landes habende der weissagunge lon in den henden Und do sie quamen zu vnd hatten im gekvndigt alle wort;vorvluchet in den du **vlŭche** h houfenst Nu czogen
WZB.tei.xml;WZB_158ra_23_2;erslŭge;ersluege;ANNOTATE;;lexicon.xml#lemma_1648;VRB;erslahen;lemma_1648;VRB;;Und vnser herre tat ouf der eslinne mvnt vnd die sprach Was hab ich dir getan sich worvmme slehstu mich zu dem dritten male;Do antworte Dorvmme das du es hast vordienet vnd hast mich vorspot O vnd hette ich ein swert so das ich dich **erslŭge**;Und die eslinne sprach Bin ich nicht dein tir ouf dem du stetlich hast gewont zu siczen vncz bis ouf den heutigen tack Sage was ich dir y hab semeliches getan Und diser sprach Nie nichtes;so das ich dich **erslŭge** Und die eslinne sprach
WZB.tei.xml;WZB_158va_14_5;fŭrt;fuert;REVIEW;lemma-mehrdeutig;;;;lemma_7283 lemma_7324;;;Und do der kvnig geslagen hette schaf vnd rinder do sante er gabe zu vnd den fursten die mit im waren;vnd do es morgen wart do **fŭrt** er in zu Und her blickte an das eusriste teil des volkis etcetera;Und sprach zu Stifte mir siben alter vnd bereite als manch kalp vnd wider in der selben czal;es morgen wart do **fŭrt** er in zu Und
WZB.tei.xml;WZB_159ra_11_3;mŏcht;moecht;REVIEW;pos-mehrdeutig;;;mügen;lemma_4240;VEM VRB;;Uon den hŏchsten werde ich in sehen vnd von hubeln werde ich in spehen Das volke alleine wirt wonen vnd vnder den heiden wirt es nicht geachtet;Wer **mŏcht** geczelen den stoup vnd wissen die czal des geslechtes Sterb mein sele des todis der gerechten vnd mein leczten werden der gleich;Und sprach zu Was ist das du tust Das du vorvluchtest meinen veinden hab ich dir geruft vnd do wider gesegenst in;es nicht geachtet Wer **mŏcht** geczelen den stoup vnd
WZB.tei.xml;WZB_159vb_15_2;hŏrer;hoerer;ANNOTATE;;lexicon.xml#lemma_20910;NOM;hoerære;lemma_20910;NOM;;Und nam ein beispel vnd sprach Gesprochen hat der svn Gesprochen hat der mensch des ouge ist vorstopfet;Gesprochen hat der **hŏrer** der rede gotis der die gesichte des almechtigen hat an gesehen der do vellet vnd also werden sein ougen ouf getan;Ey wie schŏne sint deine buden vnd deine geczelt;vorstopfet Gesprochen hat der **hŏrer** der rede gotis der
WZB.tei.xml;WZB_161rb_2_6;getŏtit;getoetit;REVIEW;lemma-kein-treffer;;;;;;;vnd wirt also wol im als seinem samen fride der ewigen priesterschaft wenne her hat geczurnet vmme seinen got vnd hat gereiniget die svnde;Aber der name des israhelisch ERI en mannes der do wart **getŏtit** mit der madianitinne was der svn furste von der magschaft vnd von dem geslechte;Vorwar das madianitische wip die mit im vorterbet wart hies die tochter des edilsten fursten von;mannes der do wart **getŏtit** mit der madianitinne was
WZB.tei.xml;WZB_164ra_5_4;Ŭmme;uemme;REVIEW;pos-mehrdeutig;;;umbe;lemma_6422;ADV PRP;;vnd gib im die gepot das si es alle sehen vnd einen teil deiner eren so das in hŏre alle sammenunge;**Ŭmme** das ist das ichtesicht zu tvn wirt so rat vrage der priester den herren Czu seinem wort sol her ous geen vnd ein geen her vnd alle mit im vnd die ander menige;tat als im vnser herre het gepoten Und do her brachte do stalte her in vor den priester vnd vor alle samenunge des volkis;in hŏre alle sammenunge **Ŭmme** das ist das ichtesicht
WZB.tei.xml;WZB_173ra_5_3;vlŭchtigen;vluechtigen;REVIEW;lemma-kein-treffer;;;;;;;Gegen orient czwei tousent dovm elen werden vnd gegen mittem tage ouch czwei tovsent Vnd gegen dem mere das do sicht gegen westen wirt die selbe mas vnd das norden teil semliches cziles wirt Und die stete werden in der mitte vnd NUM ouswendig die vorstat;"Aber von den steten die ir gebt den werden sechs gesundert zu freivnge den **vlŭchtigen** so das vlihe dorczu der do vorgeuset blut Und ous gemenlich der anderr czwuvnd virczig stete;";das ist mit ein ander acht vnd vierczik mit iren vorsteten;gesundert zu freivnge den **vlŭchtigen** so das vlihe dorczu
WZB.tei.xml;WZB_173ra_29_4;frŭnt;fruent;ANNOTATE;;lexicon.xml#lemma_7246;NOM;vriunt;lemma_7246;NOM;;so betrachtet welche stete sullen sein zu beschirmvnge den vluchtigen die do vngerne blut vorgiessen;In die wenne der vluchtige vleuhet der **frŭnt** des vorderbten mag in nicht getoten vncz bis her gesteet in die angesicht der menige vnd sein sache werde gevrteilet;Aber von den selben steten die zu beschirmvnge den vluchtigen werden ous ERI gesundert;der vluchtige vleuhet der **frŭnt** des vorderbten mag in
WZB.tei.xml;WZB_173va_2_4;tŏten;toeten;REVIEW;pos-mehrdeutig;;;tœten;lemma_6133;NOM VRB;;Ist das her mit dem holcze geslagen vortirbet mit des slahers blut wirt her gerochen;"Der nehste des ersla W e NUM gen sol den manslechtigen **tŏten** zu hant; so her in begreifet sol her in vorterben";Ist das ymant durch hasse an einen menschen slecht oder etwas an in wirfet durch lage;"gen sol den manslechtigen **tŏten** zu hant; so her"
WZB.tei.xml;WZB_173va_37_2;vlŭchtige;vluechtige;REVIEW;lemma-kein-treffer;;;;;;;vnd wirt do geslagen von dem der do recher ist des blutes an schuld wirt der der in vorterbit;Wenne es solde der **vlŭchtige** vncz bis ERI an den tot des bischoues in der stat sein gesessen Aber wenne der selbe stirbet so sol der man slechtige wider keren in sein erde;Dise werden ewige vnd eliche recht in allen ewern wonungen;Wenne es solde der **vlŭchtige** vncz bis ERI an
WZB.tei.xml;WZB_173vb_17_2;mŭgen;muegen;REVIEW;pos-mehrdeutig;;;mügen;lemma_4240;VEM VRB;;"N Nicht nemet gelt vor in der do schuldig ist des blutes; Czu hant sol her ouch sterbn";Die vortribnen vnd die vluchtigen vor dem tode des bischofes mit nichte **mŭgen** gekeren wider in ir stete;Nicht vormeiligt die erde ewerr wonunge die mit vnschuldigem blute wirt gemeiliget noch anders mag sie nicht gereinigt werden denne mit des blute der des andern blut vorgeusset;des bischofes mit nichte **mŭgen** gekeren wider in ir
WZB.tei.xml;WZB_176ra_11_1;bŏsen;boesen;REVIEW;pos-mehrdeutig;;;bœse;lemma_788;ADJ ADV GRA NOM;;Und do der herre erhorte die stimme ewer rede czornig swur her vnd sprach;Nicht wirt sehen keiner von leuten dicz **bŏsen** geslechtes die gute erde die ich vnder dem eide gelobt hab ewern vetern;an den svn Wenne diser wirt sie sehen vnd dem wil ich geben die erde die her hat getreten vnd seinen svnen Wenne her hat noch gevolgt dem herren;keiner von leuten dicz **bŏsen** geslechtes die gute erde
WZB.tei.xml;WZB_176ra_31_0;wŭrden;wuerden;REVIEW;pos-mehrdeutig;;;werden;lemma_7489;VEX VRB;;svnder der svn nvn dein diener diser wirt ein czihen vor dich Den halde an mit lere vnd sterke ouch wirt in dem los teilen die erde;E Ewer kinder von den ir gesprochen habt so das sie gevangen **wŭrden** gefurt vnd ew̆er svne die heute nicht w wissen die vnderscheide des guten vnd des bosen werden hin ein czihen vnd in wil ich geben die erde vnd si wer NOMIUS den sie besiczen;Aber ir keret v wider vnd geet in die wustnunge durch den weck des;so das sie gevangen **wŭrden** gefurt vnd ew̆er svne
WZB.tei.xml;WZB_177ra_5_7;czŭgen;czuegen;REVIEW;pos-mehrdeutig;;;ziehen;lemma_7861;NOM VRB;;Aber in wonten vor die Dise vortriben vnd vortilget wonten do die kinder DEUTRO als do tat in der erden seiner besiczunge die im gab vnser herre;Ouf stunde wir dorvmme so das wir **czŭgen** vber die bach vnd quamen dor czu;aber di czeit was die wir wanderten von vncz bis zu dem vberczuge der bach acht vnd dreissig iare vncz bis vorczert wart alle geperunge der streitenden leute ous den purgen als vnser herre hat gesworn;dorvmme so das wir **czŭgen** vber die bach vnd
WZB.tei.xml;WZB_178ra_10_1;enpflŭhe;enpfluehe;REVIEW;lemma-kein-treffer;;;;;;;an das vich DEUTRO das zu teile wart den roubenden vnd die schindunge der stete die wir viengen;Uon der gegent die do ist ouf dem vber der bach das in dem tal ist gestiftet vncz bis zu was kein dorf noch kein stat die vnsern henden **enpflŭhe** Unser herregot gab sie vns alle;an die erde der zu der czoge wir nicht vnd zu allem dem das do leit vmme die bach vnd steten vnd pergen vnd zu allen enden von den vns werte vnser herre got etcetera͛;stat die vnsern henden **enpflŭhe** Unser herregot gab sie
WZB.tei.xml;WZB_178ra_32_6;slŭgen;sluegen;REVIEW;pos-mehrdeutig;;;slahen;lemma_5525;NOM VRB;;Und vnser herre sprach zu mir Nicht vorchte in wenne in deine hant habe ich in gegeben mit allem seinem volke vnd seiner erde Und tvn soltu im als du hast getan dem kvnige der der do wonte zu;Nu gab dorvmme vnser herre got ouch in in vnser hant den kvnig von vnd alles sein volk vnd wir **slŭgen** sie vncz bis in die vorderbnusse;vorwustende alle seine NOMIUS stete eine czeit Keine gegent was die vns enpfluhe Sechczig stete alles reich des kvnicreiches zu;sein volk vnd wir **slŭgen** sie vncz bis in
WZB.tei.xml;WZB_179ra_13_2;grŏse;groese;REVIEW;lemma-kein-treffer;;;;;;;Und vnsern herren bat ich in den selben czeiten sprechende;Herre got du hast an gehaben deinem knechte zv czeigen deine **grŏse** vnd deine gar starcke hant Wenne kein ander got ist weder in dem himel noch in der erden der do muge getvn deine werck vnd sich gegleichen deiner sterke;Dorvmme czihe ich vnd sehe dise gar gute erde vber den vnd edlen perck vnd den libanischen perck;knechte zv czeigen deine **grŏse** vnd deine gar starcke
WZB.tei.xml;WZB_179ra_22_1;czŭrnte;czuernte;REVIEW;lemma-kein-treffer;;;;;;;Dorvmme czihe ich vnd sehe dise gar gute erde vber den vnd edlen perck vnd den libanischen perck;Und der herre **czŭrnte** mir durch euch noch enhorte mich svnder er sprach zu mir Genvg sei dir mit nichte furbas rede mit mir von disem dinge;Steig ouf die hŏe des pergis vnd deine ougen fure vmme gegen westen vnd gegen norden vnd gegen zuden vnd gegen ŏsten sich wenne nicht czihen wirstu vber disen;perck Und der herre **czŭrnte** mir durch euch noch
WZB.tei.xml;WZB_179ra_31_0;ŏsten;oesten;REVIEW;lemma-kein-treffer;;;;;;;Und der herre czŭrnte mir durch euch noch enhorte mich svnder er sprach zu mir Genvg sei dir mit nichte furbas rede mit mir von disem dinge;Steig ouf die hŏe des pergis vnd deine ougen fure vmme gegen westen vnd gegen norden vnd gegen zuden vnd gegen **ŏsten** sich wenne nicht czihen wirstu vber disen;Svnder gepent vnd creftige in vnd sterck in Wenne her wirt vorczihen disem volke vnd wirt in tei NOMIUS len die erde die du wirst sehen;gegen zuden vnd gegen **ŏsten** sich wenne nicht czihen
WZB.tei.xml;WZB_179va_28_2;vinsternŭsse;vinsternuesse;ANNOTATE;;lexicon.xml#lemma_7089;NOM;vinsternisse;lemma_7089;NOM;;den tag an dem du gestanden bist vor deinem herren gote in den tagen do der herre redte mit mir sprechende Samme zu mir das volk so das es hore meine rede vnd lerne mich vorchten alle czeit die weile es lebt in der erden vnd lere seine kinder;Und ir giengt zu den geuellen des pergis der do brante vncz an den himel vnd ouf im waren **vinsternŭsse** vnd wolken vnd nebil;Und vnser herre redte zu euch ous der mitte des fewers Die stimme seiner wort habt ir gehort aber die gestalt habt ir gar nicht gesehen;vnd ouf im waren **vinsternŭsse** vnd wolken vnd nebil
WZB.tei.xml;WZB_179vb_18_2;gleichnŭsse;gleichnuesse;REVIEW;lemma-kein-treffer;;;;;;;das ir leicht icht euch betrogen machet ein gesnicztes gleichnusse oder eines mannes pilde oder eines weibes;oder allirlei **gleichnŭsse** des vihes die do sint ouf der erden oder vogel vnder dem himel des gevŏgels;oder krichender tir die sich ruren in der erden oder vische die do wonen vnder der erden in den wassern;eines weibes oder allirlei **gleichnŭsse** des vihes die do
WZB.tei.xml;WZB_179vb_21_2;gevŏgels;gevoegels;REVIEW;lemma-kein-treffer;;;;;;;das ir leicht icht euch betrogen machet ein gesnicztes gleichnusse oder eines mannes pilde oder eines weibes;oder allirlei gleichnŭsse des vihes die do sint ouf der erden oder vogel vnder dem himel des **gevŏgels**;oder krichender tir die sich ruren in der erden oder vische die do wonen vnder der erden in den wassern;vnder dem himel des **gevŏgels** oder krichender tir die
WZB.tei.xml;WZB_180ra_8_5;czŭge;czuege;REVIEW;lemma-kein-treffer;;;;;;;Aber euch hat genvmen der herre vnd hat euch ous gefurt ous dem eisereinen ofen DEUTRO der so das hette ein erblich volk als es ist in dem gegenwortigen tage;Und czornig ist der herre gegen mir durch ewer rede vnd hat gesworn so das ich nicht czihe vber den noch ein **czŭge** in die gar gute erde die her euch wil geben;Secht ich sterbe in diser erden nicht werde ich czihen vber den Ir werdet dor vberczihen vnd werdet besiczen die ersame erde;vber den noch ein **czŭge** in die gar gute
WZB.tei.xml;WZB_180va_33_2;wŏstest;woestest;REVIEW;lemma-kein-treffer;;;;;;;abgot gemachet habe so das es ein czihe Und hub ouf eyn geslechte von den heiden mit vorsuchunge vnd mit czeichen vnd mit wundern vnd mit streite vnd mit starcker hant vnd ouf gerackten armen vnd vorchtlichen gesichten noch allem dem das getan hat vmme euch vnser herre got in das es gesehen haben deine ougen;so das du **wŏstest** wenne der herre der ist got vnd kein anderr ist wenne der eine;von himel hat her gemacht dich horen seine stimme so das NOMIUS er dich lerte Und in der erden hat her dir geczeiget sein gar groses gut Und hast gehort seine wort ous der mitte des fewers;ougen so das du **wŏstest** wenne der herre der
WZB.tei.xml;WZB_180vb_29_6;ŏstenischen;oestenischen;REVIEW;lemma-kein-treffer;;;;;;;Behute sein gepot vnd seine potschaft die ich dir gepite so das dir wol sei vnd deinen kindern noch dir vnd bleibest vil czeit ouf der erden die dein herre gote dir wirt geben;Do svnderte drei stete vber den gegen dem **ŏstenischen** teile;so das zu vluhe der do nicht wŏllende der sluge seinen nehsten noch sein veint nicht wer gewesen so das her eines tages oder des andern zu einer diser stete mochte enpflihen;vber den gegen dem **ŏstenischen** teile so das zu
WZB.tei.xml;WZB_180vb_31_0;wŏllende;woellende;REVIEW;lemma-kein-treffer;;;;;;;Do svnderte drei stete vber den gegen dem ŏstenischen teile;so das zu vluhe der do nicht **wŏllende** der sluge seinen nehsten noch sein veint nicht wer gewesen so das her eines tages oder des andern zu einer diser stete mochte enpflihen;in der wustenunge die DEUTRO do ist gestiftet in der veldunge erden von dem geslechte Und in dem lande die do ist in dem geslechte Und in dem lande die do ist in dem geslechte;vluhe der do nicht **wŏllende** der sluge seinen nehsten
WZB.tei.xml;WZB_181ra_9_3;geczeuknŭsse;geczeuknuesse;REVIEW;lemma-kein-treffer;;;;;;;Das ist die e die vorgelegt hat vor;Und das die **geczeuknŭsse** vnd die elichen recht vnd ouch die gerichte die er hat gesprochen zu do sie ous czogen von;vber den in dem tal gegen dem tempel in der erden des kvnigs der der do wonte zu den do slug Und die ous geczogen waren von;vor Und das die **geczeuknŭsse** vnd die elichen recht
WZB.tei.xml;WZB_181va_2_5;vŏrchtet;voerchtet;REVIEW;pos-mehrdeutig;;;vürhten;lemma_7298;NOM VRB;;Von ougen zu ougen hat er vns zu gesprochen ouf dem perge ous der mitte des fewers;U Und ich was ein svner vnd ein mitler czwischen got vnd euch in den selben tagen so das ich euch potschefte seine toho DEUTRO wort wenne ir **vŏrchtet** das fewer vnd stigt nicht ouf den perck Und her sprach;Ich dein herre got der dich gefurt hat ous der von dem house des dienstes;DEUTRO wort wenne ir **vŏrchtet** das fewer vnd stigt
WZB.tei.xml;WZB_181va_37_0;rŭ;rue;REVIEW;lemma-mehrdeutig;;;;lemma_4937 lemma_5034;;;Sechs tage soltu wirken vnd tvn alle deine werck;Der sibende ist der tag der veier das ist **rŭ** deines herren gotes N NOMIUS Nichtesnicht werkis tu an im du vnd deine svne vnd deine tochter vnd deine knechte vnd deine meid vnd dein ochse vnd dein esil vnd alle dein vich vnd der pilgereim der do ist czwischen deinen pforten Und dein knecht rŭ vnd dein mait also wol als du;Gedenke das du ouch selbir gedienet hast in Und das dich ous gefurt hat von danne dein herre got in starcker hant vnd in ouf geraktem arme Dorvmme hat her dir gepoten das du behieldest den veier tak;der veier das ist **rŭ** deines herren gotes N
WZB.tei.xml;WZB_181vb_9_3;rŭ;rue;REVIEW;lemma-mehrdeutig;;;;lemma_4937 lemma_5034;;;Sechs tage soltu wirken vnd tvn alle deine werck;Der sibende ist der tag der veier das ist rŭ deines herren gotes N NOMIUS Nichtesnicht werkis tu an im du vnd deine svne vnd deine tochter vnd deine knechte vnd deine meid vnd dein ochse vnd dein esil vnd alle dein vich vnd der pilgereim der do ist czwischen deinen pforten Und dein knecht **rŭ** vnd dein mait also wol als du;Gedenke das du ouch selbir gedienet hast in Und das dich ous gefurt hat von danne dein herre got in starcker hant vnd in ouf geraktem arme Dorvmme hat her dir gepoten das du behieldest den veier tak;pforten Und dein knecht **rŭ** vnd dein mait also
WZB.tei.xml;WZB_182ra_8_2;vinsternŭsse;vinsternuesse;ANNOTATE;;lexicon.xml#lemma_7089;NOM;vinsternisse;lemma_7089;NOM;;Dise wort hat geredt vnser herre zu alle ewer menige ouf dem perge ous der mitte des fewers DEUTRO vnd der wolken vnd des nebils mit groser stimme nichtesnicht mer zu legende Und schreib die in czwu steineine tafeln Die gab her mir;Ir aber do ir gehortet die stimme von der mitte der **vinsternŭsse** vnd sahet den perck brinnent do giengt ir zu mir alle fursten der geslechte vnd die grosten der gepurt vnd spracht;Sich geczeigt hat vns vnser herregot got sein almechticheit vnd seine grose stimme hab wir gehort von der mitte des few̆ers vnd haben heute geprŭfet das redende got mit dem menschen lebt der mensch;von der mitte der **vinsternŭsse** vnd sahet den perck
WZB.tei.xml;WZB_182ra_17_4;geprŭfet;gepruefet;REVIEW;pos-mehrdeutig;;;prüeven;lemma_4744;NOM VRB;;Ir aber do ir gehortet die stimme von der mitte der vinsternŭsse vnd sahet den perck brinnent do giengt ir zu mir alle fursten der geslechte vnd die grosten der gepurt vnd spracht;Sich geczeigt hat vns vnser herregot got sein almechticheit vnd seine grose stimme hab wir gehort von der mitte des few̆ers vnd haben heute **geprŭfet** das redende got mit dem menschen lebt der mensch;Worczu dorvmme sterbe wir vnd vns vrisset dicz grose NOMIUS fewer Wenne ist das wir furbas horen die stimme vnsers herren gotes so sterbe wir;few̆ers vnd haben heute **geprŭfet** das redende got mit
WZB.tei.xml;WZB_182rb_10_0;mŭge;muege;REVIEW;pos-mehrdeutig;;;mügen;lemma_4240;VEM VRB;;Worczu dorvmme sterbe wir vnd vns vrisset dicz grose NOMIUS fewer Wenne ist das wir furbas horen die stimme vnsers herren gotes so sterbe wir;W Was ist alles vleisch so das es hore die stimme des lebendigen gotes der do ous der mitte des fewers redet vnd als wir haben gesehen vnd **mŭge** geleben;Du mer gee hin czu vnd hore alles das dir saget vnser herre gote Und rede das zu vns vnd wir horende wollen das tvn;wir haben gesehen vnd **mŭge** geleben Du mer gee
WZB.tei.xml;WZB_182vb_15_6;gefŭret;gefueret;REVIEW;pos-mehrdeutig;;;vüeren;lemma_7283;NOM VRB;;vnd schreibe die ouf die swellen vnd an die turen deines houses;Und wenne dich ein **gefŭret** dein herre got in die erde vmme die her gesworn hat deinen vetern vnd vnd gibt dir grose stete vnd gar gute die du nicht hast zu sammen gelegt;volle heuser mit allerlei reichtum die du nicht hast gepowet cisternen die du nicht hast gegraben weingerten vnd olgerten die du nicht hast gepflanczet;Und wenne dich ein **gefŭret** dein herre got in
WZB.tei.xml;WZB_182vb_27_6;hŭte;huete;REVIEW;lemma-mehrdeutig;;;;lemma_2863 lemma_2939 lemma_2942 lemma_2962 lemma_2963;;;vnd wirst essen vnd wirst gesetet;so **hŭte** d dich vleissiclich das du icht vorgessest deines herren gotis der dich ous gefurt hat ous der von dem house des dienstes Deinen herren got soltu vorchten vnd im alleine dienen Und bei seinem namen soltu sweren;Nicht sult ir geen noch den DEUTRO vremden goten aller heiden die in ewerm vmmeringe sint;vnd wirst gesetet so **hŭte** d dich vleissiclich das
WZB.tei.xml;WZB_183ra_36_2;pŏse;poese;REVIEW;pos-mehrdeutig;;;bœse;lemma_788;ADJ ADV GRA NOM;;sprich zu im knechte ware wir zu vnd ous gefurt hat vns vnser herre von in starcker hant;V Und tat czeichen vnd grose wunder vnd **pŏse** zu NOMIUS gegen vnd allem seinem house in vnser angesicht;Und furte vns von danne so das her vns ein furte vnd gebe vns die erde vber die her gesworn hat vnsern vetern;vnd grose wunder vnd **pŏse** zu NOMIUS gegen vnd
WZB.tei.xml;WZB_183rb_19_2;gefŭret;gefueret;REVIEW;pos-mehrdeutig;;;vüeren;lemma_7283;NOM VRB;;Und vns wirt her barmherczig ist das wir behuten vnd behalden alle seine gepot vor vnserm herren got als her vns hat gepoten;enne dich ein **gefŭret** dein herre got in die erde die du zu besiczen ein wirst czihen vnd vortilget vil heiden vor dir den vnd vnd den vnd den vnd den vnd den vnd den siben geslechte vil groserr czal wenne du bist vnd sterker wenne du;vnd dein herre got dir sie antwortet Slach sie vncz bis in die vorderbnusse Nicht soltu machen mit yn fride noch erbarme dich ir;gepoten enne dich ein **gefŭret** dein herre got in
WZB.tei.xml;WZB_183va_12_3;vorbrŭet;vorbrueet;REVIEW;lemma-kein-treffer;;;;;;;wenne sie betrenget deinen svn das her mir icht noch volge vnd das mer diene vremden goten vnd erczurnet w wirt der grimme des herren vnd vortilget dich endlichn;Svnder vil lieber sult ir yn das tvn Ire alter die kere vmme Und zu brich ire seulen vnd ire welde vorhowe vnd ire pilde **vorbrŭet**;wenne du bist ein heiliges volk deinem herren gote Dich hat erwelt dein herre gote so das du im seist ein erblich volk ous allen volken die do sint ouf der erden;vorhowe vnd ire pilde **vorbrŭet** wenne du bist ein
WZB.tei.xml;WZB_183vb_6_6;behŭt;behuet;ANNOTATE;;lexicon.xml#lemma_467;VRB;behüeten;lemma_467;VRB;;Nicht dorvmme das ir an der czale vbertreten habt di heiden NOMIUS ist euch zu gefuget der herre vnd hat euch erwelt Wenne ir vnder allen volken seit die minsten;svnder euch hat liep gehabt der herre vnd hat **behŭt** den eit den her gesworn hat deinen vetern Und ous gefurt hat her euch in starcker hant vnd erledigt von dem house des dienstes vnd von der hant des egiptischen kvnigs;vnd wissest das dein herre got ist ein starker got vnd ein getrewer vnd behutende fride vnd barmherczicheit den die in liep habn Und den die sein gepot behuten in tousent geslechte;der herre vnd hat **behŭt** den eit den her
WZB.tei.xml;WZB_184ra_14_0;bŏse;boese;REVIEW;pos-mehrdeutig;;;bœse;lemma_788;ADJ ADV GRA NOM;;Gesegent wirdestu vnder allen volken nicht wirt bei dir vnfruchtbers ous beiden gegaten also wol in den leuten als in den schafen;Ouf wirt heben der herre von dir allen wetagen vnd die gar **bŏse** seuchen der die du kennest wirt her nicht einfŭren dir svnder alle deinen veinden;Vressen wirstu als volk das dein herre got dir wirt geben Nicht sol in vortragen dein ougen noch diene iren gŏten das sie icht sint in deinen val;wetagen vnd die gar **bŏse** seuchen der die du
WZB.tei.xml;WZB_184ra_15_6;einfŭren;einfueren;REVIEW;pos-mehrdeutig;;;învüeren;lemma_46217;PRP VRB;;Gesegent wirdestu vnder allen volken nicht wirt bei dir vnfruchtbers ous beiden gegaten also wol in den leuten als in den schafen;Ouf wirt heben der herre von dir allen wetagen vnd die gar bŏse seuchen der die du kennest wirt her nicht **einfŭren** dir svnder alle deinen veinden;Vressen wirstu als volk das dein herre got dir wirt geben Nicht sol in vortragen dein ougen noch diene iren gŏten das sie icht sint in deinen val;kennest wirt her nicht **einfŭren** dir svnder alle deinen
WZB.tei.xml;WZB_184vb_12_0;ŏlgerten;oelgerten;REVIEW;lemma-kein-treffer;;;;;;;wenne dein herre got wirt dich ein furen in die gute erde die erde der vlusse vnd der wasser vnd der brvnne in der velden vnd pergen ous dringen die wasser;erde getreides vnd gersten vnd der weingerten in der veigen vnd granat opfel vnd **ŏlgerten** wachsen erde des oles vnd des honigs;do du an allen gebrechen issest dein brot vnd aller dinge vbervlussicheit gebrouchest des steine eisen sint vnd ous des pergen eres ein man grebt;vnd granat opfel vnd **ŏlgerten** wachsen erde des oles
WZB.tei.xml;WZB_185ra_29_5;wŏsten;woesten;REVIEW;lemma-kein-treffer;;;;;;;vnd dein furer ist gewesen in der wustenunge vnd vorchtlicher in der natern waren bruende mit blasen vnd scorpion vnd durst necerl Vnd gar nichtesnicht wassers Der do ous furte gar clare wasser ous den steinen;vnd speiste euch mit himel brote in der wustenunge das nicht **wŏsten** deine veter Und do her dich gepflagte vnd vorsuchte zu leczte erbarmte er sich dein;das du icht sprechest in deinem herczen meine k craft vnd die stercke meiner hant haben mir das alles NOMIUS gereichet;der wustenunge das nicht **wŏsten** deine veter Und do
WZB.tei.xml;WZB_186va_3_7;vorstŏre;vorstoere;REVIEW;lemma-kein-treffer;;;;;;;Und ich lage vor dem herren virczig tag vnd virczig nacht in den ich in vlehelichen bat das er euch icht vortilgte als her hette DEUTRO gedroet;Und betende sprach ich Herre got nicht **vorstŏre** dein volk vnd dein erbe das du hast erledigt in deiner grose die du hast ous gefurt in starcker hant;Gedenke deiner diener vnd Nicht sich an die hertikeit dicz volkes vnd ir posheit vnd ir svnde;ich Herre got nicht **vorstŏre** dein volk vnd dein
WZB.tei.xml;WZB_187ra_30_8;tŭ;tue;REVIEW;pos-mehrdeutig;;;tuon;lemma_6301;NOM VRB;;vnd sprach zu mir Gee vnd vorgee dem volke so das sie ein geen vnd besiczen die erde die ich gesworen hab iren vetern so das ich sie in gebe;Und nv **tŭ** das dein herre got von dir bitet nvr das du vorchtest deinen herren got vnd wanderst in seinen wegen vnd habist in lip vnd dienest deinem her NOMIUS ren gote in ganczem deinem herczen vnd in ganczer deiner sele;Und behutest die gepot deines herren gotis vnd sein eliche veier die ich heute gepite so das dir wol sei;in gebe Und nv **tŭ** das dein herre got
WZB.tei.xml;WZB_188va_10_2;wŭstenunge;wuestenunge;ANNOTATE;;lexicon.xml#lemma_59071;NOM;wüestenunge;lemma_59071;NOM;;so vorstoret der herre alle heiden vor ewerm antlicze vnd besiczet sie die do groser vnd stercker sint wenne ir;Icliche stat die do trittet ewer fuz wirt ewer Uon der **wŭstenunge** vnd von dem Uon dem grosen wasser vncz bis zu dem westnischen mer werden di creisse ewer;Niemant stet wider euch Ewer schrecken vnd ewer vorchte wirt geben ewer got vber alle erde die ir werdet treten als her euch hat zu gesprochen;wirt ewer Uon der **wŭstenunge** vnd von dem Uon
WZB.tei.xml;WZB_188vb_33_6;Czustŏret;czustoeret;REVIEW;lemma-kein-treffer;;;;;;;Keret vmme alle stete der erden die ir besiczen werdet in der die heiden haben angepetet ire gote ouf den hoen pergen vnd hubeln vnd vnder allem czweigechten holcze;Czu reisset ire alter v vnd zu brechet ire seulen vnd die welde mit fewer vorbruet vnd ire abtgote zu slahet **Czustŏret** ire namen von ienen steten;Nicht wert ir tvn also ewerm gote;ire abtgote zu slahet **Czustŏret** ire namen von ienen
WZB.tei.xml;WZB_190ra_10_3;vorstŏret;vorstoeret;REVIEW;lemma-kein-treffer;;;;;;;Behalt vnd hŏre alles das ich dir gepite so das dir wol sei vnd deinen kindern noch dir ewiclichen Wenne du tust das gut vnd beheglich ist in der deines herren gotes;Wenne dein herre got **vorstŏret** vor deinen ougen die heiden zu den du ein czeuhest sie zu besiczen vnd besiczest sie vnd ouch wonest in irr erden;hute das du in icht noch volgst dor nach wenne du ein czihende sie werden vmme gekart Und suchest ire elichen recht sprechende Recht als gedienet haben die heiden irn gŏten vnd also wil ich dienen;Wenne dein herre got **vorstŏret** vor deinen ougen die
WZB.tei.xml;WZB_191va_13_6;tŏdlink;toedlink;REVIEW;lemma-kein-treffer;;;;;;;alles das reine ist das esset;welches ein **tŏdlink** ist von dem sult ir nicht essen Dem pilgereime gib das der do ist czwischen deinen pforten so das her das esse oder vorkoufe yms wenne du bist deines herren heiliges volk Nicht koche das czickel in der milch seiner muter;Das czehende teil soltu svndern von allen deinen fruchten die do wachsen in der erden durch ycliche iare;das esset welches ein **tŏdlink** ist von dem sult
WZB.tei.xml;WZB_192rb_5_0;bŏser;boeser;REVIEW;pos-mehrdeutig;;;bœse;lemma_788;ADJ ADV GRA NOM;;svnder tu sie ouf dem armen NOMIUS vnd gib im leihende das du sichst in bedurfen;"Hute das leichte dir icht velschlich rate **bŏser** gedancke vnd sprechest in deinem herczen Czu nehent das sibende iar der vorgebvnge; vnd wendest die ougen von deinem armen bruder nicht wollende im das her heisset wechsilnde leihen das her icht schreie wider dich zu vnserm herren vnd werde dir in ein svnde";svnder gib im Noch tu nichtesnicht erclichn in seinen notdurftikeiten vf zu heben so das dir gesegen dein herre gote in allen czeiten vnd in allen den an die du lesist deine hant;dir icht velschlich rate **bŏser** gedancke vnd sprechest in
WZB.tei.xml;WZB_192va_9_5;ŏre;oere;ANNOTATE;;lexicon.xml#lemma_4447;NOM;ôr;lemma_4447;NOM;;Ist aber das er das sprichet ich wil nicht ousgeen do von das her dich liep hat vnd enpfindet das im wol ist bei dir;so nym ein ale vnd durch bore im das **ŏre** in der tur deines houses vnd diene dir vncz bis ewiclich vnd der dirn tu semelichen;Nicht wende dein ougen von in wenne du sie vrei lesest geen wenne noch dem lone eines gemieten knechtis hat her dir sechs iare gedienet so das dir gesegen dein herre got in allen deinen wercken die du tust;durch bore im das **ŏre** in der tur deines
WZB.tei.xml;WZB_193ra_14_0;getŏtet;getoetet;REVIEW;pos-mehrdeutig;;;tœten;lemma_6133;NOM VRB;;Nicht is dor an gesowerteigtes brot Siben tage is brot an die pflage der sewer Wenne in vorchten bistu ous geczogen von so das du gedenkest des tages deiner ousczihunge von alle die tage deines lebens;Nicht sol erscheinen gesowerteigtes in allen deinen creissen siben tage Und nicht sal vber bleiben des osterlammes vleische das do **getŏtet** ist des abendes in dem ersten tage vncz bis vru;Nicht magstu geopfern das osterlamp in yclichen deinen stetin die dein herre got dir wirt geben;osterlammes vleische das do **getŏtet** ist des abendes in
WZB.tei.xml;WZB_196rb_36_7;hŏrende;hoerende;REVIEW;pos-mehrdeutig;;;hœren;lemma_2885;INJ NOM VRB;;Wider geben sullen sie im das als her seinem bruder hat gedacht zu tvn vnd heb ouf das pŏse von deiner mitte;so das das **hŏrende** die andern haben vorchte DEUTRO vnd mit nichte semeliche dink turren tvn;Nicht erparme dich sein svnder sele vmme sele ouge vmme ouge czan v vmme czan hout vm hout fuz vmme fuz soltu nemen;mitte so das das **hŏrende** die andern haben vorchte
WZB.tei.xml;WZB_197va_32_2;grŏsern;groesern;REVIEW;lemma-kein-treffer;;;;;;;enne funden wirt in deiner erden die dein herre got dir wirt geben eines erslagen menschen leichnam vnd vnbekant ist der schuldige des mordes;so sullen ous geen die **grŏsern** der gepurt vnd deine richter vnd suln die verre tragen von der stat des toten yclicher stete vm vnd vmme;vnd welche sie die nehste vor den andern NOMIUS sehen sein der selben stat eldisten sullen ouf heben ein kalp von den rindern die noch nicht hat geczogen das ioch noch die erde zu rissen mit der pflukschar;sullen ous geen die **grŏsern** der gepurt vnd deine
WZB.tei.xml;WZB_200rb_22_2;tŏchtern;toechtern;ANNOTATE;;lexicon.xml#lemma_6135;NOM;tohter;lemma_6135;NOM;;wonen wirt her bei dir an einer stat welche im behaget Nicht betrube in;Nicht sol sein kein hure von den **tŏchtern** noch kein hurer von den svnen;Nicht opfer das lone der hurheit noch lon des vleisches in das hous deines herren gotis was des selben sei das du gelobist wenne es ist ein growe beides bei deinem herren gote;kein hure von den **tŏchtern** noch kein hurer von
WZB.tei.xml;WZB_202rb_8_2;grŏsers;groesers;REVIEW;pos-mehrdeutig;;;grôz;lemma_2534;ADJ ADV GRA NOM;;zu hant sneide ir abe die hant noch hab kein barmherczikeit vber sie;Nicht soltu haben in dem sacke mancherlei gewichte ein **grŏsers** vnd ein minners;Noch nicht schol sein ein grŏserr schŏffil vnd ein minnerr in deinem house;sacke mancherlei gewichte ein **grŏsers** vnd ein minners Noch
WZB.tei.xml;WZB_202rb_10_2;grŏserr;groeserr;REVIEW;lemma-kein-treffer;;;;;;;Nicht soltu haben in dem sacke mancherlei gewichte ein grŏsers vnd ein minners;Noch nicht schol sein ein **grŏserr** schŏffil vnd ein minnerr in deinem house;Gewichte soltu haben gerechtis vnd warhaftis vnd ein gleicher schŏffil sol dir sein vnd ein warhaftir so das du lebist vil czeit in der erden die dein herre got dir wirt geben;nicht schol sein ein **grŏserr** schŏffil vnd ein minnerr
WZB.tei.xml;WZB_202rb_10_3;schŏffil;schoeffil;REVIEW;lemma-kein-treffer;;;;;;;Nicht soltu haben in dem sacke mancherlei gewichte ein grŏsers vnd ein minners;Noch nicht schol sein ein grŏserr **schŏffil** vnd ein minnerr in deinem house;Gewichte soltu haben gerechtis vnd warhaftis vnd ein gleicher schŏffil sol dir sein vnd ein warhaftir so das du lebist vil czeit in der erden die dein herre got dir wirt geben;schol sein ein grŏserr **schŏffil** vnd ein minnerr in
WZB.tei.xml;WZB_202rb_14_1;schŏffil;schoeffil;REVIEW;lemma-kein-treffer;;;;;;;Noch nicht schol sein ein grŏserr schŏffil vnd ein minnerr in deinem house;Gewichte soltu haben gerechtis vnd warhaftis vnd ein gleicher **schŏffil** sol dir sein vnd ein warhaftir so das du lebist vil czeit in der erden die dein herre got dir wirt geben;wenne vnser herre vor vnmenschet den der das tut Und hasset alle vngerechtikeit;warhaftis vnd ein gleicher **schŏffil** sol dir sein vnd
WZB.tei.xml;WZB_205ra_5_2;pŏser;poeser;REVIEW;pos-mehrdeutig;;;bœse;lemma_788;ADJ ADV GRA NOM;;Czu geben wirt dir vnser herre sterben vncz bis her dich vor czeret von der erden zu der du eynczeuhest sie zu besiczen;Sla DEUTRO hen wirt dich vnser herre gote mit armute czitterns vnd vrostes vnd dorrens vnd lechczens vnd mit **pŏser** luft vnd mit touben sat vnd die werden dich echten bis du vortirbest;Der himel der vber dir ist sei erein vnd die erde die du trittest sei eiserein;vnd lechczens vnd mit **pŏser** luft vnd mit touben
WZB.tei.xml;WZB_205va_19_4;Ŏlgerten;oelgerten;REVIEW;lemma-kein-treffer;;;;;;;W weingerten wirstu pflanczen vnd graben vnd den weyn wirstu nicht trinken noch wirst von im nichtesnicht lesen wenne her wirt vorwustet mit wurmet;**Ŏlgerten** wirstu haben in alle deinen creissen vnd wirst dich nicht salben do mite wenne sie werden ab nemen vnd vorterben;Svne wirstu gepern vnd tŏchter vnd wirst ir keinen vrumen nemen wenne sie werden gefurt in die gevenknusse;wirt vorwustet mit wurmet **Ŏlgerten** wirstu haben in alle
WZB.tei.xml;WZB_205va_30_2;rŏte;roete;REVIEW;pos-mehrdeutig;;;roete;lemma_10840;ADJ NOM;;Svne wirstu gepern vnd tŏchter vnd wirst ir keinen vrumen nemen wenne sie werden gefurt in die gevenknusse;Alle deine povm vnd die fruchte deiner erden wirt toube **rŏte** vorczeren;Der fremde der mit dir wonet in der erden wirt steigen vber dich vnd wirt hŏer du aber wirst ab steigen vnd wirst nider;deiner erden wirt toube **rŏte** vorczeren Der fremde der
WZB.tei.xml;WZB_206rb_16_3;mŏchte;moechte;REVIEW;pos-mehrdeutig;;;mügen;lemma_4240;VEM VRB;;das her ir icht gebe von dem vleische seiner kinder das her isset do von das her anders nicht enhat in dem vrlouge vnd in dem kvmmer in dem dich haben vorwustet deine veinde czwischen deinen pforten;Ein iunge vrowe vnd ein czarte die ouf der erden nicht gegeen **mŏchte** noch ein fuztrit nicht geseczen durch ir vberige iugent vnd weiche wirt has tragen irem manne der do leit in irr schos vber ir svne vnd irr tochter vleisch;vnd vber die voulen vnreinen neczil die do ous geen von der mitte irr permuter vnd vber ire kinder die in der selben stvnd sint geporn Wenne essen werden sie die vorholen durch die armut alle irr habe in der heruart v vnd in der beligunge vnd der vorwustenunge mit der dich vordrucket dein v veint czwischen deinen pforten;der erden nicht gegeen **mŏchte** noch ein fuztrit nicht
WZB.tei.xml;WZB_206vb_2_5;hŏlczern;hoelczern;REVIEW;lemma-kein-treffer;;;;;;;Und als vor vnser herre gesprochen hat vber euch wol tuende euch vnd euch merende also wirt her sich vrewen zu strewende euch vnd vmmekerende so das ir ouf gehaben werdet von der erden zu der du ein czeuhest sie zu besiczen;Czu strewen wirt dich vnser herre in alle volk von der hŏe der erden vncz bis an ir ende Und dienen wirstu den fremden goten die ouch du nicht NOMIUS en weist vnd deine vetir **hŏlczern** vnd steinen;Und in den selben heiden wirstu nicht rasten noch wirt keine rue deinen fuztriten wenne geben wirt dir do vnser herre got ein vorchtsames hercze vnd ab nemende ougen vnd ein sele mit betrubsal vorczeret;weist vnd deine vetir **hŏlczern** vnd steinen Und in
WZB.tei.xml;WZB_207ra_22_0;wŏstet;woestet;REVIEW;lemma-kein-treffer;;;;;;;Gefurt hab ich euch durch die wustenunge vierczig iar nicht sint vortorben ewer gewant noch die schu ewerr fuze vor alder sint nicht vorczert;Brot habt ir nicht gessen Wein vnd gemachten trank habt ir nicht getrunken so das ir **wŏstet** wenne her ist ewer herre got;Und ir quamet an dise stat Und ous czoch der kvnig von vnd der kvnig von fuz loufende enkegen zu streit Und slugen sie;getrunken so das ir **wŏstet** wenne her ist ewer
WZB.tei.xml;WZB_209va_13_2;gehŏrn;gehoern;REVIEW;pos-mehrdeutig;;;hœren;lemma_2885;INJ NOM VRB;;vnd in eine alles volke gesamment also wol den mannen als den vrowen den iungen vnd den nevkvmen die do sint czwischen deinen pforten so das si horende lernen vnd vorchten deinen herren got vnd behuten vnd erfullen alle rede diser e;Und ire kinder die iczunt nicht enwissen sodas sie mugen **gehŏrn** vnd vorchten iren herren gote alle die tage die sie wonen in der erden zu der ir vber den czihet zu behaben;Und vnser herre sprach zu Sich nahent ist der tak deines todis Rufe vnd stee in dem gecelde des geczeuknusse so das ich im gepite Nu giengen dorvmme vnd vnd stvnden in dem geczelde des geczeuknusses;enwissen sodas sie mugen **gehŏrn** vnd vorchten iren herren
WZB.tei.xml;WZB_210va_6_0;Ŏret;oeret;REVIEW;lemma-kein-treffer;;;;;;;Nu redte dorvmme DEUTRO moyses horende aller sammenunge di wort dicz gesanges vncz bis zu dem ende volbracht er das;**Ŏret** ir himel was ich rede hŏre die erde die wort meines mvndes;Wachse in einen regen mein lere vliesse als der taw mein gekose als ein gerigen ouf die wurcz vnd als die tropfen ouf das gras;ende volbracht er das **Ŏret** ir himel was ich
WZB.tei.xml;WZB_210va_30_4;geschŏpfet;geschoepfet;REVIEW;lemma-kein-treffer;;;;;;;Gesvndigt haben sie im vnd nicht sint sie seine kinder die do sint in svnden Die pose geperunge vnd die vorkarte;was wider gibstu vnserm herren du torechtis volk vnd du vnweises Ist her nv nicht dein vater der dich besessen hat vnd gemacht vnd **geschŏpfet**;Gedenke der alden tage vnd betrachte ein ycliche geperunge Urage deinen vater vnd der wirt dir kvndigen deine grosern vnd die werden sprechen zu dir;hat vnd gemacht vnd **geschŏpfet** Gedenke der alden tage
WZB.tei.xml;WZB_210va_37_1;hŏchste;hoechste;REVIEW;pos-mehrdeutig;;;hôch;lemma_2866;ADJ ADV GRA NOM;;Gedenke der alden tage vnd betrachte ein ycliche geperunge Urage deinen vater vnd der wirt dir kvndigen deine grosern vnd die werden sprechen zu dir;Do der **hŏchste** teilte die heiden NOMIUS vnd svnderte die kinder do er saczste die creisse der volke noch der czal der svne;Aber vnsers herren teil ist sein volk die snvr seines erbis;zu dir Do der **hŏchste** teilte die heiden NOMIUS
WZB.tei.xml;WZB_210vb_27_5;czigenpŏcke;czigenpoecke;REVIEW;lemma-kein-treffer;;;;;;;In saczte her ouf die hoe erde so das her eese die fruchte der ekker vnd suge das honik ous dem steine vnd ol von dem herten velse;die putter von dem rinde vnd die milch von den schafen mit der veistikeit der lemmer vnd der wider der kinder Und die **czigenpŏcke** mit dem marcke des weiczes vnd trvnken das allir cleriste blut der weintrouben;Gemestet ist mein leber vnd hat wider kalczet gemestet geveistet vnd geweitet Vorlasen hat her got seinen schepfer vnd ist wek geczogen von DEUTRO gote seinem heile;der kinder Und die **czigenpŏcke** mit dem marcke des
WZB.tei.xml;WZB_211ra_13_0;schŏpfers;schoepfers;ANNOTATE;;lexicon.xml#lemma_5211;NOM;schepfære;lemma_5211;NOM;;Geopfert haben sie teufeln vnd nicht gote gŏten der sie nicht en wosten N Newe vnd vrische sint komen die do nicht haben an gepetet ire veter;Got der dich hat gepert den hastu vorlasen vnd hast vorgessen des herren deines **schŏpfers**;Der herre hat das gesehen vnd ist zu czorn erwecket wenne gereiczet in haben seine svne vnd seine tochter;vorgessen des herren deines **schŏpfers** Der herre hat das
WZB.tei.xml;WZB_211va_28_3;nŏten;noeten;REVIEW;lemma-mehrdeutig;;;;lemma_4400 lemma_4416;;;Und werden sprechen Wo sint ire gote in die sie hoffenunge hatten;von der opfertiren sie assen die veistikeit vnd trvnken irn opfer wein Ouf steen si vnd helfen euch vnd beschirmen euch in ewern **nŏten**;Sehet das ich bin alleine vnd kein ander got ist an mich Ich tote vnd mache wider leben ich slahe vnd heile vnd keiner ist der ous meiner hant muge werden erledigt;beschirmen euch in ewern **nŏten** Sehet das ich bin
WZB.tei.xml;WZB_212va_10_1;gekŏse;gekoese;ANNOTATE;;lexicon.xml#lemma_18760;NOM;gekoese;lemma_18760;NOM;;Und zu sprach her Dein volkvmenheit vnd dein lere dem heili DEUTRO gen manne den du vorsuchet hast vngevrteilt czu den wassern des widersagens;Der do sprach zu seinem vater vnd zu seiner muter ich kenne ewer nicht vnd czu seinen brudern ich en weis ewer nicht Die haben behutet dein **gekŏse** vnd deinen fride haben sie behalden;D Dein gerichte o vnd dein e o Legen werden sie thimiamischen weirouch vnd ganczenczuntis opfer ouf deinen alter;Die haben behutet dein **gekŏse** vnd deinen fride haben
WZB.tei.xml;WZB_212vb_16_7;ŏpfiln;oepfiln;REVIEW;lemma-kein-treffer;;;;;;;von den opfiln der fruchte der svnnen vnd des manen;vnd von dem wirbel der alden perge Uon den **ŏpfiln** der ewigen hubel;vnd von den fruchten der erden vnd von irr volkumenheit des selben segens der in dem fewereinen pusche erschein kvm ouf houbt vnd ouf den wirbel des nazareers vnder seinen brudern;alden perge Uon den **ŏpfiln** der ewigen hubel vnd
WZB.tei.xml;WZB_213ra_5_0;hŏrde;hoerde;REVIEW;pos-mehrdeutig;;;hœren;lemma_2885;INJ NOM VRB;;Und zu sprach her Vrewe dich in deiner ousvart vnd in deinen geczelden;Die volk werden sie rufen zu dem perge vnd aldo werden sie opfern opfer DEUTRO tir der gerechticheit die den vbergus des meres als milch werden sougen vnd die vorporgin **hŏrde** des sandes;Und zu sprach her Gesegent sei in der breite als ein lebe hat her gerast Gevangen hat stercke vnd hoe;sougen vnd die vorporgin **hŏrde** des sandes Und zu
WZB.tei.xml;WZB_215ra_11_4;sŏler;soeler;REVIEW;lemma-kein-treffer;;;;;;;Und do man die pforten zu slos in der vinster vnd iene die giengen mit ein ander ous nicht weis ich wo sie hin sein gegangen Czihet in noch endlich vnd ir wert sie begreifen;Sie aber hies die man ouf steigen in den **sŏler** ires houses vnd bedakte sie mit stuppeln die aldo waren;Die aber die do gesant waren czogen in noch durch den wek der do geet zu dem vorte des Und do iene ous quamen zu hant wart die pforte vorslossen;ouf steigen in den **sŏler** ires houses vnd bedakte
WZB.tei.xml;WZB_215rb_17_4;lŏset;loeset;ANNOTATE;;lexicon.xml#lemma_3837;VRB;lœsen;lemma_3837;VRB;;Nu dorvmme sweret mir bei dem herren also wie ich mit euch do barmherczikeit hab getan also tut ouch mit meines vaters house vnd gebet mir ein wares czeichen;so das ir heilet meinen vater vnd meine muter bruder vnd meine swestern vnd alles das do ir ist vnd **lŏset** vnser selen von dem tode;Die antworten ir Unser sele sei vor euch in den tot doch ist das du vns nicht vorretest Und wenne vns vnser herre gibt die erde tvn wir wol mit dir barmherczikeit vnd warheit;do ir ist vnd **lŏset** vnser selen von dem
WZB.tei.xml;WZB_216ra_22_5;hŏen;hoeen;REVIEW;lemma-kein-treffer;;;;;;;vnd sprach zu den priestern Hebet ouf die arche des frides vnsers herren vnd geet vor vor dem volke;Und vnser her re sprach zu Heute wil ich an heben dich zu **hŏen** vor allem volke von so das sie wissen als ich mit bin gewesen vnd also bin ich mit dir;Du aber gepeute den priestern die do tragen di arche des frides vnd sprich zu yn Wenne ir ein gegeet ein teil in das wasser des so steet dorinne;an heben dich zu **hŏen** vor allem volke von
WZB.tei.xml;WZB_217ra_17_0;vŏrchten;voerchten;REVIEW;lemma-mehrdeutig;;;;lemma_7201 lemma_7298;;;Und vierczig tousent streitender durch ire scharen vnd spiczen czugen sie ouff der ebenunge vnd velden der stat;An dem selben tage groste vnser herre vor allem so das si in **vŏrchten** als sie vorchten IOSUE do her dennoch lebte;vnd sprach zu im;so das si in **vŏrchten** als sie vorchten IOSUE
WZB.tei.xml;WZB_217rb_20_3;ŏstnischen;oestnischen;REVIEW;lemma-kein-treffer;;;;;;;Und do si ouf waren gestigen ous dem tragende die arche des frides vnsers herren Und die trukken erde begonden zu treten do karten die wasser wider in iren stram vnd vlussen als sie vor heten gepflogen;Aber das volk steige von dem an dem czehenden tage des ersten menedis vnd legerten sich zu gegen dem **ŏstnischen** teile der stat;Und die czwelf steine die sie ous dem vlusse des heten genvmen die legte zu;sich zu gegen dem **ŏstnischen** teile der stat Und
WZB.tei.xml;WZB_218rb_16_0;Ŭmme;uemme;REVIEW;pos-mehrdeutig;;;umbe;lemma_6422;ADV PRP;;Und vnser herre sprach zu Sich gegeben habe ich in deine hant vnd irn kvnig vnd alle starke man;**Ŭmme** geet die stat alle streitende man des tagis zu einem male also sult ir tvn sechs tage;An dem sibenden tage IOSUE sullen ouf heben die priester siben busovnen der gebrouchunge ist in dem genedigen iare vnd sullen geen vor der archen des frides Und sult siben stunt geen vmme die stat vnd die priester sullen clengen mit den busovnen;vnd alle starke man **Ŭmme** geet die stat alle
WZB.tei.xml;WZB_220ra_18_0;Hŏren;hoeren;REVIEW;pos-mehrdeutig;;;hœren;lemma_2885;INJ NOM VRB;;Mein herre got was sol ich sprechen sehende den veinden die rucke keren;**Hŏren** werden das die vnd alle woner der erden mit ein ander werden sie voreynet vnd werden vns vmmeringen vnd werden vortilgen vnsern namen von der erden Und was tustu deinem grosen namen;Und vnser herr sprach zu Ste ouf Wes leistu geneiget ouf der erden;veinden die rucke keren **Hŏren** werden das die vnd
WZB.tei.xml;WZB_221va_15_5;vŏrchtende;voerchtende;REVIEW;lemma-kein-treffer;;;;;;;Do das ersach der kvnig do eilte her vru vnd czoch ous mit allem here der stat vnd furt die spicze gegen der wuftenunge Und woste nicht das hinder im vorholn lag die hute;vorwar vnd alles wichen von der stat vnd erczeigten sich **vŏrchtende** vnd vlohen durch den wek der wustenunge;Und dise schreiende mit ein ander vnd sich an ein ander reiczende volgten in nach Und do sie geczogen von der stat;stat vnd erczeigten sich **vŏrchtende** vnd vlohen durch den
WZB.tei.xml;WZB_224va_36_1;vŏr;voer;REVIEW;pos-mehrdeutig;;;vor;lemma_7194;ADV GRA PRP;;Und wider karte alles her zu gegen do die weil die purge waren gesunt vnd ganczer czal Und nymant wider torste erschreien;Und gepot sprechende Tut ouf den mvnt des holes vnd furet her **vŏr** zu mir die funf kvni IOSUE ge die dorinne loussen;Und di diener taten als yn was gepoten vnd furten her ous czu ym die funf kvnige von der gruft den kvnic von den kvnic von den kvnic von Den kvnic von den kvnic von;holes vnd furet her **vŏr** zu mir die funf
WZB.tei.xml;WZB_225vb_14_0;nŏrdnischen;noerdnischen;REVIEW;lemma-kein-treffer;;;;;;;O dise dink horte der kvnic do sante her zu dem kvnige vnd dem kvnige vnd czu dem kvnige;vnd zu den **nŏrdnischen** kvnigen die do wonten in den gepirgen vnd in der ebenunge gegen mittem tage ceneroth vnd in den veldungen vnd in den reichen bei dem mer;Und von ŏsten vnd von westin Und den vnd den vnd den vnd den ouf den pergen vnd den der do wonte an den gevellen des pergis in der erden;kvnige vnd zu den **nŏrdnischen** kvnigen die do wonten
WZB.tei.xml;WZB_226ra_14_4;ŏstnischen;oestnischen;REVIEW;lemma-kein-treffer;;;;;;;Und quame vnd alles her mit im wider iene zu den wassern endlich vnd vil vber sie;Und vnser herre gab die in die hende Die slugen sie vnd noch volgten yn bis czu der grosen stat vnd czu den wassern zu vnd zu dem velde das do ist in seinem **ŏstnischen** teile Also slug her sie alle so das her ous yn keine bleiblinge lies;Und tat als im vnser herre hette gepoten Ire ros entedir IOSUE te her vnd ire wegen vorbrante her;do ist in seinem **ŏstnischen** teile Also slug her
WZB.tei.xml;WZB_226vb_14_0;ŏstnisches;oestnisches;REVIEW;lemma-kein-treffer;;;;;;;dorvmme vienk alle die erde als vnser herre het geredt zu IOSUE vnd gab sie zu einer besiczvnge noch iren geslechten vnd noch iren teilen Und die erde wart geruet von streiten etcetera;as sint die kvnige vnd die geslechte die geslagen habn vnd haben besessen ire erden vber den gegen der svnnen ouf gank Uon der bach vncz bis zu dem perge Und alles **ŏstnisches** teil das do sicht gegen der wustenunge;der kvnic der der do wonte zu hat geherschit von die do gestiftet ist ouf dem vber der pach e IOSUE vnd des halben teiles in dem tal vnd halp des pergis galaad v vncz bis zu der bach der do ist ein creis der kinder;dem perge Und alles **ŏstnisches** teil das do sicht
WZB.tei.xml;WZB_234ra_29_5;dŏrfer;doerfer;ANNOTATE;;lexicon.xml#lemma_1201;NOM;dorf;lemma_1201;NOM;;vnd mit ende sleusset her sich Und ouf czogen die kinder vnd striten wider die stat vnd gewunnen sie vnd slugen sie in dem mvnde des swertis vnd besasen sie vnd wonten in yr nennende iren namen noch dem namen ires vaters;Das ist die besiczunge des geslechtes der kinder durch ire mageschefte stete vnd ir **dŏrfer**;Und do her erfullet hette zu teilen die erde mit dem los yclichen durch ire geslechte do gaben besiczunge dem svne in irr mitte;mageschefte stete vnd ir **dŏrfer** Und do her erfullet
WZB.tei.xml;WZB_234vb_2_1;ŏstnischen;oestnischen;REVIEW;lemma-kein-treffer;;;;;;;Und si saczten die stat czu ouf dem perge vnd ouf dem perge Und das ist ouf dem perge;v Und vber den gegen IOSUE dem **ŏstnischen** teile saczten sie die do gelegen ist in der veltlichen wustenunge von dem geslechte Und zu von dem geslechte Und indem lande von dem geslechte;Dise stete sint gesaczt vnd den nevkvmen die do wonten vnder yn so das vluhe zu in welcher do vnwissende het geslagen einen menschen vnd nicht sturbe in der hant des nehsten begerende das vorgossen blut zu rechen vncz bis her gestunde vor dem volke ouslegende seine sache etcetera;den gegen IOSUE dem **ŏstnischen** teile saczten sie die
WZB.tei.xml;WZB_239ra_18_0;pŏze;poeze;REVIEW;lemma-kein-treffer;;;;;;;Nu dorvmme vorchtet den herren vnd dienet im mit volkumenem vnd warhaftigem herczen vnd tut hin die gote den do gedienet haben ewer veter zu vnd in vnd dient dem herren;Ist aber das euch das **pŏze** dunket so das ir dem herren dienet willekur gibt man euch Erwelet euch heute wem ir allerliebste dienen sullet entweder den goten den ewer veter gedienet haben zu oder den gŏten der in der erden ir wonet Aber ich vnd mein hous wollen dienem dem herren;Und das volk antworte vnd sprach Ab sei von vns so das wir lasen den herren vnd dienen fremden goten;aber das euch das **pŏze** dunket so das ir
