file;xml_id;form;action;geaendert;alt_pos;neu_pos;alt_lemmaRef;neu_lemmaRef;alt_ana;neu_ana;alt_corresp;neu_corresp;verdict;confidence;begruendung;hinweis;kontext
AC2.tei.xml;AC2_9100_9;hawe;KEEP;nein;VRB;VRB;lexicon.xml#lemma_2598;lexicon.xml#lemma_2598;;;variants.xml#type_117159;variants.xml#type_117159;VERBAL;high;Imperativ von hauen (Sprichwort), keine Substantivlesart;;"ain fuchs slug einen slafenden lewen an seinen backen , darumb wart im sein balk zurrissen ; ein hase zwacket einen wolf , noch heut ist er zagellos darumb ; ein katz krellet einen hunt , der do slafen wollt , immer musz sie des hundes veintschaft tragen : also wiltu dich an uns reiben . doch glauben wir , knecht knecht , her beleibet herre . wir wollen beweisen das wir recht wegen , recht richten unde recht faren in der welte , niemants adel schonen , grosser kunste nicht achten , keinerlei schone ansehen , gab , liep , leides , alters , jugent unde allerlei sach nicht wegent . wir tun als die sunn , die scheint uber bose und uber gut : wir nemen gut unde bose in unser gewalt alle die meister die die geist kunnen bezwingen , mussent ire geist antworten und aufgeben und die bilbis und die zauberin konnen vor uns nicht bleiben . sie hilfet nit , das sie reiten auf den krucken und das sie reiten auf den bocken . die ertzt , die den leuten das leben lengen , mussen uns zu teil werden ; wurtz , kraut , salben und allerlei apotekenpulver konnen sie nicht gehelfen . solten wir allein den zweifaltern und den hewschrecken rechnung tun umbe ir geslecht ? an der rechnunge wurden sie nit benugen . oder solten wir durch aufsatzes , durch liebes oder durch leides willen die leute lassen leben ? aller der welte keisertum weren unser , alle konig hetten ire kronen auf unser haupt gesetzt , ire zepter in unser hant geantwurt ; des babstes stule mit seiner dreigekronten infel wer wir nun gewaltig . lasz sten dein fluchen , sage nit von papenfels newe mere , hawe nit uber dich , so reren dir die spen nicht in die augen !"
AC2.tei.xml;AC2_25010_2;hawe;KEEP;nein;VRB;VRB;lexicon.xml#lemma_2598;lexicon.xml#lemma_2598;;;variants.xml#type_117159;variants.xml#type_117159;VERBAL;medium;"Verbform zu houwen, Subjekt ewr segensz; kein Substantiv habe";Konfidenz unter high, keine Aenderung noetig;alter man newe mer , gelerter man unbekant mere , ferre gewandert man , und einer , wider den nimant reden tar , gelogen mere wol sagen turren , wann sie von unwissenden sachen wegen sein unstraflich . wann ir dann auch ein sollicher alter man seit , so mugt ir wol tichten . allein ir in dem paradeisz geschaffen seit , ein meder , unde euch rechtes rumet , doch hewet ewer segensz neben recht . mechtig plumen reut sie ausz , die distel lasset sie stan . unkraut bleibt , die guten kreuter müssen verderben . ir gicht , ewr segensz hawe fur sich . wie ist dann dem , das sie mer distel dann gut plumen , mer meusz dann cameln , mer boser leut dann guter unversert lest beleiben . nennt mir , mit dem finger weist mir , wo sint die frommen achtperen leut , als vor zeiten waren ? ich wen , ir hapt sie hin . mit in ist auch mein liep , die usel sint uberbliben . wo sint sie hin , die auf erden wonten , mit gott redten , an im hulde , genade und rechung erwurben ? wo sint sie hin , die auf erden sassent , unter der gestirne umbgenge , unde entschieden die planeten ? wo sint sie hin , die sinnreichen , die meisterlichen , die gerechten , die fruchtigen leute , von den die kroniken so verre sagen ? ir hapt alle unde mein zarte ermordet , die sint noch all tode . wer ist daran schuldig ? torst ir der warheit bekennen , her tot , ir wurdent euch selber nennen . ir sprechent vast , wie recht ir richtent , niemants schont , ewer segensz hew nach einander fellet . ich stunde do bei unde sahe mit meinen augen zwo ungeheuer schar volkes ( iede het uber dreutausent man ) mit einander streiten auf einer grunen heide . die wuten in dem plute bis under den waden . dar unter snurret ir und wurret gar gescheftig an allen enden . in dem here tot ir etlich , etlich list ir stan . mere knecht dann herren sach ich tot ligen . do claubet ir einen ausz dem andern als die teigen pirn . ist das recht gemet , ist das recht gericht ? get so ewr segensz fur sich ? wol her , lieben kinder , wol her ! reit wir engegen , enbiet unde sag wir lob unde ere dem tode , der also recht richtet . gottes recht kaum also gericht .
AC3.tei.xml;AC3_17290_9;hawe;KEEP;nein;VRB;VRB;lexicon.xml#lemma_2598;lexicon.xml#lemma_2598;;;variants.xml#type_117159;variants.xml#type_117159;VERBAL;high;Konjunktiv (zu houwen) in indirekter Rede nach ir jecht, Subjekt sense;;"alter man newe mere , geleret man vnbekante mere , ferre gewandert man vnd einer , wider den niemant reden tar , gelogene mere wol sagen turren , wann sie von vnwissender sachen wegen sein vnstreflich . wann ir nu auch ein solcher alter man seit , so muget ir wol tichten . allein ir in dem paradise gefallen seit ein meder vnd rechtes remet , doch hawet ewer sense vneben : recht mechtig blumen reutet sie aus , die distel lesset sie steen ; vnkraut beleibet , die guten kreuter mussen verderben . ir jecht , ewer sense hawe vur sich . wie ist dann dem , das sie mer distel dann guter blumen , mer meuse dann kamelen , mer boser leute dann guter vnuerseret lesset beleiben ? nennet mir mit dem munde , mit dem finger weiset mir : wo sint die frumen , achtberen leute , als vor zeiten waren ? ich wene , ir habet sie hin . hin mit in ist auch mein lieb , die ubeln sint och vber beliben . wo sint sie hin , die auf erden wonten vnd mit gote redten , an im hulde , genade , auch reichtum erwurben ? wo sint sie hin , die auf erden sassen , vnder dem gestirne vmbgiengen vnd entschieden die planeten ? wo sint sie hin , die sinnereichen , die meisterlichen , die gerechten , die frutigen leute , von den die kroniken so vil sagen ? ir habet sie alle vnd mein zarte ermordet ; die snoden sint noch alda . wer ist daran schuldig ? torstet ir der wahrheit bekennen , herre tot , ir wurdet euch selber nennen . ir sprechet faste , wie rechte ir richtet , niemandes schonet , ewer sense haw nach einander fellend . ich stund dabei vnd sach mit meinen augen zwo vngeheure schar volkes - iede het vber dreitausent man - mit einander streiten auf einer grunen heide ; die wuten in dem blute bis vnder den enkel . darvnder snurret ir vnd wurret gar gescheftig an allen enden . in dem her totet ir etlich , etlich liesset ir leben . minre knechte dann herren sach ich tot ligen . da klaubtet ir einen aus den andern als die teigen biren . ist das rechte gemeet ? ist das rechte gerichtet ? geet so ewer sense haw vur sich ? wol her , lieben kinder , wol her ! reiten wir engegen , enbieten vnd sagen wir lob vnd ere dem tode , der also rechte richtet ! gotes gerichte ist kaum also gerecht !"
AC3.tei.xml;AC3_23010_1;hawe;REVIEW;nein;NOM;NOM;lexicon.xml#lemma_2598;lexicon.xml#lemma_2598;;;variants.xml#type_117159;variants.xml#type_117159;NOM;high;"Koordination mit Substantiv schaufel; Geraetepaar als Satzsubjekt";"mutmasslich houwe/hou-Substantiv (Hieb/Haue) unter lemma_2598; Ziel-Kandidaten lemma_61268 hou / lemma_9644 houwe; KZW-Entscheid";"gute strafung gutlich aufnemen , darnach tun sol weiser man , hore ich die klugen jehen . ewer strafung ist auch leidelich . wann dann ein guter strafer auch ein guter anweiser wesen sol , so ratet vnd vnderweiset mich , wie ich so vnsegeliches leit , so jemerlichen kummer , so aus der massen grosse betrubnuß aus dem herzen , aus dem mute vnd aus den sinnen ausgraben , austilgen vnd ausjagen sulle . bei got vnuolsagenlich herzeleit ist mir geschehen , do mein zuchtige , trewe vnd stete hausere mir so snelle ist enzucket , sie tot , ich witwer , meine kinder weisen worden sint . o herre tot , alle werlt klaget vber euch vnd auch ich . doch seit das nie so boser man wart , er were an etwe gut : ratet , helfet vnd steuret , wie ich so sweres leit von herzen werfen muge vnd wie meine kinder einer solchen reinen muter ergetzet werden ; anders ich vnmutig vnd sie traurig immer wesen mussen . vnd das sullet ir mir nicht in vbel verfahen , wann ich sihe , das vnder vnuernunftigen tieren ein gate vmb des andern tot trauret von angeborenem twange . hilfe , rates vnd widerbringens seit ir mir pflichtig , wann ir habt mir getan den schaden . wo des nicht geschehe , dann got hette in seiner almechtigkeit ninder rachunge : gerochen muste es werden wider euch , vnd solte darvmb hawe vnd schaufel noch eines gemuet werden !"
AXS.tei.xml;AXS_4503000_2;habe;STRIP;ja;NOM VRB VEX;VRB VEX;lexicon.xml#lemma_2598;lexicon.xml#lemma_2598;;;variants.xml#type_8730;variants.xml#type_8730;VERBAL;high;Hilfsverb mit Partizip gelogen, Negation ne;;uns ne habe daz bûch dan gelogen ,
BVL.tei.xml;BVL_106009000_6;habe;STRIP;ja;NOM VRB VEX;VRB VEX;lexicon.xml#lemma_2598;lexicon.xml#lemma_2598;lexicon.xml#lemma_2598_sense_4170;lexicon.xml#lemma_2598_sense_4170;variants.xml#type_8730;variants.xml#type_8730;VERBAL;high;Subjekt ich, Objekt kein urloup: 1. Sg. Indikativ;;und ich kein urloup von in habe ?
CEFB.tei.xml;CEFB_71000210500_11;hawe;REVIEW;nein;VRB VEX;VRB VEX;lexicon.xml#lemma_2598;lexicon.xml#lemma_2598;;;variants.xml#type_117159;variants.xml#type_117159;NOM;medium;Dativ nach mit dem: Fechtterminus Kronhau, Substantiv zu houwen, nicht haben;"mutmasslich houwe/hou-Substantiv (Hieb/Haue) unter lemma_2598; Ziel-Kandidaten lemma_61268 hou / lemma_9644 houwe; KZW-Entscheid";wann dir einer übergreifft / beut ihm den streych / vnd verzuck kurtz / streich lang nach / oder brichs mit dem feier oder kron hawe etc .
CEFB.tei.xml;CEFB_172000471600_10;hawe;KEEP;nein;VRB VEX;VRB VEX;lexicon.xml#lemma_2598;lexicon.xml#lemma_2598;;;variants.xml#type_117159;variants.xml#type_117159;VERBAL;high;"Imperativ von hauen (houwen), nicht haben; kein Substantiv";;der zornhaw . entwecker . entrüsthaw . der zwinger / der geferhaw . der wincker . die xvij . hauptstuck . i . die vier laeger . ii . versetzen . iii . nachreysen . iiii . vberlauffen . v . absetzen . vi . durchwechseln . vij . zucken . viij . durchlaufen ix . abschnid . x . hend trucken . xi . ablauffen . xij . benemen . xiij . durchgehn xiiij . der bogen . xv . messer nemen . xvi . hengen . xvij . winden . von dem brauch diser xxiij . stuck / volget hernach / vnd erstlich von dem zornhaw . was auff dich würdt gericht / zornhaw ort das bricht / wiltu ihn beschemen / am messer lerne abnemen . wann einr dir von der rechten seitten oben zum kopff schlegt / so haw von deiner rechten seitten auch von oben mit ihm gleich in sein messer / indes laß dein ort fürs gesicht oder brust schiessen / indes wend dein messer gegen dem seinen / das die lang schneid oben stehe / würdt er des orts gewar / so wind wider uff sein linck das ort zum gesicht / vnd haw von der anderen seitten zum kopff . magst auch darmit zur arbeit duplieren . bruch zuo dem abnemen . wend dein messer mit dem ruckenn ein wenig uff das seine / vnd haw ihm oben nach der bloesse . oder tritt beseits auff den schlag / vnnd arbeit ihm zur rechten bloesse / mitt dem haw . odder stich ihm im abnemmen zuo dem gesicht . haw / stich / merck in band weych oder hert / vor vnd nach / indeß hab acht / die laeuff des kriegs recht betracht . mit dem kriege arbeit in weych vnnd hert / nach der naehsten bloesse . den krieg auffloeß oben / niden wart der bloeß . die wenden im messer / vnd die arbeit daraus / mit dem orte zuo den vier zinnen / heyßt der krieg . so du mit eim im zornhaw zuohawest / so bald er versetzt / fare auff mit dem arm / vnd setz ihm den ort an / volget er deinem messer nach / mit versatzung / so stich zuo den zinnen / vnden auff der lincken seitten . far alweg mit dem arm auff in die hohe für das haupt / vnd senck das ort vff die zinn . vier sind der zinnen die du solt gewinnen / der wacht nim war / wo sie sei / mit gefar . ficht alweg nit nach deins mannes messer / sonder nach seinem leibe / als den vier zinnen / weliche seind bede seitten oberhalb / vnd bede vnderhalb des gürttels . versetzt er dir eine / so eil zuo der naehesten . hastu das vernommen / die zinnen sind gewonnen / wiltu dich rechen / die zinnen kunstlich brechen / oben duplir / da niden gantz mutir . duplir gegen des messer stercke / mutir gegen der schweche als wann er dir oben zuohawet von seiner rechten achseln / so hawe auch von deinr rechten / mit ihm zugleich / starck oben zum kopff / versetzt ers mit stercke / so wende das gehültz / fare bald auff mitt dem arme / schlahe ihn mitt der langen schneiden / hinder seinem messer auff den kopff .
CEFB.tei.xml;CEFB_341000801500_7;hawe;KEEP;nein;VRB VEX;VRB VEX;lexicon.xml#lemma_2598;lexicon.xml#lemma_2598;;;variants.xml#type_117159;variants.xml#type_117159;VERBAL;high;Fechtanweisung, Imperativ von hauen mit Dativobjekt ihm;;auß dem wechselhaw . streich von der lincken seiten auß dem bucklier / fast übersich in sein schwerdt / vnd hawe ihm dann von der lincken seitten zum haupt / vnd wind bloß / vnd stoß ihm nach dem maul / hebt er mit dem schilt vnd schwert / vnnd weret das / haw lang nach seinem rechten beyn / brauchs zuo beden seiten .
CR.tei.xml;CR_1412_1;habe;STRIP;ja;NOM VRB VEX;VRB VEX;lexicon.xml#lemma_2598;lexicon.xml#lemma_2598;;;variants.xml#type_8730;variants.xml#type_8730;VERBAL;high;Hilfsverb Konjunktiv mit Partizip gerouwen;;es habe sie sider gerouwen
CR.tei.xml;CR_1522_4;habe;STRIP;ja;NOM VRB VEX;VRB VEX;lexicon.xml#lemma_2598;lexicon.xml#lemma_2598;;;variants.xml#type_8730;variants.xml#type_8730;VERBAL;high;Hilfsverb mit Partizip getân, Subjekt ich;;unt vernemen waz ich habe getân
DA.tei.xml;DA_473_1;habe;STRIP;ja;NOM VRB VEX;VRB VEX;lexicon.xml#lemma_2598;lexicon.xml#lemma_2598;lexicon.xml#lemma_2598_sense_4170;lexicon.xml#lemma_2598_sense_4170;variants.xml#type_8730;variants.xml#type_8730;VERBAL;high;Imperativ mit Akkusativobjekt dîn êre;;und habe von im dîn êre .
DA.tei.xml;DA_503_4;habe;STRIP;ja;NOM VRB VEX;VRB VEX;lexicon.xml#lemma_2598;lexicon.xml#lemma_2598;;;variants.xml#type_8730;variants.xml#type_8730;VERBAL;high;Hilfsverb mit Partizip geredet, Subjekt ich;;denne ich noch geredet habe . >
DA.tei.xml;DA_842_3;habe;STRIP;ja;NOM VRB VEX;VRB VEX;lexicon.xml#lemma_2598;lexicon.xml#lemma_2598;;;variants.xml#type_8730;variants.xml#type_8730;VERBAL;high;Hilfsverb Konjunktiv mit Partizip gesprochen;;"unz er daz habe gesprochen ;"
DA.tei.xml;DA_845_2;habe;STRIP;ja;NOM VRB VEX;VRB VEX;lexicon.xml#lemma_2598;lexicon.xml#lemma_2598;;;variants.xml#type_8730;variants.xml#type_8730;VERBAL;high;Subjekt mîn herre, Konjunktiv mit Objekt geselleschaft;;mîn herre habe geselleschaft .
DA.tei.xml;DA_1080_6;habe;STRIP;ja;NOM VRB VEX;VRB VEX;lexicon.xml#lemma_2598;lexicon.xml#lemma_2598;lexicon.xml#lemma_2598_sense_4170;lexicon.xml#lemma_2598_sense_4170;variants.xml#type_8730;variants.xml#type_8730;VERBAL;high;Subjekt ich, Objekt in: Konjunktiv von haben;;denn ich in mit schanden iemer habe :
DA.tei.xml;DA_1329_4;habe;STRIP;ja;NOM VRB VEX;VRB VEX;lexicon.xml#lemma_2598;lexicon.xml#lemma_2598;lexicon.xml#lemma_2598_sense_4170;lexicon.xml#lemma_2598_sense_4170;variants.xml#type_8730;variants.xml#type_8730;VERBAL;high;swaz ich habe: Relativsatz mit Subjekt ich;;swaz ich iendert hûte habe ,
DA.tei.xml;DA_1564_6;habe;STRIP;ja;NOM VRB VEX;VRB VEX;lexicon.xml#lemma_2598;lexicon.xml#lemma_2598;lexicon.xml#lemma_2598_sense_4170;lexicon.xml#lemma_2598_sense_4170;variants.xml#type_8730;variants.xml#type_8730;VERBAL;high;Relativsatz allez daz ich habe, Vollverb 1. Sg.;;sô gebietet über allez daz ich habe . >
DA.tei.xml;DA_1900_1;habe;STRIP;ja;NOM VRB VEX;VRB VEX;lexicon.xml#lemma_2598;lexicon.xml#lemma_2598;;;variants.xml#type_8730;variants.xml#type_8730;VERBAL;high;Konjunktiv-Hilfsverb mit Partizip gesant, Subjekt der leidige tîfel;;in habe der leidige tîfel
DA.tei.xml;DA_2758_0;habe;STRIP;ja;NOM VRB VEX;VRB VEX;lexicon.xml#lemma_2598;lexicon.xml#lemma_2598;;;variants.xml#type_8730;variants.xml#type_8730;VERBAL;high;Imperativ habe stille, koordiniert mit Imperativ erwint;;habe stille und erwint .
DA.tei.xml;DA_2840_8;habe;STRIP;ja;NOM VRB VEX;VRB VEX;lexicon.xml#lemma_2598;lexicon.xml#lemma_2598;;;variants.xml#type_8730;variants.xml#type_8730;VERBAL;high;Hilfsverb mit Partizip vergolten, Subjekt ich;;er sprach : < ich waene ich dir habe
DA.tei.xml;DA_3743_5;habe;STRIP;ja;NOM VRB VEX;VRB VEX;lexicon.xml#lemma_2598;lexicon.xml#lemma_2598;;;variants.xml#type_8730;variants.xml#type_8730;VERBAL;high;daz-Satz, Hilfsverb mit Partizip getân;;< geloubet daz erz getân habe ,
DA.tei.xml;DA_3871_3;habe;STRIP;ja;NOM VRB VEX;VRB VEX;lexicon.xml#lemma_2598;lexicon.xml#lemma_2598;lexicon.xml#lemma_2598_sense_4170;lexicon.xml#lemma_2598_sense_4170;variants.xml#type_8730;variants.xml#type_8730;VERBAL;high;daz-Satz, Konjunktiv, Subjekt ez, Objekt sîn gemach;;daz ez tâlanc habe sîn gemach .
DA.tei.xml;DA_4203_4;habe;STRIP;ja;NOM VRB VEX;VRB VEX;lexicon.xml#lemma_2598;lexicon.xml#lemma_2598;;;variants.xml#type_8730;variants.xml#type_8730;VERBAL;high;Hilfsverb mit Partizip getân im daz-Satz;;der iu iht leides habe getân ,
DA.tei.xml;DA_4553_4;habe;STRIP;ja;NOM VRB VEX;VRB VEX;lexicon.xml#lemma_2598;lexicon.xml#lemma_2598;;;variants.xml#type_8730;variants.xml#type_8730;VERBAL;high;Hilfsverb mit Partizip geliten, Subjekt maniger;;die maniger hie geliten habe ,
DA.tei.xml;DA_5838_4;habe;STRIP;ja;NOM VRB VEX;VRB VEX;lexicon.xml#lemma_2598;lexicon.xml#lemma_2598;;;variants.xml#type_8730;variants.xml#type_8730;VERBAL;high;Hilfsverb mit Partizip getân;;daz ichz dur hôchvart habe getân .
DA.tei.xml;DA_5969_1;habe;STRIP;ja;NOM VRB VEX;VRB VEX;lexicon.xml#lemma_2598;lexicon.xml#lemma_2598;lexicon.xml#lemma_2598_sense_4170;lexicon.xml#lemma_2598_sense_4170;variants.xml#type_8730;variants.xml#type_8730;VERBAL;high;Vollverb mit Subjekt ich, Objekt iuwer hulde, Negation niht;;sôn habe ich iuwer hulde niht ?
DA.tei.xml;DA_7074_3;habe;STRIP;ja;NOM VRB VEX;VRB VEX;lexicon.xml#lemma_2598;lexicon.xml#lemma_2598;lexicon.xml#lemma_2598_sense_4170;lexicon.xml#lemma_2598_sense_4170;variants.xml#type_8730;variants.xml#type_8730;VERBAL;high;Konjunktiv im swer-Satz, Objekt deheine sinne;;swer deheine sinne habe ,
DA.tei.xml;DA_7130_4;habe;STRIP;ja;NOM VRB VEX;VRB VEX;lexicon.xml#lemma_2598;lexicon.xml#lemma_2598;lexicon.xml#lemma_2598_sense_4170;lexicon.xml#lemma_2598_sense_4170;variants.xml#type_8730;variants.xml#type_8730;VERBAL;high;Vollverb: Subjekt ich, Akkusativobjekt die kraft;;oder ich die kraft habe
DA.tei.xml;DA_7513_2;habe;STRIP;ja;NOM VRB VEX;VRB VEX;lexicon.xml#lemma_2598;lexicon.xml#lemma_2598;;;variants.xml#type_8730;variants.xml#type_8730;VERBAL;high;daz er habe: Konjunktiv mit Objekt der witze gunst;;daz er habe der witze gunst .
DA.tei.xml;DA_8149_3;habe;STRIP;ja;NOM VRB VEX;VRB VEX;lexicon.xml#lemma_2598;lexicon.xml#lemma_2598;lexicon.xml#lemma_2598_sense_4170;lexicon.xml#lemma_2598_sense_4170;variants.xml#type_8730;variants.xml#type_8730;VERBAL;high;daz-Satz, Subjekt ich, Objekt iuwer gunst;;daz ich doch habe iuwer gunst .
DA.tei.xml;DA_8222_3;habe;REVIEW;nein;NOM VRB VEX;NOM VRB VEX;lexicon.xml#lemma_2598;lexicon.xml#lemma_2598;;;variants.xml#type_8730;variants.xml#type_8730;VERBAL;medium;"wohl Hilfsverb zu gesehen, dehein pronominal; Habe-Lesung nicht ausgeschlossen";"verbal wahrscheinlich, aber Konfidenz unter high; NOM bleibt vorerst";daz er dehein habe gesehen
DES2.tei.xml;DES2_291281010_8;hawe;KEEP;nein;VRB VEX;VRB VEX;lexicon.xml#lemma_2598;lexicon.xml#lemma_2598;;;variants.xml#type_117159;variants.xml#type_117159;VERBAL;high;Rezept-Imperativ von hauen: Hühner klein hacken;;diß heyssen königs hüner nim iunge gebratenne hüner hawe die an kleyne stücke nym frisch eyer vnd zcu slahe die vnd thu darunter gestossen ingewer vnd ein wenig enyß wol gemenigt geuß das in eynen schönen mörser der heyß sy vnd bestreich da mit die gebraten huner vnd thu sie in den morser vnd thu auch darzcu saffran vnd salcz zcu massen vnd thu den mörser wider zcu dem fewer vnd laß sie backen gleich heyß mit eyn wenig smalczs vnd gib sie gancz hin das heyssen königs hünre
DGE.tei.xml;DGE_10100060_1;hab;KEEP;nein;VRB VEX;VRB VEX;lexicon.xml#lemma_2598;lexicon.xml#lemma_2598;lexicon.xml#lemma_2598_sense_4169;lexicon.xml#lemma_2598_sense_4169;variants.xml#type_8729;variants.xml#type_8729;VERBAL;high;Konjunktiv: er hab alter oder iugent;;er hab alter oder iugent ,
DGM.tei.xml;DGM_320_3;hab;KEEP;nein;VRB VEX;VRB VEX;lexicon.xml#lemma_2598;lexicon.xml#lemma_2598;lexicon.xml#lemma_2598_sense_77622;lexicon.xml#lemma_2598_sense_77622;variants.xml#type_8729;variants.xml#type_8729;VERBAL;high;Hilfsverb mit Partizip getragen, indirekter Fragesatz;;war man si hab getragen ,
DIO.tei.xml;DIO_13832_3;hab;KEEP;nein;VRB VEX;VRB VEX;lexicon.xml#lemma_2598;lexicon.xml#lemma_2598;lexicon.xml#lemma_2598_sense_77622;lexicon.xml#lemma_2598_sense_77622;variants.xml#type_8729;variants.xml#type_8729;VERBAL;high;Hilfsverb: hab ich gesessen, Subjekt ich;;er sprach do hab ich hüt gesessen
DMB.tei.xml;DMB_102100470_1;habe;STRIP;ja;NOM VRB VEX;VRB VEX;lexicon.xml#lemma_2598;lexicon.xml#lemma_2598;lexicon.xml#lemma_2598_sense_4170;lexicon.xml#lemma_2598_sense_4170;variants.xml#type_8730;variants.xml#type_8730;VERBAL;high;ern habe: Konjunktiv mit Objekt vorhte;;ern habe doch vorhte darzuo ,
DMB.tei.xml;DMB_102100540_4;habe;STRIP;ja;NOM VRB VEX;VRB VEX;lexicon.xml#lemma_2598;lexicon.xml#lemma_2598;lexicon.xml#lemma_2598_sense_4169;lexicon.xml#lemma_2598_sense_4169;variants.xml#type_8730;variants.xml#type_8730;VERBAL;high;Konjunktiv, Objekt rehte riwe, parallel zu tuo;;und rehte riwe drumbe habe
DML.tei.xml;DML_1990850_1;habe;STRIP;ja;NOM VRB VEX;VRB VEX;lexicon.xml#lemma_2598;lexicon.xml#lemma_2598;lexicon.xml#lemma_2598_sense_77622;lexicon.xml#lemma_2598_sense_77622;variants.xml#type_8730;variants.xml#type_8730;VERBAL;high;Negation ern plus Partizip genumen: Hilfsverb;;ern habe si ouch an sich genumen .
DNR.tei.xml;DNR_85100340_8;habe;STRIP;ja;NOM VRB VEX;VRB VEX;lexicon.xml#lemma_2598;lexicon.xml#lemma_2598;lexicon.xml#lemma_2598_sense_4169;lexicon.xml#lemma_2598_sense_4169;variants.xml#type_8730;variants.xml#type_8730;VERBAL;high;Konjunktiv, Subjekt iemen, Objekt ungemach;;< ihn wil niht , daz iemen hie habe
DSU.tei.xml;DSU_440_2;hab;KEEP;nein;VRB VEX;VRB VEX;lexicon.xml#lemma_2598;lexicon.xml#lemma_2598;lexicon.xml#lemma_2598_sense_77622;lexicon.xml#lemma_2598_sense_77622;variants.xml#type_8729;variants.xml#type_8729;VERBAL;high;Hilfsverb mit Partizip beschlafen, daz-Satz;;das ich hab beschlafen dich . >
DWR.tei.xml;DWR_1741040_5;habe;STRIP;ja;NOM VRB VEX;VRB VEX;lexicon.xml#lemma_2598;lexicon.xml#lemma_2598;lexicon.xml#lemma_2598_sense_4170;lexicon.xml#lemma_2598_sense_4170;variants.xml#type_8730;variants.xml#type_8730;VERBAL;high;Konzessivsatz, Subjekt er, Objekt swere;;swie groze swere er drumbe habe ,
EGA.tei.xml;EGA_46100080_1;habe;STRIP;ja;NOM VRB VEX;VRB VEX;lexicon.xml#lemma_2598;lexicon.xml#lemma_2598;lexicon.xml#lemma_2598_sense_4170;lexicon.xml#lemma_2598_sense_4170;variants.xml#type_8730;variants.xml#type_8730;VERBAL;high;Konjunktiv nach ich waene, Negation ern-, Objekt die namen;;ern habe die namen alle dri .
EGA.tei.xml;EGA_46200080_1;habe;STRIP;ja;NOM VRB VEX;VRB VEX;lexicon.xml#lemma_2598;lexicon.xml#lemma_2598;lexicon.xml#lemma_2598_sense_4170;lexicon.xml#lemma_2598_sense_4170;variants.xml#type_8730;variants.xml#type_8730;VERBAL;high;ern habe: Negation, Konjunktiv, Objekt die namen;;ern habe die namen alle dri .
FB.tei.xml;FB_618011_1;habe;STRIP;ja;NOM VRB VEX;VRB VEX;lexicon.xml#lemma_2598;lexicon.xml#lemma_2598;lexicon.xml#lemma_2598_sense_4170;lexicon.xml#lemma_2598_sense_4170;variants.xml#type_8730;variants.xml#type_8730;VERBAL;high;Konjunktiv indirekte Rede: si habe man, parallel sî;;si habe man oder ein witwe sî
FD.tei.xml;FD_32108_1;habe;STRIP;ja;NOM VRB VEX;VRB VEX;lexicon.xml#lemma_2598;lexicon.xml#lemma_2598;;;variants.xml#type_8730;variants.xml#type_8730;VERBAL;high;Indirekte Rede: si habe enboten, Hilfsverb;;si habe enboten mir niht wâr
FD.tei.xml;FD_38902_1;habe;STRIP;ja;NOM VRB VEX;VRB VEX;lexicon.xml#lemma_2598;lexicon.xml#lemma_2598;;;variants.xml#type_8730;variants.xml#type_8730;VERBAL;high;Subjekt ich, Hilfsverb zu Partizip vlorn;;ich habe bî vil kurzen tagen
FD.tei.xml;FD_39502_1;habe;STRIP;ja;NOM VRB VEX;VRB VEX;lexicon.xml#lemma_2598;lexicon.xml#lemma_2598;;;variants.xml#type_8730;variants.xml#type_8730;VERBAL;high;indirekte Rede, Hilfsverb mit Partizip erkorn;;er habe ze vrowen iuch erkorn
FD.tei.xml;FD_43408_3;habe;STRIP;ja;NOM VRB VEX;VRB VEX;lexicon.xml#lemma_2598;lexicon.xml#lemma_2598;;;variants.xml#type_8730;variants.xml#type_8730;VERBAL;high;Konjunktiv indirekte Rede, Hilfsverb mit gesaget;;si giht ich habe gesaget unwâr
FD.tei.xml;FD_43906_6;habe;STRIP;ja;NOM VRB VEX;VRB VEX;lexicon.xml#lemma_2598;lexicon.xml#lemma_2598;;;variants.xml#type_8730;variants.xml#type_8730;VERBAL;high;sît ich in habe: Subjekt- und Objektpronomen davor;;den vinger mîn sît ich in habe
FD.tei.xml;FD_44305_0;habe;STRIP;ja;NOM VRB VEX;VRB VEX;lexicon.xml#lemma_2598;lexicon.xml#lemma_2598;;;variants.xml#type_8730;variants.xml#type_8730;VERBAL;high;Relativsatz-Konjunktiv: diu kraft habe, kraft ist Objekt;;habe und sult si senden ir
FD.tei.xml;FD_60403_6;habe;STRIP;ja;NOM VRB VEX;VRB VEX;lexicon.xml#lemma_2598;lexicon.xml#lemma_2598;;;variants.xml#type_8730;variants.xml#type_8730;VERBAL;high;Hilfsverb mit Partizip gegeben, indirekte Frage;;und wizze ich wer ez her habe gegeben
FD.tei.xml;FD_78302_1;habe;STRIP;ja;NOM VRB VEX;VRB VEX;lexicon.xml#lemma_2598;lexicon.xml#lemma_2598;;;variants.xml#type_8730;variants.xml#type_8730;VERBAL;high;Konjunktiv nach giht si, Objekt pfliht;;si habe an iwern êren pfliht
FD.tei.xml;FD_83102_1;habe;STRIP;ja;NOM VRB VEX;VRB VEX;lexicon.xml#lemma_2598;lexicon.xml#lemma_2598;;;variants.xml#type_8730;variants.xml#type_8730;VERBAL;high;Indirekte Rede nach giht, Konjunktiv mit Objekt pfliht;;si habe an iwern êren pfliht
FD.tei.xml;FD_97805_4;habe;STRIP;ja;NOM VRB VEX;VRB VEX;lexicon.xml#lemma_2598;lexicon.xml#lemma_2598;;;variants.xml#type_8730;variants.xml#type_8730;VERBAL;high;Konjunktiv indirekte Frage, Hilfsverb zu verstochen;;wie vil dîn vrowe habe der sper
FD.tei.xml;FD_110503_1;habe;STRIP;ja;NOM VRB VEX;VRB VEX;lexicon.xml#lemma_2598;lexicon.xml#lemma_2598;;;variants.xml#type_8730;variants.xml#type_8730;VERBAL;high;Hilfsverb mit Partizip gedienet, indirekte Rede;;mir habe gedienet sîne tage
FD.tei.xml;FD_120804_0;habe;STRIP;ja;NOM VRB VEX;VRB VEX;lexicon.xml#lemma_2598;lexicon.xml#lemma_2598;;;variants.xml#type_8730;variants.xml#type_8730;VERBAL;high;Hilfsverb mit laazen komen, Subjekt ich;;habe lâzen komen daz ich iuch wer
FD.tei.xml;FD_123302_3;habe;STRIP;ja;NOM VRB VEX;VRB VEX;lexicon.xml#lemma_2598;lexicon.xml#lemma_2598;;;variants.xml#type_8730;variants.xml#type_8730;VERBAL;high;Hilfsverb mit Partizip getân;;ob ich iht habe gein iu getân
FD.tei.xml;FD_124008_2;habe;STRIP;ja;NOM VRB VEX;VRB VEX;lexicon.xml#lemma_2598;lexicon.xml#lemma_2598;;;variants.xml#type_8730;variants.xml#type_8730;VERBAL;high;Imperativ/Konjunktiv daz habe ûf die triwe mîn, daz Objekt;;neve daz habe ûf die triwe mîn
FD.tei.xml;FD_124108_1;habe;STRIP;ja;NOM VRB VEX;VRB VEX;lexicon.xml#lemma_2598;lexicon.xml#lemma_2598;;;variants.xml#type_8730;variants.xml#type_8730;VERBAL;high;Imperativ mit Objekt daz: nimm das auf meine Treue;;daz habe ûf die triwe mîn
FD.tei.xml;FD_124705_1;habe;STRIP;ja;NOM VRB VEX;VRB VEX;lexicon.xml#lemma_2598;lexicon.xml#lemma_2598;;;variants.xml#type_8730;variants.xml#type_8730;VERBAL;high;Imperativ: sô habe daz ûf die triwe;;sô habe daz ûf die triwe mîn
FD.tei.xml;FD_133904_3;habe;STRIP;ja;NOM VRB VEX;VRB VEX;lexicon.xml#lemma_2598;lexicon.xml#lemma_2598;;;variants.xml#type_8730;variants.xml#type_8730;VERBAL;high;Hilfsverb Konjunktiv mit Partizip bereitet;;daz er sich habe bereitet gar
FD.tei.xml;FD_146206_5;habe;STRIP;ja;NOM VRB VEX;VRB VEX;lexicon.xml#lemma_2598;lexicon.xml#lemma_2598;;;variants.xml#type_8730;variants.xml#type_8730;VERBAL;high;daz-Satz, Subjekt er, Konjunktiv niht deste minner habe;;daz er niht deste minner habe
FD.tei.xml;FD_147808_1;habe;STRIP;ja;NOM VRB VEX;VRB VEX;lexicon.xml#lemma_2598;lexicon.xml#lemma_2598;;;variants.xml#type_8730;variants.xml#type_8730;VERBAL;high;Optativ: Subjekt sîn hertze, Objekt danc;;des habe sîn manlîch hertze danc
FD.tei.xml;FD_159405_5;habe;STRIP;ja;NOM VRB VEX;VRB VEX;lexicon.xml#lemma_2598;lexicon.xml#lemma_2598;;;variants.xml#type_8730;variants.xml#type_8730;VERBAL;high;Hilfsverb mit enboten, Subjekt unser herre;;sagt in was uns enboten habe
FD.tei.xml;FD_184302_0;habe;STRIP;ja;NOM VRB VEX;VRB VEX;lexicon.xml#lemma_2598;lexicon.xml#lemma_2598;;;variants.xml#type_8730;variants.xml#type_8730;VERBAL;high;Hilfsverb, Partizip gedienet, konditionale Spitzenstellung;;habe iu mîn lîp gedienet iht
FD.tei.xml;FD_184508_3;habe;STRIP;ja;NOM VRB VEX;VRB VEX;lexicon.xml#lemma_2598;lexicon.xml#lemma_2598;;;variants.xml#type_8730;variants.xml#type_8730;VERBAL;high;Hilfsverb mit Partizipien gesungen und geseit, Subjekt ich;;dar inne iht habe ir werdecheit
FH.tei.xml;FH_20053_4;habe;STRIP;ja;NOM VRB VEX;VRB VEX;lexicon.xml#lemma_2598;lexicon.xml#lemma_2598;lexicon.xml#lemma_2598_sense_4170;lexicon.xml#lemma_2598_sense_4170;variants.xml#type_8730;variants.xml#type_8730;VERBAL;high;Hilfsverb mit Partizip verendet, indirekte Frage;;waz aber er verendet habe
FH.tei.xml;FH_20164_5;habe;STRIP;ja;NOM VRB VEX;VRB VEX;lexicon.xml#lemma_2598;lexicon.xml#lemma_2598;lexicon.xml#lemma_2598_sense_4170;lexicon.xml#lemma_2598_sense_4170;variants.xml#type_8730;variants.xml#type_8730;VERBAL;high;Hilfsverb mit Partizip gerâten, Subjekt ich;;und als ich dir gerâten habe
FH.tei.xml;FH_20165_1;habe;STRIP;ja;NOM VRB VEX;VRB VEX;lexicon.xml#lemma_2598;lexicon.xml#lemma_2598;lexicon.xml#lemma_2598_sense_4170;lexicon.xml#lemma_2598_sense_4170;variants.xml#type_8730;variants.xml#type_8730;VERBAL;high;Imperativ: habe den rât in staeter huote;;sô habe in staetem muote
FH.tei.xml;FH_30208_4;habe;STRIP;ja;NOM VRB VEX;VRB VEX;lexicon.xml#lemma_2598;lexicon.xml#lemma_2598;lexicon.xml#lemma_2598_sense_4170;lexicon.xml#lemma_2598_sense_4170;variants.xml#type_8730;variants.xml#type_8730;VERBAL;high;Hilfsverb zu Partizip versûmet, Subjekt ich;;an dienste mich versûmet habe
FR1.tei.xml;FR1_10009130_1;habe;STRIP;ja;NOM VRB VEX;VRB VEX;lexicon.xml#lemma_2598;lexicon.xml#lemma_2598;lexicon.xml#lemma_2598_sense_4170;lexicon.xml#lemma_2598_sense_4170;variants.xml#type_8730;variants.xml#type_8730;VERBAL;high;Optativ danc habe sîn lîp, Objekt danc vorangestellt;;danc habe sin lip . swelch wirt , der sich also bewar ,
FWWB.tei.xml;FWWB_1030_9;hab;KEEP;nein;VRB VEX;VRB VEX;lexicon.xml#lemma_2598;lexicon.xml#lemma_2598;lexicon.xml#lemma_2598_sense_4170;lexicon.xml#lemma_2598_sense_4170;variants.xml#type_8729;variants.xml#type_8729;VERBAL;high;Rezept-Imperativ mit Akkusativobjekt ein kessel;;"recipe das weiß von eyern vnd weissen mel vnd mach ein past dar von ; reib in lang , schneid clein stucklin glich wie haselnuß , back sey in buttern . dann hab ein kessel , gleich man zucker macht , thu sie dar jnn vnd dar über honich vnd wurff es vmb als zucker . dannn teil eß auß vff ein teller , gleich duo gesehen hast , loß es von jm selber hertt werden"
GAR.tei.xml;GAR_1530_5;hawe;KEEP;nein;VRB VEX;VRB VEX;lexicon.xml#lemma_2598;lexicon.xml#lemma_2598;;;variants.xml#type_117159;variants.xml#type_117159;VERBAL;high;Hilfsverb Konjunktiv mit Partizip getan;;< war er mein vrawen hawe getan ,
GAR.tei.xml;GAR_40930_3;hawe;KEEP;nein;VRB VEX;VRB VEX;lexicon.xml#lemma_2598;lexicon.xml#lemma_2598;;;variants.xml#type_117159;variants.xml#type_117159;VERBAL;high;Konjunktiv im daz-Satz, Subjekt man, Objekt in;;daz man in hawe dester paz .
GGG.tei.xml;GGG_66100850_1;habe;STRIP;ja;NOM VRB VEX;VRB VEX;lexicon.xml#lemma_2598;lexicon.xml#lemma_2598;lexicon.xml#lemma_2598_sense_77622;lexicon.xml#lemma_2598_sense_77622;variants.xml#type_8730;variants.xml#type_8730;VERBAL;high;ern habe genomen: Hilfsverb mit Partizip;;ern habe si ouch an sich genomen .
GOL.tei.xml;GOL_804_5;habe;STRIP;ja;NOM VRB VEX;VRB VEX;lexicon.xml#lemma_2598;lexicon.xml#lemma_2598;lexicon.xml#lemma_2598_sense_77622;lexicon.xml#lemma_2598_sense_77622;variants.xml#type_8730;variants.xml#type_8730;VERBAL;high;Konjunktiv-Hilfsverb mit Partizip verjehen, ob-Satz;;ob sî im iht des habe verjehen :
GR.tei.xml;GR_389_1;habe;STRIP;ja;NOM VRB VEX;VRB VEX;lexicon.xml#lemma_2598;lexicon.xml#lemma_2598;lexicon.xml#lemma_2598_sense_77622;lexicon.xml#lemma_2598_sense_77622;variants.xml#type_8730;variants.xml#type_8730;VERBAL;high;habe wir = haben wir, Hilfsverb mit verloren;;so habe wir iemer mêre
GWTK.tei.xml;GWTK_45110256000_1;hab;KEEP;nein;VRB VEX;VRB VEX;lexicon.xml#lemma_2598;lexicon.xml#lemma_2598;lexicon.xml#lemma_2598_sense_4170;lexicon.xml#lemma_2598_sense_4170;variants.xml#type_8729;variants.xml#type_8729;VERBAL;high;Anrede due plus Imperativ/Konjunktiv hab in in hueete;;dü hab in in hütte
GZM.tei.xml;GZM_23100150_1;habe;STRIP;ja;NOM VRB VEX;VRB VEX;lexicon.xml#lemma_2598;lexicon.xml#lemma_2598;lexicon.xml#lemma_2598_sense_77622;lexicon.xml#lemma_2598_sense_77622;variants.xml#type_8730;variants.xml#type_8730;VERBAL;high;habe wir = 1. Plural, Hilfsverb zu gesant;;den habe wir sundære zedir gesant ,
HHP.tei.xml;HHP_20200400_3;habe;STRIP;ja;NOM VRB VEX;VRB VEX;lexicon.xml#lemma_2598;lexicon.xml#lemma_2598;lexicon.xml#lemma_2598_sense_4171;lexicon.xml#lemma_2598_sense_4171;variants.xml#type_8730;variants.xml#type_8730;VERBAL;high;habe ich mit Objekt ir hulde;;in liebem wâne habe ich wol ir hulde :
HK.tei.xml;HK_183_1;habe;STRIP;ja;NOM VRB VEX;VRB VEX;lexicon.xml#lemma_2598;lexicon.xml#lemma_2598;lexicon.xml#lemma_2598_sense_77622;lexicon.xml#lemma_2598_sense_77622;variants.xml#type_8730;variants.xml#type_8730;VERBAL;high;Hilfsverb mit Partizip geschadet, indirekte Frage;;mir habe sô vaste an im geschadet > .
HK.tei.xml;HK_208_0;hab;KEEP;nein;VRB VEX;VRB VEX;lexicon.xml#lemma_2598;lexicon.xml#lemma_2598;lexicon.xml#lemma_2598_sense_77622;lexicon.xml#lemma_2598_sense_77622;variants.xml#type_8729;variants.xml#type_8729;VERBAL;high;Hilfsverb mit Partizip verdienet, Subjekt ich, Konditionalsatz;;hab ich mit rehter ungedult
HK.tei.xml;HK_376_5;habe;STRIP;ja;NOM VRB VEX;VRB VEX;lexicon.xml#lemma_2598;lexicon.xml#lemma_2598;lexicon.xml#lemma_2598_sense_77622;lexicon.xml#lemma_2598_sense_77622;variants.xml#type_8730;variants.xml#type_8730;VERBAL;high;Hilfsverb mit Partizip emphunden, Subjekt ich;;vil wol ich des emphunden habe
HNI.tei.xml;HNI_34_16;hab;KEEP;nein;VRB VEX;VRB VEX;lexicon.xml#lemma_2598;lexicon.xml#lemma_2598;lexicon.xml#lemma_2598_sense_77622;lexicon.xml#lemma_2598_sense_77622;variants.xml#type_8729;variants.xml#type_8729;VERBAL;high;hab mussen ussnemen: Hilfsverb mit Modalinfinitiv;;jn gottes namen amen . kunt sy allen den die dieß offen instrument sehent oder horent lesen das des jars als man zalt nach christi vnsers hern geburt dusent vierhundert vnd funffvndfunffzigk jar / in der dritten indictien uff dornstag der do was der seste dag des mondes zu latin genannt nouember / cronung des allerheiligsten in gott vater vnd hren / vnsers hren calisti von gotlichen vorsichtikeit des dritten babstes in dem ersten jar / zuschen eilffen vnd zwelff uwern in mittemdage . zu mencz zu den barfussen in dem großen refender in myn offenbar schriber vnd der gezugen hernach benent gegenwertikeit personlich ist gestanden der ersam vnd vorsichtig man jacob fust burger zu mencz vnd von wegen johannis fust sines bruders auch do selbst gegenwertigk hat vorgeleget gesprochen vnd offenbart wie zuschem dem itzgenannt johann fust sinem bruder uff ein vnd johann gutenberg uff die ander parthy dem itzgenannten johann guttenberg zu sehen vnd zu horen solchen eydt dem genannten johann fust nach lude vnd inhalt des rechtspruchs zwischen beden parthyen gescheen bescheiden vnd offgesaczt durch den selben johann fust thun ein entlicher tag uff hude zu dieser stunde in die couent stuben do selbst gesetzt / gestempt vnd benont sy vnd off daz die brüder deß itzgenannten closters noch in der couent stuben versamelt nit bekummert nach beswert werden ließ der genant jacob fust durch sin boden in der egemelten stuben erfragen / ob johann gudenberg oder ymant von sint wegen in dem closter in obgerurter maiß wer daz er sich zu den sachen schicken well noch solcher schickung vnd fragung qwamen in den gemelten refender der ersame her henrich guntherj etwan pffarer zu sant cristofore czu mencz heinrich keffer vnd bechtolff von hanauwe diner vnd knecht deß genannten johann guttenberg vnd nachdem sie durch den genannten johann fuste gefreget vnd besprochen worden waz sie do teden vnd war vmb sie do wern ob sie auch in den sachen macht hetten von johann guttenbergs wegen antwerten sie gemeinlich vnd in sunderheit sie weren bescheiden von irm junchren johann guttenberg zu horen vnd zu sehen was in den sachen gescheen wurd / darnoch johann fust verbottet vnd beczuget das er dem tag genungk thun welt noch dem er offgenummen vnd gesatzt wer / vnd er auch sins widderdeyls johann gutenbergs vor zwelff uwern gewartet het vnd noch wartet / der sich dan selbes zu den sachen nit gefuget hett vnd beweyß sich do bereit vnd wolfertigk dem rechtspruch vber den ersten artickel siner ansprach gescheen noch inhalt des selben genung zu thun / den er von wort zu wort alsdo ließ lesen mitsampt der clage vnd entwert vnd ludet alsus vnd als dan johann fust dem obgenannten johann gutenberg zu gesprochen hait zum ersten als in dem zettel irs vberkummens begriffen sy das er johann gutenberg achthundert gulden an golde vngeuerlich verlegen domit er das werck volnbrengen solt vnd ob das me oder myener kost ging yen nit an vnd das johann guttenberg ym von den selben achthundert gulden seß gulden von yedem hundert zu solde geben soll nu hab er ym solch achthundert gulden uff gülte ußgenummen vnd ym die geben dar an er doch kein gnungen sundert sich beklaget das er der achthundert gulden noch nit habe . also hab er ym ye wellen ein gnungen thun vnd hab ym vber die selben acht hundert gulden noch achthundert gulden me verlacht dan er ym noch lude des obgemelten zettels pfflichtigk sy gewest vnd also hab er von den achthundert gulden die er ym vberig verlacht hat hundert vnd vierczigk gulden zu solde mußen geben vnd wie wol sich der vorgenannt johann guttenberg in der obgenannten zettel verschrieben hait das er im von den ersten achthundert gulden von ydden hundert seß gulden zu solde geben soll so hab er ym doch solchs keyns jars ußgeracht sunder er hab solches selber mußen beczalen das sich driffet an dritthalp hundert gulden zu guter rechnung vnd want nu johann guttenberg ym solchen solt nemlich die seß gulden gelts von den ersten achthundert vnd dan auch den solt von den vberigen achthundert gulden nye ußgeracht noch beczalt hat vnd er den selben solt furter vnder cristen vnd juden hab mußen ußnemen vnd do von seßvnddryßig gulden vngeuerlich zu guter rechnung zu gesuch geben daz sich zusammen mit dem houbpt geld vngeuerlich drifft an zweytusent vnd zwenczig gulden vnd furdert ym solchs als an sin schaden ußzurichten vnd beczalen etc . dar uff johann guttenberg geantwert hat daß ym johann fust acht hundert gulden verlacht solt hain mit solchem gelde er sin geczuge zurichten vnd machen solte vnd mit solchem gelt sichzufreden vnd in sinen nocz verstellen mochte vnd solche geczuge des egenannten johann pffant sin solten vnd das johannes ym jerlichen dryhundert gulden vor kosten geben vnd auch gesinde lone hußzinße permet papier dinte etc . verlegen solt wurden sie alsdan furter nit eins so solte er ym sin achthundert gulden widdergeben vnd sol ten sine geczuge ledig sin do by wol zuuersteen sy das er solch werck mit sinem gelde / das er ym uff sin pffande geluhen hab volnbrengen solt vnd hoff das er ym nit pflichtig sy gewest solch achthundert gulden uff das werck der bucher zulegen vnd wie wol auch in dem czettel begriffen sy das er ym von yddem hundert seß gulden zu gülte geben soll so hab doch johannes fust ym zugesagt das er solcher versoldunge nit begere von ym zunemen so sin ym auch solch achthundert gulden nit alle vnd alßbalde noch inhalt deß czettels worden als er das in dem ersten artickel siner ansprach gemeldet vnd fur gewant hab / vnd von der uberigen acht hundert gulden wegen begert er ym ein rechnung zuthun so gestett er auch ym keins soltes noch wuchers vnd hofft ym im rechten dar vmb nicht pflichtigk sin etc . wie dan solch ansprach antwurt widdered vnd nachrede mit den vnd viel andern worten geludet hait do sprechen wir zum rechten wan johann guttenberg sin rechnung gethain hat von allen innemen vnd ußgeben daß er uff daz werck zu irer beider nocz ußgeben hait was er dan men gelts dor uber enpfanngen vnd ingenummen hait das sall in die achthundert gulden gerechent werdenn wer es aber das sich an rechnung erfunde das er ym me dan acht hundert gulden her uß geben hette die nit in ieren gemeinen nocze kummen wern sall er ym auch widder geben vnd brengt johannes fust by mit dem eyde oder redlicher kuntschafft das er das obgeschrieben gelt uff gülte ußgenummen vnd nit von sinem eigen gelde dar geluhen hat so sall im johann gutenberg solch gulde auch ußrichten vnd beczalen nach lude dez zettels do solch rechtspruch als itz gemelt ist in bywesen der vorgenannten hren heinrichs etc . heinrichs vnd bechtolffs diener des genannten johann guttenbergk gelesen wart der icztgenannte johann fust mit uffligenden fyngern lyplichen uff die heilgen in myner offenbar schribers hant das alles in einem zettel noch lude des rechtspruchs den er mir dan also ubergap begriffen gancz war vnd gerecht wer swure geredt vnd gelubt als ym got soll helffen vnd die heilgen vngeuerlich / vnd ludet der egenannt zedel von wort zu wort also ich johannes fust han ußgenummen sechczendehalp hundert gulden die johann guttenberg worden vnd auch uf vnser gemein wergk gangen sint do von ich dan jerlichs gult solt vnd schaden geben han vnd auch noch eins teils biß her schuldig bin do rechen ich vor ein iglich hundert gulden die ich also ußgenommen hain wie obgeschrieben stet jerlich seß gulden was ym dez selben ußgenummen geldes worden ist das nit uff vnser beder werck gangen ist das sich in rechnung erfindet do von heischen ich ym den soldt noch lude des spruchs vnd das das also ware sy will ich behalten als recht ist noch lude deß ußspruchs uber der ersten artickel myner ansprach so ich an den obgenannten johann guttenbergen gethan han ober vnd uff alle obgerurte sach begeret der obgemeldet johannes fust von mir offenbarschriber eins oder mer offen instrument so vill vnd dick ym deß noit wurde vnd sint alle obgeschrieben sachen gescheen in den jare indictien dag stund babstumme cronung monet vnd stede obgenannt in bywesen der ersamen menner peter granß johann kist johann kumoff johann yseneck jacop fust burger zu mencz / peter girnßheim vnd johannis bonne clericken menczer stadt vnd bistums czu gezugen sunderlichen gebeden vnde geheischen und ich vlrich helmasperger clerick bamberger bistoms von keysrlicher gewalt offen schriber vnd des heilgen stuls zu mencze gesworn notarius / want ich by allen obgemelten punten vnd artickeln wie obgescriben steet mit den obgenanten geczugen gewest bin / vnd sie mit han gehort / hirumb han ich diß offen instrumenter durch eien andern geschriben / gemacht / mit myner hant vnderschriben / vnd mit mynen gewonlichen czeychen geczeichent geheischen dar ber vnd gebeden in geczugniße vnd warer orkunde aller vorgeschribener ding . vlricuß helmasperger notarius .
HZ.tei.xml;HZ_110_5;habe;STRIP;ja;NOM VRB VEX;VRB VEX;lexicon.xml#lemma_2598;lexicon.xml#lemma_2598;lexicon.xml#lemma_2598_sense_77622;lexicon.xml#lemma_2598_sense_77622;variants.xml#type_8730;variants.xml#type_8730;VERBAL;high;Hilfsverb Konjunktiv mit Partizip vergezzen;;biz daz si gar vergezzen habe
HZ.tei.xml;HZ_209_5;habe;STRIP;ja;NOM VRB VEX;VRB VEX;lexicon.xml#lemma_2598;lexicon.xml#lemma_2598;lexicon.xml#lemma_2598_sense_4169;lexicon.xml#lemma_2598_sense_4169;variants.xml#type_8730;variants.xml#type_8730;VERBAL;high;daz-Satz, Subjekt ich, Objekt michel angest;;daz ich des michel angest habe ,
HZ.tei.xml;HZ_315_4;habe;STRIP;ja;NOM VRB VEX;VRB VEX;lexicon.xml#lemma_2598;lexicon.xml#lemma_2598;lexicon.xml#lemma_2598_sense_77622;lexicon.xml#lemma_2598_sense_77622;variants.xml#type_8730;variants.xml#type_8730;VERBAL;high;Hilfsverb mit Partizip erliten, Subjekt ich;;waz ich von ir habe erliten ,
HZU2.tei.xml;HZU2_7213310509004_10;hab;KEEP;nein;VRB VEX;VRB VEX;lexicon.xml#lemma_2598;lexicon.xml#lemma_2598;lexicon.xml#lemma_2598_sense_77622;lexicon.xml#lemma_2598_sense_77622;variants.xml#type_8729;variants.xml#type_8729;VERBAL;high;hab wir gehabt: Hilfsverb mit Partizip;;ich wolfker von wielanstal vnd mein hausvrow vrow gedraut vnd vnser paider chind wir veriehen an disem prief vnd tven chvnt allen den diu disen prief sechent oder hornt lesen . dew nv lewent oder her noch chvnftich sind , daz wir von der samnung des gotshaus datz hertzogenburch gehabt haben irz rechten aigens einen hof datz wielanstal vnd hab wir denselben hof von in gehabt ze rechtem purchrecht . nv hat vns der erber herre her herlieb zv den zeiten probst datz hertzogenburch vnd alle diu samnung des selben gotshaus diu vorgenanten aigenschaft lauterleich vnd gentzleich gegeben mir vnd meiner hausvrowen vnd vnser paider chinden mit alle dem recht vnd sews gehabt habent also weschaidenleich daz ich in ze widerbechsel gegeben han meinz rechten aigens einen hof datz meinhartzdorf mit alle dem recht vnd auch nvtz vnd ich in vnd mein erben gehabt haben ze veld vnd ze dorff gestift oder vngestift versuecht oder vnversuecht swie daz genant sei wann ich vorgenanter wolfker vnd mein hausvrow vrow gedraut vnd vnser paider erben lowen mit vnsern trewn dem vorgenanten hern herlieben probst datz herczogenburch vnd alle der samnung des selben gotshaus . daz wir des selben hofz gewer vnd auch scherm sein fuer alle ansprach allz aigens recht ist vnd landes gewanhait in osterreich . vnd auch zv einer pessern gewishait vnd zv einer gantzen stet lob wir gotfrid vnd nyclo vnd vlreich vnd hainreich diu sewekchen mit vnsern trewn daz wir des vorgenanten hofz gewer vnd auch scherm sein des vorgenanten gotshaus dacz herczogenburch mit sampt wolfkern von wielanstal vnverschaidenleich swaz an ainnen abgieng daz schvllen sew auf dem andern haben dew vor genant samnvng datz herczogenburch . nem aver dar vber daz selb gotshaus dhainen schaden ann dem hof datz meinhartzstorf den in wolfker von wielanstal gegewen hat mit recht den schulle wir in allen ab legen an alle wider red . tet wir des nicht swer dann zter zeit lantzfvrst ist der schol in mit vnserm guetleichen willen in gantburten vnsers guetz so vil alz wir iz haben in dem lant ze osterreich vnd schvllen sew daz selb guet so lang inne haben vntz daz wir in allz daz gelaisten allz iz hie verschriwen stet an disem prief . daz diu red stet vnd vntzebrochen beleib dar vber gib ich vorgenanter wolfker von wielanstal disen prief versigelten mit meinem insigel vnd ich gotfrid der sewekch mit meinem insigel vnd ich nycla der sewekch mit meinem insigel vnd ich vlreich der sewekch mit meinem insigel vnd hainreich der sewekch mit meinem insigel zv einnem offen vrchvnd vnd zv einer steten sichherhait diser sachh . daz ist geschechen vnd der prief gegeben da van christes gepvrd ergangen warn drewczehen hvndert jar dar nach in dem ainz vnd dreiskisten jar an dem awfertag in dem gotshaus ze herczogenburch .
HZU2.tei.xml;HZU2_7413310424004_2;hab;KEEP;nein;VRB VEX;VRB VEX;lexicon.xml#lemma_2598;lexicon.xml#lemma_2598;lexicon.xml#lemma_2598_sense_77622;lexicon.xml#lemma_2598_sense_77622;variants.xml#type_8729;variants.xml#type_8729;VERBAL;high;hab wir gegeben: Hilfsverb 1. Plural;;ich rueger der alachter vnd mein hausvrow vrow alhait veriehen an disem prief vnd tuen chunt allen den diu disen prief sechent oder hornt lesen diu nv lebent oder hernach chvnftich sint daz wir einen hof haben gehabt datz etzleinsperig ze rechtem purchrecht van dem gotshaus ze hertzogenburch vnd ist der selb hof aigen des selben gotshaus ze hertzogenburch nv hab wir daz selb purchrecht ze chaufen gegeben an dem vorgenanten hof datz etzleinsperig alz wir iz haben gehabt van dem gotshaus ze hertzogenburch alz daz recht daz wir doran gehabt haben ze veld vnd ze dorf gestift oder vngestift versuecht oder vnuersuecht wie iz genant sei ich vnd mein hausvrow vrow alhait vm anderthalb hvndert phvnt wienner phenning der wir recht vnd redleich gebert sein vnd hab wir im den selben hof aufgegeben dem vorgenanten gotshaus allz daz recht daz wir dran gehabt haben vnd ist daz geschechen mit aller vnser erben guetleichem willen vnd sei wir dez selben hofz ich vnd mein hausvrow vrow alhait gewer vnd scherm fuer alle ansprach auf recht alz man purchrecht ze recht scherm schol alz lantzrecht in osterreich vnd gewanhait ist vnd durch pesser gewishait vnd auch ze einner gantzen stett wir ich gotfrid van aynoed vnd ich jans von potenprunn vnd stephan von neuwald vnd ich fridreich der harlanter lob wir mit vnsern trewn zv sampt ruegern dem alachter vnuerschaidenleich swaz an vnser ainem abgieng daz schullen sew auf dem andern haben der vorgenant her herlieb probst datz hertzogenbuerch vnd diu samnung dez selben gotshaus nem auer dar vber daz selb gotshaus dhainen schaden an dem hof datz etzleinsperig den in rueger ze chauffen hat gegeben mit recht daz schull wir in allz ab legen an alle wider red . daz lob wir bei vnser trewn tet wir dez nicht swer dann zter weil lantz herre ist in osterreich der schol in mit vnserm guetlichem willen in gantburten vnserz guetz so vil dem vor genanten probst von hertzogenburch vnd seim gotshaus waz er mit seinn trewn gesagen mecht swaz er schaden genamen an dem selben hof hiet mit recht den schull wir in gantz vnd gar ablegen an alle wider red . vnd daz diu red stett vnd vnzebrochen weleib . dor vber geb wir disen prief versigelten vnd bestetten mit vnsern insigeln zv einer offen vrchvnd vnd zv einer statten sicherhait diser sachh . ich rueger mit meim insigel vnd ich gotfrid mit meim insigel vnd ich jans mit meim insigel vnd ich stephan von newnbalt mit meim insigel vnd ich fridreich der harlanter wan ich nicht aigens insigels han so pin ich des mit sampt in purgel alz iz vor geschriben stet an disen prief . daz ist gesehen vnd der prief gegeben da van christes gepuert warn ergangen tausent iar drewhundert iar vnd dar nach in dem ains vnd dreizkisten iar an sand georigen tag in dem gotshaus datz herczogenburch .
HZU2.tei.xml;HZU2_7413310424007_12;hab;KEEP;nein;VRB VEX;VRB VEX;lexicon.xml#lemma_2598;lexicon.xml#lemma_2598;lexicon.xml#lemma_2598_sense_77622;lexicon.xml#lemma_2598_sense_77622;variants.xml#type_8729;variants.xml#type_8729;VERBAL;high;Hilfsverb 1. Pl. hab wir aufgegeben;;ich rueger der alachter vnd mein hausvrow vrow alhait veriehen an disem prief vnd tuen chunt allen den diu disen prief sechent oder hornt lesen diu nv lebent oder hernach chvnftich sint daz wir einen hof haben gehabt datz etzleinsperig ze rechtem purchrecht van dem gotshaus ze hertzogenburch vnd ist der selb hof aigen des selben gotshaus ze hertzogenburch nv hab wir daz selb purchrecht ze chaufen gegeben an dem vorgenanten hof datz etzleinsperig alz wir iz haben gehabt van dem gotshaus ze hertzogenburch alz daz recht daz wir doran gehabt haben ze veld vnd ze dorf gestift oder vngestift versuecht oder vnuersuecht wie iz genant sei ich vnd mein hausvrow vrow alhait vm anderthalb hvndert phvnt wienner phenning der wir recht vnd redleich gebert sein vnd hab wir im den selben hof aufgegeben dem vorgenanten gotshaus allz daz recht daz wir dran gehabt haben vnd ist daz geschechen mit aller vnser erben guetleichem willen vnd sei wir dez selben hofz ich vnd mein hausvrow vrow alhait gewer vnd scherm fuer alle ansprach auf recht alz man purchrecht ze recht scherm schol alz lantzrecht in osterreich vnd gewanhait ist vnd durch pesser gewishait vnd auch ze einner gantzen stett wir ich gotfrid van aynoed vnd ich jans von potenprunn vnd stephan von neuwald vnd ich fridreich der harlanter lob wir mit vnsern trewn zv sampt ruegern dem alachter vnuerschaidenleich swaz an vnser ainem abgieng daz schullen sew auf dem andern haben der vorgenant her herlieb probst datz hertzogenbuerch vnd diu samnung dez selben gotshaus nem auer dar vber daz selb gotshaus dhainen schaden an dem hof datz etzleinsperig den in rueger ze chauffen hat gegeben mit recht daz schull wir in allz ab legen an alle wider red . daz lob wir bei vnser trewn tet wir dez nicht swer dann zter weil lantz herre ist in osterreich der schol in mit vnserm guetlichem willen in gantburten vnserz guetz so vil dem vor genanten probst von hertzogenburch vnd seim gotshaus waz er mit seinn trewn gesagen mecht swaz er schaden genamen an dem selben hof hiet mit recht den schull wir in gantz vnd gar ablegen an alle wider red . vnd daz diu red stett vnd vnzebrochen weleib . dor vber geb wir disen prief versigelten vnd bestetten mit vnsern insigeln zv einer offen vrchvnd vnd zv einer statten sicherhait diser sachh . ich rueger mit meim insigel vnd ich gotfrid mit meim insigel vnd ich jans mit meim insigel vnd ich stephan von newnbalt mit meim insigel vnd ich fridreich der harlanter wan ich nicht aigens insigels han so pin ich des mit sampt in purgel alz iz vor geschriben stet an disen prief . daz ist gesehen vnd der prief gegeben da van christes gepuert warn ergangen tausent iar drewhundert iar vnd dar nach in dem ains vnd dreizkisten iar an sand georigen tag in dem gotshaus datz herczogenburch .
HZU2.tei.xml;HZU2_12613460805004_12;hab;KEEP;nein;VRB VEX;VRB VEX;lexicon.xml#lemma_2598;lexicon.xml#lemma_2598;lexicon.xml#lemma_2598_sense_77622;lexicon.xml#lemma_2598_sense_77622;variants.xml#type_8729;variants.xml#type_8729;VERBAL;high;hab wier gesatzt: Hilfsverb 1. Plural mit Partizip;;ich jordan vnd ich mert sein prueder , otten sven dez tzehentnaer datz ragtz veriehen vnd tvn chvnt allen den die disen prief sehent oder hoerent lesen daz wier ain ansprach haben gehabt gegen dem zehenthof ze raktz vnd allen den zehenten dev von alter dar in gehoerent des heyligen herren sand goerigen gotzhaus ze hertzogenburch . di selben ansprach vnd di recht di wier dar an scholten gehabt haben , di hab wier vnuerschaidenleich vnd aller sacch gesatzt an den erbarn herren hern weychart von winchel , also beschaidenlich , waz der dar vmb spraech zwischen vns vnd dem vorgenanten gotzhaus vmb alle sach daz scholt wier staet haben . do sprach der vorgenant herr her weychart von winchel daz wier vorgenant zwen pruder ich jordan vnd ich mert zv dem ersten auf gaben dem erbern herren probst seyfrid alle di ansprach vnd di recht der wier iahen an dem vorgenanten zehenthof vnd den zehent di von alter dor in gehoerent . do gab ich vorgenanter jordan auf dem erbern herren probst seyfrid mein tayl vnd alle di ansprach di ich het hintz dem vorgenanten zehenthof vnd ich mert gab auf dem vorgenanten probst seyfrid mein tayl vnd meines pruder hern chvnratz tayl dez pharrer datz eybenstayn der mier seinen tayl het aufgegeben ledichleich vor dem erbern herren hern weychart von winchel vnd vor andern erbarn leuten also beschaidenlich daz wier hin fur ebichleich dhain chrieg noch dhain ansprach noch dhain recht gegen dem vorgenanten zehenthof vnd zehent , di dor in gehoerent nicht haben noch suechen schullen . vnd daz dem gotzhaus vnd der samnung dez heyligen herren sand goerigen datz hertzogenburch disev red staet vnd vnzeprochen beleib daz lob wier mit vnsern trewen vnd wann wier aigens insigel nicht haben wier vorgenant jordan vnd mert so verpinten wier vns vnder vnsers genaedigen herren hern weychart von winchel insigel der diser sach vertaydinger zwischen vnser gebesen ist , staet vnd vnzeprochen behalten als vor verschriben ist . vnd dar vber zv einer pezzern sicherhait sint der sacch gezeug der erbar man gotfrid der plespergaer mit seinem anhangunden insigel vnd der erber man utz purgraf datz ritschaw mit seinem anhangunden insigel vnd ander erber leut genueg den di sacch wol chunt ist . der prief ist gegeben do man zalt von christi gepurd drevzehen hundert dar nach in dem secchs vnd vierczgisten iar an sand oswaldi tag .
HZU2.tei.xml;HZU2_29714470708022_7;hab;KEEP;nein;VRB VEX;VRB VEX;lexicon.xml#lemma_2598;lexicon.xml#lemma_2598;lexicon.xml#lemma_2598_sense_4170;lexicon.xml#lemma_2598_sense_4170;variants.xml#type_8729;variants.xml#type_8729;VERBAL;high;Vollverb: darauf ich ganczen zehent daselbs hab;;ich jorig grabmer zu slikendorff bekenn fur mich vnd all mein erben vnd tun kund mit dem offen brief allden den er furchumbt als ain bericht zwischen mein vnd meiner erben ains tails vnd zwischen thaman dem veirtager anstat sein selbs vnd seiner geswistreid dafür er sich angenomen hat des andern tails von ains halben zehents wegen in tuenawer veld gelegen beschehen vnd nach lautt zwair spruchbrief darumben ausgegangen beslossen vnd mir vorgenanten grabner vnd meinen erben derselb zehent aller zugesprochen vnd der erwirdig geistleich herr her johanns brobst zu herczogburgk sein capitel vnd all ir nachkomen des gotzhaus daselbs zu herczogenburgk mit irem gegentail des zehents daselbs in tuenawer veld in demselben meinem spruchbrief so zwischen mein meiner erben vnd des vorgenanten veirtager vnd seiner geswistreid von des halben zehents wegen daselbs in tuenawer veld ausgegangen etwas vnpilleich in demselben spruchbrieff vbergriffen vnd darin berurt ist vnd dem vorgenanten brobst johannsen seinem capitel vnd iren nachkomen vnd dem gotzhaus daselbs kunftigcleich zu schaden an irm benanten halben tail des zehents daselbs in tuenawer veld komen moecht nach dew mir vnd mein erben derselb zehent in tuenawer veld aller in der vorberurten bericht vnd spruchbriefen ist zugesprochen vnd wir vorgenant grabner vnd veirtager doch nur von des halben zehents wegen in zwitrecht gestanden vnd darumb entschaiden sein vnd darumb das der vorgemelt spruchbrief der zwischen mein vorgenanten jorign grabner vnd meiner erben auch des offtgenanten veirtager vnd seiner geswistreid von des halben zehents ausgegangen nicht verkert werdt auch dem vorgenanten brobst johannsen seinem capitel vnd iren nachkomen an irn halben tail zehent in tuenawer veld dhainen schaden bring also gelob ich vorgenanter grabner für mich vnd all mein erben mit kraft des gegenburttigen briefs das ich den offt genanten herrn johannsen brobst zu herczogburgk sein capitel vnd all ir nachkomen des gotzhaus daselbs an dem vor genanten halben tail zehents in tuenawer veld dhain irrung noch ingriff tuen sulln sunder sy oder ir anwelt den mit rue heben vnd an ir gewarsam fuern lassen wellen vnd der vorgemelt spruchbrief so zwischen mein des egenanten veirtager vnd seiner geswistreid ausgegangen ist sol gen dem bemelten brobst johannsen seinem capitel vnd allen iren nachkomen von des egemelten halben zehents wegen dhain kraft haben sunder gen in ab tod vnd vernichte sein doch mir egenanten jorign grabner vnd mein erben vnengolten vnd an schaden gegen den benanten veirtagern vnd irn erben vnd an dem halben tail zehentz den ich hab in tuenawer veld mit sambt den purckrecht ekchern darauf ich ganczen zehent daselbs hab der bei sechs jeuchn ist dew mir purkrecht in mein hof zu slikendorff dient vnd des zu ainem warn vrkund gib ich obgenanter iorig grabner für mich vnd all mein erben dem egemelten herrn johannsen brobst zu herczogburgk vnd seinem capitel vnd allen iren nachkomen des gotzhaus daselbs den brief besigelten mit meinem anhangunden insigel der sach ist auch geczeug mit seinem anhangunden in sigel mein lieber swager jorig der kelberharder phleger zu spicz den ich darumb mit fleis gepetn hab doch im vnd seinen erben an schaden . geben zu spicz an samtztag vor sand margrethen tag do man zalt von cristi gepurd vierczehenhundert iar vnd im sibenvndvierczigisten iare .
JT.tei.xml;JT_164000_1;hab;KEEP;nein;VRB VEX;VRB VEX;lexicon.xml#lemma_2598;lexicon.xml#lemma_2598;lexicon.xml#lemma_2598_sense_4172;lexicon.xml#lemma_2598_sense_4172;variants.xml#type_8729;variants.xml#type_8729;VERBAL;high;hab wir = haben wir, mit zu-lobene-Konstruktion;;des hab wir got zelobene , wan engel valsch sint ewic gar in sunden .
JT.tei.xml;JT_192000_4;hab;KEEP;nein;VRB VEX;VRB VEX;lexicon.xml#lemma_2598;lexicon.xml#lemma_2598;lexicon.xml#lemma_2598_sense_77622;lexicon.xml#lemma_2598_sense_77622;variants.xml#type_8729;variants.xml#type_8729;VERBAL;high;Subjekt ich, Hilfsverb zu Partizip verterket;;mich zihent , ich hab verterket ein pfat , vil wit daz lig der diet unspehende ,
JT.tei.xml;JT_193000_2;hab;KEEP;nein;VRB VEX;VRB VEX;lexicon.xml#lemma_2598;lexicon.xml#lemma_2598;lexicon.xml#lemma_2598_sense_77622;lexicon.xml#lemma_2598_sense_77622;variants.xml#type_8729;variants.xml#type_8729;VERBAL;high;Hilfsverb mit Partizip enpfueret, Subjekt ich;;da zuo hab ich in schif und bruk enpfueret ,
JT.tei.xml;JT_223000_2;hab;KEEP;nein;VRB VEX;VRB VEX;lexicon.xml#lemma_2598;lexicon.xml#lemma_2598;lexicon.xml#lemma_2598_sense_4171;lexicon.xml#lemma_2598_sense_4171;variants.xml#type_8729;variants.xml#type_8729;VERBAL;high;Imperativ an herze mit Objekt di staet;;herze , hab di staet an dem gedingen ,
JT.tei.xml;JT_462000_3;hab;KEEP;nein;VRB VEX;VRB VEX;lexicon.xml#lemma_2598;lexicon.xml#lemma_2598;lexicon.xml#lemma_2598_sense_77622;lexicon.xml#lemma_2598_sense_77622;variants.xml#type_8729;variants.xml#type_8729;VERBAL;high;Hilfsverb Konjunktiv mit Partizip gevaret;;swie vil er hab gevaret sunden meiles , in dem paradise
JT.tei.xml;JT_1831000_2;hab;KEEP;nein;VRB VEX;VRB VEX;lexicon.xml#lemma_2598;lexicon.xml#lemma_2598;lexicon.xml#lemma_2598_sense_4169;lexicon.xml#lemma_2598_sense_4169;variants.xml#type_8729;variants.xml#type_8729;VERBAL;high;Konjunktiv: die rede hab ein ende, ende ist Objekt;;die rede hab ein ende ! lat disen werden suezen
JT.tei.xml;JT_5772000_10;hab;KEEP;nein;VRB VEX;VRB VEX;lexicon.xml#lemma_2598;lexicon.xml#lemma_2598;lexicon.xml#lemma_2598_sense_77622;lexicon.xml#lemma_2598_sense_77622;variants.xml#type_8729;variants.xml#type_8729;VERBAL;high;Konjunktiv-Hilfsverb mit Partizip verdrozzen im als-ob-Satz;;sint ritter unde vrowen , als ob si keiner vreuden hab verdrozzen .
JT.tei.xml;JT_5913000_4;hab;KEEP;nein;VRB VEX;VRB VEX;lexicon.xml#lemma_2598;lexicon.xml#lemma_2598;lexicon.xml#lemma_2598_sense_77622;lexicon.xml#lemma_2598_sense_77622;variants.xml#type_8729;variants.xml#type_8729;VERBAL;high;Hilfsverb mit Partizip verschuldet, Subjekt min lip;;mit welcher tat daz hab min lip verschuldet ,
JT.tei.xml;JT_6082000_7;hab;KEEP;nein;VRB VEX;VRB VEX;lexicon.xml#lemma_2598;lexicon.xml#lemma_2598;lexicon.xml#lemma_2598_sense_4170;lexicon.xml#lemma_2598_sense_4170;variants.xml#type_8729;variants.xml#type_8729;VERBAL;medium;Konjunktiv: der gral daz zu gebene habe;Konfidenz unter high, keine Aenderung noetig;und in der gral zu gebene daz hab , so wold ich immer gern erwerben
JT.tei.xml;JT_6192000_1;habe;REVIEW;nein;NOM VRB VEX;NOM VRB VEX;lexicon.xml#lemma_2598;lexicon.xml#lemma_2598;lexicon.xml#lemma_2598_sense_4170;lexicon.xml#lemma_2598_sense_4170;variants.xml#type_8730;variants.xml#type_8730;VERBAL;medium;Verb mit Akkusativobjekt diu werch, kein Determinativ davor;"verbal wahrscheinlich, aber Konfidenz unter high; NOM bleibt vorerst";und habe diu werch gemeine der minne wol . daz bin ich , kint , iuch sagende :
JT.tei.xml;JT_8053000_2;hab;KEEP;nein;VRB VEX;VRB VEX;lexicon.xml#lemma_2598;lexicon.xml#lemma_2598;lexicon.xml#lemma_2598_sense_77622;lexicon.xml#lemma_2598_sense_77622;variants.xml#type_8729;variants.xml#type_8729;VERBAL;high;daz-Satz, Hilfsverb mit Partizip gerochen;;daz si hab ir haz an mir gerochen .
JT.tei.xml;JT_9351000_1;hab;KEEP;nein;VRB VEX;VRB VEX;lexicon.xml#lemma_2598;lexicon.xml#lemma_2598;lexicon.xml#lemma_2598_sense_4172;lexicon.xml#lemma_2598_sense_4172;variants.xml#type_8729;variants.xml#type_8729;VERBAL;high;Konjunktiv mit Subjekt nieman, Objekt vur wunder;;nieman hab vur wunder , daz gamuret aleine
JT.tei.xml;JT_9653000_0;hab;KEEP;nein;VRB VEX;VRB VEX;lexicon.xml#lemma_2598;lexicon.xml#lemma_2598;lexicon.xml#lemma_2598_sense_77622;lexicon.xml#lemma_2598_sense_77622;variants.xml#type_8729;variants.xml#type_8729;VERBAL;high;Hilfsverb mit Partizip zubrochen, konditionale Spitzenstellung;;hab ich iendert ritters recht zubrochen
JT.tei.xml;JT_9693000_6;hab;KEEP;nein;VRB VEX;VRB VEX;lexicon.xml#lemma_2598;lexicon.xml#lemma_2598;lexicon.xml#lemma_2598_sense_4170;lexicon.xml#lemma_2598_sense_4170;variants.xml#type_8729;variants.xml#type_8729;VERBAL;high;Konjunktiv im daz-Satz: daz ers hab ere, ere Objekt;;nach cristenlicher e , daz ers hab ere .
JT.tei.xml;JT_10252000_2;habe;STRIP;ja;NOM VRB VEX;VRB VEX;lexicon.xml#lemma_2598;lexicon.xml#lemma_2598;lexicon.xml#lemma_2598_sense_4169;lexicon.xml#lemma_2598_sense_4169;variants.xml#type_8730;variants.xml#type_8730;VERBAL;high;nu habe: Imperativ/Optativ, Objekt gemeine, Subjekt jesus;;< nu habe mit dir gemeine jesus , der des lebens wart beroubet
JT.tei.xml;JT_10894000_5;hab;KEEP;nein;VRB VEX;VRB VEX;lexicon.xml#lemma_2598;lexicon.xml#lemma_2598;lexicon.xml#lemma_2598_sense_77622;lexicon.xml#lemma_2598_sense_77622;variants.xml#type_8729;variants.xml#type_8729;VERBAL;high;Hilfsverb mit Partizip verlorn, Subjekt ich;;< ich vurcht , ich hab di vrucht verlorn , di ich enpfienc von gamuretes minne . >
JT.tei.xml;JT_12382000_6;hab;KEEP;nein;VRB VEX;VRB VEX;lexicon.xml#lemma_2598;lexicon.xml#lemma_2598;;;variants.xml#type_8729;variants.xml#type_8729;VERBAL;high;Imperativ mit du: hab du liep;;di herten stahel zeine , di hab du liep vur kraft der adamande .
JT.tei.xml;JT_12702000_8;habe;STRIP;ja;NOM VRB VEX;VRB VEX;lexicon.xml#lemma_2598;lexicon.xml#lemma_2598;;;variants.xml#type_8730;variants.xml#type_8730;VERBAL;high;Imperativ du habe nicht wan mit Objekt wan;;vor valsch ich bin di frie . du habe nicht wan , daz ich dich well versuochen ,
JT.tei.xml;JT_13223000_5;hab;KEEP;nein;VRB VEX;VRB VEX;lexicon.xml#lemma_2598;lexicon.xml#lemma_2598;;;variants.xml#type_8729;variants.xml#type_8729;VERBAL;high;Hilfsverb mit Partizip gevangen, Subjekt minne;;ob dich ie werdiu minne hab gevangen .
JT.tei.xml;JT_15742000_5;hab;KEEP;nein;VRB VEX;VRB VEX;lexicon.xml#lemma_2598;lexicon.xml#lemma_2598;;;variants.xml#type_8729;variants.xml#type_8729;VERBAL;high;hab wir gefullet: Hilfsverb mit Partizip;;di erde zuo den luften hab wir gefullet sit mit ougen regene
JT.tei.xml;JT_18881000_1;hab;KEEP;nein;VRB VEX;VRB VEX;lexicon.xml#lemma_2598;lexicon.xml#lemma_2598;lexicon.xml#lemma_2598_sense_4170;lexicon.xml#lemma_2598_sense_4170;variants.xml#type_8729;variants.xml#type_8729;VERBAL;high;Imperativ mit Objekt gelouben vesten;;und hab gelouben vesten , als dir ecclesje zeiget .
JT.tei.xml;JT_18913000_1;hab;KEEP;nein;VRB VEX;VRB VEX;lexicon.xml#lemma_2598;lexicon.xml#lemma_2598;;;variants.xml#type_8729;variants.xml#type_8729;VERBAL;high;Konjunktiv mit Negation niht hab, Objekt schermes pflege;;niht hab durch gab , durch liebe noch durch leide .
JT.tei.xml;JT_19213000_4;hab;KEEP;nein;VRB VEX;VRB VEX;lexicon.xml#lemma_2598;lexicon.xml#lemma_2598;lexicon.xml#lemma_2598_sense_4170;lexicon.xml#lemma_2598_sense_4170;variants.xml#type_8729;variants.xml#type_8729;VERBAL;high;der hab: Konjunktiv mit Subjekt der, Objekt bluomen;;unwirde hat , der hab di bluomen holde .
JT.tei.xml;JT_19904000_7;hab;KEEP;nein;VRB VEX;VRB VEX;lexicon.xml#lemma_2598;lexicon.xml#lemma_2598;lexicon.xml#lemma_2598_sense_4170;lexicon.xml#lemma_2598_sense_4170;variants.xml#type_8729;variants.xml#type_8729;VERBAL;high;Konjunktiv-Wunsch: er hab undank, Objekt undank;;durch vreude vrowe genennet wart : er hab undank , der vreud und vrowen leide !
JT.tei.xml;JT_21494000_1;hab;KEEP;nein;VRB VEX;VRB VEX;lexicon.xml#lemma_2598;lexicon.xml#lemma_2598;lexicon.xml#lemma_2598_sense_4170;lexicon.xml#lemma_2598_sense_4170;variants.xml#type_8729;variants.xml#type_8729;VERBAL;high;Konjunktiv-Aufforderung: der habe sich an die wahren;;der hab sich an di waren , so wirt sin schuld vor got vil gar entschuldet .
JT.tei.xml;JT_21504000_2;hab;KEEP;nein;VRB VEX;VRB VEX;lexicon.xml#lemma_2598;lexicon.xml#lemma_2598;lexicon.xml#lemma_2598_sense_4170;lexicon.xml#lemma_2598_sense_4170;variants.xml#type_8729;variants.xml#type_8729;VERBAL;high;Imperativ mit Objekt gedingen, kein Determinativ;;in leide hab gedingen , in vreuden sol man kumftic leit besorgen !
JT.tei.xml;JT_26172000_5;habe;STRIP;ja;NOM VRB VEX;VRB VEX;lexicon.xml#lemma_2598;lexicon.xml#lemma_2598;;;variants.xml#type_8730;variants.xml#type_8730;VERBAL;high;habe wir = 1. Plural, Hilfsverb zu funden;;daz sueze nach dem suren habe wir hie volliclichen funden . >
JT.tei.xml;JT_35984000_4;hab;KEEP;nein;VRB VEX;VRB VEX;lexicon.xml#lemma_2598;lexicon.xml#lemma_2598;;;variants.xml#type_8729;variants.xml#type_8729;VERBAL;high;ich hab vergezzen: Hilfsverb mit Partizip;;"ir jeht , ich hab vergezzen der hohen wert ; ich zelt si ie gen prise ."
JT.tei.xml;JT_40224000_2;habe;STRIP;ja;NOM VRB VEX;VRB VEX;lexicon.xml#lemma_2598;lexicon.xml#lemma_2598;lexicon.xml#lemma_2598_sense_4172;lexicon.xml#lemma_2598_sense_4172;variants.xml#type_8730;variants.xml#type_8730;VERBAL;high;Imperativ/Konjunktiv nach du, Objekt daz;;< du habe daz fur minne , daz da minne sunder haz enzundet .
JT.tei.xml;JT_48173000_3;habe;STRIP;ja;NOM VRB VEX;VRB VEX;lexicon.xml#lemma_2598;lexicon.xml#lemma_2598;;;variants.xml#type_8730;variants.xml#type_8730;VERBAL;high;Hilfsverb mit Partizip gerichet, Subjekt wir;;mit disen listen habe wir gerichet
JT.tei.xml;JT_56033000_1;hab;KEEP;nein;VRB VEX;VRB VEX;lexicon.xml#lemma_2598;lexicon.xml#lemma_2598;lexicon.xml#lemma_2598_sense_4170;lexicon.xml#lemma_2598_sense_4170;variants.xml#type_8729;variants.xml#type_8729;VERBAL;high;Konjunktiv mit Subjekt sie, Objekt wal;;des hab sie wal al nach ir selbes muote :
JT.tei.xml;JT_59732000_0;habe;STRIP;ja;NOM VRB VEX;VRB VEX;lexicon.xml#lemma_2598;lexicon.xml#lemma_2598;;;variants.xml#type_8730;variants.xml#type_8730;VERBAL;high;Imperativ mit Objekt wunsch, Anrede-Kontext;;habe wunsch zu aller pflihte nach dinem willen immer ewicliche !
JT.tei.xml;JT_60332000_5;habe;STRIP;ja;NOM VRB VEX;VRB VEX;lexicon.xml#lemma_2598;lexicon.xml#lemma_2598;lexicon.xml#lemma_2598_sense_4170;lexicon.xml#lemma_2598_sense_4170;variants.xml#type_8730;variants.xml#type_8730;VERBAL;high;swer-Satz, Konjunktiv mit Objekt die selben sinne;;swer noch die selben sinne habe , dem wunsch ich des in allen landen ,
KAK.tei.xml;KAK_76100540_1;habe;STRIP;ja;NOM VRB VEX;VRB VEX;lexicon.xml#lemma_2598;lexicon.xml#lemma_2598;lexicon.xml#lemma_2598_sense_4170;lexicon.xml#lemma_2598_sense_4170;variants.xml#type_8730;variants.xml#type_8730;VERBAL;high;1. Plural habe wir mit Objekt niht genuc;;nu habe wir sundære niht genuc
KAK.tei.xml;KAK_76100740_1;habe;STRIP;ja;NOM VRB VEX;VRB VEX;lexicon.xml#lemma_2598;lexicon.xml#lemma_2598;lexicon.xml#lemma_2598_sense_77622;lexicon.xml#lemma_2598_sense_77622;variants.xml#type_8730;variants.xml#type_8730;VERBAL;high;habe wir = 1. Plural, Hilfsverb zu verdienet;;so habe wir sundære wider got
KFB.tei.xml;KFB_11812_4;hawe;KEEP;nein;VRB VEX;VRB VEX;lexicon.xml#lemma_2598;lexicon.xml#lemma_2598;;;variants.xml#type_117159;variants.xml#type_117159;VERBAL;high;Fechtanweisung, Imperativ von hauen durch den Kopf;;salamonias j loitt wijßs victoriale j loitt spainsgroen j loyt salpeter j loytt seyer nach anderhalff so vyll sylbers als goltz hyr hebet sich aen der text vnd zedell ym langen sweerd zom eersten mach gudt bossenn vnd streck dy arm fry wastu dan fichts das wapent sich . item dy . v . hewe vernym also , den over hewe van der rechter achselin myt langer snyden vnd mach bossen myt dem lincken voysz des glichen yst auch der linck ouer hewe mach bossen myt dem rechten voysz vnd hawe myt der langen snyden durch ym deen koff ym stortz item hewe veder vmb durch ym den koff yn schylt vnd vidder vmb durch ym den koff yn stortz , vnd lech das swert vff den ruck laysz esz syncken vff dy rechten syten keer den knouff gegen den man vnd den ort hynder vsz so komstu yn den rechten myttel hewe hewe vur ewech vmb den koff yn den lincken myttel hewe , vnd vidder vmb yn den koff yn dy rechte weschel myt der langenn snyden nydder myt der kortzen snydenn vff vmb den koff yn den lincken weschell . das synt dy . v . hewe dy eyn ycklinger leren sail der anders recht fechten wil item hyr volget nach der text vnd gloysz dar na man hewen sael . item nach deser figuren sall man hewen , alle hewe durch das gesicht mit gestreckten armen vnd mach gut bossen yn allen dyngen so mach dir nyt misselingen . item hyr nach volget der zedell des langenn swerts wastu starck wils dryben das fecht myt gantzem lebe beyd vnden vnd obenn dy zwei dyng dryb starck das will ich lobenn . item erschrecks du gern keyn fechten nummer enlern , wer fechten will der sall haben eyn hertz alsz eyn lewe vnd sall al so scharff seen alsz eyn valck vnd sall also behende syn alsz eyn vogel . item dy vyer bloyß ym swerd vernym also , dy zwo ouer bloyß am haupt dy ander zwo vnderbloyß zo beyden syten vnder deen armen . item dy veyr leger vernym al so . lege das swert vff dy rechte aschel vnd setz dyn liff yn wage myt guden bossen des glygen yst auch der lynck ouer leger stell den rechten voyß vur . das rechte vnder leger vernym also stell den lyncken voyß vur vnd lege das swert myt dem geholtz vff das rechte beyn den ort dem man gegent das gesicht , des glich yst auch der linck vnder leger keer das swert denn ort dem mann gegen das gesicht . item dy vyer an bynde ym swert vernym also bynde ym an myt der kortzen snyden an dy lincken ouer bloyß trydt vort vnd byndt ym myt der langen snyden an dy rechte over bloyß tryt vort vnd slage ym nach der lyncken vnder bloyß myt der kortzen snyden vnd tryt vort vnd slage ym nach der rechten vnder bloyß myt der flech . item eyn stuck heyst der flogel bynde ym ouen mit der kortzen snyden vnd slage ym nach der rechten vnder bloyß mit langer snyden . vnd bald myt der kortzen nach der ouer bloyß vnd hewe durch van dem man yn das lyncke vnder leger . item eyn stuck heyst das verzocking . do als wulstu ym rechs anbinden vnd bynd ym lincks an vnd do als wulstu ym lyncks an bynden vnd bynde ym rechs an vnd hewe dich starck myt der langen snyden van dem man yn den lyncken vnder leger so bistu nicht bloyß zo vinden . item eyn stuck heyst der durch weschell . fry van beyden syten so machs du des mans woel beyden vnd hewe myt schryden fry van eyner bloyß zo der andern so machs du frolich wandern . item eyn stuck dy yser porte geheyssen . lege dich yn das lynck vnder leger vnd layß den ort synckenn vff dy erde vnd hewe den flogell hewe vnd strych vff vß der rechten syten vur yn schylt vnd vß der lincker syten widder vff yn stortz so komstu vß der ysern porten yn den gassen hewe . item ein stuck heyst der pluck . den pluck vernym also wendt vß dem rechten leger yn den lincken vnd vß dem lincken widder yn rechten so sichstu was der man vff dych dryben will ader stycht her du kanß ym brechenn item eyn stuck heyst der olber . den olber vernym also kere den ort yn dy lucht vnd halt den schilt vur den koff was der man slecht van dach das kan man dar myt brechenn item eyn stuck heyst der schilder . den schilder vernym also schyl lincks vnd slach rechs , vnd schil rechst vnd slach lincks . so veruerß du den man mit dem gesicht des frewet her sych nycht . item eyn stuck heyst der scheller . den scheller vernym also schelle eyn mael . zwei . dry . vidder syne clyngen so machst du yn bloyß vynden item eyn stuck heyst der verkerer . den verkerer vernym also lech dyn swerd vuer den kopf . layß den ort hinder nidder sincken vnd kerre yn vff dy recht syten vnd vff dy lincken flucks van eyner zo der ander so kan er sich vur dyr nyt huden so machs du yn gare balde bloyß vynden so yst der verkerer gerecht item eyn stuck heyst der ocks . den ocksen vernym also setz den knauff an dy brust den ort dem man gegen dem gesycht vnd drynge starck zo ym vnd hewe yn den flogel vnd flucks vß der rechten syten yn schyll slach vß dem schylt nach der lincken ouer bloyß vnd swyndt nach der rechten so muß er versetzen ader wyrt hart geslagenn item eyn stuck heyst der sprechvinster . das vernym also mach eyn winde vur dem kopf das dyn armen krutzwerß synt so sychstu dar zußen vß was der man dryben will vnd gayn gare groysse streych dar nach vß dem sprechvinster du kanst yn zo beyden syten slagen lyncks ader rechs item eyn broch komt vß der sprechvinster . so dyr eyn man starck zom kopf sleget valle ym mit der kortzen snyden vuer syn clynge stoysz ym syn swerte weck so entbloyß du ym syn kopf item eyn stuck heyst der gulden hewe . do alß wolstu ym rechst an bynden vnd bynd ym lincks an slage ym zween ader dry slege nach en ander nach siner rechter ouer bloyß so yst der gulden hewe recht item eyn broch ouer den gulden hewe . wan du suchs das eyner den gulden hewe bruchen wyll so slage ym mit der kortzen snyden an syn linck ouer bloiß was er dan slecht das kanstu versetzen vnd tryt zo ruck vnd hewe dich mit dem gulden hewe van dem man durch yn sturtz vnd lech dich in das linck vnder leger so bistu widder gewapent item eyn stuck heyst der dryangel . den dryangel vernym also lech dich in dy rechte weschel vnd schrydt myt dym rechten voyß vff syn rechte syt vnd stoeß mit der kortzer snyden ym syn swert vff , vnd springe myt dynem lincken voyß hynder yn so vynstu yn bloyß am kopf item eyn broch vuer den dryangel . wan du sychs das eyner den dryangel bruchen will so lege yn den schylt vnd tryt zo ruck vnd versetz em myt der gulden versetzynge slage ym nach der neyster vuer bloyß item das krom anbyndung . dy krom anbyndung vernym also do wy du wuls ym recht anbynden vnd byndt ym myt der langen snyden lincks an vnd zock wy du ym wuls rechs anbynden vnd blyue an der seluer syten slage yn dy recht ouer bloyß mit der kortzen snyden swyndt nach der lyncken vnd hewe dich aff myt der gulden hewe des mach er sich nyt frewen item wer sycht vff eyns ander hewe der darff syn konst nyt frewen , hewe ouen aff was du wylt , sich kompt keyn wescheler yn den schilt zo koff zo libe dy zuck nyt vermide ych sach dyr verware schoen keyn man am faren . erschrecks du gerne keyn fechten nummer enlern . es yst keyn besser versetzungk dan dy man myt den streyche duyt . item eyn swert nemen . das vernym also byndt dem mann ouen an vnd gryff myt der lyncker hant vszen vff syn arm mit verkerter hant yn syn gehultz vnd ruck nach dyr so nymstu ym das swert item auer eyn swert nemen . das vernym also do als wuls du ym starck anbynden vnd valle ym myt dynem gehults vuer syn clynge vnd myt der lincker hant an syn gehultz ruck starck zo dyr so nymstu ym das swert vnd steyst ym kampff item eyn fry stuck wy man den man werffen sall ym swerdt . das vernym also byndt ym starck ouen an vnd gryff yn mit diner lincken hant an syn rechten elenbogen stoyß ym starck vff an syn gesicht so wyrff du yn vff syn ruck item wan du eyn man vff den koff wyls smißenn . do wy du ym starck wuls anbynden vnd gryff mit dyner lincker hant zußenn syn gehultz vnd ruck starck nach dyr so machs du ym den koff bloyß item eyn ouer lauff ym swerdt wy du eyn man werffen sals . das vernym also do we du ym wuls recht an bynden vnd byndt ym kromß an wynd myt der kortzen snyden vff syn klyngen gryff mit dyner lincker hant an dyn clynge lege ym das swert an den hals vnd tryt mit dynem lincken voyß hynder synen lincken , ruck yn starck nach dir so moyß er vallenn item eyn vnder lauff ym swerdt . das vernym also do wy du ym wuls hoch an bynden vnd stoeß myt krutz ym syn gehultz ouer sych , so gryffs du yn da mit ader wa du yn geuaßen machs item swech vnd starck kortz vnd langk yst aller konst eyn anphanck dar vff dicht vast alle konst halt lengen mayß item swech vnd sterck vernym also oben by dem ort yst dy swech vnd der mytteldeyl der clyngen yst dy sterck das sulles du myt der kortzen snyden seer dryuenn item eyn stuck heyst der leue . den vernym also setz dych yn dy wage vnd mit dynem koff nyt zu hoych hewe vß vyer orten myt stercken so hastu des leuen moyt vnd byst vur ander zween ym stryt guett item hy na volget das ryngen . wan du wylt ryngen so setz dyn lyb yn de wage vnd mach guytten bossen er gryff dych neder ader hoech so kanstu es yme brechen myt desen nach geschryffen stucken item vyer swech vnd iiij sterck dy vernym also an beyden elbogen vnd an beyden kneen da yst der man swach vnd starck an dem elbogen by den knuchell . hynden an dem knee bogen das synt de swech vnd vur dem knee vnd vur den elbogen das synt dy sterck item gryfft eyn man zo dyr myt syner rechter hant na der ouer swech so vmb gryff yme sinen arm myt der lincker hant vnd myt der rechter hant an dy vnder swech ruck yn zo dyr so wyrffs du yn hart ader weych item des gelychen das linck . gryfft eyner zo dyr myt der lincker hant na dyner ouer swech so vmb gryff ym myt der rechter hant synen lincken arm vnd myt der lincker hant dy vnder swech ruck yn zo dyr so wyrffs du yn we vur item eyn fry stuck vß der kleynner swech . gryfft dyr eyn man vff dyn lincke achsell so nym yn mit dyner rechter hant mit der kleyner swech vnd myt diner lincker hant by der anderenn swech stoes yme syne hant zom buch zo so wyrffs du yn ader der arm moeß brechen item in allem ryngen gryff eynen man myt kurtzen fyngern item so dych eyn starck man gegryffen hayt yn der myttel swech so vmb gryff ym de nechste swech myt dym rechten arm vnd senck dych vnd gryff myt der anderen hant na de klyner swech zuck den lincken voyß zoruck so wyrffs du yn zo der erden ader der arm moeß brechen item so du myt eynem ryngen salt der starcker ist dan du myt eyner hant gryfft er na dyr so gryff yn mit der ober myttell swech stoeß yn van dyr vnd gryff yn myt der verkeyrder hant by der lincken vnder swech vnd setz ym den elbogen yn dat hertz kuyll ruck yn vnd stoeß yn myt eyn ander item ryngen vß der gabelen . stell dych in dy gabell gryfft er myt der rechter hant zo dyr na eyner vnder swech so sytz ym dar vff myt der gabelen vnd ruck yn zo dyr so moeß er vallen ader der arm moeß brechen item des gelychen yst auch . gryfft er dyr myt der lincker hant na der vnder swech sytz ym dar vff myt verkerder gabelen ruck yn zo dyr so moeß her vallen ader der arm moeß brechen item wer macht syn konst gemessen . vnd dy vnuergessen . vnd helt syn swert yn hoyt . der yst vur ander . iij . ym streydt guett item hy volget nach dy ritterliche konst ym messer item dy . v . hewe solstu hewen fry dem man durch das gesycht vnd der vier bloyß solstu nyt vergeßen den ouer hewe hew van der rechten ascheln . den ander van der linckenn . tryt vort vnd hewe durch yn den langen stych lech das messer vff den ruck vnd tryt vort vnd hewe yn bogell vnd lech das messer vydder vff den ruck vnd hewe vidder yn langen stych vnd dobellere hynder vß vnd stich by beyden voyßen vur yn bogell vnd hewe der lincken syten vur yn den langen stych . das synt dy vunff hewe ym messer dy eyn yckelicher recht leren sall der anders recht vechten wyll das do starck item was du starck wyls dryben das fecht mit gantzem lybe beyde vnder vnd ouen dy zwey dynck dryff starck das wyll ych louenn item dy veyr leger vernym also . setz dyn lyff vß vyer orten yn dy wage nym das meßer vff dy rechte schulder vnd setz den lincken voyß vur yn bossen was der man slecht ader stycht das kanstu ym brechen item des glychen yst auch das linck ouerleger lege das meßer vff dy linck aschel vnd stelle den recht voyß vur yn boßenn item das recht vnderleger vernym also stell den lincken voyß vur yn boßen vnd lech das meßer vff das rechte beyn den ort dem man gegen das gesycht so sychstu was er dryben wyll item des glychen yst auch das linck vnder leger setz den knauff vff das lincke beyn den ort dem man gegen das gesycht was er sleycht ader stycht das kanstu ym brechen vnd mach guet bossen so bystu gewapent vnd dich kan keyn man bloyß vynden item hyr nach volget dy vyer bloyß . dy vyer bloyß vernym also dy ouer bloyß am heupt dy vnder bloyß by dem vordern voyß dy rechte bloyß vßwyck an der hant dy vyerde bloyß ymwyck an der hant . das synt dy vyer rechte bloyß dar nach eyn ycklyger fechter slayn sall der anders recht fechten wyll item wylstu frolych wandern so slach van eyner bloyß zo der andern so moyß er versetzen ader wyrt geslagen item eyn gut stuck vß dem rechten ouerleger , sleyt eyn man dyr recht nach dyner rechten ouerbloyß so versetz ym vß dem bogell vnd dan slach ym na der vßer bloyß item eyn stuck vß dem lincken ouerleger , sleyt eyn man na dyr vß dem zorn hewe so versetz ym myt dem langen stych vnd slach ym durch das gesycht nach ynwynicher bloyß item eyn stuck vß dem rechten vnder leger , stycht der man den zorn stych zo dyr , stoyß ym abe myt hangenden ort vnd slach ym nach der rechten bloyß eyn streych zween ader dry item eyn stuck vß dem linck vnder leger . sleyt eyn man zo dyr so versetz ym myt dem bogell vnd slach ym nach der nechsten vsenbloyß so moyß er wychen ader wyrt geslagen item eyn stuck heyst der gaßenhewer sychstu eyn ader zween vur dyr staen so hew fry vß der rechter syten vnd frysch vff vß der lincken als fry van eym yn den andern so moyßen sy wychen ader werdenn geslagen item eyn gut stuck wan du myt eym fechten sulß der nidich yst , bruch den langen stych na sym gesycht starck ij . iij ader iiij maell vnd slach ym nach der nechster bloyß so hastu yn wy du seluer wyls item eyn stuck heyst der verstellvoyß den bruch myt synnen wyltu pryß gewynnen item eyn stuck heyst das relyn bruch den flogell hawe iiij mayl an eym stuck item eyn bruch vuer den eynhorn alß du sychs das eyner den eynhorn brucht so bruch den flogell hew item eyn stuck vß dem ocksen stoeß den ort dem man starck gegen das gesycht vnd slach yn mit dem flogell hew vnder syn rechten ockßen item eyn bruch vuer den seluigen flogell hew so du sichst den flogell hew bruchen . zuck denn rechten voyß hynder dych vnd slach ym nach der vßer bloyß item eyn stuck ym ployg . fuer den ployg van bey den syten vnd suem dich nyt . myt schryden scheyd vnd arbeyde ym swynde van eyner bloeß zo der andern item eyn stuck heyst der bronße vß zuch bint das meßer vff dy rechte syt vnd zuch vß myt verkerter hant vnd hew na der vßer bloeß item wy eyn man van scheiden zyn sall . layß den man eerst vß zehen dan du . hewet er den zorn hew so zuck vß ym nach der hant volge ym nach mit dem gulden hew item eyn stuck vß dem ocksen den ocksen ganck starck vnd slach zo ym vß dem flogell . ij . streych swynd na en nander item wert was dry ployg eint . slach swynd ßer myt der langen snyden nach dem schedeler . so dryffs du yn vß dem ployg . zo dem broch layß dyr nyt zo gang mit dem koff nyt zo hoyg item wyltu konst schauwen sych linck geen vnd recht myt hewenn item eyn stuck heyst der dryangell . schryt myt dem rechten voyß vff syn rechte syt vnd ger ym yn myt dem ocksen schryt behende myt dem lincken voyß eyn groyßen schryt hynder yn so slachs du yn hynder vff den koff item eyn broch vuer den dryangell . so du suchs das eyner den dryangell bruchen wyll . so zuck den rechten voyß hynder dich vnd hew dich starck van dem man das yst dyr keyn schande nach der nechster bloeß item so du suchs doppeleren oben , so tryt abe das wyll ych lobenn wyltu dych rechen vnd dy veyr bloeß kunstelich brechen so doppelere oben item wan du vuerlauffen wurß vnd hayst keyn gewere . scleyt eyner eyn zorn hew so val myt dyner lincker hant ym vmb den arm so machstu ym den arm brechen vnd nymst ym das meßer item stycht eyner zo dyr so val ym dar vff mit der gaffelen vnd wyndt flucks vff so brychstu ym den arm vnd nymst ym das meßer item eyn fry stuck ym kortzen degen . stycht eyn man zo dyr mit dem vnder zorn stych so val ym dar vff mit der gaffelen . ruck yn fry zo dyr so moyß der degen ader arm brechenn item aber eyn stuck vß dem vnder stych dryff ym mit vßer hant byde ort setz ym den ort gegen dy brost vnd gryff yn mit der lincker hant an das hefft so moyß er sych seluer stechenn item stycht eyner den ouer zorn stych zo dyr so gryff mit der lincker hant verkeret . by der kleyner swecht so brychstu ym den arm ader der degen moyß fallen item eyn gut stuck ouer eynen wyrfspeyß . stycht eyn man zo dyr so vnderganck ym myt hangenden ort vnd gryff ym myt der lincker hant hynder den kneuell vnd slach ym mit dem messer na der hant . so nymstu ym den speyß item hy na volget eyn stuck ym swynspeyß . stant yn bossen vnd kere den kleynnen fynger gegen den kneyffell vnd de stang gegen den man . sleyt er ader stycht zo dyr mit dem swynspeyß ader helbartten . so kanstu es yme brechen item so er sleyt so brych ym myt der stangen yn de vßer swecht tryt zo ym myt dem kampff so stychstu yn vnd sleys yn item stycht er zo dyr so brych es ym na der vßer swech vnd slach ym nach der foder hant so buyt ym den kampff so haystu stych vnd streych zom besten item dy iiij anbynd ym stangen . bynt ym zo eyrst oben an na dem koff myt der rechter hant . vnd dar na myt eyme zo tryt myt der lincker hant weder zom koff . slach ym na dem lincken beynn myt eym zo tryt . vnd dar na slach ym na dem rechten beyn myt der lincker hant myt eynem zo tryt . so synt dy iiij anbynd gerecht item eyn stuck vß dem rechten oberen anbyndunck . do wy du ym wylt recht anbynden vnd bynd ym lincks an so sleystu ym dy stangh vff vnd tryt ym zo ym kampfe item gut stuck ym anderen oberen anbyndunck . do as wuls du ym lincks anbynden vnd bynt ym rechs an so sleys du ym dy stangh vff vnd dan vall yme zo ym kampf item noch eyn stuck ym rechten vnder anbyndunck . do as wuls du ym recht anbynden vnd bynt ym lincks an vnd stoeß ym na der vnder bloeß bystu bedank so slach eyme swynde na der hant . das stuck ist eyme icklichem neyt bekant
KFB.tei.xml;KFB_12820_9;hawe;REVIEW;nein;VRB VEX;VRB VEX;lexicon.xml#lemma_2598;lexicon.xml#lemma_2598;;;variants.xml#type_117159;variants.xml#type_117159;NOM;medium;Kompositum flogell hawe (Fluegelhau, Lemma hou), Objekt zu bruch;"mutmasslich houwe/hou-Substantiv (Hieb/Haue) unter lemma_2598; Ziel-Kandidaten lemma_61268 hou / lemma_9644 houwe; KZW-Entscheid";salamonias j loitt wijßs victoriale j loitt spainsgroen j loyt salpeter j loytt seyer nach anderhalff so vyll sylbers als goltz hyr hebet sich aen der text vnd zedell ym langen sweerd zom eersten mach gudt bossenn vnd streck dy arm fry wastu dan fichts das wapent sich . item dy . v . hewe vernym also , den over hewe van der rechter achselin myt langer snyden vnd mach bossen myt dem lincken voysz des glichen yst auch der linck ouer hewe mach bossen myt dem rechten voysz vnd hawe myt der langen snyden durch ym deen koff ym stortz item hewe veder vmb durch ym den koff yn schylt vnd vidder vmb durch ym den koff yn stortz , vnd lech das swert vff den ruck laysz esz syncken vff dy rechten syten keer den knouff gegen den man vnd den ort hynder vsz so komstu yn den rechten myttel hewe hewe vur ewech vmb den koff yn den lincken myttel hewe , vnd vidder vmb yn den koff yn dy rechte weschel myt der langenn snyden nydder myt der kortzen snydenn vff vmb den koff yn den lincken weschell . das synt dy . v . hewe dy eyn ycklinger leren sail der anders recht fechten wil item hyr volget nach der text vnd gloysz dar na man hewen sael . item nach deser figuren sall man hewen , alle hewe durch das gesicht mit gestreckten armen vnd mach gut bossen yn allen dyngen so mach dir nyt misselingen . item hyr nach volget der zedell des langenn swerts wastu starck wils dryben das fecht myt gantzem lebe beyd vnden vnd obenn dy zwei dyng dryb starck das will ich lobenn . item erschrecks du gern keyn fechten nummer enlern , wer fechten will der sall haben eyn hertz alsz eyn lewe vnd sall al so scharff seen alsz eyn valck vnd sall also behende syn alsz eyn vogel . item dy vyer bloyß ym swerd vernym also , dy zwo ouer bloyß am haupt dy ander zwo vnderbloyß zo beyden syten vnder deen armen . item dy veyr leger vernym al so . lege das swert vff dy rechte aschel vnd setz dyn liff yn wage myt guden bossen des glygen yst auch der lynck ouer leger stell den rechten voyß vur . das rechte vnder leger vernym also stell den lyncken voyß vur vnd lege das swert myt dem geholtz vff das rechte beyn den ort dem man gegent das gesicht , des glich yst auch der linck vnder leger keer das swert denn ort dem mann gegen das gesicht . item dy vyer an bynde ym swert vernym also bynde ym an myt der kortzen snyden an dy lincken ouer bloyß trydt vort vnd byndt ym myt der langen snyden an dy rechte over bloyß tryt vort vnd slage ym nach der lyncken vnder bloyß myt der kortzen snyden vnd tryt vort vnd slage ym nach der rechten vnder bloyß myt der flech . item eyn stuck heyst der flogel bynde ym ouen mit der kortzen snyden vnd slage ym nach der rechten vnder bloyß mit langer snyden . vnd bald myt der kortzen nach der ouer bloyß vnd hewe durch van dem man yn das lyncke vnder leger . item eyn stuck heyst das verzocking . do als wulstu ym rechs anbinden vnd bynd ym lincks an vnd do als wulstu ym lyncks an bynden vnd bynde ym rechs an vnd hewe dich starck myt der langen snyden van dem man yn den lyncken vnder leger so bistu nicht bloyß zo vinden . item eyn stuck heyst der durch weschell . fry van beyden syten so machs du des mans woel beyden vnd hewe myt schryden fry van eyner bloyß zo der andern so machs du frolich wandern . item eyn stuck dy yser porte geheyssen . lege dich yn das lynck vnder leger vnd layß den ort synckenn vff dy erde vnd hewe den flogell hewe vnd strych vff vß der rechten syten vur yn schylt vnd vß der lincker syten widder vff yn stortz so komstu vß der ysern porten yn den gassen hewe . item ein stuck heyst der pluck . den pluck vernym also wendt vß dem rechten leger yn den lincken vnd vß dem lincken widder yn rechten so sichstu was der man vff dych dryben will ader stycht her du kanß ym brechenn item eyn stuck heyst der olber . den olber vernym also kere den ort yn dy lucht vnd halt den schilt vur den koff was der man slecht van dach das kan man dar myt brechenn item eyn stuck heyst der schilder . den schilder vernym also schyl lincks vnd slach rechs , vnd schil rechst vnd slach lincks . so veruerß du den man mit dem gesicht des frewet her sych nycht . item eyn stuck heyst der scheller . den scheller vernym also schelle eyn mael . zwei . dry . vidder syne clyngen so machst du yn bloyß vynden item eyn stuck heyst der verkerer . den verkerer vernym also lech dyn swerd vuer den kopf . layß den ort hinder nidder sincken vnd kerre yn vff dy recht syten vnd vff dy lincken flucks van eyner zo der ander so kan er sich vur dyr nyt huden so machs du yn gare balde bloyß vynden so yst der verkerer gerecht item eyn stuck heyst der ocks . den ocksen vernym also setz den knauff an dy brust den ort dem man gegen dem gesycht vnd drynge starck zo ym vnd hewe yn den flogel vnd flucks vß der rechten syten yn schyll slach vß dem schylt nach der lincken ouer bloyß vnd swyndt nach der rechten so muß er versetzen ader wyrt hart geslagenn item eyn stuck heyst der sprechvinster . das vernym also mach eyn winde vur dem kopf das dyn armen krutzwerß synt so sychstu dar zußen vß was der man dryben will vnd gayn gare groysse streych dar nach vß dem sprechvinster du kanst yn zo beyden syten slagen lyncks ader rechs item eyn broch komt vß der sprechvinster . so dyr eyn man starck zom kopf sleget valle ym mit der kortzen snyden vuer syn clynge stoysz ym syn swerte weck so entbloyß du ym syn kopf item eyn stuck heyst der gulden hewe . do alß wolstu ym rechst an bynden vnd bynd ym lincks an slage ym zween ader dry slege nach en ander nach siner rechter ouer bloyß so yst der gulden hewe recht item eyn broch ouer den gulden hewe . wan du suchs das eyner den gulden hewe bruchen wyll so slage ym mit der kortzen snyden an syn linck ouer bloiß was er dan slecht das kanstu versetzen vnd tryt zo ruck vnd hewe dich mit dem gulden hewe van dem man durch yn sturtz vnd lech dich in das linck vnder leger so bistu widder gewapent item eyn stuck heyst der dryangel . den dryangel vernym also lech dich in dy rechte weschel vnd schrydt myt dym rechten voyß vff syn rechte syt vnd stoeß mit der kortzer snyden ym syn swert vff , vnd springe myt dynem lincken voyß hynder yn so vynstu yn bloyß am kopf item eyn broch vuer den dryangel . wan du sychs das eyner den dryangel bruchen will so lege yn den schylt vnd tryt zo ruck vnd versetz em myt der gulden versetzynge slage ym nach der neyster vuer bloyß item das krom anbyndung . dy krom anbyndung vernym also do wy du wuls ym recht anbynden vnd byndt ym myt der langen snyden lincks an vnd zock wy du ym wuls rechs anbynden vnd blyue an der seluer syten slage yn dy recht ouer bloyß mit der kortzen snyden swyndt nach der lyncken vnd hewe dich aff myt der gulden hewe des mach er sich nyt frewen item wer sycht vff eyns ander hewe der darff syn konst nyt frewen , hewe ouen aff was du wylt , sich kompt keyn wescheler yn den schilt zo koff zo libe dy zuck nyt vermide ych sach dyr verware schoen keyn man am faren . erschrecks du gerne keyn fechten nummer enlern . es yst keyn besser versetzungk dan dy man myt den streyche duyt . item eyn swert nemen . das vernym also byndt dem mann ouen an vnd gryff myt der lyncker hant vszen vff syn arm mit verkerter hant yn syn gehultz vnd ruck nach dyr so nymstu ym das swert item auer eyn swert nemen . das vernym also do als wuls du ym starck anbynden vnd valle ym myt dynem gehults vuer syn clynge vnd myt der lincker hant an syn gehultz ruck starck zo dyr so nymstu ym das swert vnd steyst ym kampff item eyn fry stuck wy man den man werffen sall ym swerdt . das vernym also byndt ym starck ouen an vnd gryff yn mit diner lincken hant an syn rechten elenbogen stoyß ym starck vff an syn gesicht so wyrff du yn vff syn ruck item wan du eyn man vff den koff wyls smißenn . do wy du ym starck wuls anbynden vnd gryff mit dyner lincker hant zußenn syn gehultz vnd ruck starck nach dyr so machs du ym den koff bloyß item eyn ouer lauff ym swerdt wy du eyn man werffen sals . das vernym also do we du ym wuls recht an bynden vnd byndt ym kromß an wynd myt der kortzen snyden vff syn klyngen gryff mit dyner lincker hant an dyn clynge lege ym das swert an den hals vnd tryt mit dynem lincken voyß hynder synen lincken , ruck yn starck nach dir so moyß er vallenn item eyn vnder lauff ym swerdt . das vernym also do wy du ym wuls hoch an bynden vnd stoeß myt krutz ym syn gehultz ouer sych , so gryffs du yn da mit ader wa du yn geuaßen machs item swech vnd starck kortz vnd langk yst aller konst eyn anphanck dar vff dicht vast alle konst halt lengen mayß item swech vnd sterck vernym also oben by dem ort yst dy swech vnd der mytteldeyl der clyngen yst dy sterck das sulles du myt der kortzen snyden seer dryuenn item eyn stuck heyst der leue . den vernym also setz dych yn dy wage vnd mit dynem koff nyt zu hoych hewe vß vyer orten myt stercken so hastu des leuen moyt vnd byst vur ander zween ym stryt guett item hy na volget das ryngen . wan du wylt ryngen so setz dyn lyb yn de wage vnd mach guytten bossen er gryff dych neder ader hoech so kanstu es yme brechen myt desen nach geschryffen stucken item vyer swech vnd iiij sterck dy vernym also an beyden elbogen vnd an beyden kneen da yst der man swach vnd starck an dem elbogen by den knuchell . hynden an dem knee bogen das synt de swech vnd vur dem knee vnd vur den elbogen das synt dy sterck item gryfft eyn man zo dyr myt syner rechter hant na der ouer swech so vmb gryff yme sinen arm myt der lincker hant vnd myt der rechter hant an dy vnder swech ruck yn zo dyr so wyrffs du yn hart ader weych item des gelychen das linck . gryfft eyner zo dyr myt der lincker hant na dyner ouer swech so vmb gryff ym myt der rechter hant synen lincken arm vnd myt der lincker hant dy vnder swech ruck yn zo dyr so wyrffs du yn we vur item eyn fry stuck vß der kleynner swech . gryfft dyr eyn man vff dyn lincke achsell so nym yn mit dyner rechter hant mit der kleyner swech vnd myt diner lincker hant by der anderenn swech stoes yme syne hant zom buch zo so wyrffs du yn ader der arm moeß brechen item in allem ryngen gryff eynen man myt kurtzen fyngern item so dych eyn starck man gegryffen hayt yn der myttel swech so vmb gryff ym de nechste swech myt dym rechten arm vnd senck dych vnd gryff myt der anderen hant na de klyner swech zuck den lincken voyß zoruck so wyrffs du yn zo der erden ader der arm moeß brechen item so du myt eynem ryngen salt der starcker ist dan du myt eyner hant gryfft er na dyr so gryff yn mit der ober myttell swech stoeß yn van dyr vnd gryff yn myt der verkeyrder hant by der lincken vnder swech vnd setz ym den elbogen yn dat hertz kuyll ruck yn vnd stoeß yn myt eyn ander item ryngen vß der gabelen . stell dych in dy gabell gryfft er myt der rechter hant zo dyr na eyner vnder swech so sytz ym dar vff myt der gabelen vnd ruck yn zo dyr so moeß er vallen ader der arm moeß brechen item des gelychen yst auch . gryfft er dyr myt der lincker hant na der vnder swech sytz ym dar vff myt verkerder gabelen ruck yn zo dyr so moeß her vallen ader der arm moeß brechen item wer macht syn konst gemessen . vnd dy vnuergessen . vnd helt syn swert yn hoyt . der yst vur ander . iij . ym streydt guett item hy volget nach dy ritterliche konst ym messer item dy . v . hewe solstu hewen fry dem man durch das gesycht vnd der vier bloyß solstu nyt vergeßen den ouer hewe hew van der rechten ascheln . den ander van der linckenn . tryt vort vnd hewe durch yn den langen stych lech das messer vff den ruck vnd tryt vort vnd hewe yn bogell vnd lech das messer vydder vff den ruck vnd hewe vidder yn langen stych vnd dobellere hynder vß vnd stich by beyden voyßen vur yn bogell vnd hewe der lincken syten vur yn den langen stych . das synt dy vunff hewe ym messer dy eyn yckelicher recht leren sall der anders recht vechten wyll das do starck item was du starck wyls dryben das fecht mit gantzem lybe beyde vnder vnd ouen dy zwey dynck dryff starck das wyll ych louenn item dy veyr leger vernym also . setz dyn lyff vß vyer orten yn dy wage nym das meßer vff dy rechte schulder vnd setz den lincken voyß vur yn bossen was der man slecht ader stycht das kanstu ym brechen item des glychen yst auch das linck ouerleger lege das meßer vff dy linck aschel vnd stelle den recht voyß vur yn boßenn item das recht vnderleger vernym also stell den lincken voyß vur yn boßen vnd lech das meßer vff das rechte beyn den ort dem man gegen das gesycht so sychstu was er dryben wyll item des glychen yst auch das linck vnder leger setz den knauff vff das lincke beyn den ort dem man gegen das gesycht was er sleycht ader stycht das kanstu ym brechen vnd mach guet bossen so bystu gewapent vnd dich kan keyn man bloyß vynden item hyr nach volget dy vyer bloyß . dy vyer bloyß vernym also dy ouer bloyß am heupt dy vnder bloyß by dem vordern voyß dy rechte bloyß vßwyck an der hant dy vyerde bloyß ymwyck an der hant . das synt dy vyer rechte bloyß dar nach eyn ycklyger fechter slayn sall der anders recht fechten wyll item wylstu frolych wandern so slach van eyner bloyß zo der andern so moyß er versetzen ader wyrt geslagen item eyn gut stuck vß dem rechten ouerleger , sleyt eyn man dyr recht nach dyner rechten ouerbloyß so versetz ym vß dem bogell vnd dan slach ym na der vßer bloyß item eyn stuck vß dem lincken ouerleger , sleyt eyn man na dyr vß dem zorn hewe so versetz ym myt dem langen stych vnd slach ym durch das gesycht nach ynwynicher bloyß item eyn stuck vß dem rechten vnder leger , stycht der man den zorn stych zo dyr , stoyß ym abe myt hangenden ort vnd slach ym nach der rechten bloyß eyn streych zween ader dry item eyn stuck vß dem linck vnder leger . sleyt eyn man zo dyr so versetz ym myt dem bogell vnd slach ym nach der nechsten vsenbloyß so moyß er wychen ader wyrt geslagen item eyn stuck heyst der gaßenhewer sychstu eyn ader zween vur dyr staen so hew fry vß der rechter syten vnd frysch vff vß der lincken als fry van eym yn den andern so moyßen sy wychen ader werdenn geslagen item eyn gut stuck wan du myt eym fechten sulß der nidich yst , bruch den langen stych na sym gesycht starck ij . iij ader iiij maell vnd slach ym nach der nechster bloyß so hastu yn wy du seluer wyls item eyn stuck heyst der verstellvoyß den bruch myt synnen wyltu pryß gewynnen item eyn stuck heyst das relyn bruch den flogell hawe iiij mayl an eym stuck item eyn bruch vuer den eynhorn alß du sychs das eyner den eynhorn brucht so bruch den flogell hew item eyn stuck vß dem ocksen stoeß den ort dem man starck gegen das gesycht vnd slach yn mit dem flogell hew vnder syn rechten ockßen item eyn bruch vuer den seluigen flogell hew so du sichst den flogell hew bruchen . zuck denn rechten voyß hynder dych vnd slach ym nach der vßer bloyß item eyn stuck ym ployg . fuer den ployg van bey den syten vnd suem dich nyt . myt schryden scheyd vnd arbeyde ym swynde van eyner bloeß zo der andern item eyn stuck heyst der bronße vß zuch bint das meßer vff dy rechte syt vnd zuch vß myt verkerter hant vnd hew na der vßer bloeß item wy eyn man van scheiden zyn sall . layß den man eerst vß zehen dan du . hewet er den zorn hew so zuck vß ym nach der hant volge ym nach mit dem gulden hew item eyn stuck vß dem ocksen den ocksen ganck starck vnd slach zo ym vß dem flogell . ij . streych swynd na en nander item wert was dry ployg eint . slach swynd ßer myt der langen snyden nach dem schedeler . so dryffs du yn vß dem ployg . zo dem broch layß dyr nyt zo gang mit dem koff nyt zo hoyg item wyltu konst schauwen sych linck geen vnd recht myt hewenn item eyn stuck heyst der dryangell . schryt myt dem rechten voyß vff syn rechte syt vnd ger ym yn myt dem ocksen schryt behende myt dem lincken voyß eyn groyßen schryt hynder yn so slachs du yn hynder vff den koff item eyn broch vuer den dryangell . so du suchs das eyner den dryangell bruchen wyll . so zuck den rechten voyß hynder dich vnd hew dich starck van dem man das yst dyr keyn schande nach der nechster bloeß item so du suchs doppeleren oben , so tryt abe das wyll ych lobenn wyltu dych rechen vnd dy veyr bloeß kunstelich brechen so doppelere oben item wan du vuerlauffen wurß vnd hayst keyn gewere . scleyt eyner eyn zorn hew so val myt dyner lincker hant ym vmb den arm so machstu ym den arm brechen vnd nymst ym das meßer item stycht eyner zo dyr so val ym dar vff mit der gaffelen vnd wyndt flucks vff so brychstu ym den arm vnd nymst ym das meßer item eyn fry stuck ym kortzen degen . stycht eyn man zo dyr mit dem vnder zorn stych so val ym dar vff mit der gaffelen . ruck yn fry zo dyr so moyß der degen ader arm brechenn item aber eyn stuck vß dem vnder stych dryff ym mit vßer hant byde ort setz ym den ort gegen dy brost vnd gryff yn mit der lincker hant an das hefft so moyß er sych seluer stechenn item stycht eyner den ouer zorn stych zo dyr so gryff mit der lincker hant verkeret . by der kleyner swecht so brychstu ym den arm ader der degen moyß fallen item eyn gut stuck ouer eynen wyrfspeyß . stycht eyn man zo dyr so vnderganck ym myt hangenden ort vnd gryff ym myt der lincker hant hynder den kneuell vnd slach ym mit dem messer na der hant . so nymstu ym den speyß item hy na volget eyn stuck ym swynspeyß . stant yn bossen vnd kere den kleynnen fynger gegen den kneyffell vnd de stang gegen den man . sleyt er ader stycht zo dyr mit dem swynspeyß ader helbartten . so kanstu es yme brechen item so er sleyt so brych ym myt der stangen yn de vßer swecht tryt zo ym myt dem kampff so stychstu yn vnd sleys yn item stycht er zo dyr so brych es ym na der vßer swech vnd slach ym nach der foder hant so buyt ym den kampff so haystu stych vnd streych zom besten item dy iiij anbynd ym stangen . bynt ym zo eyrst oben an na dem koff myt der rechter hant . vnd dar na myt eyme zo tryt myt der lincker hant weder zom koff . slach ym na dem lincken beynn myt eym zo tryt . vnd dar na slach ym na dem rechten beyn myt der lincker hant myt eynem zo tryt . so synt dy iiij anbynd gerecht item eyn stuck vß dem rechten oberen anbyndunck . do wy du ym wylt recht anbynden vnd bynd ym lincks an so sleystu ym dy stangh vff vnd tryt ym zo ym kampfe item gut stuck ym anderen oberen anbyndunck . do as wuls du ym lincks anbynden vnd bynt ym rechs an so sleys du ym dy stangh vff vnd dan vall yme zo ym kampf item noch eyn stuck ym rechten vnder anbyndunck . do as wuls du ym recht anbynden vnd bynt ym lincks an vnd stoeß ym na der vnder bloeß bystu bedank so slach eyme swynde na der hant . das stuck ist eyme icklichem neyt bekant
KMO.tei.xml;KMO_30100400_1;habe;STRIP;ja;NOM VRB VEX;VRB VEX;lexicon.xml#lemma_2598;lexicon.xml#lemma_2598;lexicon.xml#lemma_2598_sense_4171;lexicon.xml#lemma_2598_sense_4171;variants.xml#type_8730;variants.xml#type_8730;VERBAL;high;Vollverb mit Negation ichn-, Objekt iuch, deste baz;;ichn habe iuch nimmer deste baz ,
KOL.tei.xml;KOL_40100100_1;habe;STRIP;ja;NOM VRB VEX;VRB VEX;lexicon.xml#lemma_2598;lexicon.xml#lemma_2598;lexicon.xml#lemma_2598_sense_4170;lexicon.xml#lemma_2598_sense_4170;variants.xml#type_8730;variants.xml#type_8730;VERBAL;high;Wunsch-Konjunktiv: danc habe ir nam, Objekt danc;;danc habe ir hôchgelopter nam ,
KU.tei.xml;KU_292_1;habe;STRIP;ja;NOM VRB VEX;VRB VEX;lexicon.xml#lemma_2598;lexicon.xml#lemma_2598;lexicon.xml#lemma_2598_sense_4170;lexicon.xml#lemma_2598_sense_4170;variants.xml#type_8730;variants.xml#type_8730;VERBAL;high;Konjunktiv im Relativsatz, Objekt sô vil der buerge;;der habe sô vil der bürge und ouch wîtiu lant ,
KU.tei.xml;KU_2234_1;habe;STRIP;ja;NOM VRB VEX;VRB VEX;lexicon.xml#lemma_2598;lexicon.xml#lemma_2598;;;variants.xml#type_8730;variants.xml#type_8730;VERBAL;high;Konjunktiv-Wunsch: danc habe er, Subjekt er;;danc habe er des immer , der im eine burg an gewinne . >
KU.tei.xml;KU_3982_10;habe;STRIP;ja;NOM VRB VEX;VRB VEX;lexicon.xml#lemma_2598;lexicon.xml#lemma_2598;;;variants.xml#type_8730;variants.xml#type_8730;VERBAL;high;Formel du habe danc: Imperativ/Konjunktiv mit Objekt;;dô sprach diu maget schoene : < friunt , du habe danc . >
KU.tei.xml;KU_5361_9;habe;STRIP;ja;NOM VRB VEX;VRB VEX;lexicon.xml#lemma_2598;lexicon.xml#lemma_2598;;;variants.xml#type_8730;variants.xml#type_8730;VERBAL;high;Konjunktiv im swie-Satz, Hilfsverb zu getân;;< ich wil si sehen gerne , swie si habe getân .
KU.tei.xml;KU_7752_1;habe;STRIP;ja;NOM VRB VEX;VRB VEX;lexicon.xml#lemma_2598;lexicon.xml#lemma_2598;lexicon.xml#lemma_2598_sense_4170;lexicon.xml#lemma_2598_sense_4170;variants.xml#type_8730;variants.xml#type_8730;VERBAL;high;Konjunktiv indirekte Rede, Objekt einen friedel, Subjekt meit;;ez habe einen friedel diu hêrlîche meit ,
KU.tei.xml;KU_9903_1;habe;STRIP;ja;NOM VRB VEX;VRB VEX;lexicon.xml#lemma_2598;lexicon.xml#lemma_2598;lexicon.xml#lemma_2598_sense_4170;lexicon.xml#lemma_2598_sense_4170;variants.xml#type_8730;variants.xml#type_8730;VERBAL;high;Imperativ: daz habe ûf mînem houbte;;daz habe ûf mînem houbte , ich wil dirs immer lônen .
KU.tei.xml;KU_12644_1;habe;STRIP;ja;NOM VRB VEX;VRB VEX;lexicon.xml#lemma_2598;lexicon.xml#lemma_2598;lexicon.xml#lemma_2598_sense_4170;lexicon.xml#lemma_2598_sense_4170;variants.xml#type_8730;variants.xml#type_8730;VERBAL;high;Imperativ daz habe ûf mînen triuwen, daz Objekt;;daz habe ûf mînen triuwen , mit ahzic tûsent mîner küenen helde . >
KU.tei.xml;KU_13351_7;habe;STRIP;ja;NOM VRB VEX;VRB VEX;lexicon.xml#lemma_2598;lexicon.xml#lemma_2598;;;variants.xml#type_8730;variants.xml#type_8730;VERBAL;high;habe wir vernomen: Hilfsverb mit Partizip;;nu hoeren wir ein maere , des habe wir niht vernomen :
LZ.tei.xml;LZ_335_5;habe;STRIP;ja;NOM VRB VEX;VRB VEX;lexicon.xml#lemma_2598;lexicon.xml#lemma_2598;;;variants.xml#type_8730;variants.xml#type_8730;VERBAL;high;Hilfsverb mit Partizip getân, Subjekt er;;"sô rich daz er mir habe getân ;"
LZ.tei.xml;LZ_1760_4;habe;STRIP;ja;NOM VRB VEX;VRB VEX;lexicon.xml#lemma_2598;lexicon.xml#lemma_2598;;;variants.xml#type_8730;variants.xml#type_8730;VERBAL;high;Hilfsverb mit Partizip gesaget, Subjekt ich;;swaz ich dir gesaget habe ,
LZ.tei.xml;LZ_2482_4;habe;STRIP;ja;NOM VRB VEX;VRB VEX;lexicon.xml#lemma_2598;lexicon.xml#lemma_2598;;;variants.xml#type_8730;variants.xml#type_8730;VERBAL;high;Hilfsverb zu Partizip vernomen, Subjekt ich;;ê ich andriu maere habe vernomen . >
LZ.tei.xml;LZ_4512_5;habe;STRIP;ja;NOM VRB VEX;VRB VEX;lexicon.xml#lemma_2598;lexicon.xml#lemma_2598;;;variants.xml#type_8730;variants.xml#type_8730;VERBAL;high;ich habe gestriten: Hilfsverb mit Partizip;;dô sprach iweret < ich habe
LZ.tei.xml;LZ_6325_5;habe;STRIP;ja;NOM VRB VEX;VRB VEX;lexicon.xml#lemma_2598;lexicon.xml#lemma_2598;;;variants.xml#type_8730;variants.xml#type_8730;VERBAL;high;daz ichs ere habe: Subjekt ich, Objekt ere;;sô gerîten daz ichs êre habe .
LZ.tei.xml;LZ_8048_1;habe;STRIP;ja;NOM VRB VEX;VRB VEX;lexicon.xml#lemma_2598;lexicon.xml#lemma_2598;;;variants.xml#type_8730;variants.xml#type_8730;VERBAL;high;Negierter Konjunktiv ern habe, Objekt guot;;ern habe gerne selbe guot ,
LZ.tei.xml;LZ_9235_2;habe;STRIP;ja;NOM VRB VEX;VRB VEX;lexicon.xml#lemma_2598;lexicon.xml#lemma_2598;;;variants.xml#type_8730;variants.xml#type_8730;VERBAL;high;Konjunktiv-Hilfsverb mit Partizip vernomen, Subjekt man;;âne lüge habe vernomen .
LZ.tei.xml;LZ_9315_2;habe;STRIP;ja;NOM VRB VEX;VRB VEX;lexicon.xml#lemma_2598;lexicon.xml#lemma_2598;;;variants.xml#type_8730;variants.xml#type_8730;VERBAL;high;Konjunktiv-Hilfsverb mit Partizip gehoeret im Relativsatz;;von êrste habe gehoeret her ,
MEA.tei.xml;MEA_1010305_1;habe;STRIP;ja;NOM VRB VEX;VRB VEX;lexicon.xml#lemma_2598;lexicon.xml#lemma_2598;lexicon.xml#lemma_2598_sense_4170;lexicon.xml#lemma_2598_sense_4170;variants.xml#type_8730;variants.xml#type_8730;VERBAL;high;in habe (ich en-habe), Objekt dekeine schulde;;in habe doch gegen ir dekeine
MGS.tei.xml;MGS_1020208_1;habe;STRIP;ja;NOM VRB VEX;VRB VEX;lexicon.xml#lemma_2598;lexicon.xml#lemma_2598;lexicon.xml#lemma_2598_sense_77622;lexicon.xml#lemma_2598_sense_77622;variants.xml#type_8730;variants.xml#type_8730;VERBAL;high;habe ich mit Objekt mînen muot;;des habe ich ungesamnet mînen muot .
MHT.tei.xml;MHT_1010201_6;habe;STRIP;ja;NOM VRB VEX;VRB VEX;lexicon.xml#lemma_2598;lexicon.xml#lemma_2598;lexicon.xml#lemma_2598_sense_4169;lexicon.xml#lemma_2598_sense_4169;variants.xml#type_8730;variants.xml#type_8730;VERBAL;high;daz-Satz, Subjekt mîn trûren, Objekt ein ende;;swer waenet , daz mîn trûren habe ein ende ,
MIK.tei.xml;MIK_68_1;habe;STRIP;ja;NOM VRB VEX;VRB VEX;lexicon.xml#lemma_2598;lexicon.xml#lemma_2598;lexicon.xml#lemma_2598_sense_77615;lexicon.xml#lemma_2598_sense_77615;variants.xml#type_8730;variants.xml#type_8730;VERBAL;high;Optativ: der habe lieb, Objekt di vrouwen;;der habe ot lieb di vrouwen
MKH.tei.xml;MKH_30107_7;habe;STRIP;ja;NOM VRB VEX;VRB VEX;lexicon.xml#lemma_2598;lexicon.xml#lemma_2598;lexicon.xml#lemma_2598_sense_77622;lexicon.xml#lemma_2598_sense_77622;variants.xml#type_8730;variants.xml#type_8730;VERBAL;high;Konjunktiv/Adhortativ mit Partizip gegruezet, Subjekt der;;ez sî wîp oder man , der habe si gegrüezet von mir .
MMS.tei.xml;MMS_30103_12;habe;STRIP;ja;NOM VRB VEX;VRB VEX;lexicon.xml#lemma_2598;lexicon.xml#lemma_2598;lexicon.xml#lemma_2598_sense_77622;lexicon.xml#lemma_2598_sense_77622;variants.xml#type_8730;variants.xml#type_8730;VERBAL;high;Hilfsverb mit Partizip gegeben, daz-Satz;;ich rede ez umbe daz niht , daz mir got die saelde habe gegeben ,
MR2.tei.xml;MR2_12484100113100_4;hawe;REVIEW;nein;VRB VEX;VRB VEX;lexicon.xml#lemma_2598;lexicon.xml#lemma_2598;;;variants.xml#type_117159;variants.xml#type_117159;NOM;high;Praeposition plus Artikel zum ersten davor: Substantiv Hieb;"mutmasslich houwe/hou-Substantiv (Hieb/Haue) unter lemma_2598; Ziel-Kandidaten lemma_61268 hou / lemma_9644 houwe; KZW-Entscheid";beuget er zum ersten hawe ,
MUF.tei.xml;MUF_105101100_5;habe;STRIP;ja;NOM VRB VEX;VRB VEX;lexicon.xml#lemma_2598;lexicon.xml#lemma_2598;lexicon.xml#lemma_2598_sense_4170;lexicon.xml#lemma_2598_sense_4170;variants.xml#type_8730;variants.xml#type_8730;VERBAL;high;Konjunktiv im swie-Satz, Subjekt daz mer, Genitivobjekt wazzers;;swie vil daz mer wazzers habe ,
MUN.tei.xml;MUN_20100100_0;hab;KEEP;nein;VRB VEX;VRB VEX;lexicon.xml#lemma_2598;lexicon.xml#lemma_2598;lexicon.xml#lemma_2598_sense_77622;lexicon.xml#lemma_2598_sense_77622;variants.xml#type_8729;variants.xml#type_8729;VERBAL;high;Hilfsverb mit Partizip erkorn, Subjekt ich;;hab ich si dâ für niht erkorn
MZR.tei.xml;MZR_660360_5;habe;STRIP;ja;NOM VRB VEX;VRB VEX;lexicon.xml#lemma_2598;lexicon.xml#lemma_2598;lexicon.xml#lemma_2598_sense_4170;lexicon.xml#lemma_2598_sense_4170;variants.xml#type_8730;variants.xml#type_8730;VERBAL;high;Konjunktiv, Objekt rechte rewe, parallel zu tun;;und rechte rewe dar umbe habe
NAR.tei.xml;NAR_8100_2;hab;KEEP;nein;VRB VEX;VRB VEX;lexicon.xml#lemma_2598;lexicon.xml#lemma_2598;lexicon.xml#lemma_2598_sense_77622;lexicon.xml#lemma_2598_sense_77622;variants.xml#type_8729;variants.xml#type_8729;VERBAL;high;Subjekt jch, Hilfsverb zu Partizip geseit;;das jch hab recht vnd wor geseit
NAR.tei.xml;NAR_1401100_1;hab;KEEP;nein;VRB VEX;VRB VEX;lexicon.xml#lemma_2598;lexicon.xml#lemma_2598;;;variants.xml#type_8729;variants.xml#type_8729;VERBAL;high;Subjekt man, Hilfsverb zu volbracht;;so hab man allzyt sünd volbracht
NAR.tei.xml;NAR_4203530_4;hab;KEEP;nein;VRB VEX;VRB VEX;lexicon.xml#lemma_2598;lexicon.xml#lemma_2598;lexicon.xml#lemma_2598_sense_77615;lexicon.xml#lemma_2598_sense_77615;variants.xml#type_8729;variants.xml#type_8729;VERBAL;high;Subjekt ich, Objekt keyn acht;;vnd vff das ewig hab keyn acht
NAR.tei.xml;NAR_4503500_1;hab;KEEP;nein;VRB VEX;VRB VEX;lexicon.xml#lemma_2598;lexicon.xml#lemma_2598;lexicon.xml#lemma_2598_sense_4170;lexicon.xml#lemma_2598_sense_4170;variants.xml#type_8729;variants.xml#type_8729;VERBAL;high;Konjunktiv mit Akkusativobjekt den schad;;der hab den schad / wie es jm gat
NAR.tei.xml;NAR_9900900_7;hab;KEEP;nein;VRB VEX;VRB VEX;lexicon.xml#lemma_2598;lexicon.xml#lemma_2598;lexicon.xml#lemma_2598_sense_77622;lexicon.xml#lemma_2598_sense_77622;variants.xml#type_8729;variants.xml#type_8729;VERBAL;high;Hilfsverb mit Partizip gesetzet im Folgekontext, Subjekt ich;;verzich man mir / ob ich schon hab
NBB.tei.xml;NBB_842_5;hab;KEEP;nein;VRB VEX;VRB VEX;lexicon.xml#lemma_2598;lexicon.xml#lemma_2598;lexicon.xml#lemma_2598_sense_77622;lexicon.xml#lemma_2598_sense_77622;variants.xml#type_8729;variants.xml#type_8729;VERBAL;high;Hilfsverb mit Partizip gesehn, Subjekt ich;;swi ich sivriden ni mer hab gesehn
NBB.tei.xml;NBB_4523_1;hab;KEEP;nein;VRB VEX;VRB VEX;lexicon.xml#lemma_2598;lexicon.xml#lemma_2598;lexicon.xml#lemma_2598_sense_4169;lexicon.xml#lemma_2598_sense_4169;variants.xml#type_8729;variants.xml#type_8729;VERBAL;high;Imperativ: nv hab dv di gebaere;;nv hab dv di gebaere div werch wil ich began
NEI.tei.xml;NEI_106090_1;hab;KEEP;nein;VRB VEX;VRB VEX;lexicon.xml#lemma_2598;lexicon.xml#lemma_2598;lexicon.xml#lemma_2598_sense_77622;lexicon.xml#lemma_2598_sense_77622;variants.xml#type_8729;variants.xml#type_8729;VERBAL;high;ich hab mit Partizip verlorn, Hilfsverb;;ich hab die hunde sein verlorn
NEI.tei.xml;NEI_303020_2;hab;KEEP;nein;VRB VEX;VRB VEX;lexicon.xml#lemma_2598;lexicon.xml#lemma_2598;lexicon.xml#lemma_2598_sense_77622;lexicon.xml#lemma_2598_sense_77622;variants.xml#type_8729;variants.xml#type_8729;VERBAL;high;Konjunktiv sam er hab, Hilfsverb zu ersehen;;sam er hab ein wild ersehen
NEI.tei.xml;NEI_401040_3;hab;KEEP;nein;VRB VEX;VRB VEX;lexicon.xml#lemma_2598;lexicon.xml#lemma_2598;lexicon.xml#lemma_2598_sense_77622;lexicon.xml#lemma_2598_sense_77622;variants.xml#type_8729;variants.xml#type_8729;VERBAL;high;Hilfsverb mit Partizip gedacht, Subjekt wer;;wer zu freuden hab gedacht
NEI.tei.xml;NEI_601120_1;hab;KEEP;nein;VRB VEX;VRB VEX;lexicon.xml#lemma_2598;lexicon.xml#lemma_2598;lexicon.xml#lemma_2598_sense_4171;lexicon.xml#lemma_2598_sense_4171;variants.xml#type_8729;variants.xml#type_8729;VERBAL;high;Konjunktiv: der maye hab danck;;das hab der wunnber maye danck
NEI.tei.xml;NEI_807020_0;hab;KEEP;nein;VRB VEX;VRB VEX;lexicon.xml#lemma_2598;lexicon.xml#lemma_2598;lexicon.xml#lemma_2598_sense_77615;lexicon.xml#lemma_2598_sense_77615;variants.xml#type_8729;variants.xml#type_8729;VERBAL;high;Hilfsverb mit Partizipien gericht vnd verpflicht;;hab gericht
NEI.tei.xml;NEI_901090_1;hab;KEEP;nein;VRB VEX;VRB VEX;lexicon.xml#lemma_2598;lexicon.xml#lemma_2598;lexicon.xml#lemma_2598_sense_77622;lexicon.xml#lemma_2598_sense_77622;variants.xml#type_8729;variants.xml#type_8729;VERBAL;high;Hilfsverb mit Partizip gesenet, Subjekt ich;;also hab ich mich gesenet
NEI.tei.xml;NEI_1306010_3;hab;KEEP;nein;VRB VEX;VRB VEX;lexicon.xml#lemma_2598;lexicon.xml#lemma_2598;lexicon.xml#lemma_2598_sense_77622;lexicon.xml#lemma_2598_sense_77622;variants.xml#type_8729;variants.xml#type_8729;VERBAL;high;hab ich geleichett: Hilfsverb mit Partizip;;die vierd die hab ich recht zu sam geleichett
NEI.tei.xml;NEI_1314040_5;hab;KEEP;nein;VRB VEX;VRB VEX;lexicon.xml#lemma_2598;lexicon.xml#lemma_2598;;;variants.xml#type_8729;variants.xml#type_8729;VERBAL;high;Hilfsverb mit Partizip begangen, Relativsatz ich;;die ich bej meinen tagen hab begangen
NEI.tei.xml;NEI_1701010_1;hab;KEEP;nein;VRB VEX;VRB VEX;lexicon.xml#lemma_2598;lexicon.xml#lemma_2598;;;variants.xml#type_8729;variants.xml#type_8729;VERBAL;high;Konjunktiv-Wunsch: urlaub hab der winter;;urlaub hab der winter
NEI.tei.xml;NEI_1901170_1;hab;KEEP;nein;VRB VEX;VRB VEX;lexicon.xml#lemma_2598;lexicon.xml#lemma_2598;;;variants.xml#type_8729;variants.xml#type_8729;VERBAL;high;Subjekt ich, Hilfsverb zu gedienet vnd gesungen;;nun hab ich baide vmb sunst gedienet vnd gesungen
NEI.tei.xml;NEI_2309030_1;hab;KEEP;nein;VRB VEX;VRB VEX;lexicon.xml#lemma_2598;lexicon.xml#lemma_2598;lexicon.xml#lemma_2598_sense_4171;lexicon.xml#lemma_2598_sense_4171;variants.xml#type_8729;variants.xml#type_8729;VERBAL;high;Imperativ: das hab dir mit Dativ dir;;das hab dir des von rubental
NEI.tei.xml;NEI_2605010_7;hab;KEEP;nein;VRB VEX;VRB VEX;lexicon.xml#lemma_2598;lexicon.xml#lemma_2598;;;variants.xml#type_8729;variants.xml#type_8729;VERBAL;high;Hilfsverb mit erlenget im das-Satz;;sie wollen das sich der winter hewer hab erlenget
NEI.tei.xml;NEI_3005020_5;hab;KEEP;nein;VRB VEX;VRB VEX;lexicon.xml#lemma_2598;lexicon.xml#lemma_2598;;;variants.xml#type_8729;variants.xml#type_8729;VERBAL;high;Hilfsverb mit Partizip gesprochen;;was ich euch zu gute hab gesprochen
NEI.tei.xml;NEI_3511010_2;hab;KEEP;nein;VRB VEX;VRB VEX;lexicon.xml#lemma_2598;lexicon.xml#lemma_2598;;;variants.xml#type_8729;variants.xml#type_8729;VERBAL;high;Imperativ mit Anrede tochter, Objekt meinen rat;;tochter des hab meinen rat
NEI.tei.xml;NEI_3609050_5;hab;KEEP;nein;VRB VEX;VRB VEX;lexicon.xml#lemma_2598;lexicon.xml#lemma_2598;lexicon.xml#lemma_2598_sense_4170;lexicon.xml#lemma_2598_sense_4170;variants.xml#type_8729;variants.xml#type_8729;VERBAL;high;Verwuenschung: Konjunktiv, Subjekt der teufel, Objekt euch;;pfuh das euch der teufel hab
NEI.tei.xml;NEI_4302140_1;hab;KEEP;nein;VRB VEX;VRB VEX;lexicon.xml#lemma_2598;lexicon.xml#lemma_2598;lexicon.xml#lemma_2598_sense_4170;lexicon.xml#lemma_2598_sense_4170;variants.xml#type_8729;variants.xml#type_8729;VERBAL;high;Imperativ: nu hab dir mein leben;;nu hab dir mein leben wenn du willt
NEI.tei.xml;NEI_4409110_1;hab;KEEP;nein;VRB VEX;VRB VEX;lexicon.xml#lemma_2598;lexicon.xml#lemma_2598;;;variants.xml#type_8729;variants.xml#type_8729;VERBAL;high;hab wir = haben wir, Objekt die;;die hab wir so sind auch ir nicht mer
NEI.tei.xml;NEI_4506060_4;hab;KEEP;nein;VRB VEX;VRB VEX;lexicon.xml#lemma_2598;lexicon.xml#lemma_2598;;;variants.xml#type_8729;variants.xml#type_8729;VERBAL;high;Subjekt ich, Hilfsverb zu Partizip gethan;;als ich der werlt hab gethan das rewet mich mit meinem newen gesange
NEI.tei.xml;NEI_4705020_5;hab;KEEP;nein;VRB VEX;VRB VEX;lexicon.xml#lemma_2598;lexicon.xml#lemma_2598;lexicon.xml#lemma_2598_sense_4170;lexicon.xml#lemma_2598_sense_4170;variants.xml#type_8729;variants.xml#type_8729;VERBAL;high;Optativ: der hab den schaden, Akkusativobjekt folgt;;der sich daheym versawm der hab den schaden
NEI.tei.xml;NEI_4807040_1;hab;KEEP;nein;VRB VEX;VRB VEX;lexicon.xml#lemma_2598;lexicon.xml#lemma_2598;lexicon.xml#lemma_2598_sense_4170;lexicon.xml#lemma_2598_sense_4170;variants.xml#type_8729;variants.xml#type_8729;VERBAL;high;hab wir ere: Subjekt wir, Objekt ere;;des hab wir ymer ere
NEI.tei.xml;NEI_5003060_2;hab;KEEP;nein;VRB VEX;VRB VEX;lexicon.xml#lemma_2598;lexicon.xml#lemma_2598;lexicon.xml#lemma_2598_sense_4170;lexicon.xml#lemma_2598_sense_4170;variants.xml#type_8729;variants.xml#type_8729;VERBAL;high;Konjunktiv: der may hab sein ere;;der may hab sein ere
NEI.tei.xml;NEI_5803060_1;hab;KEEP;nein;VRB VEX;VRB VEX;lexicon.xml#lemma_2598;lexicon.xml#lemma_2598;lexicon.xml#lemma_2598_sense_4170;lexicon.xml#lemma_2598_sense_4170;variants.xml#type_8729;variants.xml#type_8729;VERBAL;high;Konjunktiv mit Subjekt der, Objekt das laub;;der hab das laub von kinden
NEI.tei.xml;NEI_5906050_0;hab;KEEP;nein;VRB VEX;VRB VEX;lexicon.xml#lemma_2598;lexicon.xml#lemma_2598;;;variants.xml#type_8729;variants.xml#type_8729;VERBAL;high;Imperativ hab gedult mit Akkusativobjekt;;hab gedult
NEI.tei.xml;NEI_6206030_8;hab;KEEP;nein;VRB VEX;VRB VEX;lexicon.xml#lemma_2598;lexicon.xml#lemma_2598;;;variants.xml#type_8729;variants.xml#type_8729;VERBAL;high;Hilfsverb, Partizip erkorn folgt, Subjekt ich;;lieb vor allem lieb ich mir zu lieb hab
NEI.tei.xml;NEI_6401070_1;hab;KEEP;nein;VRB VEX;VRB VEX;lexicon.xml#lemma_2598;lexicon.xml#lemma_2598;;;variants.xml#type_8729;variants.xml#type_8729;VERBAL;high;Konjunktiv-Wunsch: des hab der sumer danck;;des hab der sumer danck
NEI.tei.xml;NEI_6604070_4;hab;KEEP;nein;VRB VEX;VRB VEX;lexicon.xml#lemma_2598;lexicon.xml#lemma_2598;lexicon.xml#lemma_2598_sense_4170;lexicon.xml#lemma_2598_sense_4170;variants.xml#type_8729;variants.xml#type_8729;VERBAL;high;Imperativ hab dein gemach mit Akkusativobjekt;;da wir flachten dauon hab dein gemach
NEI.tei.xml;NEI_7812010_2;hab;KEEP;nein;VRB VEX;VRB VEX;lexicon.xml#lemma_2598;lexicon.xml#lemma_2598;lexicon.xml#lemma_2598_sense_4170;lexicon.xml#lemma_2598_sense_4170;variants.xml#type_8729;variants.xml#type_8729;VERBAL;high;ich hab + Akkusativobjekt die schonsten frawen;;herr ich hab die schonsten frawen
NEI.tei.xml;NEI_7905090_1;hab;KEEP;nein;VRB VEX;VRB VEX;lexicon.xml#lemma_2598;lexicon.xml#lemma_2598;lexicon.xml#lemma_2598_sense_4170;lexicon.xml#lemma_2598_sense_4170;variants.xml#type_8729;variants.xml#type_8729;VERBAL;high;Konjunktiv: er hab, Objekt mein schuch;;er hab im mein schuch in diesem iar
NEI.tei.xml;NEI_8002030_6;hab;KEEP;nein;VRB VEX;VRB VEX;lexicon.xml#lemma_2598;lexicon.xml#lemma_2598;;;variants.xml#type_8729;variants.xml#type_8729;VERBAL;high;Hilfsverb mit Partizip gesungen;;mich verfahet nicht was ich ir hab lang gesungen
NEI.tei.xml;NEI_8204100_1;hab;KEEP;nein;VRB VEX;VRB VEX;lexicon.xml#lemma_2598;lexicon.xml#lemma_2598;;;variants.xml#type_8729;variants.xml#type_8729;VERBAL;high;Hilfsverb mit Partizip vnterwunden, Subjekt ich;;wes hab ich mich armer hewer aber vnterwunden
NEI.tei.xml;NEI_8502130_6;hab;KEEP;nein;VRB VEX;VRB VEX;lexicon.xml#lemma_2598;lexicon.xml#lemma_2598;lexicon.xml#lemma_2598_sense_4171;lexicon.xml#lemma_2598_sense_4171;variants.xml#type_8729;variants.xml#type_8729;VERBAL;high;ob-Satz-Konjunktiv, Subjekt sie, Objekt es;;ia ob sie es fuer dinste hab
NEI.tei.xml;NEI_8702090_6;hab;KEEP;nein;VRB VEX;VRB VEX;lexicon.xml#lemma_2598;lexicon.xml#lemma_2598;lexicon.xml#lemma_2598_sense_4170;lexicon.xml#lemma_2598_sense_4170;variants.xml#type_8729;variants.xml#type_8729;VERBAL;high;Konjunktiv-Hilfsverb mit Partizip gesehen;;mich zymptt das ye kein man hab kein schoener frawen gesehen
NEI.tei.xml;NEI_9008030_7;hab;KEEP;nein;VRB VEX;VRB VEX;lexicon.xml#lemma_2598;lexicon.xml#lemma_2598;;;variants.xml#type_8729;variants.xml#type_8729;VERBAL;high;Konjunktiv nach waenen, Objekt so gailen mut;;ia wen ich das nyemant leb der hab so gailen mut
NEI.tei.xml;NEI_9101090_5;hab;KEEP;nein;VRB VEX;VRB VEX;lexicon.xml#lemma_2598;lexicon.xml#lemma_2598;;;variants.xml#type_8729;variants.xml#type_8729;VERBAL;high;Indirekte Rede, Konjunktiv, Hilfsverb zu widersait;;er gicht aber hewer er hab vns allen widersait
NEI.tei.xml;NEI_9106080_3;hab;KEEP;nein;VRB VEX;VRB VEX;lexicon.xml#lemma_2598;lexicon.xml#lemma_2598;;;variants.xml#type_8729;variants.xml#type_8729;VERBAL;high;Konjunktiv: die fraw hab vndanck, Objekt folgt;;das die fraw hab vndanck
NEI.tei.xml;NEI_9313090_3;hab;KEEP;nein;VRB VEX;VRB VEX;lexicon.xml#lemma_2598;lexicon.xml#lemma_2598;lexicon.xml#lemma_2598_sense_4170;lexicon.xml#lemma_2598_sense_4170;variants.xml#type_8729;variants.xml#type_8729;VERBAL;high;Konjunktiv: sein scher hab vndanck;;des sein scher hab vndanck
NEI.tei.xml;NEI_9404110_0;hab;KEEP;nein;VRB VEX;VRB VEX;lexicon.xml#lemma_2598;lexicon.xml#lemma_2598;;;variants.xml#type_8729;variants.xml#type_8729;VERBAL;high;Konjunktiv, Subjekt sie, Objekt es;;hab sie es ymmer fuer ein spill
NEI.tei.xml;NEI_9703010_1;hab;KEEP;nein;VRB VEX;VRB VEX;lexicon.xml#lemma_2598;lexicon.xml#lemma_2598;;;variants.xml#type_8729;variants.xml#type_8729;VERBAL;high;Wunsch-Konjunktiv: yener hab vnhail, vnhail Objekt;;yener hab vnhail
NEI.tei.xml;NEI_10801060_8;hab;KEEP;nein;VRB VEX;VRB VEX;lexicon.xml#lemma_2598;lexicon.xml#lemma_2598;;;variants.xml#type_8729;variants.xml#type_8729;VERBAL;high;Hilfsverb mit Partizip erborben, Subjekt dinst;;das mir mein langer dinst kurczen lon erborben hab
NEI.tei.xml;NEI_11604090_1;hab;KEEP;nein;VRB VEX;VRB VEX;lexicon.xml#lemma_2598;lexicon.xml#lemma_2598;;;variants.xml#type_8729;variants.xml#type_8729;VERBAL;high;Konjunktiv-Hilfsverb mit Partizip veriagt, Subjekt sie;;sie hab mich on alle schuld in den tot veriagt
NEI.tei.xml;NEI_12307060_4;hab;KEEP;nein;VRB VEX;VRB VEX;lexicon.xml#lemma_2598;lexicon.xml#lemma_2598;lexicon.xml#lemma_2598_sense_4170;lexicon.xml#lemma_2598_sense_4170;variants.xml#type_8729;variants.xml#type_8729;VERBAL;high;Indirekte Frage: wer die schuld hab, Konjunktiv;;wer die warn schuld hab
NEI.tei.xml;NEI_12312020_1;hab;KEEP;nein;VRB VEX;VRB VEX;lexicon.xml#lemma_2598;lexicon.xml#lemma_2598;;;variants.xml#type_8729;variants.xml#type_8729;VERBAL;high;Subjekt ir, Hilfsverb zu Partizip behauset;;ir hab mich behauset woll
NEI.tei.xml;NEI_12506010_2;hab;KEEP;nein;VRB VEX;VRB VEX;lexicon.xml#lemma_2598;lexicon.xml#lemma_2598;lexicon.xml#lemma_2598_sense_4170;lexicon.xml#lemma_2598_sense_4170;variants.xml#type_8729;variants.xml#type_8729;VERBAL;high;Imperativ: nu hab dir mein trew;;gundelwein nu hab dir des mein trew
NEI.tei.xml;NEI_12510090_3;hab;KEEP;nein;VRB VEX;VRB VEX;lexicon.xml#lemma_2598;lexicon.xml#lemma_2598;lexicon.xml#lemma_2598_sense_4170;lexicon.xml#lemma_2598_sense_4170;variants.xml#type_8729;variants.xml#type_8729;VERBAL;high;Imperativ: gesell hab ymmer danck;;gundelwein sprach gesell hab ymmer danck
NEIC.tei.xml;NEIC_106090_1;hab;KEEP;nein;VRB VEX;VRB VEX;lexicon.xml#lemma_2598;lexicon.xml#lemma_2598;lexicon.xml#lemma_2598_sense_77622;lexicon.xml#lemma_2598_sense_77622;variants.xml#type_8729;variants.xml#type_8729;VERBAL;high;Hilfsverb mit Partizip verlorn;;ich hab die hunde sein verlorn ,
NEIC.tei.xml;NEIC_303020_2;hab;KEEP;nein;VRB VEX;VRB VEX;lexicon.xml#lemma_2598;lexicon.xml#lemma_2598;lexicon.xml#lemma_2598_sense_77622;lexicon.xml#lemma_2598_sense_77622;variants.xml#type_8729;variants.xml#type_8729;VERBAL;high;Irrealer Vergleich sam er hab ersehen, Hilfsverb;;sam er hab ein wild ersehen .
NEIC.tei.xml;NEIC_401040_3;hab;KEEP;nein;VRB VEX;VRB VEX;lexicon.xml#lemma_2598;lexicon.xml#lemma_2598;lexicon.xml#lemma_2598_sense_77622;lexicon.xml#lemma_2598_sense_77622;variants.xml#type_8729;variants.xml#type_8729;VERBAL;high;Hilfsverb mit Partizip gedacht, Subjekt wer;;wer zu freuden hab gedacht ,
NEIC.tei.xml;NEIC_601120_1;hab;KEEP;nein;VRB VEX;VRB VEX;lexicon.xml#lemma_2598;lexicon.xml#lemma_2598;lexicon.xml#lemma_2598_sense_4171;lexicon.xml#lemma_2598_sense_4171;variants.xml#type_8729;variants.xml#type_8729;VERBAL;high;Konjunktiv-Wunsch: der maie hab danck;;das hab der wúnnber maie danck .
NEIC.tei.xml;NEIC_807020_0;hab;KEEP;nein;VRB VEX;VRB VEX;lexicon.xml#lemma_2598;lexicon.xml#lemma_2598;lexicon.xml#lemma_2598_sense_4169;lexicon.xml#lemma_2598_sense_4169;variants.xml#type_8729;variants.xml#type_8729;VERBAL;high;Imperativ an Friedrich: hab gericht, parallel verpflicht/las;;hab gericht
NEIC.tei.xml;NEIC_901090_1;hab;KEEP;nein;VRB VEX;VRB VEX;lexicon.xml#lemma_2598;lexicon.xml#lemma_2598;lexicon.xml#lemma_2598_sense_77622;lexicon.xml#lemma_2598_sense_77622;variants.xml#type_8729;variants.xml#type_8729;VERBAL;high;Subjekt ich, Hilfsverb zu Partizip gesenet;;also hab ich mich gesenet
NEIC.tei.xml;NEIC_1306010_3;hab;KEEP;nein;VRB VEX;VRB VEX;lexicon.xml#lemma_2598;lexicon.xml#lemma_2598;lexicon.xml#lemma_2598_sense_77622;lexicon.xml#lemma_2598_sense_77622;variants.xml#type_8729;variants.xml#type_8729;VERBAL;high;hab ich, Hilfsverb zu geleichet;;die vier die hab ich recht zusam geleichet ,
NEIC.tei.xml;NEIC_1314040_5;hab;KEEP;nein;VRB VEX;VRB VEX;lexicon.xml#lemma_2598;lexicon.xml#lemma_2598;lexicon.xml#lemma_2598_sense_77622;lexicon.xml#lemma_2598_sense_77622;variants.xml#type_8729;variants.xml#type_8729;VERBAL;high;Hilfsverb mit begangen, Relativsatz mit ich;;die ich bei meinen tagen hab begangen .
NEIC.tei.xml;NEIC_1701010_1;hab;KEEP;nein;VRB VEX;VRB VEX;lexicon.xml#lemma_2598;lexicon.xml#lemma_2598;lexicon.xml#lemma_2598_sense_4169;lexicon.xml#lemma_2598_sense_4169;variants.xml#type_8729;variants.xml#type_8729;VERBAL;high;Konjunktiv: urlaub hab der winter;;urlaub hab der winter
NEIC.tei.xml;NEIC_1901170_1;hab;KEEP;nein;VRB VEX;VRB VEX;lexicon.xml#lemma_2598;lexicon.xml#lemma_2598;lexicon.xml#lemma_2598_sense_77622;lexicon.xml#lemma_2598_sense_77622;variants.xml#type_8729;variants.xml#type_8729;VERBAL;high;Hilfsverb mit Partizipien gedienet vnd gesungen, Subjekt ich;;nun hab ich baide umb sunst gedienet vnd gesungen .
NEIC.tei.xml;NEIC_2309030_2;hab;KEEP;nein;VRB VEX;VRB VEX;lexicon.xml#lemma_2598;lexicon.xml#lemma_2598;lexicon.xml#lemma_2598_sense_4169;lexicon.xml#lemma_2598_sense_4169;variants.xml#type_8729;variants.xml#type_8729;VERBAL;high;Imperativ hab dir mit Dativreflexiv;;< das hab dir des von rubental .
NEIC.tei.xml;NEIC_2605010_7;hab;KEEP;nein;VRB VEX;VRB VEX;lexicon.xml#lemma_2598;lexicon.xml#lemma_2598;lexicon.xml#lemma_2598_sense_77622;lexicon.xml#lemma_2598_sense_77622;variants.xml#type_8729;variants.xml#type_8729;VERBAL;high;Konjunktiv-Hilfsverb mit Partizip erlenget, das-Satz;;sie wollen das sich der winter hewer hab erlenget .
NEIC.tei.xml;NEIC_3005020_5;hab;KEEP;nein;VRB VEX;VRB VEX;lexicon.xml#lemma_2598;lexicon.xml#lemma_2598;lexicon.xml#lemma_2598_sense_77622;lexicon.xml#lemma_2598_sense_77622;variants.xml#type_8729;variants.xml#type_8729;VERBAL;high;Hilfsverb mit Partizip gesprochen, Subjekt ich;;was ich euch zu gute hab gesprochen ,
NEIC.tei.xml;NEIC_3511010_4;hab;KEEP;nein;VRB VEX;VRB VEX;lexicon.xml#lemma_2598;lexicon.xml#lemma_2598;lexicon.xml#lemma_2598_sense_4170;lexicon.xml#lemma_2598_sense_4170;variants.xml#type_8729;variants.xml#type_8729;VERBAL;high;Imperativ hab meinen rat mit Akkusativobjekt;;< tochter , des hab meinen rat !
NEIC.tei.xml;NEIC_3609050_6;hab;KEEP;nein;VRB VEX;VRB VEX;lexicon.xml#lemma_2598;lexicon.xml#lemma_2598;lexicon.xml#lemma_2598_sense_4170;lexicon.xml#lemma_2598_sense_4170;variants.xml#type_8729;variants.xml#type_8729;VERBAL;high;Konjunktiv-Fluch: der teufel hab euch;;pfuh , das euch der teufel hab ,
NEIC.tei.xml;NEIC_4302140_1;hab;KEEP;nein;VRB VEX;VRB VEX;lexicon.xml#lemma_2598;lexicon.xml#lemma_2598;lexicon.xml#lemma_2598_sense_4170;lexicon.xml#lemma_2598_sense_4170;variants.xml#type_8729;variants.xml#type_8729;VERBAL;high;Imperativ hab dir mit Objekt mein leben;;nu hab dir mein leben , wenn du willt .
NEIC.tei.xml;NEIC_4409110_1;hab;KEEP;nein;VRB VEX;VRB VEX;lexicon.xml#lemma_2598;lexicon.xml#lemma_2598;lexicon.xml#lemma_2598_sense_4170;lexicon.xml#lemma_2598_sense_4170;variants.xml#type_8729;variants.xml#type_8729;VERBAL;high;Vollverb 1. Plural: die hab wir;;die hab wir , so sind auch ir nicht mer .
NEIC.tei.xml;NEIC_4506060_4;hab;KEEP;nein;VRB VEX;VRB VEX;lexicon.xml#lemma_2598;lexicon.xml#lemma_2598;lexicon.xml#lemma_2598_sense_77622;lexicon.xml#lemma_2598_sense_77622;variants.xml#type_8729;variants.xml#type_8729;VERBAL;high;Hilfsverb mit Partizip getan, Subjekt ich;;als ich der werlt hab getan - das rewet mich mit meinem newen gesange - ,
NEIC.tei.xml;NEIC_4705020_6;hab;KEEP;nein;VRB VEX;VRB VEX;lexicon.xml#lemma_2598;lexicon.xml#lemma_2598;lexicon.xml#lemma_2598_sense_4170;lexicon.xml#lemma_2598_sense_4170;variants.xml#type_8729;variants.xml#type_8729;VERBAL;high;Konjunktiv, Subjekt der, Objekt den schaden;;der sich daheim versawm , der hab den schaden !
NEIC.tei.xml;NEIC_4807040_1;hab;KEEP;nein;VRB VEX;VRB VEX;lexicon.xml#lemma_2598;lexicon.xml#lemma_2598;lexicon.xml#lemma_2598_sense_4170;lexicon.xml#lemma_2598_sense_4170;variants.xml#type_8729;variants.xml#type_8729;VERBAL;high;Vollverb 1.Pl.: des hab wir ere;;des hab wir imer ere .
NEIC.tei.xml;NEIC_5003060_2;hab;KEEP;nein;VRB VEX;VRB VEX;lexicon.xml#lemma_2598;lexicon.xml#lemma_2598;lexicon.xml#lemma_2598_sense_4171;lexicon.xml#lemma_2598_sense_4171;variants.xml#type_8729;variants.xml#type_8729;VERBAL;high;Konjunktiv-Wunsch: der may hab sein ere;;der may hab sein ere .
NEIC.tei.xml;NEIC_5803060_1;hab;KEEP;nein;VRB VEX;VRB VEX;lexicon.xml#lemma_2598;lexicon.xml#lemma_2598;lexicon.xml#lemma_2598_sense_4169;lexicon.xml#lemma_2598_sense_4169;variants.xml#type_8729;variants.xml#type_8729;VERBAL;high;Konjunktiv der hab mit Objekt das laub;;der hab das laub von kinden . >
NEIC.tei.xml;NEIC_5906050_0;hab;KEEP;nein;VRB VEX;VRB VEX;lexicon.xml#lemma_2598;lexicon.xml#lemma_2598;lexicon.xml#lemma_2598_sense_77615;lexicon.xml#lemma_2598_sense_77615;variants.xml#type_8729;variants.xml#type_8729;VERBAL;high;Imperativ hab gedult, Objekt gedult folgt;;hab gedult .
NEIC.tei.xml;NEIC_6206030_8;hab;KEEP;nein;VRB VEX;VRB VEX;lexicon.xml#lemma_2598;lexicon.xml#lemma_2598;lexicon.xml#lemma_2598_sense_77622;lexicon.xml#lemma_2598_sense_77622;variants.xml#type_8729;variants.xml#type_8729;VERBAL;high;Hilfsverb mit Partizip erkorn, Subjekt ich;;lieb vor allem lieb ich mir zu lieb hab
NEIC.tei.xml;NEIC_6401070_1;hab;KEEP;nein;VRB VEX;VRB VEX;lexicon.xml#lemma_2598;lexicon.xml#lemma_2598;lexicon.xml#lemma_2598_sense_4171;lexicon.xml#lemma_2598_sense_4171;variants.xml#type_8729;variants.xml#type_8729;VERBAL;high;Konjunktiv: des hab der sumer danck;;des hab der sumer danck ,
NEIC.tei.xml;NEIC_6604070_5;hab;KEEP;nein;VRB VEX;VRB VEX;lexicon.xml#lemma_2598;lexicon.xml#lemma_2598;lexicon.xml#lemma_2598_sense_4170;lexicon.xml#lemma_2598_sense_4170;variants.xml#type_8729;variants.xml#type_8729;VERBAL;high;Imperativ hab dein gemach, gemach ist Objekt;;da wir flachten , davon hab dein gemach . >
NEIC.tei.xml;NEIC_7812010_3;hab;KEEP;nein;VRB VEX;VRB VEX;lexicon.xml#lemma_2598;lexicon.xml#lemma_2598;lexicon.xml#lemma_2598_sense_4170;lexicon.xml#lemma_2598_sense_4170;variants.xml#type_8729;variants.xml#type_8729;VERBAL;high;1. Sg. Indikativ, Subjekt ich, Objekt die schonsten frawen;;herr , ich hab die schonsten frawen ,
NEIC.tei.xml;NEIC_7905090_1;hab;KEEP;nein;VRB VEX;VRB VEX;lexicon.xml#lemma_2598;lexicon.xml#lemma_2598;lexicon.xml#lemma_2598_sense_4171;lexicon.xml#lemma_2598_sense_4171;variants.xml#type_8729;variants.xml#type_8729;VERBAL;high;Konjunktiv-Wunsch: er hab im mein schuch;;er hab im mein schuch ! - in diesem iar ,
NEIC.tei.xml;NEIC_8002030_7;hab;KEEP;nein;VRB VEX;VRB VEX;lexicon.xml#lemma_2598;lexicon.xml#lemma_2598;lexicon.xml#lemma_2598_sense_77622;lexicon.xml#lemma_2598_sense_77622;variants.xml#type_8729;variants.xml#type_8729;VERBAL;high;Hilfsverb mit Partizip gesungen, Subjekt ich;;mich verfahet nicht , was ich ir hab lang gesungen .
NEIM.tei.xml;NEIM_109090_3;habe;STRIP;ja;NOM VRB VEX;VRB VEX;lexicon.xml#lemma_2598;lexicon.xml#lemma_2598;lexicon.xml#lemma_2598_sense_77615;lexicon.xml#lemma_2598_sense_77615;variants.xml#type_8730;variants.xml#type_8730;VERBAL;high;Konjunktiv, Subjekt sin schere, Objekt undank (Verwuenschungsformel);;das sin schere habe undank ,
NEIM.tei.xml;NEIM_110050_5;habe;STRIP;ja;NOM VRB VEX;VRB VEX;lexicon.xml#lemma_2598;lexicon.xml#lemma_2598;lexicon.xml#lemma_2598_sense_4170;lexicon.xml#lemma_2598_sense_4170;variants.xml#type_8730;variants.xml#type_8730;VERBAL;high;Vollverb 1. Sg.: den ich habe von diner gebe;;wer behalten , den ich habe von diner milten gebe ,
NEIR.tei.xml;NEIR_1302050_4;hab;KEEP;nein;VRB VEX;VRB VEX;lexicon.xml#lemma_2598;lexicon.xml#lemma_2598;lexicon.xml#lemma_2598_sense_77622;lexicon.xml#lemma_2598_sense_77622;variants.xml#type_8729;variants.xml#type_8729;VERBAL;high;hab ich niht ze schelten: Subjekt ich;;vrowen und gutiu wip hab ich niht ze schelten :
NEIR.tei.xml;NEIR_2102130_7;hab;KEEP;nein;VRB VEX;VRB VEX;lexicon.xml#lemma_2598;lexicon.xml#lemma_2598;lexicon.xml#lemma_2598_sense_77615;lexicon.xml#lemma_2598_sense_77615;variants.xml#type_8729;variants.xml#type_8729;VERBAL;high;ob siz vur dienst hab: Konjunktiv mit Objekt;;nu seht , ob siz vur dienst hab .
NEIR.tei.xml;NEIR_4008080_5;hab;KEEP;nein;VRB VEX;VRB VEX;lexicon.xml#lemma_2598;lexicon.xml#lemma_2598;lexicon.xml#lemma_2598_sense_77615;lexicon.xml#lemma_2598_sense_77615;variants.xml#type_8729;variants.xml#type_8729;VERBAL;high;Konjunktiv im daz-Satz: daz du hab undanch;;daz du , vrowe , hab undanch !
NEIR.tei.xml;NEIR_4205090_0;hab;KEEP;nein;VRB VEX;VRB VEX;lexicon.xml#lemma_2598;lexicon.xml#lemma_2598;lexicon.xml#lemma_2598_sense_4169;lexicon.xml#lemma_2598_sense_4169;variants.xml#type_8729;variants.xml#type_8729;VERBAL;medium;"Ausruf, Imperativlesart hab ûf; kein Determinativ davor";Konfidenz unter high, keine Aenderung noetig;hab uof minem schuhe ! - in disem iare ,
NEIR.tei.xml;NEIR_4802020_7;hab;KEEP;nein;VRB VEX;VRB VEX;lexicon.xml#lemma_2598;lexicon.xml#lemma_2598;lexicon.xml#lemma_2598_sense_77622;lexicon.xml#lemma_2598_sense_77622;variants.xml#type_8729;variants.xml#type_8729;VERBAL;high;Hilfsverb 1.Pl. mit Partizip genozzen;;vreut sich siner chunfte wol . der hab wir e genozzen .
NEIR.tei.xml;NEIR_4803060_2;hab;KEEP;nein;VRB VEX;VRB VEX;lexicon.xml#lemma_2598;lexicon.xml#lemma_2598;lexicon.xml#lemma_2598_sense_4171;lexicon.xml#lemma_2598_sense_4171;variants.xml#type_8729;variants.xml#type_8729;VERBAL;high;Konjunktiv-Wunsch: der maye hab des ere;;der maye hab des ere .
NEIR.tei.xml;NEIR_5108030_2;hab;KEEP;nein;VRB VEX;VRB VEX;lexicon.xml#lemma_2598;lexicon.xml#lemma_2598;lexicon.xml#lemma_2598_sense_4169;lexicon.xml#lemma_2598_sense_4169;variants.xml#type_8729;variants.xml#type_8729;VERBAL;high;Imperativ daz hab dir mit Dativreflexiv;;< daz hab dir des von riwental .
NEIR.tei.xml;NEIR_5405050_1;hab;KEEP;nein;VRB VEX;VRB VEX;lexicon.xml#lemma_2598;lexicon.xml#lemma_2598;lexicon.xml#lemma_2598_sense_4169;lexicon.xml#lemma_2598_sense_4169;variants.xml#type_8729;variants.xml#type_8729;VERBAL;high;Imperativ hab gedult, Objekt gedult folgt;;unt hab gedult .
NLB.tei.xml;NLB_862_4;habe;STRIP;ja;NOM VRB VEX;VRB VEX;lexicon.xml#lemma_2598;lexicon.xml#lemma_2598;lexicon.xml#lemma_2598_sense_77622;lexicon.xml#lemma_2598_sense_77622;variants.xml#type_8730;variants.xml#type_8730;VERBAL;high;Hilfsverb mit gesehen, Subjekt ich;;swie ich sîvrîden nimmer habe gesehen ,
NLB.tei.xml;NLB_1082_5;habe;STRIP;ja;NOM VRB VEX;VRB VEX;lexicon.xml#lemma_2598;lexicon.xml#lemma_2598;lexicon.xml#lemma_2598_sense_77622;lexicon.xml#lemma_2598_sense_77622;variants.xml#type_8730;variants.xml#type_8730;VERBAL;high;Hilfsverb Konjunktiv mit Partizip gesehen;;daz man künec deheinen küener habe gesehen .
NLB.tei.xml;NLB_1093_2;habe;STRIP;ja;NOM VRB VEX;VRB VEX;lexicon.xml#lemma_2598;lexicon.xml#lemma_2598;lexicon.xml#lemma_2598_sense_4170;lexicon.xml#lemma_2598_sense_4170;variants.xml#type_8730;variants.xml#type_8730;VERBAL;high;daz-Satz mit Subjekt ich, Objekte liute unde lant;;daz ich habe von rehte liute unde lant .
NLB.tei.xml;NLB_1422_3;habe;STRIP;ja;NOM VRB VEX;VRB VEX;lexicon.xml#lemma_2598;lexicon.xml#lemma_2598;lexicon.xml#lemma_2598_sense_77622;lexicon.xml#lemma_2598_sense_77622;variants.xml#type_8730;variants.xml#type_8730;VERBAL;high;Hilfsverb mit Partizip gesendet, indirekte Frage;;wer iuch her habe gesendet , des enhân ich niht vernomen ,
NLB.tei.xml;NLB_2892_7;hab;KEEP;nein;VRB VEX;VRB VEX;lexicon.xml#lemma_2598;lexicon.xml#lemma_2598;lexicon.xml#lemma_2598_sense_4170;lexicon.xml#lemma_2598_sense_4170;variants.xml#type_8729;variants.xml#type_8729;VERBAL;high;Vollverb 1.Pl.: des hab wir frumen;;daz in diu maget grüeze , des hab wir immer frumen .
NLB.tei.xml;NLB_4112_6;habe;STRIP;ja;NOM VRB VEX;VRB VEX;lexicon.xml#lemma_2598;lexicon.xml#lemma_2598;lexicon.xml#lemma_2598_sense_77622;lexicon.xml#lemma_2598_sense_77622;variants.xml#type_8730;variants.xml#type_8730;VERBAL;high;Hilfsverb mit Partizip gesehen, Subjekt ich;;daz ich ir deheinen nie mêr habe gesehen ,
NLB.tei.xml;NLB_4543_1;hab;KEEP;nein;VRB VEX;VRB VEX;lexicon.xml#lemma_2598;lexicon.xml#lemma_2598;lexicon.xml#lemma_2598_sense_4171;lexicon.xml#lemma_2598_sense_4171;variants.xml#type_8729;variants.xml#type_8729;VERBAL;high;Imperativ hab du die gebaere mit Objekt;;nu hab du die gebaere , diu werc wil ich begân . >
NLB.tei.xml;NLB_4612_8;habe;STRIP;ja;NOM VRB VEX;VRB VEX;lexicon.xml#lemma_2598;lexicon.xml#lemma_2598;lexicon.xml#lemma_2598_sense_4170;lexicon.xml#lemma_2598_sense_4170;variants.xml#type_8730;variants.xml#type_8730;VERBAL;high;Imperativ/Optativ: habe danc mit Genitiv des schuzzes;;< gunther , ritter edele , des schuzzes habe danc . >
NLB.tei.xml;NLB_5182_1;habe;STRIP;ja;NOM VRB VEX;VRB VEX;lexicon.xml#lemma_2598;lexicon.xml#lemma_2598;lexicon.xml#lemma_2598_sense_77622;lexicon.xml#lemma_2598_sense_77622;variants.xml#type_8730;variants.xml#type_8730;VERBAL;high;Konjunktiv indirekte Rede, Hilfsverb mit gesant;;ich habe gesant nâch tôde : ich wils noch lenger pflegen .
NLB.tei.xml;NLB_5401_8;habe;STRIP;ja;NOM VRB VEX;VRB VEX;lexicon.xml#lemma_2598;lexicon.xml#lemma_2598;lexicon.xml#lemma_2598_sense_77622;lexicon.xml#lemma_2598_sense_77622;variants.xml#type_8730;variants.xml#type_8730;VERBAL;high;Hilfsverb Konjunktiv mit Partizip vernomen;;unt saget mîner swester , sô si daz habe vernomen ,
NLB.tei.xml;NLB_7512_6;habe;STRIP;ja;NOM VRB VEX;VRB VEX;lexicon.xml#lemma_2598;lexicon.xml#lemma_2598;lexicon.xml#lemma_2598_sense_77622;lexicon.xml#lemma_2598_sense_77622;variants.xml#type_8730;variants.xml#type_8730;VERBAL;high;Hilfsverb mit Partizip genomen, Subjekt der winder;;swenne daz der winder ein ende habe genomen ,
NLB.tei.xml;NLB_8263_0;habe;STRIP;ja;NOM VRB VEX;VRB VEX;lexicon.xml#lemma_2598;lexicon.xml#lemma_2598;lexicon.xml#lemma_2598_sense_4171;lexicon.xml#lemma_2598_sense_4171;variants.xml#type_8730;variants.xml#type_8730;VERBAL;high;Konjunktiv im ob-Satz, Subjekt man, Objekt den lîp;;habe ze solhen êren sô man den mînen tuot . >
NLB.tei.xml;NLB_8292_7;habe;STRIP;ja;NOM VRB VEX;VRB VEX;lexicon.xml#lemma_2598;lexicon.xml#lemma_2598;lexicon.xml#lemma_2598_sense_77622;lexicon.xml#lemma_2598_sense_77622;variants.xml#type_8730;variants.xml#type_8730;VERBAL;high;Konjunktiv-Hilfsverb mit Partizip bekant, Subjekt iemen;;ich wil selbe wesen tiwerr danne iemen habe bekant
NLB.tei.xml;NLB_8533_4;habe;STRIP;ja;NOM VRB VEX;VRB VEX;lexicon.xml#lemma_2598;lexicon.xml#lemma_2598;lexicon.xml#lemma_2598_sense_77622;lexicon.xml#lemma_2598_sense_77622;variants.xml#type_8730;variants.xml#type_8730;VERBAL;high;Indirekte Rede: Hilfsverb mit Partizip gekebset;;si giht , mich habe gekebset sîfrit ir man . >
NLB.tei.xml;NLB_8564_7;habe;STRIP;ja;NOM VRB VEX;VRB VEX;lexicon.xml#lemma_2598;lexicon.xml#lemma_2598;lexicon.xml#lemma_2598_sense_77622;lexicon.xml#lemma_2598_sense_77622;variants.xml#type_8730;variants.xml#type_8730;VERBAL;high;Konjunktiv, Subjekt der kuenic, Hilfsverb zu besant;;oder von welhen schulden mich der künic habe besant . >
NLB.tei.xml;NLB_8934_6;hab;KEEP;nein;VRB VEX;VRB VEX;lexicon.xml#lemma_2598;lexicon.xml#lemma_2598;lexicon.xml#lemma_2598_sense_77622;lexicon.xml#lemma_2598_sense_77622;variants.xml#type_8729;variants.xml#type_8729;VERBAL;high;Konditionalinversion, Hilfsverb zu getân, Subjekt ich;;ern sol des niht engelten , hab ich prünhilde iht getân .
NLB.tei.xml;NLB_9681_10;hab;KEEP;nein;VRB VEX;VRB VEX;lexicon.xml#lemma_2598;lexicon.xml#lemma_2598;lexicon.xml#lemma_2598_sense_4169;lexicon.xml#lemma_2598_sense_4169;variants.xml#type_8729;variants.xml#type_8729;VERBAL;high;Konjunktiv: der lip hab undanc;;dô sprach der herre sîfrit : < ir lîp der hab undanc !
NLB.tei.xml;NLB_10853_1;habe;STRIP;ja;NOM VRB VEX;VRB VEX;lexicon.xml#lemma_2598;lexicon.xml#lemma_2598;lexicon.xml#lemma_2598_sense_4170;lexicon.xml#lemma_2598_sense_4170;variants.xml#type_8730;variants.xml#type_8730;VERBAL;high;Vollverb: ich habe niemen mâge;;ich habe niemen mâge in nibelunge lant . >
NLB.tei.xml;NLB_11784_7;hab;KEEP;nein;VRB VEX;VRB VEX;lexicon.xml#lemma_2598;lexicon.xml#lemma_2598;lexicon.xml#lemma_2598_sense_77622;lexicon.xml#lemma_2598_sense_77622;variants.xml#type_8729;variants.xml#type_8729;VERBAL;high;Hilfsverb mit Partizip bekant, Negation ine-;;si sulen sîn vil vremde , ine hab si schiere bekant . >
NLB.tei.xml;NLB_14053_8;habe;STRIP;ja;NOM VRB VEX;VRB VEX;lexicon.xml#lemma_2598;lexicon.xml#lemma_2598;lexicon.xml#lemma_2598_sense_77615;lexicon.xml#lemma_2598_sense_77615;variants.xml#type_8730;variants.xml#type_8730;VERBAL;high;Vollverb mit Subjekt ich und Objekt muot;;so enbiut ich mînen vriunden des ich dâ habe muot ,
NLB.tei.xml;NLB_16343_2;habe;STRIP;ja;NOM VRB VEX;VRB VEX;lexicon.xml#lemma_2598;lexicon.xml#lemma_2598;lexicon.xml#lemma_2598_sense_4170;lexicon.xml#lemma_2598_sense_4170;variants.xml#type_8730;variants.xml#type_8730;VERBAL;high;Imperativ: die habe dir, helt;;< die habe dir , helt , ze minnen , daz du mîn friunt sîst .
NLB.tei.xml;NLB_18141_9;habe;STRIP;ja;NOM VRB VEX;VRB VEX;lexicon.xml#lemma_2598;lexicon.xml#lemma_2598;lexicon.xml#lemma_2598_sense_77622;lexicon.xml#lemma_2598_sense_77622;variants.xml#type_8730;variants.xml#type_8730;VERBAL;high;Hilfsverb mit Partizip getân, indirekte Frage;;mich nimt des michel wunder , waz ich iu habe getân ,
NLB.tei.xml;NLB_18452_8;habe;STRIP;ja;NOM VRB VEX;VRB VEX;lexicon.xml#lemma_2598;lexicon.xml#lemma_2598;lexicon.xml#lemma_2598_sense_77622;lexicon.xml#lemma_2598_sense_77622;variants.xml#type_8730;variants.xml#type_8730;VERBAL;high;daz-Satz, Hilfsverb zu Partizip gesehen;;daz wir si bringen innen daz ich si habe gesehen ,
NLB.tei.xml;NLB_19634_2;habe;STRIP;ja;NOM VRB VEX;VRB VEX;lexicon.xml#lemma_2598;lexicon.xml#lemma_2598;lexicon.xml#lemma_2598_sense_4171;lexicon.xml#lemma_2598_sense_4171;variants.xml#type_8730;variants.xml#type_8730;VERBAL;high;Imperativ: daz habe dir ze botschefte;;< daz habe dir ze botschefte in der burgonden lant . >
NLB.tei.xml;NLB_21474_7;habe;STRIP;ja;NOM VRB VEX;VRB VEX;lexicon.xml#lemma_2598;lexicon.xml#lemma_2598;lexicon.xml#lemma_2598_sense_77622;lexicon.xml#lemma_2598_sense_77622;variants.xml#type_8730;variants.xml#type_8730;VERBAL;high;habe wir verdienet: Hilfsverb mit Partizip;;si sprach ze rüedegêre : < wie habe wir verdienet daz ,
NST.tei.xml;NST_1571060_7;hab;KEEP;nein;VRB VEX;VRB VEX;lexicon.xml#lemma_2598;lexicon.xml#lemma_2598;lexicon.xml#lemma_2598_sense_4169;lexicon.xml#lemma_2598_sense_4169;variants.xml#type_8729;variants.xml#type_8729;VERBAL;high;Imperativ: hab mich lieb für alle lieb;;ejn guoter frummer mensch begeret von unserm herren dz er im kunt thett warjnnen er sich sölt üben / darjnn er im ein wolgefallen thett . jm ward geantwurt . wilt du got ein besunders wolgefallen tuon / so gib einen pfening hie in diser zeÿt durch gotes willen so du es wol getuon magst / und dÿe weil es dein ist / dz ist mir lieber und dir nüczer / denn ob man nach deinem tod geb eÿnen grossen hauffen . dz ander weine einen zeher waßers umb dein sünd . und umb meines leidens willen / dz ist mir lieber und dir nüczer denn dz du als vil ruoten auf deinen ruck erschlügest als auf einen weiten veld gewachssen möcht dz dritt ist . leid ein verschmechtes hertes wort durch meinen willen / das ist mir lieber und dir nüczer . denn das du einen see vol wassers waÿntest umb zergencklich zeÿtlich ding . das vierd . prich deinen schlaff ab durch meinen willen / dz ist mir lieber und dir nüczer / denn das du schicktest zwelff ritter nach deinem tod zuo dem heiligen grab . dz fünfft ist beherberg den armen menschen und thuo im gütlich durch meinen willen / dz ist mir lieber und dir nüczer denn dz du vÿerczig iar in ÿegklicher wochen dreÿ tag vastest mit wasser und prot . das sechst ist . rede nÿemant übel und argkwan nicht / dz ist mir lieber und dir nüczer denn dz du die ganczen welt umbgiengest / und in ÿegklichen fuoßtrit dein pluot verrertest . dz sibent ist / ker alle ding zuo dem pesten und erger nichcz . das ist mir lieber und dir nüczer denn das du alle tag in den dritten himel verzuckt würdest . das achtent ist / warumb du pittent pist / es seÿ umb leÿb umb sele umb guot oder umb ere / so pit mich selb / dz ist mir lieber und dir nüczer denn das mein liebe muoter und alle heiligen und engel für dich petten . noch wil ich dein rein andechtig gepet lieber erhören . das neünd ist . hab mich lieb für alle lieb / das ist mir lieber und dir nüczer / denn das du ein saul aufgiengest die überal vor scharsach stecket . und dÿe da reÿchet von dem ertreÿch piß an die wolcken / und teglich dein pluot daran vergüssest und versertest . noch ist mir lieber das du mich lieb habest über alle lieb unser lieber herre spricht mer zuo dem menschen . lob mich in deiner getreüen arbeit so würt dein arbeit mein lob . und hab mich lieb in deiner widerwertikeÿt / so würt dein lieb mich ziern gee mir nach in stettikeÿt so würt dein sel mein gefert . sanctus bernhardus spricht so der mensch ÿe grösser sündet so im got ÿe gütlicher nachgeet . sanctus augustinus spricht . hab got lieb von ganczen deinem herczen oder du verdienst den ewigen schmerczen . sanctus paulus der spricht kein mensch ist got als wolgefellig als der der frid in seinem herczen tregt . wann der zorn ist der natur / wenn man in übet so er ÿe mer wachsset / und enzündet sich im herczen zuo untugenden . und erleschet alle tugent . wer oren hab zuo hören der höre .
NST.tei.xml;NST_1571120_11;hab;KEEP;nein;VRB VEX;VRB VEX;lexicon.xml#lemma_2598;lexicon.xml#lemma_2598;lexicon.xml#lemma_2598_sense_77615;lexicon.xml#lemma_2598_sense_77615;variants.xml#type_8729;variants.xml#type_8729;VERBAL;high;Imperativ hab mich lieb, mich Objekt;;ejn guoter frummer mensch begeret von unserm herren dz er im kunt thett warjnnen er sich sölt üben / darjnn er im ein wolgefallen thett . jm ward geantwurt . wilt du got ein besunders wolgefallen tuon / so gib einen pfening hie in diser zeÿt durch gotes willen so du es wol getuon magst / und dÿe weil es dein ist / dz ist mir lieber und dir nüczer / denn ob man nach deinem tod geb eÿnen grossen hauffen . dz ander weine einen zeher waßers umb dein sünd . und umb meines leidens willen / dz ist mir lieber und dir nüczer denn dz du als vil ruoten auf deinen ruck erschlügest als auf einen weiten veld gewachssen möcht dz dritt ist . leid ein verschmechtes hertes wort durch meinen willen / das ist mir lieber und dir nüczer . denn das du einen see vol wassers waÿntest umb zergencklich zeÿtlich ding . das vierd . prich deinen schlaff ab durch meinen willen / dz ist mir lieber und dir nüczer / denn das du schicktest zwelff ritter nach deinem tod zuo dem heiligen grab . dz fünfft ist beherberg den armen menschen und thuo im gütlich durch meinen willen / dz ist mir lieber und dir nüczer denn dz du vÿerczig iar in ÿegklicher wochen dreÿ tag vastest mit wasser und prot . das sechst ist . rede nÿemant übel und argkwan nicht / dz ist mir lieber und dir nüczer denn dz du die ganczen welt umbgiengest / und in ÿegklichen fuoßtrit dein pluot verrertest . dz sibent ist / ker alle ding zuo dem pesten und erger nichcz . das ist mir lieber und dir nüczer denn das du alle tag in den dritten himel verzuckt würdest . das achtent ist / warumb du pittent pist / es seÿ umb leÿb umb sele umb guot oder umb ere / so pit mich selb / dz ist mir lieber und dir nüczer denn das mein liebe muoter und alle heiligen und engel für dich petten . noch wil ich dein rein andechtig gepet lieber erhören . das neünd ist . hab mich lieb für alle lieb / das ist mir lieber und dir nüczer / denn das du ein saul aufgiengest die überal vor scharsach stecket . und dÿe da reÿchet von dem ertreÿch piß an die wolcken / und teglich dein pluot daran vergüssest und versertest . noch ist mir lieber das du mich lieb habest über alle lieb unser lieber herre spricht mer zuo dem menschen . lob mich in deiner getreüen arbeit so würt dein arbeit mein lob . und hab mich lieb in deiner widerwertikeÿt / so würt dein lieb mich ziern gee mir nach in stettikeÿt so würt dein sel mein gefert . sanctus bernhardus spricht so der mensch ÿe grösser sündet so im got ÿe gütlicher nachgeet . sanctus augustinus spricht . hab got lieb von ganczen deinem herczen oder du verdienst den ewigen schmerczen . sanctus paulus der spricht kein mensch ist got als wolgefellig als der der frid in seinem herczen tregt . wann der zorn ist der natur / wenn man in übet so er ÿe mer wachsset / und enzündet sich im herczen zuo untugenden . und erleschet alle tugent . wer oren hab zuo hören der höre .
NST.tei.xml;NST_1572030_7;hab;KEEP;nein;VRB VEX;VRB VEX;lexicon.xml#lemma_2598;lexicon.xml#lemma_2598;lexicon.xml#lemma_2598_sense_77615;lexicon.xml#lemma_2598_sense_77615;variants.xml#type_8729;variants.xml#type_8729;VERBAL;high;Imperativ hab got lieb mit Akkusativobjekt;;ejn guoter frummer mensch begeret von unserm herren dz er im kunt thett warjnnen er sich sölt üben / darjnn er im ein wolgefallen thett . jm ward geantwurt . wilt du got ein besunders wolgefallen tuon / so gib einen pfening hie in diser zeÿt durch gotes willen so du es wol getuon magst / und dÿe weil es dein ist / dz ist mir lieber und dir nüczer / denn ob man nach deinem tod geb eÿnen grossen hauffen . dz ander weine einen zeher waßers umb dein sünd . und umb meines leidens willen / dz ist mir lieber und dir nüczer denn dz du als vil ruoten auf deinen ruck erschlügest als auf einen weiten veld gewachssen möcht dz dritt ist . leid ein verschmechtes hertes wort durch meinen willen / das ist mir lieber und dir nüczer . denn das du einen see vol wassers waÿntest umb zergencklich zeÿtlich ding . das vierd . prich deinen schlaff ab durch meinen willen / dz ist mir lieber und dir nüczer / denn das du schicktest zwelff ritter nach deinem tod zuo dem heiligen grab . dz fünfft ist beherberg den armen menschen und thuo im gütlich durch meinen willen / dz ist mir lieber und dir nüczer denn dz du vÿerczig iar in ÿegklicher wochen dreÿ tag vastest mit wasser und prot . das sechst ist . rede nÿemant übel und argkwan nicht / dz ist mir lieber und dir nüczer denn dz du die ganczen welt umbgiengest / und in ÿegklichen fuoßtrit dein pluot verrertest . dz sibent ist / ker alle ding zuo dem pesten und erger nichcz . das ist mir lieber und dir nüczer denn das du alle tag in den dritten himel verzuckt würdest . das achtent ist / warumb du pittent pist / es seÿ umb leÿb umb sele umb guot oder umb ere / so pit mich selb / dz ist mir lieber und dir nüczer denn das mein liebe muoter und alle heiligen und engel für dich petten . noch wil ich dein rein andechtig gepet lieber erhören . das neünd ist . hab mich lieb für alle lieb / das ist mir lieber und dir nüczer / denn das du ein saul aufgiengest die überal vor scharsach stecket . und dÿe da reÿchet von dem ertreÿch piß an die wolcken / und teglich dein pluot daran vergüssest und versertest . noch ist mir lieber das du mich lieb habest über alle lieb unser lieber herre spricht mer zuo dem menschen . lob mich in deiner getreüen arbeit so würt dein arbeit mein lob . und hab mich lieb in deiner widerwertikeÿt / so würt dein lieb mich ziern gee mir nach in stettikeÿt so würt dein sel mein gefert . sanctus bernhardus spricht so der mensch ÿe grösser sündet so im got ÿe gütlicher nachgeet . sanctus augustinus spricht . hab got lieb von ganczen deinem herczen oder du verdienst den ewigen schmerczen . sanctus paulus der spricht kein mensch ist got als wolgefellig als der der frid in seinem herczen tregt . wann der zorn ist der natur / wenn man in übet so er ÿe mer wachsset / und enzündet sich im herczen zuo untugenden . und erleschet alle tugent . wer oren hab zuo hören der höre .
NST.tei.xml;NST_1572090_2;hab;KEEP;nein;VRB VEX;VRB VEX;lexicon.xml#lemma_2598;lexicon.xml#lemma_2598;lexicon.xml#lemma_2598_sense_4170;lexicon.xml#lemma_2598_sense_4170;variants.xml#type_8729;variants.xml#type_8729;VERBAL;high;Konjunktiv-Vollverb: wer oren hab zuo hoeren;;ejn guoter frummer mensch begeret von unserm herren dz er im kunt thett warjnnen er sich sölt üben / darjnn er im ein wolgefallen thett . jm ward geantwurt . wilt du got ein besunders wolgefallen tuon / so gib einen pfening hie in diser zeÿt durch gotes willen so du es wol getuon magst / und dÿe weil es dein ist / dz ist mir lieber und dir nüczer / denn ob man nach deinem tod geb eÿnen grossen hauffen . dz ander weine einen zeher waßers umb dein sünd . und umb meines leidens willen / dz ist mir lieber und dir nüczer denn dz du als vil ruoten auf deinen ruck erschlügest als auf einen weiten veld gewachssen möcht dz dritt ist . leid ein verschmechtes hertes wort durch meinen willen / das ist mir lieber und dir nüczer . denn das du einen see vol wassers waÿntest umb zergencklich zeÿtlich ding . das vierd . prich deinen schlaff ab durch meinen willen / dz ist mir lieber und dir nüczer / denn das du schicktest zwelff ritter nach deinem tod zuo dem heiligen grab . dz fünfft ist beherberg den armen menschen und thuo im gütlich durch meinen willen / dz ist mir lieber und dir nüczer denn dz du vÿerczig iar in ÿegklicher wochen dreÿ tag vastest mit wasser und prot . das sechst ist . rede nÿemant übel und argkwan nicht / dz ist mir lieber und dir nüczer denn dz du die ganczen welt umbgiengest / und in ÿegklichen fuoßtrit dein pluot verrertest . dz sibent ist / ker alle ding zuo dem pesten und erger nichcz . das ist mir lieber und dir nüczer denn das du alle tag in den dritten himel verzuckt würdest . das achtent ist / warumb du pittent pist / es seÿ umb leÿb umb sele umb guot oder umb ere / so pit mich selb / dz ist mir lieber und dir nüczer denn das mein liebe muoter und alle heiligen und engel für dich petten . noch wil ich dein rein andechtig gepet lieber erhören . das neünd ist . hab mich lieb für alle lieb / das ist mir lieber und dir nüczer / denn das du ein saul aufgiengest die überal vor scharsach stecket . und dÿe da reÿchet von dem ertreÿch piß an die wolcken / und teglich dein pluot daran vergüssest und versertest . noch ist mir lieber das du mich lieb habest über alle lieb unser lieber herre spricht mer zuo dem menschen . lob mich in deiner getreüen arbeit so würt dein arbeit mein lob . und hab mich lieb in deiner widerwertikeÿt / so würt dein lieb mich ziern gee mir nach in stettikeÿt so würt dein sel mein gefert . sanctus bernhardus spricht so der mensch ÿe grösser sündet so im got ÿe gütlicher nachgeet . sanctus augustinus spricht . hab got lieb von ganczen deinem herczen oder du verdienst den ewigen schmerczen . sanctus paulus der spricht kein mensch ist got als wolgefellig als der der frid in seinem herczen tregt . wann der zorn ist der natur / wenn man in übet so er ÿe mer wachsset / und enzündet sich im herczen zuo untugenden . und erleschet alle tugent . wer oren hab zuo hören der höre .
OUM.tei.xml;OUM_89100420_0;habe;STRIP;ja;NOM VRB VEX;VRB VEX;lexicon.xml#lemma_2598;lexicon.xml#lemma_2598;lexicon.xml#lemma_2598_sense_4170;lexicon.xml#lemma_2598_sense_4170;variants.xml#type_8730;variants.xml#type_8730;VERBAL;high;Konjunktiv: habe er deheinen viant, Subjekt er;;habe er deheinen viant ,
OUM.tei.xml;OUM_89100430_1;habe;STRIP;ja;NOM VRB VEX;VRB VEX;lexicon.xml#lemma_2598;lexicon.xml#lemma_2598;lexicon.xml#lemma_2598_sense_4172;lexicon.xml#lemma_2598_sense_4172;variants.xml#type_8730;variants.xml#type_8730;VERBAL;high;Konjunktiv mit Akkusativ den, kein Determinativ vor habe;;den habe maze smæhe !
OVG.tei.xml;OVG_1125600_4;hab;KEEP;nein;VRB VEX;VRB VEX;lexicon.xml#lemma_2598;lexicon.xml#lemma_2598;lexicon.xml#lemma_2598_sense_4170;lexicon.xml#lemma_2598_sense_4170;variants.xml#type_8729;variants.xml#type_8729;VERBAL;high;Konjunktiv im daz-Satz, Objekt die wal davor;;daz er die wal hab ,
OVW.tei.xml;OVW_1019010060_1;hab;KEEP;nein;VRB VEX;VRB VEX;lexicon.xml#lemma_2598;lexicon.xml#lemma_2598;lexicon.xml#lemma_2598_sense_77622;lexicon.xml#lemma_2598_sense_77622;variants.xml#type_8729;variants.xml#type_8729;VERBAL;high;hab ich bezalt: Hilfsverb mit Partizip;;das hab ich schon bezalt für vol
PAS.tei.xml;PAS_19100210_4;habe;STRIP;ja;NOM VRB VEX;VRB VEX;lexicon.xml#lemma_2598;lexicon.xml#lemma_2598;lexicon.xml#lemma_2598_sense_77622;lexicon.xml#lemma_2598_sense_77622;variants.xml#type_8730;variants.xml#type_8730;VERBAL;high;Hilfsverb Konjunktiv mit Partizip benomen;;ze der helle vart habe mir benomen ,
PL2.tei.xml;PL2_223625_14;hab;KEEP;nein;VRB VEX;VRB VEX;lexicon.xml#lemma_2598;lexicon.xml#lemma_2598;;;variants.xml#type_8729;variants.xml#type_8729;VERBAL;high;Hilfsverb mit Partizip gesehen im Relativsatz, Subjekt ich;;"< herre > , sprach sie , < sie werden mirs nit gleuben . > < ich sag uch > , sprach er , < sicherlich , das er lebt und gesunt ist und han gestern mit im geeßen , und ir mögent myner frauwen der koniginn des genczlich versichern . > < by got > , sprach die jungfrau , < so weiß ich wol das mirs nit felen mag an großen gaben als bald ich die botschafft erzelen werde , wann mir nit zwyvelt , der konig werd mir schlosse oder vesten geben , so ferre ich die erste da syn mag . > lanczlot antwurt das es im lieb was , und schied also dannen mit der alten frauwen und nam urlaub . sie ritten biß abent und kamen inn eyn closter da wiß jungfrauwen inn waren . und die jungfrauw , die zu hoff wolt , schied von stund als lancelot von yn hinweg geritten was , und reyt mit freuden frölich geyn kamlot . da sie des andern tags umb vesperzyt dar kam , der konig was nit im sale , aber er was inn eim bangarten under dem großen thorn mit vil syner herren und rittern . die frauw stund ab und gab ir pfert eim knaben zu halten . sie fragt nach dem konig und der koniginn . ir wart gesagt , der konig wer im bangarten und die koniginn in ir kammer . sie ging da hin sie die königinn zu finden meynt , und da sie zu ir kam , fand sie die koniginn in schweren gedencken durch lancelots willen , von dem sie keyn botschafft wust . und als sie die koniginn sah , viel sie off ir knye und sprach : < frauw , ich bring uch botschafft von lancelott , der starck und gesunt ist . > die konigin erschrack und sprach : < jungfrauw , wie wißent ir das ? > < das wil ich uch sagen > , und sagt ir wie der ritter , ir ir schwester geben hatt , wie er die ander nacht davor mit im geßen und getruncken hatt . die koniginn fragt ob sie den ritter entwapent gesehen hett . < fraw > , sprach sie , < ja , wann er gestern mit uns geßen hat inn unserm huse . > < von was gestaltniß ist er ? > sprach die koniginn . < frauw > , sprach sie , < er ist ein der schönste ritter , den ich ye gesehen hab und ist ein wenig brun . > sie sagt ir so vil das sie hort und furwar wol marckt das es lancelot was ; und ist nit zu fragen ob sie da sere fro sy gewest , dann sie was so fro das es nymand erzelen mag . sie lieff zur jungfrauwen und hieß sie wilkum syn und sprach das nye keyn jungfrauw irem herren dem konig solch freud enmechte"
PL2.tei.xml;PL2_246201_9;hab;KEEP;nein;VRB VEX;VRB VEX;lexicon.xml#lemma_2598;lexicon.xml#lemma_2598;lexicon.xml#lemma_2598_sense_4170;lexicon.xml#lemma_2598_sense_4170;variants.xml#type_8729;variants.xml#type_8729;VERBAL;high;Vollverb: wo ich rug hab, Subjekt ich;;antwurt : < ja wol , wo ich rug hab . > < so gent darinn und helffent unsern gesellen uß dem gefengkniß und auch allen den andern die uß fremden landen sint , der viel darinn ist , wann ich muß ryten mit dieser jungfrauwen da hien sie mich furet , dann ich han es ir gelobt , und enweiß doch nit ware . > er stilt syn wunden , das sie nit zuvil bluten , und reyt mit der jungfrauwen , die yn alle die straßen hien fuort da sie herkomen was . gaheries ging in die burg teritans . da fand er eynen knecht siczen , der die schlußel in der hant hatt , an eyner marmelen sulen . er grußt den knecht , der so sere erschrack da er yn also sah komen , das er nit wust was er thun solt , wann er wolt fliehen . aber gaheries greiff yn mit der hant und sprach : < samir das heilig crucz , du magst mir also nit entgan , du must mich wysen wo die ritter in gefengkniß ligen ! > er antwurt das er es nit thett . gaheries warff yn undersich uff die erde und sprach , er wolt yn doten ob er yn nit da hien furte . und er hett forcht zu sterben und bat gnad und sprach : < herre , ich wil alles das thun das ir wollent . > < so fur mich zu den gefangen , das ist myn begern ! > < gern > , sprach er und furt yne inn das gefengniß . er sloß die thur off , das eyn großer sal was hart off der erden , der wol vierczig finster hett , von ysen gemacht , die all zuo eynem baumgarten zu gingen , das man zu mal wol gesah . gaheries ging dar inn und grußt die ritter . sie stunden alle gegen im off , wann sie yne noch nit bekanten . er fragt nach den gesellen von der tafelrond . da sprungen herfure hector vom mares , lionel und die andern gesellen von der tafelrunde . und als bald gaheries sie sah , da det er synen helm abe und ließ sich besehen . da lieffen sie zu im und umbfingen yn mit großen freuden . er sprach zu yn : < ir herren , herre lancelot duot uch all sere grußen , die fremden mit den heimschen , und enbut uch das ir wol hinweg mogent geen wann ir wollent , dann ir nymands hieinn findent der uch behalt uber uwern willen , wann der groß ritter lytt by dem bruonnen , den lancelot uberwunden hatt und erschlagen . > und als sie die mere verstunden , da gewunnen sie so groß freud das wunder wer da von zu sagen und gingen frölich hinuß umb der abenture willen die yne wiedderfarn
PT.tei.xml;PT_124_5;habe;STRIP;ja;NOM VRB VEX;VRB VEX;lexicon.xml#lemma_2598;lexicon.xml#lemma_2598;;;variants.xml#type_8730;variants.xml#type_8730;VERBAL;high;Hilfsverb mit Partizip gelesen, Subjekt ich;;daz ich von im gelesen habe
PUC.tei.xml;PUC_30542320_10;habe;STRIP;ja;NOM VRB VEX;VRB VEX;lexicon.xml#lemma_2598;lexicon.xml#lemma_2598;lexicon.xml#lemma_2598_sense_77622;lexicon.xml#lemma_2598_sense_77622;variants.xml#type_8730;variants.xml#type_8730;VERBAL;high;Hilfsverb: ich habe euch geregirt;;"darnach als dy slawoni oder dy tzhech bey vil tzeyten also lebten also einfaltige lewt , in irer armut , do huben sy an reich tzu werden , von den ackern vnd gutteren , von dye begirlicheyt yre hertzen einwickelt vnd reytzet sy tzu kriegen , manschlachten vnd tzu vil anndern yrsalenn vnttereinander , also was es not , das dy vntrechtigklichen alß mit gerechtigkeyt tzu eynem luffen , der sy scheydet . also erwelten sy einen weysen vnd frumen ; war in den vrtaylen vnd ein schlecht macher der streyt vnd reiche , genannt crock ; der macht dy ersten slos vestung in behemen ann der stat geheyssen stebna ; auch andere wollen das der hett einen bruder , der elter was , geheyssen crack , welcher crack gebawt hat das slos vnd stat crackaw , von welchenn crackaw der namen yst ein gelegt . also der vorgenant crack alle dy tag seins lebens regirt oder außricht das ertrich bohemia seligklich , nicht als ein furste sonder als ein erwelter richter von dem volck ; vnd lies von seinem todt ; vnd nach seinem todt drey tochter : die erst geporen tochter byelam , die nach etlichen heysset kasy , dy bawet das slos bielin vnd erhohet dy selben gegent . die biela was in aller ertzney behende vnd erkennet dy natur aller krewter gar wol vnd machet gesunt dy menschen von mancherleye kranckheyt , von welcher sache wegen ein ytzlicher durstiger des gesprochen landes eynen tzu flucht het als gleich tzu eynem verlewmunten artzt zu der selben bielam . dy ander tochter mit dem namen tecla bawet das slos thetin ; tzauberey vnd des vogelgeschreyes , was sy gar groz . wann war vmb dye dyeberay vnd dye dink , dy do tzu vielen den menschen aus verliesung der dinger , dy weyset sy yn mit irer tzauberey vnd darumb das gantze lantt , wenn ymant verloren het von dyeberey oder sunste , dy luffen tzu ir vnd dy richtet sy in hubschlich dy verloren ding . aber dy dritte yst , dye yst geheyssen lybussa , dy vbertrat dy andern in dem synne . wenn war vm sy was ein weysagin vnd sy het einen sichtigen geyst vor wyssende vnd ratende aus der tzauberey tzu kunftige dinck ; dy was weyser denn dy anndern in dem gericht , senftmutig in denn syten vnd des werckes . dy selben setzet das lant bohemia tzu einem richter fur iren vater crock . dy bawet do das slos zum ersten wyssegraden vnd regyret vil zeyt das gantz lantt zu behemen . furwar dar nach geschach , das tzwen freyen des landes bohemie vnttereinander bewegten tzwytrechtigkeit vnd kriege von etzlicher besitzung vnd komen fur dy benanten lybussa , dy bey stundec dem gerichte , vnd paten dy sache mit rechtem gericht . welche lybussa was erforschen vnd rechter tzeytigkeit dy furgelegten sach vnd gab dem eynen dye gerechtigkeit , den anndern verdampnet sy mit rechtem vrteyl . den der annder , der verdampt wurde , sunder er was mechtiger der frewnde , auß schrybe : < der durstigkeyt vnnsers volcks , das alle reich vnd alle furstenthum regirt solt werden durch dy manne , aber wir durch ein weyp ! > do schrey alles volck das do bey stund : < wir eyschen eynen fursten , der ein man sey , der vns regyre als do geregirt werd andere landt ! > das erhoret lybussa vnd leget inn ein sweygenn vnd sprach : < ir werdet morgen kumen tzu mir vnd wirt erfullet ewr begirde . > welch do warn kummet mit gegenwurtigkeit des anndern tags fur lybussam vnd vorderten aber , das man inn gebe einen furstenn , der ein man wer ; zw welchen sy also redet : < ich habe wich geregirt wercklichen vnd sußlichen in miltigkeit vnd frewntschaft als ein frawe zue erlchen sachen . nu werdet ir haben ein fursten als ir habt gepetenn , einen man , der do wirt tzemenn ewr haubter in eyner eysereynen gerten vnd wird ewich richten nach seinem willen , welches willen ir nicht durstig werdet vmmgen , fur war er wird hohen vnder ewch dye , die er wyll vnd dye anderen verdrucket er . > das erhorten dy freyen gemenigklichen vnd das volck vnd aus schryren : < wir wollen haben einen fursten der ein man sey > , vnd darvmb dy vorgenant lybussa , dy was ein weyssagynn , als nor yst gesprochen , vnd hett eynen sichtigklichen geyst ; vnd paten sy , das sy inn tzu aygenett einen fursten vnd eynen richter . sy sprach : < nemett meyn weysses pferdt vnd legt im auf kungliche kleyder vnd legt im ann eynen tzawme vnd zu welchem manne es geen wirt do wirt es bestend , den nemet auch zu eynem fursten vnd mir tzu eynem eelichen manne . vnd ich gybe auch das tzeychen : vnd wenn ir tzu dem selben manne kumet , so werdet ir in sehen sytzen ob eynem eyseren tysche essende . > welch freyen erfulten das geheyß lybusse , do dy gesanten poten von wissegraden do volgten sy nach dem pferde das ging vnd lof vnd hin vnd herwider auf dem velde perge vnd tal . des annderen tages kom es zu dem dorffe stadytz , das do geheyssen wirt ein stat der kunge , vnd bestundt do selbest , vnd das dorf lygt tzehen meyl von wyssegraden vnd yst gelegen ob dem wasser belynn ; do funden sy einen menschen erende geheyssen pyzemisl , das ausgelegt wirtt als ein betrachter in dem volck , mit tzweyen ochsen ; welcher acker behelt in der lenge vnd weyt tzwelf schryte vnd der acker yst synnbel vnd gantz swartz vnd yst vmbgebt vmbschrencklich mit eynem weyssen acker ; vnd fur war , nu redeten sy tzu dem man , der do ere : < dw pyst vnnser kunck , laß ab dy ochsen vnd sytz auf das pferdt vnd kum tzu deynem sal , der dyr bereyt yst , wann warumb das volck der behemen hat dich erwelt tzu einem kunig . > do er das erhort , do lost er auf dye ochsen , vnd sy verswinden vnd wurden nicht mer gesehen . vnd furwar der man , der also geruft ward von dem pfluge tzu eynem fursten , do stecket er snell dy rutten in das ertrich , do mit er stach dy ochsen , vnd dye pluet altzu handt vnd liess von ir drey tzweyge , dy do trugen nuß zeytige frucht ; aus welchen tzweyen tzwey al tzu handt dorreten vnd der dri wuchs vnd praytet sich gar sere aus , also das er mocht gesehen werden auff dysen hewtigen tag , vnd pringet fruchte der nusse alle iar , wellische nuß bey vill iaren nicht verdirbet noch erfaulet , vnd auch nymmer kern wurm in den selben nussen wirt gefunden . do das also geschahe , der vorgenannt pryzemisl nam wider den pfluck vnd legt auf dy schare brot vnd keß vnd aß doruon . do das sahen dy freyen vnd poten , dy dar komen waren , vnd gedachten des , das lybussa gesprochen hett von dem eyseren tysche vnd vonn den ochsen , dy do verswunden vnd von der pluende vnd tragende ruten . vnd wie wol sy wurden fur gefurt uon dem in ein wunder , so suchten sy doch von nymant den geruften fursten , vnd dar nach als pyzemisl gaß , do steyg er auf das pferd vnd rayt mit im ; fur war dye vorgenanten poten , do sy waren auf dem wege , do fragten sy inn , ob es tzimlich wer , das er inn saget , was das wer , das sein gerten pluet vnd von ir liess drey tzweyge vnd dy tzwenn dorreten , vnd der drit wuchs vnd was gar sere ausgepraytet vnd bracht nus . er antwort : < drey fursten werden kuninc von meinen lenden , tzwen dy dorrende schyer furwar , der drit furst vnd sein furstenthume wirt pluen erlichen in die hoche vnd in dy weyt vnd wirt machen groß fruchte . auch sag ich ewch , wer es , das ir mich het gelassen in dem acker , do ich erette , mein menlichs geschlecht wer ewigklich in dem furstenthume belyben . aber dar vmb das ir komt vor der zeyt , so wirt meynn menlichs geschlecht geprechende . vnd in dem gib ych ewch ein tzeychen : wenn das geschlecht verdirbet , so wirt das eincklein rechen den anheren . > der vorgenant furste trug auch mit im schuhe , dy mit pesten waren geflochten vnd welch do waren von allerley ding gemacht . von dysen er wart gefraget , warumb er sy mit im truge oder furt . er antwort : < ich will sy heyssen behalten ewigklich in dem sloss wyssegraden , vnd werden nicht faulen , auf das das mein nachkumen sehen , das sy sein gefurt vnd gesetzt von der armutt in denn sale des furstenthumes , vnd das sy nicht hochmutig werden wann warumb die hochfertigen werden gediemutiger durch der posen dinst wegen vnd die dyemutigen werden erhohet durch dy tugent . > welch des hewtigen tages werden behalten vleyssigklich in der kirchen wyssegradenn , wann war vmb in der vigilien der kronunge der kunig bohemie , dy korheren vnd dy prelaten sein geben aus geende entgegen dem zukunftigen kunge vnd weysen im das geschu der gerethe vnd legen es im auf sein schultern dy geflochten pesten schuhe , so das er ein gedechtnuns habe , das er kumen sey von armutt vnd mit nichte nicht hochmutig werde . vnd do sy also gingen , sy vnd der furste pyzemisl mit seiner grafschaft kom in wyssegraden , do er gesatzt wart erlich von lybussa vnd von allen iren panerhern vnd ward verknupft durch dy ee der lybussenn etc ."
PUC.tei.xml;PUC_30561110_0;habe;STRIP;ja;NOM VRB VEX;VRB VEX;lexicon.xml#lemma_2598;lexicon.xml#lemma_2598;lexicon.xml#lemma_2598_sense_4169;lexicon.xml#lemma_2598_sense_4169;variants.xml#type_8730;variants.xml#type_8730;VERBAL;high;Finalsatz-Konjunktiv, Subjekt er, Objekt ein gedechtnuns;;"darnach als dy slawoni oder dy tzhech bey vil tzeyten also lebten also einfaltige lewt , in irer armut , do huben sy an reich tzu werden , von den ackern vnd gutteren , von dye begirlicheyt yre hertzen einwickelt vnd reytzet sy tzu kriegen , manschlachten vnd tzu vil anndern yrsalenn vnttereinander , also was es not , das dy vntrechtigklichen alß mit gerechtigkeyt tzu eynem luffen , der sy scheydet . also erwelten sy einen weysen vnd frumen ; war in den vrtaylen vnd ein schlecht macher der streyt vnd reiche , genannt crock ; der macht dy ersten slos vestung in behemen ann der stat geheyssen stebna ; auch andere wollen das der hett einen bruder , der elter was , geheyssen crack , welcher crack gebawt hat das slos vnd stat crackaw , von welchenn crackaw der namen yst ein gelegt . also der vorgenant crack alle dy tag seins lebens regirt oder außricht das ertrich bohemia seligklich , nicht als ein furste sonder als ein erwelter richter von dem volck ; vnd lies von seinem todt ; vnd nach seinem todt drey tochter : die erst geporen tochter byelam , die nach etlichen heysset kasy , dy bawet das slos bielin vnd erhohet dy selben gegent . die biela was in aller ertzney behende vnd erkennet dy natur aller krewter gar wol vnd machet gesunt dy menschen von mancherleye kranckheyt , von welcher sache wegen ein ytzlicher durstiger des gesprochen landes eynen tzu flucht het als gleich tzu eynem verlewmunten artzt zu der selben bielam . dy ander tochter mit dem namen tecla bawet das slos thetin ; tzauberey vnd des vogelgeschreyes , was sy gar groz . wann war vmb dye dyeberay vnd dye dink , dy do tzu vielen den menschen aus verliesung der dinger , dy weyset sy yn mit irer tzauberey vnd darumb das gantze lantt , wenn ymant verloren het von dyeberey oder sunste , dy luffen tzu ir vnd dy richtet sy in hubschlich dy verloren ding . aber dy dritte yst , dye yst geheyssen lybussa , dy vbertrat dy andern in dem synne . wenn war vm sy was ein weysagin vnd sy het einen sichtigen geyst vor wyssende vnd ratende aus der tzauberey tzu kunftige dinck ; dy was weyser denn dy anndern in dem gericht , senftmutig in denn syten vnd des werckes . dy selben setzet das lant bohemia tzu einem richter fur iren vater crock . dy bawet do das slos zum ersten wyssegraden vnd regyret vil zeyt das gantz lantt zu behemen . furwar dar nach geschach , das tzwen freyen des landes bohemie vnttereinander bewegten tzwytrechtigkeit vnd kriege von etzlicher besitzung vnd komen fur dy benanten lybussa , dy bey stundec dem gerichte , vnd paten dy sache mit rechtem gericht . welche lybussa was erforschen vnd rechter tzeytigkeit dy furgelegten sach vnd gab dem eynen dye gerechtigkeit , den anndern verdampnet sy mit rechtem vrteyl . den der annder , der verdampt wurde , sunder er was mechtiger der frewnde , auß schrybe : < der durstigkeyt vnnsers volcks , das alle reich vnd alle furstenthum regirt solt werden durch dy manne , aber wir durch ein weyp ! > do schrey alles volck das do bey stund : < wir eyschen eynen fursten , der ein man sey , der vns regyre als do geregirt werd andere landt ! > das erhoret lybussa vnd leget inn ein sweygenn vnd sprach : < ir werdet morgen kumen tzu mir vnd wirt erfullet ewr begirde . > welch do warn kummet mit gegenwurtigkeit des anndern tags fur lybussam vnd vorderten aber , das man inn gebe einen furstenn , der ein man wer ; zw welchen sy also redet : < ich habe wich geregirt wercklichen vnd sußlichen in miltigkeit vnd frewntschaft als ein frawe zue erlchen sachen . nu werdet ir haben ein fursten als ir habt gepetenn , einen man , der do wirt tzemenn ewr haubter in eyner eysereynen gerten vnd wird ewich richten nach seinem willen , welches willen ir nicht durstig werdet vmmgen , fur war er wird hohen vnder ewch dye , die er wyll vnd dye anderen verdrucket er . > das erhorten dy freyen gemenigklichen vnd das volck vnd aus schryren : < wir wollen haben einen fursten der ein man sey > , vnd darvmb dy vorgenant lybussa , dy was ein weyssagynn , als nor yst gesprochen , vnd hett eynen sichtigklichen geyst ; vnd paten sy , das sy inn tzu aygenett einen fursten vnd eynen richter . sy sprach : < nemett meyn weysses pferdt vnd legt im auf kungliche kleyder vnd legt im ann eynen tzawme vnd zu welchem manne es geen wirt do wirt es bestend , den nemet auch zu eynem fursten vnd mir tzu eynem eelichen manne . vnd ich gybe auch das tzeychen : vnd wenn ir tzu dem selben manne kumet , so werdet ir in sehen sytzen ob eynem eyseren tysche essende . > welch freyen erfulten das geheyß lybusse , do dy gesanten poten von wissegraden do volgten sy nach dem pferde das ging vnd lof vnd hin vnd herwider auf dem velde perge vnd tal . des annderen tages kom es zu dem dorffe stadytz , das do geheyssen wirt ein stat der kunge , vnd bestundt do selbest , vnd das dorf lygt tzehen meyl von wyssegraden vnd yst gelegen ob dem wasser belynn ; do funden sy einen menschen erende geheyssen pyzemisl , das ausgelegt wirtt als ein betrachter in dem volck , mit tzweyen ochsen ; welcher acker behelt in der lenge vnd weyt tzwelf schryte vnd der acker yst synnbel vnd gantz swartz vnd yst vmbgebt vmbschrencklich mit eynem weyssen acker ; vnd fur war , nu redeten sy tzu dem man , der do ere : < dw pyst vnnser kunck , laß ab dy ochsen vnd sytz auf das pferdt vnd kum tzu deynem sal , der dyr bereyt yst , wann warumb das volck der behemen hat dich erwelt tzu einem kunig . > do er das erhort , do lost er auf dye ochsen , vnd sy verswinden vnd wurden nicht mer gesehen . vnd furwar der man , der also geruft ward von dem pfluge tzu eynem fursten , do stecket er snell dy rutten in das ertrich , do mit er stach dy ochsen , vnd dye pluet altzu handt vnd liess von ir drey tzweyge , dy do trugen nuß zeytige frucht ; aus welchen tzweyen tzwey al tzu handt dorreten vnd der dri wuchs vnd praytet sich gar sere aus , also das er mocht gesehen werden auff dysen hewtigen tag , vnd pringet fruchte der nusse alle iar , wellische nuß bey vill iaren nicht verdirbet noch erfaulet , vnd auch nymmer kern wurm in den selben nussen wirt gefunden . do das also geschahe , der vorgenannt pryzemisl nam wider den pfluck vnd legt auf dy schare brot vnd keß vnd aß doruon . do das sahen dy freyen vnd poten , dy dar komen waren , vnd gedachten des , das lybussa gesprochen hett von dem eyseren tysche vnd vonn den ochsen , dy do verswunden vnd von der pluende vnd tragende ruten . vnd wie wol sy wurden fur gefurt uon dem in ein wunder , so suchten sy doch von nymant den geruften fursten , vnd dar nach als pyzemisl gaß , do steyg er auf das pferd vnd rayt mit im ; fur war dye vorgenanten poten , do sy waren auf dem wege , do fragten sy inn , ob es tzimlich wer , das er inn saget , was das wer , das sein gerten pluet vnd von ir liess drey tzweyge vnd dy tzwenn dorreten , vnd der drit wuchs vnd was gar sere ausgepraytet vnd bracht nus . er antwort : < drey fursten werden kuninc von meinen lenden , tzwen dy dorrende schyer furwar , der drit furst vnd sein furstenthume wirt pluen erlichen in die hoche vnd in dy weyt vnd wirt machen groß fruchte . auch sag ich ewch , wer es , das ir mich het gelassen in dem acker , do ich erette , mein menlichs geschlecht wer ewigklich in dem furstenthume belyben . aber dar vmb das ir komt vor der zeyt , so wirt meynn menlichs geschlecht geprechende . vnd in dem gib ych ewch ein tzeychen : wenn das geschlecht verdirbet , so wirt das eincklein rechen den anheren . > der vorgenant furste trug auch mit im schuhe , dy mit pesten waren geflochten vnd welch do waren von allerley ding gemacht . von dysen er wart gefraget , warumb er sy mit im truge oder furt . er antwort : < ich will sy heyssen behalten ewigklich in dem sloss wyssegraden , vnd werden nicht faulen , auf das das mein nachkumen sehen , das sy sein gefurt vnd gesetzt von der armutt in denn sale des furstenthumes , vnd das sy nicht hochmutig werden wann warumb die hochfertigen werden gediemutiger durch der posen dinst wegen vnd die dyemutigen werden erhohet durch dy tugent . > welch des hewtigen tages werden behalten vleyssigklich in der kirchen wyssegradenn , wann war vmb in der vigilien der kronunge der kunig bohemie , dy korheren vnd dy prelaten sein geben aus geende entgegen dem zukunftigen kunge vnd weysen im das geschu der gerethe vnd legen es im auf sein schultern dy geflochten pesten schuhe , so das er ein gedechtnuns habe , das er kumen sey von armutt vnd mit nichte nicht hochmutig werde . vnd do sy also gingen , sy vnd der furste pyzemisl mit seiner grafschaft kom in wyssegraden , do er gesatzt wart erlich von lybussa vnd von allen iren panerhern vnd ward verknupft durch dy ee der lybussenn etc ."
PUC.tei.xml;PUC_80582200_2;hab;KEEP;nein;VRB VEX;VRB VEX;lexicon.xml#lemma_2598;lexicon.xml#lemma_2598;lexicon.xml#lemma_2598_sense_4171;lexicon.xml#lemma_2598_sense_4171;variants.xml#type_8729;variants.xml#type_8729;VERBAL;high;ich hab + Akkusativobjekt smertzen;;"aber darnach do wlasta gepawet het das ytzund gesprochen sloss diewin vnd sich do selbest gesammet hett vnd dye selben stat het gesterckt mit wappen puckler geschoz swerten vnd auch mit bogen , do komen dye freyen hern des landes zu beheym mit irer ritterschaft fur den fursten przemisl in das slos wissegraden vnd sprachen : < als wie leyden wir die herschunge der frawen , darvmb sein wir vber ein kume : eintweder wir wollen mit inn ein geen in einen felstreyt oder wir wollenn ir sloss diewin gewappender macht menlich besytzenn . > brzemysl antwort den , der eynen warsagenden geyst het , vnd sprach : < es ab sey , das ich mit ewch gee , wenn war vmb wir werde all bestryten , vnd ich mit meinem geschlecht , wer es das ich mit meinem geschlecht - wer es das ich in dem selben streyt wer ich gantz verdurbe . > sunder dy vorgenanten freyen merckten nyt die worter des vorgenanten fursten vnd fur tzugenn mit aller irer macht vnfursichtigklich fur dy vorgenanten iunckfrawen fur das slos diewin . do das sahe wlasta , die furstin vnd die frawe der vorgenanten iunckfrawen , die tzu redet mechtigklich den iunckfrawen sprechende : < aller liebsten gespylen , ich weyß , das etwan dy amasones dy bewegten vberwindende streyt wider tyrum vnd allexandrum ; dar nach geschahe das noch in dem reiche saba vnd in annderen landen . die iunckfrawen vnd dy frawen der amasonen herschten vberwintlich den mannen , das an tzweyfel mitt nichte geschehen were , denn das dy frawen widerstunden denn mannen in gestrengen thaten ; dar vmb nemet dy crefte vnd das gmute vnd nemet dy wappenn vnd erwelet denn todt , auf das das wir vndertenig machen mit scharpfen schlegen dye man , dy do wider steen vnnser herschung . > demselben sy gemeinigklichen nachuolgeten : die iunckfrawen vielen tzu den wappen vnd bereyteten sich tzu dem streyt vnd theten auf dy pforten des schloses vnd gingen auf das felt . als die hungrygen lebin , dy do durstet nach dem menschlichem plute . vnd also mit machte vbervielen sy beschirmlich mit den aller sichersten wappen wider dy vnsicheren manne ; furwar wlasta doselbst dy erste in dem streyt tottet syben man mit irm swert , vnd der nachuolgten die haubtfrawen der selben geselleschaft : mlada , hotkda , swataua , wratzka , radka , czaskava vnd trzraua ; gleicher weys die machen ein geselleschaft wider das here der manne vnd ale dy man , die dy hilfe des flyhens nicht erneret , dy verderbten sy in dem munde des swertes . vnd do dy man vberwunden wurden , do wusteten dy frawen mechtigklich das reich vnd dy dorfer on al widersteunge . auch in der tzeyt do luden hubsch vnd listig iunckfrawen die man in frydlichen tagen vnter einen betrieglichen betrugnus in ir slos diewin , welch di sprachen zu den iungen vnd tzu den edlen mannen ein ytzliche fur sich selbst , dy annder tzu dem anndern : < ich hab smertzen in deyne liebe , darumb yst das du mich begerest tzu haben tzu einer gesellin , so wurde ich dyr ye zugefugt furwar . sich , ich offenwar dir die heimlichkeit , das mein fraue wlasta hat geschichet auf dem tag alleine tzu reyten vnd dasselbsthin , ob dw mechtigklich komest , so mogstu sy vberwinden vnd mochst mich zu fugen , dir mit deinen vmbuahen . > also machten sy den mannen grosse widerwertigkeit mit den wortenn , wan war vmb do sy komen an die bezeygten stete , do wurden sy all ermordet grawsamklich durch dye selben iunckfrawen , das do offenbar yst von vil panerhern vnd in irn dynern . furwar zu einem mal do santen sy tzu den edlen des reychs mit eym gegleichten gelauben sprechende : < wir haben ein verdriessen mer tzu lebende in dem arbeyten oder in den streyten , fur war wir sein frawen , den do nicht tzymet tzu herschen vber dy manne . nemet war vnd geet tzu dem sloss diewin mit sicheren schryten vnd thutt mit vns , als ir wollet ! > welche wort die vorgenante freyen prachten das fur den hertzogen przemisl , tzu welchen er sprach : < tut sein nicht , ir sult sein nicht gelauben , wann sy betriegen ewch vntteer eyner falschen bedeckung der flugel . > sunder dy freyen verliessen die rede des fursten vnd sameten all man , dy sy vermochten vnd gingen in der zeyt der nacht durch dy stat dy inn dy vorgenannten iunckfrawen weyseten vnd komen inn das sloss diewin vnd do selbst wurden sy all ertottet durch die vorgesprochen iunckfrawenn , welche aus verporgen lagnn gen in sye vielen grawsamklich etc ."
PUC.tei.xml;PUC_651232260_2;hab;KEEP;nein;VRB VEX;VRB VEX;lexicon.xml#lemma_2598;lexicon.xml#lemma_2598;lexicon.xml#lemma_2598_sense_4169;lexicon.xml#lemma_2598_sense_4169;variants.xml#type_8729;variants.xml#type_8729;VERBAL;high;Konjunktiv: hab fryd, Objekt fryd folgt;;"anno domini xi c vnd lxiii iar anderweyt wurden gesandt von wladyßlao , fridrico vnd theobaldo in hylf des vorgenanten legers , wann dy maylandyschen vil iar gepeyniget wurden mit vill gedrengen , vnd vntter dy fues gestreyet , durstigklich , ydoch das keyserlich here wart gesterckt teglich , vnd also mit bequemen tzewg des kunges von behemen fultenn tzum ersten dy graben der stat , vnd gingen an die maure vnd stigen menlich an der mawr auf . ein gestrenger behemischer ritter von dem geschlecht chusnick , ein gar starcker in der persone , mit dem aufsteygen der laytern ging er kunlich in dy stat , welchen an vntterlas ist nachgeuolgt das here des kunges , vnd theten auf dy thore vnd liessen hynein die andern schare des keysers . auch der vorgenant wart getzirt von wladißlao mit einem ewigen wappen : ein guldene layter in eynem ploben velt vbertwercht , mit welchen sein nachkumen auch getzyret werden zu einem gedechtnus eins sulchen grossen dynges . auch tzu der tzeyt die fursten der behemen tzu der tzeyt namen einen fuess eins lewchters , etwenn durch salomonem in dem tempel iherusalem mit einem gyssenden werck gemacht , vnd wart von dannen getragen gen meylant , vnd namen den wyder mit grosser arbeyt vnd brachten inn in die kirchen gen prag ; der gesehen , gemacht yst mit synnreycher wunderlicher kunst . furwar dy maylandyschen mochten nicht widersteen eyner sulchen grossen stercke vnd sein gequelett worden vor mit hunger vnd mit durste , mit gefencknuss der frewnde vnd mit vill ander beynigung vnd wie woll sy verschlossen waren in die hende der starcken veinde , doch waren sy nicht vertzagen von der guttigkeyt des keysers vnd suchten ein weyse tzu vinden die genade von den fursten , beyde des landes behemen vnd lamparten vnd des tewtschen . welchen wart gegeben ein sulch antwort , das sy mit nicht mochten genad haben , es wer denn , das sie anderweyt widergeben maylant in den handen des romischen gewalt vnd mit rate seiner getrewen do komen all gefangen gen lauda , do noch der keyser in seyner gegenwurtigkeyt was sitzen , vmb ein richter stull mit seinen fursten , vnd streckten sych auf das ertrich mit plossen fuessenn vnd erhuben sich nichte von dem ertrich , es wurd denn geheyssenn von dem gepote des keysers . aus welchen vorredt aluherus von biniacato : < wir haben gesundet vnd vnrecht gewurckt vnd haben bewegt dy wappen wider vnnßerm naturlichen hern keyser , der romer , vnd erkennen vnnßr schuld vnd pittende genad vnd vntterwerfen dy hels der keyserlichen mechtigkeyt vnd geben dy schlussel vnnser stat . vnd auf das das vmb ein beschawen eyner solchen grossen stat gottes vnd der heyligen , die in der rwen , wol vns genedig sein die keyserlich guttigkeyt vnd geben ein fryde den vnttergeworffenn , das byten wir . > der keyser nam die slussel vnd ward bewegt in gutigkeyt vnd antwurtet also : < auf das , das do kund werd dy peyne der maylandyschen durch vill teyl der gantzen werlt , vnd ein ytzlicher purger der selbigen lege sein wonung zu den vier enden der werlt , als im denn gefellet vnd hab fryd bey an leybe vnd an gutt . vnd dy stat maylant widerkumen gantz vnd gar zu vnnser gewalt . > do das horten die maylandischen , sy mithelletenn , wie woll sy das vnngern theten , vnd versunten sich dem willen des keysers . mercklich der keyser in gegenwurtigkeytt der behemen , der tewtschen , papiensium , cremonensium vnd der anndern lampardyschen vnd was sytzen in seinem sall des richters stull vnd was fragen von dem eynem ratt , was tzu thun wer mit der statt . welchem ward geben eyn solch antwort : < alles das dy maylandischen den anndern haben gethan , dasselb sullen sy muglich in in selbst enpfinden . wenn sy den zerstoret haben ander stet , darvmb so sein sy muglich gantz vnd gar zuuerstoren . > do das horet der keyser , do fuert er ein vrteyl der verdampnuss wider dy von meylant , welchs also gesprochen ward , do gingen aus dy schare in die velde vnd der erste was der here theobaldus , dar nach papienses , cromonenses , laudenses , cumani vnd inwonern der andern stet des landes lamparten vntergeleget das fewre vnd wusteten vmb vnd vmb dy stat mit antzunden , vnd sahe das der keyser mit seinen scharen vnd also yst gepeynigett worden dy alt stat mit mancherley durstigkeyt . welch also tzerstoret ward vnd der keyser beweyset seinen keyserlichen gewalt , freylich durch das gantz wellisch lant , do vorcht das gantz lant das angesicht des keysers vnd forchten dye laster einer solchen grossenn verdampnus . vnd nach eim solchen erbern syg vnd wunderlich thete , so sein die behemen erlich erledigt worden durch den keyser vnd sein wider gekart seligklich mit frewden gemuten gein behemen . do der keyser zerstoret het maylant vnd vmbgekert , als den vor verlassen wirt , vnd setzet sein potestaten in dye stett des wellischen landes vnd kom gein sicilia von des hertzogthum wegen apulye ."
PUC.tei.xml;PUC_661272060_0;hab;KEEP;nein;VRB VEX;VRB VEX;lexicon.xml#lemma_2598;lexicon.xml#lemma_2598;lexicon.xml#lemma_2598_sense_77622;lexicon.xml#lemma_2598_sense_77622;variants.xml#type_8729;variants.xml#type_8729;VERBAL;high;Hilfsverb mit Partizip gewurckt, indirekte Rede;;"anno domini xi c vnd lxxiiii iare der keyser wart bewegt in gegenwurtigkeyt wladyßlay vnd verkundt allen behemen ein houe tzu nuremberg , vnd gepot dem kunig wladyßlao vnd seynem sun fryderico , do sy frey antworteten im sobießlaum . do nu eyn solche botschaft geschahe , do ward betrubet der kunck mit dem sun , do waren raten sein getraw dyner vber eyn solchs gescheft , das sy sendeten frydricum , den byschoue , vnd den grauen vigkonem mit etlichen andern gein nuremberg , welch solten entschuldigen ir lystigkeyt vnd das gestolen gelt wider kerten sy dem keyser von der meynung . komen etlich boten vnd kerten ler wider vnd schuffen nichtz frummen in dem werck , wann der keyser mocht nicht derwaycht werden weder myt bett noch mit gaben , sunder er anhub allzuhant , das sobießlaus gelassen wurde von den panden . der kunck vnd sein sun dorften nicht widersteen dem wyllen des keysers vnd theten , das er hyess , vnd liessen sobießlaum gefurt werden gein brag . welchs ankunft beytet fridricus da selbst vnd wart aufgenumen mit gegenlauffen , vnd zu laufen ir vill . vnd zu dem ersten besucht er der heyligen stet mit parfuessen fuessen vnd saget inn darnach danck ; dar nach ging er tzu dem kunig vnd seynem sune frydericum vnd kusten aneinander vnd gefurt tzu der herberg vnd ass . aber im ward kund gethan , das im frydricus fru wolt berauben seyner augen , darvmb stund er auf tzu flyhen bey der nacht mit allen den seinen vnd kom tzu dem houe des keysers frydrichs , do nachvolget im frydricus betrigentlichen einen anndern weg . auch der kunck was bey dem houe des keysers , in dem dy dinck geschehen wurden , wann in seyner gegenwurtigkeyt wart , dem frydrich ward abgeteylet das hertzogthum zu behemen , welchs dem ward zugeaygnet nicht mit recht , sunder das das der vater handelt on gunst der edeln des landes zu behemen , vnd nam das vnd tzuaygnett es im dasselbig , das kein macht des keysers dartzwischen kom . darnach ward gegeben dy herschaft des behemer landes mit funf vanen mit funf tzeychen dem vdalrico , welcher als palt waych seynem bruder , der sobießlao von der als dem ehren vnd swuren bed , das sy wolten schicken dem keyser ein schar gen lamparten . darnach gelobten sy dem kunig wladißlao tzu besehen vmb tzymliche notturftigkeyt . sunder er gelaubet nicht den selben vnd wie wol er kranck was , so zohe er doch auf das sloss seynes weybes , das er het in tewtschen landen , das was gar gutt , vnd hies mer . wo er mit ir vnd mit elyzabeth , dem weybe fryderici , gewonet het vnd baytet der barmhertzigkeyt gotes vnd das geluck des dinges . vnd dy weyl leyd frydricus ellend vier jare , in welchen sobießlaus hielt das hertzogthum , nu in vnngern , ytzund in dem houe des keysers , aber sein vater was wonhaftig an der gesprochen statt vnd starb bey dem anheben des jares xv kalendas february vnd ward gegeben der kirchenlichen begrebnuss tzu meichsen , vnd do celebrirt wurden erliche selgerete . welchs gepeyne sein gepracht worden gen prag mit verhengnus sobießlay vnd begraben mit tzymlicher ere in seynem munster strahouyensi , das er anhub von den ersten grundfesten . es wart getzalt xv jar seins hertzogthumes vnd seins reichs . zu den tzeyten des kunges mit vleys seines vorderns huben an auszuprosten dy orden cystercienn vnd premonstratenn zu behemen , von welcher clarer schein yst erleucht worden manigueltigklich das behemerlantt , wann er bawet dy closter strahouiense , in toxan vnd in leuthemysl vnd premonstratenn des ordens in plass cistercienn vnd in toplitz in den baden , des ordens sancti benedicti ydoch , welchs dy iudytha , sein hawsfraw , was eyn besunder gar ein grosse styfterin vnd ruet do selbst selligklich dy gesegent iudytha , der gedechtnuss geschycht bey dem hern von ein sprechen gotlicher wydergebung bawet sein staynene prucken tzwischen dy bregyschen stett von gar einem hubschen werck , vnd vollbracht dy mitt irer eygen tzerunge vnd kost , welchs doch in dem spruch ist ein wunderwerck , vntter dreyen jarn , dartzu hellfende die guttigkeyt des heylmachers . wladyßlaus gepare aus iudytha tzwen sun : przemysl vnd wladyßlaum . des jares kom sobyeßlaus , der furst der behemen gein brag vnd ward großlich aufgenumen von dem volck vnd von der gantzen briesterschaft , vnd ward eingefurt erwirdigklich als denn gewonheyt yst des vaterlandes , vnd darnach herschet er seligklich . sunder der sich wol anliess an dem anfang vnd sich doch allzuhant vermayliget mit dem vergiessen des vnschuldygen plutes , wann er hyes vahen vnd furen gein brag den burckman sturmonem von przimda , anders genant pfamberg , gedechtig , das er inn hertigklich het gehandelt inn den banden . sunder vndechtig der trew , mit der er im darnach gelobet dy genade vnd dy sicherheyt , do er gewundet het ann den gelydern , er tottett inn mit eynem scharpfen todt . man spricht , das er darnach hab gewurckt ein offenlich pues , gekleydet in leynes vnd entplosset dy fues , vnd wye wol seyn lewmut sey betrubet mit der sunde , yedoch wurcket er gestrencklich einen gemaynen nutz , wann er was darnach der beste richter vnd gnedig den kirchen gottes vnd gut den guten vnd erschrockenlich den posen . yedoch was er im alletzeyt sorg tzu erlosenn den armen vnd den durstigen von dem mechtigen , vnd macht gericht vngerechtigkeyt den frydsamen vnd dye gerechtigkeyt an genemigkeyt dem personen , dem volck seynes landes etc ."
PUC.tei.xml;PUC_791561280_4;hab;KEEP;nein;VRB VEX;VRB VEX;lexicon.xml#lemma_2598;lexicon.xml#lemma_2598;lexicon.xml#lemma_2598_sense_77622;lexicon.xml#lemma_2598_sense_77622;variants.xml#type_8729;variants.xml#type_8729;VERBAL;high;Hilfsverb mit Partizip aufgeben, Subjekt ych;;"anno domini xii c vnd lxxxix iare der hertzog opulien casemirus zu fuget seine ertrich dem vorgenanten hertzogen wentzeßlao , seinen erben , den kungen zu behemen vnd das furstenthum der kron , als denn gemacht sein die brieue vntter eym solchen innhalten : dem großmechtigen vnd durchleuchtigen seinem hern hern wentzeßlao , dem aller clersten kunig zu behemen vnd margrauen zu merhern , cazemirus , von gottes genaden hertzog oppulien vnd her in beuthen mit beraytter ynnigkeyt mein vnuerdrossen dinst seiner getrewigkeyt . wenn der aller hochst werckman mit dem hantwerck der synreychen natur sein creatur in dem vrsprung aller manigueltigen ding also gemacht hat vnd also geschicht hat , das er ytzlich dinck begerer do selbst einer stat der gotlichen behaltnus vnd do selbst sucht hilf eins hilflichen dings werks , wo es sich pesser vnd leychter waiß behuttet , sein in der beleybenlichkeyt seiner bestendigkeyt vnd die craft der frewntschaft in den geschopften dingen beweyst also sein geschlecht , das ycht kawm ein myssetrawung des teyles der werlt in mancherley macht , vnd das das ding vntterlig den dingern mit eyntrechtiger eynigung , furwar dy aygenschaft der totlichen , wenn sy auch nicht vnpillich nachuolgt die schickung der naturlichen ding , dy do von got kumen sein , das wo dy menschen suchen ein stat der zuflucht vnd wo hilflich hylf on widerfluchtig hofnung haylsamlicher wirt gefunden vnd vntterwindet sich der selben gewalt dester gerner , welche mit der lautterkeyt der liebe vnd der frewntschaft von vergangen zeyten durch dy vorgeboren gelych gantz auß der wurtzel begryffen , fur war es nachuolgen dy vorgesagten vnd mercket die nachkumenden , das auß gunst etwan des hern ottakari , kunges zu behemen , eyner gedencklichen gedechnuss meiner vater , eyner seligen gedechtnuss etwan wladyßlaus , hertzog opulienn , duch innigkeyt vnd dynste wegen , mit den er sich gantz mit berayter inigkeyt gab er dem selben vnd sein tzeyt gepraucht hatt vill gottes gabe der erforderung vnd der ere . ich , der do will in gutten vnd in nutzen theten gern nachuolgen den fußstapfel meines vaters gemerckt vnd werlich erkant , das dy gutheyt gunst vnd machst ewer herschung , welche den edlen eins claren geschlechts yst wider scheynen vnd yst nachuolgen den fueßstapfen der veterlichen weyßheyt . ir sult nicht treten zu schicken die nutze ewer vntertenigen , wenn sy mochten zubracht haben vil scheden der ere vnd des frydes vnd der nutze mir vnd den sun vnd den erben vnd dem hertzogthum vnd meinen lewten , dy in meinem herzogthum wonen , allergrost wenn durch euch vnd ewer nachkumen pesser den durch ein andern von meinen vberwaltigen vnd verdringern von den vntz hye her verdrungen waren vnd noch werden , mach ich mit den selbigen meinen getrewen beschyrmet , werden von eynem betrachten rat vnd mit guttem willen vnd mit gunst meiner sun boleßlay vnd wladyßlay vnd der nechsten frewnd , der banerhern vnd der anndern meyner vnd meyner edlen des hertzogthums noch getzwungen noch mit macht noch angefurt mit forchte , sunder mit gutten vnd beheglichen vnd freyen meinen wilen vnd wolt in dem meyn aygenschaft meiner sun , erben vnd meyner nachkumen besser machen vnd ich han mich vntertenigt gemacht , sun , erben vnd mein nachkumen vnd dy erben meiner nachkumen , ewer gewalt vnd herschaft vnd ewern erben vnd allen ewern nachkumenden kungen , vnd auch mein hertzogthum , schlosser , stet , merckt vnd gemenigklich all meyn besitzung vnd aller meyner banerhern , edlen vnd der anndern , die in dem ertrich geporen sun , dy do in meynem hertzogthum sein vnd wonen vnd die banerhern vnd die edlen vnd die meinen , die in dem ertrich geporn sein , mit irem eynmutigen willen , auch ir etlich , dy den do gegenwurtig waren vntertenig , mach vnd will , das sy also ewigklich vntertenig sein , ydoch die selbigen banerheren , edlen vnd die anndern inwoner des hertzogthumes nu auftzulosen an alle beswerigkeyt von der trewheyt , vnd halten manschaft , in welchen sy mir vnd meynn erben , sin vnd gemenigklich allen meinen nachkumen sein verpunden , auch hab ych aufgeben vnd auch noch aufgyb offenwarlich durch meine vannen das selb mein hertzogthum vnd alle recht desselbigen hertzogthums mit den rechten vnd herschaft , dy mir vnd meynen sunen vnd erben vnd gemenigklich allen meinen nachkumenden in dem selbigen hertzogthum zugehoren mein vnd meinen sun , dy ytzund geboren sein vnd etlich hernach geporen wurden , all meiner nachkumen zu den henden , gewalt vnd zu ewer herschaft , dy do nemet uon mir dy selbigen aufgebung vor euch , ewer erben vnd der nachkumenden erben gemenigklich all die , die von ewch ewigklich kumen in gegenwurtigkeit der herschaft noch geschriben , getzeugen dartzu durch mich vnd meyn sun vnd banerhern vnd dy edlen des hertzogthumes , besunderlich dartzu gepeten vnd widersage in meinem namen vnd meiner sun , erben vnd aller meiner nachkumen , den hylfen vnd freyheyt aller meyner freyheyt , die mir vnd den selbigen sun , erben vnd meinen nachkumen , ob etlich dem hertzogthum vnd seinen rechten zustend oder hynfur mochten zugehoren , vnd besunderlich widersach ich der freyheyt , die mein vorforder haben gehabt vor , vnd die ich vntz hy her gehabt han vnd mein sun , erben vnd nachkumen hin fur gehabt hetten aus einer gewonheyt , oder von einem rechten , im dem , das sy keynenn anndern fursten mochten vntertenig sein oder sulten von euch , von meinem hern hab ich genumen tzu eynem manlehn vnd von rechten hyn fur des manlehens des vorgesprochen hertzogthum , wirdigkeyt , den tytel vnd dy ere des selbigen hertzogthumes vnd dy banerhern , edlen vnd all ander menschen vnd inwoner desselbigen ertzosthumes vnd all andere recht , vnd nym vnd hab gethan hebung vnd noch thu ich ewch als meinem lehenherrn vnd hab ewch gelobet noch gelobe die trew , innigkeyt vnd ewige gehorsam . dartzwyschen gelegt ein muntlichs recht in gegenwurtigkeyt der selbigen getzeugen zu schicken vnd gantz wol geschehen , das dy sun , erben vnd genigklich alle mein nachkomen , die furpas noch mir kumen sein in der lehenschaft , vnd sein ewigklich zu nem dy lehen nach kume vnd sollen schuldig sein zugegloben ; vnd gleicher weyse thun wir ewch vnd dye ewern nachkumen die manlehung , die trew vnd gehorsam , auch mittelnde der ayd , yedoch so pyn ich mich , sun , erben vnd all meyn nachkumenden euch vnd euren nachkumen , kungen tzu behemen dartzwischen gelegt ein erwirdiges gelubde , also alß oft oder wenn ir das heysset oder ewern nachkumen , das heyssen , so wird ich helfen euch vnd inn vnd wil helfen mit meinen nachkumen wider eynn ytzlichenn menschen getrewlich mit gantzem vormugen gleich als ein ytzlicher ewer lehenman , es sey auch halt ein banerher ewres reichs vnd auch gemenigklich zu allen dingenn ewigklichen , dy denn gehoren vnd sich fodern tzu den rechten der lehenschaft vnd auch zu den , dy ein ytzlich lehenman mag gethun seinem rechten hern vnd sol . darnach gelob ich vnd gelobt han fur mich , erben vnd meyn uorgesprochen nachkumen vntter eynem gegeben ayd all dy vorgesprochen vnd ytzliche halten vnd volbringen vnd ewigklich behalten veste vnd stet vnd noch nymer wider dy selbigen oder wider etlichs der selbigen kumen oder thun durch mich oder durch ander oder durch ein anndern in keynerley weyse vnd habe wider verkundigt mutlich vnd noch wider verkundige mit innhaltung der gegenwurtigkeyt in allen gelobten vnd einem ytzlichen der gelobten fur mich vnd mein sun , erben vnd fur all mein nachkumen eyner ytzlichen tat , beschirmung vnd eynem ytzlichen ding vnd aller hylfe des geysthlichen vnd werentlichen rechts , den gewonheyten , bestetigung vnd widerwertigen gesetzen vnd allen freyheyten ader vergebung , vnd besunderlich den , mit welchen es yst fur sehen worden von dem bebstlichen stull oder von dem romischen reych vnd von welchen andern oder anndern fursten vonn polen , das sy sich icht ennpfremden oder anndern fursten vntertenig sein vnd in manlehen thun vnd welchen anndern beyd den gemeynen oder den besundern freyheyten oder vergebunge , dy ich oder mein erben mochten verwerffen von recht wider dy vorgesprochen oder etlichs der vorgesprochen oder von stund an mit den mir oder meinen nachkumen als wider all der vor verlassen oder wider etlichs der selben , ich , mein sun oder erer oder mein nachkumen mochten komen vnd sy nicht hielten oder behyelten mochten angehoren vnd etlicher weyse zu hilf komen . vnd zu eynem getzeucknuss des dinges vnd zu sterck ewigklich zu tugen . so gib ych vnd opfer ewch willigklich vnd geren dy gegenwurtigen hantuesten zu eynem waren getzeucknuss . das do yst gesterckt mit anhangenden der sygel meyns aygens vnd der erwyrdigen veter vnd hern : des thobye von prag , theodrici von olmuntz , bischoue , vnd der durchleuchtigen furstenn vnd hern : des bulkonis , hertzogs aus der slesya vnd des hern von lewbenberg vnd nycolay , des hertzogen opauiensis vnd der ewern personen , brunonis sant benedicten vnd des heinrichs von osseck cysterciensis ordens , der apt des pystums zu prag vnd der erbern menner vnd mayster des vlrici zu prag , johannis aus sachsen , vlrici melnicensis vnd pardi boleßlauiensis , brobst der kirchen des maysters gregoryus zu prag des hernn budyßlay , techant zu olmuntz , des hern bartholomey , techant der kirchen wyssegraden . vnd dye sein geschehen zu prag in dem kuniglichen pallast in gegenwurtigkeyt der banerhern vnd meyner edlen als mit namen sobeßlay , des richters des ertrichs , jethonys , des burckgre buthumey , gramislaymenis , speystragers , michaelis , meins marschalcks , andree , genant breck , berenhardi vnd theoderici der ritter leonardi , pauli , jeskonis , stepfani vnd stepfani budywoy , meyner edlen , iunckhern , vnd meins vorgesprochen ertrichs , vnd in gegenwurtigkeyt der edlen meiner wagery von lochemenitz , dess hochsten kamerers des reichs zu behemen , des albern von seberg , marschalcks desselbigen reichs zu behemen , sdyßlay von steremberg , burckgraue zu prag , bonessi von wartemberg , camerer des selbigen meins hern wentzeßlay , kunges zu behemen , bauari von strakanytz , burckgrauen in klingenperck , brostwen von waraschow , kamerers meiner frawen kungyn zu behemen , adalberti des speistragers vnd johannis von michelsperg , schencken desselbigen reichs , burckhardi von winterberg , theoderici , spatzmani in briemberg , des burgrauen otten von bottenstein , der burckgrauen in tusta , hynconis von leuchtenburg , hinconis von duba , muthine von constenrat , sdyßlay von trzewen , fryderici von schomberg , ottonis von ylempurck , bohußlay von bor , chuhomyl vnd des vlrici von dem newemhause vnd in gegenwurtigkeyt vil ander bayde der geystlichen vnd auch der werentlichen , der briesterschaft , der edlen , der burger vnd der gemein , welch dar durch sunderlich von allen enden des reichs zu behemen gefordert waren zu getzeucknuss . anno domini xii c vnd lxxxix jar iiii ydus january , indiccion ii . vnd wir , theodericus von gottes genaden byschoue zue olmuntz gepeten durch den genanten hern casemyrum mit dysem gegenwurtigen instrument durch den mayster ambrosinum , korhere vnnser kirchen zu olmuntz , gepeten durch den genanten hern casemyrum mit dysem gegenwurtigen instrument etc . vnd vnsern notary mit vnnßern namen dar vntterschreyben vnd dar an lassen hangen vnnser insygeln ."
PUC.tei.xml;PUC_791562200_3;hab;KEEP;nein;VRB VEX;VRB VEX;lexicon.xml#lemma_2598;lexicon.xml#lemma_2598;lexicon.xml#lemma_2598_sense_77622;lexicon.xml#lemma_2598_sense_77622;variants.xml#type_8729;variants.xml#type_8729;VERBAL;high;hab ich genumen: Hilfsverb mit Partizip;;"anno domini xii c vnd lxxxix iare der hertzog opulien casemirus zu fuget seine ertrich dem vorgenanten hertzogen wentzeßlao , seinen erben , den kungen zu behemen vnd das furstenthum der kron , als denn gemacht sein die brieue vntter eym solchen innhalten : dem großmechtigen vnd durchleuchtigen seinem hern hern wentzeßlao , dem aller clersten kunig zu behemen vnd margrauen zu merhern , cazemirus , von gottes genaden hertzog oppulien vnd her in beuthen mit beraytter ynnigkeyt mein vnuerdrossen dinst seiner getrewigkeyt . wenn der aller hochst werckman mit dem hantwerck der synreychen natur sein creatur in dem vrsprung aller manigueltigen ding also gemacht hat vnd also geschicht hat , das er ytzlich dinck begerer do selbst einer stat der gotlichen behaltnus vnd do selbst sucht hilf eins hilflichen dings werks , wo es sich pesser vnd leychter waiß behuttet , sein in der beleybenlichkeyt seiner bestendigkeyt vnd die craft der frewntschaft in den geschopften dingen beweyst also sein geschlecht , das ycht kawm ein myssetrawung des teyles der werlt in mancherley macht , vnd das das ding vntterlig den dingern mit eyntrechtiger eynigung , furwar dy aygenschaft der totlichen , wenn sy auch nicht vnpillich nachuolgt die schickung der naturlichen ding , dy do von got kumen sein , das wo dy menschen suchen ein stat der zuflucht vnd wo hilflich hylf on widerfluchtig hofnung haylsamlicher wirt gefunden vnd vntterwindet sich der selben gewalt dester gerner , welche mit der lautterkeyt der liebe vnd der frewntschaft von vergangen zeyten durch dy vorgeboren gelych gantz auß der wurtzel begryffen , fur war es nachuolgen dy vorgesagten vnd mercket die nachkumenden , das auß gunst etwan des hern ottakari , kunges zu behemen , eyner gedencklichen gedechnuss meiner vater , eyner seligen gedechtnuss etwan wladyßlaus , hertzog opulienn , duch innigkeyt vnd dynste wegen , mit den er sich gantz mit berayter inigkeyt gab er dem selben vnd sein tzeyt gepraucht hatt vill gottes gabe der erforderung vnd der ere . ich , der do will in gutten vnd in nutzen theten gern nachuolgen den fußstapfel meines vaters gemerckt vnd werlich erkant , das dy gutheyt gunst vnd machst ewer herschung , welche den edlen eins claren geschlechts yst wider scheynen vnd yst nachuolgen den fueßstapfen der veterlichen weyßheyt . ir sult nicht treten zu schicken die nutze ewer vntertenigen , wenn sy mochten zubracht haben vil scheden der ere vnd des frydes vnd der nutze mir vnd den sun vnd den erben vnd dem hertzogthum vnd meinen lewten , dy in meinem herzogthum wonen , allergrost wenn durch euch vnd ewer nachkumen pesser den durch ein andern von meinen vberwaltigen vnd verdringern von den vntz hye her verdrungen waren vnd noch werden , mach ich mit den selbigen meinen getrewen beschyrmet , werden von eynem betrachten rat vnd mit guttem willen vnd mit gunst meiner sun boleßlay vnd wladyßlay vnd der nechsten frewnd , der banerhern vnd der anndern meyner vnd meyner edlen des hertzogthums noch getzwungen noch mit macht noch angefurt mit forchte , sunder mit gutten vnd beheglichen vnd freyen meinen wilen vnd wolt in dem meyn aygenschaft meiner sun , erben vnd meyner nachkumen besser machen vnd ich han mich vntertenigt gemacht , sun , erben vnd mein nachkumen vnd dy erben meiner nachkumen , ewer gewalt vnd herschaft vnd ewern erben vnd allen ewern nachkumenden kungen , vnd auch mein hertzogthum , schlosser , stet , merckt vnd gemenigklich all meyn besitzung vnd aller meyner banerhern , edlen vnd der anndern , die in dem ertrich geporen sun , dy do in meynem hertzogthum sein vnd wonen vnd die banerhern vnd die edlen vnd die meinen , die in dem ertrich geporn sein , mit irem eynmutigen willen , auch ir etlich , dy den do gegenwurtig waren vntertenig , mach vnd will , das sy also ewigklich vntertenig sein , ydoch die selbigen banerheren , edlen vnd die anndern inwoner des hertzogthumes nu auftzulosen an alle beswerigkeyt von der trewheyt , vnd halten manschaft , in welchen sy mir vnd meynn erben , sin vnd gemenigklich allen meinen nachkumen sein verpunden , auch hab ych aufgeben vnd auch noch aufgyb offenwarlich durch meine vannen das selb mein hertzogthum vnd alle recht desselbigen hertzogthums mit den rechten vnd herschaft , dy mir vnd meynen sunen vnd erben vnd gemenigklich allen meinen nachkumenden in dem selbigen hertzogthum zugehoren mein vnd meinen sun , dy ytzund geboren sein vnd etlich hernach geporen wurden , all meiner nachkumen zu den henden , gewalt vnd zu ewer herschaft , dy do nemet uon mir dy selbigen aufgebung vor euch , ewer erben vnd der nachkumenden erben gemenigklich all die , die von ewch ewigklich kumen in gegenwurtigkeit der herschaft noch geschriben , getzeugen dartzu durch mich vnd meyn sun vnd banerhern vnd dy edlen des hertzogthumes , besunderlich dartzu gepeten vnd widersage in meinem namen vnd meiner sun , erben vnd aller meiner nachkumen , den hylfen vnd freyheyt aller meyner freyheyt , die mir vnd den selbigen sun , erben vnd meinen nachkumen , ob etlich dem hertzogthum vnd seinen rechten zustend oder hynfur mochten zugehoren , vnd besunderlich widersach ich der freyheyt , die mein vorforder haben gehabt vor , vnd die ich vntz hy her gehabt han vnd mein sun , erben vnd nachkumen hin fur gehabt hetten aus einer gewonheyt , oder von einem rechten , im dem , das sy keynenn anndern fursten mochten vntertenig sein oder sulten von euch , von meinem hern hab ich genumen tzu eynem manlehn vnd von rechten hyn fur des manlehens des vorgesprochen hertzogthum , wirdigkeyt , den tytel vnd dy ere des selbigen hertzogthumes vnd dy banerhern , edlen vnd all ander menschen vnd inwoner desselbigen ertzosthumes vnd all andere recht , vnd nym vnd hab gethan hebung vnd noch thu ich ewch als meinem lehenherrn vnd hab ewch gelobet noch gelobe die trew , innigkeyt vnd ewige gehorsam . dartzwyschen gelegt ein muntlichs recht in gegenwurtigkeyt der selbigen getzeugen zu schicken vnd gantz wol geschehen , das dy sun , erben vnd genigklich alle mein nachkomen , die furpas noch mir kumen sein in der lehenschaft , vnd sein ewigklich zu nem dy lehen nach kume vnd sollen schuldig sein zugegloben ; vnd gleicher weyse thun wir ewch vnd dye ewern nachkumen die manlehung , die trew vnd gehorsam , auch mittelnde der ayd , yedoch so pyn ich mich , sun , erben vnd all meyn nachkumenden euch vnd euren nachkumen , kungen tzu behemen dartzwischen gelegt ein erwirdiges gelubde , also alß oft oder wenn ir das heysset oder ewern nachkumen , das heyssen , so wird ich helfen euch vnd inn vnd wil helfen mit meinen nachkumen wider eynn ytzlichenn menschen getrewlich mit gantzem vormugen gleich als ein ytzlicher ewer lehenman , es sey auch halt ein banerher ewres reichs vnd auch gemenigklich zu allen dingenn ewigklichen , dy denn gehoren vnd sich fodern tzu den rechten der lehenschaft vnd auch zu den , dy ein ytzlich lehenman mag gethun seinem rechten hern vnd sol . darnach gelob ich vnd gelobt han fur mich , erben vnd meyn uorgesprochen nachkumen vntter eynem gegeben ayd all dy vorgesprochen vnd ytzliche halten vnd volbringen vnd ewigklich behalten veste vnd stet vnd noch nymer wider dy selbigen oder wider etlichs der selbigen kumen oder thun durch mich oder durch ander oder durch ein anndern in keynerley weyse vnd habe wider verkundigt mutlich vnd noch wider verkundige mit innhaltung der gegenwurtigkeyt in allen gelobten vnd einem ytzlichen der gelobten fur mich vnd mein sun , erben vnd fur all mein nachkumen eyner ytzlichen tat , beschirmung vnd eynem ytzlichen ding vnd aller hylfe des geysthlichen vnd werentlichen rechts , den gewonheyten , bestetigung vnd widerwertigen gesetzen vnd allen freyheyten ader vergebung , vnd besunderlich den , mit welchen es yst fur sehen worden von dem bebstlichen stull oder von dem romischen reych vnd von welchen andern oder anndern fursten vonn polen , das sy sich icht ennpfremden oder anndern fursten vntertenig sein vnd in manlehen thun vnd welchen anndern beyd den gemeynen oder den besundern freyheyten oder vergebunge , dy ich oder mein erben mochten verwerffen von recht wider dy vorgesprochen oder etlichs der vorgesprochen oder von stund an mit den mir oder meinen nachkumen als wider all der vor verlassen oder wider etlichs der selben , ich , mein sun oder erer oder mein nachkumen mochten komen vnd sy nicht hielten oder behyelten mochten angehoren vnd etlicher weyse zu hilf komen . vnd zu eynem getzeucknuss des dinges vnd zu sterck ewigklich zu tugen . so gib ych vnd opfer ewch willigklich vnd geren dy gegenwurtigen hantuesten zu eynem waren getzeucknuss . das do yst gesterckt mit anhangenden der sygel meyns aygens vnd der erwyrdigen veter vnd hern : des thobye von prag , theodrici von olmuntz , bischoue , vnd der durchleuchtigen furstenn vnd hern : des bulkonis , hertzogs aus der slesya vnd des hern von lewbenberg vnd nycolay , des hertzogen opauiensis vnd der ewern personen , brunonis sant benedicten vnd des heinrichs von osseck cysterciensis ordens , der apt des pystums zu prag vnd der erbern menner vnd mayster des vlrici zu prag , johannis aus sachsen , vlrici melnicensis vnd pardi boleßlauiensis , brobst der kirchen des maysters gregoryus zu prag des hernn budyßlay , techant zu olmuntz , des hern bartholomey , techant der kirchen wyssegraden . vnd dye sein geschehen zu prag in dem kuniglichen pallast in gegenwurtigkeyt der banerhern vnd meyner edlen als mit namen sobeßlay , des richters des ertrichs , jethonys , des burckgre buthumey , gramislaymenis , speystragers , michaelis , meins marschalcks , andree , genant breck , berenhardi vnd theoderici der ritter leonardi , pauli , jeskonis , stepfani vnd stepfani budywoy , meyner edlen , iunckhern , vnd meins vorgesprochen ertrichs , vnd in gegenwurtigkeyt der edlen meiner wagery von lochemenitz , dess hochsten kamerers des reichs zu behemen , des albern von seberg , marschalcks desselbigen reichs zu behemen , sdyßlay von steremberg , burckgraue zu prag , bonessi von wartemberg , camerer des selbigen meins hern wentzeßlay , kunges zu behemen , bauari von strakanytz , burckgrauen in klingenperck , brostwen von waraschow , kamerers meiner frawen kungyn zu behemen , adalberti des speistragers vnd johannis von michelsperg , schencken desselbigen reichs , burckhardi von winterberg , theoderici , spatzmani in briemberg , des burgrauen otten von bottenstein , der burckgrauen in tusta , hynconis von leuchtenburg , hinconis von duba , muthine von constenrat , sdyßlay von trzewen , fryderici von schomberg , ottonis von ylempurck , bohußlay von bor , chuhomyl vnd des vlrici von dem newemhause vnd in gegenwurtigkeyt vil ander bayde der geystlichen vnd auch der werentlichen , der briesterschaft , der edlen , der burger vnd der gemein , welch dar durch sunderlich von allen enden des reichs zu behemen gefordert waren zu getzeucknuss . anno domini xii c vnd lxxxix jar iiii ydus january , indiccion ii . vnd wir , theodericus von gottes genaden byschoue zue olmuntz gepeten durch den genanten hern casemyrum mit dysem gegenwurtigen instrument durch den mayster ambrosinum , korhere vnnser kirchen zu olmuntz , gepeten durch den genanten hern casemyrum mit dysem gegenwurtigen instrument etc . vnd vnsern notary mit vnnßern namen dar vntterschreyben vnd dar an lassen hangen vnnser insygeln ."
PUC.tei.xml;PUC_791562250_2;hab;KEEP;nein;VRB VEX;VRB VEX;lexicon.xml#lemma_2598;lexicon.xml#lemma_2598;lexicon.xml#lemma_2598_sense_77622;lexicon.xml#lemma_2598_sense_77622;variants.xml#type_8729;variants.xml#type_8729;VERBAL;high;Hilfsverb: hab gethan hebung, 1.Sg.-Kontext;;"anno domini xii c vnd lxxxix iare der hertzog opulien casemirus zu fuget seine ertrich dem vorgenanten hertzogen wentzeßlao , seinen erben , den kungen zu behemen vnd das furstenthum der kron , als denn gemacht sein die brieue vntter eym solchen innhalten : dem großmechtigen vnd durchleuchtigen seinem hern hern wentzeßlao , dem aller clersten kunig zu behemen vnd margrauen zu merhern , cazemirus , von gottes genaden hertzog oppulien vnd her in beuthen mit beraytter ynnigkeyt mein vnuerdrossen dinst seiner getrewigkeyt . wenn der aller hochst werckman mit dem hantwerck der synreychen natur sein creatur in dem vrsprung aller manigueltigen ding also gemacht hat vnd also geschicht hat , das er ytzlich dinck begerer do selbst einer stat der gotlichen behaltnus vnd do selbst sucht hilf eins hilflichen dings werks , wo es sich pesser vnd leychter waiß behuttet , sein in der beleybenlichkeyt seiner bestendigkeyt vnd die craft der frewntschaft in den geschopften dingen beweyst also sein geschlecht , das ycht kawm ein myssetrawung des teyles der werlt in mancherley macht , vnd das das ding vntterlig den dingern mit eyntrechtiger eynigung , furwar dy aygenschaft der totlichen , wenn sy auch nicht vnpillich nachuolgt die schickung der naturlichen ding , dy do von got kumen sein , das wo dy menschen suchen ein stat der zuflucht vnd wo hilflich hylf on widerfluchtig hofnung haylsamlicher wirt gefunden vnd vntterwindet sich der selben gewalt dester gerner , welche mit der lautterkeyt der liebe vnd der frewntschaft von vergangen zeyten durch dy vorgeboren gelych gantz auß der wurtzel begryffen , fur war es nachuolgen dy vorgesagten vnd mercket die nachkumenden , das auß gunst etwan des hern ottakari , kunges zu behemen , eyner gedencklichen gedechnuss meiner vater , eyner seligen gedechtnuss etwan wladyßlaus , hertzog opulienn , duch innigkeyt vnd dynste wegen , mit den er sich gantz mit berayter inigkeyt gab er dem selben vnd sein tzeyt gepraucht hatt vill gottes gabe der erforderung vnd der ere . ich , der do will in gutten vnd in nutzen theten gern nachuolgen den fußstapfel meines vaters gemerckt vnd werlich erkant , das dy gutheyt gunst vnd machst ewer herschung , welche den edlen eins claren geschlechts yst wider scheynen vnd yst nachuolgen den fueßstapfen der veterlichen weyßheyt . ir sult nicht treten zu schicken die nutze ewer vntertenigen , wenn sy mochten zubracht haben vil scheden der ere vnd des frydes vnd der nutze mir vnd den sun vnd den erben vnd dem hertzogthum vnd meinen lewten , dy in meinem herzogthum wonen , allergrost wenn durch euch vnd ewer nachkumen pesser den durch ein andern von meinen vberwaltigen vnd verdringern von den vntz hye her verdrungen waren vnd noch werden , mach ich mit den selbigen meinen getrewen beschyrmet , werden von eynem betrachten rat vnd mit guttem willen vnd mit gunst meiner sun boleßlay vnd wladyßlay vnd der nechsten frewnd , der banerhern vnd der anndern meyner vnd meyner edlen des hertzogthums noch getzwungen noch mit macht noch angefurt mit forchte , sunder mit gutten vnd beheglichen vnd freyen meinen wilen vnd wolt in dem meyn aygenschaft meiner sun , erben vnd meyner nachkumen besser machen vnd ich han mich vntertenigt gemacht , sun , erben vnd mein nachkumen vnd dy erben meiner nachkumen , ewer gewalt vnd herschaft vnd ewern erben vnd allen ewern nachkumenden kungen , vnd auch mein hertzogthum , schlosser , stet , merckt vnd gemenigklich all meyn besitzung vnd aller meyner banerhern , edlen vnd der anndern , die in dem ertrich geporen sun , dy do in meynem hertzogthum sein vnd wonen vnd die banerhern vnd die edlen vnd die meinen , die in dem ertrich geporn sein , mit irem eynmutigen willen , auch ir etlich , dy den do gegenwurtig waren vntertenig , mach vnd will , das sy also ewigklich vntertenig sein , ydoch die selbigen banerheren , edlen vnd die anndern inwoner des hertzogthumes nu auftzulosen an alle beswerigkeyt von der trewheyt , vnd halten manschaft , in welchen sy mir vnd meynn erben , sin vnd gemenigklich allen meinen nachkumen sein verpunden , auch hab ych aufgeben vnd auch noch aufgyb offenwarlich durch meine vannen das selb mein hertzogthum vnd alle recht desselbigen hertzogthums mit den rechten vnd herschaft , dy mir vnd meynen sunen vnd erben vnd gemenigklich allen meinen nachkumenden in dem selbigen hertzogthum zugehoren mein vnd meinen sun , dy ytzund geboren sein vnd etlich hernach geporen wurden , all meiner nachkumen zu den henden , gewalt vnd zu ewer herschaft , dy do nemet uon mir dy selbigen aufgebung vor euch , ewer erben vnd der nachkumenden erben gemenigklich all die , die von ewch ewigklich kumen in gegenwurtigkeit der herschaft noch geschriben , getzeugen dartzu durch mich vnd meyn sun vnd banerhern vnd dy edlen des hertzogthumes , besunderlich dartzu gepeten vnd widersage in meinem namen vnd meiner sun , erben vnd aller meiner nachkumen , den hylfen vnd freyheyt aller meyner freyheyt , die mir vnd den selbigen sun , erben vnd meinen nachkumen , ob etlich dem hertzogthum vnd seinen rechten zustend oder hynfur mochten zugehoren , vnd besunderlich widersach ich der freyheyt , die mein vorforder haben gehabt vor , vnd die ich vntz hy her gehabt han vnd mein sun , erben vnd nachkumen hin fur gehabt hetten aus einer gewonheyt , oder von einem rechten , im dem , das sy keynenn anndern fursten mochten vntertenig sein oder sulten von euch , von meinem hern hab ich genumen tzu eynem manlehn vnd von rechten hyn fur des manlehens des vorgesprochen hertzogthum , wirdigkeyt , den tytel vnd dy ere des selbigen hertzogthumes vnd dy banerhern , edlen vnd all ander menschen vnd inwoner desselbigen ertzosthumes vnd all andere recht , vnd nym vnd hab gethan hebung vnd noch thu ich ewch als meinem lehenherrn vnd hab ewch gelobet noch gelobe die trew , innigkeyt vnd ewige gehorsam . dartzwyschen gelegt ein muntlichs recht in gegenwurtigkeyt der selbigen getzeugen zu schicken vnd gantz wol geschehen , das dy sun , erben vnd genigklich alle mein nachkomen , die furpas noch mir kumen sein in der lehenschaft , vnd sein ewigklich zu nem dy lehen nach kume vnd sollen schuldig sein zugegloben ; vnd gleicher weyse thun wir ewch vnd dye ewern nachkumen die manlehung , die trew vnd gehorsam , auch mittelnde der ayd , yedoch so pyn ich mich , sun , erben vnd all meyn nachkumenden euch vnd euren nachkumen , kungen tzu behemen dartzwischen gelegt ein erwirdiges gelubde , also alß oft oder wenn ir das heysset oder ewern nachkumen , das heyssen , so wird ich helfen euch vnd inn vnd wil helfen mit meinen nachkumen wider eynn ytzlichenn menschen getrewlich mit gantzem vormugen gleich als ein ytzlicher ewer lehenman , es sey auch halt ein banerher ewres reichs vnd auch gemenigklich zu allen dingenn ewigklichen , dy denn gehoren vnd sich fodern tzu den rechten der lehenschaft vnd auch zu den , dy ein ytzlich lehenman mag gethun seinem rechten hern vnd sol . darnach gelob ich vnd gelobt han fur mich , erben vnd meyn uorgesprochen nachkumen vntter eynem gegeben ayd all dy vorgesprochen vnd ytzliche halten vnd volbringen vnd ewigklich behalten veste vnd stet vnd noch nymer wider dy selbigen oder wider etlichs der selbigen kumen oder thun durch mich oder durch ander oder durch ein anndern in keynerley weyse vnd habe wider verkundigt mutlich vnd noch wider verkundige mit innhaltung der gegenwurtigkeyt in allen gelobten vnd einem ytzlichen der gelobten fur mich vnd mein sun , erben vnd fur all mein nachkumen eyner ytzlichen tat , beschirmung vnd eynem ytzlichen ding vnd aller hylfe des geysthlichen vnd werentlichen rechts , den gewonheyten , bestetigung vnd widerwertigen gesetzen vnd allen freyheyten ader vergebung , vnd besunderlich den , mit welchen es yst fur sehen worden von dem bebstlichen stull oder von dem romischen reych vnd von welchen andern oder anndern fursten vonn polen , das sy sich icht ennpfremden oder anndern fursten vntertenig sein vnd in manlehen thun vnd welchen anndern beyd den gemeynen oder den besundern freyheyten oder vergebunge , dy ich oder mein erben mochten verwerffen von recht wider dy vorgesprochen oder etlichs der vorgesprochen oder von stund an mit den mir oder meinen nachkumen als wider all der vor verlassen oder wider etlichs der selben , ich , mein sun oder erer oder mein nachkumen mochten komen vnd sy nicht hielten oder behyelten mochten angehoren vnd etlicher weyse zu hilf komen . vnd zu eynem getzeucknuss des dinges vnd zu sterck ewigklich zu tugen . so gib ych vnd opfer ewch willigklich vnd geren dy gegenwurtigen hantuesten zu eynem waren getzeucknuss . das do yst gesterckt mit anhangenden der sygel meyns aygens vnd der erwyrdigen veter vnd hern : des thobye von prag , theodrici von olmuntz , bischoue , vnd der durchleuchtigen furstenn vnd hern : des bulkonis , hertzogs aus der slesya vnd des hern von lewbenberg vnd nycolay , des hertzogen opauiensis vnd der ewern personen , brunonis sant benedicten vnd des heinrichs von osseck cysterciensis ordens , der apt des pystums zu prag vnd der erbern menner vnd mayster des vlrici zu prag , johannis aus sachsen , vlrici melnicensis vnd pardi boleßlauiensis , brobst der kirchen des maysters gregoryus zu prag des hernn budyßlay , techant zu olmuntz , des hern bartholomey , techant der kirchen wyssegraden . vnd dye sein geschehen zu prag in dem kuniglichen pallast in gegenwurtigkeyt der banerhern vnd meyner edlen als mit namen sobeßlay , des richters des ertrichs , jethonys , des burckgre buthumey , gramislaymenis , speystragers , michaelis , meins marschalcks , andree , genant breck , berenhardi vnd theoderici der ritter leonardi , pauli , jeskonis , stepfani vnd stepfani budywoy , meyner edlen , iunckhern , vnd meins vorgesprochen ertrichs , vnd in gegenwurtigkeyt der edlen meiner wagery von lochemenitz , dess hochsten kamerers des reichs zu behemen , des albern von seberg , marschalcks desselbigen reichs zu behemen , sdyßlay von steremberg , burckgraue zu prag , bonessi von wartemberg , camerer des selbigen meins hern wentzeßlay , kunges zu behemen , bauari von strakanytz , burckgrauen in klingenperck , brostwen von waraschow , kamerers meiner frawen kungyn zu behemen , adalberti des speistragers vnd johannis von michelsperg , schencken desselbigen reichs , burckhardi von winterberg , theoderici , spatzmani in briemberg , des burgrauen otten von bottenstein , der burckgrauen in tusta , hynconis von leuchtenburg , hinconis von duba , muthine von constenrat , sdyßlay von trzewen , fryderici von schomberg , ottonis von ylempurck , bohußlay von bor , chuhomyl vnd des vlrici von dem newemhause vnd in gegenwurtigkeyt vil ander bayde der geystlichen vnd auch der werentlichen , der briesterschaft , der edlen , der burger vnd der gemein , welch dar durch sunderlich von allen enden des reichs zu behemen gefordert waren zu getzeucknuss . anno domini xii c vnd lxxxix jar iiii ydus january , indiccion ii . vnd wir , theodericus von gottes genaden byschoue zue olmuntz gepeten durch den genanten hern casemyrum mit dysem gegenwurtigen instrument durch den mayster ambrosinum , korhere vnnser kirchen zu olmuntz , gepeten durch den genanten hern casemyrum mit dysem gegenwurtigen instrument etc . vnd vnsern notary mit vnnßern namen dar vntterschreyben vnd dar an lassen hangen vnnser insygeln ."
PUC.tei.xml;PUC_791562260_3;hab;KEEP;nein;VRB VEX;VRB VEX;lexicon.xml#lemma_2598;lexicon.xml#lemma_2598;lexicon.xml#lemma_2598_sense_77622;lexicon.xml#lemma_2598_sense_77622;variants.xml#type_8729;variants.xml#type_8729;VERBAL;high;Hilfsverb mit Partizip gethan, 1. Sg.;;"anno domini xii c vnd lxxxix iare der hertzog opulien casemirus zu fuget seine ertrich dem vorgenanten hertzogen wentzeßlao , seinen erben , den kungen zu behemen vnd das furstenthum der kron , als denn gemacht sein die brieue vntter eym solchen innhalten : dem großmechtigen vnd durchleuchtigen seinem hern hern wentzeßlao , dem aller clersten kunig zu behemen vnd margrauen zu merhern , cazemirus , von gottes genaden hertzog oppulien vnd her in beuthen mit beraytter ynnigkeyt mein vnuerdrossen dinst seiner getrewigkeyt . wenn der aller hochst werckman mit dem hantwerck der synreychen natur sein creatur in dem vrsprung aller manigueltigen ding also gemacht hat vnd also geschicht hat , das er ytzlich dinck begerer do selbst einer stat der gotlichen behaltnus vnd do selbst sucht hilf eins hilflichen dings werks , wo es sich pesser vnd leychter waiß behuttet , sein in der beleybenlichkeyt seiner bestendigkeyt vnd die craft der frewntschaft in den geschopften dingen beweyst also sein geschlecht , das ycht kawm ein myssetrawung des teyles der werlt in mancherley macht , vnd das das ding vntterlig den dingern mit eyntrechtiger eynigung , furwar dy aygenschaft der totlichen , wenn sy auch nicht vnpillich nachuolgt die schickung der naturlichen ding , dy do von got kumen sein , das wo dy menschen suchen ein stat der zuflucht vnd wo hilflich hylf on widerfluchtig hofnung haylsamlicher wirt gefunden vnd vntterwindet sich der selben gewalt dester gerner , welche mit der lautterkeyt der liebe vnd der frewntschaft von vergangen zeyten durch dy vorgeboren gelych gantz auß der wurtzel begryffen , fur war es nachuolgen dy vorgesagten vnd mercket die nachkumenden , das auß gunst etwan des hern ottakari , kunges zu behemen , eyner gedencklichen gedechnuss meiner vater , eyner seligen gedechtnuss etwan wladyßlaus , hertzog opulienn , duch innigkeyt vnd dynste wegen , mit den er sich gantz mit berayter inigkeyt gab er dem selben vnd sein tzeyt gepraucht hatt vill gottes gabe der erforderung vnd der ere . ich , der do will in gutten vnd in nutzen theten gern nachuolgen den fußstapfel meines vaters gemerckt vnd werlich erkant , das dy gutheyt gunst vnd machst ewer herschung , welche den edlen eins claren geschlechts yst wider scheynen vnd yst nachuolgen den fueßstapfen der veterlichen weyßheyt . ir sult nicht treten zu schicken die nutze ewer vntertenigen , wenn sy mochten zubracht haben vil scheden der ere vnd des frydes vnd der nutze mir vnd den sun vnd den erben vnd dem hertzogthum vnd meinen lewten , dy in meinem herzogthum wonen , allergrost wenn durch euch vnd ewer nachkumen pesser den durch ein andern von meinen vberwaltigen vnd verdringern von den vntz hye her verdrungen waren vnd noch werden , mach ich mit den selbigen meinen getrewen beschyrmet , werden von eynem betrachten rat vnd mit guttem willen vnd mit gunst meiner sun boleßlay vnd wladyßlay vnd der nechsten frewnd , der banerhern vnd der anndern meyner vnd meyner edlen des hertzogthums noch getzwungen noch mit macht noch angefurt mit forchte , sunder mit gutten vnd beheglichen vnd freyen meinen wilen vnd wolt in dem meyn aygenschaft meiner sun , erben vnd meyner nachkumen besser machen vnd ich han mich vntertenigt gemacht , sun , erben vnd mein nachkumen vnd dy erben meiner nachkumen , ewer gewalt vnd herschaft vnd ewern erben vnd allen ewern nachkumenden kungen , vnd auch mein hertzogthum , schlosser , stet , merckt vnd gemenigklich all meyn besitzung vnd aller meyner banerhern , edlen vnd der anndern , die in dem ertrich geporen sun , dy do in meynem hertzogthum sein vnd wonen vnd die banerhern vnd die edlen vnd die meinen , die in dem ertrich geporn sein , mit irem eynmutigen willen , auch ir etlich , dy den do gegenwurtig waren vntertenig , mach vnd will , das sy also ewigklich vntertenig sein , ydoch die selbigen banerheren , edlen vnd die anndern inwoner des hertzogthumes nu auftzulosen an alle beswerigkeyt von der trewheyt , vnd halten manschaft , in welchen sy mir vnd meynn erben , sin vnd gemenigklich allen meinen nachkumen sein verpunden , auch hab ych aufgeben vnd auch noch aufgyb offenwarlich durch meine vannen das selb mein hertzogthum vnd alle recht desselbigen hertzogthums mit den rechten vnd herschaft , dy mir vnd meynen sunen vnd erben vnd gemenigklich allen meinen nachkumenden in dem selbigen hertzogthum zugehoren mein vnd meinen sun , dy ytzund geboren sein vnd etlich hernach geporen wurden , all meiner nachkumen zu den henden , gewalt vnd zu ewer herschaft , dy do nemet uon mir dy selbigen aufgebung vor euch , ewer erben vnd der nachkumenden erben gemenigklich all die , die von ewch ewigklich kumen in gegenwurtigkeit der herschaft noch geschriben , getzeugen dartzu durch mich vnd meyn sun vnd banerhern vnd dy edlen des hertzogthumes , besunderlich dartzu gepeten vnd widersage in meinem namen vnd meiner sun , erben vnd aller meiner nachkumen , den hylfen vnd freyheyt aller meyner freyheyt , die mir vnd den selbigen sun , erben vnd meinen nachkumen , ob etlich dem hertzogthum vnd seinen rechten zustend oder hynfur mochten zugehoren , vnd besunderlich widersach ich der freyheyt , die mein vorforder haben gehabt vor , vnd die ich vntz hy her gehabt han vnd mein sun , erben vnd nachkumen hin fur gehabt hetten aus einer gewonheyt , oder von einem rechten , im dem , das sy keynenn anndern fursten mochten vntertenig sein oder sulten von euch , von meinem hern hab ich genumen tzu eynem manlehn vnd von rechten hyn fur des manlehens des vorgesprochen hertzogthum , wirdigkeyt , den tytel vnd dy ere des selbigen hertzogthumes vnd dy banerhern , edlen vnd all ander menschen vnd inwoner desselbigen ertzosthumes vnd all andere recht , vnd nym vnd hab gethan hebung vnd noch thu ich ewch als meinem lehenherrn vnd hab ewch gelobet noch gelobe die trew , innigkeyt vnd ewige gehorsam . dartzwyschen gelegt ein muntlichs recht in gegenwurtigkeyt der selbigen getzeugen zu schicken vnd gantz wol geschehen , das dy sun , erben vnd genigklich alle mein nachkomen , die furpas noch mir kumen sein in der lehenschaft , vnd sein ewigklich zu nem dy lehen nach kume vnd sollen schuldig sein zugegloben ; vnd gleicher weyse thun wir ewch vnd dye ewern nachkumen die manlehung , die trew vnd gehorsam , auch mittelnde der ayd , yedoch so pyn ich mich , sun , erben vnd all meyn nachkumenden euch vnd euren nachkumen , kungen tzu behemen dartzwischen gelegt ein erwirdiges gelubde , also alß oft oder wenn ir das heysset oder ewern nachkumen , das heyssen , so wird ich helfen euch vnd inn vnd wil helfen mit meinen nachkumen wider eynn ytzlichenn menschen getrewlich mit gantzem vormugen gleich als ein ytzlicher ewer lehenman , es sey auch halt ein banerher ewres reichs vnd auch gemenigklich zu allen dingenn ewigklichen , dy denn gehoren vnd sich fodern tzu den rechten der lehenschaft vnd auch zu den , dy ein ytzlich lehenman mag gethun seinem rechten hern vnd sol . darnach gelob ich vnd gelobt han fur mich , erben vnd meyn uorgesprochen nachkumen vntter eynem gegeben ayd all dy vorgesprochen vnd ytzliche halten vnd volbringen vnd ewigklich behalten veste vnd stet vnd noch nymer wider dy selbigen oder wider etlichs der selbigen kumen oder thun durch mich oder durch ander oder durch ein anndern in keynerley weyse vnd habe wider verkundigt mutlich vnd noch wider verkundige mit innhaltung der gegenwurtigkeyt in allen gelobten vnd einem ytzlichen der gelobten fur mich vnd mein sun , erben vnd fur all mein nachkumen eyner ytzlichen tat , beschirmung vnd eynem ytzlichen ding vnd aller hylfe des geysthlichen vnd werentlichen rechts , den gewonheyten , bestetigung vnd widerwertigen gesetzen vnd allen freyheyten ader vergebung , vnd besunderlich den , mit welchen es yst fur sehen worden von dem bebstlichen stull oder von dem romischen reych vnd von welchen andern oder anndern fursten vonn polen , das sy sich icht ennpfremden oder anndern fursten vntertenig sein vnd in manlehen thun vnd welchen anndern beyd den gemeynen oder den besundern freyheyten oder vergebunge , dy ich oder mein erben mochten verwerffen von recht wider dy vorgesprochen oder etlichs der vorgesprochen oder von stund an mit den mir oder meinen nachkumen als wider all der vor verlassen oder wider etlichs der selben , ich , mein sun oder erer oder mein nachkumen mochten komen vnd sy nicht hielten oder behyelten mochten angehoren vnd etlicher weyse zu hilf komen . vnd zu eynem getzeucknuss des dinges vnd zu sterck ewigklich zu tugen . so gib ych vnd opfer ewch willigklich vnd geren dy gegenwurtigen hantuesten zu eynem waren getzeucknuss . das do yst gesterckt mit anhangenden der sygel meyns aygens vnd der erwyrdigen veter vnd hern : des thobye von prag , theodrici von olmuntz , bischoue , vnd der durchleuchtigen furstenn vnd hern : des bulkonis , hertzogs aus der slesya vnd des hern von lewbenberg vnd nycolay , des hertzogen opauiensis vnd der ewern personen , brunonis sant benedicten vnd des heinrichs von osseck cysterciensis ordens , der apt des pystums zu prag vnd der erbern menner vnd mayster des vlrici zu prag , johannis aus sachsen , vlrici melnicensis vnd pardi boleßlauiensis , brobst der kirchen des maysters gregoryus zu prag des hernn budyßlay , techant zu olmuntz , des hern bartholomey , techant der kirchen wyssegraden . vnd dye sein geschehen zu prag in dem kuniglichen pallast in gegenwurtigkeyt der banerhern vnd meyner edlen als mit namen sobeßlay , des richters des ertrichs , jethonys , des burckgre buthumey , gramislaymenis , speystragers , michaelis , meins marschalcks , andree , genant breck , berenhardi vnd theoderici der ritter leonardi , pauli , jeskonis , stepfani vnd stepfani budywoy , meyner edlen , iunckhern , vnd meins vorgesprochen ertrichs , vnd in gegenwurtigkeyt der edlen meiner wagery von lochemenitz , dess hochsten kamerers des reichs zu behemen , des albern von seberg , marschalcks desselbigen reichs zu behemen , sdyßlay von steremberg , burckgraue zu prag , bonessi von wartemberg , camerer des selbigen meins hern wentzeßlay , kunges zu behemen , bauari von strakanytz , burckgrauen in klingenperck , brostwen von waraschow , kamerers meiner frawen kungyn zu behemen , adalberti des speistragers vnd johannis von michelsperg , schencken desselbigen reichs , burckhardi von winterberg , theoderici , spatzmani in briemberg , des burgrauen otten von bottenstein , der burckgrauen in tusta , hynconis von leuchtenburg , hinconis von duba , muthine von constenrat , sdyßlay von trzewen , fryderici von schomberg , ottonis von ylempurck , bohußlay von bor , chuhomyl vnd des vlrici von dem newemhause vnd in gegenwurtigkeyt vil ander bayde der geystlichen vnd auch der werentlichen , der briesterschaft , der edlen , der burger vnd der gemein , welch dar durch sunderlich von allen enden des reichs zu behemen gefordert waren zu getzeucknuss . anno domini xii c vnd lxxxix jar iiii ydus january , indiccion ii . vnd wir , theodericus von gottes genaden byschoue zue olmuntz gepeten durch den genanten hern casemyrum mit dysem gegenwurtigen instrument durch den mayster ambrosinum , korhere vnnser kirchen zu olmuntz , gepeten durch den genanten hern casemyrum mit dysem gegenwurtigen instrument etc . vnd vnsern notary mit vnnßern namen dar vntterschreyben vnd dar an lassen hangen vnnser insygeln ."
PUC.tei.xml;PUC_791571190_9;habe;STRIP;ja;NOM VRB VEX;VRB VEX;lexicon.xml#lemma_2598;lexicon.xml#lemma_2598;lexicon.xml#lemma_2598_sense_77622;lexicon.xml#lemma_2598_sense_77622;variants.xml#type_8730;variants.xml#type_8730;VERBAL;high;Hilfsverb zu Partizip wider verkundigt, 1. Singular;;"anno domini xii c vnd lxxxix iare der hertzog opulien casemirus zu fuget seine ertrich dem vorgenanten hertzogen wentzeßlao , seinen erben , den kungen zu behemen vnd das furstenthum der kron , als denn gemacht sein die brieue vntter eym solchen innhalten : dem großmechtigen vnd durchleuchtigen seinem hern hern wentzeßlao , dem aller clersten kunig zu behemen vnd margrauen zu merhern , cazemirus , von gottes genaden hertzog oppulien vnd her in beuthen mit beraytter ynnigkeyt mein vnuerdrossen dinst seiner getrewigkeyt . wenn der aller hochst werckman mit dem hantwerck der synreychen natur sein creatur in dem vrsprung aller manigueltigen ding also gemacht hat vnd also geschicht hat , das er ytzlich dinck begerer do selbst einer stat der gotlichen behaltnus vnd do selbst sucht hilf eins hilflichen dings werks , wo es sich pesser vnd leychter waiß behuttet , sein in der beleybenlichkeyt seiner bestendigkeyt vnd die craft der frewntschaft in den geschopften dingen beweyst also sein geschlecht , das ycht kawm ein myssetrawung des teyles der werlt in mancherley macht , vnd das das ding vntterlig den dingern mit eyntrechtiger eynigung , furwar dy aygenschaft der totlichen , wenn sy auch nicht vnpillich nachuolgt die schickung der naturlichen ding , dy do von got kumen sein , das wo dy menschen suchen ein stat der zuflucht vnd wo hilflich hylf on widerfluchtig hofnung haylsamlicher wirt gefunden vnd vntterwindet sich der selben gewalt dester gerner , welche mit der lautterkeyt der liebe vnd der frewntschaft von vergangen zeyten durch dy vorgeboren gelych gantz auß der wurtzel begryffen , fur war es nachuolgen dy vorgesagten vnd mercket die nachkumenden , das auß gunst etwan des hern ottakari , kunges zu behemen , eyner gedencklichen gedechnuss meiner vater , eyner seligen gedechtnuss etwan wladyßlaus , hertzog opulienn , duch innigkeyt vnd dynste wegen , mit den er sich gantz mit berayter inigkeyt gab er dem selben vnd sein tzeyt gepraucht hatt vill gottes gabe der erforderung vnd der ere . ich , der do will in gutten vnd in nutzen theten gern nachuolgen den fußstapfel meines vaters gemerckt vnd werlich erkant , das dy gutheyt gunst vnd machst ewer herschung , welche den edlen eins claren geschlechts yst wider scheynen vnd yst nachuolgen den fueßstapfen der veterlichen weyßheyt . ir sult nicht treten zu schicken die nutze ewer vntertenigen , wenn sy mochten zubracht haben vil scheden der ere vnd des frydes vnd der nutze mir vnd den sun vnd den erben vnd dem hertzogthum vnd meinen lewten , dy in meinem herzogthum wonen , allergrost wenn durch euch vnd ewer nachkumen pesser den durch ein andern von meinen vberwaltigen vnd verdringern von den vntz hye her verdrungen waren vnd noch werden , mach ich mit den selbigen meinen getrewen beschyrmet , werden von eynem betrachten rat vnd mit guttem willen vnd mit gunst meiner sun boleßlay vnd wladyßlay vnd der nechsten frewnd , der banerhern vnd der anndern meyner vnd meyner edlen des hertzogthums noch getzwungen noch mit macht noch angefurt mit forchte , sunder mit gutten vnd beheglichen vnd freyen meinen wilen vnd wolt in dem meyn aygenschaft meiner sun , erben vnd meyner nachkumen besser machen vnd ich han mich vntertenigt gemacht , sun , erben vnd mein nachkumen vnd dy erben meiner nachkumen , ewer gewalt vnd herschaft vnd ewern erben vnd allen ewern nachkumenden kungen , vnd auch mein hertzogthum , schlosser , stet , merckt vnd gemenigklich all meyn besitzung vnd aller meyner banerhern , edlen vnd der anndern , die in dem ertrich geporen sun , dy do in meynem hertzogthum sein vnd wonen vnd die banerhern vnd die edlen vnd die meinen , die in dem ertrich geporn sein , mit irem eynmutigen willen , auch ir etlich , dy den do gegenwurtig waren vntertenig , mach vnd will , das sy also ewigklich vntertenig sein , ydoch die selbigen banerheren , edlen vnd die anndern inwoner des hertzogthumes nu auftzulosen an alle beswerigkeyt von der trewheyt , vnd halten manschaft , in welchen sy mir vnd meynn erben , sin vnd gemenigklich allen meinen nachkumen sein verpunden , auch hab ych aufgeben vnd auch noch aufgyb offenwarlich durch meine vannen das selb mein hertzogthum vnd alle recht desselbigen hertzogthums mit den rechten vnd herschaft , dy mir vnd meynen sunen vnd erben vnd gemenigklich allen meinen nachkumenden in dem selbigen hertzogthum zugehoren mein vnd meinen sun , dy ytzund geboren sein vnd etlich hernach geporen wurden , all meiner nachkumen zu den henden , gewalt vnd zu ewer herschaft , dy do nemet uon mir dy selbigen aufgebung vor euch , ewer erben vnd der nachkumenden erben gemenigklich all die , die von ewch ewigklich kumen in gegenwurtigkeit der herschaft noch geschriben , getzeugen dartzu durch mich vnd meyn sun vnd banerhern vnd dy edlen des hertzogthumes , besunderlich dartzu gepeten vnd widersage in meinem namen vnd meiner sun , erben vnd aller meiner nachkumen , den hylfen vnd freyheyt aller meyner freyheyt , die mir vnd den selbigen sun , erben vnd meinen nachkumen , ob etlich dem hertzogthum vnd seinen rechten zustend oder hynfur mochten zugehoren , vnd besunderlich widersach ich der freyheyt , die mein vorforder haben gehabt vor , vnd die ich vntz hy her gehabt han vnd mein sun , erben vnd nachkumen hin fur gehabt hetten aus einer gewonheyt , oder von einem rechten , im dem , das sy keynenn anndern fursten mochten vntertenig sein oder sulten von euch , von meinem hern hab ich genumen tzu eynem manlehn vnd von rechten hyn fur des manlehens des vorgesprochen hertzogthum , wirdigkeyt , den tytel vnd dy ere des selbigen hertzogthumes vnd dy banerhern , edlen vnd all ander menschen vnd inwoner desselbigen ertzosthumes vnd all andere recht , vnd nym vnd hab gethan hebung vnd noch thu ich ewch als meinem lehenherrn vnd hab ewch gelobet noch gelobe die trew , innigkeyt vnd ewige gehorsam . dartzwyschen gelegt ein muntlichs recht in gegenwurtigkeyt der selbigen getzeugen zu schicken vnd gantz wol geschehen , das dy sun , erben vnd genigklich alle mein nachkomen , die furpas noch mir kumen sein in der lehenschaft , vnd sein ewigklich zu nem dy lehen nach kume vnd sollen schuldig sein zugegloben ; vnd gleicher weyse thun wir ewch vnd dye ewern nachkumen die manlehung , die trew vnd gehorsam , auch mittelnde der ayd , yedoch so pyn ich mich , sun , erben vnd all meyn nachkumenden euch vnd euren nachkumen , kungen tzu behemen dartzwischen gelegt ein erwirdiges gelubde , also alß oft oder wenn ir das heysset oder ewern nachkumen , das heyssen , so wird ich helfen euch vnd inn vnd wil helfen mit meinen nachkumen wider eynn ytzlichenn menschen getrewlich mit gantzem vormugen gleich als ein ytzlicher ewer lehenman , es sey auch halt ein banerher ewres reichs vnd auch gemenigklich zu allen dingenn ewigklichen , dy denn gehoren vnd sich fodern tzu den rechten der lehenschaft vnd auch zu den , dy ein ytzlich lehenman mag gethun seinem rechten hern vnd sol . darnach gelob ich vnd gelobt han fur mich , erben vnd meyn uorgesprochen nachkumen vntter eynem gegeben ayd all dy vorgesprochen vnd ytzliche halten vnd volbringen vnd ewigklich behalten veste vnd stet vnd noch nymer wider dy selbigen oder wider etlichs der selbigen kumen oder thun durch mich oder durch ander oder durch ein anndern in keynerley weyse vnd habe wider verkundigt mutlich vnd noch wider verkundige mit innhaltung der gegenwurtigkeyt in allen gelobten vnd einem ytzlichen der gelobten fur mich vnd mein sun , erben vnd fur all mein nachkumen eyner ytzlichen tat , beschirmung vnd eynem ytzlichen ding vnd aller hylfe des geysthlichen vnd werentlichen rechts , den gewonheyten , bestetigung vnd widerwertigen gesetzen vnd allen freyheyten ader vergebung , vnd besunderlich den , mit welchen es yst fur sehen worden von dem bebstlichen stull oder von dem romischen reych vnd von welchen andern oder anndern fursten vonn polen , das sy sich icht ennpfremden oder anndern fursten vntertenig sein vnd in manlehen thun vnd welchen anndern beyd den gemeynen oder den besundern freyheyten oder vergebunge , dy ich oder mein erben mochten verwerffen von recht wider dy vorgesprochen oder etlichs der vorgesprochen oder von stund an mit den mir oder meinen nachkumen als wider all der vor verlassen oder wider etlichs der selben , ich , mein sun oder erer oder mein nachkumen mochten komen vnd sy nicht hielten oder behyelten mochten angehoren vnd etlicher weyse zu hilf komen . vnd zu eynem getzeucknuss des dinges vnd zu sterck ewigklich zu tugen . so gib ych vnd opfer ewch willigklich vnd geren dy gegenwurtigen hantuesten zu eynem waren getzeucknuss . das do yst gesterckt mit anhangenden der sygel meyns aygens vnd der erwyrdigen veter vnd hern : des thobye von prag , theodrici von olmuntz , bischoue , vnd der durchleuchtigen furstenn vnd hern : des bulkonis , hertzogs aus der slesya vnd des hern von lewbenberg vnd nycolay , des hertzogen opauiensis vnd der ewern personen , brunonis sant benedicten vnd des heinrichs von osseck cysterciensis ordens , der apt des pystums zu prag vnd der erbern menner vnd mayster des vlrici zu prag , johannis aus sachsen , vlrici melnicensis vnd pardi boleßlauiensis , brobst der kirchen des maysters gregoryus zu prag des hernn budyßlay , techant zu olmuntz , des hern bartholomey , techant der kirchen wyssegraden . vnd dye sein geschehen zu prag in dem kuniglichen pallast in gegenwurtigkeyt der banerhern vnd meyner edlen als mit namen sobeßlay , des richters des ertrichs , jethonys , des burckgre buthumey , gramislaymenis , speystragers , michaelis , meins marschalcks , andree , genant breck , berenhardi vnd theoderici der ritter leonardi , pauli , jeskonis , stepfani vnd stepfani budywoy , meyner edlen , iunckhern , vnd meins vorgesprochen ertrichs , vnd in gegenwurtigkeyt der edlen meiner wagery von lochemenitz , dess hochsten kamerers des reichs zu behemen , des albern von seberg , marschalcks desselbigen reichs zu behemen , sdyßlay von steremberg , burckgraue zu prag , bonessi von wartemberg , camerer des selbigen meins hern wentzeßlay , kunges zu behemen , bauari von strakanytz , burckgrauen in klingenperck , brostwen von waraschow , kamerers meiner frawen kungyn zu behemen , adalberti des speistragers vnd johannis von michelsperg , schencken desselbigen reichs , burckhardi von winterberg , theoderici , spatzmani in briemberg , des burgrauen otten von bottenstein , der burckgrauen in tusta , hynconis von leuchtenburg , hinconis von duba , muthine von constenrat , sdyßlay von trzewen , fryderici von schomberg , ottonis von ylempurck , bohußlay von bor , chuhomyl vnd des vlrici von dem newemhause vnd in gegenwurtigkeyt vil ander bayde der geystlichen vnd auch der werentlichen , der briesterschaft , der edlen , der burger vnd der gemein , welch dar durch sunderlich von allen enden des reichs zu behemen gefordert waren zu getzeucknuss . anno domini xii c vnd lxxxix jar iiii ydus january , indiccion ii . vnd wir , theodericus von gottes genaden byschoue zue olmuntz gepeten durch den genanten hern casemyrum mit dysem gegenwurtigen instrument durch den mayster ambrosinum , korhere vnnser kirchen zu olmuntz , gepeten durch den genanten hern casemyrum mit dysem gegenwurtigen instrument etc . vnd vnsern notary mit vnnßern namen dar vntterschreyben vnd dar an lassen hangen vnnser insygeln ."
PUC.tei.xml;PUC_801582200_1;hab;KEEP;nein;VRB VEX;VRB VEX;lexicon.xml#lemma_2598;lexicon.xml#lemma_2598;lexicon.xml#lemma_2598_sense_77622;lexicon.xml#lemma_2598_sense_77622;variants.xml#type_8729;variants.xml#type_8729;VERBAL;high;Hilfsverb zu gemacht, Subjekt heinricus folgt;;rudolfus , von gottes genaden romischer kunck vnd altzeyt merer , gemenigklichen allen getrewen des heyligen romischen reychs , dy do sehen dysen gegenwurtigen brieue , sein genade vnd alles gutt . ewer erkentnuss der gemeynschaft sey zu wyssen , das wyr dy schickung vnd das gelubde von dem ertrich vnd von dem furstenthum wratyßlauiensi vnd der schlesyen , dy von vns vnd dem reich zu lehen gen , welche schickung erkant wirt , das dy gemacht hab heinricus , etwann hertzog wratyßlauiensis , vnser furste , mit dem durchleuchtigsten wentzeßlao , kunig zue behemen , vnßerm lieben sun vnd fursten , als mit namen der selbig kunig zue behemen in dem ertriche vnd furstenthum wratißlauiensi vnd schlesyen , geschech das , das hertzog heynrich vor sturbe , so solt er im nachuolgen in dem furstenthumen . das haben wir stet vnd feste vnd bestetigen das von der volkumenheyt des kunglichen gewaltes vnd geben dye vnnser brief , gesterckt mit vnnßern insygelt tzu eynem getzeucknuss . darvber . geben zue ertfurt vii kalendas octobris , indiction iii nach cristi gepurt xii c vnd xc jar , aber vnnßers reichs in dem sybenden iare . zu der selben tzeyt leßko , hertzog zue crackaw gab etwan ein ledige freyheyt gryssine , seinem weyb , das sy mocht versetzenn das hertzogthum zue crackaw nach dem todt des mannes , wem sy wolt . welche cryssina nach dem tode ires mannes dy hertzogthum , beyde das zu crackaw vnd auch sandomyrie versetzet wentzeßlao , dem fursten zu behemen , als irm enigklein , durch welchs dings wegen dye banerhern cracouie vnd sardomyrie santen erwirdig potenn vmb den wentzeßlao , fursten zu behemen , vnd forderten inn den tzu eynem hertzogen . aber wentzeßlaus was gehindert in anndern herten gescheften vnd sante den hern thobyam , byschoue zu prag , gein polen , welcher do besas dye selbigen hertzogthum . das auch dy kunge zue behemenn gehabt haben von alter her das recht vnd dy stym zu erwelen einen romischen kunck , das die hernach geschryben hantuest clerlichen offenbaret :
PUC.tei.xml;PUC_841621280_10;hab;KEEP;nein;VRB VEX;VRB VEX;lexicon.xml#lemma_2598;lexicon.xml#lemma_2598;lexicon.xml#lemma_2598_sense_77622;lexicon.xml#lemma_2598_sense_77622;variants.xml#type_8729;variants.xml#type_8729;VERBAL;high;gethan hab: Hilfsverb mit Partizip, daz-Satz;;anno domini xii c vnd xcvii jar wentzeßlaus am dem alder xxxi jare am pfingstag iii none juny mit seynem weyb gutha wart gekront erwirdigklich in der kirchen tzu brag durch den gebhardum , ertzpyschoue tzu meintz , in eynem kung zu behemen . vnd bey der cronung sein gewest vil fursten mit vnmaßlichen heyligkeyten vnd volck mangerley landes . auch yst worden ein grosser scheyn der apparat der edlen , als sich zymet der kuniglichen wirdigkeyt . aber nach dreyen tagen do ward kunigin gutha kranck vnd starb xiiii kalendary iuly vnd yst begraben zu brag in dy capellen sand merteins vnd darnach ward sy getragen in dy cappellen symonis vnd jude in den newen kor zu braga . aus welcher gepare wentzeßlaus ein sun genant auch wentzeßlaus , der darnach gekronet ward tzu eynem kung von vnngern , der gepare auch drey tochter , als mit namen annam , dy do geelicht wart heinrichen , hertzogen von kerenten vnd grauen von tyrot , elyzabeth , gegeben zu eym weybe johanni von lutzemburg , kung zu behemen , margaretham , dy do gegeben ward boleßlao , hertzogen wratyßlauie . anno domini xii c vnd xcviii jar albertus , der romisch kunig , celebriert ein erwirdigen houe zu nuremberg , do gegenwurtig waren dy erweler des reychs vnd ander furstenn , wo er als gar frewentlich handelt wentzeßlaum , den kunig von behemen , vnd ward liebp gehabt fur dy anndern von im , wann zu eyner grosseren ere des romischen kunges , do diente der gesprochen kunck von behemen in der kunglichen kron dem romischen kung in dem schenck ampte , wie wol er des nicht schuldig was von recht , wenn der kunck von behemen ward nicht gesehen in kunglichen eren nach gleycherweyse als ein kurfurste , das er in den erwirdigen houe der romischen kunig vnd keyseren sullet dynen in dem ampt des schencken , das aber solche thet des dinstes sullen nicht zugeaygnet werden den kungen von behemen , wann das der kunck von behemen nicht thet auß zugehorung , sunder auß liebe seines swagers , als denn clerlich offenbart dy inhaltung dyses briefs : albertus von gottes genaden romischer kung , alletzeyt merer , gemenigklich allen getrewen des heyligen romischen reychs , dy dyse gegenwurtig brieue ansehen , sein genade vnd alles gutt . also tzymet es vns tzu gebrauchen der beraytten dinste der fursten vnd vnnser frewnde , vnd ob etwas der ere oder des dinstes an zugehorung durch sy vns wirt beweyset von beraytter billichkeyt , das soll inn nicht zugeschatzet werden tzu eyner zugehorung oder iren erben oder nachkumen in irn rechten . hiervmb las wir ewch wissen vnd betzeugen das mit inhaltung dyser gegenwurtigen brieue , das wie wol die durchleuchtigen kunige zu behemen , wenn sy durch dy romischen kung oder keyser geschycht sy zu kumen auf ir erwirdig houe , so denn dy vorgesprochen der kung oder keyser tragen ir kungliche kron , so mugen sy geprauchen ire kunglichen kron , wenn sy gegenwurtig sein mit den selben , ydoch so solten dy selben kung von behemen nicht dynen dem vorgesprochen kunig oder keyser in dem schenckenampt in der kunglichen kron . das aber der großmechtig wentzeßlaus , kunck zu behemen , furste vnd lieb pruder , vns zu nuremberg in vnnßerm erbern houe des nechsten suntag nach sant mertein , do wir sassenn gekronet in der kron zu vnnßerm betten gedyent hat in dem schenckenampt , sprech wir , das er das nicht gethan hab von recht , sunder aus lawter lieb wegen , dy er zu vnnser person gehabt hat . vnd tzu dynen in dem selbigen ampt vnter der kuniglichen kron vns oder vnnßern nachkumen romischen kungen oder keyseren , betzeugenn wir den vorgenanten kunck vnd all sein nachkumen kunck zu behemen , vnd wollen , das das furpass nicht gehalten werde , noch das in etwas rechtz daruon komen solle . vnd tzu einem getzeucknuss des dinges vnd tzu eyner sicherheyt des vorgenanten kunges zu behemen vnd erben vnd seinen nachkumen haben wir lassen vestigen dysen gegenwurtigen brieue mit vnnßerm kuniglichen sygill . volbracht vnd geben nach cristi gepurtt xii c vnd xcviii jar , xv kalendas decembris indiccion viii , vnnsers reichs in dem ersten jare etc . auch in dem romischen houe zw nuremberg dy handelung des kauffens vnd verkaufens der stat pyrn vnd ir tzugehorung auch seiner zuschatzunge dem reych behemen bewert durch sein hantuesten , dy hernach volget in eyner solchen weyse etc . wir , albrecht , vn gottes genaden romischer kunig vnd allzeyt merer tzu tzu wyssen gemenigklichen mit innhaltunge dyser brieue , das wir dye verkauffung der stat des bystums mysnensis genant pyrn mit dem slos vnd ir tzugehorungen , gelegen in dem lande zu meichsen bey den gemercken des behemlandes , die do geschehen yst durch den byschoue vnd capytel zu meichsen dem wentzeßlao , kung zu behemen , hertzogen zu crackaw vnd sandomyrie vnd margrauen zue merhern , fursten vnd vnnßerm lieben pruder , vnd seinen erben , als denn voller gehalten wirt in den brieuen , dy darnach vermyschet sein vnd gesterckt sein mit sygillen der genanten - des byschofs vnd des capitels , vnd das stet vnd veste tzu haben . so verleyhen wir im guttigklich vnnßer gunst vnd schicken vnd setzen , das dy genant stat , dye wir durch pete des gesprochen kunges eynigen dem reich mit der schickung vnd wollen , das sy also geaynet sein , das sy furpas ewigklich sol gehoren tzu dem reych . inn welches dinges getzeuchtnuss , so haben wir heyssen weren dyse gegenwurtig briefe vnd vestigen mit dem sygill vnnß mayestet . geben tzu nuremberg noch cristi gepurt xii c vnd xcviii iar x kalendas decembris xii indiccion , vnßs reychs in dem ersten jare etc . anno domini xii c vnd xcix jar
PZM.tei.xml;PZM_1_6;habe;STRIP;ja;NOM VRB VEX;VRB VEX;lexicon.xml#lemma_2598;lexicon.xml#lemma_2598;lexicon.xml#lemma_2598_sense_77622;lexicon.xml#lemma_2598_sense_77622;variants.xml#type_8730;variants.xml#type_8730;VERBAL;high;"Hilfsverb, Partizip geseit folgt; Substantiv erst danach";;mensche , sich wi ich dir habe
PZM.tei.xml;PZM_7_0;habe;STRIP;ja;NOM VRB VEX;VRB VEX;lexicon.xml#lemma_2598;lexicon.xml#lemma_2598;lexicon.xml#lemma_2598_sense_77615;lexicon.xml#lemma_2598_sense_77615;variants.xml#type_8730;variants.xml#type_8730;VERBAL;high;Imperativ habe si lieb, si Objekt;;habe si lieb , si ist so gut ,
ROA.tei.xml;ROA_704_2;habe;STRIP;ja;NOM VRB VEX;VRB VEX;lexicon.xml#lemma_2598;lexicon.xml#lemma_2598;lexicon.xml#lemma_2598_sense_4170;lexicon.xml#lemma_2598_sense_4170;variants.xml#type_8730;variants.xml#type_8730;VERBAL;high;Wunsch-Konjunktiv danc habe, Objekt danc;;< danc habe , > sprach dô wolfhart , < sô wil ich ûf die wal . >
ROL.tei.xml;ROL_1425_1;habe;STRIP;ja;NOM VRB VEX;VRB VEX;lexicon.xml#lemma_2598;lexicon.xml#lemma_2598;;;variants.xml#type_8730;variants.xml#type_8730;VERBAL;high;Imperativ mit Objekt nehein ungemach;;< habe ne hein ungemach .
RPF.tei.xml;RPF_93100480_3;hab;KEEP;nein;VRB VEX;VRB VEX;lexicon.xml#lemma_2598;lexicon.xml#lemma_2598;lexicon.xml#lemma_2598_sense_4170;lexicon.xml#lemma_2598_sense_4170;variants.xml#type_8729;variants.xml#type_8729;VERBAL;high;Konjunktiv: niemen tugende hab so vil;;daz niemen tugende hab so vil ,
RPF.tei.xml;RPF_93100490_2;habe;STRIP;ja;NOM VRB VEX;VRB VEX;lexicon.xml#lemma_2598;lexicon.xml#lemma_2598;lexicon.xml#lemma_2598_sense_77622;lexicon.xml#lemma_2598_sense_77622;variants.xml#type_8730;variants.xml#type_8730;VERBAL;high;Konjunktiv als er habe, Hilfsverb zu geleit;;als er habe an sich geleit ,
RUB.tei.xml;RUB_190000600_0;habe;STRIP;ja;NOM VRB VEX;VRB VEX;lexicon.xml#lemma_2598;lexicon.xml#lemma_2598;;;variants.xml#type_8730;variants.xml#type_8730;VERBAL;high;Hilfsverb mit Partizip gesungen, Subjekt ich;;habe gesungen in den jâren mîn ,
SA.tei.xml;SA_102040_1;hab;KEEP;nein;VRB VEX;VRB VEX;lexicon.xml#lemma_2598;lexicon.xml#lemma_2598;lexicon.xml#lemma_2598_sense_4170;lexicon.xml#lemma_2598_sense_4170;variants.xml#type_8729;variants.xml#type_8729;VERBAL;high;hab ich ein paradis: Subjekt und Akkusativobjekt;;sô hab ich ein paradîs
SAX.tei.xml;SAX_849200_1;hab;KEEP;nein;VRB VEX;VRB VEX;lexicon.xml#lemma_2598;lexicon.xml#lemma_2598;lexicon.xml#lemma_2598_sense_4170;lexicon.xml#lemma_2598_sense_4170;variants.xml#type_8729;variants.xml#type_8729;VERBAL;high;Distributiver Konjunktiv: so hab cassander carey;;so hab cassander carey ,
SDT.tei.xml;SDT_605030_0;habe;STRIP;ja;NOM VRB VEX;VRB VEX;lexicon.xml#lemma_2598;lexicon.xml#lemma_2598;lexicon.xml#lemma_2598_sense_77622;lexicon.xml#lemma_2598_sense_77622;variants.xml#type_8730;variants.xml#type_8730;VERBAL;high;Konditionale Inversion, Hilfsverb mit Partizip gesûmet;;habe ich gesûmet mich ze spâte ,
SHG.tei.xml;SHG_115100120_5;habe;STRIP;ja;NOM VRB VEX;VRB VEX;lexicon.xml#lemma_2598;lexicon.xml#lemma_2598;lexicon.xml#lemma_2598_sense_77622;lexicon.xml#lemma_2598_sense_77622;variants.xml#type_8730;variants.xml#type_8730;VERBAL;high;Konjunktiv-Hilfsverb mit Partizip vergolten, Subjekt got;;daz im got deste baz habe
SHG.tei.xml;SHG_115100520_6;habe;STRIP;ja;NOM VRB VEX;VRB VEX;lexicon.xml#lemma_2598;lexicon.xml#lemma_2598;lexicon.xml#lemma_2598_sense_77622;lexicon.xml#lemma_2598_sense_77622;variants.xml#type_8730;variants.xml#type_8730;VERBAL;high;Konjunktiv-Hilfsverb mit Partizip gigert, Subjekt lip;;baz , denne der lip ê habe gigert .
SHG.tei.xml;SHG_115101040_5;habe;STRIP;ja;NOM VRB VEX;VRB VEX;lexicon.xml#lemma_2598;lexicon.xml#lemma_2598;lexicon.xml#lemma_2598_sense_77622;lexicon.xml#lemma_2598_sense_77622;variants.xml#type_8730;variants.xml#type_8730;VERBAL;high;Hilfsverb Konjunktiv mit Partizip gedienet;;swie vil er got gedienet habe ,
SKA.tei.xml;SKA_760_1;hab;KEEP;nein;VRB VEX;VRB VEX;lexicon.xml#lemma_2598;lexicon.xml#lemma_2598;lexicon.xml#lemma_2598_sense_4169;lexicon.xml#lemma_2598_sense_4169;variants.xml#type_8729;variants.xml#type_8729;VERBAL;high;Subjekt ez, Konjunktiv mit Objekt die widerkere;;ez hab die widerkere
SKT.tei.xml;SKT_204090_1;habe;STRIP;ja;NOM VRB VEX;VRB VEX;lexicon.xml#lemma_2598;lexicon.xml#lemma_2598;lexicon.xml#lemma_2598_sense_4170;lexicon.xml#lemma_2598_sense_4170;variants.xml#type_8730;variants.xml#type_8730;VERBAL;high;swer habe + Objekt staeten muot: Konjunktiv;;swer habe ûf minne stæten muot :
SKT.tei.xml;SKT_304020_1;habe;STRIP;ja;NOM VRB VEX;VRB VEX;lexicon.xml#lemma_2598;lexicon.xml#lemma_2598;lexicon.xml#lemma_2598_sense_4170;lexicon.xml#lemma_2598_sense_4170;variants.xml#type_8730;variants.xml#type_8730;VERBAL;high;habe ich guote zuoversiht: Subjekt und Objekt;;doch habe ich guote zuoversiht
SNR.tei.xml;SNR_34_8;habe;STRIP;ja;NOM VRB VEX;VRB VEX;lexicon.xml#lemma_2598;lexicon.xml#lemma_2598;lexicon.xml#lemma_2598_sense_4170;lexicon.xml#lemma_2598_sense_4170;variants.xml#type_8730;variants.xml#type_8730;VERBAL;high;Konjunktiv, Subjekt ieman, Objekt ungemach;;< ichn wil niht , daz hie ieman habe
SOG.tei.xml;SOG_124100430_5;habe;STRIP;ja;NOM VRB VEX;VRB VEX;lexicon.xml#lemma_2598;lexicon.xml#lemma_2598;lexicon.xml#lemma_2598_sense_77622;lexicon.xml#lemma_2598_sense_77622;variants.xml#type_8730;variants.xml#type_8730;VERBAL;high;Konjunktiv-Hilfsverb mit Partizip getan, Subjekt er;;denne er da vor getan habe .
SP.tei.xml;SP_102150_2;habe;STRIP;ja;NOM VRB VEX;VRB VEX;lexicon.xml#lemma_2598;lexicon.xml#lemma_2598;lexicon.xml#lemma_2598_sense_4171;lexicon.xml#lemma_2598_sense_4171;variants.xml#type_8730;variants.xml#type_8730;VERBAL;high;Imperativ mit Akkusativobjekt den huot;;vür schande habe den huot :
SPI.tei.xml;SPI_131100810_3;habe;STRIP;ja;NOM VRB VEX;VRB VEX;lexicon.xml#lemma_2598;lexicon.xml#lemma_2598;lexicon.xml#lemma_2598_sense_77622;lexicon.xml#lemma_2598_sense_77622;variants.xml#type_8730;variants.xml#type_8730;VERBAL;high;Konjunktiv-Hilfsverb mit Partizip getan, Subjekt swer;;swer wider got habe getan ,
SSP.tei.xml;SSP_72_4;habe;STRIP;ja;NOM VRB VEX;VRB VEX;lexicon.xml#lemma_2598;lexicon.xml#lemma_2598;lexicon.xml#lemma_2598_sense_77622;lexicon.xml#lemma_2598_sense_77622;variants.xml#type_8730;variants.xml#type_8730;VERBAL;high;Hilfsverb mit Partizip gesehen, Subjekt ich;;als ich mit warheit habe gesehen .
SSP.tei.xml;SSP_74_1;habe;STRIP;ja;NOM VRB VEX;VRB VEX;lexicon.xml#lemma_2598;lexicon.xml#lemma_2598;lexicon.xml#lemma_2598_sense_4170;lexicon.xml#lemma_2598_sense_4170;variants.xml#type_8730;variants.xml#type_8730;VERBAL;high;Imperativ habe dir wider mit Objekt alle din gut;;und habe dir wider alle din gut ,
SST.tei.xml;SST_201080_0;habe;STRIP;ja;NOM VRB VEX;VRB VEX;lexicon.xml#lemma_2598;lexicon.xml#lemma_2598;lexicon.xml#lemma_2598_sense_4170;lexicon.xml#lemma_2598_sense_4170;variants.xml#type_8730;variants.xml#type_8730;VERBAL;high;Inversion habe ich, Hilfsverb zu ergeben;;habe ich muot , guot , lîb und leben
SST.tei.xml;SST_202080_0;habe;STRIP;ja;NOM VRB VEX;VRB VEX;lexicon.xml#lemma_2598;lexicon.xml#lemma_2598;lexicon.xml#lemma_2598_sense_4170;lexicon.xml#lemma_2598_sense_4170;variants.xml#type_8730;variants.xml#type_8730;VERBAL;high;Hilfsverb mit Partizip ergeben, Subjekt ich;;habe ich muot , guot , lîb und leben
SST.tei.xml;SST_203080_0;habe;STRIP;ja;NOM VRB VEX;VRB VEX;lexicon.xml#lemma_2598;lexicon.xml#lemma_2598;lexicon.xml#lemma_2598_sense_4170;lexicon.xml#lemma_2598_sense_4170;variants.xml#type_8730;variants.xml#type_8730;VERBAL;high;Hilfsverb mit Partizip ergeben;;habe ich muot , guot , lîb und leben
SST.tei.xml;SST_204080_0;habe;STRIP;ja;NOM VRB VEX;VRB VEX;lexicon.xml#lemma_2598;lexicon.xml#lemma_2598;lexicon.xml#lemma_2598_sense_77622;lexicon.xml#lemma_2598_sense_77622;variants.xml#type_8730;variants.xml#type_8730;VERBAL;high;Hilfsverb mit Partizip ergeben, Subjekt ich;;habe ich muot , guot , lîb und leben
SST.tei.xml;SST_205080_0;habe;STRIP;ja;NOM VRB VEX;VRB VEX;lexicon.xml#lemma_2598;lexicon.xml#lemma_2598;lexicon.xml#lemma_2598_sense_77622;lexicon.xml#lemma_2598_sense_77622;variants.xml#type_8730;variants.xml#type_8730;VERBAL;high;Hilfsverb mit Partizip ergeben, Subjekt ich;;habe ich muot , guot , lîb und leben
STA.tei.xml;STA_100400400_2;habe;STRIP;ja;NOM VRB VEX;VRB VEX;lexicon.xml#lemma_2598;lexicon.xml#lemma_2598;lexicon.xml#lemma_2598_sense_4169;lexicon.xml#lemma_2598_sense_4169;variants.xml#type_8730;variants.xml#type_8730;VERBAL;high;Imperativ: habe dîn gemach, Anrede tohter;;tohter , habe dîn gemach ,
STA.tei.xml;STA_100400700_6;habe;STRIP;ja;NOM VRB VEX;VRB VEX;lexicon.xml#lemma_2598;lexicon.xml#lemma_2598;lexicon.xml#lemma_2598_sense_4169;lexicon.xml#lemma_2598_sense_4169;variants.xml#type_8730;variants.xml#type_8730;VERBAL;high;Imperativ: habe dîn gemach, gemach ist Objekt;;"dô wir flâhten ; dâ von habe dîn gemach . >"
TAN.tei.xml;TAN_550_1;habe;STRIP;ja;NOM VRB VEX;VRB VEX;lexicon.xml#lemma_2598;lexicon.xml#lemma_2598;lexicon.xml#lemma_2598_sense_4170;lexicon.xml#lemma_2598_sense_4170;variants.xml#type_8730;variants.xml#type_8730;VERBAL;high;Konjunktiv, Subjekt er, Objekt guot gebaere;;er habe guot gebaere ,
TAU.tei.xml;TAU_113100490_8;habe;STRIP;ja;NOM VRB VEX;VRB VEX;lexicon.xml#lemma_2598;lexicon.xml#lemma_2598;lexicon.xml#lemma_2598_sense_4170;lexicon.xml#lemma_2598_sense_4170;variants.xml#type_8730;variants.xml#type_8730;VERBAL;high;Vollverb Konjunktiv: daz er habe (was er besitzt);;und welle im mit teilen , daz er habe ,
TKA.tei.xml;TKA_950041520_4;habe;MOVE;ja;NOM VRB VEX;NOM;lexicon.xml#lemma_2598;lexicon.xml#lemma_2593;lexicon.xml#lemma_2598_sense_4171;;variants.xml#type_8730;variants.xml#type_8699;NOM;high;Praeposition von, Artikel einer, Adjektiv bosen davor;;von einer gar bosen habe ,
TKR.tei.xml;TKR_1510111370_1;hab;KEEP;nein;VRB VEX;VRB VEX;lexicon.xml#lemma_2598;lexicon.xml#lemma_2598;lexicon.xml#lemma_2598_sense_4170;lexicon.xml#lemma_2598_sense_4170;variants.xml#type_8729;variants.xml#type_8729;VERBAL;high;Vollverb: ich hab en sairch (Akkusativobjekt);;ich hab en sairch wyt vnd lang
TKR.tei.xml;TKR_1750180120_1;hab;KEEP;nein;VRB VEX;VRB VEX;lexicon.xml#lemma_2598;lexicon.xml#lemma_2598;lexicon.xml#lemma_2598_sense_77615;lexicon.xml#lemma_2598_sense_77615;variants.xml#type_8729;variants.xml#type_8729;VERBAL;high;Konjunktiv ez hab ein ieglicher vir vol, ez Objekt;;ez hab en iklichir vir vol ,
TKR.tei.xml;TKR_1890220410_6;habe;STRIP;ja;NOM VRB VEX;VRB VEX;lexicon.xml#lemma_2598;lexicon.xml#lemma_2598;lexicon.xml#lemma_2598_sense_77622;lexicon.xml#lemma_2598_sense_77622;variants.xml#type_8730;variants.xml#type_8730;VERBAL;high;daz-Satz-Konjunktiv, Hilfsverb mit Partizip geret;;er vind do , daz ich habe geret
TKR.tei.xml;TKR_1950230840_0;hab;KEEP;nein;VRB VEX;VRB VEX;lexicon.xml#lemma_2598;lexicon.xml#lemma_2598;lexicon.xml#lemma_2598_sense_77622;lexicon.xml#lemma_2598_sense_77622;variants.xml#type_8729;variants.xml#type_8729;VERBAL;high;Hilfsverb mit Partizip gehabt, Subjekt ich;;hab ich gehabt czu diszir tad !
TKR.tei.xml;TKR_2210300640_0;hab;KEEP;nein;VRB VEX;VRB VEX;lexicon.xml#lemma_2598;lexicon.xml#lemma_2598;lexicon.xml#lemma_2598_sense_77615;lexicon.xml#lemma_2598_sense_77615;variants.xml#type_8729;variants.xml#type_8729;VERBAL;high;Imperativ: hab (ge)nuk an dem dînen;;hab nuk an dem din ! >
TKR.tei.xml;TKR_2550380360_1;habe;STRIP;ja;NOM VRB VEX;VRB VEX;lexicon.xml#lemma_2598;lexicon.xml#lemma_2598;lexicon.xml#lemma_2598_sense_77615;lexicon.xml#lemma_2598_sense_77615;variants.xml#type_8730;variants.xml#type_8730;VERBAL;high;Imperativ habe daz nit vor getichte mit Objekt daz;;doch habe daz nit vor getichte ,
TKR.tei.xml;TKR_2930450620_1;habe;STRIP;ja;NOM VRB VEX;VRB VEX;lexicon.xml#lemma_2598;lexicon.xml#lemma_2598;lexicon.xml#lemma_2598_sense_77622;lexicon.xml#lemma_2598_sense_77622;variants.xml#type_8730;variants.xml#type_8730;VERBAL;high;ich habe gebotin: Hilfsverb mit Partizip;;ich habe gebotin den fuz gengirn ,
TKR.tei.xml;TKR_2970470290_1;habe;STRIP;ja;NOM VRB VEX;VRB VEX;lexicon.xml#lemma_2598;lexicon.xml#lemma_2598;lexicon.xml#lemma_2598_sense_4171;lexicon.xml#lemma_2598_sense_4171;variants.xml#type_8730;variants.xml#type_8730;VERBAL;high;ich habe grosz gesigir: Subjekt und Objekt;;ich habe grosz gesigir der behem dar vndir ! >
TKR.tei.xml;TKR_3170520540_6;habe;STRIP;ja;NOM VRB VEX;VRB VEX;lexicon.xml#lemma_2598;lexicon.xml#lemma_2598;lexicon.xml#lemma_2598_sense_4170;lexicon.xml#lemma_2598_sense_4170;variants.xml#type_8730;variants.xml#type_8730;VERBAL;high;Vollverb: ich habe mine iar;;vriz mich nit , sint ich habe mine iar !
TKR.tei.xml;TKR_3910670460_1;hab;KEEP;nein;VRB VEX;VRB VEX;lexicon.xml#lemma_2598;lexicon.xml#lemma_2598;lexicon.xml#lemma_2598_sense_77615;lexicon.xml#lemma_2598_sense_77615;variants.xml#type_8729;variants.xml#type_8729;VERBAL;high;Imperativ daz hab mir nit vor ubil;;daz hab mer nit vor ubil auch !
TKR.tei.xml;TKR_3910670520_2;hab;KEEP;nein;VRB VEX;VRB VEX;lexicon.xml#lemma_2598;lexicon.xml#lemma_2598;lexicon.xml#lemma_2598_sense_4170;lexicon.xml#lemma_2598_sense_4170;variants.xml#type_8729;variants.xml#type_8729;VERBAL;high;hab wir: 1. Plural mit Objekt dy cron;;i doch hab wir dy cron
TKR.tei.xml;TKR_3970680690_1;hab;KEEP;nein;VRB VEX;VRB VEX;lexicon.xml#lemma_2598;lexicon.xml#lemma_2598;lexicon.xml#lemma_2598_sense_77615;lexicon.xml#lemma_2598_sense_77615;variants.xml#type_8729;variants.xml#type_8729;VERBAL;high;Vollverb: den hab ich nit vor frum;;den hab ich nit vor frum .
TKR.tei.xml;TKR_4910810200_2;habe;STRIP;ja;NOM VRB VEX;VRB VEX;lexicon.xml#lemma_2598;lexicon.xml#lemma_2598;lexicon.xml#lemma_2598_sense_4169;lexicon.xml#lemma_2598_sense_4169;variants.xml#type_8730;variants.xml#type_8730;VERBAL;high;daz er habe: Konjunktiv mit Akkusativobjekt houbt;;daz er habe ein gesundes houbt . >
TRM.tei.xml;TRM_45_4;habe;STRIP;ja;NOM VRB VEX;VRB VEX;lexicon.xml#lemma_2598;lexicon.xml#lemma_2598;;;variants.xml#type_8730;variants.xml#type_8730;VERBAL;high;Konjunktiv, Subjekt er, Hilfsverb zu vernomen;;wenne er die maere habe vernomen ,
UDG.tei.xml;UDG_116100420_1;habe;STRIP;ja;NOM VRB VEX;VRB VEX;lexicon.xml#lemma_2598;lexicon.xml#lemma_2598;lexicon.xml#lemma_2598_sense_77622;lexicon.xml#lemma_2598_sense_77622;variants.xml#type_8730;variants.xml#type_8730;VERBAL;high;indirekte Rede, Hilfsverb zu getan, Subjekt got;;"uns habe got ubel getan ;"
VAT.tei.xml;VAT_17100160_0;hab;KEEP;nein;VRB VEX;VRB VEX;lexicon.xml#lemma_2598;lexicon.xml#lemma_2598;lexicon.xml#lemma_2598_sense_4170;lexicon.xml#lemma_2598_sense_4170;variants.xml#type_8729;variants.xml#type_8729;VERBAL;high;Imperativ im Gebet: hab mich in diner pflege;;hab mich , herre , in diner pflege
VAT.tei.xml;VAT_17100200_0;hab;KEEP;nein;VRB VEX;VRB VEX;lexicon.xml#lemma_2598;lexicon.xml#lemma_2598;lexicon.xml#lemma_2598_sense_4170;lexicon.xml#lemma_2598_sense_4170;variants.xml#type_8729;variants.xml#type_8729;VERBAL;high;Imperativ: hab mich, herre, in diner hende;;hab mich , herre , in diner hende !
VAT.tei.xml;VAT_17101070_3;habe;STRIP;ja;NOM VRB VEX;VRB VEX;lexicon.xml#lemma_2598;lexicon.xml#lemma_2598;lexicon.xml#lemma_2598_sense_4169;lexicon.xml#lemma_2598_sense_4169;variants.xml#type_8730;variants.xml#type_8730;VERBAL;high;Imperativ der Anrufung: habe gnade min;;got herre , habe gnade min
VAT.tei.xml;VAT_17101160_3;habe;STRIP;ja;NOM VRB VEX;VRB VEX;lexicon.xml#lemma_2598;lexicon.xml#lemma_2598;lexicon.xml#lemma_2598_sense_77622;lexicon.xml#lemma_2598_sense_77622;variants.xml#type_8730;variants.xml#type_8730;VERBAL;high;Konjunktiv-Hilfsverb mit Partizip getan, Subjekt si;;swaz si mir habe unze her getan ,
VCW.tei.xml;VCW_580160_6;hab;KEEP;nein;VRB VEX;VRB VEX;lexicon.xml#lemma_2598;lexicon.xml#lemma_2598;lexicon.xml#lemma_2598_sense_77622;lexicon.xml#lemma_2598_sense_77622;variants.xml#type_8729;variants.xml#type_8729;VERBAL;high;Konjunktiv-Hilfsverb mit Partizip geschaffen, Subjekt got;;die daz sprechen , daz bose hab in got geschaffen .
VEG.tei.xml;VEG_162008_1;habe;STRIP;ja;NOM VRB VEX;VRB VEX;lexicon.xml#lemma_2598;lexicon.xml#lemma_2598;lexicon.xml#lemma_2598_sense_4170;lexicon.xml#lemma_2598_sense_4170;variants.xml#type_8730;variants.xml#type_8730;VERBAL;high;Negierter Konjunktiv: ern habe die namen;;ern habe die namen alle dri .
VTC.tei.xml;VTC_404080470_4;habe;STRIP;ja;NOM VRB VEX;VRB VEX;lexicon.xml#lemma_2598;lexicon.xml#lemma_2598;lexicon.xml#lemma_2598_sense_4171;lexicon.xml#lemma_2598_sense_4171;variants.xml#type_8730;variants.xml#type_8730;VERBAL;high;1. Plural habe wir mit Objekt die swester zcu hawssfraven;;"dornoch sach vnser vater , das em dy czerunge vnde dy kuste gebrach , vnde her mochte vorbas den krig nicht leiden noch daulden mit den herren von lombardia , do gedochte her , das her welde wegczien , vnde wolde vns dy stete beuelen vnde den krig . do wedersproche wir das , wen wirs nicht mit eren mochten gethuen vnde behalden . do wart vns lawbe gegeben wegczuczihen vnde sante vns for heym keyn behemen . vnde offnomen fredestage mit vnseren vinden vnde czogen obir das erdreich vnde land mantuanum vnde weronam vnde yn der groffeschaft tirol . aldo funde wir vnßeren bruder genant johannes , den vnser vater hatte zcu der ehe gegeben mit der tachter des herczogen von corinthien , des groffen von tirols . der herczog was eyn swogher vnßers bruders vnde hatte vor dy swester vnser muter genant anna , alzo oben gesprochen ist , vnde noch erem tode nam her zcu eyner hawßfrawen dye swester des herczogen von brawnsweig , mit der her hatte eyne tachter margareta . mit der gab her vnßerm bruder das herczogthum von corinthen vnde die groffeschafft tirolis , wen her hatte nicht menlich geslechte . alzo wart frede czwischen em vnde vnßerm vater , wen dorvor sie vind gewest einander durch die awßtreibunge wille ader voryagunge desselben herczogis , den vnser vater von behemen treib , als oben gescreben ist . dornoch czoge wir durch beyerland ; do funden wir vnser edelste swester genant margareta , dy do hatte eynen eynigen son mit heynrico , dem herczogen von beyern ; der son genant was johannes . dornoch do qwomen wir keyn behemen . nw wor wir awßene geweßt von behemenlande xi jor vnde wir erfunden vnde erfuren , das etliche jor dorvor , ewen wir keyn behemen qwomen , do was vnser muter elizabeth gestorben . vnde dy weile sie noch lebete , do was vnßer swester , die zcum andern mole geborn was ader noch der ersten swester , dy do genant was guta , dy wart gefurt yn francia und vermehlt an johann , den erstgeborenen des konigs von frankreich philipp , die swester genant branca habe wir zcu eyner hawßfraven . die dritte vnser swester vnde die letczte , genant anna , die was bey vnser genannten swester yn francia czu den geczeithen . vnde alzo wir wenczeßlaus qwomen keyn behemen , do funde wir nicht noch vater , muter , noch bruder noch swester noch keynen bekanten , vnde dy behemische sproche hatte wir vorgesßen , do wir die weder off newes musten lernen , das wir dy retthen vnde vornomen als eyn ander beheme . vnde von gotlicher gnode kunde wir nicht alleyne reden behemisch , sunder auch welsch , lombardisch , dewtsch vnde latinisch , alzo das wir alle deße czungen kunden reden , leßen vnde screiben , vnde eyne was vns alzo gereit als dy ander . do czog vnser vater off dy groffeschaft keyn lutczenburg durch etliche sache wille , dy her hatte mit dem herczogen von beyern , her vnde seyne methegesellen , alzo der bischoff leodinensis , juliacensis der margroffe , der groffe gerlenensis vnde vil andere , vnde beful vns seyne macht zcu der czeit seyner abewesunge yn behemen . das wir das reich alzo funden verwusth , zcustort , das keyn sloß ader burg nw frey was , das nicht vorstricket noch vorsatczt wer mit allen koniglichen gutern , alzo das wir nicht hatten slosser , noch burge noch eygene wonunge , doroff wir gewonet hetten , sunder wir musten wonen yn den hewßern der burger alzo eyn ander burger . vnde das pregische sloß das was alzo vorwustet vnde vorterbet vnde zcufallen , seid der czeith des koniges othakari vnde was eyn teil an dy erde zcufallen . do wer eyn newes vnde eyn großes vnde eyn sewberliches pallas bawten , als man das noch hewtigen tagis siet . dyselbe czeit sante wir noch vnßer hawßfrawen , dy noch was zcu lutczenburg , die dornoch obir eyn jor qwam do , so hatte sie eyne geborne tachter genant margareta . zcu den geczeithen gab vns vnßer vater das margraffthum zcu merhern vnde gebrauchten des sam des , das vns zcugescreben wer . vnde do dy fromen manne von der gemeyne zcu behemen soghen , das wir worn von dem alden stamme der konige , do hatten sie vns lieb vnde gowen vns stewer vnde tothen vns hulffe , das wir vnßer slosßer baweten vnde besserten vnde vnser koniglichen gutter merethen . do bawete wir weder mit großer czirunge vnde erbeith das sloß burgsloß , tirzow , lichtenburg , lutitz , gretz , pyesek , necztym , zbyroch , tachaw , trittenaw in behemenlande ; ader yn merherlande lucaw , teltcz , wewerzy , olmuntczen , brunnen vnde auch cznaym ; deser slosser vnde burge vnde vil ander gutter die vorsatczt , vorstricket vnde entfremdet worn von dem reiche . vnde wir hatten vil breite ritterschafft , dy vns dyeneten . alczo nam geluczelichen zcu das reich von tage zcu tage . alzo hatten vns lieb dy guten gemeynen lewthe , ader dy boßen dye furchten vns vnde huten sich von den boßen vnde tothen nicht das arge , vnde dye gerechtikeit die hirschete genugelich yn dem reiche . vnde do wart eynem ydermanne gegeben recht vnde nicht vorsageth ; vnde dy banerherren dy worn off das groste teil grawßam vnde wutreich vnde forchten nicht den konig , als eß czemlich was , wen sie hatten reich vnder sich geteilet . das brochte wir zcu krefften vnde zcusampe vnde besatczten das mit hewbtlewthen vnde besserten das reich von tage zcu tage . dos tothe wir czwe jor noch enander . czw der czeit gobe wir vnser jungeste swester anna otthoni , dem herczogen von osterreich , zcw eynem weibe . vnde yn dem tage starb der herczog von corinthien vnde groffe zcu tyrolis . nach seynem tode machten eynen heymlichen bund lodwicus , der sich hatte vor eynen keyßer , mit den hertczogen von osterreich , alzo was albertus vnde ottho , zcu teilen die hirschafft vnßers bruders ; heymlich vnde felschlich wolde derselbige lodwicus haben die groffeschaft tirolis , ader das herczogthum von corinthin ; an dye gedochte nicht lodwicus vnde was vndangßam der dinste vnßers vaters , die her em toth yn der entphönuge des keysersthumiß , alzo do gesprochen ist . ader der herczog von osterreich , ab her wol vnßer swester hatte , noch dem tode des genanthen herczoghen von kernten durch dy heymliche zcusampnebloßunge vnde obirtragunge mit dem herren affensteyn , der do was eyn hewbtman des herczogen von corinthien , das derselbe von affensteyn en gerne loß vnde frey gab vnde dy besitczunghe dorczu . alzo vorloß vnßer bruder das herczogthum von corinthien ; die ader von der margraffeschaft tirolis , dy wolden sich nicht vndertenig machen ludwico , sunder sie bleben yn dem gehorsam vnßers bruders . do dis geschach , do qwam vnser vater keyn behemen vnde brochte mit em seyne hawßfrawe genanth beatrix , dy eyne tochter was des herczogen von burboyß , von dem geslechte der konige von franckreich , mit der her hernoch gebar eynen eynigen son genant wenczeßlaus . denne die boßen vnde falschen rothgeber dy wuchßen vnde worden gesterket weder vns bey meynem vater , die eren eygen frommen vnde gewyn suchten yn behemen vnde auch zcu lutczenburg , die troten czu vnßerm vater vnde riethen em vnde sprochen : < herre , sehet euch vor , ewer son hot yn ewerem reiche vil sloßer vnde eyne groß nochvolgunghe grosßer ; wen er wirt her alzo zcunemen vnde so mechtig werden , her trewbet euch awß , wen her wil ; wenn her ist eyn erbeling des reiches vnde von kuniglichen stamme vnde wirt gar lieb gehabit von den behemen ; er seyt ader eyn czukomender ader eyn vnbekanter man sam eyn fremdeling . > diß sprochen sie ader , das sie eren gewin vnde geniß suchten , off das her en befule dy slosser vnde dy genanten guther . nw volborte der konig erem rothe vnde missetrawte an vns alle slosser vnde handelunge yn behemen vnde yn dem margraffethum zcw merhern , ane hirschafft , ane guther . eynes tages do rethe wir von burgliß keyn proge vnde do wolden wir besuchen vnd reden mit vnßerem vater , der yn merhern was gewest , vnde qwomen off das pregische sloß yn das alde hawß der burgraffeschaft ; do wonete wir etliche tage , ehe das pallas was gebawet . vnde yn der nacht leghete wir vns yn das bette vnde her bußko von wilhartcz der eldiste yn eyn ander bette ; vnde vor vns eyn groß fewer was yn der kamer , wen eß was winterczeith vnde eß was kald , vnde vil kerczen branthen yn der kammer , vnde alle fenster worn geslosßen ader zcugethon vnde auch dy thoren . so wir anhuben zcu sloffen ; do wandirte ader ging yn der kamer hyn vnde her , wir wusten nicht was , alzo das wir beide dovon entwachten . vnde wir hisßen den genanten bußkonem offstheen , das her seghe , was do wer . do stund her off vnde ging in der kamer vmme vnde sach nichtes nicht vnde vand auch nichtes nicht . do machte her eyn groß fewer vnde entczuntte mehe kertczen vnde gyng zcu den bechern ader neppeleyn , dy do stunden vol mit weyne , vnde tranck vnde satczte sich eynen becher nohen an dy groste kertcze , dy do brante . vnde alzo legete her sich weder sloffen vnde wir czogen vnßern mantel an vnde soßen alzo yn dem bette vnde horten aber eß yn der kamer vmmewandirn vnde gehen vnde soghen nichts nicht , vnde soghen alzo off den becher , den her bußko hatte zcu der kertcze gesatczt , vnde soghen , das der becher warth vmmegestortzt vnde nedergeworffen , vnde soghen doch nymand vnde wusten nicht , wer den becher vmmestiß , vnde horten , das der becher wart vmmegeworffen auß eynem winckel yn den andern vnde von eynem bette an das ander , vnde eß gyng yn der kamer hyn vnde her vnde der becher sprang mitene yn dy kammer von der wanth . do wir diß soghen , do erscroke wir gar zere vnde horten , das eß noch yn der kamer gyng , vnde soghen nymands . do czechente wir vns mit dem fromen krewtcze vnde yn dem namen ihesu slieffe wir bis an den morgen vnde funden den becher mittene yn der kamer leghen . des morgens qwomen vnser dyener zcw vns , mit den gingen wir von dannen . in den geczeiten sante vns vnser vater mit eynem sayberlichen here yn die sleßie zcu herczog bolken , der herre zcu monsterberg was , wen derselbe herczog der was nicht eyn furste noch amptman vnßers vater noch des reiches zcw behemen . vnde vnser vater hatte dy stat breßlaw erkriget , der nicht erbelinge hatte . vnde derselbe herczog nam glotz vnde das erdreich dorczu , das dorvmme lag , vnde das land zcu seynem lebetage , vnde wolde lieber , das die genante stath zcu den herczogthum vnßerm vater vnde der cronen vnde deme reiche zcw behemen geben , off das sie beschirmet vnde bewart worden ewiclichen , denne das her die welde loßen seynem bruder boleßlao , wen seyn bruder was seyn vind vnde her auch seyn vind herweder , dorvmme so gunde her em die stat breßlaw nicht vnde gab sie zcu der cronen zcu behemen . do nw vnser vater hatte genomen dy besitczunge der stat breßlaw , do ergoben sie sich alle herczogen yn der sleßie vnde zcu oppiln vnde worden vndertenig der gebittunge vnsers vaters vnde ewiclichen der crone zcu behemen vndertenig zcw seyn , off das sie beschirmet vnde bewart worden von dem konige zcu behemen , awßgenommen den herczog , der do was awß der sleßie von den polen , den herren zcu monsterberg . des erdreich wir vorwusten , als yn den croniken gescreben stheet , das her alzo betwunghen wart , das her muste vndertenig seyn vnßerem vater vnde der cronen zcu behemen alzo andere herczogen . do dis geschach vnde sich alzo irging , do griffe wir eynen andern weg an vnde czoghen keyn vngern zcu vnßerem vater , den wir funden yn wischerad off der tunaw bey konig karolo dem ersten , der dovor hatte dy swester vnßers vatern . do die begraben wart , do nam her zcu der ehe dy swester des crokischen koniges , her cazamir genanth , mit der hatte her drey sone : der erste hies lodwicus , der ander andreas , der dritte steffanus . do machte derselbe konig karolus frede czwischen vnßerem vater vnde dem crokischen konige , alzo das vnser vater offsagete das recht , das em das cleyne polenland phlichtig was , alzo gneßen , kaliß vnde die anderen nedirlande zcu polan , vnde der konig zcu crockaw der weder kundigete vnßerem vater vnde dem reiche zcu behemen vor sich vnde vor seyne nochkomelinghe , die konige der nedersten polen , ewiclichen vom allen vnde herczogthume der sleßie vnde oppiln vnde der stat breßlaw . wen dorvor was eyne czwetracht czwischen en , wie ader vnser großevater wenczeßlaus der ander , konig zcu behemen , besas das neder polenland mit dem herczogthumen czw crokaw . das qwam her von der tachter wegen des koniges przmißils , des koniges der nedersten polen . derselbe przmisil noch seynem tode gab her die land vnßerem großvater vnde der cronen zcu behemen das reich vnde dye herczogthum ewiclichen zcu besitzen . ader der genante cazamirus der was seyn vetter vnde sprach , her hette recht yn dem nedersten lande zcu polen , vnde sprach , das die frawen nicht mochten erben yn dem reiche . vnde do wart eyn krig vnde czwetracht vnde hatte lange czeit gewerit czwischen den konigen czu behemen vnde cazamiro vnde czwischen seynem vater wladislao , der vnder dem namen des koniges zcw crokaw vnde yn den cleynen polen gewert hatte . deße czwetracht vnde gwerre wart gar vorrichtet vnde hyngelagert durch den genanten konig von vngern , der sich dorczw vorband vnde globethe hulffe zcu thuen vnßerem vater weder den herczog von osterreich , der vnßerem bruder hatte entfremdet vnde genommen das herczogthum von corinthien , vnde weder den genanten lodwicum . vnde yn dessen bunde worn deße herren alzo : vnser vater , der vngerische konig , der herczog von beyern heynricus , der vnser swester hatte czw eyner hawßfrawen . dyselbe czeit sante vns auch vnser vater yn dy groffeschafft tirolis , das wir dy regirten vnde sunderlichen vnßeren bruder , der do noch jung was , yn seynen kyntlichen joren vorstunden vnde vorwesten . des vnderwunden wir vns dernoch deme , alzo vns vnser vater befolen hatte . do worde wir zcugelosßen zcu der regirunge vnde vorsteunge desselbigen landis vnde des margraffthum der eynwoner , die vns gutlichen offnomen zcw der vorweßunge des landes etc ."
VUB.tei.xml;VUB_970010_4;habe;STRIP;ja;NOM VRB VEX;VRB VEX;lexicon.xml#lemma_2598;lexicon.xml#lemma_2598;lexicon.xml#lemma_2598_sense_4170;lexicon.xml#lemma_2598_sense_4170;variants.xml#type_8730;variants.xml#type_8730;VERBAL;high;swer habe + Akkusativobjekt ein ubel wip;;swer ein ubel wip habe ,
WDA.tei.xml;WDA_2794_4;habe;STRIP;ja;NOM VRB VEX;VRB VEX;lexicon.xml#lemma_2598;lexicon.xml#lemma_2598;;;variants.xml#type_8730;variants.xml#type_8730;VERBAL;high;Konjunktiv indirekte Rede, Hilfsverb mit verstozen;;ich waen , si habe verstôzen der ungetriuwe saben . >
WDB.tei.xml;WDB_5882_1;habe;STRIP;ja;NOM VRB VEX;VRB VEX;lexicon.xml#lemma_2598;lexicon.xml#lemma_2598;lexicon.xml#lemma_2598_sense_4170;lexicon.xml#lemma_2598_sense_4170;variants.xml#type_8730;variants.xml#type_8730;VERBAL;high;Imperativ: habe dir die wal;;< habe dir die wal dar under > sprach dô der bewegen .
WL.tei.xml;WL_165_0;habe;STRIP;ja;NOM VRB VEX;VRB VEX;lexicon.xml#lemma_2598;lexicon.xml#lemma_2598;lexicon.xml#lemma_2598_sense_77622;lexicon.xml#lemma_2598_sense_77622;variants.xml#type_8730;variants.xml#type_8730;VERBAL;high;Konditionale Inversion, Hilfsverb mit Partizip gedienet;;habe ich iu gedienet iht ,
WL.tei.xml;WL_169_3;habe;STRIP;ja;NOM VRB VEX;VRB VEX;lexicon.xml#lemma_2598;lexicon.xml#lemma_2598;lexicon.xml#lemma_2598_sense_77622;lexicon.xml#lemma_2598_sense_77622;variants.xml#type_8730;variants.xml#type_8730;VERBAL;high;Hilfsverb mit Partizip gesehen, Subjekt ich;;iuch vil selten habe gesehen .
WND.tei.xml;WND_4104_1;hab;KEEP;nein;VRB VEX;VRB VEX;lexicon.xml#lemma_2598;lexicon.xml#lemma_2598;lexicon.xml#lemma_2598_sense_4170;lexicon.xml#lemma_2598_sense_4170;variants.xml#type_8729;variants.xml#type_8729;VERBAL;high;Imperativ: darvnder hab die wal;;darvnder hab die wal .
WND.tei.xml;WND_16408_1;hab;KEEP;nein;VRB VEX;VRB VEX;lexicon.xml#lemma_2598;lexicon.xml#lemma_2598;lexicon.xml#lemma_2598_sense_4172;lexicon.xml#lemma_2598_sense_4172;variants.xml#type_8729;variants.xml#type_8729;VERBAL;high;1. Sg. Indikativ: das hab ich auf meinen eit;;das hab ich auf meynen eit .
WVO.tei.xml;WVO_1120400_7;hab;KEEP;nein;VRB VEX;VRB VEX;lexicon.xml#lemma_2598;lexicon.xml#lemma_2598;lexicon.xml#lemma_2598_sense_4170;lexicon.xml#lemma_2598_sense_4170;variants.xml#type_8729;variants.xml#type_8729;VERBAL;high;Imperativ nu hab die wal mit Akkusativobjekt;;si sprach : < wildhelm , nu hab die wal :
WZB.tei.xml;WZB_3va_7_0;hab;KEEP;nein;VEX;VEX;lexicon.xml#lemma_2598;lexicon.xml#lemma_2598;lexicon.xml#lemma_2598_sense_77622;lexicon.xml#lemma_2598_sense_77622;variants.xml#type_8729;variants.xml#type_8729;VERBAL;high;hab ich gegeben: Hilfsverb, 1. Sg.;;Und got sprach : • Secht , euch hab ich gegeben alle wurcze , die do brengent samen vf der erden , vnd alle boum , die do haben frucht in in selber ires geslechtes , • so das sie euch sein zv speise
WZB.tei.xml;WZB_4vb_7_1;hab;KEEP;nein;VEX;VEX;lexicon.xml#lemma_2598;lexicon.xml#lemma_2598;lexicon.xml#lemma_2598_sense_77622;lexicon.xml#lemma_2598_sense_77622;variants.xml#type_8729;variants.xml#type_8729;VERBAL;high;hab mich vorborgen: Hilfsverb mit Partizip;;Und her sprach : • Dein stimme , herre , horte ich in vnd vorchte mich do von , das ich nakket bin • vnd hab mich vorborgen . •
WZB.tei.xml;WZB_4vb_12_0;hab;KEEP;nein;VRB;VRB;lexicon.xml#lemma_2598;lexicon.xml#lemma_2598;lexicon.xml#lemma_2598_sense_77622;lexicon.xml#lemma_2598_sense_77622;variants.xml#type_8729;variants.xml#type_8729;VERBAL;high;Hilfsverb: den ich dir vorboten hab;;Czu dem sprach vnser herre : • wer hat dir geczeiget , das du nackent seist , du habist denne von dem bovme gessen , den ich dir vor boten hab , das du do von nicht soldest essen . •
WZB.tei.xml;WZB_4vb_17_2;hab;KEEP;nein;VEX;VEX;lexicon.xml#lemma_2598;lexicon.xml#lemma_2598;lexicon.xml#lemma_2598_sense_77622;lexicon.xml#lemma_2598_sense_77622;variants.xml#type_8729;variants.xml#type_8729;VERBAL;high;Hilfsverb mit Partizip gessen, Subjekt ich;;Und sprach : D Das wip , das du mir hast gegeben czu einer gesellinne , | di hat mir gegeben von dem bovme • vnd ich hab gessen . •
WZB.tei.xml;WZB_4vb_21_2;hab;KEEP;nein;VEX;VEX;lexicon.xml#lemma_2598;lexicon.xml#lemma_2598;lexicon.xml#lemma_2598_sense_77622;lexicon.xml#lemma_2598_sense_77622;variants.xml#type_8729;variants.xml#type_8729;VERBAL;high;1. Sg. Hilfsverb mit Partizip gessen;;Und got herre sprach czu dem wibe : • worumb hastu das getan ? • Und sie antworte : • Die nater hat mich betrogen | vnd hab der fruchte gessen . •
WZB.tei.xml;WZB_5rb_12_5;habe;KEEP;nein;VEX;VEX;lexicon.xml#lemma_2598;lexicon.xml#lemma_2598;lexicon.xml#lemma_2598_sense_77622;lexicon.xml#lemma_2598_sense_77622;variants.xml#type_8730;variants.xml#type_8730;VERBAL;high;Hilfsverb mit Partizip Besessen, Subjekt ich;;vorwar erkante • sein hausvrowe . • die enpfieng vnd gebar vnd sprach : • Besessen habe ich einen menschen bei gote . •
WZB.tei.xml;WZB_7ra_34_2;habe;KEEP;nein;VEX;VEX;lexicon.xml#lemma_2598;lexicon.xml#lemma_2598;lexicon.xml#lemma_2598_sense_77622;lexicon.xml#lemma_2598_sense_77622;variants.xml#type_8730;variants.xml#type_8730;VERBAL;high;Hilfsverb mit Partizip geschepfet, Relativsatz;;"Ich wil vortilgen , sprach er , den menschen , den ich geschepfet habe , von dem antlicze der erden; | von dem menschen bis an die tyr , • Uon dem krichenden bis an die vogel des himels . GENESIS Mich rewet , das ich in hab gemachet . •"
WZB.tei.xml;WZB_7rb_2_6;hab;KEEP;nein;VEX;VEX;lexicon.xml#lemma_2598;lexicon.xml#lemma_2598;lexicon.xml#lemma_2598_sense_77622;lexicon.xml#lemma_2598_sense_77622;variants.xml#type_8729;variants.xml#type_8729;VERBAL;high;Subjekt ich, Hilfsverb zu Partizip gemachet;;"Ich wil vortilgen , sprach er , den menschen , den ich geschepfet habe , von dem antlicze der erden; | von dem menschen bis an die tyr , • Uon dem krichenden bis an die vogel des himels . GENESIS Mich rewet , das ich in hab gemachet . •"
WZB.tei.xml;WZB_7va_30_6;hab;KEEP;nein;VEX;VEX;lexicon.xml#lemma_2598;lexicon.xml#lemma_2598;lexicon.xml#lemma_2598_sense_77622;lexicon.xml#lemma_2598_sense_77622;variants.xml#type_8729;variants.xml#type_8729;VERBAL;high;hab ich gesehen: Hilfsverb, 1. Sg.;;V Und got sprach zu im : • Gee du in die archen vnd alles dein gesinde mit dir , • wenne dich hab ich gerechten gesehen vor mir in diser geperunge . •
WZB.tei.xml;WZB_7vb_7_4;hab;MOVE;ja;VEX;NOM;lexicon.xml#lemma_2598;lexicon.xml#lemma_2593;lexicon.xml#lemma_2598_sense_77622;;variants.xml#type_8729;variants.xml#type_80494;NOM;high;alle hab: Quantor davor, Vulgata omnem substantiam;;wenne noch vber siben tage wil ich reggen auf die erde vierczig tage vnd vierczig nacht vnd wil vortilgen alle hab von der gestalt der erden , die ich hab gemacht . •
WZB.tei.xml;WZB_7vb_8_7;hab;KEEP;nein;VEX;VEX;lexicon.xml#lemma_2598;lexicon.xml#lemma_2598;lexicon.xml#lemma_2598_sense_77622;lexicon.xml#lemma_2598_sense_77622;variants.xml#type_8729;variants.xml#type_8729;VERBAL;high;Hilfsverb: die ich hab gemacht;;wenne noch vber siben tage wil ich reggen auf die erde vierczig tage vnd vierczig nacht vnd wil vortilgen alle hab von der gestalt der erden , die ich hab gemacht . •
WZB.tei.xml;WZB_8rb_7_7;habe;MOVE;ja;VRB;NOM;lexicon.xml#lemma_2598;lexicon.xml#lemma_2593;lexicon.xml#lemma_2598_sense_77622;;variants.xml#type_8730;variants.xml#type_8699;NOM;high;alle habe mit Relativsatz die do was: Besitz (Gen 7,23);;Und er vortilgte alle habe , die do was auf der erden • Von dem menschen bis an das vich . • also wol die krichenden tir als die vogil vnd wurden vortilget von der erden . • Es bleib alleine • vnd die mit im waren in der archen . •
WZB.tei.xml;WZB_9ra_17_0;habe;KEEP;nein;VEX;VEX;lexicon.xml#lemma_2598;lexicon.xml#lemma_2598;lexicon.xml#lemma_2598_sense_77622;lexicon.xml#lemma_2598_sense_77622;variants.xml#type_8730;variants.xml#type_8730;VERBAL;high;Hilfsverb: als ich habe getan;;Und vnser herre roch den ruch der susicheit | vnd sprach zu im : • Mit nichte nicht vorrfluche ich furbas der erden durch die menschen , | wenne die sinne vnd die gedancken • | menschliches herczens zu bŏzem geneiget sint von irr iugent . • Dorvmbe wil ich nicht furbas slahen ein yecliche lebendige sele , als ich habe getan . •
WZB.tei.xml;WZB_9ra_33_0;hab;KEEP;nein;VEX;VEX;lexicon.xml#lemma_2598;lexicon.xml#lemma_2598;lexicon.xml#lemma_2598_sense_77622;lexicon.xml#lemma_2598_sense_77622;variants.xml#type_8729;variants.xml#type_8729;VERBAL;high;Hilfsverb mit Partizip gegeben, Subjekt ich;;vnd alles , das sich reget vnd lebt , wirt euch in speise . • Recht als grunes kraut hab ich euch gegeben alle dinck
WZB.tei.xml;WZB_9va_17_6;habe;KEEP;nein;VEX;VEX;lexicon.xml#lemma_2598;lexicon.xml#lemma_2598;lexicon.xml#lemma_2598_sense_77622;lexicon.xml#lemma_2598_sense_77622;variants.xml#type_8730;variants.xml#type_8730;VERBAL;high;Hilfsverb mit Partizip gesaczt, Subjekt ich;;Und got sprache czu : • Das wirt ein czeichen • des frides , das ich gesaczt habe • czwischen mir vnd allem vleische auf der erden . •
WZB.tei.xml;WZB_11rb_33_2;habe;MOVE;ja;VRB;NOM;lexicon.xml#lemma_2598;lexicon.xml#lemma_2593;lexicon.xml#lemma_2598_sense_77622;;variants.xml#type_8730;variants.xml#type_8699;NOM;high;Possessiv alle seine habe, Relativsatz die er hette;;Und nam sein housvrowe vnd , seines bruders svn , vnd alle seine habe , die er hette , vnd alles vich , das im worden was , ł zu vnd czogen aus , das sie giengen in das lant chanaan . •
WZB.tei.xml;WZB_12ra_32_5;hab;MOVE;ja;VRB;NOM;lexicon.xml#lemma_2598;lexicon.xml#lemma_2593;lexicon.xml#lemma_2598_sense_77622;;variants.xml#type_8729;variants.xml#type_80494;NOM;high;"Possessiv irr davor; ihres Besitzes war viel";;vnd die erde mocht sie nicht begreiffen , also das sie hetten gewonet mit ein ander , • wenne irr hab der was vil vnd mochten nicht gewonen bei ein ander , •
WZB.tei.xml;WZB_13ra_4_0;habe;MOVE;ja;VRB;NOM;lexicon.xml#lemma_2598;lexicon.xml#lemma_2593;lexicon.xml#lemma_2598_sense_77622;;variants.xml#type_8730;variants.xml#type_8699;NOM;high;alle seine habe: Possessiv davor, Besitz-Bedeutung;;vingen ouch vnd alle seine habe , bruders svn , der do wonte zu . •
WZB.tei.xml;WZB_13ra_21_1;habe;MOVE;ja;VEX;NOM;lexicon.xml#lemma_2598;lexicon.xml#lemma_2593;lexicon.xml#lemma_2598_sense_77622;;variants.xml#type_8730;variants.xml#type_8699;NOM;high;Artikel davor: alle die habe (Vulgata: substantiam);;Und furte her wider alle die habe , | die sie hetten genomen , vnd seinen bruder vnd alles sein gut , beide vrowen vnd das volk . •
WZB.tei.xml;WZB_13rb_9_4;habe;KEEP;nein;VRB;VRB;lexicon.xml#lemma_2598;lexicon.xml#lemma_2598;lexicon.xml#lemma_2598_sense_77622;lexicon.xml#lemma_2598_sense_77622;variants.xml#type_8730;variants.xml#type_8730;VERBAL;high;Imperativ das ander habe dir (Gen 14,21 tolle tibi);;Aber der kunic von sprach zu : • Gib mir die selen , das ander habe dir . •
WZB.tei.xml;WZB_13rb_19_1;hab;KEEP;nein;VEX;VEX;lexicon.xml#lemma_2598;lexicon.xml#lemma_2598;lexicon.xml#lemma_2598_sense_77622;lexicon.xml#lemma_2598_sense_77622;variants.xml#type_8729;variants.xml#type_8729;VERBAL;high;Ich hab gereicht: Hilfsverb mit Partizip;;das ich von dem vadem , der vuder der decken , vncz bis an den rimen der hosen neme nicht von allem dem , das do dein ist , das du icht sprechst , Ich hab gereicht , ausgenomen
WZB.tei.xml;WZB_14ra_18_6;hab;KEEP;nein;VEX;VEX;lexicon.xml#lemma_2598;lexicon.xml#lemma_2598;lexicon.xml#lemma_2598_sense_77622;lexicon.xml#lemma_2598_sense_77622;variants.xml#type_8729;variants.xml#type_8729;VERBAL;high;Hilfsverb mit Partizip gegeben, Subjekt ich;;Unde sprach zu : • tuestu gegen mir , | ich hab dir gegeben meine mait in deine schos , die sicht das , | das sie enpfangen hat , | vnd hat mich in vorsmehnusse . • Richte got czwischen mir vnd dir . •
WZB.tei.xml;WZB_14rb_20_5;hab;KEEP;nein;VEX;VEX;lexicon.xml#lemma_2598;lexicon.xml#lemma_2598;lexicon.xml#lemma_2598_sense_77622;lexicon.xml#lemma_2598_sense_77622;variants.xml#type_8729;variants.xml#type_8729;VERBAL;high;Hilfsverb: hab ich gesehen;;aber sie nante den namen des herren , der do redte mit ir : du got , der mich gesehen hat . • Und er sprach : • Uorwar alhie hab ich gesehen des hinderteil , der mich sehende ist . •
WZB.tei.xml;WZB_14va_12_0;hab;KEEP;nein;VEX;VEX;lexicon.xml#lemma_2598;lexicon.xml#lemma_2598;lexicon.xml#lemma_2598_sense_77622;lexicon.xml#lemma_2598_sense_77622;variants.xml#type_8729;variants.xml#type_8729;VERBAL;high;Hilfsverb zu gesaczt, Subjekt ich;;N Noch enwirt furbas dein name nicht mer geheissen , svnder du wirft geheissen , wenne einen vater vil geslechte hab ich dich gesaczt . •
WZB.tei.xml;WZB_15ra_17_0;habe;KEEP;nein;VEX;VEX;lexicon.xml#lemma_2598;lexicon.xml#lemma_2598;lexicon.xml#lemma_2598_sense_77622;lexicon.xml#lemma_2598_sense_77622;variants.xml#type_8730;variants.xml#type_8730;VERBAL;high;habe ich erhort: Hilfsverb, 1. Sg.;;Und vber habe ich dich erhort . • Sich , ich wil in gesegen vnd meren • vnd wil ł sein gar vil machen . • Czwelf fursten wirt er geperen • vnd wil yn machen in ein gros geslechte . •
WZB.tei.xml;WZB_15va_31_0;habe;KEEP;nein;VEX;VEX;lexicon.xml#lemma_2598;lexicon.xml#lemma_2598;lexicon.xml#lemma_2598_sense_77622;lexicon.xml#lemma_2598_sense_77622;variants.xml#type_8730;variants.xml#type_8730;VERBAL;high;ich gesprochen habe: Hilfsverb mit Partizip;;Nu sich , • ist got ichtes icht vnmugliche ? Noch dem vnd ich gesprochen habe , wil ich keren zu dir in der selben czeit , geende mit mir das leben , • vnd , die wirt haben einen svn . •
WZB.tei.xml;WZB_15va_35_5;hab;KEEP;nein;VEX;VEX;lexicon.xml#lemma_2598;lexicon.xml#lemma_2598;lexicon.xml#lemma_2598_sense_77622;lexicon.xml#lemma_2598_sense_77622;variants.xml#type_8729;variants.xml#type_8729;VERBAL;high;Hilfsverb: Ich hab nicht gelacht;;Nu loukente = vnd sprach : • Ich hab nicht gelacht , | sunder ich bin erschrocken . SIS Und vnser herre sprach : • Es ist nicht , sprach er , also , sunder du hast gelacht . •
WZB.tei.xml;WZB_16ra_17_3;hab;KEEP;nein;VEX;VEX;lexicon.xml#lemma_2598;lexicon.xml#lemma_2598;lexicon.xml#lemma_2598_sense_77622;lexicon.xml#lemma_2598_sense_77622;variants.xml#type_8729;variants.xml#type_8729;VERBAL;high;Hilfsverb mit Partizip gehaben (angefangen), Subjekt ich;;Es antworte vnd sprach : • Wenne zu einem male hab ich gehaben vnd spreche zu meinem herren , wenne ich bin asche vnd stoup : •
WZB.tei.xml;WZB_16ra_30_3;habe;KEEP;nein;VRB;VRB;lexicon.xml#lemma_2598;lexicon.xml#lemma_2598;lexicon.xml#lemma_2598_sense_77622;lexicon.xml#lemma_2598_sense_77622;variants.xml#type_8730;variants.xml#type_8730;VERBAL;high;Imperativ mit Negation und Objekt vnmut;;Nicht habe vnmut , sprach er , des bite ich , herre , • ob ich rede : • was tustu , ob do funden werden dreissick ? • Und er antworte : • Ich tv in nicht , ist , das ich do vinde dreisick . •
WZB.tei.xml;WZB_16ra_36_2;hab;KEEP;nein;VEX;VEX;lexicon.xml#lemma_2598;lexicon.xml#lemma_2598;lexicon.xml#lemma_2598_sense_77622;lexicon.xml#lemma_2598_sense_77622;variants.xml#type_8729;variants.xml#type_8729;VERBAL;high;Hilfsverb mit Partizip gehaben, Subjekt ich;;Wenne zu einem male , sprach er , hab ich gehaben , das ich sprech zu meinem herren : • Was wiltu • SIS tvn , ob do funden werden czweinczig ? • Er sprach : • Ich vorterbe ir nicht durch czweinczig . •
WZB.tei.xml;WZB_16va_10_8;habe;KEEP;nein;VRB;VRB;lexicon.xml#lemma_2598;lexicon.xml#lemma_2598;lexicon.xml#lemma_2598_sense_77622;lexicon.xml#lemma_2598_sense_77622;variants.xml#type_8730;variants.xml#type_8730;VERBAL;high;1. Sg. Indikativ mit Objekt czwu tochter;;Ich habe czwu tochter , die noch niemant erkanten , die fur ich herous zu euch , | vnd gebruchet der , wie ir do wŏllet . | nvr alleine | tut • disen mannen nicht vbels , wenne sie sint ein gegangen vnder schaten meiner beschuczunge .
WZB.tei.xml;WZB_17ra_24_10;hab;KEEP;nein;VEX;VEX;lexicon.xml#lemma_2598;lexicon.xml#lemma_2598;lexicon.xml#lemma_2598_sense_77622;lexicon.xml#lemma_2598_sense_77622;variants.xml#type_8729;variants.xml#type_8729;VERBAL;high;Hilfsverb zu Partizip enpfangen, Subjekt ich;;Und vnser herre sprach zu im : • Sich , ouch | an dem hab ich enpfangen dein gebete , | also das ich nicht vmbe kere die stat , vmb die du geredt hast . •
WZB.tei.xml;WZB_17va_8_0;hab;KEEP;nein;VEX;VEX;lexicon.xml#lemma_2598;lexicon.xml#lemma_2598;lexicon.xml#lemma_2598_sense_77622;lexicon.xml#lemma_2598_sense_77622;variants.xml#type_8729;variants.xml#type_8729;VERBAL;high;hab ich geslafen: Hilfsverb, 1. Sg.;;Und dez andern tages sprach die grosere zu der mynnern : • Sich , nechten hab ich geslafen mit meinem ł vater . • Gebe wir im wein czu ł trincken ouch dise nacht | vnd slafe du mit im , so das wir heil machen den samen von vnserm vater . •
WZB.tei.xml;WZB_17vb_30_0;hab;KEEP;nein;VEX;VEX;lexicon.xml#lemma_2598;lexicon.xml#lemma_2598;lexicon.xml#lemma_2598_sense_77622;lexicon.xml#lemma_2598_sense_77622;variants.xml#type_8729;variants.xml#type_8729;VERBAL;high;hab ich getan: Hilfsverb mit Partizip;;Hat er nicht gesprochen : sie ist meyn swester ? | Und sie sprach : er ist meyn bruder ? • In der einvalt meines herczen vnd in der reinicheit meiner hende hab ich das getan . •
WZB.tei.xml;WZB_17vb_34_0;hab;KEEP;nein;VEX;VEX;lexicon.xml#lemma_2598;lexicon.xml#lemma_2598;lexicon.xml#lemma_2598_sense_77622;lexicon.xml#lemma_2598_sense_77622;variants.xml#type_8729;variants.xml#type_8729;VERBAL;high;Hilfsverb mit Partizip behut;;Und her sprach zu im : • Und ich weis das , • | das du das in einvalt deines herczen hast getan . • Und dorumbe hab ich dich behut , das du icht svndigest in mich , | vnd hab nicht gelasen , das du hetest an gerurt .
WZB.tei.xml;WZB_17vb_35_6;hab;KEEP;nein;VEX;VEX;lexicon.xml#lemma_2598;lexicon.xml#lemma_2598;lexicon.xml#lemma_2598_sense_77622;lexicon.xml#lemma_2598_sense_77622;variants.xml#type_8729;variants.xml#type_8729;VERBAL;high;Hilfsverb mit Partizip gelasen, Negation nicht;;Und her sprach zu im : • Und ich weis das , • | das du das in einvalt deines herczen hast getan . • Und dorumbe hab ich dich behut , das du icht svndigest in mich , | vnd hab nicht gelasen , das du hetest an gerurt .
WZB.tei.xml;WZB_18ra_29_2;hab;KEEP;nein;VEX;VEX;lexicon.xml#lemma_2598;lexicon.xml#lemma_2598;lexicon.xml#lemma_2598_sense_77622;lexicon.xml#lemma_2598_sense_77622;variants.xml#type_8729;variants.xml#type_8729;VERBAL;high;Hilfsverb mit Partizip genomen, Subjekt ich;;Und werlich aber , sie ist mein swester , | meines vaters tochter • vnd nicht meiner muter . Und ich hab sie genomen czu einer housvrowen . •
WZB.tei.xml;WZB_18rb_8_1;hab;KEEP;nein;VEX;VEX;lexicon.xml#lemma_2598;lexicon.xml#lemma_2598;lexicon.xml#lemma_2598_sense_77622;lexicon.xml#lemma_2598_sense_77622;variants.xml#type_8729;variants.xml#type_8729;VERBAL;high;Hilfsverb mit Partizip gegeben, Subjekt ich;;Aber zu sprach er : • Sich , tousent silbereine hab ich gegeben deinem bruder . | das wirt dir zu - einem sloyer deiner ougen czu allen den , die mit dir sint . • Und wo du hin czuhest , | so gedencke , das du bist gewesen gevangen . •
WZB.tei.xml;WZB_18vb_35_3;hab;KEEP;nein;VEX;VEX;lexicon.xml#lemma_2598;lexicon.xml#lemma_2598;lexicon.xml#lemma_2598_sense_77622;lexicon.xml#lemma_2598_sense_77622;variants.xml#type_8729;variants.xml#type_8729;VERBAL;high;Hilfsverb mit Partizip getan, Relativsatz;;Dorvmbe so swere bei dem herren , das du mir ichte schadest vnd meinen • vnd meinem geslechte , • sunder barmherczicheit , die ich dir hab getan , • die tu GEN mit mir vnd mit der erden , in der du gewest bist ein fremder ! •
WZB.tei.xml;WZB_19ra_8_4;hab;KEEP;nein;VEX;VEX;lexicon.xml#lemma_2598;lexicon.xml#lemma_2598;lexicon.xml#lemma_2598_sense_77622;lexicon.xml#lemma_2598_sense_77622;variants.xml#type_8729;variants.xml#type_8729;VERBAL;high;Subjekt ich, Hilfsverb zu gewost, Negation;;Und antworte : • Ich hab nicht gewost , wer das hat ge tan , | sunder vnd du hast mir daz nicht geoffenbart . • vnd ich hab sein nicht mer gehort bis heute .
WZB.tei.xml;WZB_19ra_11_6;hab;KEEP;nein;VEX;VEX;lexicon.xml#lemma_2598;lexicon.xml#lemma_2598;lexicon.xml#lemma_2598_sense_77622;lexicon.xml#lemma_2598_sense_77622;variants.xml#type_8729;variants.xml#type_8729;VERBAL;high;ich hab gehort: Hilfsverb mit Negation;;Und antworte : • Ich hab nicht gewost , wer das hat ge tan , | sunder vnd du hast mir daz nicht geoffenbart . • vnd ich hab sein nicht mer gehort bis heute .
WZB.tei.xml;WZB_19ra_23_1;hab;KEEP;nein;VEX;VEX;lexicon.xml#lemma_2598;lexicon.xml#lemma_2598;lexicon.xml#lemma_2598_sense_77622;lexicon.xml#lemma_2598_sense_77622;variants.xml#type_8729;variants.xml#type_8729;VERBAL;high;ich hab gegraben: Hilfsverb mit Partizip;;Und er sprach : • Die siben schaf saltu nemen ous meiner hant , | also das sie sein in ein geczeugnusse mir , • wenne ich hab gegraben disen brvnne .
WZB.tei.xml;WZB_19va_29_1;hab;KEEP;nein;VEX;VEX;lexicon.xml#lemma_2598;lexicon.xml#lemma_2598;lexicon.xml#lemma_2598_sense_77622;lexicon.xml#lemma_2598_sense_77622;variants.xml#type_8729;variants.xml#type_8729;VERBAL;high;Hilfsverb: Nu hab ich erkant;;Und er sprach zu im : • Nicht heb dein hant vber das kint , • noch entv im nichtes nichte ! • Nu hab ich erkant , das du got vorchtest • vnd hast nicht vortragen deinem einigen - svne durch mich . •
WZB.tei.xml;WZB_19vb_9_3;hab;KEEP;nein;VEX;VEX;lexicon.xml#lemma_2598;lexicon.xml#lemma_2598;lexicon.xml#lemma_2598_sense_77622;lexicon.xml#lemma_2598_sense_77622;variants.xml#type_8729;variants.xml#type_8729;VERBAL;high;Hilfsverb mit Partizip gesworn, Subjekt ich;;vnd sprach : Bei mir selber hab ich gesworn , spricht vnser herre , dorumb das du dicz dinck hast getan vnd hast nicht vortragen deinem einigen svne durch mich , •
WZB.tei.xml;WZB_21vb_10_5;hab;KEEP;nein;VEX;VEX;lexicon.xml#lemma_2598;lexicon.xml#lemma_2598;lexicon.xml#lemma_2598_sense_77622;lexicon.xml#lemma_2598_sense_77622;variants.xml#type_8729;variants.xml#type_8729;VERBAL;high;Hilfsverb mit Partizip bereitet, Subjekt ich;;Und sprache zu im : • Gee einher , du gesegenter vnsers herren , | worumb steestu hie vor ? • Ich hab bereitet das houˢ vnd die stat den camelen . |
WZB.tei.xml;WZB_22rb_18_0;hab;KEEP;nein;VEX;VEX;lexicon.xml#lemma_2598;lexicon.xml#lemma_2598;lexicon.xml#lemma_2598_sense_77622;lexicon.xml#lemma_2598_sense_77622;variants.xml#type_8729;variants.xml#type_8729;VERBAL;high;Hilfsverb mit Partizip gelegt, Subjekt ich;;Und ich vragte sie vnd sprach : • Wes tochter bistu ? • ̃ Und sie sprach : • tochter bin ich , der do ist svn , den im hat gepert die vrowe . • Und ich hieng ir an ŏrringe , zu cziren ir antlicze , vnd achsil gespan • hab ich ir gelegt in ir hant
WZB.tei.xml;WZB_24rb_9_1;habe;KEEP;nein;VEX;VEX;lexicon.xml#lemma_2598;lexicon.xml#lemma_2598;lexicon.xml#lemma_2598_sense_77622;lexicon.xml#lemma_2598_sense_77622;variants.xml#type_8730;variants.xml#type_8730;VERBAL;high;Hilfsverb mit Partizip gelobt, Relativsatz;;vnd pilgereime do , | vnd ich wird mit dir sein | vnd wil gesegen dir , • wenne dir vnd deinem samen wil ich geben alle dise reich | vnd wil erfullen den eit , | den ich gelobt habe | deinem vater , |
WZB.tei.xml;WZB_25ra_15_6;hab;KEEP;nein;VEX;VEX;lexicon.xml#lemma_2598;lexicon.xml#lemma_2598;lexicon.xml#lemma_2598_sense_77622;lexicon.xml#lemma_2598_sense_77622;variants.xml#type_8729;variants.xml#type_8729;VERBAL;high;1. Plural hab wir, Hilfsverb zu gesprochen;;Und sie antworten : • Wir haben gesehen vnsern herren sein mit dir | vnd dorumb hab wir nv gesprochen : • Sei ein eit czwischen vns | vnd machen einen fried , |
WZB.tei.xml;WZB_25rb_3_2;habe;KEEP;nein;VEX;VEX;lexicon.xml#lemma_2598;lexicon.xml#lemma_2598;lexicon.xml#lemma_2598_sense_77622;lexicon.xml#lemma_2598_sense_77622;variants.xml#type_8730;variants.xml#type_8730;VERBAL;high;habe wir gelasen: 1. Plural, Hilfsverb;;also das du vns nichtes nicht vbels tuest , | als wir des deinen nichtes nicht haben an gerurt , | noch haben getan , SIS das dich icht leidigte , | sunder mit friede habe wir gelasen deine merunge vnd deinen segen .
WZB.tei.xml;WZB_25va_14_11;hab;KEEP;nein;VEX;VEX;lexicon.xml#lemma_2598;lexicon.xml#lemma_2598;lexicon.xml#lemma_2598_sense_77622;lexicon.xml#lemma_2598_sense_77622;variants.xml#type_8729;variants.xml#type_8729;VERBAL;high;Ich hab gehort: Hilfsverb mit Partizip;;Do sprach sie zu irem svne : • Ich hab gehort deinen vater redende mit , deinem bruder sprechende zu im . •
WZB.tei.xml;WZB_25vb_3_3;hab;KEEP;nein;VEX;VEX;lexicon.xml#lemma_2598;lexicon.xml#lemma_2598;lexicon.xml#lemma_2598_sense_77622;lexicon.xml#lemma_2598_sense_77622;variants.xml#type_8729;variants.xml#type_8729;VERBAL;high;Hilfsverb: das ich hab gesprochen;;Czu dem sprach die muter : • In mir sei der fluch , mein kint ! nvr alleine ł SIS hŏre meine stimme • vnd gee vnd brenge das ich hab gesprochen !
WZB.tei.xml;WZB_25vb_20_6;hab;KEEP;nein;VEX;VEX;lexicon.xml#lemma_2598;lexicon.xml#lemma_2598;lexicon.xml#lemma_2598_sense_77622;lexicon.xml#lemma_2598_sense_77622;variants.xml#type_8729;variants.xml#type_8729;VERBAL;high;Hilfsverb mit Partizip getan, Subjekt ich;;Und sprach : • Ich bins , dein erstgeborner svn . • Ich hab getan , als du mir hast geboten . Ste ouf vnd sitcze vnd is von meinem geieide , so das mir deyn sele gesegen . •
WZB.tei.xml;WZB_26rb_28_4;habe;KEEP;nein;VEX;VEX;lexicon.xml#lemma_2598;lexicon.xml#lemma_2598;lexicon.xml#lemma_2598_sense_77622;lexicon.xml#lemma_2598_sense_77622;variants.xml#type_8730;variants.xml#type_8730;VERBAL;high;Hilfsverb mit Partizip gessen, Subjekt ich;;Und erschrak mit grosem erschrecksal • vnd mere , wenne man gelouben mag , wunderte er sich vnd sprach : • Wer ist denne der , | der ein wenig vor dir ein gevangens wilt mir bracht hat • vnd ich habe von im allem gessen , • e • du quemest ? • Und ich habe im gesegent • vnd er wirt gesegent . •
WZB.tei.xml;WZB_26rb_29_11;habe;KEEP;nein;VEX;VEX;lexicon.xml#lemma_2598;lexicon.xml#lemma_2598;lexicon.xml#lemma_2598_sense_77622;lexicon.xml#lemma_2598_sense_77622;variants.xml#type_8730;variants.xml#type_8730;VERBAL;high;Hilfsverb mit Partizip gesegent, Subjekt ich;;Und erschrak mit grosem erschrecksal • vnd mere , wenne man gelouben mag , wunderte er sich vnd sprach : • Wer ist denne der , | der ein wenig vor dir ein gevangens wilt mir bracht hat • vnd ich habe von im allem gessen , • e • du quemest ? • Und ich habe im gesegent • vnd er wirt gesegent . •
WZB.tei.xml;WZB_26va_13_2;hab;KEEP;nein;VEX;VEX;lexicon.xml#lemma_2598;lexicon.xml#lemma_2598;lexicon.xml#lemma_2598_sense_77622;lexicon.xml#lemma_2598_sense_77622;variants.xml#type_8729;variants.xml#type_8729;VERBAL;high;Hilfsverb mit Partizip gesaczt;;Und antworte : • D Deinen herren hab ich in gesaczt vnd alle seine bruder hab ich im zu dienste gemachet | vnd vndertenig . • Mit getreide vnd mit weine hab ich in bestetigt • Und dir furbas dornach , mein kint , was sol ich tvn ? •
WZB.tei.xml;WZB_26va_14_4;hab;KEEP;nein;VRB;VRB;lexicon.xml#lemma_2598;lexicon.xml#lemma_2598;lexicon.xml#lemma_2598_sense_77622;lexicon.xml#lemma_2598_sense_77622;variants.xml#type_8729;variants.xml#type_8729;VERBAL;high;Hilfsverb zu gemachet, Subjekt ich;;Und antworte : • D Deinen herren hab ich in gesaczt vnd alle seine bruder hab ich im zu dienste gemachet | vnd vndertenig . • Mit getreide vnd mit weine hab ich in bestetigt • Und dir furbas dornach , mein kint , was sol ich tvn ? •
WZB.tei.xml;WZB_26va_17_0;hab;KEEP;nein;VEX;VEX;lexicon.xml#lemma_2598;lexicon.xml#lemma_2598;lexicon.xml#lemma_2598_sense_77622;lexicon.xml#lemma_2598_sense_77622;variants.xml#type_8729;variants.xml#type_8729;VERBAL;high;hab ich bestetigt: Hilfsverb, 1. Sg.;;Und antworte : • D Deinen herren hab ich in gesaczt vnd alle seine bruder hab ich im zu dienste gemachet | vnd vndertenig . • Mit getreide vnd mit weine hab ich in bestetigt • Und dir furbas dornach , mein kint , was sol ich tvn ? •
WZB.tei.xml;WZB_27va_32_10;hab;KEEP;nein;VEX;VEX;lexicon.xml#lemma_2598;lexicon.xml#lemma_2598;lexicon.xml#lemma_2598_sense_77622;lexicon.xml#lemma_2598_sense_77622;variants.xml#type_8729;variants.xml#type_8729;VERBAL;high;ich vf hab gericht: Hilfsverb mit Partizip;;vnd der stein , den ich vf hab gericht zu einem czeichen , | der wirt geheissen gotes hous vnd von allem dem , das du mir gibest , wil ich dir opfern den cze SIS henden . • •
WZB.tei.xml;WZB_28va_3_0;Hab;KEEP;nein;VEX;VEX;lexicon.xml#lemma_2598;lexicon.xml#lemma_2598;lexicon.xml#lemma_2598_sense_77622;lexicon.xml#lemma_2598_sense_77622;variants.xml#type_8729;variants.xml#type_8729;VERBAL;high;Hilfsverb: Hab ich dir nicht gedienet;;vnd sprach zu seinem sweher : Hab ich dir nicht gedienet vmb ? worumbe hastu mir czu gelegt ? •
WZB.tei.xml;WZB_28vb_8_1;habe;KEEP;nein;VEX;VEX;lexicon.xml#lemma_2598;lexicon.xml#lemma_2598;lexicon.xml#lemma_2598_sense_77622;lexicon.xml#lemma_2598_sense_77622;variants.xml#type_8730;variants.xml#type_8730;VERBAL;high;Hilfsverb mit Partizip gepert, Subjekt ich;;Czu dem dritten male enpfieng sie aber vnd geperte einen svn vnd sprach : • Nun wirt sich mein man mit mir voreinen , | do von das ich im drei svne habe gepert . • Und dorumb nante si seinen namen . •
WZB.tei.xml;WZB_28vb_24_6;hab;KEEP;nein;VRB;VRB;lexicon.xml#lemma_2598;lexicon.xml#lemma_2598;lexicon.xml#lemma_2598_sense_77622;lexicon.xml#lemma_2598_sense_77622;variants.xml#type_8729;variants.xml#type_8729;VERBAL;high;Vollverb: ich hab ein dirn, Akkusativobjekt;;Und sie sprach : • Ich hab ein dirn , das ist . • Gee zu der selben slafen , das sie gepere ouf meinen knien vnd das sie habe ous ir svne .
WZB.tei.xml;WZB_28vb_27_4;habe;KEEP;nein;VRB;VRB;lexicon.xml#lemma_2598;lexicon.xml#lemma_2598;lexicon.xml#lemma_2598_sense_77622;lexicon.xml#lemma_2598_sense_77622;variants.xml#type_8730;variants.xml#type_8730;VERBAL;high;Konjunktiv-Vollverb: das sie habe svne (Gen 30,3);;Und sie sprach : • Ich hab ein dirn , das ist . • Gee zu der selben slafen , das sie gepere ouf meinen knien vnd das sie habe ous ir svne .
WZB.tei.xml;WZB_29ra_36_0;hab;KEEP;nein;VEX;VEX;lexicon.xml#lemma_2598;lexicon.xml#lemma_2598;lexicon.xml#lemma_2598_sense_77622;lexicon.xml#lemma_2598_sense_77622;variants.xml#type_8729;variants.xml#type_8729;VERBAL;high;Hilfsverb mit Partizip gewunnen, Subjekt ich;;Und des abendes do von dem acker quam vnd heim gieng , do gieng ous im enkegen vnd sprach : • Czu mir salt du heint slafen geen , wenne ich hab dich vmb lon gewunnen SIS vmb die alraunen meines svnes . • Und die selbe nacht slief er bei ir . •
WZB.tei.xml;WZB_29rb_9_0;hab;KEEP;nein;VEX;VEX;lexicon.xml#lemma_2598;lexicon.xml#lemma_2598;lexicon.xml#lemma_2598_sense_77622;lexicon.xml#lemma_2598_sense_77622;variants.xml#type_8729;variants.xml#type_8729;VERBAL;high;Hilfsverb zu Partizip gegeben, Subjekt ich;;vnd sprach : • Got hat mir das lon gegeben , • wenne mein mait hab ich gegeben meinem manne . • Und nante seinen namen . •
WZB.tei.xml;WZB_29rb_17_1;hab;KEEP;nein;VEX;VEX;lexicon.xml#lemma_2598;lexicon.xml#lemma_2598;lexicon.xml#lemma_2598_sense_77622;lexicon.xml#lemma_2598_sense_77622;variants.xml#type_8729;variants.xml#type_8729;VERBAL;high;hab ich gepert: Hilfsverb, 1. Sg.;;vnd sprach : • Begabt hat mich got mit einer guten morgengabe ouch zu disem male . • Mit mir wirt mein man , • wenne sechs svne hab ich im gepert . • Und dorumbe nante sie seinen namen . •
WZB.tei.xml;WZB_29va_14_5;habe;KEEP;nein;VEX;VEX;lexicon.xml#lemma_2598;lexicon.xml#lemma_2598;lexicon.xml#lemma_2598_sense_77622;lexicon.xml#lemma_2598_sense_77622;variants.xml#type_8730;variants.xml#type_8730;VERBAL;high;gedienet habe: Hilfsverb mit Partizip, Subjekt ich;;Gib mir meine housvrowen vnd meine kinder , do ich dir vmbe gedienet habe , das ich von hinne czihe . • Du weist wol meinen dienst , in dem ich dir gedienet habe . •
WZB.tei.xml;WZB_29va_17_3;habe;KEEP;nein;VEX;VEX;lexicon.xml#lemma_2598;lexicon.xml#lemma_2598;lexicon.xml#lemma_2598_sense_77622;lexicon.xml#lemma_2598_sense_77622;variants.xml#type_8730;variants.xml#type_8730;VERBAL;high;Hilfsverb: in dem ich dir gedienet habe;;Gib mir meine housvrowen vnd meine kinder , do ich dir vmbe gedienet habe , das ich von hinne czihe . • Du weist wol meinen dienst , in dem ich dir gedienet habe . •
WZB.tei.xml;WZB_29va_19_3;habe;KEEP;nein;VEX;VEX;lexicon.xml#lemma_2598;lexicon.xml#lemma_2598;lexicon.xml#lemma_2598_sense_77622;lexicon.xml#lemma_2598_sense_77622;variants.xml#type_8730;variants.xml#type_8730;VERBAL;high;Hilfsverb mit Partizip enpfunden, Subjekt ich;;Und sprach zu im : • Gnade muz ich vinden in deinen ougen . • M Mit kuntlichen dingen habe ich enpfunden , | das mir gote hat gesegent durch dich . •
WZB.tei.xml;WZB_29va_24_6;habe;KEEP;nein;VEX;VEX;lexicon.xml#lemma_2598;lexicon.xml#lemma_2598;lexicon.xml#lemma_2598_sense_77622;lexicon.xml#lemma_2598_sense_77622;variants.xml#type_8730;variants.xml#type_8730;VERBAL;high;Hilfsverb mit Partizip gedienet, Subjekt ich;;Und er antworte : • Du weisest wol , wie ich dir gedienet habe vnd wie gros in meiner hant dein besitczunge was . •
WZB.tei.xml;WZB_29vb_15_5;habe;KEEP;nein;VEX;VEX;lexicon.xml#lemma_2598;lexicon.xml#lemma_2598;lexicon.xml#lemma_2598_sense_77622;lexicon.xml#lemma_2598_sense_77622;variants.xml#type_8730;variants.xml#type_8730;VERBAL;high;Subjekt ich, Objekt das geneme (suscepi);;Do sprach : • Ich habe das geneme , das du bitest . •
WZB.tei.xml;WZB_30rb_17_2;habe;MOVE;ja;VEX;NOM;lexicon.xml#lemma_2598;lexicon.xml#lemma_2593;lexicon.xml#lemma_2598_sense_77622;;variants.xml#type_8730;variants.xml#type_8699;NOM;high;Praeposition von plus Possessiv seiner: Substantiv;;"vnd • do er hette vornomen die wort der kinder sprech = ende : • hat genomen alles , das do was vnsers vaters vnd von seiner habe ist er gereicht vnd ist worden edel ; •"
WZB.tei.xml;WZB_30rb_35_1;hab;KEEP;nein;VEX;VEX;lexicon.xml#lemma_2598;lexicon.xml#lemma_2598;lexicon.xml#lemma_2598_sense_77622;lexicon.xml#lemma_2598_sense_77622;variants.xml#type_8729;variants.xml#type_8729;VERBAL;high;Subjekt ich, Hilfsverb zu Partizip gedienet;;Und ir wisset , | das ich mit ganczer craft hab gedienet ewerm vater , •
WZB.tei.xml;WZB_30va_14_0;habe;MOVE;ja;VEX;NOM;lexicon.xml#lemma_2598;lexicon.xml#lemma_2593;lexicon.xml#lemma_2598_sense_77622;;variants.xml#type_8730;variants.xml#type_8699;NOM;high;Genitivattribut ewers vaters, Objekt zu genomen, Resumptiv sie;;Und got hat genomen ewers vaters habe vnd hat mir sie geben . •
WZB.tei.xml;WZB_30va_29_6;habe;KEEP;nein;VEX;VEX;lexicon.xml#lemma_2598;lexicon.xml#lemma_2598;lexicon.xml#lemma_2598_sense_77622;lexicon.xml#lemma_2598_sense_77622;variants.xml#type_8730;variants.xml#type_8730;VERBAL;high;Ich habe gesehen: Hilfsverb mit Partizip;;Der sprach : heb ouf dein ougen • vnd sich alle knechtlein , das sie steigen ouf die mancherlei meidel , die do gestreifter wolle sint vnd fleckecht . • Ich habe gesehen alles , das dir hat getan . •
WZB.tei.xml;WZB_30vb_4_1;habe;KEEP;nein;VEX;VEX;lexicon.xml#lemma_2598;lexicon.xml#lemma_2598;lexicon.xml#lemma_2598_sense_77622;lexicon.xml#lemma_2598_sense_77622;variants.xml#type_8730;variants.xml#type_8730;VERBAL;high;Vollverb 1. Plural: was habe wir vbriges;;vnd vnd antworten : • Nu was habe wir mere vbriges von dem gute vnd von dem erbe vnsers vaters ? •
WZB.tei.xml;WZB_30vb_10_2;habe;MOVE;ja;VEX;NOM;lexicon.xml#lemma_2598;lexicon.xml#lemma_2593;lexicon.xml#lemma_2598_sense_77622;;variants.xml#type_8730;variants.xml#type_8699;NOM;high;Genitivattribut vnsers vaters davor: Besitz (Gen 31,16 opes);;Sunder got hat genomen vnsers vaters habe • vnd hat die vns gegeben • vnd vnsern kindern . • Dorumbe alles , das dir got hat gepoten , das tu . •
WZB.tei.xml;WZB_30vb_17_4;hab;MOVE;ja;VRB;NOM;lexicon.xml#lemma_2598;lexicon.xml#lemma_2593;lexicon.xml#lemma_2598_sense_77622;;variants.xml#type_8729;variants.xml#type_80494;NOM;high;alle seine hab: Possessiv davor, Objekt zu nam;;vnd czoch von danne vnd nam alle seine hab vnd was er hette gewunnen zu • Und czoch zu seinem vater in das lant .
WZB.tei.xml;WZB_31va_8_3;habe;MOVE;ja;VEX;NOM;lexicon.xml#lemma_2598;lexicon.xml#lemma_2593;lexicon.xml#lemma_2598_sense_77622;;variants.xml#type_8730;variants.xml#type_8699;NOM;high;Possessiv deiner davor, Genitivattribut deins houses;;das du hast durch sucht alle meinen housrat ? • Was hastu funden von aller deiner habe deins houses ? • Lege das her fur deine bruder vnd vor die meinen , das sie richten czwischen mir vnd dir . •
WZB.tei.xml;WZB_31va_16_2;hab;KEEP;nein;VEX;VEX;lexicon.xml#lemma_2598;lexicon.xml#lemma_2598;lexicon.xml#lemma_2598_sense_77622;lexicon.xml#lemma_2598_sense_77622;variants.xml#type_8729;variants.xml#type_8729;VERBAL;high;Hilfsverb mit Partizip gessen, Subjekt ich;;Bin ich dorumbe czweinczik iar gewesen mit dir ? • Deine schaf vnd deine czigen waren die nicht vnfruchtber ? • Die wider deiner hert hab ich nichte gessen . •
WZB.tei.xml;WZB_31va_18_1;hab;KEEP;nein;VRB;VRB;lexicon.xml#lemma_2598;lexicon.xml#lemma_2598;lexicon.xml#lemma_2598_sense_77622;lexicon.xml#lemma_2598_sense_77622;variants.xml#type_8729;variants.xml#type_8729;VERBAL;high;Frage hab ich geczeiget: Hilfsverb;;Und die | die wolf czukten , hab ich dir das nicht geczeiget ? • Allen deinen schaden hab ich dir ouf gerichtet • Und was do vorstoln wart , |
WZB.tei.xml;WZB_31va_19_5;hab;KEEP;nein;VEX;VEX;lexicon.xml#lemma_2598;lexicon.xml#lemma_2598;lexicon.xml#lemma_2598_sense_77622;lexicon.xml#lemma_2598_sense_77622;variants.xml#type_8729;variants.xml#type_8729;VERBAL;high;hab ich ouf gerichtet: Hilfsverb, 1. Sg.;;Und die | die wolf czukten , hab ich dir das nicht geczeiget ? • Allen deinen schaden hab ich dir ouf gerichtet • Und was do vorstoln wart , |
WZB.tei.xml;WZB_31va_26_3;hab;KEEP;nein;VRB;VRB;lexicon.xml#lemma_2598;lexicon.xml#lemma_2598;lexicon.xml#lemma_2598_sense_77622;lexicon.xml#lemma_2598_sense_77622;variants.xml#type_8729;variants.xml#type_8729;VERBAL;high;hab ich gedienet: Hilfsverb mit Partizip;;Also hab ich czweinczig iar in deinem house dir gedienet . • Uirczehen iar vmbe die tochter • vnd sechs vmb deine schaf . • Gewandelt hastu czu czehen malen meinen lone .
WZB.tei.xml;WZB_32ra_18_1;habe;KEEP;nein;VEX;VEX;lexicon.xml#lemma_2598;lexicon.xml#lemma_2598;lexicon.xml#lemma_2598_sense_77622;lexicon.xml#lemma_2598_sense_77622;variants.xml#type_8730;variants.xml#type_8730;VERBAL;high;Hilfsverb: den ich ouf habe gericht;;Und sprach aber zu : • Sich dicz grap vnd den stein , den ich ouf habe gericht , |
WZB.tei.xml;WZB_32rb_14_0;hab;KEEP;nein;VEX;VEX;lexicon.xml#lemma_2598;lexicon.xml#lemma_2598;lexicon.xml#lemma_2598_sense_77622;lexicon.xml#lemma_2598_sense_77622;variants.xml#type_8729;variants.xml#type_8729;VERBAL;high;Hilfsverb mit Partizip gepilgereimet, Subjekt ich;;vnd gepot in vnd sprach : • Also sprecht zu meinem herren : • Also spricht dein bruder : • Bei hab ich gepilgereimet • vnd bin do gewesen bis an den hutigen tag . •
WZB.tei.xml;WZB_32rb_16_4;hab;KEEP;nein;VRB;VRB;lexicon.xml#lemma_2598;lexicon.xml#lemma_2598;lexicon.xml#lemma_2598_sense_77622;lexicon.xml#lemma_2598_sense_77622;variants.xml#type_8729;variants.xml#type_8729;VERBAL;high;Vollverb: Ich hab ochsen vnd esil, Akkusativobjekte;;Ich hab ochsen vnd esil vnd schaf vnd knechte vnd meide vnd sende nv boten zu dir , meinen herren , also das ich gnade vinde in deinen ougen . •
WZB.tei.xml;WZB_33rb_25_4;hab;KEEP;nein;VEX;VEX;lexicon.xml#lemma_2598;lexicon.xml#lemma_2598;lexicon.xml#lemma_2598_sense_77622;lexicon.xml#lemma_2598_sense_77622;variants.xml#type_8729;variants.xml#type_8729;VERBAL;high;Hilfsverb mit Partizip gesehn, Subjekt ich;;Und nante die selbe stat • sprechende : • Ich hab gesehn got von ougen zu ougen vnd heil ist worden mein sele . •
WZB.tei.xml;WZB_33vb_4_0;hab;KEEP;nein;VRB;VRB;lexicon.xml#lemma_2598;lexicon.xml#lemma_2598;lexicon.xml#lemma_2598_sense_77622;lexicon.xml#lemma_2598_sense_77622;variants.xml#type_8729;variants.xml#type_8729;VERBAL;high;1. Sg. Indikativ: nu hab ich mer wenne du;;Und sprach : • Nu hab ich mer , wenne du , meyn bruder , sei das deine dein . •
WZB.tei.xml;WZB_33vb_7_1;hab;KEEP;nein;VEX;VEX;lexicon.xml#lemma_2598;lexicon.xml#lemma_2598;lexicon.xml#lemma_2598_sense_77622;lexicon.xml#lemma_2598_sense_77622;variants.xml#type_8729;variants.xml#type_8729;VERBAL;high;Konditional hab ich gnade funden: Hilfsverb;;sprach : • Nicht also mein bruder pit dich , sunder hab ich gnade funden in deinen ougen , | so nym die cleine gabe ous meinen henden . • Wenne also hab ich gesehen dein gestalt , | recht als ich sehe die angesichte gotis . • Bis mir genedig |
WZB.tei.xml;WZB_33vb_10_1;hab;KEEP;nein;VEX;VEX;lexicon.xml#lemma_2598;lexicon.xml#lemma_2598;lexicon.xml#lemma_2598_sense_77622;lexicon.xml#lemma_2598_sense_77622;variants.xml#type_8729;variants.xml#type_8729;VERBAL;high;hab ich gesehen: Hilfsverb, 1. Sg.;;sprach : • Nicht also mein bruder pit dich , sunder hab ich gnade funden in deinen ougen , | so nym die cleine gabe ous meinen henden . • Wenne also hab ich gesehen dein gestalt , | recht als ich sehe die angesichte gotis . • Bis mir genedig |
WZB.tei.xml;WZB_33vb_14_1;hab;KEEP;nein;VEX;VEX;lexicon.xml#lemma_2598;lexicon.xml#lemma_2598;lexicon.xml#lemma_2598_sense_77622;lexicon.xml#lemma_2598_sense_77622;variants.xml#type_8729;variants.xml#type_8729;VERBAL;high;ich dir hab geopfert: Hilfsverb mit Partizip;;vnd enpfach den segen , | den ich dir hab geopfert • Und den mir gegeben hat got , | der do gibt alle dinck . • Kovme betwang in der bruder vlehende . •
WZB.tei.xml;WZB_33vb_21_7;habe;KEEP;nein;VRB;VRB;lexicon.xml#lemma_2598;lexicon.xml#lemma_2598;lexicon.xml#lemma_2598_sense_77622;lexicon.xml#lemma_2598_sense_77622;variants.xml#type_8730;variants.xml#type_8730;VERBAL;high;Vollverb: das ich cleine kindlein habe;;Und sprach : • Du weist wol , mein herre , | das ich cleine kindlein habe , | iunge vnd tragende schaf vnd rinder mit mir . • Ist , das ich die vber treibe zu geen mer , wenne sie vormugen , | so sterben mir dise hert alle an einem tage . •
WZB.tei.xml;WZB_34vb_27_1;habe;MOVE;ja;VEX;NOM;lexicon.xml#lemma_2598;lexicon.xml#lemma_2593;lexicon.xml#lemma_2598_sense_77622;;variants.xml#type_8730;variants.xml#type_8699;NOM;high;Possessiv ir davor, Koordination mit vich (Gen 34,23 substantia);;so wirt ir habe | vnd ir vich | vnd alles , das sie besitczen , vnser . • Nur an dem einem gehenge wir in vnd wonen mit ein ander • vnd wer den ein uolk . •
WZB.tei.xml;WZB_35va_30_2;hab;KEEP;nein;VEX;VEX;lexicon.xml#lemma_2598;lexicon.xml#lemma_2598;lexicon.xml#lemma_2598_sense_77622;lexicon.xml#lemma_2598_sense_77622;variants.xml#type_8729;variants.xml#type_8729;VERBAL;high;Hilfsverb mit Partizip gegeben, Subjekt ich;;Und die erde , die ich hab gegeben vnd , die wil ich dir geben • vnd deinem samen noch dir . •
WZB.tei.xml;WZB_36rb_16_2;habe;MOVE;ja;VRB;NOM;lexicon.xml#lemma_2598;lexicon.xml#lemma_2593;lexicon.xml#lemma_2598_sense_77622;;variants.xml#type_8730;variants.xml#type_8699;NOM;high;Possessiv sein davor, Koordination mit sein vich;;Aber nam sein housvrowe vnd sein tŏchter vnd sein svne vnd alle menschen seines houses vnd sein habe vnd sein vich Und alles , das er mocht gehaben in der erden , | vnd karte in ein ander lant | Und czoch von seinem bruder ,
WZB.tei.xml;WZB_37va_2_0;hab;KEEP;nein;VEX;VEX;lexicon.xml#lemma_2598;lexicon.xml#lemma_2598;lexicon.xml#lemma_2598_sense_77622;lexicon.xml#lemma_2598_sense_77622;variants.xml#type_8729;variants.xml#type_8729;VERBAL;high;Hilfsverb mit Partizip gesehen, Relativsatz;;Und her sprach zu in : Hŏret meinen trovm , den ich GENE hab gesehen . •
WZB.tei.xml;WZB_37vb_30_4;hab;KEEP;nein;VEX;VEX;lexicon.xml#lemma_2598;lexicon.xml#lemma_2598;lexicon.xml#lemma_2598_sense_77622;lexicon.xml#lemma_2598_sense_77622;variants.xml#type_8729;variants.xml#type_8729;VERBAL;high;Subjekt ich, Hilfsverb mit Infinitiv hoern;;Und der man antworte : • Sie sint weck geczogen von diser stat . • Ich hab sie hŏrn sprechende : • Gee wir gegen . • czoch dorumbe noch seinen brudern • Und vant sie zu . •
WZB.tei.xml;WZB_38rb_34_1;habe;KEEP;nein;VEX;VEX;lexicon.xml#lemma_2598;lexicon.xml#lemma_2598;lexicon.xml#lemma_2598_sense_77622;lexicon.xml#lemma_2598_sense_77622;variants.xml#type_8730;variants.xml#type_8730;VERBAL;high;habe wir funden: 1. Plural, Hilfsverb;;Und santen , | die in trugen zu dem vater vnd sprachen : • Den rock habe wir funden ! | sich , ob es deines svnes rock sei oder GENE nicht . •
WZB.tei.xml;WZB_39va_14_6;hab;KEEP;nein;VEX;VEX;lexicon.xml#lemma_2598;lexicon.xml#lemma_2598;lexicon.xml#lemma_2598_sense_77622;lexicon.xml#lemma_2598_sense_77622;variants.xml#type_8729;variants.xml#type_8729;VERBAL;high;Ich hab funden: Hilfsverb mit Partizip, Negation;;Und her quam wider zu | vnd ł sprach zu im : • Ich hab ir nicht funden , • Sunder ouch die leute der selben stat haben mir gesaget , | das ny kein hure do sei gesessen . •
WZB.tei.xml;WZB_39va_19_0;Habe;KEEP;nein;VEX;VEX;lexicon.xml#lemma_2598;lexicon.xml#lemma_2598;lexicon.xml#lemma_2598_sense_77622;lexicon.xml#lemma_2598_sense_77622;variants.xml#type_8730;variants.xml#type_8730;VERBAL;high;Konjunktiv: Habe sie irs (Vulgata: habeat sibi);;sprach : Habe sie irs . • Uor war sie enmag vns doch nicht lugstrafen . | ich hab ir gesant den bok , den ich ir gelobte , | vnd du enhast ir nicht funden . •
WZB.tei.xml;WZB_39va_21_3;hab;KEEP;nein;VEX;VEX;lexicon.xml#lemma_2598;lexicon.xml#lemma_2598;lexicon.xml#lemma_2598_sense_77622;lexicon.xml#lemma_2598_sense_77622;variants.xml#type_8729;variants.xml#type_8729;VERBAL;high;Hilfsverb mit Partizip gesant, Subjekt ich;;sprach : Habe sie irs . • Uor war sie enmag vns doch nicht lugstrafen . | ich hab ir gesant den bok , den ich ir gelobte , | vnd du enhast ir nicht funden . •
WZB.tei.xml;WZB_39va_34_4;hab;KEEP;nein;VEX;VEX;lexicon.xml#lemma_2598;lexicon.xml#lemma_2598;lexicon.xml#lemma_2598_sense_77622;lexicon.xml#lemma_2598_sense_77622;variants.xml#type_8729;variants.xml#type_8729;VERBAL;high;Hilfsverb mit Partizip enpfangen, Subjekt ich;;Do man si furte zu der pein , • Do sante sie zu irem sweher sprechende : • Uon dem manne des das ist , | do hab ich von enpfangen . • Erkenne , wes das vingerlein sei | vnd das achsil span vnd der stab . •
WZB.tei.xml;WZB_39vb_4_4;hab;KEEP;nein;VEX;VEX;lexicon.xml#lemma_2598;lexicon.xml#lemma_2598;lexicon.xml#lemma_2598_sense_77622;lexicon.xml#lemma_2598_sense_77622;variants.xml#type_8729;variants.xml#type_8729;VERBAL;high;Hilfsverb mit Partizip gegebin, Negation nicht;;Und do her er SIS kante die gabe , do sprach er : • Sie ist gerechter wenne ich , | wenne ich sie nicht gegebin hab meinem svne . • Aber doch dir kante er ir furbas nicht mer .
WZB.tei.xml;WZB_40ra_14_4;habe;MOVE;ja;VRB;NOM;lexicon.xml#lemma_2598;lexicon.xml#lemma_2593;lexicon.xml#lemma_2598_sense_77622;;variants.xml#type_8730;variants.xml#type_8699;NOM;high;Possessiv seine plus alle: Substantiv Besitz;;Und vnser herre gesegente seinem house | durch | vnd merte im ł also wol in den heusern als vf den eckern alle seine habe . •
WZB.tei.xml;WZB_40ra_32_3;habe;KEEP;nein;VEX;VEX;lexicon.xml#lemma_2598;lexicon.xml#lemma_2598;lexicon.xml#lemma_2598_sense_77622;lexicon.xml#lemma_2598_sense_77622;variants.xml#type_8730;variants.xml#type_8730;VERBAL;high;Konjunktiv nach das, Hilfsverb zu bevolhen, Negation;;noch - es en ist nichtesnicht , | das nicht sei in meiner gewalt | oder das er mir nicht habe bevolhen • an dich , | wenne du bist sein h housvrowe . | Wie mag ich das bŏze getvn | vnd gesvnden in meinen herren ? •
WZB.tei.xml;WZB_41ra_6_0;hab;KEEP;nein;VEX;VEX;lexicon.xml#lemma_2598;lexicon.xml#lemma_2598;lexicon.xml#lemma_2598_sense_77622;lexicon.xml#lemma_2598_sense_77622;variants.xml#type_8729;variants.xml#type_8729;VERBAL;high;hab wir gesehen: 1. Plural, Hilfsverb;;Und sie antworten : • Trovme hab wir gesehen vnd nyemant ist hie , der vns sie ouslege . • Und der sprach zu in : • Nu wie | ist nicht gotis die ouslegunge . • Saget mir , was habt ir gesehen ! •
WZB.tei.xml;WZB_41rb_11_0;hab;KEEP;nein;VEX;VEX;lexicon.xml#lemma_2598;lexicon.xml#lemma_2598;lexicon.xml#lemma_2598_sense_77622;lexicon.xml#lemma_2598_sense_77622;variants.xml#type_8729;variants.xml#type_8729;VERBAL;high;Ich hab gesehen einen trovm: Hilfsverb;;Nu sach der pecken meister , daz er den trovm vornvnfticlichn hett entslossen vnd sprach : • Ich hab gesehen einen | trovm , wie das ich hette drei kŏrbe meles ouf meinem houbte . •
WZB.tei.xml;WZB_42ra_24_3;hab;KEEP;nein;VEX;VEX;lexicon.xml#lemma_2598;lexicon.xml#lemma_2598;lexicon.xml#lemma_2598_sense_77622;lexicon.xml#lemma_2598_sense_77622;variants.xml#type_8729;variants.xml#type_8729;VERBAL;high;Hilfsverb: Ich hab gesehen troume;;Czu dem sprach : • Ich hab gesehen troume | vnd nymant ist , | der mir sie entsliesse . • Die hab ich dich hŏren gar weislichen ouslegen .
WZB.tei.xml;WZB_42ra_26_5;hab;KEEP;nein;VEX;VEX;lexicon.xml#lemma_2598;lexicon.xml#lemma_2598;lexicon.xml#lemma_2598_sense_77622;lexicon.xml#lemma_2598_sense_77622;variants.xml#type_8729;variants.xml#type_8729;VERBAL;high;Hilfsverb mit AcI dich hoeren ouslegen, Subjekt ich;;Czu dem sprach : • Ich hab gesehen troume | vnd nymant ist , | der mir sie entsliesse . • Die hab ich dich hŏren gar weislichen ouslegen .
WZB.tei.xml;WZB_42rb_6_2;hab;KEEP;nein;VEX;VEX;lexicon.xml#lemma_2598;lexicon.xml#lemma_2598;lexicon.xml#lemma_2598_sense_77622;lexicon.xml#lemma_2598_sense_77622;variants.xml#type_8729;variants.xml#type_8729;VERBAL;high;Hilfsverb mit Partizip gesehen, Subjekt ich;;Und sich | den selben volgten nach | ander siben ŏchsen | gar vngestalterr vnd magerr , | das ich ny vngestalter in lande hab gesehen . |
WZB.tei.xml;WZB_42vb_17_3;hab;KEEP;nein;VEX;VEX;lexicon.xml#lemma_2598;lexicon.xml#lemma_2598;lexicon.xml#lemma_2598_sense_77622;lexicon.xml#lemma_2598_sense_77622;variants.xml#type_8729;variants.xml#type_8729;VERBAL;high;Hilfsverb mit Partizip gesaczt, Subjekt ich;;Vnd aber sprach czu : • Sich , ich hab dich gesaczt vbir alle , •
WZB.tei.xml;WZB_43rb_36_6;hab;KEEP;nein;VEX;VEX;lexicon.xml#lemma_2598;lexicon.xml#lemma_2598;lexicon.xml#lemma_2598_sense_77622;lexicon.xml#lemma_2598_sense_77622;variants.xml#type_8729;variants.xml#type_8729;VERBAL;high;Hilfsverb mit Partizip gehort, Subjekt ich;;ich hab GENE gehort , man vorkoufe weicz zu . • Czihet hin abe | vnd koufet vns , des wir bedurfen , | das geleben mugen , | das wir icht vorterben hungers . •
WZB.tei.xml;WZB_43vb_26_3;hab;KEEP;nein;VEX;VEX;lexicon.xml#lemma_2598;lexicon.xml#lemma_2598;lexicon.xml#lemma_2598_sense_77622;lexicon.xml#lemma_2598_sense_77622;variants.xml#type_8729;variants.xml#type_8729;VERBAL;high;Relativsatz, Hilfsverb zu gesprochen, Subjekt ich;;Das ist , sprach er , das ich gesprochen hab , speher seit ir ! |
WZB.tei.xml;WZB_44ra_6_4;hab;KEEP;nein;VEX;VEX;lexicon.xml#lemma_2598;lexicon.xml#lemma_2598;lexicon.xml#lemma_2598_sense_77622;lexicon.xml#lemma_2598_sense_77622;variants.xml#type_8729;variants.xml#type_8729;VERBAL;high;das ich gesprochen hab: Hilfsverb im Relativsatz;;an dem dritten tage | lies her sie furen ous dem kercker vnd sprach : Tut das ich gesprochen hab vnd lebet , • wenne got vorchte ich . •
WZB.tei.xml;WZB_44rb_18_7;hab;KEEP;nein;VEX;VEX;lexicon.xml#lemma_2598;lexicon.xml#lemma_2598;lexicon.xml#lemma_2598_sense_77622;lexicon.xml#lemma_2598_sense_77622;variants.xml#type_8729;variants.xml#type_8729;VERBAL;high;ich hab es: Vollverb mit Subjekt und Objekt;;vnd sagte das seinen brudern : • Gegeben ist mir wider das gelt , | secht , ich hab es in dem sacke ! • Und sie erschraken alle | vnd wurden betrubt vnd sprachen wechsilnde : • Waz ist nv das , | das vns got hat getan ? •
WZB.tei.xml;WZB_44va_10_0;habe;KEEP;nein;VEX;VEX;lexicon.xml#lemma_2598;lexicon.xml#lemma_2598;lexicon.xml#lemma_2598_sense_77622;lexicon.xml#lemma_2598_sense_77622;variants.xml#type_8730;variants.xml#type_8730;VERBAL;high;Vollverb: den ich in gevenknusse habe;;vnd ewern minsten bruder den furet her zu mir , | das ich wisse , | das ir nicht seit speher , das ir ouch disen , | den ich in gevenknusse habe , muget genemen vnd furbas laube habet | czu koufen , was ir wŏllet . •
WZB.tei.xml;WZB_45rb_32_1;habe;KEEP;nein;VEX;VEX;lexicon.xml#lemma_2598;lexicon.xml#lemma_2598;lexicon.xml#lemma_2598_sense_77622;lexicon.xml#lemma_2598_sense_77622;variants.xml#type_8730;variants.xml#type_8730;VERBAL;high;Hilfsverb mit Partizip gebracht, Subjekt wir;;Sunder ouch ander silber habe wir gebracht , • so das wir koufen was vns notdurft ist . • Es en ist nicht in vnser gewissen , | wer das hab geleget in vnser beigurtil . •
WZB.tei.xml;WZB_45rb_35_5;hab;KEEP;nein;VEX;VEX;lexicon.xml#lemma_2598;lexicon.xml#lemma_2598;lexicon.xml#lemma_2598_sense_77622;lexicon.xml#lemma_2598_sense_77622;variants.xml#type_8729;variants.xml#type_8729;VERBAL;high;Konjunktiv-Hilfsverb mit Partizip geleget, Subjekt wer;;Sunder ouch ander silber habe wir gebracht , • so das wir koufen was vns notdurft ist . • Es en ist nicht in vnser gewissen , | wer das hab geleget in vnser beigurtil . •
WZB.tei.xml;WZB_45va_8_0;hab;KEEP;nein;VEX;VEX;lexicon.xml#lemma_2598;lexicon.xml#lemma_2598;lexicon.xml#lemma_2598_sense_77622;lexicon.xml#lemma_2598_sense_77622;variants.xml#type_8729;variants.xml#type_8729;VERBAL;high;Hilfsverb mit Partizip vorsucht, Subjekt ich;;Und GENE der schaffer antworte : • Fried sei euch . • Nicht vorchtet euch . • Ewer got | vnd ewers vaters got hat euch gegeben das gelt in ewer secke , | wenne das gelt das ir mir gegebin habt , daz hab ich vorsucht | vnd behalden . Und her ous furte er zu in vnd furte sie in das hous
WZB.tei.xml;WZB_47ra_22_4;hab;KEEP;nein;VEX;VEX;lexicon.xml#lemma_2598;lexicon.xml#lemma_2598;lexicon.xml#lemma_2598_sense_77622;lexicon.xml#lemma_2598_sense_77622;variants.xml#type_8729;variants.xml#type_8729;VERBAL;high;Hilfsverb mit Partizip genomen;;Ich eigentlich bin dein knecht , • Wenne ich disen iungen ouf mein trew̆ hab genomen • Und hab gelobet sprechende : | Ich brenge in denne her wider , | so werde ich der svnden schuldig in vnsern vater alle czeit . •
WZB.tei.xml;WZB_47ra_23_3;hab;KEEP;nein;VEX;VEX;lexicon.xml#lemma_2598;lexicon.xml#lemma_2598;lexicon.xml#lemma_2598_sense_77622;lexicon.xml#lemma_2598_sense_77622;variants.xml#type_8729;variants.xml#type_8729;VERBAL;high;Koordiniertes Hilfsverb vnd hab gelobet (Subjekt ich);;Ich eigentlich bin dein knecht , • Wenne ich disen iungen ouf mein trew̆ hab genomen • Und hab gelobet sprechende : | Ich brenge in denne her wider , | so werde ich der svnden schuldig in vnsern vater alle czeit . •
WZB.tei.xml;WZB_49rb_2_5;hab;KEEP;nein;VEX;VEX;lexicon.xml#lemma_2598;lexicon.xml#lemma_2598;lexicon.xml#lemma_2598_sense_77622;lexicon.xml#lemma_2598_sense_77622;variants.xml#type_8729;variants.xml#type_8729;VERBAL;high;ich hab gesehen: Hilfsverb, 1. Sg.;;Do sprach der vater zu : • Nu sterbe ich vroli Genesis chen , | wenne ich hab dein antlicze gesehen vnd las dich hinder mir . •
WZB.tei.xml;WZB_50rb_34_0;habe;KEEP;nein;VEX;VEX;lexicon.xml#lemma_2598;lexicon.xml#lemma_2598;lexicon.xml#lemma_2598_sense_77622;lexicon.xml#lemma_2598_sense_77622;variants.xml#type_8730;variants.xml#type_8730;VERBAL;high;gnade funden habe: Hilfsverb mit Partizip;;U Und do her sach nehenden den tack seines todes , | do rufte her seinem svne vnd sprach zu im : • Ist das ich gnade funden habe in deiner angesichte , so lege deine hant vnder meine GENE huf | vnd tu mit mir barmherczicheit vnd warheit , | das du mich nicht begrabest in ,
WZB.tei.xml;WZB_51va_2_1;hab;KEEP;nein;VEX;VEX;lexicon.xml#lemma_2598;lexicon.xml#lemma_2598;lexicon.xml#lemma_2598_sense_77622;lexicon.xml#lemma_2598_sense_77622;variants.xml#type_8729;variants.xml#type_8729;VERBAL;high;Hilfsverb: genomen hab ous des amorren hant;;Ich gebe dir ein teil ous allen deinen brudern , das ich e GENE genomen hab ous des amorren hant | in meinem swerte | v vnd in meinem bogen . •
WZB.tei.xml;WZB_52va_20_6;habe;KEEP;nein;VEX;VEX;lexicon.xml#lemma_2598;lexicon.xml#lemma_2598;lexicon.xml#lemma_2598_sense_77622;lexicon.xml#lemma_2598_sense_77622;variants.xml#type_8730;variants.xml#type_8730;VERBAL;high;Hilfsverb mit Partizip funden, Subjekt ich;;Und do volbracht wart die czeit der clage , | do sprach zu dem gesinde : Ist , das ich genade funden habe in ewern ougen , | so sprecht in die oren , •
WZB.tei.xml;WZB_52va_26_1;habe;KEEP;nein;VEX;VEX;lexicon.xml#lemma_2598;lexicon.xml#lemma_2598;lexicon.xml#lemma_2598_sense_77622;lexicon.xml#lemma_2598_sense_77622;variants.xml#type_8730;variants.xml#type_8730;VERBAL;high;Hilfsverb mit Partizip gegraben, Subjekt ich;;Do von das mein vater mich besworn hat sprechende : • Sich , ich sterbe in meinem grabe , | das ich mir gegraben habe , | in der erden do begrabe mich . • Dorvmbe so wil ich ouf czihen vnd begraben meinen vater | vnd wil wider komen . •
WZB.tei.xml;WZB_54va_30_1;hab;KEEP;nein;VEX;VEX;lexicon.xml#lemma_2598;lexicon.xml#lemma_2598;lexicon.xml#lemma_2598_sense_77622;lexicon.xml#lemma_2598_sense_77622;variants.xml#type_8729;variants.xml#type_8729;VERBAL;high;Hilfsverb mit Partizip genvmen, Subjekt ich;;Die benvmet ir das zu einem svne • vnd nante seinen namen sprechende : • Wenne ous dem ł wasser hab ich in genvmen . •
WZB.tei.xml;WZB_55va_19_6;hab;KEEP;nein;VEX;VEX;lexicon.xml#lemma_2598;lexicon.xml#lemma_2598;lexicon.xml#lemma_2598_sense_77622;lexicon.xml#lemma_2598_sense_77622;variants.xml#type_8729;variants.xml#type_8729;VERBAL;high;Hilfsverb mit Partizip gesehen, Gottesrede 1. Sg.;;Czu dem sprach vnser herre : • Ich hab gesehen die phlage meines volkis vnd ir geschrei hab ich gehort durch ir herticheit , der die vor DUS weser sint des werkis | vnd weis iren wetagen wol |
WZB.tei.xml;WZB_55va_21_3;hab;KEEP;nein;VEX;VEX;lexicon.xml#lemma_2598;lexicon.xml#lemma_2598;lexicon.xml#lemma_2598_sense_77622;lexicon.xml#lemma_2598_sense_77622;variants.xml#type_8729;variants.xml#type_8729;VERBAL;high;Hilfsverb zu gehort, Subjekt ich, Objekt ir geschrei;;Czu dem sprach vnser herre : • Ich hab gesehen die phlage meines volkis vnd ir geschrei hab ich gehort durch ir herticheit , der die vor DUS weser sint des werkis | vnd weis iren wetagen wol |
WZB.tei.xml;WZB_55vb_10_0;hab;KEEP;nein;VEX;VEX;lexicon.xml#lemma_2598;lexicon.xml#lemma_2598;lexicon.xml#lemma_2598_sense_77622;lexicon.xml#lemma_2598_sense_77622;variants.xml#type_8729;variants.xml#type_8729;VERBAL;high;ich hab gesehen: Hilfsverb, 1. Sg.;;Der ruf ist komen zu mir | vnd ich hab gesehen ire phlage , | do mit sie drukten die . •
WZB.tei.xml;WZB_55vb_21_1;habe;KEEP;nein;VEX;VEX;lexicon.xml#lemma_2598;lexicon.xml#lemma_2598;lexicon.xml#lemma_2598_sense_77622;lexicon.xml#lemma_2598_sense_77622;variants.xml#type_8730;variants.xml#type_8730;VERBAL;high;ich dich gesant habe: Hilfsverb mit Partizip;;Der sprach zu im : • Ich wil sein mit dir | vnd das wirstu habn zu einem czeichen , | das ich dich gesant habe . • Wenne du ous gefurest mein volk von , so wirstu got opfern ouf disem berge . •
WZB.tei.xml;WZB_56ra_18_4;habe;KEEP;nein;VEX;VEX;lexicon.xml#lemma_2598;lexicon.xml#lemma_2598;lexicon.xml#lemma_2598_sense_77622;lexicon.xml#lemma_2598_sense_77622;variants.xml#type_8730;variants.xml#type_8730;VERBAL;high;Hilfsverb: besucht habe ich euch;;Gee vnd besammen die alden von vnd sprich zu in : Got , herre ewerr veter , ist mir erschinen , | got , got | vnd got sprechende : • Besuchende besucht habe ich euch | vnd hab alles das gesehen , | das euch geschehen ist in •
WZB.tei.xml;WZB_56ra_19_4;hab;KEEP;nein;VEX;VEX;lexicon.xml#lemma_2598;lexicon.xml#lemma_2598;lexicon.xml#lemma_2598_sense_77622;lexicon.xml#lemma_2598_sense_77622;variants.xml#type_8729;variants.xml#type_8729;VERBAL;high;Hilfsverb mit Partizip gesehen, 1. Sg.;;Gee vnd besammen die alden von vnd sprich zu in : Got , herre ewerr veter , ist mir erschinen , | got , got | vnd got sprechende : • Besuchende besucht habe ich euch | vnd hab alles das gesehen , | das euch geschehen ist in •
WZB.tei.xml;WZB_56ra_21_2;hab;KEEP;nein;VEX;VEX;lexicon.xml#lemma_2598;lexicon.xml#lemma_2598;lexicon.xml#lemma_2598_sense_77622;lexicon.xml#lemma_2598_sense_77622;variants.xml#type_8729;variants.xml#type_8729;VERBAL;high;Hilfsverb mit Partizip gesprochen;;Und hab gesprochen , das ich fure ous der phlage der | in die erde | der | vnd der | vnd der , | Der vnd der vnd der | zu der erden , die do fleusset von milch vnd von honigseim . •
WZB.tei.xml;WZB_57rb_8_5;hab;KEEP;nein;VEX;VEX;lexicon.xml#lemma_2598;lexicon.xml#lemma_2598;lexicon.xml#lemma_2598_sense_77622;lexicon.xml#lemma_2598_sense_77622;variants.xml#type_8729;variants.xml#type_8729;VERBAL;high;Hilfsverb mit Partizip gesaczt, Relativsatz ich;;Und vnser herre sprach zu im , do her wider kerende was gegen : • ł Sich , das du alle meine geczeigten wunder , | die ich hab gesaczt hab in deine hant , machst vor herren . • Ich wil sein hercze herten | vnd her wirt nicht lasen das volk
WZB.tei.xml;WZB_57rb_9_0;hab;KEEP;nein;VEX;VEX;lexicon.xml#lemma_2598;lexicon.xml#lemma_2598;lexicon.xml#lemma_2598_sense_77622;lexicon.xml#lemma_2598_sense_77622;variants.xml#type_8729;variants.xml#type_8729;VERBAL;medium;"Hilfsverb zu gesaczt, wohl doppelt gesetzt; kein Determinativ";Konfidenz unter high, keine Aenderung noetig;Und vnser herre sprach zu im , do her wider kerende was gegen : • ł Sich , das du alle meine geczeigten wunder , | die ich hab gesaczt hab in deine hant , machst vor herren . • Ich wil sein hercze herten | vnd her wirt nicht lasen das volk
WZB.tei.xml;WZB_57rb_15_0;hab;KEEP;nein;VEX;VEX;lexicon.xml#lemma_2598;lexicon.xml#lemma_2598;lexicon.xml#lemma_2598_sense_77622;lexicon.xml#lemma_2598_sense_77622;variants.xml#type_8729;variants.xml#type_8729;VERBAL;high;Subjekt ich, Hilfsverb zu gesprochen;;ich hab zu dir gesprochen : | Lase meinen svn , | das her mir diene | vnd du woldist in nicht lasen , • Sich , ich wil erslahen deinen erstgebornen svn . •
WZB.tei.xml;WZB_58va_7_0;hab;KEEP;nein;VEX;VEX;lexicon.xml#lemma_2598;lexicon.xml#lemma_2598;lexicon.xml#lemma_2598_sense_77622;lexicon.xml#lemma_2598_sense_77622;variants.xml#type_8729;variants.xml#type_8729;VERBAL;high;hab ich geczeiget: Hilfsverb mit Negation;;der erschinen ist , vnd in gote dem almechtigen | vnd meinen namen hab ich in nicht geczeiget •
WZB.tei.xml;WZB_58va_8_4;habe;KEEP;nein;VEX;VEX;lexicon.xml#lemma_2598;lexicon.xml#lemma_2598;lexicon.xml#lemma_2598_sense_77622;lexicon.xml#lemma_2598_sense_77622;variants.xml#type_8730;variants.xml#type_8730;VERBAL;high;gelubde habe ich geslagen: Hilfsverb mit Partizip;;Und gelubde habe ich mit in geslagen , | so das ich in gebe die erde , | die erde irr pilgereimunge , in der sie sint gewesen fremde . •
WZB.tei.xml;WZB_58va_12_7;habe;KEEP;nein;VEX;VEX;lexicon.xml#lemma_2598;lexicon.xml#lemma_2598;lexicon.xml#lemma_2598_sense_77622;lexicon.xml#lemma_2598_sense_77622;variants.xml#type_8730;variants.xml#type_8730;VERBAL;high;Hilfsverb: Ich habe gehort das sufczen;;Ich habe gehort das sufczen , • in dem sie vordrukt haben die vnd hab gedacht meines gelubdes .
WZB.tei.xml;WZB_58va_15_0;hab;KEEP;nein;VEX;VEX;lexicon.xml#lemma_2598;lexicon.xml#lemma_2598;lexicon.xml#lemma_2598_sense_77622;lexicon.xml#lemma_2598_sense_77622;variants.xml#type_8729;variants.xml#type_8729;VERBAL;high;Hilfsverb mit Partizip gedacht, 1. Sg.;;Ich habe gehort das sufczen , • in dem sie vordrukt haben die vnd hab gedacht meines gelubdes .
WZB.tei.xml;WZB_58va_28_1;hab;KEEP;nein;VEX;VEX;lexicon.xml#lemma_2598;lexicon.xml#lemma_2598;lexicon.xml#lemma_2598_sense_77622;lexicon.xml#lemma_2598_sense_77622;variants.xml#type_8729;variants.xml#type_8729;VERBAL;high;Hilfsverb mit Partizip gefurt, Objekt euch;;vnd hab euch ein gefurt | in erden , | vber die ich erhabn habe mein hant , | das ich sie gebe , vnd . Und ich herre wil euch die geben zu besiczen . •
WZB.tei.xml;WZB_58va_29_7;habe;KEEP;nein;VRB;VRB;lexicon.xml#lemma_2598;lexicon.xml#lemma_2598;lexicon.xml#lemma_2598_sense_77622;lexicon.xml#lemma_2598_sense_77622;variants.xml#type_8730;variants.xml#type_8730;VERBAL;high;Hilfsverb mit Partizip erhabn, Objekt mein hant;;vnd hab euch ein gefurt | in erden , | vber die ich erhabn habe mein hant , | das ich sie gebe , vnd . Und ich herre wil euch die geben zu besiczen . •
WZB.tei.xml;WZB_59rb_11_7;hab;KEEP;nein;VEX;VEX;lexicon.xml#lemma_2598;lexicon.xml#lemma_2598;lexicon.xml#lemma_2598_sense_77622;lexicon.xml#lemma_2598_sense_77622;variants.xml#type_8729;variants.xml#type_8729;VERBAL;high;Hilfsverb mit Partizip gesaczt, Subjekt ich;;Und vnser herre sprach zu : • Sich , ich hab dich gesaczt got vnd , dein bruder , wirt dein prophete . •
WZB.tei.xml;WZB_59rb_29_3;hab;KEEP;nein;VEX;VEX;lexicon.xml#lemma_2598;lexicon.xml#lemma_2598;lexicon.xml#lemma_2598_sense_77622;lexicon.xml#lemma_2598_sense_77622;variants.xml#type_8729;variants.xml#type_8729;VERBAL;high;Hilfsverb zu ous gefurt, Subjekt ich;;das die erkennen , | wenne ich bins der herre , der do gerakt hat sein hant vber die . Und ous gefurt hab ich ous irr mitte . •
WZB.tei.xml;WZB_59vb_28_0;habe;KEEP;nein;VRB;VRB;lexicon.xml#lemma_2598;lexicon.xml#lemma_2598;lexicon.xml#lemma_2598_sense_77622;lexicon.xml#lemma_2598_sense_77622;variants.xml#type_8730;variants.xml#type_8730;VERBAL;high;Vollverb: die ich in der hant habe;;dorvmbe spricht das vnser herre . • In dem wirstu wissen , das ichs , der herre , bin . • Sich , ich wil slahn mit der ruten , | die ich in der hant habe , | die wirt sich vorwandeln in ein slange • Und die flut des wassers in blut . •
WZB.tei.xml;WZB_62ra_20_2;hab;KEEP;nein;VEX;VEX;lexicon.xml#lemma_2598;lexicon.xml#lemma_2598;lexicon.xml#lemma_2598_sense_77622;lexicon.xml#lemma_2598_sense_77622;variants.xml#type_8729;variants.xml#type_8729;VERBAL;high;hab ich dich gesaczt: Hilfsverb mit Partizip;;wenne dorumbe hab ich dich gesaczt , | das ich czeige in dir mein stercke | Und das ich kvnd meinen namen in aller erden , |
WZB.tei.xml;WZB_62va_14_5;hab;KEEP;nein;VEX;VEX;lexicon.xml#lemma_2598;lexicon.xml#lemma_2598;lexicon.xml#lemma_2598_sense_77622;lexicon.xml#lemma_2598_sense_77622;variants.xml#type_8729;variants.xml#type_8729;VERBAL;high;Hilfsverb: Ich hab gesundigt;;Und sante vnd rufte vnd vnd sprach zu in : • Ich hab gesundigt ouch nv . • Der herre ist gerecht vnd ich vnd mein volk bŏze . •
WZB.tei.xml;WZB_62vb_22_5;habe;KEEP;nein;VEX;VEX;lexicon.xml#lemma_2598;lexicon.xml#lemma_2598;lexicon.xml#lemma_2598_sense_77622;lexicon.xml#lemma_2598_sense_77622;variants.xml#type_8730;variants.xml#type_8730;VERBAL;high;Hilfsverb mit Partizip gehertet, Subjekt ich;;Und vnser herre sprach zu : • Gee ein czu hern , • wenne ich habe gehertet sein hercze | vnd seiner knechte , | das ich meine czeichen tv an im , •
WZB.tei.xml;WZB_62vb_30_3;hab;KEEP;nein;VEX;VEX;lexicon.xml#lemma_2598;lexicon.xml#lemma_2598;lexicon.xml#lemma_2598_sense_77622;lexicon.xml#lemma_2598_sense_77622;variants.xml#type_8729;variants.xml#type_8729;VERBAL;high;Hilfsverb mit Partizip getan, Subjekt ich;;Das du das k kvndest in die ŏren deiner kinder | vnd deiner kinder kinder , • wie ofte ich czu muschet han die | Und meine czeichen , die ich hab in yn getan • Und wisset , das ich sei der herre . •
WZB.tei.xml;WZB_63va_27_7;hab;KEEP;nein;VEX;VEX;lexicon.xml#lemma_2598;lexicon.xml#lemma_2598;lexicon.xml#lemma_2598_sense_77622;lexicon.xml#lemma_2598_sense_77622;variants.xml#type_8729;variants.xml#type_8729;VERBAL;high;Hilfsverb mit Partizip gesundet, Subjekt ich;;Um̆be die sache endlichen der kvnig rufte vnd vnd sprach zu in : • Ich hab gesundet in ewern herren got | vnd in euch . •
WZB.tei.xml;WZB_67va_26_5;hab;KEEP;nein;VEX;VEX;lexicon.xml#lemma_2598;lexicon.xml#lemma_2598;lexicon.xml#lemma_2598_sense_77622;lexicon.xml#lemma_2598_sense_77622;variants.xml#type_8729;variants.xml#type_8729;VERBAL;high;hab wir getan: Hilfsverb 1. Plural;;Und gepotscheftet wart dem kvnige von , so das das volk gevlohen were . • Und vorwandelt wart das hercze | vnd seiner knechte vber das volk vnd sprachen : • Was hab wir getan , | das wir gelasen han , | das sie vns nicht endienen ! •
WZB.tei.xml;WZB_69vb_20_4;hab;KEEP;nein;VEX;VEX;lexicon.xml#lemma_2598;lexicon.xml#lemma_2598;lexicon.xml#lemma_2598_sense_77622;lexicon.xml#lemma_2598_sense_77622;variants.xml#type_8729;variants.xml#type_8729;VERBAL;high;Relativsatz, Subjekt ich, Hilfsverb zu gesaczt;;sprechende : • Ist , das du hŏrest die stimme deines herren gotes | vnd tust vor im , das recht ist • Und wirst gehorsam seinen gepoten | vnd beheldest | alle sein gepot , | allen den wetagen , | den ich hab gesaczt in , | fur ich nicht vber dich . • Wenne ich bin dein herre , dein heilant . •
WZB.tei.xml;WZB_70rb_7_0;hab;KEEP;nein;VEX;VEX;lexicon.xml#lemma_2598;lexicon.xml#lemma_2598;lexicon.xml#lemma_2598_sense_77622;lexicon.xml#lemma_2598_sense_77622;variants.xml#type_8729;variants.xml#type_8729;VERBAL;high;ich hab gehort: Hilfsverb, 1. Sg.;;vnd vru wert ir sehen die ere vnsers herre . • Wenne ich hab gehort ewer murmeln wider vnsern herren . • Wir vorwar was sei wir , | das ir czweiuelden habt gemurmelt wider vns ? •
WZB.tei.xml;WZB_70rb_33_0;hab;KEEP;nein;VEX;VEX;lexicon.xml#lemma_2598;lexicon.xml#lemma_2598;lexicon.xml#lemma_2598_sense_77622;lexicon.xml#lemma_2598_sense_77622;variants.xml#type_8729;variants.xml#type_8729;VERBAL;high;Ich hab gehort: Hilfsverb mit Partizip;;Ich hab gehort die murmlunge EXO . • Sprich zu in : • Des abendes werdet ir vleisch essen | vnd vru werdet ir mit broten gesetet • Und werdet wissen , | das ich bin ew̆er herre , got . •
WZB.tei.xml;WZB_70va_29_0;habe;KEEP;nein;VEX;VEX;lexicon.xml#lemma_2598;lexicon.xml#lemma_2598;lexicon.xml#lemma_2598_sense_77622;lexicon.xml#lemma_2598_sense_77622;variants.xml#type_8730;variants.xml#type_8730;VERBAL;high;Konjunktiv Vollverb: genvg habe zu essen;;Das ist die rede , die euch gepoten hat vnser herre . • Cloube do von ein yeclicher also vil , das her genvg habe zu essen , besunderlich ein yeclich mensch | die mase vol , | die do genant ist gomor , | das ist nicht vollen ein vierteil vnsers schŏffils noch der czal der selen , die do wonen in ewern geczelten , • also sult ir ouf heben . •
WZB.tei.xml;WZB_71rb_22_0;hab;KEEP;nein;VEX;VEX;lexicon.xml#lemma_2598;lexicon.xml#lemma_2598;lexicon.xml#lemma_2598_sense_77622;lexicon.xml#lemma_2598_sense_77622;variants.xml#type_8729;variants.xml#type_8729;VERBAL;high;Hilfsverb mit Partizip gespeiset, Subjekt ich, Relativsatz;;Nu sprach dorvmme : • Das ist die rede , | die gepoten hat vnser herre : • fulle die vas gomor do von | vnd behalten werde das | in die czukunftigen hindern geslechte , | so das sie erkennen das brot , mit dem ich sie gespeiset hab in der wustenung , do ir ous gefurt seit von der . •
WZB.tei.xml;WZB_73rb_34_2;habe;KEEP;nein;VEX;VEX;lexicon.xml#lemma_2598;lexicon.xml#lemma_2598;lexicon.xml#lemma_2598_sense_77622;lexicon.xml#lemma_2598_sense_77622;variants.xml#type_8730;variants.xml#type_8730;VERBAL;high;Hilfsverb mit Partizip getan, Subjekt ich;;Ir selben habt das gesehen , was ich getan habe den , wie ich euch getragen habe ouf adlares vlugeln vnd hab EXO euch mir genomen . •
WZB.tei.xml;WZB_73rb_35_4;habe;KEEP;nein;VEX;VEX;lexicon.xml#lemma_2598;lexicon.xml#lemma_2598;lexicon.xml#lemma_2598_sense_77622;lexicon.xml#lemma_2598_sense_77622;variants.xml#type_8730;variants.xml#type_8730;VERBAL;high;Hilfsverb mit Partizip getragen, Subjekt ich;;Ir selben habt das gesehen , was ich getan habe den , wie ich euch getragen habe ouf adlares vlugeln vnd hab EXO euch mir genomen . •
WZB.tei.xml;WZB_73rb_36_4;hab;KEEP;nein;VEX;VEX;lexicon.xml#lemma_2598;lexicon.xml#lemma_2598;lexicon.xml#lemma_2598_sense_77622;lexicon.xml#lemma_2598_sense_77622;variants.xml#type_8729;variants.xml#type_8729;VERBAL;high;Hilfsverb mit Partizip genomen, koordiniert;;Ir selben habt das gesehen , was ich getan habe den , wie ich euch getragen habe ouf adlares vlugeln vnd hab EXO euch mir genomen . •
WZB.tei.xml;WZB_75ra_14_3;hab;KEEP;nein;VEX;VEX;lexicon.xml#lemma_2598;lexicon.xml#lemma_2598;lexicon.xml#lemma_2598_sense_77622;lexicon.xml#lemma_2598_sense_77622;variants.xml#type_8729;variants.xml#type_8729;VERBAL;high;Hilfsverb zu gesprochen, Subjekt ich;;Und dorumme vnser herre sprach zu : • Das sage : • Ir habt gesehen , | das ich euch von himel zu hab gesprochen :
WZB.tei.xml;WZB_75rb_31_2;hab;KEEP;nein;VEX;VEX;lexicon.xml#lemma_2598;lexicon.xml#lemma_2598;lexicon.xml#lemma_2598_sense_77622;lexicon.xml#lemma_2598_sense_77622;variants.xml#type_8729;variants.xml#type_8729;VERBAL;high;liep haben: hab ich liep, Vollverbkonstruktion;;"vnd ist , das der knecht sprichet : • M Meinen herren hab ich liep | vnd housvrow vnd kinder . • Ich wil nicht ous geen vrei; •"
WZB.tei.xml;WZB_76va_31_0;habe;KEEP;nein;VEX;VEX;lexicon.xml#lemma_2598;lexicon.xml#lemma_2598;lexicon.xml#lemma_2598_sense_77622;lexicon.xml#lemma_2598_sense_77622;variants.xml#type_8730;variants.xml#type_8730;VERBAL;high;Konjunktiv nach swere: nicht gerakit habe;;Bleibt aber der diep vorporgen , | so sol man den herren des houses zu stellen zu den goten | vnd her swere , das her sein hant nicht gerakit habe in das dinck seines nehsten zu begeen kein vntrewe
WZB.tei.xml;WZB_76vb_14_0;habe;KEEP;nein;VEX;VEX;lexicon.xml#lemma_2598;lexicon.xml#lemma_2598;lexicon.xml#lemma_2598_sense_77622;lexicon.xml#lemma_2598_sense_77622;variants.xml#type_8730;variants.xml#type_8730;VERBAL;high;Hilfsverb Konjunktiv mit Partizip gerakt;;eyn geswornes recht wirt do czwischen , das her nicht gerakt ł habe zein hant zu dem dinge seines nehsten . | Des vihes herre sol nemen den eit vnd diser wirt nicht betwungen das zu gelden . •
WZB.tei.xml;WZB_77vb_18_0;habe;KEEP;nein;VEX;VEX;lexicon.xml#lemma_2598;lexicon.xml#lemma_2598;lexicon.xml#lemma_2598_sense_77622;lexicon.xml#lemma_2598_sense_77622;variants.xml#type_8730;variants.xml#type_8730;VERBAL;high;Hilfsverb mit Partizip gepoten, Subjekt ich;;Die hochczeit der ostern saltu behuten . siben tage saltu essen oster brot , als ich dir gepoten habe • In der czeite des newen menedis , do du ous geczogen bist von . • Nicht erscheine lere in meiner angesichte . •
WZB.tei.xml;WZB_78ra_9_6;hab;KEEP;nein;VRB;VRB;lexicon.xml#lemma_2598;lexicon.xml#lemma_2598;lexicon.xml#lemma_2598_sense_77622;lexicon.xml#lemma_2598_sense_77622;variants.xml#type_8729;variants.xml#type_8729;VERBAL;high;Hilfsverb mit Partizip bereit, Relativsatz die ich;;Secht , ich wil senden den engil , der euch wirt vorczihen | vnd wirt euch behuten an dem wege • Und wirt euch ein furen an die stat , die ich hab bereit .
WZB.tei.xml;WZB_79ra_20_1;habe;KEEP;nein;VEX;VEX;lexicon.xml#lemma_2598;lexicon.xml#lemma_2598;lexicon.xml#lemma_2598_sense_77622;lexicon.xml#lemma_2598_sense_77622;variants.xml#type_8730;variants.xml#type_8730;VERBAL;high;Hilfsverb mit Partizip geschriben, Relativsatz ich;;Aber vnser herre sprach zu : • Steig ouf zu mir in den perck • vnd bis aldo . • Und dir wil ich geben czwu steineine tafeln vnd die recht vnd die gepot , die ich geschriben habe , | so das du sie lerest .
WZB.tei.xml;WZB_80ra_16_5;hab;KEEP;nein;VRB;VRB;lexicon.xml#lemma_2598;lexicon.xml#lemma_2598;lexicon.xml#lemma_2598_sense_77622;lexicon.xml#lemma_2598_sense_77622;variants.xml#type_8729;variants.xml#type_8729;VERBAL;high;Relativsatz-Konjunktiv: Tisch, der die Laenge habe;;Mache ouch einen tisch von sethimisschen holcze , | der do hab in die lenge czwu dovm elen • Und in die hŏe ein dovm ele | vnd in die breite ein dovm ele vnd ein halbe •
WZB.tei.xml;WZB_81rb_22_4;habe;KEEP;nein;VRB;VRB;lexicon.xml#lemma_2598;lexicon.xml#lemma_2598;lexicon.xml#lemma_2598_sense_77622;lexicon.xml#lemma_2598_sense_77622;variants.xml#type_8730;variants.xml#type_8730;VERBAL;high;Konjunktiv-Vollverb der Massangabe, Objekt czehen dovm elen;;der do ycliche czehen dovm elen habe an der lenge | vnd an der breite ein dovm elen vnd ein ł halbe , •
WZB.tei.xml;WZB_83ra_13_2;hab;KEEP;nein;VEX;VEX;lexicon.xml#lemma_2598;lexicon.xml#lemma_2598;lexicon.xml#lemma_2598_sense_77622;lexicon.xml#lemma_2598_sense_77622;variants.xml#type_8729;variants.xml#type_8729;VERBAL;high;di ich erfullet hab: Hilfsverb im Relativsatz;;Und sprich czu allen weisen des herczens , di ich erfullet hab mit dem geiste der klugheit , | das sie machen gewant , in dem her mir diene geheiligt . •
WZB.tei.xml;WZB_86ra_13_6;hab;KEEP;nein;VEX;VEX;lexicon.xml#lemma_2598;lexicon.xml#lemma_2598;lexicon.xml#lemma_2598_sense_77622;lexicon.xml#lemma_2598_sense_77622;variants.xml#type_8729;variants.xml#type_8729;VERBAL;high;ich dir gepoten hab: Hilfsverb mit Partizip;;Alles , das ich dir gepoten hab vber vnd seine kinder , das tu . • Siben tage weihe ir hende |
WZB.tei.xml;WZB_86rb_13_0;habe;KEEP;nein;VRB;VRB;lexicon.xml#lemma_2598;lexicon.xml#lemma_2598;lexicon.xml#lemma_2598_sense_77622;lexicon.xml#lemma_2598_sense_77622;variants.xml#type_8730;variants.xml#type_8730;VERBAL;high;Konjunktiv Vollverb: das do habe ein vierteil;;Ein czehenteil semil besprengt mit ŏl , zu stosnem ŏl , das do habe ein vierteil einer mase , die man nennet hin • Und wein in der selben mase zu opfer wein zu einem lamme . •
WZB.tei.xml;WZB_86va_11_2;hab;KEEP;nein;VRB;VRB;lexicon.xml#lemma_2598;lexicon.xml#lemma_2598;lexicon.xml#lemma_2598_sense_77622;lexicon.xml#lemma_2598_sense_77622;variants.xml#type_8729;variants.xml#type_8729;VERBAL;high;Konjunktiv der do hab ein doum elen (Ex 30,2 habebit);;der do hab ein doum elen in die lenge | vnd eine in die breite , • das gevierwinkelt vnd czwu doum elen in die hŏe vnd hŏrner sullen von im geen |
WZB.tei.xml;WZB_87vb_25_1;hab;KEEP;nein;VEX;VEX;lexicon.xml#lemma_2598;lexicon.xml#lemma_2598;lexicon.xml#lemma_2598_sense_77622;lexicon.xml#lemma_2598_sense_77622;variants.xml#type_8729;variants.xml#type_8729;VERBAL;high;Hilfsverb mit Partizip gerufet, Subjekt ich;;Sich , ich hab gerufet mit namen , den sun , des svnes von dem geslechte , |
WZB.tei.xml;WZB_87vb_37_5;hab;KEEP;nein;VRB;VRB;lexicon.xml#lemma_2598;lexicon.xml#lemma_2598;lexicon.xml#lemma_2598_sense_77622;lexicon.xml#lemma_2598_sense_77622;variants.xml#type_8729;variants.xml#type_8729;VERBAL;high;Hilfsverb, Partizip gegeben durch Marker getrennt;;Und ich hab im gege volke EXO ben einen gesellen , svn , von dem geslechte | vnd in das hercze eines yclichen gelarten hab ich gesaczt weisheit , | das sie alles das machen , das ich dir hab gepoten : •
WZB.tei.xml;WZB_88ra_4_1;hab;KEEP;nein;VEX;VEX;lexicon.xml#lemma_2598;lexicon.xml#lemma_2598;lexicon.xml#lemma_2598_sense_77622;lexicon.xml#lemma_2598_sense_77622;variants.xml#type_8729;variants.xml#type_8729;VERBAL;high;Hilfsverb: hab ich gesaczt weisheit;;Und ich hab im gege volke EXO ben einen gesellen , svn , von dem geslechte | vnd in das hercze eines yclichen gelarten hab ich gesaczt weisheit , | das sie alles das machen , das ich dir hab gepoten : •
WZB.tei.xml;WZB_88ra_6_4;hab;KEEP;nein;VEX;VEX;lexicon.xml#lemma_2598;lexicon.xml#lemma_2598;lexicon.xml#lemma_2598_sense_77622;lexicon.xml#lemma_2598_sense_77622;variants.xml#type_8729;variants.xml#type_8729;VERBAL;high;Relativsatz das ich dir hab gepoten: Hilfsverb;;Und ich hab im gege volke EXO ben einen gesellen , svn , von dem geslechte | vnd in das hercze eines yclichen gelarten hab ich gesaczt weisheit , | das sie alles das machen , das ich dir hab gepoten : •
WZB.tei.xml;WZB_88ra_25_4;habe;KEEP;nein;VEX;VEX;lexicon.xml#lemma_2598;lexicon.xml#lemma_2598;lexicon.xml#lemma_2598_sense_77622;lexicon.xml#lemma_2598_sense_77622;variants.xml#type_8730;variants.xml#type_8730;VERBAL;high;das ich gepoten habe: Hilfsverb im Relativsatz;;D Das ŏl der salbunge vnd der edlen wurcze , | das puluer thimiam in der heilikeit . • Alles , das ich dir gepoten habe , das mache . •
WZB.tei.xml;WZB_89ra_8_0;habe;KEEP;nein;VEX;VEX;lexicon.xml#lemma_2598;lexicon.xml#lemma_2598;lexicon.xml#lemma_2598_sense_77622;lexicon.xml#lemma_2598_sense_77622;variants.xml#type_8730;variants.xml#type_8730;VERBAL;high;ich gesprochen habe: Hilfsverb mit Partizip;;Gedenke vnd vnd deiner diener , den du w hast gesworn bei dir selben sprechende : • Ich wil ewern samen meren als die stern des himels vnd alle dise erde , | von der ich gesprochen habe , | wil ich geben ewerm samen | vnd werdet sie steticlich besiczen . •
WZB.tei.xml;WZB_89vb_15_0;hab;KEEP;nein;VEX;VEX;lexicon.xml#lemma_2598;lexicon.xml#lemma_2598;lexicon.xml#lemma_2598_sense_77622;lexicon.xml#lemma_2598_sense_77622;variants.xml#type_8729;variants.xml#type_8729;VERBAL;high;Hilfsverb: do ich hin gesprochen hab;;Du aber gee vnd fure das volk , | do ich hin gesprochen hab . • Mein engel wirt dir vor geen . • Ich aber an dem tage der rachunge | wil ich ouch besuchen dise ire svnde . •
WZB.tei.xml;WZB_90ra_7_8;hab;KEEP;nein;VEX;VEX;lexicon.xml#lemma_2598;lexicon.xml#lemma_2598;lexicon.xml#lemma_2598_sense_77622;lexicon.xml#lemma_2598_sense_77622;variants.xml#type_8729;variants.xml#type_8729;VERBAL;high;Hilfsverb mit Partizip gesworn, Relativsatz, Subjekt ich;;xxxiii EXO Und • vnser herre redte zu sprechende : • Gee | vnd czeuch h hin ouf von diser stat | du vnd dein volk , | das du ous gefuret hast | ous in die erde , | die ich gesworn hab , vnd sprechende : | Deinem samen wil ich sie geben . •
WZB.tei.xml;WZB_90va_20_4;habe;KEEP;nein;VEX;VEX;lexicon.xml#lemma_2598;lexicon.xml#lemma_2598;lexicon.xml#lemma_2598_sense_77622;lexicon.xml#lemma_2598_sense_77622;variants.xml#type_8730;variants.xml#type_8730;VERBAL;high;Hilfsverb mit Partizip funden, Subjekt ich;;Ist , das ich gnade funden habe in deinen ougen , | so czeige mir dein antlicze , | so das ich wisse dich | vnd gnade vinde in deinen ougen . • Sich an dein volke dicz geslechte ! •
WZB.tei.xml;WZB_90vb_5_5;habe;KEEP;nein;VEX;VEX;lexicon.xml#lemma_2598;lexicon.xml#lemma_2598;lexicon.xml#lemma_2598_sense_77622;lexicon.xml#lemma_2598_sense_77622;variants.xml#type_8730;variants.xml#type_8730;VERBAL;high;Hilfsverb mit Partizip gesprochen, Relativsatz ich;;Aber vnser herre der sprach zu : • Und das wort , das ich gesprochen habe , wil ich tvn . • Wenne gnad hastu funden vor mir • Und dich hab ich erkant mit namen . •
WZB.tei.xml;WZB_90vb_7_6;hab;KEEP;nein;VEX;VEX;lexicon.xml#lemma_2598;lexicon.xml#lemma_2598;lexicon.xml#lemma_2598_sense_77622;lexicon.xml#lemma_2598_sense_77622;variants.xml#type_8729;variants.xml#type_8729;VERBAL;high;Hilfsverb mit Partizip erkant, Subjekt ich;;Aber vnser herre der sprach zu : • Und das wort , das ich gesprochen habe , wil ich tvn . • Wenne gnad hastu funden vor mir • Und dich hab ich erkant mit namen . •
WZB.tei.xml;WZB_91rb_17_3;hab;KEEP;nein;VEX;VEX;lexicon.xml#lemma_2598;lexicon.xml#lemma_2598;lexicon.xml#lemma_2598_sense_77622;lexicon.xml#lemma_2598_sense_77622;variants.xml#type_8729;variants.xml#type_8729;VERBAL;high;Hilfsverb zu funden, Subjekt ich;;vnd sprach : • Ist , • das ich gnade funden hab in deinen ougen herre , | so bite ich , das du czihest mit vns , | wenne dicz volk ist hertnekig vnd eines herten halses | vnd heb ouff vnser svnde | vnd vnser missetat | vnd besicze vns . •
WZB.tei.xml;WZB_91rb_34_0;hab;KEEP;nein;VEX;VEX;lexicon.xml#lemma_2598;lexicon.xml#lemma_2598;lexicon.xml#lemma_2598_sense_77622;lexicon.xml#lemma_2598_sense_77622;variants.xml#type_8729;variants.xml#type_8729;VERBAL;high;das ich gepoten hab: Hilfsverb im Relativsatz;;Behalde alles das , | das ich dir heut gepoten hab . • Ich selbir wil ous werfen vor deinen ougen den vnd den EXO vnd den vnd den vnd den vnd den . •
WZB.tei.xml;WZB_92ra_15_5;habe;KEEP;nein;VEX;VEX;lexicon.xml#lemma_2598;lexicon.xml#lemma_2598;lexicon.xml#lemma_2598_sense_77622;lexicon.xml#lemma_2598_sense_77622;variants.xml#type_8730;variants.xml#type_8730;VERBAL;high;habe geslagen friede: Hilfsverb mit Partizip;;Und vnser herre sprach zu : • Schreib dise wort , | mit den ich mit dir vnd mit habe geslagen friede . •
WZB.tei.xml;WZB_102ra_35_2;hab;KEEP;nein;VEX;VEX;lexicon.xml#lemma_2598;lexicon.xml#lemma_2598;lexicon.xml#lemma_2598_sense_77622;lexicon.xml#lemma_2598_sense_77622;variants.xml#type_8729;variants.xml#type_8729;VERBAL;high;Hilfsverb Konjunktiv: das her gesehen hab;;Ist , das • ein sele svndet • vnd hŏret ein swerende stimme | vnd wirt ein geczeug einczwedir , | das her gesehen hab | oder im wissende ist , | es ensei denne , das her das offenbare , | so tregt her die svnde . •
WZB.tei.xml;WZB_102vb_12_2;habe;KEEP;nein;VRB;VRB;lexicon.xml#lemma_2598;lexicon.xml#lemma_2598;lexicon.xml#lemma_2598_sense_77622;lexicon.xml#lemma_2598_sense_77622;variants.xml#type_8730;variants.xml#type_8730;VERBAL;high;Konjunktiv habe her zu gabe, Objekt das vberige teil;;der das hat geopfert bitende vor in vnd reinigende in . | das vberige teil vorwar habe her zu gabe . •
WZB.tei.xml;WZB_105rb_5_3;habe;KEEP;nein;VEX;VEX;lexicon.xml#lemma_2598;lexicon.xml#lemma_2598;lexicon.xml#lemma_2598_sense_77622;lexicon.xml#lemma_2598_sense_77622;variants.xml#type_8730;variants.xml#type_8730;VERBAL;high;Hilfsverb mit Partizip genomen, Subjekt ich;;Das brustil der ouf erhebunge | vnd die schulder der abscheidunge habe ich genomen von von iren fridsamen opfertiren | vnd hab die gegeben vnd seinen svnen zu einem ewigen rechtem von allem . •
WZB.tei.xml;WZB_105rb_7_3;hab;KEEP;nein;VEX;VEX;lexicon.xml#lemma_2598;lexicon.xml#lemma_2598;lexicon.xml#lemma_2598_sense_77622;lexicon.xml#lemma_2598_sense_77622;variants.xml#type_8729;variants.xml#type_8729;VERBAL;high;Hilfsverb mit Partizip gegeben, koordiniert nach vnd;;Das brustil der ouf erhebunge | vnd die schulder der abscheidunge habe ich genomen von von iren fridsamen opfertiren | vnd hab die gegeben vnd seinen svnen zu einem ewigen rechtem von allem . •
WZB.tei.xml;WZB_108vb_16_2;hab;KEEP;nein;VEX;VEX;lexicon.xml#lemma_2598;lexicon.xml#lemma_2598;lexicon.xml#lemma_2598_sense_77622;lexicon.xml#lemma_2598_sense_77622;variants.xml#type_8729;variants.xml#type_8729;VERBAL;high;Hilfsverb mit Partizip geschriben, Subjekt ich;;Saget : • Behutet alles das , | das ich euch hab geschriben , | das - ich sei ewer got . • Das sint die tir , | die ir essen sult von allen tiren der erden : •
WZB.tei.xml;WZB_117rb_24_4;hab;KEEP;nein;VEX;VEX;lexicon.xml#lemma_2598;lexicon.xml#lemma_2598;lexicon.xml#lemma_2598_sense_77622;lexicon.xml#lemma_2598_sense_77622;variants.xml#type_8729;variants.xml#type_8729;VERBAL;high;Subjekt ich, Hilfsverb zu geben;;Wenne die sele des vleisches ist in dem blute • vnd ich hab euch das geben , | das ir das gutlich giesset ouf meinen alter vor ewer selen . • Und das blut ist vor der sele svnde . •
WZB.tei.xml;WZB_117rb_28_5;hab;KEEP;nein;VEX;VEX;lexicon.xml#lemma_2598;lexicon.xml#lemma_2598;lexicon.xml#lemma_2598_sense_77622;lexicon.xml#lemma_2598_sense_77622;variants.xml#type_8729;variants.xml#type_8729;VERBAL;high;hab ich gesaget: Hilfsverb, 1. Sg.;;Dorvmme hab ich gesaget : • Ein ycliche sele ous euch sol nicht essen blut • noch ous den , die do pilgereimen bei euch .
WZB.tei.xml;WZB_117va_8_0;hab;KEEP;nein;VEX;VEX;lexicon.xml#lemma_2598;lexicon.xml#lemma_2598;lexicon.xml#lemma_2598_sense_77622;lexicon.xml#lemma_2598_sense_77622;variants.xml#type_8729;variants.xml#type_8729;VERBAL;high;hab ich gesaget: Hilfsverb mit Partizip;;Wenne die sele alles des vleisches ist in dem blute . • Dorvmme hab ich gesaget : • Das blut alles tires sult ir nicht essen , wenne die sele des vleisches ist in dem blute . • Und welcher das isset , der vortirbet . •
WZB.tei.xml;WZB_119ra_10_5;hab;KEEP;nein;VRB;VRB;lexicon.xml#lemma_2598;lexicon.xml#lemma_2598;lexicon.xml#lemma_2598_sense_77622;lexicon.xml#lemma_2598_sense_77622;variants.xml#type_8729;variants.xml#type_8729;VERBAL;high;Imperativ: Deinen frvnt hab liep;;Nicht suche rachunge , • noch gedenke des vnrechten deiner purger . • Deinen frvnt hab liep als dich selben . • ich herre . •
WZB.tei.xml;WZB_120va_12_0;hab;KEEP;nein;VEX;VEX;lexicon.xml#lemma_2598;lexicon.xml#lemma_2598;lexicon.xml#lemma_2598_sense_77622;lexicon.xml#lemma_2598_sense_77622;variants.xml#type_8729;variants.xml#type_8729;VERBAL;high;Hilfsverb mit Partizip vor vnmenschet, Subjekt ich, Objekt sie;;Nicht sult ir wandern in den elichen rechten der heiden , die ich ous treiben wil vor euch , wenne alles das haben sie getan • Und vor vnmenschet hab ich sie . •
WZB.tei.xml;WZB_120vb_4_2;habe;KEEP;nein;VEX;VEX;lexicon.xml#lemma_2598;lexicon.xml#lemma_2598;lexicon.xml#lemma_2598_sense_77622;lexicon.xml#lemma_2598_sense_77622;variants.xml#type_8730;variants.xml#type_8730;VERBAL;high;Hilfsverb mit Partizip geczeiget, Subjekt ich;;Svndert ouch dorvmme ir ewer vich von dem vnreinen vnd den reinen vogil von den vnreinen , das ir icht meiligt ewer selen an dem vihe vnd an den vogeln vnd an allem dem , das sich ruret in der erden • vnd die ich euch geczeiget habe vnreine . •
WZB.tei.xml;WZB_120vb_7_0;hab;KEEP;nein;VEX;VEX;lexicon.xml#lemma_2598;lexicon.xml#lemma_2598;lexicon.xml#lemma_2598_sense_77622;lexicon.xml#lemma_2598_sense_77622;variants.xml#type_8729;variants.xml#type_8729;VERBAL;high;Hilfsverb mit Partizip gescheiden, Subjekt ich herre;;Heilig sult ir werden mir , wenne ich heilig bin . • Ich herre vnd hab euch gescheiden von anderm volke , | so das ir weret mein . •
WZB.tei.xml;WZB_121va_7_1;habe;KEEP;nein;VEX;VEX;lexicon.xml#lemma_2598;lexicon.xml#lemma_2598;lexicon.xml#lemma_2598_sense_77622;lexicon.xml#lemma_2598_sense_77622;variants.xml#type_8730;variants.xml#type_8730;VERBAL;high;Konjunktiv: der do gebrechen habe, Objekt gebrechen;;Ein yclicher , der do gebrechen habe von dem samen des priesters , | der sol nicht zu treten zu opfern opfertir vnserm herren noch die brot seinem gote . •
WZB.tei.xml;WZB_124rb_22_0;hab;KEEP;nein;VEX;VEX;lexicon.xml#lemma_2598;lexicon.xml#lemma_2598;lexicon.xml#lemma_2598_sense_77622;lexicon.xml#lemma_2598_sense_77622;variants.xml#type_8729;variants.xml#type_8729;VERBAL;high;das-Satz, Subjekt ich, Hilfsverb zu gemachet;;so das ewer nochkvmlinge sprechen , das ich in geczelden hab gemachet wonen die k , do ich sie ous furte ous . • Ich ewer herre got . •
WZB.tei.xml;WZB_124va_15_0;hab;KEEP;nein;VRB;VRB;lexicon.xml#lemma_2598;lexicon.xml#lemma_2598;lexicon.xml#lemma_2598_sense_77622;lexicon.xml#lemma_2598_sense_77622;variants.xml#type_8729;variants.xml#type_8729;VERBAL;high;Konjunktiv: yclichs hab czwen czenden, Objekt folgt;;das yclichs hab czwen czenden vnd lege die ouf den reinen tisch sechs vnd sechs gegen ein ander . •
WZB.tei.xml;WZB_126vb_4_2;hab;KEEP;nein;VEX;VEX;lexicon.xml#lemma_2598;lexicon.xml#lemma_2598;lexicon.xml#lemma_2598_sense_77622;lexicon.xml#lemma_2598_sense_77622;variants.xml#type_8729;variants.xml#type_8729;VERBAL;high;ich hab sie gefurt: Hilfsverb mit Partizip;;Wenne meine knechte sint sie Und ich hab sie gefurt ous der , | nicht mugen sie vorkouft werden noch dem gedinge der knechte . •
WZB.tei.xml;WZB_127ra_11_4;hab;KEEP;nein;VRB;VRB;lexicon.xml#lemma_2598;lexicon.xml#lemma_2598;lexicon.xml#lemma_2598_sense_77622;lexicon.xml#lemma_2598_sense_77622;variants.xml#type_8729;variants.xml#type_8729;VERBAL;high;Konjunktiv mit Objekt rechnunge, Subjekt her;;Ist , das ir wenig sint , | so hab her rechnunge mit im noch der iar czale | vnd wider gebe dem koufer , das do vbrig ist der iare lon , | die her im hat vorgedienet abgeslagen . |
WZB.tei.xml;WZB_127ra_24_0;habe;KEEP;nein;VEX;VEX;lexicon.xml#lemma_2598;lexicon.xml#lemma_2598;lexicon.xml#lemma_2598_sense_77622;lexicon.xml#lemma_2598_sense_77622;variants.xml#type_8730;variants.xml#type_8730;VERBAL;high;Hilfsverb mit Partizip gefurt, Relativsatz, Subjekt ich;;Wenne meine knechte sint sie , die , die ich gefurt habe ous . •
WZB.tei.xml;WZB_127vb_35_2;habe;MOVE;ja;VEX;NOM;lexicon.xml#lemma_2598;lexicon.xml#lemma_2593;lexicon.xml#lemma_2598_sense_77622;;variants.xml#type_8730;variants.xml#type_8699;NOM;high;alle ewer habe: Possessiv davor, Subjekt zu gedeihen;;Und senden wil ich in euch die reisenden wilden tir der ecker , die euch werden vorczeren vnd ewer schaf • Und zu einem wenigen wirt gedeihen alle ewer habe vnd wuste werden ewer wege . •
WZB.tei.xml;WZB_128va_37_4;hab;KEEP;nein;VEX;VEX;lexicon.xml#lemma_2598;lexicon.xml#lemma_2598;lexicon.xml#lemma_2598_sense_77622;lexicon.xml#lemma_2598_sense_77622;variants.xml#type_8729;variants.xml#type_8729;VERBAL;high;Hilfsverb mit Partizip gelobt, Subjekt ich;;Und gedenken wil ich meines gelubdes , | das ich hab gelobt mit , vnd . Und der erden wil ich gedenkken ,
WZB.tei.xml;WZB_128vb_13_0;hab;KEEP;nein;VRB;VRB;lexicon.xml#lemma_2598;lexicon.xml#lemma_2598;lexicon.xml#lemma_2598_sense_77622;lexicon.xml#lemma_2598_sense_77622;variants.xml#type_8729;variants.xml#type_8729;VERBAL;high;Hilfsverb mit Partizip vorworfen, negiert;;Und doch ouch , | do sie waren in der veinde erden , | nicht gar hab ich sie vorworfen , | noch hab sie also vorsmehet , | also das sie gar vorturben | vnd irre machten mein gelubde mit in , • wenne ich bin ir herre got |
WZB.tei.xml;WZB_128vb_14_0;hab;KEEP;nein;VEX;VEX;lexicon.xml#lemma_2598;lexicon.xml#lemma_2598;lexicon.xml#lemma_2598_sense_77622;lexicon.xml#lemma_2598_sense_77622;variants.xml#type_8729;variants.xml#type_8729;VERBAL;high;Koordiniertes Hilfsverb noch hab vorsmehet;;Und doch ouch , | do sie waren in der veinde erden , | nicht gar hab ich sie vorworfen , | noch hab sie also vorsmehet , | also das sie gar vorturben | vnd irre machten mein gelubde mit in , • wenne ich bin ir herre got |
WZB.tei.xml;WZB_133ra_27_3;habe;KEEP;nein;VEX;VEX;lexicon.xml#lemma_2598;lexicon.xml#lemma_2598;lexicon.xml#lemma_2598_sense_77622;lexicon.xml#lemma_2598_sense_77622;variants.xml#type_8730;variants.xml#type_8730;VERBAL;high;Ich habe genomen: Hilfsverb, 1. Sg.;;Ich habe genomen die von vor alle erste gepurt , die do ouf tut den bouch vnder den . • Und mein werden die . •
WZB.tei.xml;WZB_133ra_33_2;habe;KEEP;nein;VEX;VEX;lexicon.xml#lemma_2598;lexicon.xml#lemma_2598;lexicon.xml#lemma_2598_sense_77622;lexicon.xml#lemma_2598_sense_77622;variants.xml#type_8730;variants.xml#type_8730;VERBAL;high;ich geslagen habe: Hilfsverb mit Partizip;;"Wenn̆ meyn ist alle erste gepurt , do von das ich geslagen habe die ersten gepurde in der . • ERI Geheiligt hab ich mir das erste , was do geporn wirt in • von dem menschen bis an das vich , sint sie mein; ich herre . •"
WZB.tei.xml;WZB_133rb_2_1;hab;KEEP;nein;VEX;VEX;lexicon.xml#lemma_2598;lexicon.xml#lemma_2598;lexicon.xml#lemma_2598_sense_77622;lexicon.xml#lemma_2598_sense_77622;variants.xml#type_8729;variants.xml#type_8729;VERBAL;high;Hilfsverb: Geheiligt hab ich mir das erste;;"Wenn̆ meyn ist alle erste gepurt , do von das ich geslagen habe die ersten gepurde in der . • ERI Geheiligt hab ich mir das erste , was do geporn wirt in • von dem menschen bis an das vich , sint sie mein; ich herre . •"
WZB.tei.xml;WZB_140vb_21_0;hab;KEEP;nein;VEX;VEX;lexicon.xml#lemma_2598;lexicon.xml#lemma_2598;lexicon.xml#lemma_2598_sense_77622;lexicon.xml#lemma_2598_sense_77622;variants.xml#type_8729;variants.xml#type_8729;VERBAL;high;Hilfsverb mit Partizip geslagen, Subjekt ich;;Wenne mein sint alle erstgepornen also wol ous den als ous dem vihe . • Uon dem tage , do ich geslagen hab alle erstgepurt in der erden , hab ich mir sie geheiligt •
WZB.tei.xml;WZB_140vb_22_3;hab;KEEP;nein;VEX;VEX;lexicon.xml#lemma_2598;lexicon.xml#lemma_2598;lexicon.xml#lemma_2598_sense_77622;lexicon.xml#lemma_2598_sense_77622;variants.xml#type_8729;variants.xml#type_8729;VERBAL;high;hab ich geheiligt: Hilfsverb mit Partizip;;Wenne mein sint alle erstgepornen also wol ous den als ous dem vihe . • Uon dem tage , do ich geslagen hab alle erstgepurt in der erden , hab ich mir sie geheiligt •
WZB.tei.xml;WZB_140vb_23_5;hab;KEEP;nein;VEX;VEX;lexicon.xml#lemma_2598;lexicon.xml#lemma_2598;lexicon.xml#lemma_2598_sense_77622;lexicon.xml#lemma_2598_sense_77622;variants.xml#type_8729;variants.xml#type_8729;VERBAL;high;Hilfsverb mit Partizip genomen, 1.Sg.-Rede;;Und hab genomen die vnd alle erstegepurt .
WZB.tei.xml;WZB_140vb_26_1;hab;KEEP;nein;VEX;VEX;lexicon.xml#lemma_2598;lexicon.xml#lemma_2598;lexicon.xml#lemma_2598_sense_77622;lexicon.xml#lemma_2598_sense_77622;variants.xml#type_8729;variants.xml#type_8729;VERBAL;high;Hilfsverb mit Partizip gegeben, Objekt sie;;Und hab sie gegeben zu gabe vnd seinen svnen von der mitte des volkes , | so das sie mir dienen fur in dem geczelde des gelubdes • V Vnd piten vor sie , das keyn slak sei in dem volke , ist , das sie turren zu treten zu meinem heiligtum . •
WZB.tei.xml;WZB_143vb_25_6;Hab;KEEP;nein;VEX;VEX;lexicon.xml#lemma_2598;lexicon.xml#lemma_2598;lexicon.xml#lemma_2598_sense_77622;lexicon.xml#lemma_2598_sense_77622;variants.xml#type_8729;variants.xml#type_8729;VERBAL;high;Frage Hab ich nv enpfangen: Hilfsverb;;Hab ich nv enpfangen alle dise menige oder hab ich sie geperet , • so das du sprichst zu mir : trag sie in deiner schos , | rechte sam amme pfligt zu tragen ein k kindel , • Und trage sie in die erde , • vmme die ich gesworn habe irren vetern ? •
WZB.tei.xml;WZB_143vb_27_1;hab;KEEP;nein;VEX;VEX;lexicon.xml#lemma_2598;lexicon.xml#lemma_2598;lexicon.xml#lemma_2598_sense_77622;lexicon.xml#lemma_2598_sense_77622;variants.xml#type_8729;variants.xml#type_8729;VERBAL;high;hab ich sie geperet: Hilfsverb in Frage;;Hab ich nv enpfangen alle dise menige oder hab ich sie geperet , • so das du sprichst zu mir : trag sie in deiner schos , | rechte sam amme pfligt zu tragen ein k kindel , • Und trage sie in die erde , • vmme die ich gesworn habe irren vetern ? •
WZB.tei.xml;WZB_143vb_32_6;habe;KEEP;nein;VEX;VEX;lexicon.xml#lemma_2598;lexicon.xml#lemma_2598;lexicon.xml#lemma_2598_sense_77622;lexicon.xml#lemma_2598_sense_77622;variants.xml#type_8730;variants.xml#type_8730;VERBAL;high;ich gesworn habe: Hilfsverb mit Partizip;;Hab ich nv enpfangen alle dise menige oder hab ich sie geperet , • so das du sprichst zu mir : trag sie in deiner schos , | rechte sam amme pfligt zu tragen ein k kindel , • Und trage sie in die erde , • vmme die ich gesworn habe irren vetern ? •
WZB.tei.xml;WZB_144ra_25_5;hab;KEEP;nein;VEX;VEX;lexicon.xml#lemma_2598;lexicon.xml#lemma_2598;lexicon.xml#lemma_2598_sense_77622;lexicon.xml#lemma_2598_sense_77622;variants.xml#type_8729;variants.xml#type_8729;VERBAL;high;Hilfsverb: ich hab gehort euch sprechen;;Und sprich zu dem volke : • Heiligt euch , | morgen sult ir vleisch essen , | wenne ich hab gehort euch sprechen : • wer gibt vns speise des vleisches ? • Wol was vns in egipten , | so das euch der herre gebe vleisch ,
WZB.tei.xml;WZB_146rb_15_1;hab;KEEP;nein;VEX;VEX;lexicon.xml#lemma_2598;lexicon.xml#lemma_2598;lexicon.xml#lemma_2598_sense_77622;lexicon.xml#lemma_2598_sense_77622;variants.xml#type_8729;variants.xml#type_8729;VERBAL;high;Hilfsverb mit Partizip gesehen, Subjekt wir;;aber gar starke powleute hat es vnd grose stete vnd gemowerte . • Das geslechte hab wir do gesehen . •
WZB.tei.xml;WZB_146va_18_5;hab;KEEP;nein;VEX;VEX;lexicon.xml#lemma_2598;lexicon.xml#lemma_2598;lexicon.xml#lemma_2598_sense_77622;lexicon.xml#lemma_2598_sense_77622;variants.xml#type_8729;variants.xml#type_8729;VERBAL;high;hab wir gesehn: Hilfsverb 1. Plural mit Partizip;;Do hab wir gesehn etliche wunder der kinder von heunischem geslechte , | gegen den wir gegleichet wurden gesehen als die heuschrecken . •
WZB.tei.xml;WZB_147ra_6_5;habe;KEEP;nein;VEX;VEX;lexicon.xml#lemma_2598;lexicon.xml#lemma_2598;lexicon.xml#lemma_2598_sense_77622;lexicon.xml#lemma_2598_sense_77622;variants.xml#type_8730;variants.xml#type_8730;VERBAL;high;Hilfsverb mit Partizip getan, Relativsatz ich;;Und vnser herre sprach zu : • Worvmme enczeuhet mir das volk ? • Worvmme gelouben sie mir nicht in alle den czeichen , die ich habe vor in getan ? •
WZB.tei.xml;WZB_147rb_13_4;hab;KEEP;nein;VEX;VEX;lexicon.xml#lemma_2598;lexicon.xml#lemma_2598;lexicon.xml#lemma_2598_sense_77622;lexicon.xml#lemma_2598_sense_77622;variants.xml#type_8729;variants.xml#type_8729;VERBAL;high;Hilfsverb mit Partizip vorgeben, Subjekt ich;;Und vnser herre sprach : • Ich hab in vorgeben noch deinem worte . •
WZB.tei.xml;WZB_147rb_20_3;hab;KEEP;nein;VEX;VEX;lexicon.xml#lemma_2598;lexicon.xml#lemma_2598;lexicon.xml#lemma_2598_sense_77622;lexicon.xml#lemma_2598_sense_77622;variants.xml#type_8729;variants.xml#type_8729;VERBAL;high;Relativsatz, Subjekt ich, Hilfsverb zu getan;;U Und ydoch alle menschen , die do haben gesehen mein almechtikeit | vnd meine czeichen , die ich hab getan in vnd in der wustenunge , vnd haben vorsuchet ouch zu czehen malen , noch sint sie ł nicht gehorsam gewesen meiner stimme . •
WZB.tei.xml;WZB_147rb_26_3;hab;KEEP;nein;VEX;VEX;lexicon.xml#lemma_2598;lexicon.xml#lemma_2598;lexicon.xml#lemma_2598_sense_77622;lexicon.xml#lemma_2598_sense_77622;variants.xml#type_8729;variants.xml#type_8729;VERBAL;high;ich gesworn hab: Hilfsverb im Relativsatz;;Nicht werden die beschowen die erde , vmb die ich gesworn hab iren vetern , noch keiner ous den , | die mir enczogen haben , wirt si an blicken . •
WZB.tei.xml;WZB_147va_9_6;habe;KEEP;nein;VEX;VEX;lexicon.xml#lemma_2598;lexicon.xml#lemma_2598;lexicon.xml#lemma_2598_sense_77622;lexicon.xml#lemma_2598_sense_77622;variants.xml#type_8730;variants.xml#type_8730;VERBAL;high;habe ich gehoret: Hilfsverb mit Partizip;;Worvmme murmelt dise gar pose menige wider mich ? • Die clage habe ich gehŏret . •
WZB.tei.xml;WZB_147va_20_7;habe;KEEP;nein;VEX;VEX;lexicon.xml#lemma_2598;lexicon.xml#lemma_2598;lexicon.xml#lemma_2598_sense_77622;lexicon.xml#lemma_2598_sense_77622;variants.xml#type_8730;variants.xml#type_8730;VERBAL;high;Hilfsverb: gehabn habe meine hant;;nicht wert ir ein geen in die erde , | vber die ich gehabn habe meine hant , | so das ich euch dorinne wonhaft mache , an , den svn , vnd , der svn . •
WZB.tei.xml;WZB_147vb_10_4;hab;KEEP;nein;VEX;VEX;lexicon.xml#lemma_2598;lexicon.xml#lemma_2598;lexicon.xml#lemma_2598_sense_77622;lexicon.xml#lemma_2598_sense_77622;variants.xml#type_8729;variants.xml#type_8729;VERBAL;high;Hilfsverb mit Partizip gesprochen, Subjekt ich;;wenne als ich gesprochen hab , also wil ich tvn aller diser posen menige , | die do ist erstanden wider mich : • In diser wustnunge wirt sie vor geen vnd sterben . •
WZB.tei.xml;WZB_147vb_37_2;habe;KEEP;nein;VEX;VEX;lexicon.xml#lemma_2598;lexicon.xml#lemma_2598;lexicon.xml#lemma_2598_sense_77622;lexicon.xml#lemma_2598_sense_77622;variants.xml#type_8730;variants.xml#type_8730;VERBAL;high;gesundet habe wir: Hilfsverb mit Partizip;;vnd secht , des ersten morgens stunden sie ouf vnd czugen ouff ouf die spitcze des pergis vnd sprachen : • Bereit sei wir , ouf zu steigen an die stat , von der vnser herre gesprochen hat , • wenne gesundet habe wir . •
WZB.tei.xml;WZB_148va_10_5;hab;KEEP;nein;VRB;VRB;lexicon.xml#lemma_2598;lexicon.xml#lemma_2598;lexicon.xml#lemma_2598_sense_77622;lexicon.xml#lemma_2598_sense_77622;variants.xml#type_8729;variants.xml#type_8729;VERBAL;high;Konjunktiv-Vollverb, Objekt ein halb mas (habeat);;so soltu geben zu yclichem ochsen drei czehenden semil besprengt mit ole , das do hab ein halb mas hin •
WZB.tei.xml;WZB_150ra_14_2;hab;KEEP;nein;VEX;VEX;lexicon.xml#lemma_2598;lexicon.xml#lemma_2598;lexicon.xml#lemma_2598_sense_77622;lexicon.xml#lemma_2598_sense_77622;variants.xml#type_8729;variants.xml#type_8729;VERBAL;high;Hilfsverb mit Partizip genomen, negiert;;Und gar czornig wart vnd sprach zu vnserm herren : • Nicht sich zu irr heilicheit opfer ! du weisest , das ich noch kein esil ny von in hab genomen , | Noch hab gepflaget ir ny keinen .
WZB.tei.xml;WZB_150ra_15_0;hab;KEEP;nein;VEX;VEX;lexicon.xml#lemma_2598;lexicon.xml#lemma_2598;lexicon.xml#lemma_2598_sense_77622;lexicon.xml#lemma_2598_sense_77622;variants.xml#type_8729;variants.xml#type_8729;VERBAL;high;Koordiniertes Hilfsverb Noch hab gepflaget;;Und gar czornig wart vnd sprach zu vnserm herren : • Nicht sich zu irr heilicheit opfer ! du weisest , das ich noch kein esil ny von in hab genomen , | Noch hab gepflaget ir ny keinen .
WZB.tei.xml;WZB_150va_15_3;hab;MOVE;ja;VEX;NOM;lexicon.xml#lemma_2598;lexicon.xml#lemma_2593;lexicon.xml#lemma_2598_sense_77622;;variants.xml#type_8729;variants.xml#type_80494;NOM;high;Possessiv ire davor, koordiniert mit geczelden: Besitz;;vnd tat ouf iren mvnt | vnd vorslant sie mit allen iren geczelden vnd alle ire hab
WZB.tei.xml;WZB_152ra_9_6;hab;KEEP;nein;VEX;VEX;lexicon.xml#lemma_2598;lexicon.xml#lemma_2598;lexicon.xml#lemma_2598_sense_77622;lexicon.xml#lemma_2598_sense_77622;variants.xml#type_8729;variants.xml#type_8729;VERBAL;high;Ich hab euch gegebn: Hilfsverb mit Partizip;;Ich hab euch gegebn ewer bruder , , • von der mitte | vnd hab sie gegeben dem herren zu gabe , | so das si dienen in den diensten seines geczeldis . •
WZB.tei.xml;WZB_152ra_11_4;hab;KEEP;nein;VEX;VEX;lexicon.xml#lemma_2598;lexicon.xml#lemma_2598;lexicon.xml#lemma_2598_sense_77622;lexicon.xml#lemma_2598_sense_77622;variants.xml#type_8729;variants.xml#type_8729;VERBAL;high;Hilfsverb: hab sie gegeben dem herren;;Ich hab euch gegebn ewer bruder , , • von der mitte | vnd hab sie gegeben dem herren zu gabe , | so das si dienen in den diensten seines geczeldis . •
WZB.tei.xml;WZB_152ra_24_1;hab;KEEP;nein;VEX;VEX;lexicon.xml#lemma_2598;lexicon.xml#lemma_2598;lexicon.xml#lemma_2598_sense_77622;lexicon.xml#lemma_2598_sense_77622;variants.xml#type_8729;variants.xml#type_8729;VERBAL;high;Hilfsverb mit Partizip gegeben, Subjekt ich;;Und vnser herre redte zu : • Sich , | dir hab ich gegeben die hute meiner erstlingen , | alles das do geheiligt wirt von hab ich dir gegeben vnd deinen svnen | in ewigem rechten vmme das ampt der pfafheit . •
WZB.tei.xml;WZB_152ra_26_4;hab;KEEP;nein;VEX;VEX;lexicon.xml#lemma_2598;lexicon.xml#lemma_2598;lexicon.xml#lemma_2598_sense_77622;lexicon.xml#lemma_2598_sense_77622;variants.xml#type_8729;variants.xml#type_8729;VERBAL;high;hab ich gegeben: Hilfsverb, Name nach von ausgelassen;;Und vnser herre redte zu : • Sich , | dir hab ich gegeben die hute meiner erstlingen , | alles das do geheiligt wirt von hab ich dir gegeben vnd deinen svnen | in ewigem rechten vmme das ampt der pfafheit . •
WZB.tei.xml;WZB_152rb_13_0;hab;KEEP;nein;VEX;VEX;lexicon.xml#lemma_2598;lexicon.xml#lemma_2598;lexicon.xml#lemma_2598_sense_77622;lexicon.xml#lemma_2598_sense_77622;variants.xml#type_8729;variants.xml#type_8729;VERBAL;high;Hilfsverb mit Partizip gegeben, Subjekt ich;;Aber die erstlinge , die sie geloben vnd opfern , , | die hab ich dir gegeben vnd deinen svnen vnd deinen tochtern zu ewigem rechten . Welcher reine ist in deinem house , der isset von in . •
WZB.tei.xml;WZB_152rb_21_4;hab;KEEP;nein;VEX;VEX;lexicon.xml#lemma_2598;lexicon.xml#lemma_2598;lexicon.xml#lemma_2598_sense_77622;lexicon.xml#lemma_2598_sense_77622;variants.xml#type_8729;variants.xml#type_8729;VERBAL;high;Hilfsverb mit Partizip gegeben, Subjekt ich;;Alles das mark des oles vnd weines vnd des getreides , • Welcherlei sie opfern der erstlinge vnserm herren , die hab ich dir gegeben . •
WZB.tei.xml;WZB_152va_23_6;hab;KEEP;nein;VEX;VEX;lexicon.xml#lemma_2598;lexicon.xml#lemma_2598;lexicon.xml#lemma_2598_sense_77622;lexicon.xml#lemma_2598_sense_77622;variants.xml#type_8729;variants.xml#type_8729;VERBAL;high;Hilfsverb zu gegeben, Subjekt ich;;Alle erstlinge des heiligtumes , die do opfern vnserm herren , hab ich dir gegeben vnd deinen svnen vnd deinen tochtern zu ewigem rechten . •
WZB.tei.xml;WZB_152va_36_4;hab;KEEP;nein;VEX;VEX;lexicon.xml#lemma_2598;lexicon.xml#lemma_2598;lexicon.xml#lemma_2598_sense_77622;lexicon.xml#lemma_2598_sense_77622;variants.xml#type_8729;variants.xml#type_8729;VERBAL;high;hab ich gegeben: Hilfsverb, 1. Sg.;;Aber den kindern | hab ERI ich gegeben alle czehenden zu einer besiczunge vmme den dienst , den sie dienen mir in dem geczelde des gelubdes , |
WZB.tei.xml;WZB_152vb_19_0;hab;KEEP;nein;VEX;VEX;lexicon.xml#lemma_2598;lexicon.xml#lemma_2598;lexicon.xml#lemma_2598_sense_77622;lexicon.xml#lemma_2598_sense_77622;variants.xml#type_8729;variants.xml#type_8729;VERBAL;high;hab ous gescheiden: Hilfsverb mit Partizip;;Nichtesnicht anders sullen sie besiczen genugende im an dem opfer des czehenden , die ich in ir bedurft vnd zu irr notdurft hab ous gescheiden . •
WZB.tei.xml;WZB_152vb_23_3;hab;KEEP;nein;VEX;VEX;lexicon.xml#lemma_2598;lexicon.xml#lemma_2598;lexicon.xml#lemma_2598_sense_77622;lexicon.xml#lemma_2598_sense_77622;variants.xml#type_8729;variants.xml#type_8729;VERBAL;high;Hilfsverb: die ich euch gegeben hab;;Wenne ir genemet von die czehenden , | die ich euch gegeben hab , so opfert ir erstlinge vnserm herren , | das ist das czehende teil eines czehenden , |
WZB.tei.xml;WZB_153ra_32_4;hab;KEEP;nein;VEX;VEX;lexicon.xml#lemma_2598;lexicon.xml#lemma_2598;lexicon.xml#lemma_2598_sense_77622;lexicon.xml#lemma_2598_sense_77622;variants.xml#type_8729;variants.xml#type_8729;VERBAL;high;Hilfsverb mit Partizip getragen, Subjekt die (kv);;Das ist das geistliche d dienst des siges opfer tyres , das vnser herre gesaczt hat : Gepeut , | so das sie dir zu furen ein rote kv eines ganczen iares , an der kein meil ist vnd die noch nicht iochs hab getragen
WZB.tei.xml;WZB_155rb_7_2;hab;KEEP;nein;VEX;VEX;lexicon.xml#lemma_2598;lexicon.xml#lemma_2598;lexicon.xml#lemma_2598_sense_77622;lexicon.xml#lemma_2598_sense_77622;variants.xml#type_8729;variants.xml#type_8729;VERBAL;high;Hilfsverb mit Partizip gegeben, Subjekt ich;;Czihen sol , sprach her , zu seinem volke , • Wenne nicht wirt her ein geen in die erde , die ich hab gegeben , | do von das er vngeloubig ist gewesen meinem mvnde zu den wassern der widersagunge . •
WZB.tei.xml;WZB_155vb_17_1;hab;KEEP;nein;VEX;VEX;lexicon.xml#lemma_2598;lexicon.xml#lemma_2598;lexicon.xml#lemma_2598_sense_77622;lexicon.xml#lemma_2598_sense_77622;variants.xml#type_8729;variants.xml#type_8729;VERBAL;high;Hilfsverb 1.Pl. mit Partizip Gesvndigt;;quamen sie zu vnd sprachen : • Gesvndigt hab wir , wenne geredt hab wir wider vnsern herren vnd wider dich . • Bite , das her die natern ouf heb von vns . • Und bat vor das volk . •
WZB.tei.xml;WZB_155vb_18_1;hab;KEEP;nein;VEX;VEX;lexicon.xml#lemma_2598;lexicon.xml#lemma_2598;lexicon.xml#lemma_2598_sense_77622;lexicon.xml#lemma_2598_sense_77622;variants.xml#type_8729;variants.xml#type_8729;VERBAL;high;hab wir mit Partizip geredt, 1. Plural;;quamen sie zu vnd sprachen : • Gesvndigt hab wir , wenne geredt hab wir wider vnsern herren vnd wider dich . • Bite , das her die natern ouf heb von vns . • Und bat vor das volk . •
WZB.tei.xml;WZB_156vb_18_1;hab;KEEP;nein;VEX;VEX;lexicon.xml#lemma_2598;lexicon.xml#lemma_2598;lexicon.xml#lemma_2598_sense_77622;lexicon.xml#lemma_2598_sense_77622;variants.xml#type_8729;variants.xml#type_8729;VERBAL;high;Hilfsverb zu gegeben, Subjekt ich;;"Und vnser herre sprach zu : • Nicht vorchte in; • Wenne in deine hant hab ich in gegeben vnd als sein volk vnd sein erde . • Und tvn wirstu im , als xxii Numeri NUM du hast getan , dem kvnige der , dem woner der stat . •"
WZB.tei.xml;WZB_158ra_16_4;hab;KEEP;nein;VEX;VEX;lexicon.xml#lemma_2598;lexicon.xml#lemma_2598;lexicon.xml#lemma_2598_sense_77622;lexicon.xml#lemma_2598_sense_77622;variants.xml#type_8729;variants.xml#type_8729;VERBAL;high;Was hab ich dir getan: Hilfsverb;;Und vnser herre tat ouf der eslinne mvnt vnd die sprach : • Was hab ich dir getan ? sich , worvmme slehstu mich zu dem dritten male ? • ̃
WZB.tei.xml;WZB_158ra_28_7;hab;KEEP;nein;VEX;VEX;lexicon.xml#lemma_2598;lexicon.xml#lemma_2598;lexicon.xml#lemma_2598_sense_77622;lexicon.xml#lemma_2598_sense_77622;variants.xml#type_8729;variants.xml#type_8729;VERBAL;high;ich hab getan: Hilfsverb mit Partizip;;Und die eslinne sprach : • Bin ich nicht dein tir , ouf dem du stetlich hast gewont zu siczen vncz bis ouf den heutigen tack ? Sage , was ich dir • y hab semeliches getan ! • Und diser sprach : • Nie nichtes . •
WZB.tei.xml;WZB_158rb_13_10;hab;KEEP;nein;VEX;VEX;lexicon.xml#lemma_2598;lexicon.xml#lemma_2598;lexicon.xml#lemma_2598_sense_77622;lexicon.xml#lemma_2598_sense_77622;variants.xml#type_8729;variants.xml#type_8729;VERBAL;high;Hilfsverb: Ich hab gesvndet nicht wissende;;Und der sprach : • Ich hab gesvndet nicht wissende , das du stvndest wider mich . • Und nv • ist , das dir das missehaget , das ich czihe , | so kere ich wider . •
WZB.tei.xml;WZB_158vb_5_0;hab;KEEP;nein;VEX;VEX;lexicon.xml#lemma_2598;lexicon.xml#lemma_2598;lexicon.xml#lemma_2598_sense_77622;lexicon.xml#lemma_2598_sense_77622;variants.xml#type_8729;variants.xml#type_8729;VERBAL;high;Hilfsverb mit Partizip ouf gericht, Subjekt ich;;do gienk im enkegen . • Und sprach zu im : • Siben alter , sprach er , hab ich ouf gericht vnd hab gelegt dor ouf ein kalp vnd einen wider . •
WZB.tei.xml;WZB_158vb_5_5;hab;KEEP;nein;VEX;VEX;lexicon.xml#lemma_2598;lexicon.xml#lemma_2598;lexicon.xml#lemma_2598_sense_77622;lexicon.xml#lemma_2598_sense_77622;variants.xml#type_8729;variants.xml#type_8729;VERBAL;high;hab gelegt: Hilfsverb mit Partizip, koordiniert;;do gienk im enkegen . • Und sprach zu im : • Siben alter , sprach er , hab ich ouf gericht vnd hab gelegt dor ouf ein kalp vnd einen wider . •
WZB.tei.xml;WZB_159ra_19_3;hab;KEEP;nein;VEX;VEX;lexicon.xml#lemma_2598;lexicon.xml#lemma_2598;lexicon.xml#lemma_2598_sense_77622;lexicon.xml#lemma_2598_sense_77622;variants.xml#type_8729;variants.xml#type_8729;VERBAL;high;Hilfsverb mit Partizip geruft, Subjekt ich;;Und sprach zu : • Was ist , das du tust ? • Das du vorvluchtest meinen veinden , hab ich dir geruft vnd do wider gesegenst in . •
WZB.tei.xml;WZB_159va_12_10;hab;KEEP;nein;VEX;VEX;lexicon.xml#lemma_2598;lexicon.xml#lemma_2598;lexicon.xml#lemma_2598_sense_77622;lexicon.xml#lemma_2598_sense_77622;variants.xml#type_8729;variants.xml#type_8729;VERBAL;high;Hilfsverb mit vorangestelltem Partizip gesagt;;Und sprach : • Gesagt hab ich dir , | so das ich alles das tete , | das mir got gepute . •
WZB.tei.xml;WZB_160ra_15_1;hab;KEEP;nein;VEX;VEX;lexicon.xml#lemma_2598;lexicon.xml#lemma_2598;lexicon.xml#lemma_2598_sense_77622;lexicon.xml#lemma_2598_sense_77622;variants.xml#type_8729;variants.xml#type_8729;VERBAL;high;Hilfsverb zu gerufet, Subjekt ich;;Und czornig wart gegen vnd slug die hende czu sammen vnd sprach : • Czu vluchen meinen veinden hab ich dich gerufet , den du wider czu dem dritten male hast gesegent .
WZB.tei.xml;WZB_160rb_4_2;Hab;KEEP;nein;VRB;VRB;lexicon.xml#lemma_2598;lexicon.xml#lemma_2598;lexicon.xml#lemma_2598_sense_77622;lexicon.xml#lemma_2598_sense_77622;variants.xml#type_8729;variants.xml#type_8729;VERBAL;high;Hab ich gesaget: Hilfsverb in Frage;;Und antworte : • Hab ich nicht deinen poten gesaget , | die du gesant hast zu mir : •
WZB.tei.xml;WZB_164rb_3_3;hab;KEEP;nein;VRB;VRB;lexicon.xml#lemma_2598;lexicon.xml#lemma_2598;lexicon.xml#lemma_2598_sense_77622;lexicon.xml#lemma_2598_sense_77622;variants.xml#type_8729;variants.xml#type_8729;VERBAL;high;Konjunktiv/Imperativ mit Objekt ein virteil, parallel zu sei;;Das czehende teil semil der mase , die do heisset eph , die do be - ERI sprenget sei gar mit reinem ŏle | vnd hab ein virteil einer mas , die do heisset hyn . •
WZB.tei.xml;WZB_169rb_7_0;habe;MOVE;ja;VEX;NOM;lexicon.xml#lemma_2598;lexicon.xml#lemma_2593;lexicon.xml#lemma_2598_sense_77622;;variants.xml#type_8730;variants.xml#type_8699;NOM;high;Artikel und Adjektiv: ein vnmesliche habe (Besitz);;Aber • die kinder vnd hetten vil schaf vnd von grosem vihe heten sie ein vnmesliche habe . • Und do sie sahen , | das vnd geneme lant waren , vich zu neren , •
WZB.tei.xml;WZB_169va_14_0;hab;KEEP;nein;VEX;VEX;lexicon.xml#lemma_2598;lexicon.xml#lemma_2598;lexicon.xml#lemma_2598_sense_77622;lexicon.xml#lemma_2598_sense_77622;variants.xml#type_8729;variants.xml#type_8729;VERBAL;high;Hilfsverb mit Partizip gelobt, Relativsatz, Subjekt ich;;ob die leute sehen die erde , | die von her ous sint kvmen von czweinczig iaren vnd hinvber , | die ich vnder dem eide hab gelobt | , vnd •
WZB.tei.xml;WZB_169vb_22_0;habe;KEEP;nein;VRB;VRB;lexicon.xml#lemma_2598;lexicon.xml#lemma_2598;lexicon.xml#lemma_2598_sense_77622;lexicon.xml#lemma_2598_sense_77622;variants.xml#type_8730;variants.xml#type_8730;VERBAL;high;Vollverb: habe wir vnser besiczunge, Akkusativobjekt;;Noch | nichtesnicht suche wir vber den , | wenne yczunt habe wir vnser besiczunge in seinem orientischen teile .
WZB.tei.xml;WZB_171vb_3_1;hab;KEEP;nein;VEX;VEX;lexicon.xml#lemma_2598;lexicon.xml#lemma_2598;lexicon.xml#lemma_2598_sense_77622;lexicon.xml#lemma_2598_sense_77622;variants.xml#type_8729;variants.xml#type_8729;VERBAL;high;Hilfsverb mit Partizip gegeben, Subjekt ich;;vnd die in ir wonen , wenne ich hab euch die gegeben zu einer besiczunge ,
WZB.tei.xml;WZB_174vb_29_0;hab;KEEP;nein;VEX;VEX;lexicon.xml#lemma_2598;lexicon.xml#lemma_2598;lexicon.xml#lemma_2598_sense_77622;lexicon.xml#lemma_2598_sense_77622;variants.xml#type_8729;variants.xml#type_8729;VERBAL;high;Hilfsverb mit Partizip gegeben, Gottesrede 1. Sg.;;Secht , sprach her , | euch hab ich sie gegeben . • Czihet ein vnd besiczet die erde , vber die gesworn hat vnser herre ewern vetern , vnd , | so das her in die gebe vnd irem samen noch in . •
WZB.tei.xml;WZB_175vb_5_1;hab;KEEP;nein;VEX;VEX;lexicon.xml#lemma_2598;lexicon.xml#lemma_2598;lexicon.xml#lemma_2598_sense_77622;lexicon.xml#lemma_2598_sense_77622;variants.xml#type_8729;variants.xml#type_8729;VERBAL;high;1. Plural hab wir, Hilfsverb zu gesehen;;Wo sulle wir hin steigen ? • ̃ Die poten haben vnser hercze erschrecket sprechende . • Grose menige ist do | vnd vns NOMIUS an der grose lenger , | grose stete vnd gemowerte bis an den himel die kinder , die risen hab wir do gesehen
WZB.tei.xml;WZB_176ra_13_0;hab;KEEP;nein;VEX;VEX;lexicon.xml#lemma_2598;lexicon.xml#lemma_2598;lexicon.xml#lemma_2598_sense_77622;lexicon.xml#lemma_2598_sense_77622;variants.xml#type_8729;variants.xml#type_8729;VERBAL;high;ich gelobt hab: Hilfsverb im Relativsatz;;Nicht wirt sehen keiner von leuten dicz bŏsen geslechtes die gute erde , | die ich vnder dem eide gelobt hab ewern vetern |
WZB.tei.xml;WZB_176rb_5_0;hab;KEEP;nein;VEX;VEX;lexicon.xml#lemma_2598;lexicon.xml#lemma_2598;lexicon.xml#lemma_2598_sense_77622;lexicon.xml#lemma_2598_sense_77622;variants.xml#type_8729;variants.xml#type_8729;VERBAL;high;Gesvndigt hab wir: Hilfsverb mit Partizip;;Und ir antworte mir : • Gesvndigt hab wir dem herren . • Ouf czihen wolle wir vnd streiten , als vnser got hat gepoten . Und do ir ous gericht in wapen czoget ouf den perck , •
WZB.tei.xml;WZB_176va_34_0;hab;KEEP;nein;VEX;VEX;lexicon.xml#lemma_2598;lexicon.xml#lemma_2598;lexicon.xml#lemma_2598_sense_77622;lexicon.xml#lemma_2598_sense_77622;variants.xml#type_8729;variants.xml#type_8729;VERBAL;high;Hilfsverb: hab ich gegeben den perck;;Dorvmme sehet vleissiclichen , | das ir euch icht beweget wider sie , wenne ich engebe euch nicht von irr erden , also vil ein fuz mag getreten einen fuz stappen , wenne zu einer besiczunge hab ich gegeben den perck . •
WZB.tei.xml;WZB_176vb_23_2;hab;KEEP;nein;VEX;VEX;lexicon.xml#lemma_2598;lexicon.xml#lemma_2598;lexicon.xml#lemma_2598_sense_77622;lexicon.xml#lemma_2598_sense_77622;variants.xml#type_8729;variants.xml#type_8729;VERBAL;high;Hilfsverb mit Partizip gegeben, Subjekt ich, Objekt sie;;Und vnser herre redte zu mir : • Nicht vicht wider die , noch an vahe wider sie keinen streit . • W Wenne ich geb dir nichtesnicht von irr erden . • Wenne den kindern hab ich sie gegeben zu deiner besitczunge . •
WZB.tei.xml;WZB_177ra_30_2;hab;KEEP;nein;VEX;VEX;lexicon.xml#lemma_2598;lexicon.xml#lemma_2598;lexicon.xml#lemma_2598_sense_77622;lexicon.xml#lemma_2598_sense_77622;variants.xml#type_8729;variants.xml#type_8729;VERBAL;high;hab ich gegeben: Hilfsverb mit Partizip;;vnd wirst zu czihen in die dorfer der kinder . • Hute dich , das dv icht streitest wider sie , | noch bewege dich zu streite . • Wenne ich geb dir nicht von der erden der kinder . • Wenne den kindern hab ich sie gegeben zu besitczunge .
WZB.tei.xml;WZB_177rb_15_1;hab;KEEP;nein;VEX;VEX;lexicon.xml#lemma_2598;lexicon.xml#lemma_2598;lexicon.xml#lemma_2598_sense_77622;lexicon.xml#lemma_2598_sense_77622;variants.xml#type_8729;variants.xml#type_8729;VERBAL;high;Hilfsverb, Partizip gegeben vorangestellt, Subjekt ich;;Stet ouf vnd czihet vber die bach . • Sich , | gegeben hab ich in deine hende , den kvnig von den amorren . • Und sein erde e e DEUTRO heb an zu besiczen • Und heb wider in einen streit . •
WZB.tei.xml;WZB_177vb_8_1;hab;KEEP;nein;VEX;VEX;lexicon.xml#lemma_2598;lexicon.xml#lemma_2598;lexicon.xml#lemma_2598_sense_77622;lexicon.xml#lemma_2598_sense_77622;variants.xml#type_8729;variants.xml#type_8729;VERBAL;high;Hilfsverb mit Partizip angehaben, Subjekt ich;;Und vnser herre sprach zu mir : • Sich , | an gehaben hab ich zu geben dir | vnd sein erde heb an zu besiczen . •
WZB.tei.xml;WZB_178ra_24_7;habe;KEEP;nein;VEX;VEX;lexicon.xml#lemma_2598;lexicon.xml#lemma_2598;lexicon.xml#lemma_2598_sense_77622;lexicon.xml#lemma_2598_sense_77622;variants.xml#type_8730;variants.xml#type_8730;VERBAL;high;Hilfsverb zu gegeben, Subjekt ich;;Und vnser herre sprach zu mir : • Nicht vorchte in , • wenne in deine hant habe ich in gegeben mit allem seinem volke vnd seiner erde . Und tvn soltu im , als du hast getan , dem kvnige der , der do wonte zu . •
WZB.tei.xml;WZB_178va_25_1;hab;KEEP;nein;VEX;VEX;lexicon.xml#lemma_2598;lexicon.xml#lemma_2598;lexicon.xml#lemma_2598_sense_77622;lexicon.xml#lemma_2598_sense_77622;variants.xml#type_8729;variants.xml#type_8729;VERBAL;high;hab ich gegeben: Hilfsverb, 1. Sg.;;Und die erde besase wir in den selben czeiten von , die do ist ouf dem vber der bach vncz bis ouf das halbe teil des pergis . • Und des selben landes stete hab ich gegeben vnd .
WZB.tei.xml;WZB_178va_27_2;hab;KEEP;nein;VEX;VEX;lexicon.xml#lemma_2598;lexicon.xml#lemma_2598;lexicon.xml#lemma_2598_sense_77622;lexicon.xml#lemma_2598_sense_77622;variants.xml#type_8729;variants.xml#type_8729;VERBAL;high;hab ich gegeben: Hilfsverb mit Partizip;;aber das ander teil vnd alles das lant des reiches hab ich gegeben dem halben geslechte . • Alles reich vnd alles das lant ł nante man der hevnen . •
WZB.tei.xml;WZB_178vb_5_0;habe;KEEP;nein;VEX;VEX;lexicon.xml#lemma_2598;lexicon.xml#lemma_2598;lexicon.xml#lemma_2598_sense_77622;lexicon.xml#lemma_2598_sense_77622;variants.xml#type_8730;variants.xml#type_8730;VERBAL;high;Hilfsverb: habe ich gegeben den perck;;Und habe ich gegeben den perck
WZB.tei.xml;WZB_178vb_26_3;hab;KEEP;nein;VEX;VEX;lexicon.xml#lemma_2598;lexicon.xml#lemma_2598;lexicon.xml#lemma_2598_sense_77622;lexicon.xml#lemma_2598_sense_77622;variants.xml#type_8729;variants.xml#type_8729;VERBAL;high;Hilfsverb mit Partizip gegeben, Relativsatz, Subjekt ich;;an ewer housvrowen vnd ewer kinder vnd das vich . • Ich weis wol , das ir vil schaf habt vnd in den steten sullen sie bleiben , die ich euch hab gegeben ,
WZB.tei.xml;WZB_178vb_33_5;hab;KEEP;nein;VEX;VEX;lexicon.xml#lemma_2598;lexicon.xml#lemma_2598;lexicon.xml#lemma_2598_sense_77622;lexicon.xml#lemma_2598_sense_77622;variants.xml#type_8729;variants.xml#type_8729;VERBAL;high;Hilfsverb mit Partizip gegeben, Subjekt ich;;vncz bis rue gibt vnser herre ewern brudern , als her euch sie hat gegeben . • Und ouch sie besiczen die erde , die her in geben wirt vber den . • Denne wider kere ein yclicher in die besiczunge , die ich euch hab gegeben . •
WZB.tei.xml;WZB_179rb_22_0;habe;KEEP;nein;VEX;VEX;lexicon.xml#lemma_2598;lexicon.xml#lemma_2598;lexicon.xml#lemma_2598_sense_77622;lexicon.xml#lemma_2598_sense_77622;variants.xml#type_8730;variants.xml#type_8730;VERBAL;high;Hilfsverb mit Partizip gelert, Subjekt ich;;Wisset ir , das ich euch gelert habe die gepot vnd die gerechticheit , als mir gepoten hat mein herre got , also sult ir sie tvn in der erden , die ir werdet besiczen . •
WZB.tei.xml;WZB_179rb_35_2;hab;KEEP;nein;VEX;VEX;lexicon.xml#lemma_2598;lexicon.xml#lemma_2598;lexicon.xml#lemma_2598_sense_77622;lexicon.xml#lemma_2598_sense_77622;variants.xml#type_8729;variants.xml#type_8729;VERBAL;high;Konjunktiv nach Vulgata habeat: das gote habe;;Noch kein ander geslechte ist also gros , das gote hab im zu nehen , | als vnser herre bei ist allem DEUTRO vnserm gepete . •
WZB.tei.xml;WZB_179va_4_4;habe;KEEP;nein;VEX;VEX;lexicon.xml#lemma_2598;lexicon.xml#lemma_2598;lexicon.xml#lemma_2598_sense_77622;lexicon.xml#lemma_2598_sense_77622;variants.xml#type_8730;variants.xml#type_8730;VERBAL;high;Konjunktiv nach so das es, Objekt eliche veiertage;;Wenne welches ander geslechte ist also erber , so das es habe eliche veiertage vnd gerechte gerichte vnd alle eliche recht , die ich heute vorsecze vor deinen ougen . •
WZB.tei.xml;WZB_180va_21_1;habe;KEEP;nein;VEX;VEX;lexicon.xml#lemma_2598;lexicon.xml#lemma_2598;lexicon.xml#lemma_2598_sense_77622;lexicon.xml#lemma_2598_sense_77622;variants.xml#type_8730;variants.xml#type_8730;VERBAL;high;abgot gemachet habe: Hilfsverb mit Partizip;;abgot gemachet habe , so das es ein czihe • Und hub ouf eyn geslechte von den heiden mit vorsuchunge vnd mit czeichen vnd mit wundern vnd mit streite vnd mit starcker hant vnd ouf gerackten armen • vnd vorchtlichen gesichten . • noch allem dem das getan hat vmme euch vnser herre got in , das es gesehen haben deine ougen , |
WZB.tei.xml;WZB_182ra_15_3;hab;KEEP;nein;VEX;VEX;lexicon.xml#lemma_2598;lexicon.xml#lemma_2598;lexicon.xml#lemma_2598_sense_77622;lexicon.xml#lemma_2598_sense_77622;variants.xml#type_8729;variants.xml#type_8729;VERBAL;high;hab wir gehort: Hilfsverb mit Partizip;;Sich , geczeigt hat vns vnser herregot got sein almechticheit | vnd seine grose stimme hab wir gehort von der mitte des few̆ers | vnd haben heute geprŭfet , das redende got mit dem menschen lebt der mensch . •
WZB.tei.xml;WZB_182rb_17_0;hab;KEEP;nein;VEX;VEX;lexicon.xml#lemma_2598;lexicon.xml#lemma_2598;lexicon.xml#lemma_2598_sense_77622;lexicon.xml#lemma_2598_sense_77622;variants.xml#type_8729;variants.xml#type_8729;VERBAL;high;Hilfsverb: Gehort hab ich die wort;;Do das horte der herre , | Do sprach her zu mir : • Gehort hab ich die wort dicz volkes , die sie zu dir gesprochen haben . • Wol haben sie vbir al geredt . •
WZB.tei.xml;WZB_182va_34_0;Hab;KEEP;nein;VRB;VRB;lexicon.xml#lemma_2598;lexicon.xml#lemma_2598;lexicon.xml#lemma_2598_sense_77622;lexicon.xml#lemma_2598_sense_77622;variants.xml#type_8729;variants.xml#type_8729;VERBAL;high;Imperativ Hab liep deinen herre got (Dtn 6,5);;Hab liep deinen herre got von ganczem deinem herczen | vnd von ganczer deiner sele vnd von ganczer dei NOMIUS ner craft . •
WZB.tei.xml;WZB_186rb_25_5;hab;KEEP;nein;VEX;VEX;lexicon.xml#lemma_2598;lexicon.xml#lemma_2598;lexicon.xml#lemma_2598_sense_77622;lexicon.xml#lemma_2598_sense_77622;variants.xml#type_8729;variants.xml#type_8729;VERBAL;high;Hilfsverb mit Partizip geben, Subjekt ich;;Und do er sante von sprechende : Czihet ouf vnd besiczet die erde , die ich euch hab geben . Und ir vorsmehte die gepitunge ewers herren gotes vnd geloubt im nicht , noch sein stimme wŏlt ir nicht h hŏren , |
WZB.tei.xml;WZB_187ra_29_0;hab;KEEP;nein;VEX;VEX;lexicon.xml#lemma_2598;lexicon.xml#lemma_2598;lexicon.xml#lemma_2598_sense_77622;lexicon.xml#lemma_2598_sense_77622;variants.xml#type_8729;variants.xml#type_8729;VERBAL;high;Hilfsverb mit Partizip gesworen, Relativsatz ich;;vnd sprach zu mir : • Gee | vnd vorgee dem volke , | so das sie ein geen vnd besiczen die erde , die ich gesworen hab iren vetern , so das ich sie in gebe . •
WZB.tei.xml;WZB_187va_26_1;hab;KEEP;nein;VRB;VRB;lexicon.xml#lemma_2598;lexicon.xml#lemma_2598;lexicon.xml#lemma_2598_sense_77622;lexicon.xml#lemma_2598_sense_77622;variants.xml#type_8729;variants.xml#type_8729;VERBAL;high;Imperativ: hab liep deinen herren got;;nd • also hab liep deinen herre got vnd behalde sein gepot | vnd sein eliche veiertage , | sein gerichte vnd sein geheisse alle czeit . •
WZB.tei.xml;WZB_187vb_20_1;habe;MOVE;ja;VRB;NOM;lexicon.xml#lemma_2598;lexicon.xml#lemma_2593;lexicon.xml#lemma_2598_sense_77622;;variants.xml#type_8730;variants.xml#type_8699;NOM;high;Praeposition plus Possessiv mit alle irr habe, Relativsatz;;Und vnd , den kindern , der do svn was , di mit ouf getanem mvnde die erde vorslant , | mit heusern vnd mit geczelden vnd mit alle irr habe , die sie hatten in der DEUTRO mitte . •
WZB.tei.xml;WZB_189rb_17_6;habe;KEEP;nein;VEX;VEX;lexicon.xml#lemma_2598;lexicon.xml#lemma_2598;lexicon.xml#lemma_2598_sense_77622;lexicon.xml#lemma_2598_sense_77622;variants.xml#type_8730;variants.xml#type_8730;VERBAL;high;das ich gepoten habe: Hilfsverb im Relativsatz;;in der stat , di ewer herre got erwelet , | also das sein name sei in ir . • Do hin alles , das ich gepoten habe , werdet ir brengen ganczenczuntes opfer vnd opfertir vnd czehenden vnd die erstlinge ewer hende | vnd was do , | das vorderst ist in den gaben , die ir gelobt habet ị́ṇ̣ dem herren . •
WZB.tei.xml;WZB_189va_2_7;hab;KEEP;nein;VEX;VEX;lexicon.xml#lemma_2598;lexicon.xml#lemma_2598;lexicon.xml#lemma_2598_sense_77622;lexicon.xml#lemma_2598_sense_77622;variants.xml#type_8729;variants.xml#type_8729;VERBAL;high;ich dir hab gepoten: Hilfsverb mit Partizip;;svnder in der , die vnser herr erwelt in einem deiner geslechte , | do opfer opfer tyr DEUTRO vnd tu alles , das ich dir hab gepoten . •
WZB.tei.xml;WZB_190ra_35_0;hab;KEEP;nein;VEX;VEX;lexicon.xml#lemma_2598;lexicon.xml#lemma_2598;lexicon.xml#lemma_2598_sense_77622;lexicon.xml#lemma_2598_sense_77622;variants.xml#type_8729;variants.xml#type_8729;VERBAL;high;Hilfsverb Konjunktiv: Her hab einen trovme gesehen;;Ist , das in deiner mitte ouf stet ein prophet oder einer , der do spricht , • Her hab einen trovme gesehen vnd weissaget ein czeichen vnd ein wunder |
WZB.tei.xml;WZB_193vb_31_7;hab;KEEP;nein;VEX;VEX;lexicon.xml#lemma_2598;lexicon.xml#lemma_2598;lexicon.xml#lemma_2598_sense_77622;lexicon.xml#lemma_2598_sense_77622;variants.xml#type_8729;variants.xml#type_8729;VERBAL;high;Hilfsverb mit Partizip gepoten, Negation nicht, Subjekt ich;;so das sie geen vnd dienen vremden gŏten vnd anpeten sie , svnne vnd man vnd alle ritterschaft des himels , | das ich nicht hab gepoten |
WZB.tei.xml;WZB_195va_8_0;habe;KEEP;nein;VEX;VEX;lexicon.xml#lemma_2598;lexicon.xml#lemma_2598;lexicon.xml#lemma_2598_sense_77622;lexicon.xml#lemma_2598_sense_77622;variants.xml#type_8730;variants.xml#type_8730;VERBAL;high;Hilfsverb mit Partizip gepoten, Negation;;Aber der prophete , der von hochuart vor arget , | reden wil in meinem namen , das ich im nicht gepoten | habe zu reden oder spricht ous dem namen vremder gote , der sol werden vorterbet . •
WZB.tei.xml;WZB_195vb_2_5;habe;KEEP;nein;VEX;VEX;lexicon.xml#lemma_2598;lexicon.xml#lemma_2598;lexicon.xml#lemma_2598_sense_77622;lexicon.xml#lemma_2598_sense_77622;variants.xml#type_8730;variants.xml#type_8730;VERBAL;high;Konjunktiv-Vollverb, Subjekt der do vluchtig ist (habeat);;bereitende vleissiclich den weck vnd in drei gleiche teil aller deiner erden lantschaft NOMIUS teile , so das nahen habe , der do vluchtig ist durch manslacht , wo her hin enpflihen mvge . •
WZB.tei.xml;WZB_198rb_10_4;habe;MOVE;ja;VEX;NOM;lexicon.xml#lemma_2598;lexicon.xml#lemma_2593;lexicon.xml#lemma_2598_sense_77622;;variants.xml#type_8730;variants.xml#type_8699;NOM;high;Possessiv seine, Objekt von teilen: Substantiv;;Und wil her seine habe teilen vnder seine svne , | nicht mag her der lieben svn machen den erstgepornen vnd vorgeseczen der gehessigen svn ,
WZB.tei.xml;WZB_199ra_23_0;hab;KEEP;nein;VEX;VEX;lexicon.xml#lemma_2598;lexicon.xml#lemma_2598;lexicon.xml#lemma_2598_sense_77622;lexicon.xml#lemma_2598_sense_77622;variants.xml#type_8729;variants.xml#type_8729;VERBAL;high;Hilfsverb zu genvmen, Subjekt ich;;"vnd suchet werworter , dorvmme her sie muge gelasen vnd wirft ir an einen pŏsen namen vnd spricht : • Dise housvrowe hab ich genvmen | vnd bin zu ir ein gegangen | vnd hab sie nicht funden ein iuncvrowe ; |"
WZB.tei.xml;WZB_199ra_24_5;hab;KEEP;nein;VEX;VEX;lexicon.xml#lemma_2598;lexicon.xml#lemma_2598;lexicon.xml#lemma_2598_sense_77622;lexicon.xml#lemma_2598_sense_77622;variants.xml#type_8729;variants.xml#type_8729;VERBAL;high;hab sie nicht funden: Hilfsverb mit Negation;;"vnd suchet werworter , dorvmme her sie muge gelasen vnd wirft ir an einen pŏsen namen vnd spricht : • Dise housvrowe hab ich genvmen | vnd bin zu ir ein gegangen | vnd hab sie nicht funden ein iuncvrowe ; |"
WZB.tei.xml;WZB_199ra_32_2;hab;KEEP;nein;VEX;VEX;lexicon.xml#lemma_2598;lexicon.xml#lemma_2598;lexicon.xml#lemma_2598_sense_77622;lexicon.xml#lemma_2598_sense_77622;variants.xml#type_8729;variants.xml#type_8729;VERBAL;high;hab ich gegebn: Hilfsverb mit Partizip;;Und sprechen sol der vater : • N Mein tochter hab ich gegebn dem zu einer housvrowen . dise dorvmme , das her sie hasset ,
WZB.tei.xml;WZB_199ra_37_2;hab;KEEP;nein;VEX;VEX;lexicon.xml#lemma_2598;lexicon.xml#lemma_2598;lexicon.xml#lemma_2598_sense_77622;lexicon.xml#lemma_2598_sense_77622;variants.xml#type_8729;variants.xml#type_8729;VERBAL;high;Hilfsverb: hab ich nichte mait gefunden;;wirft her an sie einen posen | namen , | so das her sprichet : • | Dein tochter hab ich nichte | NOMIUS mait gefunden . • Und secht , das sint die czeichen der iuncvrowlichkeit meiner tochter ! • Vnd breiten ouf das gewant vor den eldisten der stat . •
WZB.tei.xml;WZB_201ra_16_0;hab;KEEP;nein;VEX;VEX;lexicon.xml#lemma_2598;lexicon.xml#lemma_2598;lexicon.xml#lemma_2598_sense_77622;lexicon.xml#lemma_2598_sense_77622;variants.xml#type_8729;variants.xml#type_8729;VERBAL;high;Hilfsverb mit Partizip gepoten, Subjekt ich;;Behute vleissiclich , das du icht vallest in den der ousseczikeit , svnder tu alles , | das dich leren die priester des leuitischen geslechtes | noch dem , als ich yn hab gepoten , vnd erfulle das sorgveldiclich . •
WZB.tei.xml;WZB_202rb_5_1;hab;KEEP;nein;VRB;VRB;lexicon.xml#lemma_2598;lexicon.xml#lemma_2598;lexicon.xml#lemma_2598_sense_77622;lexicon.xml#lemma_2598_sense_77622;variants.xml#type_8729;variants.xml#type_8729;VERBAL;high;Imperativ mit Negation, Objekt barmherczikeit;;zu hant , sneide ir abe die hant , noch hab kein barmherczikeit vber sie . •
WZB.tei.xml;WZB_203ra_12_5;hab;KEEP;nein;VEX;VEX;lexicon.xml#lemma_2598;lexicon.xml#lemma_2598;lexicon.xml#lemma_2598_sense_77622;lexicon.xml#lemma_2598_sense_77622;variants.xml#type_8729;variants.xml#type_8729;VERBAL;high;Hilfsverb, Partizip Bracht vorangestellt, Subjekt ich;;Und reden wirstu in der angesichte deines herren gotis : • Bracht hab ich , das do geheiligt ist von meinem house , | vnd hab das gegeben dem | vnd dem newkomen vnd dem waisen vnd der witwen , | als du mich hast geheissen . • Nicht habe ich vbertreten dein gepote , | noch hab vorgessen deiner gepitunge . •
WZB.tei.xml;WZB_203ra_14_4;hab;KEEP;nein;VEX;VEX;lexicon.xml#lemma_2598;lexicon.xml#lemma_2598;lexicon.xml#lemma_2598_sense_77622;lexicon.xml#lemma_2598_sense_77622;variants.xml#type_8729;variants.xml#type_8729;VERBAL;high;Hilfsverb mit vorangestelltem Partizip bracht;;Und reden wirstu in der angesichte deines herren gotis : • Bracht hab ich , das do geheiligt ist von meinem house , | vnd hab das gegeben dem | vnd dem newkomen vnd dem waisen vnd der witwen , | als du mich hast geheissen . • Nicht habe ich vbertreten dein gepote , | noch hab vorgessen deiner gepitunge . •
WZB.tei.xml;WZB_203ra_18_5;habe;KEEP;nein;VEX;VEX;lexicon.xml#lemma_2598;lexicon.xml#lemma_2598;lexicon.xml#lemma_2598_sense_77622;lexicon.xml#lemma_2598_sense_77622;variants.xml#type_8730;variants.xml#type_8730;VERBAL;high;Nicht habe ich vbertreten: Hilfsverb, Negation;;Und reden wirstu in der angesichte deines herren gotis : • Bracht hab ich , das do geheiligt ist von meinem house , | vnd hab das gegeben dem | vnd dem newkomen vnd dem waisen vnd der witwen , | als du mich hast geheissen . • Nicht habe ich vbertreten dein gepote , | noch hab vorgessen deiner gepitunge . •
WZB.tei.xml;WZB_203ra_20_1;hab;KEEP;nein;VEX;VEX;lexicon.xml#lemma_2598;lexicon.xml#lemma_2598;lexicon.xml#lemma_2598_sense_77622;lexicon.xml#lemma_2598_sense_77622;variants.xml#type_8729;variants.xml#type_8729;VERBAL;high;noch hab vorgessen: Hilfsverb mit Partizip;;Und reden wirstu in der angesichte deines herren gotis : • Bracht hab ich , das do geheiligt ist von meinem house , | vnd hab das gegeben dem | vnd dem newkomen vnd dem waisen vnd der witwen , | als du mich hast geheissen . • Nicht habe ich vbertreten dein gepote , | noch hab vorgessen deiner gepitunge . •
WZB.tei.xml;WZB_203ra_21_3;hab;KEEP;nein;VEX;VEX;lexicon.xml#lemma_2598;lexicon.xml#lemma_2598;lexicon.xml#lemma_2598_sense_77622;lexicon.xml#lemma_2598_sense_77622;variants.xml#type_8729;variants.xml#type_8729;VERBAL;high;Nicht hab ich gessen: Hilfsverb mit Partizip;;Nicht hab ich do von gessen in meiner clage , | noch hab das gesvndert in keiner vnreinikeit , | noch hab do von nichtesnicht gegeben in clegelichen dingen . • Gehorsame | bin ich gewesen der stimme meines herren gotis | vnd habe alles das getan , das du mir hast gepoten . •
WZB.tei.xml;WZB_203ra_23_0;hab;KEEP;nein;VEX;VEX;lexicon.xml#lemma_2598;lexicon.xml#lemma_2598;lexicon.xml#lemma_2598_sense_77622;lexicon.xml#lemma_2598_sense_77622;variants.xml#type_8729;variants.xml#type_8729;VERBAL;high;Hilfsverb: Nicht hab ich do von gessen;;Nicht hab ich do von gessen in meiner clage , | noch hab das gesvndert in keiner vnreinikeit , | noch hab do von nichtesnicht gegeben in clegelichen dingen . • Gehorsame | bin ich gewesen der stimme meines herren gotis | vnd habe alles das getan , das du mir hast gepoten . •
WZB.tei.xml;WZB_203ra_24_4;hab;KEEP;nein;VEX;VEX;lexicon.xml#lemma_2598;lexicon.xml#lemma_2598;lexicon.xml#lemma_2598_sense_77622;lexicon.xml#lemma_2598_sense_77622;variants.xml#type_8729;variants.xml#type_8729;VERBAL;high;Hilfsverb mit Partizip gegeben, Negation noch nichtesnicht;;Nicht hab ich do von gessen in meiner clage , | noch hab das gesvndert in keiner vnreinikeit , | noch hab do von nichtesnicht gegeben in clegelichen dingen . • Gehorsame | bin ich gewesen der stimme meines herren gotis | vnd habe alles das getan , das du mir hast gepoten . •
WZB.tei.xml;WZB_203ra_28_5;habe;KEEP;nein;VEX;VEX;lexicon.xml#lemma_2598;lexicon.xml#lemma_2598;lexicon.xml#lemma_2598_sense_77622;lexicon.xml#lemma_2598_sense_77622;variants.xml#type_8730;variants.xml#type_8730;VERBAL;high;Hilfsverb mit Partizip getan, Subjekt ich;;Nicht hab ich do von gessen in meiner clage , | noch hab das gesvndert in keiner vnreinikeit , | noch hab do von nichtesnicht gegeben in clegelichen dingen . • Gehorsame | bin ich gewesen der stimme meines herren gotis | vnd habe alles das getan , das du mir hast gepoten . •
WZB.tei.xml;WZB_204rb_28_0;habe;MOVE;ja;VEX;NOM;lexicon.xml#lemma_2598;lexicon.xml#lemma_2593;lexicon.xml#lemma_2598_sense_77622;;variants.xml#type_8730;variants.xml#type_8699;NOM;high;Possessiv deine plus Adjektiv vberige davor;;Gesegent dein schevne | vnd gesegent wirt alle deine vberige habe . •
WZB.tei.xml;WZB_204vb_19_2;habe;MOVE;ja;VEX;NOM;lexicon.xml#lemma_2598;lexicon.xml#lemma_2593;lexicon.xml#lemma_2598_sense_77622;;variants.xml#type_8730;variants.xml#type_8699;NOM;high;Possessiv deine plus Adjektiv vberige: Substantiv;;Uor vluchet wirt dein schevne vnd vor vluchet alle deine vberige habe . •
WZB.tei.xml;WZB_206rb_30_1;habe;MOVE;ja;VRB;NOM;lexicon.xml#lemma_2598;lexicon.xml#lemma_2593;lexicon.xml#lemma_2598_sense_77622;;variants.xml#type_8730;variants.xml#type_8699;NOM;high;Possessiv alle irr habe: Mangel an aller Habe (Dtn 28,57);;vnd vber die voulen vnreinen neczil , die do ous geen von der mitte irr permuter vnd vber ire kinder , | die in der selben stvnd sint geporn . • Wenne essen werden sie die vorholen durch die armut alle irr habe in der heruart v vnd in der beligunge vnd der vorwustenunge , | mit der dich vordrucket dein v veint czwischen deinen ł pforten . •
WZB.tei.xml;WZB_207ra_14_0;hab;KEEP;nein;VEX;VEX;lexicon.xml#lemma_2598;lexicon.xml#lemma_2598;lexicon.xml#lemma_2598_sense_77622;lexicon.xml#lemma_2598_sense_77622;variants.xml#type_8729;variants.xml#type_8729;VERBAL;high;Gefurt hab ich: Hilfsverb, Partizip vorangestellt;;Gefurt hab ich euch durch die wustenunge vierczig iar , | nicht sint vortorben ewer gewant , noch die schu ewerr fuze vor alder sint nicht vorczert . •
WZB.tei.xml;WZB_208ra_21_3;habe;KEEP;nein;VRB;VRB;lexicon.xml#lemma_2598;lexicon.xml#lemma_2598;lexicon.xml#lemma_2598_sense_77622;lexicon.xml#lemma_2598_sense_77622;variants.xml#type_8730;variants.xml#type_8730;VERBAL;high;ich vorgesaczt habe: Hilfsverb mit Partizip;;Orvmme wenne ouf dich kvmen alle dise rede , | der segen oder der vluch , den ich vorgesaczt habe | in deiner angesicht vnd gefurt in rewe deines herczens | in allen heiden , in die dich | czu strewet dein herre got ,
WZB.tei.xml;WZB_208va_37_4;habe;KEEP;nein;VEX;VEX;lexicon.xml#lemma_2598;lexicon.xml#lemma_2598;lexicon.xml#lemma_2598_sense_77622;lexicon.xml#lemma_2598_sense_77622;variants.xml#type_8730;variants.xml#type_8730;VERBAL;high;Hilfsverb: ich heute vor gesaczt habe;;Mercke , das ł ich heute vor gesaczt habe NOMIUS in deiner angesichte das leben vnd gutes | vnd do wider den tot vnd poses ,
WZB.tei.xml;WZB_208vb_22_4;habe;KEEP;nein;VEX;VEX;lexicon.xml#lemma_2598;lexicon.xml#lemma_2598;lexicon.xml#lemma_2598_sense_77622;lexicon.xml#lemma_2598_sense_77622;variants.xml#type_8730;variants.xml#type_8730;VERBAL;high;Hilfsverb mit Partizip vor gesaczt, Subjekt ich;;Geczeugen rufe ich heute an himel vnd erden , das ich vor gesaczt euch habe das leben vnd gutes den segen vnd den vluch . • Keuse dorvmme das leben , so das du ouch lebist vnd dein same
WZB.tei.xml;WZB_208vb_26_4;habe;KEEP;nein;VRB;VRB;lexicon.xml#lemma_2598;lexicon.xml#lemma_2598;lexicon.xml#lemma_2598_sense_77622;lexicon.xml#lemma_2598_sense_77622;variants.xml#type_8730;variants.xml#type_8730;VERBAL;high;Imperativ habe liep mit Akkusativobjekt;;vnd habe liep deinen herren got vnd bis gehorsam seiner stimme | vnd im henge an , wenne her ist d dein leben vnd die lenge deiner tage , || so das du wonest in der erden , vmme die her gesworn hat deinen vetern , vnd , so das her in
WZB.tei.xml;WZB_209ra_23_0;hab;KEEP;nein;VEX;VEX;lexicon.xml#lemma_2598;lexicon.xml#lemma_2598;lexicon.xml#lemma_2598_sense_77622;lexicon.xml#lemma_2598_sense_77622;variants.xml#type_8729;variants.xml#type_8729;VERBAL;high;Hilfsverb mit Partizip gepoten, Subjekt ich;;Dorvmme wenne er ouch semlichen dise euch gibt , | so sult ir in tvn , als ich euch gepoten hab . •
WZB.tei.xml;WZB_209vb_29_0;habe;KEEP;nein;VEX;VEX;lexicon.xml#lemma_2598;lexicon.xml#lemma_2598;lexicon.xml#lemma_2598_sense_77622;lexicon.xml#lemma_2598_sense_77622;variants.xml#type_8730;variants.xml#type_8730;VERBAL;high;Hilfsverb mit Partizip gesworn, Relativsatz;;Wenne ein furen wil ich sie | in die erde , vmme die ich gesworn habe iren vetern vliessende mit milch vnd mit honikseim . • Und wenne sie gessen vnd sat werden vnd veist , so werden sie keren zu fremden gŏten vnd werden in dienen vnd mir ab czihen vnd werden irre machen meinen fride . •
WZB.tei.xml;WZB_210ra_10_7;habe;KEEP;nein;VEX;VEX;lexicon.xml#lemma_2598;lexicon.xml#lemma_2598;lexicon.xml#lemma_2598_sense_77622;lexicon.xml#lemma_2598_sense_77622;variants.xml#type_8730;variants.xml#type_8730;VERBAL;high;Relativsatz, Hilfsverb zu gelobet, Subjekt ich;;Dornach wenne sie nv DEUTRO funden wirt vil poses vnd pflagen antworten in diser gesank vmme geczeuknusse , das nicht vortilgen wirt kein vorgessenheit ous dem mvnde deines samens . • Wenne ich weis seine gedanken heute , | was es tvn wirt , • e • ich sie ein gefure in die erde , | die ich im gelobet habe . •
WZB.tei.xml;WZB_210ra_15_2;hab;KEEP;nein;VRB;VRB;lexicon.xml#lemma_2598;lexicon.xml#lemma_2598;lexicon.xml#lemma_2598_sense_77622;lexicon.xml#lemma_2598_sense_77622;variants.xml#type_8729;variants.xml#type_8729;VERBAL;high;ich in hab vorheissen: Hilfsverb mit Partizip;;Und gepot , dem svne , vnd sprach : • Creftige dich vnd bis starck , • w wenne du wirft ein furen in die erde , | die ich in hab vorheissen vnd ich wil sein mit dir . •
WZB.tei.xml;WZB_210rb_31_0;habe;KEEP;nein;VEX;VEX;lexicon.xml#lemma_2598;lexicon.xml#lemma_2598;lexicon.xml#lemma_2598_sense_77622;lexicon.xml#lemma_2598_sense_77622;variants.xml#type_8730;variants.xml#type_8730;VERBAL;high;ich euch gepoten habe: Hilfsverb mit Partizip;;Wenne ich weis wol , das ir noch meinem tode poslich werdet tvn vnd werdet euch schire neigen von dem wege , den ich euch gepoten habe | vnd begegen werden euch pose in den leczten czeiten . • Wenne ir tvn werdet poslich in der angesicht vnsers herren , | so das ir in reiczet mit den werken ewer hende . •
WZB.tei.xml;WZB_211rb_18_2;habe;KEEP;nein;VRB;VRB;lexicon.xml#lemma_2598;lexicon.xml#lemma_2598;lexicon.xml#lemma_2598_sense_77622;lexicon.xml#lemma_2598_sense_77622;variants.xml#type_8730;variants.xml#type_8730;VERBAL;high;Hilfsverb: habe ich das vorczogen;;Svnder durch den czorne der veinde habe ich das vorczogen , | das leicht icht hochuerten ire veinde vnd sprechen : • Unser hant ist hoch | vnd nicht hat der herre das alles getan . •
WZB.tei.xml;WZB_213rb_33_3;hab;KEEP;nein;VEX;VEX;lexicon.xml#lemma_2598;lexicon.xml#lemma_2598;lexicon.xml#lemma_2598_sense_77622;lexicon.xml#lemma_2598_sense_77622;variants.xml#type_8729;variants.xml#type_8729;VERBAL;high;Hilfsverb mit Partizip gesworn, Relativsatz, Subjekt ich;;Und vnser herre sprach zu im : • Das ist die erde , vmme die ich gesworn hab , vnd sprechende : • Deinem samen wil ich sie geben . • Gesehen hastu DEUTRO sie mit deinen ougen | vnd nicht wirstu czihen dor ein . •
WZB.tei.xml;WZB_214ra_13_0;habe;KEEP;nein;VEX;VEX;lexicon.xml#lemma_2598;lexicon.xml#lemma_2598;lexicon.xml#lemma_2598_sense_77622;lexicon.xml#lemma_2598_sense_77622;variants.xml#type_8730;variants.xml#type_8730;VERBAL;high;Hilfsverb mit Partizip gesprochen, Subjekt ich;;Ein ycliche stat , die do tritt der trit ewers fuses , wil ich euch geben , als ich gesprochen habe zu : •
WZB.tei.xml;WZB_214rb_8_0;habe;KEEP;nein;VEX;VEX;lexicon.xml#lemma_2598;lexicon.xml#lemma_2598;lexicon.xml#lemma_2598_sense_77622;lexicon.xml#lemma_2598_sense_77622;variants.xml#type_8730;variants.xml#type_8730;VERBAL;high;Hilfsverb mit Partizip gesworen, Relativsatz ich;;Sterke dich vnd bis creftig , wenne du mit dem los teilen wirst disem volke die erde , vmme die ich gesworen habe deinen vetern , | also das ich in sie gebe . •
WZB.tei.xml;WZB_215ra_27_0;hab;KEEP;nein;VEX;VEX;lexicon.xml#lemma_2598;lexicon.xml#lemma_2598;lexicon.xml#lemma_2598_sense_77622;lexicon.xml#lemma_2598_sense_77622;variants.xml#type_8729;variants.xml#type_8729;VERBAL;high;hab wir mit Partizip gehort, 1. Plural;;Gehort hab wir , | das der herre getrukkent hab die wasser zu ewerm ein gange , do ir ous geczogen seit von vnd was ir habt getan d den czwein kvnigen der , die do waren vber den , vnd , die ir habt vorterbt . •
WZB.tei.xml;WZB_215ra_28_0;hab;KEEP;nein;VEX;VEX;lexicon.xml#lemma_2598;lexicon.xml#lemma_2598;lexicon.xml#lemma_2598_sense_77622;lexicon.xml#lemma_2598_sense_77622;variants.xml#type_8729;variants.xml#type_8729;VERBAL;high;Konjunktiv, Subjekt der herre, Hilfsverb zu getrukkent;;Gehort hab wir , | das der herre getrukkent hab die wasser zu ewerm ein gange , do ir ous geczogen seit von vnd was ir habt getan d den czwein kvnigen der , die do waren vber den , vnd , die ir habt vorterbt . •
WZB.tei.xml;WZB_215ra_32_0;hab;KEEP;nein;VEX;VEX;lexicon.xml#lemma_2598;lexicon.xml#lemma_2598;lexicon.xml#lemma_2598_sense_77622;lexicon.xml#lemma_2598_sense_77622;variants.xml#type_8729;variants.xml#type_8729;VERBAL;high;hab wir vns ervorcht: 1. Plural, Hilfsverb;;Und das horende | hab wir vns ervorcht | vnd vn IOSUE ser hercze sochet , noch nicht geistes bliben ist in vns czu ewerm eingange . • Wenne der herre , ewer got , ist got in dem himel vber sich | vnd in der erden vnder sich . •
WZB.tei.xml;WZB_215rb_10_1;hab;KEEP;nein;VEX;VEX;lexicon.xml#lemma_2598;lexicon.xml#lemma_2598;lexicon.xml#lemma_2598_sense_77622;lexicon.xml#lemma_2598_sense_77622;variants.xml#type_8729;variants.xml#type_8729;VERBAL;high;hab getan: Hilfsverb mit Partizip, Subjekt ich;;Nu dorvmme sweret mir bei dem herren , also wie ich mit euch do barmherczikeit hab getan , also tut ouch mit meines vaters house | vnd gebet mir | ein wares czeichen ,
WZB.tei.xml;WZB_218ra_6_0;hab;KEEP;nein;VEX;VEX;lexicon.xml#lemma_2598;lexicon.xml#lemma_2598;lexicon.xml#lemma_2598_sense_77622;lexicon.xml#lemma_2598_sense_77622;variants.xml#type_8729;variants.xml#type_8729;VERBAL;high;Hilfsverb: Heut hab ich ab genvmen;;Und vnser herre sprach zu : • Heut hab ich ab genvmen das laster der von euch . • Und geheissen wart der selben stat namen vncz bis in den heutigen tak . •
WZB.tei.xml;WZB_218rb_13_10;habe;KEEP;nein;VEX;VEX;lexicon.xml#lemma_2598;lexicon.xml#lemma_2598;lexicon.xml#lemma_2598_sense_77622;lexicon.xml#lemma_2598_sense_77622;variants.xml#type_8730;variants.xml#type_8730;VERBAL;high;Hilfsverb mit vorangestelltem Partizip gegeben, Subjekt ich;;Und vnser herre sprach zu : • Sich , gegeben habe ich in deine hant vnd irn kvnig vnd alle starke man .
WZB.tei.xml;WZB_220rb_25_0;habe;MOVE;ja;VEX;NOM;lexicon.xml#lemma_2598;lexicon.xml#lemma_2593;lexicon.xml#lemma_2598_sense_77622;;variants.xml#type_8730;variants.xml#type_8699;NOM;high;mit aller seiner habe: Praeposition plus Possessiv;;Und welcher in disen svnden wirt begriffen , der werde vorbrant in dem fewer • mit aller seiner habe . • Wenne her hat vbertreten den fride vnsers herren vnd hat getan poslich in . •
WZB.tei.xml;WZB_220va_12_1;hab;KEEP;nein;VEX;VEX;lexicon.xml#lemma_2598;lexicon.xml#lemma_2598;lexicon.xml#lemma_2598_sense_77622;lexicon.xml#lemma_2598_sense_77622;variants.xml#type_8729;variants.xml#type_8729;VERBAL;high;Hilfsverb mit Partizip gesvndet, Subjekt ich;;Und her antworte | vnd sprach zu im : • Werlich , ich hab gesvndet dem herren gote . | also vnd also hab ich getan . •
WZB.tei.xml;WZB_220va_14_0;hab;KEEP;nein;VEX;VEX;lexicon.xml#lemma_2598;lexicon.xml#lemma_2598;lexicon.xml#lemma_2598_sense_77622;lexicon.xml#lemma_2598_sense_77622;variants.xml#type_8729;variants.xml#type_8729;VERBAL;high;Hilfsverb mit Partizip getan, Subjekt ich;;Und her antworte | vnd sprach zu im : • Werlich , ich hab gesvndet dem herren gote . | also vnd also hab ich getan . •
WZB.tei.xml;WZB_220va_22_4;hab;KEEP;nein;VEX;VEX;lexicon.xml#lemma_2598;lexicon.xml#lemma_2598;lexicon.xml#lemma_2598_sense_77622;lexicon.xml#lemma_2598_sense_77622;variants.xml#type_8729;variants.xml#type_8729;VERBAL;high;Koordiniertes Hilfsverb vnd hab das vorporgen;;Wenne ich sach vnder dem roube einen roten mantil gar einen guten | vnd czweihundert scot silbers vnd einen guldeinen mantil | vnd ein guldein mantil gespan von funfczik scoten . • Und begerende ab trug ich das | vnd hab das vorporgen in der erden gegen der mitte meines geczeldis vnd das silber hab ich begraben vnd bedakt mit erden . •
WZB.tei.xml;WZB_220va_25_2;hab;KEEP;nein;VEX;VEX;lexicon.xml#lemma_2598;lexicon.xml#lemma_2598;lexicon.xml#lemma_2598_sense_77622;lexicon.xml#lemma_2598_sense_77622;variants.xml#type_8729;variants.xml#type_8729;VERBAL;high;hab ich begraben: Hilfsverb, 1. Sg.;;Wenne ich sach vnder dem roube einen roten mantil gar einen guten | vnd czweihundert scot silbers vnd einen guldeinen mantil | vnd ein guldein mantil gespan von funfczik scoten . • Und begerende ab trug ich das | vnd hab das vorporgen in der erden gegen der mitte meines geczeldis vnd das silber hab ich begraben vnd bedakt mit erden . •
WZB.tei.xml;WZB_221ra_12_3;hab;KEEP;nein;VEX;VEX;lexicon.xml#lemma_2598;lexicon.xml#lemma_2598;lexicon.xml#lemma_2598_sense_77622;lexicon.xml#lemma_2598_sense_77622;variants.xml#type_8729;variants.xml#type_8729;VERBAL;high;gegeben hab ich: Hilfsverb mit Partizip;;nd • vnser herre sprach zu : • Nicht vorchte dich , noch erschrik ! • Heb ouf alle menige der streitenden vnd ste ouff vnd czeuch in die gegent . Sich , gegeben hab ich in dein hant iren kvnig vnd das volke vnd die stat vnd die erde . • |
WZB.tei.xml;WZB_223rb_15_1;hab;KEEP;nein;VEX;VEX;lexicon.xml#lemma_2598;lexicon.xml#lemma_2598;lexicon.xml#lemma_2598_sense_77622;lexicon.xml#lemma_2598_sense_77622;variants.xml#type_8729;variants.xml#type_8729;VERBAL;high;Hilfsverb 1. Plural: Gesworn hab wir yn;;Die antworten yn : • Gesworn hab wir yn | in dem namen des herren gotis • Und dorvmme muge wir sie nicht an geruren . •
WZB.tei.xml;WZB_224ra_30_7;hab;KEEP;nein;VEX;VEX;lexicon.xml#lemma_2598;lexicon.xml#lemma_2598;lexicon.xml#lemma_2598_sense_77622;lexicon.xml#lemma_2598_sense_77622;variants.xml#type_8729;variants.xml#type_8729;VERBAL;high;Hilfsverb mit Partizip gegeben, Subjekt ich, Objekt iene;;Und vnser herre sprach zu : • Nicht vorchte sie , | wenne in deine hant hab ich iene gegeben . • Wenne nymant ous yn mag dir widersteen . •
WZB.tei.xml;WZB_227vb_10_0;habe;KEEP;nein;VEX;VEX;lexicon.xml#lemma_2598;lexicon.xml#lemma_2598;lexicon.xml#lemma_2598_sense_77622;lexicon.xml#lemma_2598_sense_77622;variants.xml#type_8730;variants.xml#type_8730;VERBAL;high;Hilfsverb mit Partizip gepoten, Subjekt ich;;"Aller der , die do wonen ouf dem perge , von dem perge vncz bis zu dem wasser • Und alle ; Ich bins , der sie vortilgen wil • vor der gestalt . • In erbe teil kvme es dorvmme , als ich dir gepoten habe . •"
WZB.tei.xml;WZB_229ra_12_4;habe;KEEP;nein;VEX;VEX;lexicon.xml#lemma_2598;lexicon.xml#lemma_2598;lexicon.xml#lemma_2598_sense_77622;lexicon.xml#lemma_2598_sense_77622;variants.xml#type_8730;variants.xml#type_8730;VERBAL;high;Hilfsverb mit Partizip gevolget, Subjekt ich;;Aber meine bruder , die mit mir ouf waren geczogen , entlosten das hercze des volkis vnd ich ydoch gevolget habe | meinem herren gote . •
WZB.tei.xml;WZB_234rb_19_1;habe;KEEP;nein;VEX;VEX;lexicon.xml#lemma_2598;lexicon.xml#lemma_2598;lexicon.xml#lemma_2598_sense_77622;lexicon.xml#lemma_2598_sense_77622;variants.xml#type_8730;variants.xml#type_8730;VERBAL;high;Hilfsverb mit Partizip gesprochen, Relativsatz;;Svnderte die stete der vluchtigen , von den ich gesprochen habe czu euch • toho pzde toho • e • toho pzde toho e IOSUE durch die hant , |
WZB.tei.xml;WZB_236rb_32_7;habe;MOVE;ja;VEX;NOM;lexicon.xml#lemma_2598;lexicon.xml#lemma_2593;lexicon.xml#lemma_2598_sense_77622;;variants.xml#type_8730;variants.xml#type_8699;NOM;high;Praeposition In vil habe, Koordination mit reichtum (Jos 22,8);;Do sprach her zu in : • In vil habe vnd reichtum keret ir wider zu ewern stulen mit silber vnd mit golde vnd ere vnd eisen IOSUE vnd mit mancherlei gewant . Teilet den roup der veinde mit ewern brudern ! •
WZB.tei.xml;WZB_238va_18_0;hab;KEEP;nein;VEX;VEX;lexicon.xml#lemma_2598;lexicon.xml#lemma_2598;lexicon.xml#lemma_2598_sense_77622;lexicon.xml#lemma_2598_sense_77622;variants.xml#type_8729;variants.xml#type_8729;VERBAL;high;hab ich bracht: Hilfsverb, 1. Sg.;;Dorvmme hab ich bracht von creissen • Und hab in gefurt in die erde . • Und gemert hab ich seinen samen |
WZB.tei.xml;WZB_238va_20_1;hab;KEEP;nein;VEX;VEX;lexicon.xml#lemma_2598;lexicon.xml#lemma_2598;lexicon.xml#lemma_2598_sense_77622;lexicon.xml#lemma_2598_sense_77622;variants.xml#type_8729;variants.xml#type_8729;VERBAL;high;hab in gefurt: Hilfsverb mit Partizip;;Dorvmme hab ich bracht von creissen • Und hab in gefurt in die erde . • Und gemert hab ich seinen samen |
WZB.tei.xml;WZB_238va_22_0;hab;KEEP;nein;VEX;VEX;lexicon.xml#lemma_2598;lexicon.xml#lemma_2598;lexicon.xml#lemma_2598_sense_77622;lexicon.xml#lemma_2598_sense_77622;variants.xml#type_8729;variants.xml#type_8729;VERBAL;high;Hilfsverb: gemert hab ich seinen samen;;Dorvmme hab ich bracht von creissen • Und hab in gefurt in die erde . • Und gemert hab ich seinen samen |
WZB.tei.xml;WZB_238va_32_3;hab;KEEP;nein;VEX;VEX;lexicon.xml#lemma_2598;lexicon.xml#lemma_2598;lexicon.xml#lemma_2598_sense_77622;lexicon.xml#lemma_2598_sense_77622;variants.xml#type_8729;variants.xml#type_8729;VERBAL;high;Hilfsverb mit Partizip ous gefurt, Subjekt ich;;Und ous gefurt hab ich euch vnd ewer veter von vnd ir quamet zu dem mer . Und nach czogen di ewern vetern mit wegen vnd mit reitenden vncz bis zu IOSUE dem . •
WZB.tei.xml;WZB_238vb_7_5;habe;KEEP;nein;VEX;VEX;lexicon.xml#lemma_2598;lexicon.xml#lemma_2598;lexicon.xml#lemma_2598_sense_77622;lexicon.xml#lemma_2598_sense_77622;variants.xml#type_8730;variants.xml#type_8730;VERBAL;high;Hilfsverb mit Partizip getan, Subjekt ich;;Aber schriren zu vnserm herren . • Der saczte vinsternusse czwischen vns vnd den • Und furte vber sie die wasser des meres vnd bedakte sie . Gesehen haben ewer ougen alles , das ich getan habe den , | vnd gewonet habt ir in der wustenunge lange czeit .
WZB.tei.xml;WZB_238vb_10_3;hab;KEEP;nein;VEX;VEX;lexicon.xml#lemma_2598;lexicon.xml#lemma_2598;lexicon.xml#lemma_2598_sense_77622;lexicon.xml#lemma_2598_sense_77622;variants.xml#type_8729;variants.xml#type_8729;VERBAL;high;Hilfsverb, Partizip gefuret vorangestellt, Subjekt ich;;Und ein gefuret hab ich euch in die erde des , | der do wonhaft was genhalben des . • Und do ervacht wider euch , do gab ich in euch in ewer hant vnd ir ersluget in vnd besaset seine erde . •
WZB.tei.xml;WZB_238vb_31_5;hab;KEEP;nein;VEX;VEX;lexicon.xml#lemma_2598;lexicon.xml#lemma_2598;lexicon.xml#lemma_2598_sense_77622;lexicon.xml#lemma_2598_sense_77622;variants.xml#type_8729;variants.xml#type_8729;VERBAL;high;Hilfsverb mit Partizip gegeben, Subjekt ich;;Und ir czogt vber den vnd quamet zu . • Und wider euch striten die man der selben stat , der vnd der vnd der , der vnd der , der vnd der , vnd ich hab euch sie gegeben in ewer hant .
WZB.tei.xml;WZB_239ra_4_5;habe;KEEP;nein;VEX;VEX;lexicon.xml#lemma_2598;lexicon.xml#lemma_2598;lexicon.xml#lemma_2598_sense_77622;lexicon.xml#lemma_2598_sense_77622;variants.xml#type_8730;variants.xml#type_8730;VERBAL;high;Hilfsverb zu gegeben, Subjekt ich;;Und gegeben habe ich euch ein erde , in der ir nicht habt gearbeit , vnd stete , die ir nicht habt gepowet , so das ir wonte in ir , • weingerten vnd olgerten , die ir nicht habt gepflanczet . •
ZUK.tei.xml;ZUK_403600_1;habe;STRIP;ja;NOM VRB VEX;VRB VEX;lexicon.xml#lemma_2598;lexicon.xml#lemma_2598;lexicon.xml#lemma_2598_sense_4170;lexicon.xml#lemma_2598_sense_4170;variants.xml#type_8730;variants.xml#type_8730;VERBAL;high;indirekte Rede: sie habe + Objekt die minne;;sie habe die ware minne
ZUK.tei.xml;ZUK_809101_4;habe;STRIP;ja;NOM VRB VEX;VRB VEX;lexicon.xml#lemma_2598;lexicon.xml#lemma_2598;;;variants.xml#type_8730;variants.xml#type_8730;VERBAL;high;Konjunktiv indirekte Frage, Hilfsverb mit gedihtet;;wer diz buch gedihtet habe .
ZWR.tei.xml;ZWR_210_5;hab;KEEP;nein;VRB VEX;VRB VEX;lexicon.xml#lemma_2598;lexicon.xml#lemma_2598;lexicon.xml#lemma_2598_sense_4170;lexicon.xml#lemma_2598_sense_4170;variants.xml#type_8729;variants.xml#type_8729;VERBAL;high;Konjunktiv Vollverb mit Objekt gebresten;;und wa dis buoch gebresten hab
