form	count	sample_contexts
ł	514	es also ł wolde sagen || muste czu ł vnd abe || irem vbirmut ł vnd hon
geczeldis	115	gleichnusse des geczeldis als ich || hinderteil des geczeldis vnd ein || tafeln des geczeldis von sethimischem
CAPITULUM	106	tag II CAPITULUM Uolkvmen sint || nicht III CAPITULUM Sunder auch || lebens IIII CAPITULUM vorwar erkante
geperte	99	namen Dornach geperte vnd geperte || geperte vnd geperte vnd geperte || geperte vnd geperte Und geperte
wustenunge	92	in der wustenunge vnd sein || in der wustenunge do er || in der wustenunge vnd behaldet
EXO	88	Dornach hebit EXO sich an || e xxx EXO von svnder || iuncvrowen die EXO giengen ouf
ERI	86	ouf Aber ERI ouf slahen || ampten der ERI vnd iren || vnder den ERI wenne also
-	80	aus also - e toho || touben vnd - auch ein || sprach zu - im Ich
DEUTRO	79	die vnser DEUTRO herre gepoten || ؞ toho DEUTRO ouf gehalden || nicht er DEUTRO schrick noch
NOMIUS	79	in dem NOMIUS virczigisten iare || saczte die NOMIUS zu fursten || vnd vns NOMIUS an der
besiczunge	78	einer ewigen besiczunge vnd ich || zu einer besiczunge des grabes || zu einer besiczunge das es
dorumbe	76	gebe in dorumbe czu lone || Uolkvmen sint dorumbe himel vnd || Nu bilte dorumbe got den
GENE	76	irm W GENE geslechte giengen || cap ̄ GENE wolken den || X cap̄ GENE vnd vnd
scot	69	silbereiner schot scot wert Das || wugen czwei scot Und als || wugen czehen scot vnd gab
housvrowen	68	hant seiner housvrowen vnd seiner || czu einer housvrowen Do aber || was der housvrowen bruder vnd
svnen	60	den eilf svnen vnd czoch || zu seinen svnen Worumbe saumet || zu seinen svnen Kert hin
svnes	58	noch seines svnes namen Dornach || hausvrow seines svnes Und svn || svn seines svnes svn das
house	57	von dem house deines vaters || ous dem house meines vaters || von dem house meines vaters
geczeuknusse	56	lege das geczeuknusse das ich || arche des geczeuknusse in die || vorgespannen dem geczeuknusse Und seczen
czehenden	51	an den czehenden meneden wenne || GENESIS dem czehenden mened an || im den czehenden aus allem
geczelde	50	an dem geczelde vnd werden || in dem geczelde des geczeuknusses || vor dem geczelde des geczeuknusses
czigen	49	drei ierige czigen ł vnd || in den czigen das mein || in den czigen das do
besiczen	47	samen wirt besiczen die pforten || geben zu besiczen dorvmbe sagte || sie steticlich besiczen Und gesenftet
LEUITICUS	47	geczeldis U LEUITICUS Und die || ander giesse LEUITICUS her an || mit swe LEUITICUS ren oder
ousseczikeit	46	slac der ousseczikeit Den fure || sicht die ousseczikeit an der || gestalt der ousseczikeit legir der
toho	45	W zde toho GENESIS ir || vnserm herren toho pzde toho || toho pzde toho toho pzde
opfertir	41	im geopfert opfertir vnd habn || euch ein opfertir vnserm herren || ir opfern opfertir Ist das
menedis	40	tage des menedis zu brochen || tage des menedis auf den || tage des menedis erschinen die
archen	39	lenge der archen vnd funfczick || in die archen vnd in || tur der archen secze zu
seulen	39	einer sewereinen seulen vnd der || brich ire seulen vnd dienet || vor vier seulen von sethimischen
semil	39	was sam semil mit honige || Ein czehenteil semil besprengt mit || der pfannen semil LEVI mit
mageschaft	38	von deiner mageschaft vnd von || alle seine mageschaft die kinder || ouf seine mageschaft Vnd wil
housvrowe	38	nam sein housvrowe vnd seines || vmb mein housvrowe Und werlich || vnd sein housvrowe vnd seine
geheissen	36	Die wirt geheissen ein mennynne || dorumb wart geheissen ir name || nicht mer geheissen svnder du
geslechten	35	in iren geslechten Aber die || in irn geslechten Und von || in iren geslechten Der erste
ouff	35	hebe sie ouff vnd czeuch || vnd stund ouff vnd gienk || mit housvrowen ouff den wegen
guldeine	35	vas vnd guldeine vnd gewant || vas vnd guldeine vnd gewant || vas vnd guldeine Aber vnser
gepite	35	vnser herre gepite von euch || ich dir gepite Nu ERI || ich dir gepite redest Nu
ŏl	34	vnd gos ŏl dor ouf || gar clares ŏl von ŏl || ŏl von ŏl bovmen mit
dovm	33	vnd dreissick dovm elen ir || haben czwu dovm DUS elen || weite ein dovm elen vnd
housvrow	32	ouf dein housvrow vnd deine || Und sein housvrow die sach || wider sein housvrow vnd sprach
geczeuknusses	32	archen des geczeuknusses alles das || geczelde des geczeuknusses ouserthalbe des || geczeldis des geczeuknusses Und nim
gemeiligt	31	nicht werden gemeiligt Wenne vnser || - hast gemeiligt sein bette || wirt her gemeiligt Nicht steige
ycliche	31	vnd ein ycliche vrow̆e von || mynner Sunder ycliche noch dem || der do ycliche czehen dovm
pergis	31	spicze des pergis vnd halden || ende des pergis Aber der || ende dicz pergis zu DUS
vortilgen	30	Ich wil vortilgen sprach er || vnd wil vortilgen alle hab || flute zu vortilgen alles vleisch
mvnde	30	in dem mvnde Do von || in deinem mvnde vnd wil || in deinem mvnde vnd in
veisticheit	30	von der veisticheit der erden || In der veisticheit der erden || bleiben die veisticheit des opfers
heiligtumes	30	wage des heiligtumes Und ŏl || wage des heiligtumes Aber die || gewichte des heiligtumes ein halbes
tŏchter	29	svne vnd tŏchter Und gemacht || svne vnd tŏchter Und lebte || svne vnd tŏchter Und lebte
thoho	29	m ca thoho pzde thoho || thoho pzde thoho xxx W || w e thoho nily boze
weirouch	28	das zu weirouch ouf den || zu einem weirouch ouf den || enczundet den weirouch wirt steen
czeuhet	27	sich er czeuhet dir enkegen || do man czeuhet gegen do || mit vns czeuhet so czihe
houses	26	vnd meines houses schaffers svn || geperungen Ewers houses diener also || knechte seines houses vnd alle
silbereine	26	Sich tousent silbereine hab ich || vnd nam silbereine vas vnd || vmbe dreissick silbereine pfenninge Die
hŏe	26	vnd ir hŏe rurte an || machten ein hŏe sam ein || ouf der hŏe des vbers
hochczeit	26	machte ein hochczeit Und des || der begirlichen hochczeit do begond || ist ein hochczeit vnserm herren
few̆er	25	in dem few̆er Und sie || swebil vnd few̆er von dem || von dem few̆er vnd vngesaurtes
enczunten	25	des gancze enczunten opfers Do || des gancz enczunten opfers mein || einem gancz enczunten opfer zu
czihet	25	heile ir czihet nicht von || kercker aber czihet ir vnd || ir hin czihet mein alden
heiligtum	25	herre Dein heiligtum herre das || mir ein heiligtum Und so || furhange das heiligtum vnd die
czugen	25	scharen vnd czugen noch den || beschirmte denne czugen Und an || vnsers herren czugen sie vnd
ierige	24	ein drei ierige ku vnd || ein drei ierige czigen ł || broten siben ierige vngemeiligte lemmer
ŏle	24	vnd gos ŏle dorouf vnd || sethimisch holcz ŏle liecht zu || sei mit ŏle Und laganich
dreissik	24	siben vnd dreissik Die kinder || siben vnd dreissik Und die || geb sie dreissik Aber von
gŏten	24	len egiptischen gŏten wil ich || opfern den gŏten vnd halde || opfert den gŏten den sol
creisse	24	durch ewer creisse Und iagen || ist ein creisse teilende die || durch deine creisse Der wold
Dorumbe	23	im gleich Dorumbe got herre || sprach er Dorumbe das du || der erden Dorumbe nv wirstu
geperunge	23	sint die geperunge was ein || in diser geperunge Aus allen || noch seiner geperunge Und ein
gŏte	23	gestoln meine gŏte ̃ Und || deine SIS gŏte vindest den || hette die gŏte vorstoln Und
rute	23	her Ein rute Und vnser || in ein rute So das || Und dise rute nim in
vorhank	23	werden ein vorhank von czweinczig || her einen vorhank ouf seyn || vnd einen vorhank der do
reinigunge	23	slehest der reinigunge opfer tu || zu seiner reinigunge Und slahe || blute irr reinigunge Alles heilige
ganczenczuntem	23	ander zu ganczenczuntem opfer Und || wider zu ganczenczuntem opfer mit || lamp zu ganczenczuntem opfer vnserm
creis	23	ist ein creis der kinder || wirt ewer creis Niemant mag || ist ein creis der kinder
pzde	22	herren toho pzde toho toho || toho toho pzde toho toho || toho toho pzde toho e
vleisches	22	ende alles vleisches ist komen || alles v vleisches czwei fur || sele alles vleisches die do
vortilget	22	bedackt Und vortilget wart ł || vnd wurden vortilget von der || sele wirt vortilget aus seinem
steigen	22	an ir steigen ouf vnd || vnd sach steigen die mar || das sie steigen ouf die
weip	22	vnd ire weip furten sie || enpfienk das weip vnd stund || sprach das weip ł Worumbe
busovnen	22	schal der busovnen sterclichen erschalte || schal der busovnen wuchs meclich || schal der busovnen Und den
̃	21	hastu getan ̃ Die stimme || vns getan ̃ Was wir || in dich ̃ wenne du
czeuch	21	vor dir; czeuch von mir || zu meiner czeuch vnd von || vaters hous czeuch vnd von
dorvmbe	20	Nu sach dorvmbe das wip || Nu sante dorvmbe der kunig || hant Und dorvmbe hies sie
ieriges	20	meil ein ieriges knechtil noch || czigen ein ieriges knechtil vnd || vnd ein ieriges lamp vnd
doum	20	vmbhenge funfczig doum elen lanck || werden funfczig doum elen Des || vorhanges funfczehen doum elen einer
friedsamen	20	wider die friedsamen opfertir des || vmme die friedsamen do steig || tyr der friedsamen Und eynen
czihende	19	fur bas czihende gegen mittemtage || her wider czihende Und wirt || machen ouf czihende von diser
getreides	19	do genug getreides weines vnd || halme voller getreides vnd gar || genvge des getreides in allen
enczuntes	19	vnd gancz enczuntes opfer wirstu || opferte gancz enczuntes opfer vnd || dorouf gancz enczuntes opfer vnd
bzde	19	gespro thoho bzde thoho EXO || tho ho bzde thoho EXO || a thoho bzde thoho bzde
hout	19	vnd die hout vnd den || geczihen die hout so sullen || opfers Die hout vorwar vnd
erstlinge	19	sint die erstlinge vnd die || euch die erstlinge der gaben || alleine die erstlinge irr fruchte
geperungen	18	in seinen geperungen Mit gote || in iren geperungen vnd landen || in iren geperungen Das ist
camelen	18	eslinne vnd camelen Aber vnser || gab allen camelen aber gener || heten die camelen do czoch
barmherczicheit	18	gegrŏzet dein barmherczicheit die du || ir Die barmherczicheit die tu || geslechte sunder barmherczicheit die ich
჻	18	was ir ჻ hec dicit || Jeremia ppherr ჻ EXO sullet || ouf ey ჻ hec dicit
veiern	18	sult in veiern herlichn in || hochczeit zu veiern wirdiclichen Nichtesnicht || so saltu veiern disen heiligen
ichtesicht	18	seinem nehsten ichtesicht der leie || das her ichtesicht an ruret || im - ichtesicht bis vru
iacincten	18	do heissen iacincten vnd purpur || von seideinen iacincten vnd von || von seideinen iacincten vnd von
leuchter	18	eynen gehemerten leuchter von reinem || an dem leuchter selben werden || ouf den leuchter das sie
eingange	18	In dem eingange vorwar des || in dem eingange des geczeldis || in dem eingange des geczeldis
spicze	17	richten die spicze in dem || in seiner spicze nazareer vnder || in der spicze des pergis
hŏre	17	dir saget hŏre ir stimme || Herre meiner hŏre Die erde || ł SIS hŏre meine stimme
czorne	17	sprach mit czorne Ŭmb was || sachen Deinen czorne h hastu || wirt mein czorne vnd slahe
vmringe	17	in dem vmringe irr purge || in irem vmringe giessende vir || in dem vmringe dicz geczeldis
silberein	17	ir houbt silberein durch graben || werkis ergrabnusse silberein Gleicher weise || der seulen silberein durch graben
vnreinikeit	17	posheit vnd vnreinikeit vnd svnde || vorgisset seiner vnreinikeit schuldig ist || von der vnreinikeit des menschen
vorlasenheit	17	vornymet sein vorlasenheit der leiste || vnd die vorlasenheit Die man || vmme die vorlasenheit Und die
genvmen	16	dem manne genvmen Umb dise || der du genvmen bist wenne || er was genvmen Und aus
ew̆er	16	erde Und ew̆er vorchte vnd || vorchte vnd ew̆er erschrecken sei || wassers das ew̆er fuze werden
wenn̆	16	die breite wenn̆ dir wil || seinem volke wenn̆ er hat || er ny wenn̆ sie sich
heissen	16	namen saltu heissen do von || saltu nymmer heissen svnder Und || ł saltu heissen vnd dem
kvme	16	her wider kvme geluclichen zu || meinen neuen kvme her dorumbe || czwein scharen kvme ich her
vressen	16	hat in vressen Und denne || hat in vressen Ein wildes || tyr hat vressen Und zu
puluer	16	vnd thymiamischen puluer czu machen || das thimiamisch puluer aus sethimischem || ewige thimiamische puluer in ewer
vmhenge	16	alle dise vmhenge werden funf || werden funf vmhenge sullen gleich || vorhenge der vmhenge zu samen
enczunden	16	alter zu enczunden das thimiamisch || her das enczunden vnd wenne || nicht fewer enczunden in allen
behutest	16	got vnd behutest alle seine || du sie behutest vnd sie || sele Und behutest die gepot
czihe	15	erwelest so czihe ich zu || das ich czihe zu meýnem || Und dornach czihe sie Nicht
groses	15	in ein groses vnd in || in ein groses geslechte wil || steigen ł groses vnd vbir
dorouf	15	vnd legte dorouf zu sammen || gos ŏle dorouf vnd nante || saczte sich dorouf Und do
racional	15	vnd das racional vnd machen || ouch ein racional des gesichtes || an dem racional keten die
veldungen	15	geteilten slechten veldungen durch graben || in den veldungen ouf ERI || ouf den veldungen bei dem
veier	15	Behutet meinen veier tack DUS || tage ist veier heilige ru || ousgenomenlich der veier tage vnsers
ganczenczunten	15	alter des ganczenczunten opfers in || zu einem ganczenczunten opfer vnd || ICUS des ganczenczunten opfers in
ganczenczunte	15	vnd das ganczenczunte opfer das || das stetliche ganczenczunte opfer das || wirt das ganczenczunte opfer czu
creissen	15	in ewern creissen Und werdet || zu den creissen werden geen || zu den creissen vnd Und
streitenden	15	iarczal der streitenden von seinem || czal seiner streitenden vier vnd || here der streitenden von seinem
gegenwortigen	15	in dem gegenwortigen tage Und || in dem gegenwortigen tage Wisse || in disen gegenwortigen tak Umme
vorslossen	14	wasser vnd vorslossen wurden die || got hette vorslossen alle beuche || der brvnne vorslossen was vnd
egiptischen	14	von dem egiptischen wasser vncz || aller ł egiptischen erden was || reichtume des egiptischen landes werden
vorkouft	14	hat vns vorkouft vnd hat || den ir vorkouft xlv GENE || ir mich vorkouft habt in
gebrouchen	14	sold her gebrouchen also sam || der pfafheit gebrouchen vnd vnd || der pfafheit gebrouchen Und nemen
tŏten	14	vnsern bruder tŏten vnd vorheln || wiltu mich tŏten alls du || wolde in tŏten Do nam
czeuhest	14	du ein czeuhest Nicht wil || du ein czeuhest nicht do || CAPITULUM Du czeuhest heute vber
sethimischem	14	geczeldis von sethimischem holcze der || riegel von sethimischem holcze zu || vorgulden von sethimischem holcze vor
=	13	nymmer ersterbe = nota bene PROLOGUS || vaters s = svn Nu || lucem quod esset bona = = Primus
nŏrden	13	bist gen nŏrden XIII cap̄ || ŏsten gegen nŏrden vnd e || war gegen nŏrden furte die
samens	13	vnd deines samens noch dir || flus des samens wirt vnrein || flus des samens wirt vnrein
czweier	13	vnd seiner czweier e e || Und der czweier meide vnd || mitte der czweier cherubin die
seule	13	ein salcz seule stund ouf || in einer seule weisser wolken || gebrach der seule der wolken
heutigen	13	ouf den heutigen tag Und || ouf disen heutigen tag vorwar || ouf disen heutigen tack Von
achsil	13	ouf die achsil vnd gab || ouf der achsil gar ein || von der achsil vnd saczte
getŏtet	13	sie heten getŏtet Und santen || gestern hast getŏtet den egipten || sol werden getŏtet in dem
vienk	13	hies vnd vienk sie noch || do vmbe vienk her seinen || do vmbe vienk her sie
erstgepornen	13	an den erstgepornen der meide || vnd die erstgepornen Und die || vmb die erstgepornen tousent vnd
humeral	13	cziren das humeral vnd das || vnd ein humeral einen rock || Aber das humeral sullen sie
vassen	13	allen seinen vassen sol haben || mit seinen vassen den leuchter || mit seinen vassen vnd die
Uorvluchet	13	DEUTRO amen Uorvluchet sei der || volk amen Uorvluchet sei der || volk amen Uorvluchet sei der
vorterbte	12	bruder vnd vorterbte in Und || wolken vnd vorterbte ir her || das her vorterbte ouf den
herczens	12	gedancken des herczens geneiget waren || leide des herczens Ich wil || gedancken menschliches herczens zu bŏzem
vorgossen	12	sol werden vorgossen wenne czu || das do vorgossen ist vmme || das do vorgossen ist vmme
guldeinen	12	sach die guldeinen ŏrringe vnd || im einen guldeinen lebs vmb || werden die guldeinen ringe Und
werkis	12	vnd etwas werkis hette svnderliches || sint des werkis vnd weis || sol des werkis gemynnert werden
vorbrante	12	vnd nicht vorbrante Nu sprach || gemachet vnd vorbrante das vnd || vnd miste vorbrante her ouserhalb
entvn	12	werke nicht entvn vnd dein || doran nicht entvn Und sult || an nicht entvn vnd siben
weihunge	12	wider der weihunge vnd einen || wider der weihunge heb ouf || vor die weihunge vnd von
lucernen	12	seczet die lucernen wirt her || mit seinen lucernen Und ŏl || her siben lucernen mit iren
veistikeit	12	herren Die veistikeit die do || alle seine veistikeit als man || sol die veistikeit ouf dem
morserl	12	ein guldein morserl wegende czehen || ein guldein morserl wegende czehn || ein guldein morserl wegende czehen
gleichnusse	11	noch vnserem gleichnusse das er || Czu der gleichnusse gotes macht || noch seinem gleichnusse vnd noch
schŏne	11	czu sehen schŏne was vnd || was vnd schŏne in den || das sie schŏne waren vnd
bovme	11	den edeln bovme vnd den || das der bovme gut czu || von dem bovme gessen den
yeclicher	11	erden Ein yeclicher dorumbe der || also svnder yeclicher der do || Und ein yeclicher der nicht
ereine	11	in alle ereine vnd eisereine || Und funfczig ereine heftel mit || hantreich DUS ereine tŏpfe die
dreissick	11	hundert vnd dreissick iare vnd || breite vnd dreissick dovm elen || Und lebte dreissick iare vnd
czweihundert	11	iar vnd czweihundert iare vnd || er geperte czweihundert vnd siben || funf vnd czweihundert iar vnd
ESIS	11	die tochter ESIS des vaters || hat geschep ESIS fet himel || sich besneit ESIS vnd sein
eslinne	11	gesinde vnd eslinne vnd camelen || also vil eslinne die do || svn sein eslinne In weine
ŏsten	11	czuden gen ŏsten vnd gegen || vnd gegen ŏsten gegen nŏrden || lant gegen ŏsten vnde sach
pilgereim	11	vnd ein pilgereim bin ich || das kein pilgereim wolle czihen || ir ouch pilgereim seit gewesen
vorbrant	11	hat mich vorbrant der ł || sullen werden vorbrant Und ist || few̆er hat vorbrant vnd lege
knechtils	11	werden alle knechtils geslechte Denne || sprechende Was knechtils geslechte geborn || von Alle knechtils geslechte das
heusern	11	in irn heusern vnd ouf || in den heusern als vf || von den heusern vnd von
snvr	11	zu seiner snvr Bis ein || gesaget seiner snvr so das || were sein snvr Und si
hŏren	11	ich dich hŏren gar weislichen || dein stimme hŏren vnd du || werden nicht hŏren mein stimme
besiczest	11	das du besiczest Und aldo || das du besiczest Secht ewer || gemerest vnd besiczest die erde
vorkart	11	erde werde vorkart in ein || hat das vorkart in gut || sie werde vorkart in ein
geachtet	11	sie mir geachtet Aber die || yclichem grunde geachtet Aber von || werden ouch geachtet vnder den
czouberer	11	vras der czouberer ruten Und || weise die czouberer der in || weise die czouberer mit irr
wonungen	11	allen ewern wonungen sult ir || mit iren wonungen noch der || allen ewern wonungen an dem
vbirdecke	11	lenge einer vbirdecke schol haben || die sechste vbirdecke an der || savme einer vbirdecke das man
ereinen	11	bedecke mit ereinen blechen vnd || also vil ereinen grunden die || also vil ereinen grunden vnd
geweihet	11	pfafheit werde geweihet Nim eyn || dem ist geweihet vnd heilige || von dem geweihet ist vnd
opfertires	11	des siges opfertires gotis Und || ouf des opfertires houbet vnd || kalbe des opfertires des fridsamen
meiligt	11	wer den meiligt des todes || sulcher speise meiligt der vbirkerunge || heilig Nicht meiligt ewer selen
ganczenczuntes	11	Ist das ganczenczuntes opfer sein || dor ouf ganczenczuntes opfer vnd || vnd opfern ganczenczuntes opfer vnserm
svndet	11	die do svndet vnwissende vnd || ist gesalbt svndet machende svnden || das do svndet der furste
opfernde	11	vor yn opfernde den wider || sie beide opfernde vnserm herren || ŏle besprenget opfernde Wenne heute
Numeri	11	gnant ist Numeri vnd ist || burden v Numeri NUM zu || hasses vi Numeri NUM vnd
flute	10	wasser der flute auf die || wasser der flute ergussen auf || wasser der flute Und von
brochen	10	menedis zu brochen wurden alle || des zu brochen meles vnd || es zu brochen werden Ein
vortilgte	10	Und er vortilgte alle habe || vnd sie vortilgte von der || ich icht vortilgte in meinem
czeucht	10	als man czeucht zu dem || als man czeucht in Und || man ein czeucht in das
wustnunge	10	in der wustnunge der sprache || in die wustnunge So her || In diser wustnunge wirt sie
Uorwar	10	er sprach Uorwar alhie hab || varbe ł Uorwar wenne er || den blinden Uorwar ich Czeuch
vorterbe	10	sprach Ich vorterbe ir nicht || er vns vorterbe Und quam || lŏsen so vorterbe es Aber
wŏlle	10	der gassen wŏlle wir bleiben || Dorumb dich wŏlle wir mere || ich sein wŏlle spotten vnd
vŏrchte	10	tuestu nicht vŏrchte dich wenne || vaters Nicht vŏrchte dich wenne || des so vŏrchte ich das
hŏret	10	toten so hŏret mich vnd || er vnd hŏret ir kinder || ir kinder hŏret ewern vater
eldisten	10	zu dem eldisten knechte seines || ir die eldisten der alden || selben stat eldisten sullen ouf
tŏte	10	vindest den tŏte man vor || dan vnd tŏte wir in || svne die tŏte Ist das
Czihet	10	den knechten Czihet vor mir || weicz zu Czihet hin abe || vater sprach Czihet hin wider
gesamment	10	vnd wurden gesamment in die || Ich werde gesamment zu meinem || haben sich gesamment die wasser
besasen	10	den das besasen Besweret wart || swertis Und besasen seine lant || sie vnd besasen ire besiczer
czehende	10	ist das czehende teil der || semýl das czehende teil einer || kresemunge Das czehende teil der
ochsens	10	nicht seines ochsens Nicht seines || herre des ochsens bleibt vnschuldig || herre des ochsens gewost das
stengil	10	geende Sechs stengil sullen von || seiten Drei stengil ous einer || einen yclichen stengil vnd ringel
Gepeut	10	seine grunde Gepeut das sie || zu sprechende Gepeut das sie || zu sprechende Gepeut so das
vngemeiligte	10	vnd czwen vngemeiligte wider vnd || opfer ein vngemeiligte czige vnd || her czwei vngemeiligte lemmer vnd
nirlein	10	di czwei nirlein vnd das || mit den nirlein Und enczunden || Die czwei nirlein mit dem
opfertiren	10	den geduldigen opfertiren die man || in den opfertiren der fridsamen || von den opfertiren der fridsamen
gerete	10	vnd sein gerete vnd den || male das gerete das zu || zu seinem gerete ma DUS
gesvndet	10	volk hat gesvndet grose svnde || Der mir gesvndet hat den || vnd hat gesvndet Und ist
bedakte	10	Aber her bedakte wider sein || die rigel bedakte er mit || die her bedakte mit gold
vngemeiligtes	10	rindern ein vngemeiligtes knechtil opfer || ein sie vngemeiligtes opfer her || LEUIT ein vngemeiligtes kalp vnserm
enczunte	10	das gancz enczunte opfer sol || das gancz enczunte opfer do || irem smerlein enczunte her ouf
geczelden	10	in den geczelden so das || ich in geczelden hab gemachet || von den geczelden vnd vnd
Dorvmbe	9	nicht getvn Dorvmbe rufe ich || namen tichten Dorvmbe das dein || vnd bŏses Dorvmbe nv das
meidel	9	geslechte vnd meidel Und von || knechtil vnd meidel Sunder auch || knechtel vnd meidel als gepoten
grosem	9	als in grosem vihe vnd || vsczihen mit grosem gute Aber || erschrak mit grosem erschrecksal vnd
hebreer	9	das dem hebreer der do || hebammen der hebreer Der hiesse || sach czwen hebreer mit ein
geczeugnusse	9	in ein geczeugnusse mir wenne || das ein geczeugnusse sei czwischen || zu einem geczeugnusse vnd sprach
friede	9	sunder mit friede habe wir || im mit friede wider heim || wir einen friede das ein
pilgereimen	9	veter zu pilgereimen in dein || von den pilgereimen die do || die do pilgereimen bei euch
keuchel	9	garten sein keuchel vnd an || czwei touben keuchel vnserm herren || czwei touben keuchel so opfer
vorgiengen	9	geheisse Dornach vorgiengen vierczig tage || V Und vorgiengen von der || die do vorgiengen in dem
nymet	9	einen andern nymet so sol || Wer do nymet sein swester || bruders housvrowe nymet vnczimlich dink
vorporgen	9	der diep vorporgen so sol || ebrechn ist vorporgen vnd das || geprufet Die vorporgen sint von
steineine	9	geben czwu steineine tafeln vnd || ouff cwu steineine tafeln durch || an czwu steineine tafeln Und
ringel	9	kŏpfe vnd ringel vnd lilgen || stengil vnd ringel e EXO || stengil vnd ringel vnd ein
winkeln	9	irn czwein winkeln vnderligen Und || in den winkeln ouf gericht || in den winkeln sullen werden
vndergank	9	der svnnen vndergank die do || der svnnen vndergank werden die || der svnnen vndergank in der
ouserhalb	9	den tisch ouserhalb des furhangs || der mitternacht ouserhalb des vorhanges || her opfern ouserhalb den purgen
horner	9	hŏe Aber horner von den || ouf die horner des alters || ouf die horner des alters
gebleichter	9	mit czwir gebleichter pfelle Und || von czwir gebleichter pfelle vnd || von czwir gebleichter pfelle von
stvnd	9	geczelde so stvnd ouf alles || wolken seule stvnd an der || Nu ERI stvnd ouf vru
neczil	9	vnd daz neczil der lebern || Und das neczil mit der || vnd das neczil das do
weirouches	9	des thimiamischen weirouches des genemsten || nichtesnicht w weirouches lege her || houflegunge des weirouches vnd das
giesse	9	ander blut giesse her bei || das ander giesse her an || das ander giesse LEUITICUS her
gehere	9	vnd das gehere weislecht vnd || vnd das gehere swarcz so || vnd das gehere seiner varbe
vorlasen	9	wenne die vorlasen wirt von || herren vnd vorlasen peichtigen sullen || geczelt het vorlasen so czugen
kvnigs	9	menige der kvnigs vogil Wer || clank des kvnigs ist in || kvnicreich des kvnigs der Und
vorsteten	9	mit iren vorsteten Und die || mit iren vorsteten nevn stete || mit iren vorsteten vier stete
schepfte	8	N anegenge schepfte got himel || Und got schepfte grose GENESIS || Und got schepfte einen menschen
erczurnet	8	Und wart erczurnet sterclich vnd || herren Und erczurnet ł wart || vorbrant Und erczurnet wart her
dreihundert	8	gepar d dreihundert iare vnd || iar vnd dreihundert iar Und || her geperte dreihundert iar vnd
czigel	8	mache wir czigel vnd bruen || hatten die czigel fur steine || vnd mit czigel vnd mit
czwisschen	8	sein geczelt czwisschen vnd an || few̆ers geende czwisschen den teilungen || andern geteilt czwisschen in beiden
bŏze	8	die waren bŏze vnd groze || tvn das bŏze Ich habe || ich das bŏze getvn vnd
stosen	8	tur ouf stosen wolden Und || stŏsil zu stosen gleich einem || stŏseln zu stosen das steticlich
fried	8	machen einen fried also das || Ein ewiger fried ist das || erden Und fried wil ich
geheisse	8	seines vaters geheisse erfulte Do || erfulten sein geheisse Dornach vorgiengen || vnsers herren geheisse Ouch saczte
vorsmehet	8	ich bin vorsmehet vnd hat || her sie vorsmehet Ist das || meine gerichte vorsmehet so das
wechsilnde	8	ein ander wechsilnde vnser tŏchter || vnd sprachen wechsilnde Waz ist || vnd sprachen wechsilnde Umb das
eckern	8	ouf irn eckern daz roubten || vf den eckern alle seine || von den eckern ł Und
reisse	8	vnd zu reisse sein gewant || Und zu reisse sein gewant || leichte zu reisse Niden vorwar
weintrouben	8	ich die weintrouben czeitigen Und || blute der weintrouben seinen mantil || ous der weintrouben gedrukt wirt
trouben	8	dorumbe die trouben vnd druckte || weingarten die trouben speierl vnd || Und die trouben deiner ersten
brenget	8	ir vnd brenget das getreide || angesichte ir brenget ł denne || vas vnd brenget dem manne
neigende	8	iren henden neigende ouf die || GENE her neigende sich ouf || im vnd neigende ouf die
besiczet	8	vnd erden besiczet Nemet samen || gekoufet hat besiczet das vnd || ein vnd besiczet die erde
streitende	8	vnd bruder streitende was der || keinen siten streitende muge sie || Und alle streitende man czihen
dorvber	8	Und ouch dorvber hat er || seinen herren dorvber besworn hat || die bettafel dorvber Und do
geusse	8	bach vnd geusse das ouf || zuden Den geusse virczig silbereine || hoube vnd geusse im ouf
ŏpfil	8	was do ŏpfil was ouf || fuzen granat ŏpfil gemacht von || die granat ŏpfil Und an
bedecke	8	holcze vnd bedecke sie mit || des halbenteil bedecke ł das || sein Und bedecke den alter
endlisten	8	an den endlisten drumern des || in deinen endlisten teilen vlehen || von den endlisten teilen der
geczeuknus	8	geczeldis des geczeuknus sullen sie || geczeldis des geczeuknus vor dem || geczeldis des geczeuknus Und den
bleiblinge	8	Uorbru die bleiblinge in dem || vorlisen die bleiblinge der stat || halt wenig bleiblinge Und tat
thimiamischen	8	alter des thimiamischen puluers Und || alter der thimiamischen zu houf || alter des thimiamischen puluers Der
wanderst	8	das du wanderst mit vns || gepot Und wanderst in seinen || got vnd wanderst in seinen
vberige	8	alter das vberige giesse her || in das vberige teil vorwar || her das vberige an seinen
anruret	8	ichtesicht vnreines anruret sol nicht || was das anruret das wirt || Wer do anruret ire toten
derlei	8	das keiner derlei ein totes || vnrein Wer derlei totis an || do duldet derlei seuche so
enczuntem	8	eynem gancz enczuntem opfer vnd || zu gancz enczuntem opfer das || zu gancz enczuntem opfer Und
volken	8	von andern volken Svndert ouch || vor den volken so das || ous allen volken die do
czigenpock	8	opfer einen czigenpock vor die || vnd einen czigenpock vor die || vnd einen czigenpock vor die
ieriger	8	sullet Ungemeiligter ieriger lemmer czwei || czwen wider ieriger vngemeiligter lemmer || czwen wider ieriger vngemeiligter lemmer
vngemeiligter	8	czwen wider vngemeiligter lemmer virczehen || wider ieriger vngemeiligter lemmer vierczehen || wider ieriger vngemeiligter lemmer virczehen
besiczvnge	8	von der besiczvnge irr bruder || zu einer besiczvnge noch iren || her nicht besiczvnge wenne der
krichenden	7	vnd allen krichenden das sich || Uon dem krichenden bis an || aus allen krichenden tiren der
heuten	7	hausvrowen aus heuten rŏkke vnd || rotgeverbten widers heuten Und vbir || iacincte geverbten heuten Mache ouch
vorterbten	7	in nicht vorterbten alle die || der svn vorterbten sie mit || wir vnd vorterbten ire woner
knechtel	7	die archen knechtel vnd meidel || euch alle knechtel vnd besneiden || euch Alle knechtel in ewern
vnfruchtber	7	di was vnfruchtber vnd hatte || sie was vnfruchtber Und er || ir swester vnfruchtber Und die
czeige	7	ich dir czeige vnd ich || das ich czeige in dir || in vnd czeige in die
bleibende	7	vnd was bleibende in den || iren bouch bleibende ir swester || es ein bleibende ousseczikeit Unrein
vrteilen	7	wil ich vrteilen Dornach werden || gekornen ratleute vrteilen Ist aber || her in vrteilen do von
few̆ers	7	lampen des few̆ers geende czwisschen || seule des few̆ers durch die || vnd des few̆ers hantreichunge Und
hinderteil	7	gesehen des hinderteil der mich || ł das hinderteil des geczeldis || die sein hinderteil an sehen
wirft	7	svnder du wirft geheissen wenne || sein speichel wirft ouf den || vnd nicht wirft euch hin
verrens	7	stat von verrens vnd sprach || sahen von verrens e her || stunt von verrens aber gink
pilgereime	7	sage vnd pilgereime do vnd || gerechten Dem pilgereime saltu nicht || Es svnde pilgereime oder purger
gesalbet	7	du hast gesalbet den stein || das sie gesalbet werden in || mit nicht gesalbet werden vnd
geczeug	7	wirt ein geczeug czwischen mir || vnserr rede geczeug wenne got || dir ein geczeug Dicz grap
czeigte	7	behabten mantil czeigte sie irem || herren Der czeigte im ein || vnser herre czeigte do also
besiczungen	7	in irn besiczungen Wenne mir || czwischen den besiczungen vnd czwischen || czwischen den besiczungen der also
erwerfen	7	sie vns erwerfen mit steinen || man sie erwerfen vnd sein || mit steinen erwerfen vnd den
czale	7	das die czale zu wenig || erde Die czale deiner tage || Aber die czale des silbers
gesneite	7	dem in gesneite sult ir || das in gesneite vnd das || sein in gesneite vnd sein
bedacte	7	dicke wolken bedacte den perck || gestigen do bedacte ein wolken || die her bedacte mit golde
lei	7	Noch der lei das do || hat der lei di sich || ouf welcher lei der toten
horest	7	das du horest seine stimme || wenne du horest die stimme || das du horest di stimme
mittagis	7	an der mittagis seiten die || in der mittagis seiten des || EXO geczeldis mittagis seiten gegen
blechen	7	mit guldeinen blechen Und ł || mit ereinen blechen vnd stos || mit silbereinen blechen In der
erein	7	vnd grunde erein XXUII Mache || gos her erein vnd vbirlegte || machte her erein v vnd
geceldis	7	selben grosen geceldis das do || vas des geceldis vnd den || tur seines geceldis vnd sahen
dovmen	7	ouf die dovmen irr hende || vnd den dovmen seiner rechten || vnd die dovmen der rechten
fuzes	7	des rechten fuzes vnd geuss || ouch des fuzes vnd opferte || vnd des fuzes Und von
czagil	7	vnd den czagil vnd das || veisticheit den czagil als ganczen || dem den czagil vnd die
enczunde	7	vnd das enczunde ouf dem || schuten Und enczunde das ouf || ouf vnd enczunde die ouf
gesvndert	7	herren wart gesvndert Wer do || der euch gesvndert hat von || er hette gesvndert den die
purpir	7	iacinten vnd purpir vnd rotes || kanten iacinct purpir vnd gewurmeltes || vnd von purpir v vnd
rouchvas	7	vnd DUS rouchvas ous reinem || yclicher sein rouchvas du vnd || yclicher sein rouchvas vnd legt
tvnke	7	herren so tvnke der priester || dem ysop tvnke her in || hant vnd tvnke seinen rechten
lemmern	7	von den lemmern ist sein || zu yclichn lemmern Und zu || zu yclichen lemmern in dem
czelen	7	ir dorvmme czelen von dem || speise vnd czelen soltu siben || ous vnd czelen sult ir
iarczal	7	ouf die iarczal aller sammenunge || nicht ir iarczal mit svnder || vnd alle iarczal der streitenden
czigenpocke	7	wider funf czigenpocke funf ierige || wider funf czigenpocke funf ierige || wider funf czigenpocke funf ierige
mowern	7	oder ane mowern sint die || enge czweier mowern mit die || von den mowern der stete
gereiczet	7	das do gereiczet wart wider || zu czorne gereiczet hast deinen || hastu in gereiczet vnd c
honikseim	7	vnd von honikseim Hŏre u || vnd mit honikseim Wenne die || vnd von honikseim Und dorvmme
newkomen	7	gerichte des newkomen vnd des || svnder den newkomen vnd den || sie dem newkomen vnd dem
waisen	7	vnd des waisen Noch nicht || vnd den waisen vnd die || vnd dem waisen vnd der
ostnischen	7	in dem ostnischen teile der || gegen dem ostnischen teile Uon || gegen dem ostnischen teile Das
vorheusern	7	mit iren vorheusern ouf dem || mit iren vorheusern vier stete || mit iren vorheusern czwu stete
nevnhundert	6	alle tage nevnhundert vnd czwelf || alle tage nevnhundert vnd funf || alle tage nevnhundert vnd czehen
vormeiligt	6	svne vnd vormeiligt was aber || vorserit vnd vormeiligt ist das || die eintweder vormeiligt ist oder
sulln	6	aus yeclichem sulln y̆ngeen mit || blut vorwar sulln giessen die || beide vnd sulln nicht sterben
houfe	6	trage zu houfe bei dich || mensch zu houfe leget ein || ir zu houfe gesamment alle
UII	6	in speise UII CAPITULUM dorumb || vnd XX UII aber was || Und CAPITULUM UII vnser herre
anevank	6	Aber der anevank seines reiches || euch der anevank der anvank || ist der anevank seiner erben
gereicht	6	Ich hab gereicht ausgenomen des || im vnd gereicht wart der || ist er gereicht vnd ist
geperen	6	vnd wirst geperen einen svn || hausvrowe wirt geperen dir einen || wirt er geperen vnd wil
wachsende	6	machen dich wachsende grŏslich vnd || wandernde vnd wachsende bis her || geweitet vnd wachsende gemachet ouf
seuche	6	vorgangen die seuche die lachte || volk mit seuche vnd vorterben || flusses der seuche vnd sechs
vorlisen	6	wiltu so vorlisen den gerechten || wir sie vorlisen Und ous || erde vnd vorlisen wirt die
grŏsten	6	zu dem grŏsten also das || an dem grŏsten do begriffen || erde am grŏsten die lant
mynnern	6	zu der mynnern Unser vater || zu der mynnern Sich nechten || wirt dem mynnern dienen Und
erstgebornen	6	ouf deinen erstgebornen svn den || gab seinem erstgebornen svne ein || erslahen deinen erstgebornen svn vnd
czeigen	6	dir wil czeigen Dorumbe stund || wil euch czeigen was ir || in zu czeigen in den
vorchtest	6	du got vorchtest vnd hast || das du vorchtest deinen herren || di du vorchtest Und dorvber
gegenworticheit	6	in der gegenworticheit der kinder || an die gegenworticheit des kindes || zu diser gegenworticheit woldestu mich
ŏrringe	6	czwen guldein ŏrringe die wugen || die guldeinen ŏrringe vnd die || ir an ŏrringe zu cziren
Czeuch	6	sprach C Czeuch von vns || vŏrchte dich Czeuch hin abe || zu im Czeuch hin ouf
vluchet	6	Der dir vluchet der sei || Welcher do vluchet seinem vater || seiner muter vluchet sein blut
alraunen	6	vnd vant alraunen die brachte || von den alraunen deines svnes || ouch die alraunen wiltu mir
wegis	6	geverte deines wegis Und sprach || wustenunge des wegis drey tagweide || wustenunge des wegis dreier tagweide
dorous	6	vnd sach dorous essen die || stein vnd dorous wirt vlissen || do wart dorous dicz kalp
veiste	6	ochssen gar veiste vnd giengen || des leibes veiste vnd wunderschŏne || vnd das veiste das dorvmme
vorkoufe	6	gehort man vorkoufe weicz zu || des getreides vorkoufe her im || wil so vorkoufe mans einem
weicz	6	man vorkoufe weicz zu Czihet || vmb den weicz gegeben hat || w SIS weicz trugen vnd
gevenknusse	6	in dem gevenknusse bis ich || ich in gevenknusse habe muget || ous dem gevenknusse der vnd
esiln	6	futer iren esiln Und sie || mit iren esiln Und do || vnd den esiln vnd den
brustil	6	segen der brustil vnd der || vnd das brustil v Und || Aber das brustil wirt vnd
gerufet	6	hat vns gerufet Geen werde || ich hab gerufet mit namen || sie wurden gerufet von im
nichtenicht	6	sprecht Mit nichtenicht gebt in || Und mit nichtenicht bleibt ir || sprachen Mit nichtenicht muge wir
clouben	6	geen vnd clouben stuppil vnd || als zu clouben sprev Und || nicht ouf clouben Sunder den
gepflaget	6	worumb hastu gepflaget dein volk || hat her gepflaget dein volke || wasser vnd gepflaget werden die
leuitischen	6	fursten des leuitischen gesindes durch || pfaffen des leuitischen geslechtes vnd || d des leuitischen geſlechtes vnd
knechtels	6	herren alle knechtels geslechte das || MERI ist knechtels geslechte von || Der volk knechtels geslechte wart
reitenden	6	in seinen reitenden Vnd der || vber ir reitenden Und do || vnd die reitenden vnd alles
vorczert	6	arbeit wirstu vorczert du vnd || dem few̆er vorczert noch nimant || vncz bis vorczert wart alles
czan	6	vmb ouge czan vmbe czan || czan vmbe czan hant vmb || eynen ł czan ist das
gegenwortig	6	herre nicht gegenwortig ist betwungen || vihes herre gegenwortig ist so || ich bin gegenwortig Mag ich
vorczihen	6	euch wirt vorczihen vnd wirt || Und wenne vorczihen wirt mein || wolle wir vorczihen Und her
oniknien	6	ruches vnd oniknien steine zu || czwen edle oniknien steine vnd || mirre vnd oniknien wurcze v
nvs	6	sam ein nvs an einen || gestalt einer nvs an dem || gestalt einer nvs vnd ringlein
centner	6	haben einen centner reines goldes || golde Ein centner goldes wug || vnd nevn centner sibenhundert vnd
geverbten	6	von iacincte geverbten heuten Mache || von iacinten geverbten heuten Ouch || von iacincten geverbten heuten den
gebleichet	6	leineim czwir gebleichet mit genetem || pfelle czwir gebleichet mit mancher || pfelle anderweit gebleichet mit mancher
behaldende	6	doum elen behaldende vnd drei || silberein trinkvas behaldende sibenczig scot || silbereines trinkvas behaldende siben ERI
leineine	6	svnen mache leineine rokke vnd || Mache ouch leineine nider wate || sie weisse leineine rocke geworchtis
weihen	6	hende saltu weihen vnd heilige || alter vnd weihen vnd her || der salbunge weihen so das
endliste	6	ouf das endliste teil der || rurte das endliste teil des || gerurt das endliste yclicher rechten
tires	6	meines opfer tires noch bleibe || siges opfer tires die sol || siges opfer tires die sol
fugte	6	funf vmmehenge fugte her zu || her funf fugte zu sammen || zu sammen fugte Also machte
giessende	6	vorgulte her giessende in silbereine || houbten vorgulte giessende in silbereine || irem vmringe giessende vir guldeine
tousenten	6	von dreien tousenten vnd sechs || sechs hundert tousenten funfhunderten vnd || Aber von tousenten vnd siben
ICUS	6	alter gegen ICUS osten wert || sein opfer ICUS vnd opfert || des alters ICUS des ganczenczunten
vorbruen	6	purge vnd vorbruen als das || man es vorbruen in dem || dem fewer vorbruen do von
vorbindet	6	gutes vnd vorbindet das mit || oder sich vorbindet mit eiden || mit eiden vorbindet die do
abscheidunge	6	schulder der abscheidunge habe ich || tagen der abscheidunge der blutsuchte || tagen irr abscheidunge wirt gemeiligt
schupen	6	vnd ł schupen also wol || vlossen vnd schupen hat der || vlossen vnd schupen in den
vorsliesse	6	varbe so vorsliesse in der || czil Wider vorsliesse her in || vleische so vorsliesse her in
meilige	6	dich nicht meilige Uon deinem || moloch noch meilige den namen || breuten noch meilige dich mit
vnmenschlichkeit	6	ist ein vnmenschlichkeit Mit allem || vnd die vnmenschlichkeit mit den || vnd die vnmenschlichkeit geschehen ist
funfczehenden	6	an dem funfczehenden tage des || Uon dem funfczehenden tage des || dem f funfczehenden tage dorvmme
veierlich	6	sein gar veierlich vnd heilig || den tag veierlich vnd gar || wirt geheissen veierlich vnd gar
povme	6	noch die povme werden nicht || oder ane povme S Stercket || noch allerlei povme bei dem
geczeugen	6	mag mit geczeugen Wenne sie || manslechtige vnder geczeugen wirt gepeinigt || czorne reiczet geczeugen an rufe
stakten	6	vnsers herren stakten sie die || sie vnd stakten ire geczelt || sie vnd stakten ire geczelt
vorstete	6	vnd ire vorstete in dem || vnd ire vorstete zu neren || vnd ir vorstete zu neren
vluchtigen	6	beschirmvnge den vluchtigen die do || beschirmvnge den vluchtigen werden ous || vnd die vluchtigen vor dem
vleissiclich	6	d dich vleissiclich das du || das suchest vleissiclich vnd vindest || besiczunge bereitende vleissiclich den weck
strase	5	des himels strase die got || die offenbare strase wolle wir || die gebente strase wolle wir
czunge	5	In deutsche czunge v­ vnd || alle ein czunge Und czu || vorneme die czunge seines nehsten
geslechte;	5	noch seinem geslechte; vich vnd || noch seinem geslechte; Den howen || noch seinem geslechte; Den widhopfen
geschepfet	5	als sie geschepfet sint an || sie wurden geschepfet Es lebte || den ich geschepfet habe von
hiesse	5	er sie hiesse Und alles || meit die hiesse die sprach || Die groste hiesse die minner
bovmen	5	von allen bovmen Der antwort || bei den bovmen vnder einer || ouf den bovmen di der
holczes	5	mitte des holczes des paradises || hovfen des holczes vnd rackte || den houfen holczes Und die
bedackt	5	ł Und bedackt wurden alle || es hett bedackt Und vortilget || mit der bedackt sol werden
UIII	5	hundert tage UIII CAPITULUM GOt || geslug CAPITULUM UIII Und vnser || mit im UIII Und vnser
vorpoten	5	wolken Und vorpoten wurden die || herren sint vorpoten vnd svndet || herrens sint vorpoten vnd der
meneden	5	den czehenden meneden wenne in || noch drein meneden sagte man || in den meneden des iares
rackte	5	Und er rackte aus sein || holczes vnd rackte seine hant || der iungen rackte eines ous
geest	5	lincken hant geest so wil || du noch geest So saltu || der erden geest Keret vmme
virczehenden	5	in dem virczehenden iare quam || an dem virczehenden tage des || an dem virczehenden tage des
iagte	5	sie vnd iagte sie bis || bruder vnd iagte im noch || gienk Und iagte den kvnig
XU	5	teil CAPITULUM XU DO dicz || DO CAPITULUM XU sanck einen || vnreine ist XU Und vnser
benvmet	5	einer gerechticheit benvmet Und her || pharaonis Die benvmet ir das || sol werden benvmet vnd drei
XUII	5	geperte CAPITULUM XUII DOrnach vorwar || etcetera Nu XUII CAPITULUM czogen || gepoten hat XUII Und vnser
besneiden	5	knechtel vnd besneiden sult ir || nicht wŏlt besneiden so neme || vnser knechtlin besneiden vnd dem
meles	5	maz semel meles vnd mache || drei kŏrbe meles ouf meinem || siten des meles Und also
vortragen	5	wiltu nicht vortragen der stat || hast nicht vortragen deinem einigen || hast nicht vortragen deinem einigen
vortilge	5	sprach Ich vortilge ir nicht || ich si vortilge Und ich || swertes vnd vortilge sie vnd
wŏllet	5	ir do wŏllet nvr alleine || ir tvn wŏllet barmherczicheit vnd || das ir wŏllet sein vnser
enczvnten	5	einem gancz enczvnten opfer ouf || dem gancz enczvnten opfer do || dem gancz enczvnten opfer vnd
hienk	5	horte do hienk her an || Den andern hienk her an || czogen vnd hienk den roten
czwiualdigen	5	in der czwiualdigen gruft die || in der czwiualdigen gruft die || in der czwiualdigen gruft die
furest	5	icht etwenne furest meinen svn || tochter vnd furest ander wip || du ous furest mein volk
camel	5	brachte czehen camel von der || er die camel het gestalt || von dem camel vnd sprach
gekochte	5	dem roten gekochte wenne ich || vnd die gekochte spise die || aber opferst gekochte opfer der
erstgeborne	5	svn der erstgeborne Und erschrak || Und der erstgeborne svn was || kindern Der erstgeborne svn Die
gesegenst	5	das du gesegenst Und do || nicht du gesegenst denne mir || wem du gesegenst vnd vorvluchet
fleckecht	5	rot vnd fleckecht vnd mancherlei || mancherlei oder fleckecht do deubstrafe || waren vnd fleckecht Und alle
knechtlein	5	sich alle knechtlein das sie || alle deine knechtlein vor deinem || Alle k knechtlein von priesterlichen
housrat	5	alle meinen housrat Was hastu || von ewerm housrat wenne aller || vnd allen housrat vnd die
vordrist	5	kinder zu vordrist vorwar vnd || vnd zu vordrist wenne ich || Und zu vordrist wenne du
weiden	5	Deine bruder weiden die schaf || mir wo weiden sie die || czweige vnd weiden von den
vorkoufen	5	besser wir vorkoufen in den || betwungen zu vorkoufen ire besiczunge || volke zu vorkoufen hat her
gelobist	5	du mir gelobist Do sprach || das du gelobist vnd von || heiligest vnd gelobist die vnserm
rissen	5	ist zu rissen durch dich || sei zu rissen Ein yclicher || stete zu rissen Denne werden
seideinen	5	einem sneweissen seideinen gewande vnd || Und von seideinen iacincten vnd || furhank von seideinen iacincten vnd
haldende	5	die gabe haldende sie in || sein hant haldende die rute || vnd stecken haldende in den
suchest	5	das du suchest der sterbe || wenne du suchest deinen herren || ganczem herczen suchest vnd von
vorkoufunge	5	von der vorkoufunge des getreides || an der vorkoufunge das neme || iare alle vorkoufunge kvmet wider
Scribat	5	das sein Scribat Genesis Genesis || vol W Scribat Genesis Genesis || geliden hat Scribat Genesis GENE
gepeutet	5	die czigel gepeutet man ł || ist so gepeutet her das || Und der gepeutet das man
vorwandilt	5	die wurden vorwandilt in trachin || ein weisse vorwandilt vnd die || nicht ist vorwandilt noch der
croten	5	fur ous croten ouf die || ous czogen croten vnd bedackten || werden di croten von deinem
wanczen	5	so sint wanczen in aller || do wurden wanczen an dem || vorwandelt in wanczen durch alle
sowerteig	5	sol nicht sowerteig sein in || werden an sowerteig noch nichtesnicht || svnen an sowerteig vnd sol
ouslendiger	5	Ein yclicher ouslendiger isset nicht || Ein yclich ouslendiger isset nicht || vaters Aller ouslendiger sol haben
pilgereimet	5	bei euch pilgereimet Und die || der do pilgereimet vnder euch || der do pilgereimet bei euch
volgende	5	Und noch volgende czogen ein || das noch volgende ein geczogt || dir noch volgende dich werden
XUI	5	di wasser XUI CAPITULUM Und || Das X XUI geczelt vorwar || mit ir XUI Und vnser
gepitunge	5	volbrengen die gepitunge vnsers herren || vorsmehte die gepitunge ewers herren || vorgessen deiner gepitunge Nicht hab
czorniger	5	got ein czorniger der do || ist ein czorniger got Ist || herre got czorniger got der
czwiualdig	5	gebe das czwiualdig wider Ist || das wider czwiualdig Bleibt aber || sol her czwiualdig gelden seinem
gefuren	5	zu mag gefuren vnd ir || her ein gefuren das volk || sie ous gefuren vnd ein
besee	5	Sechs iar besee deinen acker || Deinen acker besee nicht mit || Sechs iare besee deinen acker
sethimischen	5	machen von sethimischen holcze vnd || seulen von sethimischen holcze die || alter von sethimischen holcze der
vmbhenge	5	enden der vmbhenge das man || sullen sein vmbhenge hundert dovme || sullen sein vmbhenge funfczig doum
ŏrl	5	vnd funfczig ŏrl oder slingel || spanne die ŏrl oder die || her iacintische ŏrl an dem
vbirdecken	5	in den vbirdecken die do || in der vbirdecken lenge beschirmende || sovme einer vbirdecken vnd funfczig
furhank	5	ouch einen furhank von seideinen || man den furhank in die || Under den furhank secze die
korp	5	in einen korp vnd opfer || wider ein korp mit oster || in den korp als mir
thimiamisch	5	enczunden das thimiamisch puluer aus || ouf opfern thimiamisch puluer einer || ein zuhoufgelegte thimiamisch confect noch
hŏrner	5	hŏe vnd hŏrner sullen von || winkeln giengen hŏrner vnd̄ vmmelegte || hŏe des hŏrner ous seinen
vorhange	5	gegen dem vorhange der do || gegen dem vorhange vnd eute || gegen dem vorhange des heiligtumes
gegossens	5	in ein gegossens kalp Und || gemachet ein gegossens kalp vnd || gemachet ein gegossens pilde Und
friedes	5	geczelt des friedes Und alles || geczelde des friedes ous den || geczelt des friedes so czoch
vorsaczes	5	broten des vorsaczes Ein leuchter || broten des vorsaczes Den leuchter || brot des vorsaczes opferte her
mittages	5	teile des mittages gegen czudin || teil des mittages vnd saczte || teile des mittages Und wenne
gewurmeltem	5	vnd von gewurmeltem vnd von || vnd von gewurmeltem von czwir || purper von gewurmeltem vnd von
scoten	5	vnd sibenczig scoten machte her || von czehen scoten voller weihrouches || vnd hundert scoten ein silberein
ousvart	5	buch der ousvart von das || iares der ousvart von egipten || noch der ousvart ous in
LEUI	5	das buch LEUI der priesterschaft || thoho e LEUI ren Ist || czweier svne LEUI do sie
TICUS	5	das kalp TICUS vor vnserm || Ist aber TICUS das du || houbt wenne TICUS die gewant
LEUIT	5	den nir LEUIT lein Und || IIII Levitici LEUIT ein vngemeiligtes || der achte LEUIT der svnden
czige	5	das ein czige ist sein || ein vngemeiligte czige vnd leg || vnd die czige wenne sie
vogiln	5	wol von vogiln als von || von den vogiln nicht sult || ous den vogiln das do
tŏtte	5	gelegt do tŏtte er das || svne do tŏtte her den || alter vnd tŏtte das kalp
vlossen	5	do hat vlossen vnd ł || do nicht vlossen vnd schupen || nicht hat vlossen vnd schupen
totis	5	vnd ir totis sult ir || ruret ir totis der wirt || Wer derlei totis an ruret
levitici	5	erden xii levitici LEUITICUS wirt || ochsen xvii levitici LEUITICUS oder || thoho xxi levitici LEUITICUS des
vlusse	5	von dem vlusse ires blutes || erde der vlusse vnd der || mitte des vlusse do die
cedrein	5	sint vnd cedrein holcz vnd || mit dem cedrein holcze vnd || sperlinge vnd cedrein holcz vnd
sechster	5	Und einen sechster oles Und || von dem sechster des oles || vnd einen sechster oles vnd
speisen	5	seinen opfer speisen Das ist || iren opfer speisen in einem || gewonlichen opfer speisen in semlichen
vorgebunge	5	ewerr svnden vorgebunge vnd reinigunge || das nennen vorgebunge allen wonern || iare der vorgebunge vnd der
nevkomen	5	von den nevkomen di do || seit meine nevkomen vnd meine || sam ein nevkomen vnd sam
funfczigste	5	soltu das funfczigste iare vnd || vnd das funfczigste ist es || alders das funfczigste iar erfullen
abtgote	5	euch kein abtgote noch kein || czu irr abtgote heilicheit Und || alle irr abtgote hŏe vorwustet
achtunge	5	vnd noch achtunge nicht mag || vber die achtunge das funfte || teil der achtunge des geldis
NUMERI	5	dem menschen NUMERI PRIMUS LIBRUM || czogen wur NUMERI den geczalt || des geczeuk NUMERI nusse vnd
czalte	5	vber der czalte sie als || schaf Und czalte als vnser || priesters Nu czalte dorvmme vnd
funfczigsten	5	zu dem funfczigsten iare aller || zu dem funfczigsten iare alle || zu dem funfczigsten iare alle
iacincteinen	5	den ganczen iacincteinen mantil vnd || in einen iacincteinen mantil vnd || nemen einen iacincteinen mantel mit
vorvluchten	5	geen die vorvluchten wasser in || pŭchil die vorvluchten vnd sol || von den vorvluchten Wenne der
silbereines	5	scot ein silbereines trinkvas behaldende || scot ein silbereines trinkvas habende || scot ein silbereines trinkvas habende
widersagunge	5	wasser der widersagunge do krigten || wassern der widersagunge Heb ouf || in der widersagunge der me
gepowet	5	dan zu gepowet werde die || sie hatten gepowet Uorwar die || nicht hast gepowet cisternen die
richticlichen	5	sult ir richticlichen halden vnd || sullit ir richticlichen veiern Und || ir begeen richticlichen vnd einen
gemowerten	5	kindern die gemowerten stete Wir || in den gemowerten steten durch || vnd die gemowerten stete vnd
poslich	5	wenne iene poslich haben getan || do tvn poslich in der || meinem tode poslich werdet tvn
westnischen	5	zu dem westnischen mer werden || gegen dem westnischen teile der || in dem westnischen teile der
nordnischen	5	in dem nordnischen teile der || seiten des nordnischen teyles Und || in dem nordnischen teile in
mageschefte	5	durch ire mageschefte stete vnd || durch seine mageschefte vnd sein || durch ire mageschefte stete vnd
vorkeren	4	PROLOGUS gar vorkeren Also wil || Nicht soltu vorkeren das gerichte || wirt her vorkeren ouf deine
entsprussen	4	der ekker entsprussen Vnd e || siben eher entsprussen ous eynem || durre erslagen entsprussen ous einem
kvnst	4	holcze der kvnst gutes vnd || haben die kvnst das sie || geneter gevogilter kvnst Und funf
bozes	4	gutes vnd bozes sal tu || gutes vnd bozes Nu sach || sprechen Ein bozes wildes tyr
enpfenknusse	4	vnd deine enpfenknusse In wetagen || noch der enpfenknusse einen svn || die leczte enpfenknusse so legte
bŏses	4	gutes vnd bŏses Dorvmbe nv || mir gedenckende bŏses Got vnd || her ein bŏses wilt hat
vordristen	4	von den vordristen seiner hert || lies die vordristen vnd stund || herczen die vordristen gaben vnserm
gerechter	4	ein g gerechter vnd ein || Sie ist gerechter wenne ich || sein ein gerechter schŏffil vnd
dovme	4	in einer dovme elen saltu || vmbhenge hundert dovme elen lank || hatte czwu dovme elen in
yeclichem	4	Czwei aus yeclichem sulln y̆ngeen || lege einem yeclichem wider sein || vnd reichte yeclichem ł speise
czweinczigisten	4	siben vnd czweinczigisten tage des || von dem czweinczigisten iare vncz || zu dem czweinczigisten gibt das
susicheit	4	ruch der susicheit vnd sprach || vorkart in susicheit Do saczte || ruche der susicheit ein werk
sibenczick	4	Und lebte sibenczick iare vnd || funf vnd sibenczick iare vnd || der huf sibenczick aber was
vlohen	4	bliben die vlohen vf die || stvnden dorvmme vlohen von ERI || wachsen vnd vlohen zu dem
egiptische	4	c GENE egiptische meit die || sie ir egiptische mait daz || der vrowen egiptische mait Und
vorsmehte	4	hette do vorsmehte sie ire || das er vorsmehte do entslos || sach sich vorsmehte do rufte
setczen	4	ich wil setczen meinen frid || Und wil setczen meinen frid || wirt dich setczen wider an
gesprochn	4	das er gesprochn hat Und || das do gesprochn hette mein || euch zu gesprochn hat ous
gene	4	pflagen wenne gene Und taten || wenick vnd gene werden sich || die vrasen gene siben ochsen
vorsuchte	4	geschach do vorsuchte got vnde || vnd do vorsuchte er in || vnd worumbe vorsuchte ir vnsern
czwiualdige	4	gebe die czwiualdige gruft die || was ein czwiualdige gruft sehende || cloubten si czwiualdige speise das
hŏrest	4	du mich hŏrest Ich wil || das du hŏrest Nu do || das du hŏrest die stimme
vmbringe	4	in dem vmbringe abraamen zu || in dem vmbringe der bach || in dem vmbringe vnd sprich
ouswendig	4	het gestalt ouswendig der stat || inwendig vnd ouswendig Und ł || der stete ouswendig vmme vnd
schapfte	4	sie wasser schapfte vnd schapfte || schapfte vnd schapfte vnd gab || brvnne vnd schapfte wasser Und
vorstopfet	4	do hetten vorstopfet etwenne die || dem gewande vorstopfet vnd vortumet || ouge ist vorstopfet Gesprochen hat
grosern	4	svne dem grosern Und sprach || hende des grosern svnes gleichnusse || grabe meiner grosern Dem antworte
kvndigte	4	endlich vnd kvndigte das irem || NUM vnd kvndigte dem volke || kint vnd kvndigte sprechende vnd
entkegen	4	er im entkegen vnd vil || her im entkegen czuge gegen || seinem vater entkegen bis zu
enpfienk	4	Und die enpfienk vnd geperte || einem beislafen enpfienk das weip || geslechte die enpfienk vnd gepar
weiczes	4	snite des weiczes ouf den || menige des weiczes das man || ein wenig weiczes Czu dem
Worvmbe	4	sprach zu Worvmbe hastu also || sprach er Worvmbe wŏlt ir || ist her Worvmbe habt ir
czweinczik	4	ich dorumbe czweinczik iar gewesen || scot hat czweinczik helblinge Die || czweihundert vnd czweinczik man die
gepilgereimet	4	hab ich gepilgereimet vnd bin || in der gepilgereimet hette vnd || in der gepilgereimet hette sein
svnderte	4	geslief do svnderte er ous || rechten schuldern svnderte erhebende sie || geben Do svnderte drei stete
Worczu	4	Er antworte Worczu suchestu meinen || der wustenunge Worczu hastu das || der mensch Worczu dorvmme sterbe
wŏllen	4	sprach Was wŏllen dise vrowen || friedsam vnd wŏllen wonen mit || ouf steigen wŏllen ouf die
wŏlt	4	euch nicht wŏlt besneiden so || was ir wŏlt Nemet der || er Worvmbe wŏlt ir also tvn
erschreksal	4	begreiffe das erschreksal gotes die || sie die erschreksal vnd vorchte || senden dem erschreksal vnd deine
vorweser	4	einer was vorweser der schenken || vnd die vorweser der werk || vnd die vorweser der werk
geprufet	4	warheit wurde geprufet Und doch || heute wirt geprufet Besneidet dorvmme || has wirt geprufet svnder einveldiclich
wuchsen	4	eher die wuchsen ous einem || Siben eher wuchsen ous einem || kinder von wuchsen vnd ł
schŏner	4	vnd gar schŏner Und ander || ochsen gar schŏner ous dem || vnd gar schŏner Und anderr
czirde	4	siben eher czirde vnd ł || nicht mein czirde wenne in || zu einer czirde Und sprich
czouberern	4	zu allen czouberern in vnd || ich den czouberern den trovm || vnd den czouberern vnd dise
setunge	4	ny keiner setunge spor svnder || in der setunge Do von || zu der setunge vorchtende keines
geczeigt	4	hat er geczeigt Siben schone || perge ist geczeigt Nache ouch || spracht Sich geczeigt hat vns
egiptischer	4	in aller egiptischer erden Noch || yn noch egiptischer czungen den || sie Ein egiptischer man hat
setcze	4	der do setcze ł probste || gomor vnd setcze das vor || geiticheit vnd setcze ous in
vorkarte	4	erden Und vorkarte seinen namen || hŏren vnd vorkarte seinen vluch || vnd die vorkarte was wider
svndigt	4	nicht Nicht svndigt in das || geheiligt sint svndigt so opfer || die do svndigt vnd vorsmeht
yeclichen	4	legten einem yeclichen sein gelt || vnd gesegente yeclichen mit irn || kindern einem yeclichen gleich teil
laset	4	bruder einen laset ir bei || euch noch laset euch das || ir hin laset ewer hende
geczeuge	4	ste ein geczeuge XLU SIS || des fewers geczeuge Alle vas || des fewers geczeuge crewel vnd
gepeut	4	erden Und gepeut in ouch || Das dorvmme gepeut im so || dem volk gepeut sprechende Czihen
heis	4	besten stat heis sie wonen || herren die heis sich heiligen || geslechte vnd heis sie steen
samte	4	den selben samte her alles || perge vnd samte sich wider || U Und samte alles volk
rvnnen	4	vns zu rvnnen Den antworte || ist zu rvnnen zu rvnnen || rvnnen zu rvnnen ist vns
grŏser	4	bruder wirt grŏser wenne her || den gaben grŏser in der || lenger ye grŏser vnd enthilt
steet	4	die do steet vber den || das do steet ein lugenhaftiger || tut Ir steet heute alle
tŏtet	4	ist so tŏtet es ist || schaf vnd tŏtet das oder || wo man tŏtet das gancz
ousseczig	4	her si ousseczig her wider || ist her ousseczig die entsprossen || ist vnd ousseczig sol her
werkes	4	des herten werkes Und ł || pfelle gemengtis werkes Und czu || der ichtesicht werkes dor an
vorwandeln	4	wirt sich vorwandeln in ein || sullen sie vorwandeln in einen || ich nicht vorwandeln das wort
czouberei	4	in irr czouberei taten also || den die czouberei treiben sult || Nicht ist czouberei in noch
vorhertet	4	also Und vorhertet wart das || hercze wart vorhertet vnd EXO || do nv vorhertet was herr
wissest	4	das du wissest wenne ich || das du wissest das vnsers || kvnigs vnd wissest das dein
vorseret	4	alle Und vorseret wart die || gersten was vorseret do von || wurden nicht vorseret W wenne
vortirbet	4	DUS teſnícht vortirbet von den || nicht das vortirbet Und sie || isset der vortirbet Die sele
dŏner	4	das die dŏner gotis zu || werden die dŏner vnd der || horten die dŏner vnd der
ew̆ern	4	herlichn in ew̆ern geslechten ewiges || euch in ew̆ern geperungen so || rechten in ew̆ern geperungen vnd
slaher	4	czihen den slaher in ewer || stirbet der slaher wirt nicht || stirbt Der slaher wirt der
tovsent	4	sechs hunderstunt tovsent an kinder || in die tovsent der do || ouch czwei tovsent Vnd gegen
vlisende	4	die erde vlisende mit milch || wasser Das vlisende wasser stunde || di erde vlisende von milch
svndern	4	saltu ous svndern alles das || teil soltu svndern von allen || iare soltu svndern einen andern
esils	4	erstgeborne des esils saltu wechsiln || Nicht seines esils noch alles || gepurt des esils lose mit
erstegeburt	4	Aber alle erstegeburt des menschen || herre alle erstegeburt in von || an die erstegeburt des vihes
vŏr	4	waren in vŏr ein mawer || alters czihende vŏr in dem || funften iare vŏr das knechtil
gesetet	4	mit broten gesetet Und werdet || vnd wirst gesetet so hŭte || vnd wirst gesetet vnd schone
cloubten	4	taten vnd cloubten einer mere || Aber vru cloubten sie ein || tage vorwar cloubten si czwiualdige
hunderter	4	tousenter vnd hunderter vnd funfcziger || tousenter vnd hunderter vnd funfcziger || vnd die hunderter Do sprachen
besuchet	4	der do besuchet die svnde || der do besuchet die svnde || ein pflage besuchet mit der
peinige	4	betruben noch peinige in nicht || knechte Nicht peinige in mit || anderlei enthaldunge peinige ire sele
geverbte	4	vnd rot geverbte widers heute || veiol var geverbte heute vnd || vnd iacinctische geverbte heute sethimisch
veinem	4	in mit veinem golde vnd || werden von veinem golde Als || yn mit veinem golde vnd
czweien	4	Ringelein vnder czweien stengiln an || czal von czweien czil iaren || ringel vnder czweien stengeln an
pilder	4	noch dem pilder als dir || noch dem pilder als dir || Noch dem pilder den vnser
leineinen	4	sneweissem weichen leineinen czwir DUS || ist den leineinen rok vnd || mit der leineinen niderwat Und
geneter	4	die mit geneter kunst mancherlei || gebleicht mit geneter kunst mancherhande || pfelle von geneter gevogilter kvnst
iacincte	4	vbirdecke von iacincte geverbten heuten || von seideynem iacincte vnd von || werke von iacincte von purper
velcze	4	tafeln czwen velcze mit den || zu samen velcze Und also || C Czwen velcze waren an
genetem	4	gebleichet mit genetem wercke mancherlei || gurtil von genetem gevŏgiltem werke || gebleichet mit genetem mancher hande
vorhanges	4	Des selbin vorhanges funfczehen doum || ouserthalbe des vorhanges der do || ouserhalb des vorhanges als vnser
hŏen	4	in irn hŏen czu beiden || in beiden hŏen der gnaden || in iren hŏen zu sammen
gewurchte	4	Und das gewurchte vnd alles || noch dem gewurchte des humerales || noch dem gewurchte edler steine
iacinctischen	4	humerals mit iacinctischen bendlein so || die mit iacinctischen bendlein vnd || hoube mit iacinctischen pendlein als
vorlouben	4	in der vorlouben des geczeldis || turn der vorlouben Pflŏcke zu || in der vorlouben des geczeuknusses
thimiamische	4	das ewige thimiamische puluer in || euch das thimiamische puluer Ein || vnd das thimiamische puluer oniknien
puluers	4	des thimiamischen puluers Und den || des thimiamischen puluers Der salbunge || des thimiamischen puluers von sethimischem
gehŏret	4	irm dienste gehŏret Und heilige || des alters gehŏret die seil || habe ich gehŏret Sage dorvmme
vornunft	4	vnd mit vornunft mit kunst || vnd mit vornunft vnd mit || weisheit vnd vornunft so das
werfe	4	ich ous werfe den vnd || ist vnd werfe die ous || ouch ous werfe wenne ir
wonern	4	mit den wonern der selbin || vorgebunge allen wonern der erden || zu den wonern die do
sneiden	4	vnd von sneiden Die hochczeit || vleisch zu sneiden noch keiner || saltu nicht sneiden Und die
iacinct	4	sie kanten iacinct purpir vnd || pfelle von iacinct von purpir || hange der iacinct geverbten heute
vnderscheiden	4	gevŏgiltem werke vnderscheiden Und vir || wisset die vnderscheiden des reinen || mit vellen vnderscheiden erhillet so
grebil	4	vnd die grebil des geczeldis || vnd die grebil mit iren || grunden vnd grebil mit iren
vmrink	4	in den vmrink des alters || in den vmrink des alters || durch den vmrink des alters
turkiltouben	4	herren von turkiltouben keuchiln Und || her czwu turkiltouben oder czwei || geopfern czwu turkiltouben oder die
rure	4	svnde Und rure die h || vinger vnd rure die hŏrner || vinger vnd rure die horner
vorgisset	4	sei vnd vorgisset seiner vnreinikeit || vnreinen vnd vorgisset des vnd || rede vnd vorgisset des vnd
eph	4	do heisset eph Nicht tu || do heisset eph sullen sie || do heisset eph besprenget mit
vngemeiligten	4	svnde einen vngemeiligten wider von || opfer einen vngemeiligten wider noch || er ein vngemeiligten wider von
vorczern	4	die lasen vorczern bis VI || das fewer vorczern Welcher des || f fewer vorczern Und von
geheiligte	4	stirn das geheiligte guldeine blech || gereinigte vnd geheiligte do gos || sie die geheiligte speise essen
gepirt	4	ein meidel gepirt so bleibt || die do gepirt die erde || wedir veigen gepirt noch wein
glencze	4	ein leuchtende glencze ist an || in ein glencze vorkart sei || das die glencze stet an
vorvrteile	4	vorkart so vorvrteile her in || ist so vorvrteile her in || sol so vorvrteile her sie
sperling	4	Und einen sperling tote her || den lebendigen sperling so das || tote einen sperling in einem
gevrteilet	4	wirt her gevrteilet dem gebrechen || sache werde gevrteilet Aber von || her nicht gevrteilet N Nicht
vormeiligen	4	so sie vormeiligen mein geczelt || sie das vormeiligen Ich herre || das icht vormeiligen di wenne
pocke	4	andern eim pocke eym ous || in den pocke dem ousgesanten || funf czigen pocke funf ierige
vorpruen	4	vnd in vorpruen in dem || sol her vorpruen mit in || wirt es vorpruen Besammen wil
moloch	4	ab got moloch noch meilige || dem aptgote moloch des todes || dem aptgote moloch Und hat
aptgote	4	samen dem aptgote moloch des || samen dem aptgote moloch Und || samen dem aptgote moloch noch
geheiligten	4	namen der geheiligten mir di || von den geheiligten wenne geheiligt || von den geheiligten isset vnwissende
erstlingen	4	von den erstlingen sol sie || hute meiner erstlingen alles das || opfer der erstlingen also wol
veierliche	4	wirt der veierliche tack der || die ir veierliche vnd heilicliche || vnd die veierliche hochczeit vnd
gelosen	4	man das gelosen ouch in || man in gelosen Welcher do || in nicht gelosen Dorvmme wenne
povm	4	vnd die povm werden mit || der mitterste povm als alles || Alle deine povm vnd die
giengt	4	das ir giengt ouf gericht || Und ir giengt alle zu || Und ir giengt zu den
vorczeren	4	euch werden vorczeren vnd ewer || wirt euch vorczeren Und ist || wil si vorczeren Dich wil
vorworfen	4	das sie vorworfen haben mein || ich sie vorworfen noch hab || das ir vorworfen habt den
Icliche	4	zu sprechende Icliche svnderlich noch || nider gelegit Icliche an iren || haben mynner Icliche noch der
iacincteiner	4	ein vberdecke iacincteiner heute vnd || ein vberdeke iacincteiner heute vnd || ein vberdecke iacincteiner heute vnd
weihrouches	4	scoten voller weihrouches einen ochsen || scot voller weihrouches ein ochsen || scot voller weihrouches ein ochssen
opfer;	4	der heilicheit opfer; ein guldein || der heilicheit opfer; ein guldein || der heilikeit opfer; ein guldein
weirouchs	4	scot voller weirouchs einen ochsen || scot voller weirouchs einen W || scot voller weirouchs einen ochsen
vmmegangen	4	lant heten vmmegangen vnd qua || wir haben vmmegangen die vrisset || wir haben vmmegangen ist gar
vleusset	4	werlicher dinge vleusset von milch || seinem wasservasse vleusset wasser vnd || dem perge vleusset Und in
vrisset	4	vmmegangen die vrisset ire inwoner || die kv vrisset Und denne || bis her vrisset den roup
vorsuchet	4	vnd haben vorsuchet ouch zu || als du vorsuchet hast an || wenne euch vorsuchet ewer herre
vorwuste	4	die nv vorwuste das fewer || die vnd vorwuste die vnd || sturme vnd vorwuste sie wenne
vnmeslicher	4	entkegen mit vnmeslicher menige vnd || starckes vnd vnmeslicher menige Und || vnd wegen vnmeslicher menige Und
veldunge	4	in der veldunge erden von || vnd sein veldunge vnd ein || vnd alle veldunge vncz bis
vmmeringe	4	in ewerm vmmeringe sint Wenne || in dem vmmeringe Die ecker || in dem vmmeringe alle heiden
bouches	4	frucht deines bouches vnd der || frucht deines bouches vnd di || frucht deines bouches vnd die
vortirbest	4	du gar vortirbest als die || bis du vortirbest Der himel || bis du vortirbest wenne du
new̆komen	4	DEUTRO der new̆komen der mit || gerichte des new̆komen vnd des || als der new̆komen also der
wirbel	4	ouf den wirbel Fure dich || von dem wirbel der alden || ouf den wirbel des nazareers
geczugen	4	sie vber geczugen do sprach || wir vber geczugen e IOSUE || wir vber geczugen so das
zudnischen	4	von dem zudnischen teile das || teil des zudnischen teiles Sein || gegen dem zudnischen teile Und
magscheften	4	noch irn magscheften besiczunge der || noch iren magscheften Dise besiczunge || in irn magscheften vorwar dem
vorleuset	3	arbeit er vorleuset Wenne also || das her vorleuset Ist das || vorterbet vnd vorleuset dich endlich
sendest	3	das du sendest mir Deiner || wen du sendest mit mir || vns hin sendest do wŏlle
volfuren	3	gut Muze volfuren in seinen || sie schuldig; volfuren schol sie || NUM mugen volfuren die rache
slechten	3	mit gleichen slechten dingen In || mit geteilten slechten veldungen durch || crone mit slechten geteilten velden
vorslant	3	erde lebending vorslant In aller || mvnt vnd vorslant sie mit || die erde vorslant mit heusern
vorwese	3	das es vorwese dem tage || das es vorwese der nacht || das er vorwese den vischen
krichende	3	die wasser krichende tyr lebendiges || vich vnd krichende tyr vnd || vich vnd krichende tyr die
kreuchet	3	das do kreuchet auf der || das do kreuchet ouf der || das do kreuchet vnd hat
gevŏgel	3	vnd alles gevŏgel des himels || vnd alles gevŏgel des hiemels || vber alles gevŏgel mit allem
wissende	3	die gote wissende gutes vnd || oder im wissende ist es || gesvndet nicht wissende das du
vorbarg	3	tage Do vorbarg sich vnd || eilte vnd vorbarg die gŏte || egipten vnd vorbarg in in
antlitcze	3	vor dem antlitcze vnsers herren || ouf sein antlitcze Und got || sprach Mein antlitcze wirt dir
eisereine	3	ereine vnd eisereine werck Aber || vas vnd eisereine das sie || du sprichest eisereine wegen haben
nevnczig	3	lebte vorwar nevnczig iar vnd || funf vnd nevnczig iare Und || nevn vnd nevnczig iar alt
sechczick	3	czwei vnd sechczick iar vnd || czwei vnd sechczick iare vnd || funf vnde sechczick iare vnd
dovmelen	3	sie Dreihundert dovmelen sol haben || vnd funfczick dovmelen ir breite || himel Funfczehen dovmelen was das
funfczick	3	archen vnd funfczick dovmelen ir || die erde funfczick vnd hundert || minnern noch funfczick vnd hundert
hŏhe	3	volenden seine hŏhe Aber die || in die hŏhe von der || turme des hŏhe reiche bis
vortilgt	3	sint werden vortilgt Und ich || wirt her vortilgt vnd wirt || bis her vortilgt wirt von
ergussen	3	der flute ergussen auf der || der flute ergussen sich auf || wenne sterclich ergussen sie sich
vierczick	3	auf erden vierczick tage vnd || tage vnd vierczick nacht Und || fur quamen vierczick tag do
spiczen	3	erschinen die spiczen an den || vnd hat spiczen wirt euch || scharen vnd spiczen czugen sie
toube	3	aus die toube noch im || wider die toube aus der || erden wirt toube rŏte vorczeren
vorgeusset	3	der do vorgeusset menschlich blut || wollende blut vorgeusset Wer mit || andern blut vorgeusset Und also
cleinem	3	vnd in cleinem der erden || gar czu cleinem puluer gestosest || von cl cleinem vihe von
begreiffen	3	sie nicht begreiffen also das || erfullet Vnd begreiffen wirt der || svnde wirt begreiffen euch Bowet
geczelen	3	mag yemant geczelen vnder den || der ouch geczelen Ste auf || Wer mŏcht geczelen den stoup
bewegte	3	geben Dorūmbe bewegte sein geczelt || bruder noch bewegte sich kein || nachtes vnd bewegte die purge
dreiczehenden	3	in dem dreiczehenden iare SIS || ŏl besprenget dreiczehenden zu yclichen || ŏl besprenget dreiczehenden zu yclichem
hŏchsten	3	gote dem hŏchsten herren der || Uon den hŏchsten werde ich || zu dem hŏchsten perge Uon
czele	3	himel vnd czele die sterne || vliessen so czele sie siben || funfczig iaren; czele alle die
besitczest	3	du sie besitczest Und her || das du besitczest di erden || ein czihende besitczest die erde
tuestu	3	sprach zu tuestu gegen mir || sprach Was tuestu nicht vŏrchte || svnde oder tuestu des nicht
pflagte	3	Und dorumbe pflagte sie vnd || her dich pflagte vnd bekorte || nicht Dich pflagte her mit
czwischn	3	meinen frid czwischn mir vnd || im vnd czwischn ouf durch || einem geczeuknusse czwischn vns vnd
besneidunge	3	czeit seiner besneidunge Des selben || durch die besneidunge Aber vnser || der andern besneidunge Als volk
geczeldes	3	tur seines geczeldes vnd neigte || dach des geczeldes Die lenge || tur des geczeldes des geczeuknusse
voraldent	3	Nu ich voraldent bin vnd || ich bin voraldent vnd weis || Ich bin voraldent vnd vorgangnes
vorhelen	3	mag ich vorhelen das ich || nicht mere vorhelen mochte do || ł nicht vorhelen Nicht vorchtet
wirftu	3	vierczig was wirftu tvn Er || gelobt Leihen wirftu vil geslechten || Und toten wirftu vridsame opfertir
vorterbest	3	samt in vorterbest in der || mit samt vorterbest Und sprach || du mich vorterbest vnd vinde
gesundigt	3	Was wir gesundigt in dich || wir habn gesundigt in vnsern || Ich hab gesundigt ouch nv
geperten	3	vnd sie geperten Wenne got || ruten vnd geperten alle fleckechte || lon So geperten alle schaf
rittermeister	3	vnd der rittermeister seines heres || vnd sein rittermeister zu den || hern dem rittermeister czu den
Hŏre	3	antworten die Hŏre vns herre || zu in Hŏre die elichen || von honikseim Hŏre u Unser
silbereiner	3	vir hundert silbereiner schot scot || hundert scoth silbereiner vnd vorsuchter || virczig grunden silbereiner czwene grunde
cziren	3	ŏrringe zu cziren ir antlicze || steine zu cziren das humeral || steine zv cziren das humerale
knite	3	diener do knite er ouf || erloste Do knite das volk || Und endlich knite nider ouf
Ŭmb	3	gar mude Ŭmb dise geschicht || mit czorne Ŭmb was schult || dem fuze Ŭmb dise sache
vorkoufte	3	swur vnd vorkoufte sein erste || man speise vorkoufte zu Und || seinem gepot vorkoufte man getreide
geweitet	3	vnser herre geweitet vnd wachsende || du wirst geweitet gegen westen || geveistet vnd geweitet Vorlasen hat
kvndigten	3	knechte vnd kvndigten im von || menige vnd kvndigten das Der || erden vnd kvndigten in sprechende
etheers	3	tochter des etheers ł Und || tochter des etheers Und die || acker des etheers gegen in
czickel	3	czwei gute czickel das ich || coche das czickel in der || koche das czickel in der
erstgeborner	3	bins dein erstgeborner svn Ich || ł mein erstgeborner du mein || herre Mein erstgeborner ich hab
nyme	3	sprach Nicht nyme dir ein || kein weip nyme nicht von || czu vnd nyme von in
ŏhems	3	tern deines ŏhems Got aber || schaf seines ŏhems vnd wegte || mit seines ŏhems h -
gelies	3	in nv gelies do czoch || nv ous gelies do furte || er sie gelies in ire
vorchtlich	3	ey wie vorchtlich s sprach || der heilicheit vorchtlich vnd loblich || was aller vorchtlich Und der
trenkte	3	selben brvnne trenkte man die || was vnd trenkte die herte || iuncvrowen vnd trenkte in die
pŏcke	3	vnd die pŏcke vnd die || czwen czigen pŏcke vor die || czwen czigen pŏcke tu her
einerlei	3	do waren einerlei varbe weisser || gesaczt gleich einerlei fuge sullen || opfertir habn einerlei recht Den
weisser	3	einerlei varbe weisser vnd swarczer || sein czene weisser wenne die || einer seule weisser wolken Durch
vormischunge	3	hitcze irr vormischunge an sahen || des samens vormischunge dich nicht || mit der vormischunge nicht besprengt
gereichet	3	czeit vnd gereichet wart der || habt im gereichet das swert || alles NOMIUS gereichet svnder gedencke
begreiffe	3	tage vnd begreiffe in ouf || czogen do begreiffe das erschreksal || swerlichn vnd begreiffe des vaters
hertlichen	3	du icht hertlichen zu redist || icht redest hertlichen czu Do || des landes hertlichen vnd douchte
gerichten	3	nicht ouf gerichten mag Wenne || in grosen gerichten Und wil || mit grosen gerichten das die
gehŏren	3	vrowen Und gehŏren sie ouch || herren vnd gehŏren an dich || do mugen gehŏren vncz bis
Ew̆er	3	ander brawtschaft Ew̆er tŏchter gebt || in essen Ew̆er lenden sult || der czorn Ew̆er bruder vnd
vnczimlichen	3	menschen das vnczimlichen vnd schande || den bŏsen vnczimlichen wercken Und || sich Wenne vnczimlichen was zu
eichen	3	vnder einer eichen die do || vnder einer eichen Und er || stat namen eichen clage Und
pilgereimunge	3	erde irr pilgereimunge mocht sie || tage der pilgereimunge meines lebens || erde irr pilgereimunge in der
Czeige	3	suche ich Czeige mir wo || her sprach Czeige mir dein || dich C Czeige dir vnser
bevoln	3	im hette bevoln Und vnser || er das bevoln aber was || sein gut bevoln vnd er
pecken	3	ander der pecken V Und || sach der pecken meister daz || fursten der pecken Und saczte
rittermeisters	3	kercker des rittermeisters in dem || kercker des rittermeisters Do wir || des selbin rittermeisters diener dem
ouslegunge	3	gotis die ouslegunge Saget mir || des troumes ouslegunge Drei weinreben || ist die ouslegunge des trovmes
gepflogen	3	vor hast gepflogen Nur alleine || vor habt gepflogen Do man || vor heten gepflogen Aber das
reissen	3	vleisch zu reissen vnd von || nicht zu reissen das ir || nicht zu reissen Und zu
grvne	3	SIS die grvne abrupften Und || die gerste grvne was vnd || die noch grvne sint so
grŏse	3	fruchtbercheit die grŏse des hungers || erbe vor grŏse des ł || in der grŏse deiner stercke
betrubsal	3	vns dicz betrubsal Und einer || von ganczem betrubsal deiner sele || sele mit betrubsal vorczeret Und
beheglichn	3	in euch beheglichn das er || das es beheglichn sei Alles || es muge beheglichn gesein des
gebracht	3	haben wider gebracht Sunder ouch || habe wir gebracht so das || vnserm herren gebracht hat her
grŏste	3	Und das grŏste teil qwame || aber das grŏste sei das || ist der grŏste priester vnder
trvnken	3	trat Nu trvnken vnd assen || weiczes vnd trvnken das allir || veistikeit vnd trvnken irn opfer
vordrucken	3	das do vordrucken wirt meinen || gelt noch vordrucken mit gewalt || d dich vordrucken wirt dein
gegenwortige	3	an dise gegenwortige czeit beide || als der gegenwortige tak czeiget || in dise gegenwortige czeit seit
czeite	3	der bluenden czeite was es || In der czeite des newen || beschreien alle czeite die weile
czimet	3	Nicht also czimet es vater || zu essen czimet wer seinen || das do czimet zu opfern
amorren	3	ous des amorren hant in || hatte dem amorren Und das || von den amorren Und sein
nazareer	3	seiner spicze nazareer vnder seinen || gelubdes den nazareer von dem || mag der nazareer trinken wein
kvnnen	3	sie in kvnnen helfen E || das sie kvnnen machen czymmer || dink vnd kvnnen vinden ouch
vessil	3	ein sinewelles vessil von czeinen || ersach das vessil in den || brachte das vessil das tat
czagel	3	bei dem czagel Nu rakte || in den czagel vnd wirst || in den czagel Und kvmen
egestern	3	vnd von egestern vnd sint || vnd von egestern vnd man || vnd von egestern vnd hat
cloubt	3	Geet vnd cloubt sie also || tage die cloubt An dem || ir zusammen cloubt getreide vnd
Worumme	3	herren sprechende Worumme tustu also || deinen diener Worumme vinde ich || siczen alhie Worumme vorkeret ir
geraktem	3	in ouf geraktem arme vnd || in ouf geraktem arme Dorvmme || in ous geraktem arme in
gerakt	3	der do gerakt hat sein || do ous gerakt het sein || her nicht gerakt ł habe
gesteen	3	mochten nicht gesteen vor vor || Noch mag gesteen vor seinen || Nicht magstu gesteen vor deinen
Uru	3	sprach zu Uru stee ouff || aller menige Uru sprach er || gelouben deinem Uru wirstu sprechen
bedakten	3	Und sie bedakten alle die || karten vnd bedakten die wegen || gevlogen vnd bedakten ire purge
erstegepurt	3	alle DUS erstegepurt in der || alle die erstegepurt Ich bins || vnd alle erstegepurt Und hab
achsiln	3	ouf ire achsiln vnd taten || iren eigen achsiln tragen Dorvmme || czwischen seinen achsiln wirt her
permuter	3	tut die permuter vnd das || tut die permuter vnd lose || mitte irr permuter vnd vber
sechshundert	3	Und name sechshundert auserwelten wegen || tousent vnd sechshundert Uon den || vierczig tousent sechshundert vnd funfczig
reitende	3	in seine reitende v Und || wegen vnd reitende durch die || vnd sihest reitende vnd wegen
sammenten	3	stunde sich sammenten die abgrunde || menige vnd sammenten sie an || ouf yn sammenten sie einen
geczihe	3	bis fur geczihe dein volk || ich vor geczihe Und ouf || bis ich geczihe got enkegen
beheldest	3	gepoten vnd beheldest alle sein || gotis vnd beheldest sein gepot || behutest vnd beheldest vnd dich
genvk	3	das sie genvk haben so || geopfert was genvk was vnd || sie mugen genvk gehaben zu
gecloubt	3	vor haben gecloubt alle tage || do mer gecloubt hatte hette || wirt ouf gecloubt vnd do
gemurmelt	3	czweiuelden habt gemurmelt wider vns || mite ir gemurmelt habet wider || vnd habet gemurmelt wider mich;
eynode	3	in der eynode zu mulet || in die eynode Wenne von || tage irr eynode wenne ir
besich	3	tvn Uor besich aber ous || perck vnd besich von danne || sache warheit besich ist das
tousenter	3	ous in tousenter vnd hunderter || des volkes tousenter vnd hunderter || vnd die tousenter vnd die
funfcziger	3	hunderter vnd funfcziger vnd czehender || hunderter vnd funfcziger vnd czehender || hunderter vnd funfcziger vnd czehender
czehender	3	funfcziger vnd czehender die das || funfcziger vnd czehender Die richten || funfcziger vnd czehender die euch
teilende	3	dir das teilende in ander || ein creisse teilende die vnd || die geslechte teilende die alle
gesteigen	3	mag nicht gesteigen ouf Wenne || vnser mag gesteigen in den || die perge gesteigen W­ Wenne
dierne	3	als ein dierne ous pfliget || svn deiner dierne vnd der || vnd deiner dierne vnd deinem
knechtis	3	ouge deines knechtis oder seiner || deines gemiten knechtis bei dir || eines gemieten knechtis hat her
manslacht	3	hat her manslacht begangen vnd || geslagen ist manslacht wirt her || ist durch manslacht wo her
leidigt	3	das ymant leidigt ekker oder || ir si leidigt so schreien || sele Welcher leidigt oder schaden
sethimisch	3	heute vnd sethimisch holcz ŏle || geverbte heute sethimisch holcze vnd || herren Und sethimisch holcze in
vorgulde	3	halbe Und vorgulde sie mit || halbe Und vorgulde in mit || holcze vnd vorgulde sie Und
cherub	3	tafel Ein cherub sol sein || tafeln Einen cherub in der || Den andern cherub in der
bettafel	3	die EXO bettafel vnd sullen || vnd die bettafel dorvber Und || ratvregte die bettafel so horte
geteilten	3	crone mit geteilten slechten veldungen || mit slechten geteilten velden gen || scharen des geteilten heres drei
leuchters	3	gewichte des leuchters mit allen || stamme des leuchters Aber an || gewurchte des leuchters von gehemertem
sneweissem	3	mache von sneweissem weichen leineinen || Und von sneweissem ł weichen || wete von sneweissem leinein Ein
gebleicht	3	czwir DUS gebleicht Und von || leinein czwir gebleicht mit geneter || pfelle czwir gebleicht czwiualdig vir
czangen	3	enpfahen vnd czangen vnd - || ereine tŏpfe czangen vnd crewel || vnd seinen czangen vnd leschvassen
crewel	3	vnd - crewel vnd des || czangen vnd crewel vnd haken || fewers geczeuge crewel vnd haken
necze	3	als ein necze An des || vnd das necze der leber || vnd das necze der lebern
ergrabnusse	3	noch dem ergrabnusse edler steine || ganczen werkis ergrabnusse silberein Gleicher || vnd ir ergrabnusse silberein vnd
heklein	3	in die heklein Mache ouch || in die heklein an beiden || vnd czwei heklein vnd also
racionals	3	seiten des racionals henge an || teil des racionals an die || seiten des racionals ous den
humerals	3	seiten des humerals das do || seiten des humerals hinderwert das || vingerleinen des humerals mit iacinctischen
vingerleinen	3	mit seinen vingerleinen mit den || mit den vingerleinen des humerals || mit den vingerleinen sterclicher zu
ŏpfel	3	als punikische ŏpfel von seideynem || werden nicht ŏpfel reichen Ist || von granat ŏpfel vnd von
gurtil	3	ouch einen gurtil von genetem || leinein Ein gurtil vorwar von || mit dem gurtil vnd fugte
gevŏgiltem	3	von genetem gevŏgiltem werke Und || mancher hande gevŏgiltem werke vnderscheiden || mit genetem gevŏgiltem werke von
gerŏst	3	in ol gerŏst Und mache || in ŏl gerŏst ous dem || werden vnd gerŏst Aber opfern
vorbru	3	den mist vorbru ousserhalb den || ł vnd vorbru das ouf || mit fewer vorbru Nicht begere
hawe	3	wider zu hawe in stucke || n nicht hawe ab die || welde vnd hawe ab genvg
gebrouchet	3	des do gebrouchet das sullen || her priesterschaft gebrouchet vor seinen || pfafheit hat gebrouchet sein svn
czehenteil	3	abendes Ein czehenteil semil besprengt || vnd ein czehenteil eines czehenden || lemmern ein czehenteil eines czehenden
hengt	3	der do hengt vor der || der vorhank hengt Hundert grunde || vleische an hengt vnd wechset
legunge	3	zu houf legunge noch opfer || zu houf legunge machet kein || zu houf legunge vnd des
nochkvmlinge	3	durch seine nochkvmlinge Und vnser || das ewer nochkvmlinge sprechen das || vnd seine nochkvmlinge ewiclich vnd
schreiende	3	des volkes schreiende vnd sprach || erhale vnd schreiende alles volk || Und dise schreiende mit ein
reiczende	3	ein geschrei reiczende zu streit || der adelar reiczende zu vligen || ein ander reiczende volgten in
vorczeuhest	3	selbir nicht vorczeuhest nicht fure || seule in vorczeuhest durch den || du das vorczeuhest geachtet wirt
steineiner	3	czwu tafeln steineiner gleich den || czwu tafeln steineiner als sie || czwu tabeln steineiner als die
besicze	3	missetat vnd besicze vns Do || geldis vnd besicze in Ist || ouf vnd besicze sie also
vorchtliche	3	bist das vorchtliche werk des || ein grose vorchtliche wustenunge die || dink vnd vorchtliche die do
vnkeuschen	3	wenne sie vnkeuschen ł mit || deine kinder vnkeuschen in ire || vnd wirt vnkeuschen noch vremden
snites	3	des weicz snites Und di || erstlinge ewers snites zu dem || czeit des snites het erfullet
gehurnet	3	nicht das gehurnet was sein || antlicz was gehurnet do vorchten || das antlicze gehurnet sein so
rigeln	3	tisch mit rigeln vnd mit || rost mit rigeln vnd mit || vnd mit rigeln an vngemowerte
gevese	3	vnd mit gevese mit broten || mit seinen gevese vnd mit || czwischen irem gevese Noch mag
iacinten	3	do hatte iacinten vnd purpir || her von iacinten geverbten heuten || neter von iacinten von purpir
hŏer	3	was ein hŏer czimmermeister vnd || dich mache hŏer w wenne || vnd wirt hŏer du aber
humeralis	3	werke des humeralis von golde || winkeln des humeralis ous ragten || sie des humeralis rok alczu
gebrouchten	3	die priester gebrouchten in der || erden noch gebrouchten furbas nicht || der sie gebrouchten in dem
enczundet	3	dem man enczundet den weirouch || opfer vnd enczundet das ouf || herren noch enczundet von im
gewulken	3	bedakte ein gewulken das geczelt || in dem gewulken werde ich || ł das gewulken von dem
vmmerink	3	des alters vmmerink Und ouf || des alters vmmerink vnd den || vnd der vmmerink des iares
sweret	3	die do sweret vnd ous || Nu dorvmme sweret mir bei || kvnftig sint sweret in dem
gesvndigt	3	einen werren gesvndigt hat in || sie haben gesvndigt in mich || der do gesvndigt hat wirdig
vorsmeht	3	svndigt vnd vorsmeht vnsern herren || recht habn vorsmeht Und doch || irn man vorsmeht vnd NUM
salbte	3	mit dem salbte her das || malen do salbte er in || houbte vnd salbte in vnd
suzem	3	was in suzem ruche des || opfer zu suzem ruche dem || in gar suzem ruche dem
vorterbit	3	oder ir vorterbit Wenne das || fewer wurden vorterbit Sprich zu || der in vorterbit Wenne es
indrucket	3	cla vnd indrucket in dem || noch en indrucket das wirt || klaen vnd indrucket nicht wirt
hulczeine	3	also wol hulczeine vas als || Aber das hulczeine vas schol || mache ein hulczeine archen vnd
anderlei	3	vas als anderlei vas vnd || oder mit anderlei enthaldunge peinige || nvcz ein anderlei bedurft die
welchis	3	gewant Und welchis man des || tenneine vas welchis er anruret || wirstu Wenne welchis zu einem
priester;	3	zu dem priester; Wenne der || zu dem priester; der sol || die dem priester; der fure
schrvnden	3	vnd die schrvnden tvnkil Und || ein rote schrvnden Und der || vnd der schrvnden vnd der
geweschet	3	das gewant geweschet so reisse || der mensch geweschet sein gewant || wenne her geweschet sein vleisch
breuten	3	mit b breuten vnd die || saltu nicht breuten noch mit || saltu nicht breuten noch meilige
wŭstenunge	3	in der wŭstenunge so keret || in der wŭstenunge vnd wurdest || Uon der wŭstenunge vnd von
czigenpok	3	vnd der czigenpok die ł || vnd einen czigenpok vor die || vnd einen czigenpok vor die
hurheit	3	gib zu hurheit LEUITICUS dein || pŏze zu hurheit ousgesaczet sol || lone der hurheit noch lon
schŏffil	3	ein gerechter schŏffil vnd ein || ein grŏserr schŏffil vnd ein || ein gleicher schŏffil sol dir
vnkeuschte	3	das her vnkeuschte von seinem || das volk vnkeuschte mit den || das sie vnkeuschte in dem
begangen;	3	haben sie begangen; ir blut || sie vnczimlichkeit begangen; des todis || hat er begangen; lebendig sol
vnczimlichkeit	3	habn sie vnczimlichkeit begangen; des || ein sulche vnczimlichkeit in ewer || begangen hat vnczimlichkeit in so
herren;	3	haben vnserm herren; an dem || sint vnserm herren; Alles opfer || ruch dem herren; ein kalp
kv	3	Aber die kv oder das || ein rote kv eines ganczen || die die kv vrisset Und
ousgenomenlich	3	yclichen tages ousgenomenlich der veier || seiner heiligunge ousgenomenlich die das || andern nemen ousgenomenlich des das
povmen	3	vnd von povmen este dicker || oder von povmen der ŏpfil || ouf den povmen nicht kere
pechen	3	von den pechen Und vrewet || vleŭset mit pechen milch vnd || in den pechen Die hoen
gewechsilt	3	werden sie gewechsilt vor vnserm || das do gewechsilt ist vnd || das man gewechsilt hat werden
geczihet	3	ir ein geczihet in die || Wenne ir geczihet vber den || vber den geczihet in die
besneide	3	sechs iar besneide deinen weingarten || har vnd besneide ire negil || messer vnd besneide czu dem
weinlesen	3	clouben als weinlesen wenne das || snit das weinlesen Und das || Und das weinlesen wirt bekvmmern
nevkvmen	3	Und dem nevkvmen der do || vnd den nevkvmen die do || vnd den nevkvmen die do
vreiunge	3	iar der vreiunge vnd das || iares der vreiunge sol ein || dem du vreiunge gibst mit
betrube	3	im nicht betrube deinen bruder || behaget Nicht betrube in Nicht || hastu betrubet betrube dich vnser
vorchtende	3	der setunge vorchtende keines gepot || her icht vorchtende mache die || geiste ł vorchtende den eingank
Ŭmme	3	selen vorczern Ŭmme sust werdet || alle sammenunge Ŭmme das ist || starke man Ŭmme geet die
eiserein	3	recht sam eiserein vnd die || trittest sei eiserein Gebe der || legen ein eiserein ioch ouf
pŏse	3	noch das pŏse noch mit || an die pŏse stat die || wunder vnd pŏse zu NOMIUS
Wenn̆	3	werden die Wenn̆ meyn ist || zu in Wenn̆ ir ein || vor geben Wenn̆ sie nicht
magschafte	3	gerete Die magschafte wir haben || alle seine magschafte als vnser || durch ir magschafte von den
vberdecke	3	legen ein vberdecke iacincteiner heute || doruber ein vberdecke iacincteiner heute || die ander vberdecke vnd vber
reiczet	3	des hasses reiczet den man || zu czorne reiczet geczeugen an || ir in reiczet mit den
vorvluchte	3	mit vorbannen vorvluchte hat gesamment || siczen alle vorvluchte die geschriben || furte alle vorvluchte die in
vorvluchet	3	die ich vorvluchet gehouffent Ist || gesegenst vnd vorvluchet in den || got nicht vorvluchet Mit was
nazareers	3	hende des nazareers noch dem || e des nazareers so her || wirbel des nazareers ł vnder
czehn	3	morserl wegende czehn scot voller || morserl wegende czehn scot voller || morserl wegende czehn scot voller
madianiten	3	svne dem madianiten seinem neuen || an den madianiten vnd also || von den madianiten Tousent man
werklichen	3	mein rede werklichen wirt erfullet || hat gesworn werklichen sol sie || erfullet sie werklichen wenne das
weissaget	3	alles volk weissaget vnd vnser || gesehen vnd weissaget ein czeichen || des herren weissaget vnd das
trevme	3	oder durch trevme rede ich || tichter der trevme sol werden || vnd halde trevme vnd vogil
vorgienk	3	die wolken vorgienk die do || himel brot vorgienk do sie || her ir vorgienk das ander
gemowert	3	die stete gemowert oder ane || stete waren gemowert gar mit || himel sint gemowert groses volk
spehten	3	do durch spehten sie die || do ous spehten die stat || si vor spehten In den
gemowerte	3	stete vnd gemowerte Das geslechte || stete vnd gemowerte bis an || di wol gemowerte mit flammen
vleuset	3	die do vleuset mit milch || dem ersten vleuset ous dem || die do vleuset von milch
gepeine	3	oder sein gepeine oder sein || vnd ir gepeine werden sie || Und das gepeine die do
Gesvndigt	3	vnd sprachen Gesvndigt hab wir || antworte mir Gesvndigt hab wir || vnd richtig Gesvndigt haben sie
vorderbnusse	3	zu der vorderbnusse vnd besasen || in die vorderbnusse vorwustende alle || in die vorderbnusse Nicht soltu
gekvndigt	3	hatten im gekvndigt alle wort || das dir gekvndigt wirt vnd || ir vnd gekvndigt wart das
eusristen	3	in den eusristen enden seines || in den eusristen enden der || in den eusristen enden der
orientischen	3	von den orientischen pergen Kvm || in seinem orientischen teile Czu || in dem orientischen teile Und
hubeln	3	vnd von hubeln werde ich || pergen vnd hubeln vnd vnder || die ouf hubeln vnd ouf
vluchen	3	sprach Czu vluchen meinen veinden || dir solde vluchen Und dein || sten zu vluchen ouf dem
erstgeporne	3	ist der erstgeporne Des svn || ist der erstgeporne Und wil || ist der erstgeporne dem erstgepornen
vorgeende	3	das ł vorgeende seine kinder || gefurt dir vorgeende in seiner || die stat vorgeende der archen
vierczik	3	czal was vierczik tousent funf || acht vnd vierczik mit iren || durch die vierczik iar in
gegeen	3	do mag gegeen durch die || erden nicht gegeen mŏchte noch || mag ich gegeen ous vnd
funfczik	3	hundert vnd funfczik scot Wenne || geslafen hat funfczik scot silbers || gespan von funfczik scoten Und
vnmesliche	3	sie ein vnmesliche habe Und || ist der vnmesliche czorne seines || vns ansehende vnmesliche czeichen Und
vorspehen	3	NUM zu vorspehen die erde || das sie vorspehen die erde || do ich vorspehen wart gesant
vnderworfen	3	erde wirt vnderworfen gebt in || fuzen der vnderworfen helse traten || erstarckten do vnderworfen sie die
legirten	3	sie vnd legirten sich zu || sie vnd legirten sich zu || sie vnd legirten sich zu
wollende	3	der nicht wollende blut vorgeusset || bruder nicht wollende im das || aber hochuertigt wollende nicht gehorsam
anderweidunge	3	buch der anderweidunge der e || schreiben die anderweidunge NOMIUS diser || steine die anderweidunge der e
veldis	3	steten des veldis die in || preite des veldis der stat || vnd des veldis vnd aseroth
؞	3	mag nicht ؞ toho ؞ || ؞ toho ؞ pzde ؞ || ؞ pzde ؞ toho DEUTRO
vnderscheide	3	pilgereim kein vnderscheide sol an || wissen die vnderscheide des guten || gote Ein vnderscheide IOSUE hat
vortilgten	3	von vnd vortilgten vnd wonten || Und wir vortilgten sie als || striten vnd vortilgten die erde
gesnicztes	3	machet ein gesnicztes gleichnusse oder || dir ein gesnicztes gleichnusse derlei || mache ein gesnicztes pilde oder
gepflanczet	3	nicht hast gepflanczet vnd wirst || der do gepflanczet h hat || nicht habt gepflanczet Nu dorvmme
vorgessest	3	du icht vorgessest deines herren || icht etwenne vorgessest deines herren || nicht DEUTRO vorgessest etcetera nd
gegnoten	3	in deinen gegnoten die czehenden || in deinen gegnoten als dir || mit iren gegnoten vnd die
enkennest	3	du nicht enkennest N Nicht || bruder noch enkennest in nicht || du nicht enkennest vnd seist
dorv̆mme	3	die klaen dorv̆mme vnrein werden || Wenne du dorv̆mme czeuhest vber || Nu was dorv̆mme vnser herre
lesest	3	sie vrei lesest geen wenne || vnd vorgessende lesest ligen ein || sie ab lesest svnder las
pŏsen	3	ansprecher der pŏsen geiste Noch || an einen pŏsen namen vnd || vor allen pŏsen dingen Ist
vornemen	3	mag ich vornemen das wort || du nicht vornemen macht ein || sie vnd vornemen v vnd
vberkerunge	3	besagende vmme vberkerunge sten werden || seit der vberkerunge schuldig vnd || ist die vberkerunge worumbe habt
vortrewet	3	der im vortrewet hat ein || iunge iuncvrowe vortrewet ein man || iuncvrowe die vortrewet ist vnd
powe	3	abe vnd powe hantwerk vncz || kalche vnd powe do einen || Ein hous powe vnd nicht
vortregt	3	der nicht vortregt ł den || vnd nicht vortregt im vnser || czorniger noch vortregt ewerr missetat
Geczeugen	3	zu besiczen Geczeugen rufe ich || dem volke Geczeugen seit ir || sie antworten Geczeugen sei wir
Creftige	3	allem volke Creftige dich vnd || vnd sprach Creftige dich vnd || sie gebe Creftige dich vnd
erschrik	3	dich noch erschrik Und also || creftig Nicht erschrik noch vorchte || dich noch erschrik Heb ouf
geiaget	3	einer hat geiaget tousent vnd || czwen haben geiaget czehen tousent || wustenunge hetten geiaget vnd an
steigende	3	Den ouf steigende wirstu gefuget || zu ouf steigende ouff gegen || gegen westen steigende ouf das
streitender	3	tousent ł streitender durch ire || drei tousent streitender Die alczuhant || was ein streitender man Und
ŏstnischen	3	gegen dem ŏstnischen teile der || in seinem ŏstnischen teile Also || IOSUE dem ŏstnischen teile saczten
busovnten	3	siben busovnen busovnten vor der || vnd mit busovnten Aber hat || archen vnd busovnten mit busovnen
vlihende	3	die rucke vlihende Und wurden || vilen sie vlihende Und des || vnd wir vlihende vnd iene
holes	3	mvnt des holes vnd seczet || mvnt des holes vnd furet || mvnt des holes gar grose
gegint	3	liget der gegint asedoth vncz || vnd die gegint vnd vnd || zu sechczik gegint vnd das
czevhet	3	von danne czevhet es zu || perge Und czevhet bei der || vnd durch czevhet vncz bis
nydristen	3	creissen der nydristen vnd Und || svnen des nydristen gradis Und || kindern des nydristen gradis durch
entsliesse	2	Und mir entsliesse meinen mvnt || mir sie entsliesse Die hab
vorlihen	2	mir Hast vorlihen brenge dir || herren gote vorlihen dorvmme hat
intrewen	2	sich lest intrewen schowen zu || Die sich intrewen lasent vinden
Uinden	2	keinen Buchen Uinden keiner minne || ein vorczerunge Uinden wirt es
sase	2	in gleicher sase Bawen des || andern tages sase vnd richte
bekvmmert	2	do mit bekvmmert wesen Das || sie waren bekvmmert mit dem
anevanck	2	der werlde anevanck Uon dem || stercke vnd anevanck meines wetagens
gegenwurticheit	2	Mit seiner gegenwurticheit getrost Gespracht || der dise gegenwurticheit an siht
grunende	2	die erde grunende wurcze vnd || erde ł grunende wurcze die
machende	2	wurcze vnd machende samen Und || gesalbt svndet machende svnden das
saczste	2	stern vnd saczste sie an || do er saczste die creisse
gevŏgeln	2	vnd den gevŏgeln des himels || aus den gevŏgeln siben GENESIS
gevogeln	2	vnd den gevogeln des himels || von den gevogeln als von
wechst	2	das golt wechst Vnd das || das do wechst ous dem
formte	2	herre dorumbe formte alle tyre || hette do formte her ein
habist	2	seist du habist denne von || wegen vnd habist in lip
Uorfluchet	2	soldest essen Uorfluchet sei die || die mawer Uorfluchet sei ir
lebendingen	2	was aller lebendingen Und got || besehen des lebendingen des gancz
vorfluchet	2	nv wirstu vorfluchet auf der || der do vorfluchet hat vnser
vorfluchtig	2	irre vnd vorfluchtig vf der || der erden vorfluchtig gegen aber
Hŏrt	2	vnd zu Hŏrt meine stimme || sprach zu Hŏrt euch nicht
nevnczick	2	funf und nevnczick iar vnd || nevn vnd nevnczick iar alt
czweinczick	2	tage werden czweinczick vnd hundert || siben vnd czweinczick iar vnd
hŏlczern	2	ł gefugen hŏlczern wonunglein mache || deine vetir hŏlczern vnd steinen
gienck	2	Und ein gienck ł vnd || ir Aus gienck dorumb vnd
hundersten	2	Im sechs hundersten iare des || vnd sechs hundersten iare in
gevŏgil	2	vnd alles gevŏgil ein giengen || ł das gevŏgil auf die
vorslos	2	vnser herre vorslos in dorinne || herre vnd vorslos die himel
czweinczigsten	2	siben vnd czweinczigsten tage des || an den czweinczigsten tag des
krichent	2	die do krichent auf der || die do krichent auf der
enczvntes	2	opferte gancz enczvntes opfer auf || Opfer gancz enczvntes opfer vnd
svmer	2	vnd wirme svmer vnd winter || nam einen svmer mantil vnd
pflanczte	2	erde vnd pflanczte einen weingarten || ł vorwar pflanczte einen walt
bedackten	2	hinderwert vnd bedackten ires vaters || croten vnd bedackten die Aber
cap̄	2	kinder X cap̄ GENE vnd || nŏrden XIII cap̄ GENE vnd
kuntscheften	2	noch iren kuntscheften vnd czungen || in irn kuntscheften vnd in
vorneme	2	yclicher nicht vorneme die czunge || bei dem vorneme ich das
geperung	2	sint die geperung geperte vnd || czeit der geperung antrat do
snvre	2	vnd sein snvre die hausvrow || vilen die snvre czehene an
sibenczic	2	funf vnd sibenczic iar alt || brvnne vnd sibenczic palm vnd
vnderganck	2	svnnen ł vnderganck vnd die || der svnnen vnderganck aldo nam
dir;	2	ist vor dir; czeuch von || vnd gesegende dir; groserr czal
czuden	2	vnd gen czuden gen ŏsten || teile gegen czuden waren vmhenge
wiltnusse	2	in der wiltnusse Und karten || in der wiltnusse Und do
kundigte	2	entran vnd kundigte ł das || dorumme vnd kundigte dem volke
achtczehen	2	drihundert vnd achtczehen vnd czoch || silbereine grvnde achtczehen ł das
hŏhsten	2	priester des hŏhsten gotis vnd || dem ł hŏhsten gote der
hŏchste	2	sei der hŏchste der do || Do der hŏchste teilte die
Uorware	2	vierhundert iare Uorware ydoch das || nicht enwisset Uorware ł wenne
gehengte	2	irr pete gehengte do brachte || iar Vnd gehengte seinem willen
czymt	2	als wol czymt Und dorumbe || noch nicht czymt zu essen
eynot	2	in der eynot der do || in der eynot vnd funden
gekouften	2	als die gekouften vnd die || wir die gekouften vnd quamen
volvarnes	2	vnd wol volvarnes alders Und || vnd wol volvarnes alders Und
herous	2	fur ich herous zu euch || so gee herous zu der
beschuczunge	2	schaten meiner beschuczunge Und sie || in die beschuczunge irr stete
vrteiln	2	nv soltu vrteiln Dorumb dich || ist das vrteiln so sol
slussen	2	ein vnd slussen die tur || die sie slussen in die
wenick	2	sie nicht wenick so nv || Unser ist wenick vnd gene
pilgereimte	2	vnd vnd pilgereimte hin zu || gegen vnd pilgereimte aldo in
voderte	2	aber ous voderte er vnd || her IOSUE voderte ouf dem
czuhest	2	du hin czuhest so gedencke || du hin czuhest Und wil
beuche	2	vorslossen alle beuche des houses || vnd der beuche Die segen
besuchte	2	vnser herre besuchte als er || alles das besuchte vnd vant
hŏrende	2	sie Welcher hŏrende geloubte des || das das hŏrende die andern
wuchse	2	im der wuchse vnd bleib || tut Is wuchse aber der
hermeister	2	vnd sein hermeister zu Got || purckherr der hermeister ein egiptisch
bovman	2	- ESIS bovman der philistischen || vnd dem bovman der do
satilte	2	nacht vnd satilte seinen esil || vru vnd satilte seine eslinne
hornern	2	mit den hornern den nam || ouf seinen hornern zu einem
slafweip	2	bruder Sein slafweip vorwar die || ouch ein slafweip thamma die
horche	2	svnder mer horche das ich || Ste vnd horche hŏre du
iuncvrow̆	2	ein schŏne iuncvrow̆ SIS vnd || ymant ein iuncvrow̆ enpfurt die
wugen	2	ŏrringe die wugen czwei scot || gespan die wugen czehen scot
iuncvrow	2	vnd die iuncvrow die do || sterben die iuncvrow sol nichtesnicht
housvrow̆	2	sei ein housvrow̆ deines herren || vnd sein housvrow̆ was genant
mvter	2	vnd irr mvter gab her || vnd der mvter vnd wer
Laset	2	vnd sprach Laset mich das || meinen weck Laset mich das
slafvrowen	2	kindern der slafvrowen gabe er || bei der slafvrowen seines vaters
vormochte	2	iare vnd vormochte sich nicht || selben czeit vormochte do ich
kvmlingen	2	deynen noch kvmlingen alle dise || iren noch kvmlingen Ein yclich
vorwente	2	housvrowen vnd vorwente sich das || ersach do vorwente her sich
eczliche	2	vorgangen waren eczliche tage vnd || zu wonen eczliche sprechende O
mŏchte	2	getan Es mŏchte yemant ous || nicht gegeen mŏchte noch ein
gevehest	2	dem geieide gevehest so mache || bis du gevehest die stat
bedackte	2	des halses bedackte sie im || vnd sie bedackte das mer
getrug	2	die ein getrug zu dem || her ein getrug die arche
vorvlucht	2	der sei vorvlucht Der dir || geende vnd vorvlucht ein geende
vordrungen	2	geheissen wenne vordrungen hat er || gewalt vnd vordrungen alle deine
nymt	2	eyn housvrowe nymt von dem || ein housvrowe nymt vnd dornoch
tŏch	2	von den tŏch XXVIII GENE || von siben tŏch EXO ter
brufte	2	gegen do brufte er das || an der brufte vor vnserm
erfulle	2	bis ich erfulle alles das || gepoten vnd erfulle das sorgveldiclich
wost	2	vnd ich wost sein nicht || geczeuknusse vnd wost nicht das
treibe	2	schaf ein treibe zu den || die vber treibe zu geen
gebrouchte	2	do er gebrouchte der begirlichen || EXO dienstes gebrouchte als vnser
weisest	2	antworte Du weisest wol wie || opfer du weisest das ich
gestreifter	2	mancherlei vnd gestreifter wolle sint || die do gestreifter wolle sint
hitcze	2	in der hitcze irr vormischunge || vnd die hitcze Und der
gewandilt	2	lon czehenstunt gewandilt Und got || sich hat gewandilt vnd das
vorstoln	2	die gŏte vorstoln Und also || was do vorstoln wart das
vor menige	2	meres der vor menige nicht mag || nicht beherbergen vor menige ires vihes
senftmutigen	2	in nv senftmutigen mit gabe || im zu senftmutigen vnserm herren
vordorte	2	zu hant vordorte sie im || wenne sie vordorte in der
rŏte	2	die morgen rŏte Und antworte || wirt toube rŏte vorczeren Der
Czihe	2	einem tage Czihe vor mir || vnd sprach Czihe wir ouf
stakte	2	hous vnd stakte seine geczelt || von vnd stakte die geczelt
vordrukte	2	mit gewalde vordrukte er die || der hunger vordrukte die erde
wortig	2	nicht gegen wortig svnder sie || nicht gegen wortig ist so
maitumes	2	hette irs maitumes die tochter || vorlust ires maitumes vnd meiligt
vnbesniten	2	swester einem vnbesniten menschen das || wustenunge was vnbesniten vncz bis
bouleute	2	vnd bedarf bouleute Ire tŏchter || vorterben die bouleute vnd die
gehenge	2	dem einem gehenge wir in || mancher gerichte gehenge nicht so
hurn	2	sam einer hurn vnser swester || der von hurn ist geporn
hebamme	2	sprach die hebamme Nicht vŏrchte || im die hebamme ein rotes
czwelfe	2	kinder warn czwelfe Die kinder || ruten waren czwelfe an die
horren	2	svne des horren des †lantmannes† || fursten des horren die kinder
Hŏret	2	zu in Hŏret meinen trovm || zu in Hŏret ERI meine
hŏrn	2	hab sie hŏrn sprechende Gee || doner zu hŏrn vnd plicczen
vorgiessen	2	sele noch vorgiessen sein blut || vngerne blut vorgiessen In die
vorkouften	2	den koufleuten vorkouften sie in || vnd die vorkouften zu dem
gebrouchest	2	das du gebrouchest meines beislafens || dinge vbervlussicheit gebrouchest des steine
hant;	2	ir die hant; an die || tŏten zu hant; so her
herrens	2	house seines herrens der wol || e vnsers herrens sint vorpoten
bŏsen	2	gehengen den bŏsen vnczimlichen wercken || ich die bŏsen tir die
ynne	2	ge vangen ynne hutte Und || wart er ynne vorslozzen Aber
weinstok	2	mir einen weinstok an dem || an den weinstok o mein
kŏrbe	2	hette drei kŏrbe meles ouf || trovmes Drei kŏrbe drei tage
ouslegers	2	das des ouslegers warheit wurde || seines troumes ouslegers ICAPITULUM nOch
vrasen	2	ochsen die vrasen gene siben || durre eher vrasen alczu male
dvnner	2	halm gar dvnner vnd mit || eher gar dvnner vnd mit
veistes	2	vnd vbir veistes vleisches die || alle sein veistes das do
vrassen	2	gesehen die vrassen die vordersten || alzu male vrassen Nu sagte
vordersten	2	vrassen die vordersten vnd gaben || ł meines vordersten gelubdes do
vordrukt	2	dem slafe vordrukt vnd sach || dem sie vordrukt haben die
fruchtbercheit	2	mit groser fruchtbercheit kvmen in || die grose fruchtbercheit die grŏse
scheunen	2	in die scheunen Und alles || SIS barn scheunen gab Und
wŏsten	2	knyten vnd wŏsten in einen || das nicht wŏsten deine veter
fruchtberkeit	2	quam die fruchtberkeit der siben || in der fruchtberkeit deiner erden
schevnen	2	in die schevnen Ouch alle || ous den schevnen ir ous
gebetet	2	heten an gebetet recht als || sie an gebetet vnd habn
gedenkken	2	diener noch gedenkken nichtesnicht vbels || wil ich gedenkken wenne die
czwiualdiges	2	mandelfrucht Und czwiualdiges gelt tragt || gabe vnd czwiualdiges gelt vnd
Fried	2	schaffer antworte Fried sei euch || herczen sprechende Fried wirt mir
minster	2	das ewer minster bruder von || denne ewer minster bruder so
enthilt	2	fur vnd enthilt sich vnd || grŏser vnd enthilt sich lenger
hebreern	2	mit den hebreern vnd vorworffen || ous den hebreern vnd do
silbereinen	2	Aber meinen silbereinen pecher Vnd || werden mit silbereinen blechen In
czurissen	2	Und gene czurissen ir gewant || die erde czurissen ir gewant
weissagunge	2	kunst der weissagunge Czu dem || habende der weissagunge lon in
amplik	2	ir mein amplik nicht Do || herre sein amplik zu dir
erkenten	2	ein ander erkenten Nu hub || bis sie erkenten was vnser
kvne	2	wurden sie kvne zu reden || seczet weise kvne man die
chananitidis	2	vrowen svn chananitidis Die svne || vrowen svn chananitidis Das sint
abczihen	2	Ich wil abczihen vnd wil || vnd Und abczihen werden alle
heisest	2	du vns heisest sein deine || vnrein ist heisest losen Des
beseet	2	samen vnd beseet ewer eckir || dreissik schŏffeln beseet die erde
vorwandilte	2	was Und vorwandilte die hende || nacht vnd vorwandilte das in
czukvnftig	2	was euch czukvnftig ist in || her noch czukvnftig werden Und
nes	2	dei SIS nes vaters Du || ei DUS nes also vil
siczende	2	starker esil siczende czwischen den || ir gedenken siczende in deinem
clahen	2	beissende die clahen des rosses || sie die clahen speldet aber
wachsender	2	schone Ein wachsender svn ein || svn ein wachsender svn vnd
hubel	2	der ewigen hubel Es werden || der ewigen hubel vnd von
schindunge	2	her die schindunge Alle dise || vnd die schindunge der stete
etheer	2	von dem etheer zu eyner || von dem etheer gegen der
gewurczet	2	leit do gewurczet Und do || vnd wart gewurczet myt wurczen
erhube	2	her mich erhube als irs || Und sich erhube ein groses
peinigten	2	sie sie peinigten vnd maurten || Und vns peinigten die vnd
drukten	2	sie sie drukten dester mer || mit sie drukten die Svnder
fleuset	2	die do fleuset mit milch || alle czeit fleuset mit blute
fleusset	2	die do fleusset von milch || die do fleusset mit milch
enhoren	2	dir noch enhoren die rede || gelouben noch enhoren deine stimme
czeichens	2	des ersten czeichens so gelouben || des andern czeichens Und ist
geschŏpfet	2	wer hat geschŏpfet den stvmmen || gemacht vnd geschŏpfet Gedenke der
ppherr	2	dicit Jeremia ppherr ჻ EXO || Yra has ppherr w e
gehŏrn	2	got an gehŏrn Und dise || sie mugen gehŏrn vnd vorchten
czeichn	2	der du czeichn tvn wirst || scharen vnd czeichn vnd vanen
spreu	2	in furbas spreu zu machen || euch gab spreu Und gegeisilt
musik	2	sie geen musik vnd dorumbe || Ir geet musik vnd dorvmme
Sprev	2	Also spricht Sprev gebe ł || vnd arbeitet Sprev gibt man
anstunden	2	der werk anstunden sprech e || dem werk anstunden alle tage
steineinen	2	als in steineinen Und es || mir eynen steineinen alter machest
geslug	2	die wasser geslug CAPITULUM UIII || do her geslug den k
crŏten	2	ende mit crŏten vnd quellen || das wasser crŏten die werden
czihn	2	sie werden czihn von dir || ous gericht czihn zu streite
geswolne	2	swern vnd geswolne blasen in || sweren vnd geswolne blasen an
strewte	2	hern Und strewte die in || puluer vnd strewte das in
nichtesnichte	2	das ir nichtesnichte wirt erscheinen || lege dorczu nichtesnichte noch mynner
vorwustende	2	der erden vorwustende alle dink || die vorderbnusse vorwustende alle seine
grousame	2	es wurden grousame vinsternuss in || als ein grousame vnreinikeit vnd
vorherte	2	vnser herre vorherte das hercze || armut nicht vorherte dein hercze
erscheinest	2	mir mer erscheinest so wirstu || steigest vnd erscheinest vor der
frvnde	2	von seinem frvnde vnd ein || von seinem frvnde oder von
erstgepurt	2	Und alle erstgepurt des vihes || hab alle erstgepurt in der
selbben	2	noch dem selbben siten sult || Und die selbben rigel machte
vngesaurtes	2	few̆er vnd vngesaurtes brot mit || ir essen vngesaurtes brot An
latich	2	mit wilden latich Nicht werdet || mit wildem latich sullen si
endlichn	2	sult essen endlichn Wenne es || vortilget dich endlichn Svnder vil
czeychen	2	in ein czeychen in ewern || ougen vnd czeychen vnd wunder
gesaurteigtes	2	ewern heusern gesaurteigtes welcher gesauerteigtes || erden Alles gesaurteigtes sult ir
gesauerteigtes	2	gesaurteigtes welcher gesauerteigtes isset des || nicht esset gesauerteigtes brot Heut
tvnket	2	gebundel ysops tvnket in das || dor ein tvnket her den
slahende	2	heuser in slahende di vnd || sein hant slahende mit der
osterlammes	2	dienst des osterlammes Ein yclicher || bleiben des osterlammes vleische das
vleischs	2	tragen seines vleischs her ous || wat seines vleischs mit der
entsleusset	2	die do entsleusset den bouch || das do entsleusset den bouch
gepotscheftet	2	also Und gepotscheftet wart dem || Und wart gepotscheftet das funden
furtest	2	vns ous furtest von Ist || vber sie furtest dise grose
gegrŏset	2	ist her gegrŏset das ros || ist her gegrŏset Das ros
oufsteiger	2	vnd den oufsteiger ł hat || vnd den oufsteiger hat her
pouken	2	hant ein pouken vnd ous || scherecht mit pouken den sank
cloub	2	volk vnd cloub alle tage || weingarten nicht cloub zu sammen
Tretet	2	aller samenunge Tretet vor vnsern || sprach zu Tretet her zu
nunge	2	der wuste nunge Und secht || wuste NUM nunge die do
vorvoulte	2	wurme vnd vorvoulte Und czornig || Und es vorvoulte ł nicht
corianders	2	der same corianders vnd sein || der same corianders in der
fulle	2	vnser herre fulle die vas || alters vol fulle vnd schepfe
getrincket	2	das volk getrincket Und tat || sie die getrincket ist das
siczest	2	volke worumb siczest du alleine || Wenne du siczest in deinem
czeigest	2	sprichet Und czeigest dem volke || volk vnd czeigest mir nicht
plicczen	2	hŏrn vnd plicczen begonden erschĭnen || als den plicczen mein swert
vnnuczlich	2	herren gotes vnnuczlich Wenne vnser || Uorczert wirt vnnuczlich ewer arbeit
heiligest	2	heiligen tack heiligest Sechs tage || du aber heiligest vnd gelobist
deube	2	Nicht tu deube Nicht sprich || der heilikeit deube etcetera a
vŏrchtet	2	volke Nicht vŏrchtet euch Wenne || wenne ir vŏrchtet das fewer
hebist	2	das du hebist dein messir || sie ouf hebist svnder den
koufest	2	XXI CAPITULUM koufest einen hebraischen || purger oder koufest von im
ŏre	2	im sein ŏre mit ei || im das ŏre in der
vorbreutet	2	seinem svne vorbreutet noch dem || noch nicht vorbreutet einem manne
buse	2	lebit der buse sol er || der leiste buse vber sein
heischet	2	von im heischet vnd die || von im heischet Eines svn
blabslak	2	vmb wunde blabslak vmb EXO || vmb EXO blabslak Ist das
hŏrnern	2	mit den hŏrnern stŏset einen || wenden vnd hŏrnern Vnd machte
fen	2	erwer DUS fen wer do || vorkou NOMIUS fen magstu sie
grebt	2	cistern oder grebt vnd bedecket || ein man grebt so wenne
crank	2	oder wirt crank oder sich || dein bruder crank wirt vnd
breutet	2	wer do breutet mit einem || mit ir breutet in der
vorblenden	2	wenne gabe vorblenden ouch die || wenne gabe vorblenden die ougen
ŏlgerten	2	in deinen ŏlgerten Sechs tage || opfel vnd ŏlgerten wachsen erde
coche	2	gotis Nicht coche das cziklein || gotis Nicht coche das czickel
fressende	2	wachsen dorinne fressende wilt Meclichen || die das fressende few̆er hat
halbeteil	2	nam das halbeteil des blutes || Das ander halbeteil gos her
sprengte	2	blut vnd sprengte das in || alter vnd sprengte das ouf
bedeckende	2	wonhaft vber bedeckende den mit || flugel vnd bedeckende die genaden
nebils	2	mitte des nebils vnd steig || vnd des nebils mit groser
thymiamischen	2	salben vnd thymiamischen puluer czu || zu houfgelegten thymiamischen puluers zu
stos	2	golde vnd stos die durch || blechen vnd stos die durch
gehemerte	2	czwen guldeine gehemerte cherubin zu || czwu silbereine gehemerte busovnen mit
rouchuas	2	vnd trinkuas rouchuas vnd giskopfe || svne ire rouchuas vnd taten
kŏpfe	2	seine stengel kŏpfe vnd ringel || werden vir kŏpfe in der
ringil	2	Und die ringil dorumb vnd || nvs vnd ringil an yclichem
schuret	2	man abe schuret vorlesche sullen || man ab schuret vorlesche von
vorlesche	2	abe schuret vorlesche sullen werden || ab schuret vorlesche von reinem
orlein	2	hangen Iacinctische orlein oder slinglein || gespanne Funfczig orlein oder slinglein
slinglein	2	orlein oder slinglein mache an || orlein oder slinglein sol eyn
slingel	2	ŏrl oder slingel an dem || oder die slingel so das
halbenteil	2	Uon des halbenteil bedecke ł || Von dem halbenteil die er
rotgeverbten	2	vbirdecke von rotgeverbten widers heuten || geczeldis von rotgeverbten widers heuten
vorgulden	2	tafeln saltu vorgulden vnd senke || seulen soltu vorgulden von sethimischem
XXUII	2	grunde erein XXUII Mache einen || etcetera Und XXUII vnser herre
tŏpfe	2	DUS ereine tŏpfe die die || vas ereine tŏpfe czangen vnd
geneet	2	hande varbe geneet gevogiltes werkis || der nadel geneet mancher hande
gevogiltes	2	varbe geneet gevogiltes werkis vier || mancher hande gevogiltes werk von
pflokke	2	wol sein pflokke als seine || seiten vnd pflokke in ewern
clares	2	brengen gar clares ŏl von || reines vnd clares das man
vbunge	2	Ewig wirt vbunge in ir || vber die vbunge der priesterschaft
gegrabnem	2	ordenunge mit gegrabnem werke noch || grabe mit gegrabnem werke den
hekil	2	Und mache hekil von golde || in die hekil die in
ketelin	2	vnd czwei ketelin von reinem || die selbin ketelin sleus in
eckecht	2	gebleichet Uier eckecht sol das || czwiualdig vir eckecht einer spannen
czeil	2	der ersten czeil sol sein || der ersten czeil was sardius
ligur	2	dritten der ligur vnd der || dritten der ligur vnd der
ametist	2	vnd der ametist In der || vnd der ametist In der
nidristen	2	gestalt der nidristen fugen das || aber die nidristen waren in
bendlein	2	mit iacinctischen bendlein so das || mit iacinctischen bendlein vnd wirt
keppil	2	werden ein keppil vnd sein || sevmel dem keppil vm vnd
pvnikisch	2	vnd ein pvnikisch apfel vnd || dornach ein pvnikisch apfel Und
pendlein	2	mit pfelleinen pendlein vnd houben || mit iacinctischen pendlein als vnser
rokke	2	mache leineine rokke vnd gurtel || an leineine rokke vnd gurte
geweihest	2	wenne du geweihest ire hende || du nv geweihest sie vnd
ousserhalb	2	mist vorbru ousserhalb den purgen || LEUITICUS brinnen ousserhalb des vorhanges
geslechst	2	du den geslechst so heb || du den geslechst so nim
laganisch	2	besprenget Und laganisch brot in || vnd ein laganisch vlecke vnd
anevenge	2	vnd die anevenge von den || Alles getreides anevenge die do
geweiht	2	dem Und geweiht sullen werden || sie sint geweiht Alles das
geweiten	2	bleibt des geweiten vleisches oder || oder der geweiten brot bis
sethimisschem	2	mache ous sethimisschem holcze vnd || geczeldis von sethimisschem holcze Czehen
vorstŏret	2	der wirt vorstŏret ous seinem || herre got vorstŏret vor deinen
gebrouche	2	seines ruches gebrouche der wirt || ander mensche gebrouche seines amptes
putil	2	schreien einen putil mit groser || giengen die putil durch die
erczurne	2	mein czorne erczurne wider sie || herren gotes erczurne wider dich
hertneckig	2	volk ist hertneckig vnd hertes || dicz volk hertneckig ist vnd
gepeutest	2	herren Du gepeutest also das || du im gepeutest der sterbe
czubrochen	2	du hast czubrochen Bis bereit || sint sie czubrochen vnd entrennet
steigest	2	zu hant steigest ouf den || du ouf steigest vnd erscheinest
geduldiger	2	vnd senftmutiger geduldiger vnd vil || sprechende Herre geduldiger vnd vil
legist	2	zu sammen legist fruntschaft die || du sichel legist an deine
tŏchtern	2	von iren tŏchtern deinen svnen || von den tŏchtern noch kein
humerale	2	cziren das humerale vnd das || dorvber das humerale twingende das
iacinctisch	2	heute vnd iacinctisch geverbte heute || bant ein iacinctisch pendil das
weihten	2	Alle williclychen weihten das vnserm || gote Und weihten in Und
new̆e	2	vinden ouch new̆e Nu machte || fulte wir new̆e Nu sint
geuerbet	2	rotem czwir geuerbet vnd mancher || rotem czwir geuerbet von pfelle
vmmehenge	2	Und funf vmmehenge fugte her || als alle vmmehenge des geczeldis
vmmehanges	2	sovme eines vmmehanges zu beiden || des andern vmmehanges gleycher weise
vberdecken	2	her eilf vberdecken von czigen || waren alle vberdecken der her
besvnderlich	2	zu sammen besvnderlich Und machte || tagis morgen besvnderlich Und hebt
nestilte	2	zu samen nestilte Und funfczig || das dach nestilte so das
vberhank	2	ein ander vberhank machte her || iacinct geverbten vberhank den vorhank
getefel	2	mitte der getefel von einem || Aber die getefel vorgulte her
gevogilter	2	von geneter gevogilter kvnst Und || mit geneter gevogilter kvnst als
vbirlegte	2	erein vnd vbirlegte sie mit || ouch selben vbirlegte mit silber
becleidte	2	halbe Und becleidte ł die || DUS geczeldis becleidte her mit
gehemertem	2	cherubin ous gehemertem golde die || leuchters von gehemertem golde also
vmmelegte	2	selben rigel vmmelegte er mit || hŏrner vnd̄ vmmelegte den mit
virunge	2	in seyner virunge zu yclicher || in seiner virunge vnd drei
hantreichunge	2	des few̆ers hantreichunge Und seinen || in seiner hantreichunge vnd gib
wachten	2	die aldo wachten in der || die do wachten in dem
sevmel	2	Und czwei sevmel die zu || vnd ein sevmel dem keppil
pendil	2	ein iacinctisch pendil das sie || an iacincteine pendil Wen ERI
hank	2	vor DUS hank die arche || vor EXO hank so das
dorvbir	2	die wolken dorvbir so bliben || des swerende dorvbir Und was
Leuiticus	2	genant ist Leuiticus vnd heist || der priesterschaft Leuiticus U nser
ingesneite	2	mit dem ingesneite vnd mit || vor das ingesneite in wasser
vngesowerte	2	besprenget vnd vngesowerte so zu || ŏle vnd vngesowerte vladen gesalbet
vngemeiligt	2	her opfert vngemeiligt sullen sie || lamp vnd vngemeiligt zu einem
Levitici	2	svnde IIII Levitici LEUIT ein || bis VI Levitici LEUITICUS zu
schepfe	2	vnd ł schepfe von dem || fulle vnd schepfe mit der
krichendes	2	welcherlei anders krichendes tir das || ruret ein krichendes oder ein
vornymet	2	vnd dornach vornymet sein vorlasenheit || vnd ouch vornymet Ist das
schŏpfe	2	priester Der schŏpfe do von || rouchvas vnd schŏpfe fewer von
reinigende	2	in vnd reinigende in das || hŏe vorwustet reinigende die ERI
loukent	2	herren vnd loukent seinem nehsten || vindet vnd loukent des swerende
reisset	2	etwas ous reisset oder im || holcze Czu reisset ire alter
yclichs	2	vorgeben ein yclichs das er || brot das yclichs hab czwen
svndende	2	das er svndende hat getan || alles vleisches svndende nv einem
semiln	2	teil der semiln sol essen || ł von semiln das man
heilichet	2	opfer der heilichet der priester || blech in heilichet als im
tenneine	2	Aber das tenneine vas in || abende Das tenneine vas welchis
kraczen	2	sol man kraczen vnd waschen || her vbir kraczen in wendig
beheldet	2	opfertir der beheldet sein hout || lone so beheldet es der
opfertyres	2	e des opfertyres der fridsamen || geusset des opfertyres ł blut
czimlich	2	ist es czimlich was aber || vnd sint czimlich zu essen;
vbirkerunge	2	meiligt der vbirkerunge der geheisse || von irr vbirkerunge vnd von
gemeiligte	2	das Die gemeiligte sele die || aber etliche gemeiligte vber die
leineinem	2	mit dem leineinem hemde vnd || vnd ous leineinem Snvrlein soltu
tvnkte	2	blute vnd tvnkte dor ein || ein so tvnkte her seinen
gereinigte	2	her den gereinigte vnd geheiligte || do her gereinigte den alter
scheiblecht	2	den alter scheiblecht vmme Die || sult nicht scheiblecht ewern schopf
enczvnte	2	die svnde enczvnte her ouf || das gancz enczvnte opfer vnd
opfertyr	2	Und das opfertyr zu hieb || waren die opfertyr vmme die
veisten	2	mit irem veisten vnd das || vnd die veisten euch behaldende
vorczerte	2	herren vnd vorczerte das gancz || mit flammen vorczerte her Und
mŏcht	2	sichst wie mŏcht ich sie || geachtet Wer mŏcht geczelen den
sprinczel	2	greifen di sprinczel den weihen || greifen den sprinczel den ixon
strousen	2	gestalt; den strousen die eule || geslechte den strousen DEUTRO die
calidrot	2	valken den calidrot noch seinem || raben den calidrot ycliche noch
widhopfen	2	geslechte; Den widhopfen die vledermaus || geslechte Den widhopfen vnd die
selbenlei	2	treit der selbenlei totes as || Numeri NUM selbenlei speise vnd
cisternen	2	vorwar vnd cisternen vnd allerlei || hast gepowet cisternen die du
geperenden	2	die der geperenden vrowen Ein || siten der geperenden dir cittern
entspreusset	2	vnd hout entspreusset eyn mancherhand || oder part entspreusset die ousseczikeit
gevrteilt	2	wirt das gevrteilt vnd ein || ist werde gevrteilt Und kvmen
vorsliessen	2	ir nicht vorsliessen wenne es || her sie vorsliessen siben tage
gevnreiniget	2	priesters vrteil gevnreiniget vnd vnder || Und hat gevnreiniget mein heiligtum
swerens	2	stat des swerens ein weise || schrvnde des swerens vnd der
tvnkil	2	die schrvnden tvnkil Und nicht || ousseczicheit ist tvnkil so vorsliesse
schrvnde	2	es eine schrvnde des swerens || Wenne ein schrvnde der brvnst
besehn	2	die ousseczikeit besehn sol sie || ir habt besehn die erde
weislecht	2	das gehere weislecht vnd cleiner || keinerlei vlecke weislecht oder rotlechte
meiligunge	2	stat der meiligunge gleich sein || stat der meiligunge v vnd
meilikeit	2	ist die meilikeit vnd das || wechset di meilikeit an der
glenczende	2	der vindet glenczende ein vorborgne || erschein ein glenczende ousseczikeit als
glenczenden	2	mail einer glenczenden varbe Und || vnd der glenczenden vlecke vnd
erhebit	2	varbe sich erhebit so vorvrteile || herre Worzu erhebit ir euch
czweiuel	2	yn; ane czweiuel ist her || sei das czweiuel wenne das
kalheit	2	in der kalheit Welcher dorumme || machet euch kalheit vber die
wulleins	2	purgen Ein wulleins gewant oder || des gewandes wulleins vnd leineins
leineins	2	oder ein leineins das do || wulleins vnd leineins des warfis
housratis	2	vnd alles housratis der velle || was ouch housratis dorinne ist
ousseczigen	2	recht des ousseczigen so man || purgen allen ousseczigen Und der
sperlinge	2	sich czwen sperlinge lebendinge die || her czwene sperlinge vnd cedrein
czimlichn	2	zu essen czimlichn sint vnd || das do czimlichn ist zu
tenneinen	2	in einem tenneinen vasse ouf || in einem tenneinen vasse ouf
sperlinges	2	des toten sperlinges blute vnd || des getŏtten sperlinges Und in
linke	2	in sein linke hant vnd || in seine linke hant dor
rechticlich	2	mensch wirt rechticlich gereiniget Und || dem nach rechticlich das recht
eusriste	2	ouf das eusriste teil seines || an das eusriste teil des
enczvntem	2	zu gancz enczvntem opfer mit || zu gancz enczvntem opfer Und
platern	2	schisenden - platern vnd der || hat oder platern oder den
veuchte	2	die vngeneme veuchte Alle sein || ir die veuchte oben vnd
flusse	2	von dem flusse seines samens || in dem flusse des blutes
abscheiden	2	man die abscheiden Ein yclicher || hat heissen abscheiden vnd die
blutflusses	2	czeit des blutflusses vnreine wirt || czeit des blutflusses wirt ab
vliessen	2	ouf czu vliessen also lange || hŏret zu vliessen so czele
lasende	2	des geczeuknusse lasende ouf sie || geczogen waren lasende die stete
Welchis	2	die svnde Welchis los aber || diser erden Welchis ist der
weschet	2	aldo vnd weschet sein vleisch || er nicht weschet sein gewant
vorbruet	2	welcher si vorbruet der wasche || mit fewer vorbruet vnd ire
rastunge	2	tag der rastunge ist es || erden veier rastunge vnsers herren
schuldig;	2	wirt er schuldig; Recht als || ist sie schuldig; volfuren schol
vridsame	2	sie toten vridsame opfertir dem || toten wirftu vridsame opfertir vnd
housvrowen;	2	deines svnes housvrowen; nicht decke || zu einer housvrowen; hin zu
vormische	2	einem knechte vormische dich nicht || vich noch vormische sich mit
povman	2	als der povman der do || als ein povman sol her
sneidest	2	Wenne du sneidest die sat || Wenne du sneidest die sat
sneide	2	erden nicht sneide das gar || zu hant sneide ir abe
vorsernusse	2	k kein vorsernusse svnder vŏrchte || zu einer vorsernusse zu ew̆er
frvnt	2	purger Deinen frvnt hab liep || hat seinen frvnt vnd ermort
vormischen	2	lasen sich vormischen mit tiren || sol her vormischen das geslechte
czoubern	2	in vogiln czoubern noch in\u0020trovme || vnd vogil czoubern Das icht
preutet	2	einem schaf preutet des todis || Wer do preutet mit seines
vnczimlich	2	bruders ein vnczimlich dink habn || housvrowe nymet vnczimlich dink tut
svnde;	2	beide ire svnde; an kinder || vor die svnde; Opfer tir
vnmenschet	2	Und vor vnmenschet hab ich || herre vor vnmenschet den der
pŏze	2	noch kein pŏze zu hurheit || euch das pŏze dunket so
tritet	2	do zu tritet zu den || dienen zu tritet sol sterben
gehei	2	die do gehei ligt sint || hat werden gehei ligt vnserm
mitlink	2	vnd der mitlink essen nicht || als ein mitlink vnd als
geslagne	2	oder abe geslagne glider habn || czeichen Welche geslagne sie an
gesneidet	2	irr ab gesneidet die sat || sie abe gesneidet sult ir
ganczenczuntis	2	sult opfern ganczenczuntis opfer vnserm || weirouch vnd ganczenczuntis opfer ouf
nevnden	2	Uon dem nevnden tage des || An dem nevnden tage der
frŭchte	2	gesamment alle frŭchte ewerr erden || erde ir frŭchte der ir
gelubdis	2	geczelde des gelubdis Und seczen || geczelt des gelubdis vor das
czenden	2	hab czwen czenden vnd lege || in iren czenden noch was
erwurfen	2	purgen vnd erwurfen in mit || gefurt do erwurfen sie in
powleute	2	vnd meine powleute Dorvmme alles || gar starke powleute hat es
besiczer	2	dem ersten besiczer Welcher do || besasen ire besiczer Und karten
lŏset	2	vormag er lŏset sich Achtende || ist vnd lŏset vnser selen
rechnunge	2	iare vnd rechnunge des dienstes || hab her rechnunge mit im
Uallen	2	czehen tousent Uallen werden ewer || das swert Uallen werden sie
irresal	2	zu einem irresal furet mein || vnd in irresal betrogen betest
widerwerticlichen	2	Und ouch widerwerticlichen wil ich || habn gewandert widerwerticlichen mir Vnd
veiertagen	2	in den veiertagen irr wustenunge || in allen veiertagen zu einem
vligenden	2	rousch eines vligenden blatis vnd || gleichnusse eines vligenden adilares mit
leidende	2	heiligen tagen leidende wustenunge durch || seist steticlich leidende gewalt vnd
geloset	2	mag nicht geloset werden von || es nicht geloset Das sint
lŏsen	2	aber wŏlle lŏsen seinen czehenden || nicht heissen lŏsen wenne geheiligt
edilsten	2	sint die edilsten fursten der || tochter des edilsten fursten von
besvnderlichen	2	yclicher houbt besvnderlichen alles das || yclicher ein besvnderlichen ł IOSUE
cz	2	geslechte von cz czweinczig iaren || turkiltouben oder cz czwei touben
diensten	2	in seinen diensten vnd in || in den diensten seines geczeldis
czig	2	Nui NUM czig tousent vier || siben ERI czig scot an
leczsten	2	an dem leczsten sullen sie || den aller leczsten purgen sint
hantreichen	2	sie ym hantreichen vnd wachen || vnser herre hantreichen wirt her
Czele	2	in sprechende Czele die kinder || sprach zu Czele die erstgeporn
erstgepurden	2	von den erstgepurden funf scot || Uon deinen erstgepurden die do
heiligtumes;	2	mase des heiligtumes; ein - || gewichte des heiligtumes; C Czwelf
vorwindeln	2	sullen sie vorwindeln mit einer || sullen den vorwindeln in eine
׀	2	heilicheit sei ׀ e sie || deine bruste ׀ vnd geswellende
heissende	2	des dienstes; heissende vnd seine || der erden heissende das vnser
geczeuknŭsse	2	gelubdes des geczeuknŭsse Das sint || das die geczeuknŭsse vnd die
ebrechens	2	opfer des ebrechens Opfern sol || man des ebrechens schuldig so
geswellende	2	׀ vnd geswellende deinen bouch || dein bouch geswellende vorvoule deine
hassunge	2	e der hassunge Und ist || geiste der hassunge furet sie
vladen	2	vnd vngesowerte vladen gesalbet mit || einen oster vladen vnd gebe
tŭ	2	hat also tŭ her zu || Und nv tŭ das dein
volkvmenheit	2	zu der volkvmenheit seiner heiligunge || her Dein volkvmenheit vnd dein
gekresmet	2	als her gekresmet wart Und || do her gekresmet ist Und
besunderlichen	2	fursten an besunderlichen tagen sullen || y einen besunderlichen von -
seczest	2	Wenne du seczest die siben || einen stein seczest dein nest
capitulum	2	vber ix capitulum ix Numeri || etcetera ix capitulum Und IX
heilikeiten	2	alle seinen heilikeiten vnd seynen || noch iren heilikeiten vnd irn
gerechtikeiten	2	vnd seynen gerechtikeiten Und gepot || vnd irn gerechtikeiten Das selbe
inlendigen	2	als dem inlendigen An dem || wol den inlendigen als den
vorlase	2	sprach her vorlase vns wenne || herren gote vorlase alhie die
entspros	2	I des entspros ein murmeln || das do entspros gegen vnd
Besammen	2	sprach zu Besammen mir sibenczig || es vorpruen Besammen wil ich
weissagten	2	in do weissagten sie noch || do sie weissagten in den
erreiczet	2	herren wart erreiczet in das || wider vns erreiczet werde ist
brengt	2	euch vnd brengt vns von || gesehen das brengt zu mir
murmelten	2	nacht vnd murmelten wider vnd || andern tagis murmelten alle menige
bekvmet	2	nicht wol bekvmet Nicht czihet || vnd vnd bekvmet v vncz
iagten	2	vnd vallende iagten sie sie || die veinde iagten sie von
hochczeiten	2	in ewern hochczeiten enczundende suzen || in ewern hochczeiten an di
yclichn	2	opfertir zu yclichn lemmern Und || hyn zu yclichn kelbern ein
friedsame	2	gelubde oder friedsame opfertir so || opfer vnd friedsame opfer vnd
vorgessenheit	2	volkis von vorgessenheit V Vnd || wirt kein vorgessenheit ous dem
sevme	2	in machen sevme durch di || an di sevme durch die
ousgefurt	2	du vns ousgefurt hast von || hat in ousgefurt von des
vorgeenden	2	geschrei der vorgeenden sprechende Das || noch den vorgeenden Und czwischen
gestreusse	2	sich ein gestreusse erhub vnd || in dem gestreusse Und wider
gegiengen	2	in das gegiengen do bedakt || do sie gegiengen vnd mit
pressen	2	von den pressen vnd aller || von den pressen hett gegeben
sprengwasser	2	in ein sprengwasser Wenne vmme || gereiniget mit sprengwasser an dem
gesetit	2	das sie gesetit werden vnd || vnd werdet gesetit Und reden
mŭge	2	dem steine mŭge wir euch || gesehen vnd mŭge geleben Du
vngeloubig	2	das er vngeloubig ist gewesen || czihen svnder vngeloubig zu der
chananeer	2	hette der chananeer der kvnig || Und der chananeer horte den
fewereine	2	das volk fewereine natern Uon || hant die fewereine e liep
mvde	2	bis zu mvde sint sie || die do mvde sasen erslug
lantschaft	2	besasen sein lantschaft et cetera || deiner erden lantschaft NOMIUS teile
ousgeczogen	2	sprechen Sich ousgeczogen ist das || du bist ousgeczogen do man
siczenden	2	der erden siczenden wider mich || irs ouf siczenden vnd her
vorhette	2	wenne her vorhette gesant Und || als her vorhette getan in
bloses	2	habende ein bloses swert in || haldende ein bloses swert Und
hende;	2	in der hende; Und her || willekur deiner hende; das wirstu
anpette	2	Und her anpette neigende ouf || erde vnd anpette vnd sprach
vorbanne	2	her vnd vorbanne NUM Wie || was vornunft vorbanne ich den
ersteet	2	das volk ersteet alls ein || gar endlich ersteet in euch
veuchten	2	als die veuchten gerten bei || czu durch veuchten svnder pergecht
vorgesaczt	2	deine stat vorgesaczt hatte ich || den ich vorgesaczt habe in
groslich	2	dich mir groslich zu eren || denne wie groslich enpfecht sein
boses	2	gutes oder boses vorbrenge ous || was her boses hat gedroet
sterklichen	2	v wirt sterklichen tvn Uon || sie iagende sterklichen Und sach
gelgen	2	sie an gelgen gegen der || von den gelgen Die namen
madianitischen	2	zu einer madianitischen huren das || sprechende Die madianitischen veinde sullen
garczal	2	ist die garczal die geczalt || ouf die garczal der die
vorheissen	2	sie hat vorheissen vnd gelobt || in hab vorheissen vnd ich
gleicheit	2	teile in gleicheit den roup || durch die gleicheit deines herczens
vorkeret	2	alhie Worumme vorkeret ir die || goten so vorkeret her sich
vorkarten	2	reich do vorkarten sie die || meon vnd vorkarten ire namen
kvnicreich	2	svnes das kvnicreich des kvnigs || Und das kvnicreich des kvnigs
negil	2	als die negil in den || besneide ire negil vnd lege
gesteige	2	vber das gesteige der scorpionen || gegen dem gesteige vber gegen
magschefte	2	noch irr magschefte czal vnd || durch seine magschefte vnd ir
vorheuser	2	vnd haben vorheuser iren schafen || der selben vorheuser gegeben wurden
beschirmvnge	2	sein zu beschirmvnge den vluchtigen || die zu beschirmvnge den vluchtigen
manslechtigen	2	sol den manslechtigen tŏten zu || des vluchtigen manslechtigen des leben
manslechtige	2	wonungen Der manslechtige vnder geczeugen || keren der manslechtige vnd sol
preuten	2	gepoten vnd preuten vnd vnd || sol nicht preuten einem andern
Deutronomius	2	das buch Deutronomius das do || genant ist Deutronomius Und do
libanischen	2	vnd des libanischen pergis vncz || vnd den libanischen perck Und
quemet	2	bis ir quemet an dise || do her quemet an dise
vleissiclichen	2	Dorvmme sehet vleissiclichen das ir || sorgiclichen vnd vleissiclichen Der sache
stappen	2	einen fuz stappen wenne zu || seine fuz stappen im noch
wuftenunge	2	zu der wuftenunge Und vnser || gegen der wuftenunge Und woste
vorterbende	2	kvnige von vorterbende alle stete || vnder sich vorterbende alle leute
vmmeligenden	2	vnd ir vmmeligenden creisse vncz || alle ire vmmeligenden stete Und
creftige	2	gepent vnd creftige in vnd || vnd sein creftige hant vnd
vorterbt	2	Wie her vorterbt hat alle || ir habt vorterbt Und das
vorsecze	2	ich heute vorsecze vor deinen || gesprochen Secht vorsecze ich heute
vorgis	2	sele Nicht vorgis der wort || vnd nicht vorgis wie du
enynkel	2	Und deine enynkel den tag || geperet vnd enynkel vnd werdet
geuellen	2	zu den geuellen des pergis || czu den geuellen des pergis
vinsternŭsse	2	im waren vinsternŭsse vnd wolken || mitte der vinsternŭsse vnd sahet
anpetest	2	du sie anpetest vnd vor || die vnd anpetest sie Sich
vorczerendes	2	got ein vorczerendes fewer ist || vnd ein vorczerendes der sie
holczern	2	sint gemachet holczern vnd steinen || fremden gŏten holczern vnd steinen
vorchtlichen	2	armen vnd vorchtlichen gesichten noch || ersamen vnd vorchtlichen namen das
rŭ	2	das ist rŭ deines herren || dein knecht rŭ vnd dein
behieldest	2	das du behieldest den veier || ob du behieldest sein gepot
schreibe	2	ougen vnd schreibe die ouf || vnreinlichkeit so schreibe her ir
gefŭret	2	dich ein gefŭret dein herre || dich ein gefŭret dein herre
olgerten	2	weingerten vnd olgerten die du || weingerten vnd olgerten die ir
groserr	2	geslechte vil groserr czal wenne || gesegende dir; groserr czal machet
behutende	2	getrewer vnd behutende fride vnd || gegenwortigen tak behutende das gepot
vorchtlicher	2	got vnd vorchtlicher der wirt || wustenunge vnd vorchtlicher in der
growe	2	Wenne ein growe ist es || ist ein growe beides bei
vorvnmenschet	2	vormeiligunge vnd vorvnmenschet soltu das || alle dise vorvnmenschet vnser herre
vorsage	2	yczunt ł vorsage ich dir || dienest in vorsage ich dir
knvtschet	2	sie zu knvtschet vnd vortilget || wirst zu knvtschet Gebe dich
gedroet	2	hette DEUTRO gedroet Und betende || boses hat gedroet Uncz bis
vorhout	2	dorvmme die vorhout der schame || spicze der vorhout Aber das
vorchtsamer	2	mechtiger vnd vorchtsamer der die || ist ein vorchtsamer mensch vnd
anhengen	2	Im soltu anhengen vnd sweren || sult ir anhengen Aber der
steest	2	dich vnd steest vf schreib || der du steest ist heilig
anhenget	2	der himel anhenget der erden || sie svnder anhenget ewerm herren
hevte	2	ich euch hevte gepite; Den || ich dir hevte das du
enwisset	2	ir nicht enwisset Uorware ł || ir nicht enwisset suche sorgiclichen
vreier	2	vnd von vreier willekure opfern || got opfer vreier willekur deiner
vorlasest	2	du icht vorlasest den NOMIUS || in icht vorlasest wenne er
erweitet	2	herre gote erweitet deine creisse || herre got erweitet deine creisse
weinpresse	2	von deiner weinpresse in den || von der weinpresse deine fruchte
gesowerteigtes	2	dor an gesowerteigtes brot Siben || sol erscheinen gesowerteigtes in allen
kvmene	2	der new kvmene vnd der || der new̆ kvmene vnd der
waise	2	vnd der waise vnd die || vnd der waise vnd die
pŏse	2	oufheben das pŏse ous der || ouf das pŏse von deiner
vodrist	2	vberhaben Czu vodrist wenne ewer || vnd zu vodrist wenne vnser
gepuret	2	noch steunge gepuret Wenne du || von rechte gepuret geen sol
vorderpnusse	2	von der vorderpnusse Und die || in die vorderpnusse nahent gar
gehessigen	2	vorgeseczen der gehessigen svn Svnder || svn der gehessigen sol her
iuncvrowlichkeit	2	czeichen irr iuncvrowlichkeit zu den || czeichen der iuncvrowlichkeit meiner tochter
buchil	2	ir das buchil der vortreibunge || ir das buchil der vortreibunge
vortreibunge	2	buchil der vortreibunge vnd gebe || buchil der vortreibunge vnd lest
czogt	2	do ir czogt von Wenne || Und ir czogt vber den
lisest	2	die frucht lisest deiner olpovm || das du lisest deinen weingarten
vngerechtikeit	2	vrteilen der vngerechtikeit Ist aber || hasset alle vngerechtikeit Gedenke was
leset	2	vnd NOMIUS leset ir hant || dir nicht leset her noch
geczeuhest	2	du ein geczeuhest in die || wenne du geczeuhest vber den
cistel	2	ein czeineine cistel vnd czeuch || priester die cistel ous deiner
erfullest	2	Wenne du erfullest den czehenden || sie vnd erfullest sie von
geschreiben	2	dor an geschreiben alle wort || das sie geschreiben Teilet euch
vngepolirten	2	steinen vnd vngepolirten vnd NOMIUS || e von vngepolirten steinen die
schevne	2	Gesegent dein schevne vnd gesegent || wirt dein schevne vnd vor
vlussiclich	2	vorchten Ubir vlussiclich habende wirt || Und vber vlussiclich habende wirt
czeret	2	dich vor czeret von der || Uor NOMIUS czeret werden sie
vordrucket	2	wirst du vordrucket noch en || der dich vordrucket dein v
kvmmer	2	in allem kvmmer vnd wirt || in dem kvmmer in dem
vorwustenunge	2	vnd in vorwustenunge in der || vnd der vorwustenunge mit der
hangende	2	recht als hangende vor dir || sie bliben hangende vncz bis
gepetit	2	haben an gepetit das leicht || sie an gepetit der sie
vorleset	2	vnd er vorleset dich nicht || her noch vorleset dich N
vorpergen	2	wil ich vorpergen vor im || aber wil vorpergen mich vnd
gesterbe	2	so ich gesterbe Besamment zu || grose priester gesterbe der do
gepetet	2	haben an gepetet ire veter || sie an gepetet Schire vnd
gepitet	2	ir die gepitet ewern kindern || purge vnd gepitet dem volke
gerechtisten	2	Bei dem gerechtisten wirt der || got der gerechtisten Der ouf
sudnischen	2	zu dem sudnischen teile Und || von dem sudnischen teile der
creftig	2	vnd bis creftig wenne du || vnd bis creftig Nicht erschrik
vorpark	2	man vnd vorpark sie vnd || das sie vorpark die poten
vlusses	2	vber seines vlusses vnd die || mitte des vlusses des do
vlussen	2	der wustnunge vlussen sie das || stram vnd vlussen als sie
eingank	2	vorchtende den eingank Czu den || den selben eingank der stat
Schreiet	2	euch spreche Schreiet vnd wuchczet || IOSUE allem Schreiet wenne vnser
eisereiner	2	v vnd eisereiner dem herre || W­ Wenne eisereiner wegen gebrouchen
czunten	2	was an czunten sie an || sie vnd czunten sie an
westnische	2	menige das westnische teile der || vnd das westnische teil vnd
kvnik	2	lebendink den kvnik der stat || der Der kvnik von der
gesteiges	2	wek des gesteiges vnd slug || enkegen des gesteiges gen von
vorderpnus	2	in die vorderpnus Und von || in die vorderpnus sie alle
vmligende	2	alle ir vmligende stete slug || in alle vmligende heiden vnd
aseroth	2	veldis vnd aseroth mit iren || velden zu aseroth vnd in
gepirgen	2	in den gepirgen vnd in || von den gepirgen vnd vnd
asedoth	2	der gegint asedoth vncz bis || talis vnd asedoth vnd alle
bleiblingen	2	von den bleiblingen der do || von den bleiblingen Und sie
ei­ner	2	kvnic von ei­ner Der kvnic || kvnic von ei­ner Der kvnic
geginten	2	vnd ire geginten Und das || ire ł geginten in das
czeuht	2	zu vnd czeuht zu der || der bach czeuht es durch
czinshaft	2	disen tak czinshaft nd XUII || in sie czinshaft noch vorterbten
beschreiben	2	erde vnd beschreiben sie noch || czugen zu beschreiben die erde
beschreibet	2	siben teil beschreibet Und do || erde vnd beschreibet sie Und
ousgenge	2	Und sein ousgenge sint gegen || Und sein ousgenge sint das
gradis	2	des nydristen gradis Und den || des nydristen gradis durch ire
stiftende	2	herren got stiftende einen alter || nicht enczihet stiftende einen alter
sandunge	2	fursten der sandunge Der starcke || fursten der sandunge die do
vorkeuset	1	er die vorkeuset Sein arbeit
sp	1	Wenne also sp spricht dein
stew̆er	1	Deiner gnaden stew̆er Des heiligen
durchfeuchte	1	mein sinne durchfeuchte Und mein
erleuchte	1	mein sele erleuchte Und mir
mvze	1	Das ich mvze czu aller
abenttewer	1	diser lieben abenttewer Dem vromen
beuget	1	deinen dienst beuget Vnd manch
czeuget	1	gut testament czeuget Vnd meret
loze	1	allen cziten loze Recht als
vollekumenheit	1	Sterck vnd vollekumenheit Das sie
nota bene	1	ersterbe = nota bene PROLOGUS Bis
czuchticlich	1	si muze czuchticlich furen in
geseczet	1	vns han geseczet vor Aufsliessen
Aufsliessen	1	geseczet vor Aufsliessen deiner schrifte
vorsperret	1	manchem noch vorsperret sein So
vorirret	1	betoubet vnd vorirret Und von
stramen	1	heiligen minne stramen Hilffe das
muzzent	1	ioch also muzzent tragen Das
vaters­	1	reich des vaters­ mein Das
meitlich	1	tagen Cristum meitlich hat getragen
lasent	1	sich intrewen lasent vinden Und
hŏrent	1	sie gerne hŏrent lesen Oder
vorlegen	1	ich Hie vorlegen fruntlich Der
v­	1	deutsche czunge v­ vnd sprache
prologo	1	in disen prologo Wenne wer
schreibet	1	als vns schreibet da Der
trencken	1	mit vreuden trencken DIses buches
ertrenckte	1	Bei gar ertrenckte Und den
schenckte	1	Und den schenckte Swebil vnd
Ertrenkte	1	mere czu Ertrenkte vnd alle
vbirmut	1	In irem vbirmut ł vnd
ný	1	diener kein ný kein leit
Svn¬	1	kein leit Svn¬ der alle
Gespracht	1	gegenwurticheit getrost Gespracht mit in
suʒen	1	vnd ir suʒen wort Der
durchluchtigisten	1	Und der durchluchtigisten sein Den
schepfunge	1	buche der schepfunge mit sulchen
creauit	1	IN principio creauit worten deus
etterram	1	deus celum etterram Terra autem
vacua	1	inanis et vacua et tenebre
abyssi	1	super faciem abyssi etspiritus domini
etspiritus	1	faciem abyssi etspiritus domini ferebatur
ferebatur	1	etspiritus domini ferebatur sup aquas
sup	1	domini ferebatur sup aquas Dixit
aquas	1	ferebatur sup aquas Dixit quoque
quod esset bona	1	vidit lucem quod esset bona = =
vnnucz̆	1	was aber vnnucz̆ vnd lere
nan­te	1	Und got nan­te das firmament
ŏpfeltragendes	1	Und ein ŏpfeltragendes holcz vnd
furbrachte	1	allso Und furbrachte die erde
yecliches	1	samen ein yecliches noch seinem
in czeichen	1	vnd sint in czeichen vnd in
in tag	1	czeit vnd in tag vnd in
erleuchten	1	firmament vnd erleuchten die erde
furbrengen	1	sprach got furbrengen die wasser
waluische	1	grose GENESIS waluische vnd alle
furbrachten	1	die do furbrachten die wasser
furbrenge	1	got sprach furbrenge die erde
bilde;	1	czu seinem bilde; czu gotes
vnderwerft	1	GENESIS vnd vnderwerft sie vnd
brengent	1	die do brengent samen vf
Uolkvmen	1	II CAPITULUM Uolkvmen sint dorumbe
czirlichkeit	1	alle ir czirlichkeit Und got
volente	1	Und got volente des sibenden
geschepnusse	1	sint die geschepnusse himels und
entsprengte	1	der erden entsprengte wenne got
gereggent	1	dennoch nicht gereggent hette auf
ergiessende	1	der erden ergiessende vber alle
bilte	1	erden Nu bilte dorumbe got
blize	1	erden vnd blize im in
Gepflanczet	1	lebendige sele Gepflanczet hett aber
erfuchten	1	der czu erfuchten das Das
bedellium	1	GENESIS man bedellium den edeln
onichiun	1	edeln stein onichiun Vnd der
vmbfluzzet	1	das do vmbfluzzet alle die
mensschen	1	herre den mensschen vnd satste
satste	1	mensschen vnd satste in in
benante	1	name Und benante alle tyr
mennynne	1	geheissen ein mennynne wenne sie
arglistiger	1	die was arglistiger allen tyren
worvmbe	1	dem weibe worvmbe hat euch
zde	1	das W zde toho GENESIS
anruren	1	das nicht anruren das wir
gelustig	1	czu sehen gelustig vnd nam
nakkent	1	das si nakkent waren do
bvnden	1	waren do bvnden sie czusammen
czusammen	1	bvnden sie czusammen von feigbovm
feigbovm	1	czusammen von feigbovm laup vnd
qwesten	1	in do qwesten Und do
Vorfluchet	1	hast getan Vorfluchet wirstu sein
sl=	1	brust wirstu sl= slingen vnd
knullen	1	wirt czu knullen dein houbt
Dŏrner	1	deines lebens Dŏrner vnd disteln
wierst	1	tragen vnd wierst essen die
sweisse	1	In dem sweisse deines antlitczes
antlitczes	1	sweisse deines antlitczes wirstu essen
rŏkke	1	aus heuten rŏkke vnd tat
kunnende	1	aus vns kunnende gutes vnd
stiesse	1	Und aus stiesse in got
fewrin	1	vnd ein fewrin swert vnd
reutling	1	vnd einen reutling des weges
schafhirte	1	ein s schafhirte vnd ein
fr	1	von den fr fruchten der
veistesten	1	von iren veistesten Und vnser
vorwandelte	1	sein antlicze vorwandelte sich Und
czornige	1	Worumb bistu czornige Und worumb
vorvellet	1	Und worumb vorvellet dein antlicze
nymestu	1	tust das nymestu Ist das
weiss	1	antworte Ich weiss nicht herre
hirtman	1	meines bruders hirtman Und her
vfgetan	1	die do vfgetan hat iren
Uorfluchtig	1	nicht geben Uorfluchtig vnd irre
vordiene	1	ich rewe vordiene Sich heute
enpfinc	1	wip di enpfinc vnd gebar
Sibenueldige	1	meinem swerte Sibenueldige rache wirt
czigstunt	1	siben GENESIS czigstunt sibenstunt Und
geberunge	1	buch der geberunge in dem
geberte	1	iar vnd geberte einen svn
fvne	1	vnd geperte fvne vnd tochter
achczick	1	czwei vnd achczick iare vnd
gerperte	1	alt do gerperte er vnd
iaphet	1	er vnd iaphet UI CAPITULUM
vorrmerten	1	werlde die vorrmerten man Aber
bŏsten	1	zu dem bŏsten alle czeit
zukvnft	1	in die zukvnft vnd wart
erden;	1	antlicze der erden; von dem
volkvmner	1	vnd ein volkvmner man in
vormeiliget	1	gesehen das vormeiliget was die
wonunglein	1	gefugen hŏlczern wonunglein mache in
innewendick	1	smier sie innewendick vnd auswendig
auswendig	1	innewendick vnd auswendig Und allso
Dreihundert	1	mache sie Dreihundert dovmelen sol
wert;	1	seiten hinder wert; Muzheuser vnd
Muzheuser	1	hinder wert; Muzheuser vnd drilch
gekamerte	1	vnd drilch gekamerte heuser mache
zufuren	1	ich wil zufuren di wasser
archen;	1	in die archen; du vnd
y̆ngeen	1	yeclichem sulln y̆ngeen mit dir
wil ich	1	siben tage wil ich reggen auf
gevŏggeln	1	aus allen gevŏggeln vnd aus
sibenczenden	1	an dem sibenczenden tage des
vorborgene	1	vnd alle vorborgene schawer wasser
yeclichs	1	Und ein yeclichs vligendes noch
vligendes	1	ein yeclichs vligendes noch seinem
si und er	1	eyngangen Sie si und er aus allem
virczick	1	ein flute virczick tage vnd
hŏher	1	das wasser hŏher vber die
gevŏgils	1	erden Des gevŏgils der tir
behielden	1	di wasser behielden die erde
intruckenten	1	die wasser intruckenten vf der
geraste	1	ir fuze geraste do karte
vienck	1	hant vnd vienck sie vnd
sibentag	1	dornach anderr sibentag vnd liesse
ei¬	1	abent tragende ei¬ nen holczweig
holczweig	1	ei¬ nen holczweig mit grunen
vorname	1	Do von vorname das auf
getruckent	1	des menedis getruckent was die
vorrfluche	1	nichte nicht vorrfluche ich furbas
bŏzem	1	herczens zu bŏzem geneiget sint
sneidens	1	sehens vnd sneidens kelde vnd
reget	1	das sich reget vnd lebt
brvders	1	vnd seines brvders wil ich
vŏgeln	1	wol in vŏgeln als in
reisende	1	flut zu reisende die erde
vberczihe	1	wenne ich vberczihe mit IX
cap	1	mit IX cap ̄ GENE
̄	1	IX cap ̄ GENE wolken
Uorflucht	1	sprache her Uorflucht sei das
grŏsseren	1	bruder des grŏsseren Dicz sint
geslechtwn	1	in iren geslechtwn Dicz ist
flūte	1	noch der flūte CAPITULUM XI
Absteig	1	alle erden Absteig aber vnser
bauten	1	den do bauten die kinder
enlasen	1	angehaben noch enlasen nicht von
strew̆te	1	danne zu strew̆te sie vnser
dreissic	1	er geperte dreissic vnd virhundert
achtczehn	1	hundert vnd achtczehn iare vnd
hausvrov	1	der name hausvrov was Und
melcha	1	vaters vnd melcha vnd des
grŏsen	1	vnd wil grŏsen deinen namen
aufganck	1	der svnnen aufganck vnd stifte
gestweise	1	were aldo gestweise wenne der
hausvrow̆	1	vnd sein hausvrow̆ vnd alles
feuchtet	1	gar durch feuchtet wart e
ýeclicher	1	ein ander ýeclicher von seinem
gegnŏten	1	in den gegnŏten bei dem
Dorūmbe	1	sie geben Dorūmbe bewegte sein
leimbrvnne	1	hette vil leimbrvnne Und also
amorrers	1	tal des amorrers vnd bruder
Slahunge	1	von der Slahunge Vnd der
geschep	1	do hat geschep ESIS fet
fet	1	geschep ESIS fet himel vnd
besitczer	1	der ein besitczer ist des
schaffers	1	meines houses schaffers svn ist
turckel	1	sei ein turckel touben vnd
vŏgil	1	Aber die vŏgil teilte er
vorvleugte	1	as vnd vorvleugte sie vnd
vndergieng	1	die svnne vndergieng do vil
vndergienge	1	ein vinstere vndergienge yn vnd
vorenlenden	1	samen sich vorenlenden wirt in
vnderwerfen	1	zu dienste vnderwerfen vnd wirt
vsczihen	1	werden sie vsczihen mit grosem
rauchender	1	erscheine ein rauchender bakouen Und
teilungen	1	czwisschen den teilungen An dem
Saray	1	I CAPITULUM Saray do von
eýn	1	gepern Gee eýn czu meiner
vorsmehnusse	1	mich in vorsmehnusse Richte got
gebruche	1	deiner hant gebruche ir als
kvmestu	1	mait wanne kvmestu oder wo
demutige	1	SIS vnd demutige dich vnder
vormenige	1	geczalt werden vormenige Und sprach
betrubnusse	1	hat dein betrubnusse Dieser wirt
grymmiger	1	wirt ein grymmiger mensche sein
Sechsvndnevnczig	1	seinen namen Sechsvndnevnczig iar alt
grŏslich	1	dich wachsende grŏslich vnd wil
pilgereinunge	1	erden deiner pilgereinunge alle die
dor̆umbe	1	Vnd du dor̆umbe wirst behuten
entspreissen	1	volkes werden entspreissen vz im
wenestu	1	seynem herczen wenestu das dem
nevnczic	1	geborn vnd nevnczic iar alt
vorschame	1	vleisch irr vorschame Czu hant
funden habe	1	ich genade funden habe in deinen
furgee	1	ougen nicht furgee deinen diener
fūrbas	1	dornach geet fūrbas Wenne worumbe
geczeltes	1	tur des geczeltes wenne sie
vnmugliche	1	ichtes icht vnmugliche Noch dem
loukente	1	svn Nu loukente = vnd
beleitende	1	mit in beleitende sie Und
zufure	1	so das zufure der herre
tŏtest	1	das du tŏtest den gerechten
vngerechte	1	als der vngerechte Das ist
vrteilet	1	der do vrteilet alle werlt
funfer	1	Ist das funfer mynner sint
vnmut	1	Nicht habe vnmut sprach er
dreisick	1	do vinde dreisick Wenne zu
czurnest	1	du nichte czurnest ob ich
tustv	1	spreche Was tustv denne ob
osterspeise	1	kochte in osterspeise vnd sie
vmblegten	1	stat vnd vmblegten das hous
Herous	1	sie erkennen Herous gieng zu
gebruchet	1	euch vnd gebruchet der wie
Eyngegangen	1	sprachen sie Eyngegangen bistu als
oussen	1	die dort oussen waren slugen
eidemen	1	zu seinen eidemen die do
Steet	1	vnd sprach Steet ouf vnd
vorsahen	1	vnd sie vorsahen sich des
schimpfte	1	als er schimpfte mit in
gegrŏzet	1	vnd hast gegrŏzet dein barmherczicheit
heiltest	1	das du heiltest mein sele
grunte	1	das do grunte in dem
vfsteigen	1	Und sach vfsteigen die vseln
vseln	1	vfsteigen die vseln von der
vmbkerunge	1	von der vmbkerunge der stete
grŏsere	1	Vnd die grŏsere gienk ein
grosere	1	sprach die grosere zu der
gr̆osere	1	gepar die gr̆osere einen svn
suden	1	lant gegen suden vnd wonte
svndigest	1	du icht svndigest in mich
. XX . c	1	pzde toho . XX . c GENE Nu
sloyer	1	- einem sloyer deiner ougen
hŏrt	1	wer das hŏrt der wirt
seugte	1	des das seugte einen svn
entwenung	1	tage seiner entwenung Vnd do
Hertlich	1	meinem svne Hertlich enpfieng das
vorczerten	1	do sie vorczerten das wasser
geschiessen	1	bogen mag geschiessen wenne sie
wustnusse	1	in der wustnusse vnd wart
schutcze	1	ein iunger schutcze vnd wonte
ochozat	1	sein eidem ochozat vnd sein
schadest	1	mir ichte schadest vnd meinen
ochozath	1	stund vnd ochozath sein eidem
philistischen	1	bovman der philistischen erden vil
hovfen	1	ouf den hovfen des holczes
derwischte	1	hant vnd derwischte das swert
entv	1	kint noch entv im nichtes
dornech	1	dem pusch dornech hangen mit
angeczun	1	in ganczem angeczun ESIS ten
sẹị́den	1	Und nante sẹị́den namen der
gebotschepft	1	do wart gebotschepft so das
vvon	1	ouf gestund vvon dem ampte
beigrafte	1	recht der beigrafte mit euch
begrebst	1	seinem grabe begrebst du in
eusersten	1	an dem eusersten teil seines
vmbsteunge	1	in der vmbsteunge des volkes
begrab	1	vnd also begrab ich meinen
scoth	1	Uier hundert scoth silbereiner vnd
vorsuchter	1	silbereiner vnd vorsuchter offenbarr mvncze
offenbarr	1	vnd vorsuchter offenbarr mvncze Und
mvncze	1	vorsuchter offenbarr mvncze Und bestetigt
vn̄	1	die gruft vn̄ alle sein
bŏvme	1	alle sein bŏvme in allen
abraamen	1	dem vmbringe abraamen zu einer
houseˢ	1	knechte seines houseˢ SIS der
vormvnd	1	der do vormvnd was alles
gelucklich	1	vnser herre gelucklich het seinen
futers	1	mer Und futers vnd hew̆es
hew̆es	1	futers vnd hew̆es ist zu
abgebrochen	1	der nicht abgebrochen hat sein
gleiches	1	vnd mich gleiches weges hat
steestu	1	herren worumb steestu hie vor
houˢ	1	bereitet das houˢ vnd die
entsatilte	1	herwerge vnd entsatilte die camelen
heymelichen	1	mir selben heymelichen wandelte do
trinkken	1	ein wenig trinkken Und sie
trenckte	1	tranck ouch trenckte sie die
serm	1	vn GEN serm herren got
gliches	1	der mich gliches weges hat
meýnem	1	czihe zu meýnem herren Do
delboram	1	sein geselschafft delboram vnd wunschten
besitcze	1	tousent vnd besitcze dein same
bedechte	1	er sichs bedechte ouf dem
hulte	1	mantil vnd hulte sich Aber
gelindet	1	von wart gelindet etcetera XXV
volfurter	1	mit wol volfurter czeit und
benentnussen	1	in iren benentnussen vnd in
casteln	1	in irn casteln vnd in
leidigten	1	irm leibe leidigten sich an
zukunf	1	es also zukunf SIS tig
tig	1	zukunf SIS tig was wor
enpfahens	1	ist denne enpfahens notdurft gewesen
czwinlingel	1	secht czwei czwinlingel wurden in
rouhes	1	als ein rouhes vel vnd
Sechczic	1	sie in Sechczic iar alt
gewuchsen	1	die nv gewuchsen do ward
Uorkoufe	1	so sprach Uorkoufe mir dein
ringewegende	1	gink hin ringewegende das er
vnfruchbercheit	1	noch der vnfruchbercheit die do
geheis	1	behutet mein geheis vnd meyn
ermorten	1	leichte icht ermorten durch irr
veldige	1	iare hundert veldige frucht Und
vorfulten	1	gegraben die vorfulten sie im
vorhet	1	sein vater vorhet genant Und
leidigte	1	dich icht leidigte sunder mit
gasen	1	do sie gasen vnd getruncken
vorserten	1	alle beide vorserten vnd betrubten
vortunkelt	1	waren im vortunkelt vnd mochte
getreist	1	hin ein getreist vnd er
czicklein	1	von den czicklein stalte sie
blŏse	1	vnd die blŏse des halses
sitcze	1	ouf vnd sitcze vnd is
mochtestu	1	svne Wie mochtestu das also
greife	1	dich an greife meyn svn
brufe	1	das ich brufe ob du
beczeichenten	1	svnes gleichnusse beczeichenten Nu gesegente
getrank	1	Do er getrank do sprach
zusen	1	des gewandes zusen ruch do
taw̆	1	von dem taw̆ des himels
ŏles	1	weines vnd ŏles vnd die
Kovm	1	segen erfullet Kovm hete seine
erschrecksal	1	mit grosem erschrecksal vnd mere
quemest	1	e du quemest Und ich
geczukt	1	mir velschlich geczukt meinen segen
czeuh	1	ouf vnd czeuh vnd fleuch
vorgesse	1	vngunst Und vorgesse des das
vordreuset	1	zu Mich vordreuset meines lebens
tern	1	XXVIII GENE tern deines ŏhems
volkkes	1	scharen des volkkes vnd gebe
pilgereimvnge	1	erden deiner pilgereimvnge die er
gehorcht	1	das het gehorcht dem vater
vor hette	1	die er vor hette tochter abrahams
slefest	1	der du slefest die wil
huter	1	wil dein huter sein wo
anczihe	1	das ich anczihe vnd das
geluclichen	1	wider kvme geluclichen zu dem
bedacket	1	brvnne was bedacket mit einem
gesamten	1	alle dar gesamten so wegten
trenkten	1	brvnne vnd trenkten die schaf
getrencken	1	die schaf getrencken Und noch
blŏde	1	hete aber blŏde vnd trifende
trifende	1	blŏde vnd trifende ougen was
schonerr	1	was aber schonerr gestalt vnd
ersamers	1	gestalt vnd ersamers angesichtes Die
gewŏnlichen	1	het als gewŏnlichen ist Und
hochczit	1	zu der hochczit Erfulle die
Erfulle	1	der hochczit Erfulle die tage
zulegunge	1	wochen diser zulegunge Und vber
zulegen	1	geben vnd zulegen Umb ein
entslos	1	vorsmehte do entslos er iren
demuticheit	1	gesehen mein demuticheit Nu wirt
voreinen	1	mit mir voreinen do von
czorniclich	1	antworte ir czorniclich vnd sprach
beravbet	1	der dich beravbet hat der
bouchs	1	fruchte deines bouchs Und sie
erhŏret	1	hat mich erhŏret vnd hat
Gleichet	1	den sprach Gleichet hat mich
bequemliche	1	wenne ein bequemliche czeit kvmt
deubstrafe	1	fleckecht do deubstrafe mich vmbe
sunderte	1	bitest Und sunderte des selben
swarczer	1	weisser vnd swarczer wolle die
albereine	1	dorumbe nam albereine gerten grune
mandeleine	1	grune vnd mandeleine vnd ohorneine
ohorneine	1	mandeleine vnd ohorneine vnd eines
geczoch	1	rinden ab geczoch do schinen
vngeschelet	1	aber noch vngeschelet was das
fleckechte	1	geperten alle fleckechte schaf vnd
zulas	1	der spete zulas was vnd
spetlingen	1	das die spetlingen waren vnd
czehenstunt	1	meinen lon czehenstunt gewandilt Und
mancherleie	1	do waren mancherleie vnd fleckecht
vbriges	1	wir mere vbriges von dem
gepotscheft	1	Do wart gepotscheft herren an
sern	1	vn GENE sern herren Hute
treibest	1	mir vorholn treibest weck meine
poucken	1	vnd mit poucken vnd mit
gehengit	1	hast nicht gehengit das ich
Tŏrlichen	1	meine tochter Tŏrlichen hastu getan
begertest	1	Do du begertest zu den
deupstrafest	1	mich aber deupstrafest Bei welchem
enwost	1	Das sprechende enwost er nicht
suchens	1	sorge meines suchens GENE Und
vnmutig	1	Und wart vnmutig vnd sprach
czukten	1	die wolf czukten hab ich
Uirczehen	1	dir gedienet Uirczehen iar vmbe
Tŏchter	1	antworte im Tŏchter vnd kinder
geczeuges	1	Grap des geczeuges Und sprach
vbirtrittest	1	Oder du vbirtrittest mir gedenckende
meinen herren	1	zu dir meinen herren also das
yordan	1	vbir disen yordan vnd nv
Erlŏse	1	her wider Erlŏse herre mich
bŏcke	1	vnd czweinczig bŏcke Czweihundert vnd
Czweihundert	1	czweinczig bŏcke Czweihundert vnd czweinczig
Sougende	1	czweinczig wider Sougende camelen mit
keuchlein	1	mit iren keuchlein dreissick Uierczig
Uierczig	1	keuchlein dreissick Uierczig ku vnd
den herden, sprechend	1	noch volgten den herden, sprechend Semliche wort
frve	1	her gar frve was ouf
gefurte	1	das vber gefurte das zu
ranck	1	ein man ranck mit im
suchestu	1	antworte Worczu suchestu meinen namen
huffalczte	1	Her vorwar huffalczte mit dem
nehnte	1	zu im nehnte sein bruder
vmbehalste	1	enkegen vnd vmbehalste in vnd
kniten	1	kinder vnd kniten vor in
pit dich	1	mein bruder pit dich sunder hab
Kovme	1	alle dinck Kovme betwang in
vlehende	1	der bruder vlehende Und er
mecklich	1	wil volgen mecklich noch seinem
an dem selben wege	1	selben tages an dem selben wege hin wider
bowte	1	gegen Und bowte do ein
"vnd nante der selben stat namen Sochot
                           das ist geczelt"	1	"seine geczelt vnd nante der selben stat namen Sochot
                           das ist geczelt vnd czoch"
gegnŏt	1	bei der gegnŏt vnd koufte
gestakt	1	dem er gestakt hette die
beschowte	1	das sie beschowte die vrowen
euei	1	die ersach euei svn der
czuckte	1	haben vnd czuckte sie vnd
vnczimlichs	1	hette ein vnczimlichs werck begangen
anhengit	1	svnes sele anhengit ewer tochter
brawtschaft	1	ein ander brawtschaft Ew̆er tŏchter
bow̆t	1	ewerr gewalt bow̆t sie vnd
koufslagit	1	sie vnd koufslagit Und besitczet
besitczet	1	koufslagit Und besitczet sie Sunder
noczogin	1	vmb das noczogin ir swester
gefrunden	1	wir vns gefrunden mit euch
iungelinck	1	noch der iungelinck vor czoch
friedsam	1	die sint friedsam vnd wŏllen
koufslagen	1	vns Sie koufslagen in der
uolk	1	den ein uolk Nu volgten
kvnlich	1	die stat kvnlich vnd erslugen
noczogens	1	rache des noczogens Ire schaf
czŏrniclichen	1	Do sprach czŏrniclichen czu vnd
gehessick	1	habt mich gehessick gemachet den
vlohst	1	do du vlohst deinen bruder
Werft	1	vnd sprach Werft von euch
betrubnuss	1	tage meiner betrubnuss vnd was
vmbligenden	1	die ł vmbligenden stete das
dorvm	1	weck czogen dorvm quam gegen
stackte	1	fur vnd stackte aldo sein
vnvorswigen	1	im nicht vnvorswigen Aber der
Selphe	1	Die kinder Selphe der meide
achtczig	1	iar vnd achtczig iar vnd
euehers	1	svnes des euehers Und die
thamma	1	ein slafweip thamma die geperte
erstgebornes	1	svne des erstgebornes svnes Der
†lantmannes†	1	horren des †lantmannes† der selben
geherscht	1	die do geherscht han in
reichende	1	w wart reichende der svn
gepitunge;	1	erden irr gepitunge; das ist
seýnen	1	schaf mit seýnen brudern noch
besagte	1	Und her besagte seine bruder
gemengtin	1	im einen gemengtin rock von
sehunge	1	neides groste sehunge Und her
vmbsteende	1	ewer garben vmbsteende an beten
silnde	1	wech GENE silnde wider ein
trovmer	1	Secht der trovmer der kumet
den geenckelten vnd	1	im abe den geenckelten vnd den gemengten
gemengten	1	den geenckelten vnd den gemengten ł SIS
weguertige	1	sahen sie weguertige komen von
mýrren	1	harcz vnd mýrren gegen Dorumbe
vromet	1	brudern was vromet vns ist
czohen	1	rede vnd czohen in ous
furgeenden	1	vnd den furgeenden den koufleuten
koufleuten	1	furgeenden den koufleuten vorkouften sie
tvnkten	1	v vnd tvnkten den in
beweinende	1	herein gewant beweinende seynen svn
besamten	1	czeit Nu besamten sich zu
absteigen	1	Ich wil absteigen zu meinem
odollamitischen	1	zu einem odollamitischen manne der
erwekkest	1	das du erwekkest einen samen
vorgos	1	slafen vnd vorgos den samen
erflug	1	Und dorumbe erflug in vnser
gewechset	1	mein svn gewechset wenne er
scherern	1	zu den scherern seiner schaf
odollamite	1	vnd der odollamite der schafmeister
schafmeister	1	odollamite der schafmeister seiner hert
witwetums	1	gewant des witwetums vnd nam
wandilte	1	vnd SIS wandilte ir geperde
steiges	1	an des steiges wegscheide do
vorhutert	1	ir ougen vorhutert das man
erkente	1	sie nicht erkente Nu ł
beislafens	1	gebrouchest meines beislafens Her sprach
gesendest	1	mir das gesendest das du
beislafen	1	mit einem beislafen enpfienk das
witwetum	1	an ir witwetum gewant GENE
odollamiten	1	bei dem odollamiten so das
lugstrafen	1	doch nicht lugstrafen ich hab
Gevnkeuscht	1	man sprechende Gevnkeuscht hat dein
vorbrue	1	man sie vorbrue Do man
czwiling	1	do erscheinen czwiling in irem
netcze	1	dich das netcze Und vmbe
tuchil	1	das rote tuchil was; den
was;	1	rote tuchil was; den nante
purckherr	1	koufte der purckherr der hermeister
egiptisch	1	hermeister ein egiptisch man ous
schŏnes	1	aber was schŏnes antliczes vnd
czirlicher	1	antliczes vnd czirlicher angesicht Und
svnderliches	1	werkis hette svnderliches vnd heimliches
heimliches	1	svnderliches vnd heimliches zu schicken
slicze	1	bei dem slicze des mantels
slife	1	bei mir slife vnd do
geloubens	1	geczeugnusse ires geloubens den behabten
hebraische	1	mir der hebraische knecht den
vorspotte	1	er mich vorspotte Und do
vorslozzen	1	er ynne vorslozzen Aber vnser
kerckers	1	fursten des kerckers der gab
svndigten	1	vnd diener svndigten der schencke
kvnigis	1	schencke des kvnigis zu egipten
pecke	1	vnd der pecke irem herren
geuangen	1	ouch den geuangen diente Eczliche
Eczliche	1	geuangen diente Eczliche czeit gienk
ouslegung in	1	einer bequemlichen ouslegung in Czu den
trourig	1	vil GENE trourig Do vragte
ouslege	1	vns sie ouslege Und der
gemehlich	1	wurffen ous gemehlich loup vnd
czeitigen	1	die weintrouben czeitigen Und den
ratest	1	das du ratest SIS gutlichen
deuplichn	1	ich bin deuplichn ab getragen
vnschuldiclichen	1	Und hie vnschuldiclichen in den
vornvnfticlichn	1	den trovm vornvnfticlichn hett entslossen
entslossen	1	vornvnfticlichn hett entslossen vnd sprach
obriste	1	der allir obriste tragen allirlei
bakwerk	1	machet ous bakwerk vnd sach
kreucz	1	an ein kreucz hengen vnd
gepurtliche	1	was der gepurtliche tack hern
galgin	1	an den galgin so das
gase	1	ergangen vor gase seines troumes
ICAPITULUM	1	troumes ouslegers ICAPITULUM nOch czwein
hulbigen	1	weide an hulbigen steten Und
oufstunden	1	siben ochsen oufstunden ous dem
vngenemer	1	wasser gar vngenemer vnd vorkrankt
vorkrankt	1	vngenemer vnd vorkrankt an durre
grvnen	1	wassers an grvnen vnd an
fruchtbern	1	vnd an fruchtbern stetin vnd
wunderschŏne	1	veiste vnd wunderschŏne waren Nu
ouslegte	1	im den ouslegte Und zu
schenkken	1	leczten der schenkken meister gedachte
beweist	1	dinge zukunft beweist Ich wart
wandilten	1	vnd ł wandilten im seine
ouslegen	1	gar weislichen ouslegen antworte An
abrupften	1	die grvne abrupften Und sich
ŏchsen	1	ander siben ŏchsen gar vngestalterr
vngestalterr	1	ŏchsen gar vngestalterr vnd magerr
magerr	1	vngestalterr vnd magerr das ich
vngestalter	1	ich ny vngestalter in lande
vnvletikeit	1	in sulcher vnvletikeit vnd magerheit
magerheit	1	vnvletikeit vnd magerheit also vorsochten
vorsochten	1	magerheit also vorsochten sie vnd
dorten	1	sie vnd dorten Nu erwachte
entsliessen	1	den nicht entsliessen antworte Des
fruchbere	1	eher siben fruchbere iar sint
cranke	1	Und siben cranke ochsen vnd
magre	1	ochsen vnd magre die do
denunge	1	or GENE denunge werden volbracht
teure	1	ander siben teure iare vnd
vnfruchtbere	1	iare vnd vnfruchtbere vnd also
Uorczern	1	vnd genuge Uorczern wirt der
vornunftigen	1	einen steten vornunftigen vnd secze
fruchtberen	1	siben guten fruchtberen iaren die
zukvnftig	1	die nv zukvnftig sint sammen
teuren	1	zukunftigen siben teuren iaren die
derbe	1	icht vor derbe daz lant
gevile	1	hunger Nu gevile der rat
etwenn̆	1	Muge wir etwenn̆ vinden einen
sneweissen	1	mit einem sneweissen seideinen gewande
golnir	1	ein guldein golnir vmb seinen
butil	1	schreien einen butil das sie
gleichet	1	des meres gleichet Und die
vbirwunne	1	Und die vbirwunne vbir trat
Uorgessen	1	namen sprechende Uorgessen hat mich
wachssende	1	her sprechende wachssende hat mich
genugsamkeit	1	iare der genugsamkeit die do
kouffen	1	czogen zu kouffen wenne hunger
hertlicher	1	er in hertlicher zu vnd
besehet	1	Das ir besehet die vnbewarten
vnbewarten	1	besehet die vnbewarten slos des
landes;	1	slos des landes; dorumb seit
vngemaurten	1	anders Die vngemaurten stete diser
gebrufe	1	bis ich gebrufe was ir
gekouffet	1	das ir gekouffet habt in
geprufen	1	rede war geprufen muge das
weicze	1	secke mit weicze vnd das
czeren	1	zu vor czeren Die taten
vorretnusse	1	keiner hand vorretnusse C Czwelf
prufe	1	Also GENE prufe ich euch
Ew̆err	1	fridsam seit Ew̆err bruder einen
cziht	1	notdurft vnd cziht hin vnd
czerten	1	vor SIS czerten die spise
beschow̆et	1	eides Ir beschow̆et nicht mein
vngemache	1	Czu meinem vngemache habt ir
ŏrdenlich	1	vragte vns ŏrdenlich noch ein
gevorschet	1	vnd er gevorschet hett Nu
vorczihenusse	1	nicht das vorczihenusse hie czwischen
stackt	1	dem bovme stackt die tropfen
storar	1	dem bovme storar das ous
terevent	1	dem bovme terevent Und ein
mandelfrucht	1	honigs vnd mandelfrucht Und czwiualdiges
obleichte	1	hin wider obleichte do von
vorweiset	1	werd als vorweiset ane kinder
werffe	1	gewalde vnder werffe seinem dienste
beigurtil	1	in vnser beigurtil Und GENE
dermer	1	alle seine dermer vber seinen
twug	1	Und wider twug er sein
gelegte	1	man ouf gelegte Do saczte
vorworffen	1	hebreern vnd vorworffen vnd schande
wirtschafte	1	sie die wirtschafte ł sein
Fulle	1	vnd sprach Fulle ire secke
bŏzes	1	Gar ein bŏzes dinck habt
endliche	1	Und also endliche legten sie
xljjj	1	suchte her xljjj GENE Und
sakke	1	in dem sakke Und gene
also tvn	1	wŏlt ir also tvn Oder wisset
kvnlichen	1	der trat kvnlichen hin czu
Leset	1	er das Leset so stirbet
min̆ster	1	das vnser min̆ster bruder mit
eigentlich	1	der Ich eigentlich bin dein
trew̆	1	ouf mein trew̆ hab genomen
vngemaches	1	ich des vngemaches das do
XLU	1	ein geczeuge XLU SIS nicht
erschreknus	1	vorchten des erschreknus mochten im
vŏrcht	1	in Nicht vŏrcht euch noch
geackern	1	ł weder geackern mag noch
gesneiden	1	mag noch gesneiden Und vorsant
vorsant	1	gesneiden Und vorsant hat mich
hungeriger	1	iar werden hungeriger das du
terbest	1	vor SIS terbest vnd dein
Botscheftet	1	czu euch Botscheftet meinem vater
gebute	1	das her gebute seinen brudern
schirste	1	ir aller schirste muget Noch
enlaset	1	muget Noch enlaset do nichtesnicht
reichtume	1	wenne aller reichtume des egiptischen
funflei	1	silbereine vnd funflei gewant also
hovses	1	selen des hovses hern die
czuge	1	im entkegen czuge gegen Und
vmbevink	1	hals vnd vmbevink in vnd
vroli	1	sterbe ich vroli Genesis chen
heit	1	kint Genesis heit bis an
vnwirdigten	1	die vor vnwirdigten die hirten
XLUII	1	der schaf XLUII nu gienk
bruer	1	Und seiner bruer funfe die
hantwerkis	1	her Was hantwerkis seit ir
vornunftige	1	weise vnd vornunftige man die
drisick	1	lebens sint drisick vnd hundert
bŏse	1	wenig vnd bŏse Und sint
vaterˢ	1	alles seines vaterˢ hous vnd
koufern	1	do den koufern des lones
Brenget	1	antworte her Brenget her ewer
enhabt	1	geldes nicht enhabt Do sie
gebrachten	1	sie das gebrachten do gab
vorwandellunge	1	vmb die vorwandellunge des vihes
enhaben	1	ecker nichtesnicht enhaben worumbe sterb
kvniclichem	1	vns in kvniclichem dienste vnd
ekkir	1	alle egiptische ekkir vorkoufende ein
vorkoufende	1	egiptische ekkir vorkoufende ein yeclicher
hindristen	1	den ł hindristen egiptischen enden
eusrigsten	1	zu iren eusrigsten enden An
gesaczte	1	man ouch gesaczte speise ous
eckir	1	beseet ewer eckir das ir
nehenden	1	her sach nehenden den tack
bestate	1	erden vnd bestate vnd wurcze
geheisen	1	du hast geheisen Und der
gebotscheftet	1	do wart gebotscheftet herren das
gesterkket	1	her wart gesterkket vnd sas
gepirst	1	die du gepirst noch in
zvne	1	sint meine zvne die mir
tunkkil	1	ougen waren tunkkil vor grosem
klerlich	1	alder vnd klerlich mocht her
anbette	1	vaters do anbette ł GENE
vorvienk	1	houbt vnd vorvienk das swerlichn
swerlichn	1	vorvienk das swerlichn vnd begreiffe
ist;	1	mein svn ist; ich weis
minnester	1	Aber sein minnester bruder wirt
kvnde	1	ich euch kvnde was euch
wetagens	1	anevanck meines wetagens Der erste
gebitunge	1	in der gebitunge Ous gegossen
rastende	1	ouf gestigen rastende hastu an
czepter	1	gehaben das czepter von vnd
peitunge	1	wirt ein peitunge der heiden
Bindende	1	der heiden Bindende an den
stallunge	1	in der stallunge der schif
gehurnte	1	wege ein gehurnte nater an
beissende	1	dem steige beissende die clahen
gesanter	1	ein vz gesanter hirs vnd
erczurnten	1	mawer vnd erczurnten in vnd
entlost	1	bogen vnd entlost synt die
begirung	1	queme die begirung der ewigen
czuckender	1	brudern ein czuckender wolf der
czwelue	1	den geslechten czwelue Das sprach
wurczten	1	seinen vater wurczten Die erfulten
wurczte	1	die man wurczte Und die
rinder;	1	vnd ir rinder; die liessen
leichczeichen	1	sie das leichczeichen mit groser
vorgessist	1	das du vorgessist der missetat
vorgebist	1	deinem vater vorgebist dise missetat
gegenn	1	als irs gegenn orticlichen schowet
orticlichen	1	irs gegenn orticlichen schowet ł
trŏste	1	kindlein vnd trŏste sie vnd
lindlichen	1	sprach in lindlichen vnd gutlichen
fŭnf	1	Genesis der fŭnf buch ein
ousvarte	1	buch der ousvarte von etcetera
icz	1	etcetera D icz sint die
grvnende	1	recht sam grvnende wurden sie
ensteet	1	ein streit ensteet gegen vns
werckmeister	1	her in werckmeister also das
maurten	1	peinigten vnd maurten stete der
pflogten	1	von vnd pflogten sie spottende
ʒbohem	1	kvniges no ʒbohem nv nv
behilten	1	svnder sie behilten die knechtil
behildet	1	das ir behildet die kinder
bow̆te	1	vorchten dorumbe bow̆te her in
werffet	1	wirt die werffet in die
meidlin	1	DUS was meidlin sint die
vorbarck	1	was vnd vorbarck es drei
sinewelles	1	sie ein sinewelles vessil von
czeinen	1	vessil von czeinen gevlochten vnd
smyrte	1	gevlochten vnd smyrte ł das
leyme	1	das mit leyme vnd mit
gestreute	1	in ein gestreute steende verre
czukvnft	1	der dinge czukvnft Und secht
wusche	1	sie sich wusche in dem
ſer	1	dem was ſer vnd die
pimbsen	1	in den pimbsen do sante
nymanden	1	vnd sach nymanden do bei
slechstu	1	tat Worumbe slechstu deinen nehsten
schĕpfen	1	quamen wasser schĕpfen vnd fulten
ſchepfet	1	er ge ſchepfet mit vns
ersufczten	1	kinder von ersufczten durch die
et\u0020cetera	1	et cetera et\u0020cetera III CAPITULUM
busches	1	mitte des busches Und her
pusches	1	mitte des pusches Der antworte
Lŏse	1	her czu Lŏse deine schuh
vorbarge	1	vnd got vorbarge sein antlicz
herticheit	1	durch ir herticheit der die
gefurest	1	du ous gefurest mein volk
besammen	1	Gee vnd besammen die alden
Besuchende	1	got sprechende Besuchende besucht habe
nachtgebourinnen	1	von irn nachtgebourinnen vnd von
wirtinnen	1	von irn wirtinnen silbereine vas
ca	1	er m ca thoho pzde
geliz	1	her sie geliz in die
czweyen	1	denne den czweyen - czeichen
schepfest	1	was du schepfest ous der
geredick	1	bin nicht geredick von gestern
gehinderter	1	ich bin gehinderter vnd tregir
stvmmen	1	geschŏpfet den stvmmen vnd den
Leuit	1	sprach der Leuit ł dein
geredig	1	das er geredig ist Sich
vorsein	1	wirdest im vorsein in den
abbil	1	hec dicit abbil DUS nen
geczeigten	1	alle meine geczeigten wunder die
woldist	1	vnd du woldist in nicht
vorvleisch	1	besneit das vorvleisch ires svnes
brevtigam	1	sprach Ein brevtigam des blutes
breutigam	1	gesprochen hette breutigam des blutes
Yra	1	hec dicit Yra has ppherr
nily	1	e thoho nily boze EXO
peinigunge	1	gesehen ire peinigunge vnd an
vorwesern	1	vnd den vorwesern der wercke
heischern	1	den vngerechten heischern des volkes
stuppil	1	vnd clouben stuppil vnd die
enmynnert	1	sie noch enmynnert der nichtesnicht
gehorchen	1	sie nicht gehorchen den lugenlichen
heischer	1	die vngerechten heischer zu dem
sprev	1	zu clouben sprev Und die
gegeisilt	1	spreu Und gegeisilt wurden die
geschosnemern	1	von den geschosnemern herren sprechende
Sprew	1	deine knechte Sprew gibt man
geisiln	1	man mit geisiln vnd vnrecht
nt	1	gere qui nt laborare ppter
laborare	1	qui nt laborare ppter hoc
ppter	1	nt laborare ppter hoc Rex
emp	1	pharao con emp quod nox
gewŏnliche	1	vnd die gewŏnliche czal der
prŏbste	1	sahen die prŏbste sich sein
nichstesnicht	1	zu in nichstesnicht sol gemynnert
czigeln	1	von den czigeln alle tage
getwanksal	1	ous dem getwanksal der vnd
erhabn	1	die ich erhabn habe mein
gehengten	1	DUS die gehengten im des
vnbesnitner	1	ich bin vnbesnitner lebsen Und
amram	1	Die kinder amram EXO vnd
drisik	1	drei vnd drisik Die kinder
vnbesnitnes	1	herren Sich vnbesnitnes mundes bin
czeigunge	1	meiner wunder czeigunge in der
Czeigt	1	euch sprichet Czeigt vns czeichen
eczlicher	1	ouch mit eczlicher heimlicher egiptischer
czou	1	heimlicher egiptischer czou DUS berei
berei	1	czou DUS berei gleicher weise
vorfaulen	1	sterben vnd vorfaulen werden die
phtu	1	est quod phtu xxx EXO
pfutczen	1	brvnne vnd pfutczen vnd alle
vissche	1	vnd die vissche die do
vorfaulten	1	das wasser vorfaulten vnd die
getrinkken	1	wassers nicht getrinkken vnd blut
hovz	1	in dein hovz vnd in
bettis	1	leger deines bettis vnd ouf
bleibelinge	1	in die bleibelinge deiner speise
krŏten	1	geen die krŏten Vnd toho
vorfleuget	1	so das vorfleuget werden di
vnmessige	1	samen in vnmessige houfen vnd
vorfulte	1	houfen vnd vorfulte die erde
beswerte	1	geben vnd beswerte sein hercze
czoubereie	1	mit irr czoubereie taten also
taget	1	so es taget vnd ste
opfere	1	es mir opfere Und ist
teillunge	1	ich ein teillunge czwischen deinem
vorworfene	1	vnd das vorworfene der opfern
betreug	1	furbas nicht betreug das du
lasest	1	du nicht lasest das volk
vorsmehest	1	das noch vorsmehest vnd sie
heldest	1	vnd sie heldest Sich meyn
teſnícht	1	nich DUS teſnícht vortirbet von
vordarb	1	tyren vorwar vordarb gar nichtesnicht
strew̆	1	ouen vnd strew̆ die in
kvnd	1	das ich kvnd meinen namen
heldestu	1	erden noch heldestu mein volk
hagils	1	vil groses hagils des glich
gegewortige	1	an dise gegewortige czeit Sende
vorsoumte	1	der do vorsoumte gotes wort
plikczen	1	vnd loufende plikczen ouf die
gerste	1	das die gerste grvne was
knŏpil	1	lein nv knŏpil ous sproste
sproste	1	knŏpil ous sproste Aber der
spetig	1	sie waren spetig Und ous
kvndest	1	das k kvndest in die
ŏren	1	in die ŏren deiner kinder
widersteest	1	das du widersteest vnd sie
sy̆nen	1	mit vnsern sy̆nen vnd mit
czweiuelt	1	kinden wer czweiuelt dor an
bozlichen	1	das ir bozlichen gedencket Nicht
vnczellich	1	vnd sasen vnczellich in allen
Gevressen	1	alle dink Gevressen wart dorumbe
grvnes	1	wart gelasen grvnes ouf den
Um̆be	1	in allen Um̆be die sache
vorgebt	1	ouch nv vorgebt mir die
hevschrecken	1	Noch ein hevschrecken bleib ny
vŏrdrist	1	vnd zu vŏrdrist wenne wir
beschowest	1	du icht beschowest mein angesichte
vrow̆e	1	ein ycliche vrow̆e von irr
nachgebenrinne	1	von irr nachgebenrinne silbereine vas
erstporn	1	von dem erstporn hern der
erheuln	1	ein hunt erheuln von dem
enlis	1	noch her enlis nicht czihen
anvank	1	anevank der anvank der mened
vierczenden	1	an den vierczenden tag des
rohes	1	essen kein rohes noch gekochtes
gekochtes	1	rohes noch gekochtes mit wasser
vorbrennet	1	wirt das vorbrennet in dem
furczug	1	ist der furczug des herren
strew̆ende	1	nicht zu strew̆ende wenne ich
gesourteigtes	1	heusern Welcher gesourteigtes isset des
gehŏrt	1	zu essen gehŏrt vnd halden
gebundel	1	Und ein gebundel ysops tvnket
ysops	1	ein gebundel ysops tvnket in
leidigen	1	heuser vnd leidigen euch D
⫶	1	wil geben ⫶ als her
furczuges	1	tyr des furczuges vnsers herren
Ulihet	1	vnd sprach Ulihet vnd czihet
begossens	1	hub ouf begossens mel e
gesourteigte	1	man das gesourteigte vnd bant
schinten	1	lihen vnd schinten die vnd
gemuschtes	1	gemeines vnd gemuschtes volk czoch
cochten	1	vil Nu cochten sie das
begosne	1	sie das begosne mel das
gesowerteigen	1	es nicht gesowerteigen also triben
beheltliche	1	nacht die beheltliche vnsers herren
gemiete	1	vnd der gemiete knecht essen
knechtelin	1	alle seine knechtelin Und denne
honigsaim	1	vnd mit honigsaim so saltu
gesowirteigtes	1	dir keinerlei gesowirteigtes noch in
gesaczten	1	an der gesaczten czeit von
knechtleins	1	du hast knechtleins geslechte das
wechsiln	1	esils saltu wechsiln mit einem
lŏsen	1	nicht wilt lŏsen so vorterbe
vrogit	1	svn morgen vrogit was ist
angehangens	1	als etwas angehangens zu einer
wenende	1	nehste ist wenende das sies
berew̆te	1	leichte icht berew̆te wenne sie
sewereinen	1	in einer sewereinen seulen vnd
vorherten	1	wustenunge vnd vorherten wil ich
endienen	1	vns nicht endienen Czu bereiten
triten	1	den fuz triten den vorczihenden
vorczihenden	1	triten den vorczihenden do begriffen
geritene	1	Und alle geritene vnd wegen
grŏze	1	secht die grŏze der wunder
y̆czunt	1	die ir y̆czunt secht mit
schreist	1	zu Was schreist du zu
erleuchtende	1	vinster vnd erleuchtende die nacht
mettenczeit	1	wache der mettenczeit Und secht
vewers	1	seule des vewers vnd der
vmkarte	1	her vnd vmkarte die reder
vichtet	1	der herre vichtet vor sie
vorwindilte	1	vnser herre vorwindilte sie mitten
geczogt	1	volgende ein geczogt was in
lŏste	1	vnser herre lŏste an dem
gevbet	1	vnser herre gevbet hette wider
ouserwelten	1	mer Sein ouserwelten fursten sint
vorsenkit	1	fursten sint vorsenkit in dem
gesuncken	1	sie bedakt gesuncken sint sie
gegroset	1	herre ist gegroset in stercke
abgesaczt	1	eren hastu abgesaczt meinen wider
stuppel	1	als ein stuppel vnd in
Entplosen	1	mein sele Entplosen wil ich
vorsenket	1	das mer vorsenket sint sie
strengmutig	1	starken von strengmutig wurden alle
Ualle	1	die woner Ualle ouf sie
Unbeweglich	1	deiner stercke Unbeweglich sullen sie
in\u0020seiner	1	die trucken in\u0020seiner mitte N
weissaginne	1	dorumbe die weissaginne die swester
scherecht	1	noch ir scherecht mit pouken
erlichn	1	herren wenne erlichn ist her
funczehenden	1	an dem funczehenden tage des
eynod	1	in der eynod vnd zu
tŏpfen	1	ouf den tŏpfen vleisches vnd
seticheit	1	brot in seticheit Worumb habt
czweiuelden	1	das ir czweiuelden habt gemurmelt
murmlunge	1	gehort die murmlunge EXO Sprich
mulet	1	eynode zu mulet vnd als
stŏsil	1	mit einem stŏsil zu stosen
reif	1	gleich einem reif ouf der
Manhu	1	ein ander Manhu das ist
Cloube	1	vnser herre Cloube do von
schŏffils	1	vierteil vnsers schŏffils noch der
czusmalcz	1	worden so czusmalcz es An
kochet	1	ist das kochet Was aber
veierte	1	das volk veierte des sibenden
czukunftigen	1	in die czukunftigen hindern geslechte
wustenung	1	in der wustenung do ir
wonliche	1	in die wonliche erde Mit
anrurten	1	bis sie anrurten die EXO
ephi	1	ist genant ephi etcetera Nu
kriegte	1	trinken Do kriegte das volk
kriegt	1	sprach Was kriegt ir wider
murmulte	1	wassers vnd murmulte wider sprechende
vorterbist	1	vns durstes vorterbist vnd vnser
vlissen	1	dorous wirt vlissen wasser das
vorsuchten	1	wenne sie vorsuchten vnserm heren
gespro	1	tat als gespro thoho bzde
hubels	1	spicze des hubels Und wenne
sanften	1	wechsilnde mit sanften worten vnd
vrew̆te	1	Und der vrew̆te sich DUS
uerticlichen	1	sie hoch uerticlichen taten wider
begink	1	das her begink vnder dem
torleicher	1	tustu Mit torleicher arbeit wirstu
gesecze	1	volke die gesecze der heiligen
geiticheit	1	do hassen geiticheit vnd setcze
mynneste	1	das ł mynneste vnd ringer
sweristen	1	aber des sweristen was das
ringste	1	vnd das ringste nvr alleine
ousczogis	1	manden des ousczogis von in
stacte	1	Und aldo stacte sein geczelt
adlares	1	habe ouf adlares vlugeln vnd
vlugeln	1	ouf adlares vlugeln vnd hab
busovne	1	wirt die busovne denne so
erschĭnen	1	plicczen begonden erschĭnen vnd ein
rouchte	1	der gancze rouchte do von
meclich	1	busovnen wuchs meclich ýe lenger
geczeuget	1	du hast geczeuget vnd hast
Setcze	1	geheissen sprechende Setcze in czil
nýme	1	gebot Nicht nýme den namen
vnschlerdig	1	den nicht vnschlerdig der do
vnnuczlichen	1	gotes namen vnnuczlichen Gedencke das
wirkestu	1	Sechs tage wirkestu vnd tust
rouchen	1	den perk rouchen vnd erschraken
zustosen	1	wurden sie zustosen vnd stunden
wolln	1	vnd wir wolln dich hŏren
prufte	1	euch got prufte so ist
svndigte	1	ir nicht svndigte Und das
friedsames	1	vnd ewer friedsames opfer tir
bow̆e	1	machest nicht bow̆e den mit
messir	1	hebist dein messir doruber so
vrei;	1	ous geen vrei; so sol
studil	1	dem tvr studil Vnd durch
keusscheit	1	lon irr keusscheit nicht vorsagen
WWer	1	vlihen sol WWer mit neitlicher
neitlicher	1	WWer mit neitlicher begerunge verterbet
lagunge	1	vnd mit lagunge Von meinem
chet	1	flu DUS chet seinem vater
nehesten	1	slecht seinen nehesten mit einem
erczte	1	in die erczte gelde Wer
vorworfens	1	sie ein vorworfens kint gepere
bleibit	1	svnder sie bleibit leben der
gekornen	1	vnd die gekornen ratleute vrteilen
ratleute	1	die gekornen ratleute vrteilen Ist
volgit	1	tot noch volgit so gebe
ougecht	1	sie ein ougecht der lase
stŏset	1	den hŏrnern stŏset einen man
erstŏset	1	vnd her erstŏset einen man
pesserunge	1	das im pesserunge wirt gesaczt
stŏsset	1	das horn stŏsset gleich sulchem
erwer	1	mit steinen erwer DUS fen
vorwundet	1	andern ochsen vorwundet Und her
vorkovfe	1	stirbt so vorkovfe man den
hirnig	1	her toben hirnig ist gewesen
gehut	1	sein nicht gehut so gelde
cetera͛	1	her et cetera͛ Wer XXII
grebit	1	oder ein grebit vnd enpfehet
deub	1	vor die deub gebe so
gerakit	1	hant nicht gerakit habe in
vntrewe	1	begeen kein vntrewe Und also
bevilht	1	das ymant bevilht seinem nehsten
deuplich	1	das es deuplich gestolen wirt
gemitet	1	her das gemitet hat vmme
enpfurt	1	ein iuncvrow̆ enpfurt die noch
vortrew̆et	1	nicht ist vortrew̆et vnd slefet
morgengaben	1	be EXO morgengaben vnd im
leihest	1	du gelt leihest dem weisen
vngelter	1	als ein vngelter noch drucke
nimest	1	du pfant nimest von deinem
schreiet	1	zu mir schreiet ich erhore
vorczeuch	1	gepurt nicht vorczeuch czu opfern
geczeugnus	1	ł valsch geczeugnus Nicht volge
missetretist	1	der warheit missetretist vnd des
hassers	1	esil deines hassers sihest ligen
furge	1	burden nicht furge in svnder
bŏzen	1	sage dem bŏzen Nicht nim
vmbekeren	1	clugen vnd vmbekeren ł die
rven	1	in vnd rven las yn
wirke	1	Sechs tage wirke in dem
dirkule	1	vnd das dirkule der svn
seest	1	das du seest ouf den
sammest	1	so du sammest alle dein
gesauertes	1	opfern ouf gesauertes brot das
hohczeit	1	opfers meiner hohczeit vncz bis
cziklein	1	coche das cziklein in der
vortreit	1	wenne her vortreit nicht wenne
svndest	1	wenne du svndest Und mein
bow̆o	1	nicht Nicht bow̆o ir werk
stŏre	1	werk svnder stŏre sie vnd
vnberhafte	1	Nicht wird vnberhafte vnd vnfruchtber
vorczuk	1	in deinen vorczuk vnd wil
vorterbn	1	vnd wil vorterbn das volk
Meclichen	1	fressende wilt Meclichen wil ich
vberschrifte	1	vnd czwelf vberschrifte durch die
opfernte	1	opfer Ouch opfernte sie des
vorhaldne	1	nam das vorhaldne blut vnd
fusen	1	vnder seinen fusen als ein
zaphirischen	1	werck eynes zaphirischen steines vnd
entspreuset	1	etewas vrage entspreuset brenget das
brinnendes	1	was als brinnendes few̆er ouf
sneweis	1	geverbet Und sneweis leinein czigen
iacinctein	1	heute vnd iacinctein das ist
sethiniischen	1	arche von sethiniischen holcze e
gleicherweise	1	dovm elen gleicherweise v vnd
sethymischen	1	rigel von sethymischen holcze vnd
oufreckende	1	sie bedecken oufreckende ire flugel
behullende	1	flugel vnd behullende die EXO
gekarten	1	ansehen mit gekarten amplicken in
amplicken	1	mit gekarten amplicken in die
sethimisschen	1	tisch von sethimisschen holcze der
che	1	ma DUS che im einen
trinkuas	1	vas vnd trinkuas rouchuas vnd
giskopfe	1	rouchuas vnd giskopfe von reinem
fursaczes	1	brot des fursaczes in meiner
gehemerten	1	ouch eynen gehemerten leuchter von
ringlein	1	nvs vnd ringlein an yclichen
Ringelein	1	vnd lilgen Ringelein vnder czweien
stengiln	1	vnder czweien stengiln an dreien
gleichs	1	steten der gleichs sechse werden
vmbehenge	1	also Czehen vmbehenge mache von
gemengtes	1	mancherlei varbe gemengtes werkis Die
vmbhanges	1	lenge eines vmbhanges sol haben
gelencke	1	semlichen gleichen gelencke sullen an
Iacinctische	1	ander hangen Iacinctische orlein oder
hou	1	sie zu hou e EXO
fe	1	e EXO fe muge gespanne
gespanne	1	fe muge gespanne Funfczig orlein
vmbhank	1	sol eyn vmbhank haben zu
vmhank	1	man einen vmhank dem andern
angehengen	1	andern muge angehengen ł Mach
vorhenge	1	den die vorhenge der vmhenge
hereine	1	ouch eilf hereine vbir decken
bedekken	1	decken zu bedekken das dach
vbirdekken	1	sein alle vbirdekken Ous den
czwiualdigest	1	des daches czwiualdigest Mache ouch
savme	1	an dem savme einer vbirdecke
vbirdache	1	gemachet dem vbirdache das ist
beschirmende	1	vbirdecken lenge beschirmende des geczel
geczel	1	beschirmende des geczel beide seiten
grvnde	1	ir silbereine grvnde achtczehen ł
riegel	1	Mache ouch riegel von sethimischem
getefil	1	die das getefil halten die
weissem	1	von sne weissem weichem leinein
weichem	1	sne weissem weichem leinein czwir
vorgult	1	sullen seyn vorgult vnd sullen
einlasen	1	fuze Aber einlasen sol man
geczeugnusses	1	arche des geczeugnusses Und mit
furhange	1	bzde EXO furhange das heiligtum
heiligtums	1	heiligtum des heiligtums werden geteilet
furhangs	1	ouserhalb des furhangs vnd gegen
leuhter	1	tische den leuhter in der
leineim	1	ł weichen leineim czwir gebleichet
hantreich	1	vnd zu hantreich DUS ereine
elterl	1	vnder das elterl des alters
furhenge	1	suln sein furhenge von geczwilichter
geczwilichter	1	furhenge von geczwilichter pfelle Hundert
seuln	1	Und czweinczig seuln mit also
miternacht	1	seiten gegen miternacht in die
berutten	1	lenge sol berutten das grose
doume	1	geczelt hundert doume elen vnd
geczwilichtem	1	werden von geczwilichtem pfelle Und
stŏseln	1	bovmen mit stŏseln zu stosen
ouserthalbe	1	des geczeuknusses ouserthalbe des vorhanges
vorgespannen	1	vberal ist vorgespannen dem geczeuknusse
nochkumlinge	1	in ir nochkumlinge von etcetera
raconnal	1	machen ein raconnal vnd ein
enges	1	vnd ein enges vnderhemde einen
vnderhemde	1	ein enges vnderhemde einen hut
seideine	1	golt vnd seideine iacincten vnd
geworchter	1	hande varbe geworchter kunst Czwei
houfgefugte	1	Czwei zu houfgefugte seumel sol
seumel	1	zu houfgefugte seumel sol das
gepurtlichen	1	noch irr gepurtlichen ordenunge mit
sleus	1	selbin ketelin sleus in die
gesichtes	1	racional des gesichtes noch geworchtem
geworchtem	1	gesichtes noch geworchtem gemengtem werke
gemengtem	1	noch geworchtem gemengtem werke noch
humerales	1	gewurchte des humerales ous golde
sardins	1	der stein sardins vnd topasius
carbunkl	1	andern der carbunkl vnd der
svnderlichen	1	steine mit svnderlichen namen der
sovmlein	1	an iren sovmlein vnd der
drumer	1	selben keten drumer soltu sliessen
oussern	1	an die oussern teil des
soumlein	1	an die soumlein die do
seideinem	1	sei von seideinem ia DUS
cincten	1	ia DUS cincten in des
busein	1	vnd sein busein sol sein
drumern	1	den endlisten drumern des gewandes
rokkes	1	des selben rokkes fuzen vmb
punikische	1	vmb als punikische ŏpfel von
seideynem	1	ŏpfel von seideynem iacincte vnd
pfelleinen	1	rok mit pfelleinen pendlein vnd
dihern	1	von den dihern bis an
vngesow̆erteigtes	1	Und ein vngesow̆erteigtes crustilbrot das
crustilbrot	1	ein vngesow̆erteigtes crustilbrot das do
laganich	1	ŏle Und laganich osterbrot in
weiczeim	1	alles von weiczeim mele vnd
geweschist	1	du nv geweschist den vater
rŏcke	1	die leinein rŏcke vnd gurte
hald	1	hende so hald ouch hin
kalpes	1	blute des kalpes vnd leg
hawene	1	das zu hawene vleisch vnd
suser	1	daz ein suser des siges
cruftel	1	brotis vnd cruftel brot mit
geweite	1	ouch die geweite bruft vnd
bruft	1	die geweite bruft vnd die
Uorbru	1	v vru Uorbru die bleiblinge
slehest	1	so du slehest der reinigunge
Czweiierige	1	dem alter Czweiierige lemmer saltu
stosnem	1	ŏl zu stosnem ŏl das
gevierwinkelt	1	breite das gevierwinkelt vnd czwu
richenden	1	ouf wol richenden weirouche des
weirouche	1	wol richenden weirouche des morgens
opser	1	des siges opser tyr noch
genymest	1	Wenne du genymest die gar
tempils	1	mase des tempils Ein scot
halbn	1	zu einem halbn scot Der
enpfangne	1	Und das enpfangne gelt das
geswurchte	1	in das geswurchte des geczeldis
opfnern	1	das sie opfnern dorouf thimiamisches
thimiamisches	1	opfnern dorouf thimiamisches puluer dem
smirnischen	1	der besten smirnischen wurcze vnd
ousderwelter	1	wurcze vnd ousderwelter funf hundert
cynomin	1	scot vnd cynomin halb also
calamisch	1	scot vnd calamisch wurcze gleich
cassische	1	scot Und cassische pfeifen funf
ŏlpoumen	1	ŏl von ŏlpoumen ein mase
houfgelegte	1	ein czu houfgelegte salbe noch
galbanum	1	v vnd galbanum des susen
wĭrouch	1	gar liechten wĭrouch gleicher wage
zuhoufgelegte	1	mache ein zuhoufgelegte thimiamisch confect
confect	1	zuhoufgelegte thimiamisch confect noch dem
vleisichchen	1	der salben vleisichchen gemischet vnd
gestosest	1	cleinem puluer gestosest so secze
kouftelegunge	1	sulche zu kouftelegunge sult ir
smidens	1	erdenken ł smidens was man
mermil	1	vnd von mermil vnd von
gege	1	hab im gege volke EXO
thimiam	1	das puluer thimiam in der
cwu	1	volbrachte ouff cwu steineine tafeln
giessendem	1	forme noch giessendem werke vnd
ferten	1	op DUS ferten gancz enczuntes
geduldige	1	opfer vnd geduldige opfer tir
hertenekig	1	ist vnd hertenekig Las mich
Uelschlich	1	sprechen die Uelschlich hat er
streites	1	clage eines streites hŏret man
treibende	1	kein ruf treibende zu der
Steigen	1	groze svnde Steigen wil ich
Enczweder	1	guldeine gŏte Enczweder vorgib in
vorgib	1	gŏte Enczweder vorgib in dise
vortilg	1	nicht so vortilg mich ous
strew̆e	1	icht zu strew̆e an dem
woran	1	stat Wenne woran muge wir
magest	1	her Du magest nicht gesehen
behib	1	Und her behib ander czwu
vorwarn	1	als sie vorwarn Und bei
anrufende	1	mit im anrufende den namen
senftmutiger	1	barmhercziger vnd senftmutiger geduldiger vnd
anbete	1	erde vnd anbete in vnd
czihest	1	das du czihest mit vns
hertnekig	1	volk ist hertnekig vnd eines
Czorniger	1	fremden gote Czorniger herre ist
gevnkeuschen	1	wenne sie gevnkeuschen machen ouch
Gegosne	1	DUS gŏte Gegosne gŏte saltu
hochczeite	1	machen Die hochczeite der ostern
Sibn	1	soltu behuten Sibn tage soltu
lŏse	1	deiner svne lŏse noch erschein
widerkerunge	1	in der widerkerunge des iares
derscheinen	1	deine knechtil derscheinen in der
geheb	1	ł ouf geheb die heiden
gesewertes	1	opfer ouf gesewertes brot das
qamen	1	redt do qamen zu im
Iacincten	1	vnd er Iacincten vnd purpur
rotgeverbte	1	hare Und rotgeverbte widers heute
iacinctische	1	heute vnd iacinctische geverbte heute
olliecht	1	holcze vnd olliecht zu bereiten
racionale	1	vnd das racionale Welcher vnder
getesil	1	ringe vnd getesil mit rigelpflocke
rigelpflocke	1	getesil mit rigelpflocke vnd grunde
thimiamischs	1	ŏl vnd thimiamischs puluer von
Umbhenge	1	seinen grunt Umbhenge die turn
Pflŏcke	1	der vorlouben Pflŏcke zu dem
bereitem	1	mit willigem bereitem vnd andechtigem
gerŏte	1	har vnd gerŏte widers heute
allerleier	1	Silber vnd allerleier opferten sie
gewurmeltes	1	purpir vnd gewurmeltes vnd pfelle
freiem	1	dar mit freiem willen Die
vorwor	1	Die fursten vorwor opferten oniknien
innigem	1	vrowen mit innigem herczen so
williclychen	1	hant Alle williclychen weihten das
erffullet	1	hat in erffullet mit dem
czimmer	1	vnd in czimmer werk Was
czymmer	1	kvnnen machen czymmer werk gemengt
geworchtes	1	werk gemengt geworchtes werk vnd
smidende	1	sie konden smidende wirken was
gelarte	1	vnd alle gelarte man den
eigenwillen	1	von irem eigenwillen sich dorzu
butils	1	dorvmme mit butils stimme rufen
licheit	1	hei DUS licheit Und also
vberflussik	1	was vnd vberflussik hetten Und
gemengter	1	werk vnd gemengter kunft Der
iacintische	1	machte her iacintische ŏrl an
clingel	1	das die clingel gegen ein
seumil	1	an dem seumil der andern
ereyne	1	Und funfczig ereyne heftil do
heftil	1	funfczig ereyne heftil do mit
behield	1	ein halbe behield ir breite
czudin	1	mittages gegen czudin mit vierczig
bereinen	1	sil DUS bereinen grunden Czwene
gestosen	1	rigel mochte gestosen Und die
houbten	1	mit den houbten vorgulte giessende
purpern	1	vnd von purpern vnd von
hovbten	1	mit irn hovbten die her
reckende	1	tafeln ous reckende ire flugel
vmlegte	1	halbe Und vmlegte yn mit
lebse	1	einen guldeinen lebse vm vnd
gieskopfe	1	vas trinkvas gieskopfe vnd DUS
schurscheren	1	mit iren schurscheren vnd lesch
lesch	1	schurscheren vnd lesch vassen in
vnd̄	1	giengen hŏrner vnd̄ vmmelegte den
confecten	1	siten der confecten et cetera
chte	1	ma DUS chte her allerlei
neczes	1	gestalt eines neczes machte her
elterlin	1	alters ein elterlin giessende vir
rostes	1	enden des rostes zu lasen
spigeln	1	von vrowen spigeln die aldo
funfczehn	1	des geczeldis funfczehn doum elen
vorhanck	1	her einen vorhanck mit genetem
czimmermeister	1	ein hŏer czimmermeister vnd ein
webir	1	vnd ein webir wirkende mancher
wirkende	1	ein webir wirkende mancher hande
neter	1	Und ein neter von iacinten
thho	1	thoho bzde thho thoho bzde
vorworcht	1	das do vorworcht wart in
funfhunderten	1	hundert tousenten funfhunderten vnd funfczic
funfczic	1	funfhunderten vnd funfczic wepnern Nu
wepnern	1	vnd funfczic wepnern Nu waren
centneren	1	ous hundert centneren yclicher centener
gemengtis	1	gebleichter pfelle gemengtis werkes Und
dvnte	1	vnd zu dvnte sie in
vedem	1	sie in vedem so das
gewirken	1	gedringen oder gewirken oder geneen
geneen	1	gewirken oder geneen mit der
wenil	1	vorigen varb wenil Und czwei
exodi	1	er xxxix exodi EXO czwen
gementes	1	ein racional gementes werkis noch
topasins	1	sardius vnd topasins vnd der
vmmegeben	1	der berillus vmmegeben vnd ein
ordenungen	1	in iren ordenungen vnd die
ketlein	1	dem racional ketlein die an
ragten	1	humeralis ous ragten dise beide
wekilten	1	slaffende icht wekilten vnd wurden
iacinctisschein	1	alczu male iacinctisschein vnd ein
kepil	1	vnd ein kepil oben in
innersten	1	an dem innersten teile des
rokkis	1	teile des rokkis vm vnd
geworchtis	1	leineine rocke geworchtis werkis vnd
kronlein	1	mit iren kronlein ous pfelle
gewurmeltm	1	purpir von gewurmeltm czwir geverbt
erunge	1	der heiligen erunge von reinem
Uolkomen	1	het gepoten Uolkomen ist dorvmme
bower	1	allen seinen bower rat Die
rigil	1	tafeln di rigil die seulen
gerŏten	1	von den gerŏten widers heuten
confecte	1	die thimiamisch confecte von wurczen
grebiln	1	mit den grebiln Nichtesnicht was
oufrichten	1	menedis saltu oufrichten das geczelt
czeuknusses	1	xl EXO czeuknusses vnd secze
vmhengen	1	mit seinen vmhengen vnd seinen
bunge	1	sal DUS bunge bekvme in
bekvme	1	DUS bunge bekvme in die
vberpreite	1	seulen vnd vberpreite das dach
vberdeckin	1	vber die vberdeckin als vnser
saczes	1	des vor saczes Ouch saczte
eute	1	vorhange vnd eute dor ouf
vorhang	1	gange einen vorhang Aber do
vorlies	1	das geczelt vorlies so czogen
nser	1	Leuiticus U nser herre rufte
glit	1	Und die glit die zu
ordenlichn	1	howen sint ordenlichn dorouf legen
keuchiln	1	von turkiltouben keuchiln Und die
vorrenke	1	alter vnd vorrenke ir das
cropfel	1	alters Das cropfel vorwar des
flugelein	1	her sein flugelein vnd sol
suzes	1	ein opfer suzes ruches vnserm
heilcheit	1	opfert der heilcheit opfer vnserm
Semil	1	vnserm herren Semil wirt sein
vngesowertes	1	bakouen als vngesowertes brot mit
besmirt	1	mit ol besmirt Ist das
dvnne	1	teile sie dvnne vnd geusse
sowerteiges	1	noch nichtesnicht sowerteiges noch honigs
salcze	1	mache mit salcze noch heb
nir	1	mit den nir LEUIT lein
nirleinen	1	mit den nirleinen vnd mit
nyrl	1	Und beide nyrl mit der
neczlin	1	mit dem neczlin das do
getunke	1	her ein getunke den vinger
genemsten	1	weirouches des genemsten vnserm herren
schutet	1	aschen hin schutet sullen werden
vnvornvnft	1	vnd von vnvornvnft das tut
vornvmen	1	Und dornach vornvmen hat seine
kalbis	1	ouf des kalbis houbte vor
gekrezsemt	1	do ist gekrezsemt von seinem
vornimet	1	vnd dornach vornimet sein svnde
pflugt	1	enczunten opfertir pflugt zu slahen
veistischeit	1	grunt sein veistischeit vorwar enczunde
einczwedir	1	ein geczeug einczwedir das her
vorbrenget	1	irem mvnde vorbrenget so das
vorrenkende	1	die svnde vorrenkende im das
vederlein	1	zu den vederlein also das
trifen	1	las her trifen an seinen
semýl	1	die svnde semýl das czehende
vbirtrittet	1	ein sele vbirtrittet die heilicheit
gekoufen	1	man mag gekoufen vmbe czwei
vorgebn	1	wirt im vorgebn wenne her
vorlornes	1	oder ein vorlornes dink vindet
vsiln	1	LEUITICUS zu vsiln Aber das
werfende	1	sol neren werfende holcz dor
czunden	1	wirt an czunden die veisticheit
gesowert	1	es nicht gesowert werden wenne
kresemunge	1	tage der kresemunge Das czehende
ereines	1	es ein ereines vas ist
nyrlein	1	die czwei nyrlein vnd die
weyrouch	1	alter Der weyrouch ist das
pekt	1	das man pekt in dem
saggunge	1	gnaden dink saggunge so sol
laganische	1	mit ol laganische ostir vlecken
ostir	1	ol laganische ostir vlecken besalbet
gedreiekte	1	semil vnd gedreiekte cleine semil
gemischtem	1	mit zu gemischtem ŏle besprengt
gesowerteigte	1	besprengt Und gesowerteigte brot mit
geusset	1	der do geusset des opfertyres
eczwas	1	aber das eczwas vbir bleibt
frvmet	1	opfer noch frvmet nicht dem
opfernden	1	nicht dem opfernden Wenne vil
vewer	1	svnder mit vewer vorbant Der
vorbant	1	mit vewer vorbant Der do
greiffet	1	do an greiffet vnreinikeit des
gevnreinigen	1	die do gevnreinigen mugen vnd
veisti	1	zu Die veisti LEUITICUS keit
keit	1	veisti LEUITICUS keit des ochsens
erhebunge	1	der ouf erhebunge vnd die
cleidte	1	hette do cleidte ł her
twingende	1	das humerale twingende das mit
heiligende	1	do her heiligende besprenget hette
weihte	1	in vnd weihte in Und
gesneiten	1	den in gesneiten vnd das
smerlein	1	mit irem smerlein enczunte her
hib	1	den wider hib her in
geweide	1	das in geweide vnd die
getotten	1	blvte des getotten widers het
nirl	1	die czwei nirl vnd die
gedreiektis	1	vnd ein gedreiektis semil brot
gehuben	1	das ouf gehuben vor vnserm
Cochet	1	in sprechende Cochet das vleisch
isra	1	gepurt von isra LEUITICUS hel
getŏtest	1	wenne du getŏtest das opfertir
vmbrink	1	des alters vmbrink Und das
glidern	1	mit allen glidern opferten sie
erhebende	1	schuldern svnderte erhebende sie vor
rŏcken	1	mit leineinen rŏcken vnd wurfen
entplŏssen	1	ir nicht entplŏssen vnd ewer
ysrahelischs	1	vnd alles ysrahelischs hous sullen
anczvnden	1	clagen das anczvnden das vnser
erwekt	1	herre hat erwekt Aber ir
trunkken	1	das do trunkken mag gemachen
erkentnusse	1	kunst der erkentnusse vnder dem
vnheiligen	1	vnd dem vnheiligen vnder dem
sawerteig	1	das an sawerteig bei dem
bbrust	1	vnd die bbrust vnd die
cleglichem	1	rechten mit cleglichem herczen Do
gespaldne	1	hat ein gespaldne cla vnd
yndrucket	1	Was do yndrucket vnd hat
vngespalden	1	klaen aber vngespalden sam das
ygel	1	achten Der ygel der do
enspeldet	1	claen nicht enspeldet ist vnreine
indruket	1	her ouch indruket svnder der
sov	1	vnd die sov wenne sie
indrukt	1	aber sie indrukt nicht Diser
essen;	1	czimlich zu essen; alles das
gestalt;	1	in seiner gestalt; den strousen
tovcher	1	howen den tovcher den storchen
onocrotil	1	swanen den onocrotil den pellican
vledermaus	1	widhopfen die vledermaus alles das
keuer	1	vnd die keuer vnd der
athak	1	vnd der athak vnd der
opimak	1	vnd der opimak Und allirlei
vierfusig	1	die do vierfusig geen wirt
cocodril	1	maus der cocodril noch seinem
hermil	1	geslechte; Das hermil vnd der
cameleon	1	vnd der cameleon der femol
femol	1	cameleon der femol vnd die
eudechse	1	vnd die eudechse vnd der
tahneine	1	das - tahneine vas dor
nasses	1	Und alles nasses das man
gedreifuste	1	ouen oder gedreifuste topfe so
begeusset	1	mit wasser begeusset vnd dornach
tregit	1	oder es tregit der schol
slinget	1	vier fuzen slinget oder hat
sleppet	1	fuze oder sleppet sich ouf
vnreinigt	1	vnrein Nicht vnreinigt ewer selen
enruret	1	selen noch enruret nichtesnicht der
blutsuchte	1	abscheidunge der blutsuchte Und an
reinunge	1	tage ir reinunge Ist aber
flusses	1	siten des flusses der seuche
turkilteubel	1	oder ein turkilteubel vmme die
turkiltŏubil	1	sie czwei turkiltŏubil oder czwei
blater	1	oder ein blater oder etwas
leuchtendes	1	oder etwas leuchtendes das ist
leuchtende	1	das ein leuchtende glencze ist
tvnkler	1	ousseczikeit ist tvnkler vnd hat
schurf	1	ist der schurf Vnd waschen
vorvrteilt	1	vnreinikeit werden vorvrteilt Der slac
priefter	1	zu dem priefter der beschowe
vortvmen	1	vnd also vortvmen sol in
ousseczige	1	ein loufende ousseczige varbe an
oussecziket	1	iunger reiner oussecziket sol her
bedekt	1	weisse vnd bedekt gar den
schrunde	1	ein weise schrunde erscheinet oder
rotet	1	oder durch rotet so fure
schrunden	1	in der schrunden ist entsprossen
ousseczicheit	1	gestalt der ousseczicheit ist tvnkil
vortvme	1	ousseczikeit so vortvme er in
brvnst	1	schrvnde der brvnst LEUITICUS ist
slagis	1	stat des slagis gleich dem
benden	1	dem si benden tage steende
kvntlichen	1	worden vnd kvntlichen sage her
vorborgne	1	glenczende ein vorborgne weisse so
yn;	1	vorvrteile her yn; ane czweiuel
ousgesaczt	1	vnd wirt ousgesaczt noch dem
getrentes	1	habn ouf getrentes gewant vnd
vortumet	1	vorstopfet vnd vortumet vnd vnrein
beschreien	1	her sich beschreien alle czeite
wefil	1	an dem wefil oder vel
rotlechte	1	weislecht oder rotlechte dor an
vorsleusset	1	ist vnd vorsleusset das anderr
vbiral	1	ist oder vbiral die ousseczikeit
vorporgner	1	das si vorporgner wirt die
vorvngemeiligt	1	steten die vorvngemeiligt waren so
fligende	1	es ein fligende vnd ein
warfis	1	leineins des warfis vnd wefels
gewurmeltis	1	holcz vnd gewurmeltis vnd ysop
wimbrauen	1	vnd die wimbrauen vnd alles
opferspeisen;	1	mit seinen opferspeisen; Und der
turtiltŏubel	1	vnd czwei turtiltŏubel oder czwei
oles;	1	den sechster oles; das her
ŏls	1	Aber des ŏls ein teil
sprengt	1	hant vnd sprengt gegen vnserm
ŏlis	1	teil des ŏlis das do
gereinigten	1	houbt des gereinigten LEUITICUS so
turtiltoubil	1	Und das turtiltoubil oder das
toubenkeuchil	1	oder das toubenkeuchil opfer her
ouseczigen	1	opfer des ouseczigen der do
ousseczigheit	1	slac der ousseczigheit ist in
velbe	1	vlecke mit velbe oder mit
kraczens	1	des ab kraczens ous der
cleiben	1	anderm kote cleiben das hous
bestendige	1	es ein bestendige ousseczikeit vnd
gecleibet	1	anderweit ist gecleibet so reinig
reinig	1	gecleibet so reinig her das
gewurmiltes	1	holcz vnd gewurmiltes vnd ysop
sperlinc	1	den lebendigen sperlinc vnd tvnke
getŏtten	1	blut des getŏtten sperlinges Und
sperlings	1	blute des sperlings als in
gewurmilten	1	vnd dem gewurmilten Und wenne
lesit	1	sperling vrei lesit vligen ouf
schisenden	1	der ouf schisenden - platern
slefit	1	dorinne her slefit wirt vnrein
wassche	1	vleisch der wassche sein gewant
gewasschen	1	vnd er gewasschen in wasser
seinlicher	1	der ein seinlicher ist vnd
vorgetwagen	1	hat nicht vorgetwagen seine hende
turtiltovben	1	her czwu turtiltovben oder czwei
keuchil	1	czwei touben keuchil vnd kvme
worinne	1	abende Und worinne sie slefet
sitczet	1	slefet oder sitczet in den
turtiltouben	1	priester czwu turtiltouben oder czwei
vnflat	1	in irem vnflat so sie
bedackit	1	mit der bedackit wirt die
betetafeln	1	ouf der betetafeln es sei
offer	1	Ein kalp offer er vor
wetin	1	in nider wetin sol her
vorhullen	1	sein scheinde vorhullen vnd schol
gewaschn	1	so her gewaschn wirt sol
gebitet	1	kalp vnd gebitet vor sich
poten;	1	ous gesanten poten; vnd ouf
ousgesanten	1	pocke dem ousgesanten poten den
houfgelegten	1	des zu houfgelegten thymiamischen puluers
sterbe;	1	her icht sterbe; vnd heb
ostin	1	tafeln gegen ostin Und wenne
gepotin	1	als do gepotin ist von
geczeuknvs	1	geczelde des geczeuknvs das do
gesteckit	1	do ist gesteckit vnder in
czigenpockes	1	vnd des czigenpockes Und giesse
sprengende	1	vmme vnd sprengende mit dem
peichtige	1	houbt vnd peichtige alle die
wŭnschet	1	svnde Die wŭnschet her seinem
getregt	1	czigen pok getregt alle ire
wŭste	1	in eine wŭste erde Und
Gen\u0020er	1	dem alter Gen\u0020er vor war
menede	1	dem sibenden menede an dem
inlendige	1	wol der inlendige als der
pilgereymet	1	der do pilgereymet vnder euch
sprehende	1	gepoten hat sprehende Ein yclich
suzikkeit	1	ruche der suzikkeit vnserm herren
gevnkeuschet	1	sie habn gevnkeuschet Ein ewiges
nochkvmlingen	1	vnd iren nochkvmlingen Und sprechet
enfuret	1	geczeuknusses nicht enfuret so das
giesset	1	das gutlich giesset ouf meinen
vorgiesse	1	sein blut vorgiesse her vnd
XUIII	1	sein svnde XUIII Und vnser
sie;	1	muter ist sie; nicht enplecke
ousen	1	heime oder ousen sei geporn
vnczucht	1	fruntschaft ist vnczucht Die swester
trugenschaft	1	zu einer trugenschaft noch enplecke
vndewen	1	sie ous vndewen wirt ir
vorwasenunge	1	alle dise vorwasenunge habn getan
povleute	1	getan di povleute diser erden
worchtet	1	semeliche werk worchtet als sie
grausamen	1	von den grausamen ichtesicht vorgeen
abgŏten	1	zu den abgŏten Noch machet
gegosne	1	machet euch gegosne gŏte Ich
vorbranter	1	wirt ein vorbranter vnd der
vnge	1	vnd der vnge nemikeit schuldig
nemikeit	1	der vnge nemikeit schuldig der
cloube	1	lebenden eher cloube nicht ouf
speierl	1	die trouben speierl vnd die
kŏrner	1	ab gevallen kŏrner saltu nicht
vordrucke	1	mit gewalt vordrucke in Nichte
gemiten	1	lon deines gemiten knechtis bei
vngeleichlich	1	tu das vngeleichlich ist noch
Rechticlichen	1	des mechtigen Rechticlichen saltu richten
rouner	1	LEUITICUS ein rouner in dem
vngleichem	1	nicht mit vngleichem samen Das
czweierlei	1	das ous czweierlei geworcht ist
freiheit	1	noch der freiheit gegeben zu
pelczet	1	erde vnd pelczet dor ein
lŏblich	1	werden geheiligt lŏblich vnserm herren
in\u0020trovme	1	czoubern noch in\u0020trovme gelouben Ir
lŏcher	1	noch gebranter lŏcher an euch
gevnreinigt	1	ir icht gevnreinigt werdet von
graen	1	Uor dem graen houbte stee
psone	1	ere die psone des alden
wenne\u0020ir	1	euch selber wenne\u0020ir seit ouch
vngleicheit	1	gote Keinerlei vngleicheit sult ir
vorlasset	1	das das vorlasset das volk
ringwegende	1	recht sam ringwegende mein gepot
gehengt	1	der im gehengt hat so
molochen	1	got mit molochen Die sele
betriger	1	an die betriger vnd an
vnkeusschet	1	czouberer vnd vnkeusschet mit in
vnkeuschet	1	das ymant vnkeuschet mit eines
begeet	1	e brechen begeet mit der
weiplichem	1	noch w weiplichem orden beide
vnderleget	1	die sich vnderleget einem yclichen
beschovt	1	sie ouch beschovt die schemde
prevtet	1	Wer do prevtet mit einem
offent	1	sie selbir offent den brvnne
mvmen	1	schemde deiner mvmen vnd deiner
enplecken;	1	saltu nicht enplecken; wer das
enplŏset	1	LEUITICUS her enplŏset ane kinder
bleibn	1	ane kinder bleibn sie Behutet
Besiczet	1	spreche ich Besiczet ir die
Svndert	1	andern volken Svndert ouch dorvmme
weissagender	1	dem ein weissagender valscher geist
sterben;	1	sol her sterben; mit steinen
frvnden	1	an seinen frvnden vnd an
bescherren	1	das houbt bescherren noch den
snicz	1	sullen keinen snicz machen an
thohe	1	weirouch W thohe bzde thoho
ousgesaczet	1	zu hurheit ousgesaczet sol her
werden;	1	nicht gemeiligt werden; noch sol
cresmunge	1	der heiligen cresmunge seines gotis
vortribne	1	vnd ein vortribne vnd ein
vormeiligte	1	vnd ein vormeiligte vnd ein
pouil	1	magschaft dem pouil seines volkis
vlecten	1	einer zu vlecten nasen oder
tri	1	oder mit tri LEUITICUS fenden
hŏkrecht	1	ougen oder hŏkrecht Ist das
vortirbt	1	vnreinikeit der vortirbt vor vnserm
angreifunge	1	vnreines des angreifunge ist vnrein
Sturblinge	1	ist es Sturblinge vnd was
geheiligten;	1	von den geheiligten; Das ingesinde
kovfet	1	der priester kovfet vnd der
gebreutet	1	volk wirt gebreutet von den
czigen;	1	vnd vz czigen; ist das
opfern;	1	man das opfern; aber das
vorkurczte	1	brochen oder vorkurczte oder vorhowene
vorhowene	1	vorkurczte oder vorhowene oder abe
ouslendigen	1	hant eines ouslendigen sullet ir
vorserit	1	Und wenne vorserit vnd vormeiligt
danksagunge	1	der genaden danksagunge vnserm herren
tvn;	1	nicht doran tvn; der heilige
veierlicher	1	tag wirt veierlicher vnd heiliger
sneidet	1	wenne ir sneidet die sat
gebundil	1	sol das gebundil erheben vor
vngemeiligtis	1	toten ein vngemeiligtis ieriges lamp
semilmvs	1	vnd ein semilmvs vnd groupen
groupen	1	semilmvs vnd groupen Nicht sult
erfullunge	1	tag der erfullunge der sibenden
gesowerteigter	1	czwein czehenden gesowerteigter semeln; die
semeln;	1	czehenden gesowerteigter semeln; die sult
erscholnen	1	gedechtnusse mit erscholnen bu sovnen
sovnen	1	erscholnen bu sovnen vnd wirt
werkliches	1	herren alles werkliches werk zu
sibn	1	der geczelt sibn tage vnserm
dienstliches	1	sammenunge Alles dienstliches werk sult
tag;	1	wirt veier tag; das ist
povmes	1	eines schonen povmes vnd palmczweige
palmczweige	1	povmes vnd palmczweige vnd von
czweige	1	este dicker czweige vnd weiden
herren\u0020gote	1	vor ewerm herren\u0020gote Und veiern
olpovmen	1	ŏle von olpovmen reines vnd
gefluchet	1	vnd im gefluchet der wart
fluchet	1	der do fluchet seinem gote
volkis;	1	menge des volkis; Her sei
anders;	1	geb ein anders; das ist
Czan	1	vmme ouge Czan vmme czan
euch;	1	sei vnder euch; Es svnde
XXU	1	etcetera Und XXU vnser herre
mitlinge	1	deinem ł mitlinge Und dem
ekern	1	ouf den ekern Die vordriste
vordriste	1	ekern Die vordriste frucht deines
weinlesens	1	frucht deines weinlesens soltu nicht
vorkoufest	1	du ichtesicht vorkoufest deinem purger
wechsset	1	also vil wechsset ouch das
czelet	1	der iare czelet also vil
seet	1	fruchte Und seet des achten
nevnde	1	in das nevnde iare vncz
vorarmet	1	dein bruder vorarmet vnd vorkoufet
erbil	1	vorkoufet sein erbil vnd ist
gevinden	1	das lon gevinden zu ledigen
gena	1	in dem gena LEVITICUS den
hŏue	1	den Ir hŏue vor der
sochender	1	wirt vnd sochender hant vnd
enpfehest	1	vnd du enpfehest in sam
Vŏrchte	1	hast gegeben Vŏrchte deinen got
sein;	1	her dir sein; vncz bis
gnadenreichen	1	zu dem gnadenreichen iare sol
nochkvmelingen	1	zu ewern nochkvmelingen vnd sult
vormugende	1	Ist das vormugende wirt bei
pilgereimes	1	oder des pilgereimes vnd dein
gefrunter	1	vnd sein gefrunter nehster Und
vormag	1	es selbir vormag er lŏset
Achtende	1	lŏset sich Achtende also vil
koufer	1	gebe dem koufer das do
vorgedienet	1	im hat vorgedienet abgeslagen nicht
freuelichn	1	in peinigen freuelichn in deiner
czeichenlichen	1	noch keinen czeichenlichen stein legt
czeitliche	1	ich euch czeitliche regen geben
ŏpfeln	1	werden mit ŏpfeln erfullet Vnd
sneidunge	1	wirt der sneidunge snit das
bekvmmern	1	weinlesen wirt bekvmmern das seen
Uortilgen	1	wirt erschrecken Uortilgen wil ich
vor\u0020euch	1	werden vallen vor\u0020euch Jagen wer
wachsende;	1	euch machen wachsende; gemeret werdet
dienecht	1	ir icht dienecht Und der
vorwerfet	1	das ir vorwerfet meine r
gevressen	1	veinden wirt gevressen Mein anblik
anblik	1	gevressen Mein anblik wil ich
czuchtigunge	1	e ewer czuchtigunge sibenveldiclich durch
sibenveldiclich	1	ewer czuchtigunge sibenveldiclich durch ewer
Uorczert	1	erde erein Uorczert wirt vnnuczlich
veldiclich	1	in siben veldiclich durch ewer
werticlichen	1	wandert wider werticlichen mir Und
vlihet	1	wenne ir vlihet in die
vorvunmenschen	1	aptgote Und vorvunmenschen wirt euch
vorkere	1	ewer stete vorkere in ein
enplosen	1	vnd wil enplosen noch euch
rousch	1	wirt die rousch eines vligenden
blatis	1	eines vligenden blatis vnd also
Uorterben	1	wider steen Uorterben werdet ir
gepflagt	1	werden sie gepflagt vncz bis
vnbesnitens	1	wirt ir vnbesnitens hercze Und
vorturben	1	sie gar vorturben vnd irre
sechczigsten	1	czu dem sechczigsten iare gebe
fŭnfczig	1	gebe er fŭnfczig scot silbers
meidil	1	vor das meidil drei Uon
vormuge	1	das her vormuge zu geben
gewechsiln	1	heilig vnd gewechsiln mag her
nicht;	1	her das nicht; das ist
posers	1	noch ein posers mit einem
wechsilt	1	das er wechsilt vnd das
poze	1	ob es poze oder gut
achtvnge	1	teil der achtvnge hin vber
schŏffeln	1	mit dreissik schŏffeln beseet die
gegelden	1	als her gegelden mag als
gnedigen	1	zu dem gnedigen iare vnd
geheiligter	1	wirt ein geheiligter tag vnserm
geho	1	vnsern herren geho TICUS ret
geachten	1	mans mag geachten Alles das
vlehunge	1	Und alle vlehunge die man
LIBRUM	1	NUMERI PRIMUS LIBRUM svnder des
funftes	1	zu ir funftes teil Allerlei
hirtens	1	ruten des hirtens geen des
wechselt	1	andern vor wechselt Und das
vorwechsilt	1	das do vorwechsilt ist das
leuiticus	1	genant ist leuiticus ein ende
svnderliche	1	vnd ir svnderliche namen was
czelende	1	andern menedis czelende sie durch
ousczihende	1	hin vber ousczihende zu streit
ycleicher	1	fint mit ycleicher namen von
czalten	1	die do czalten vnd vnd
geslech	1	in den geslech NUM ten
geturmen	1	noch seinen geturmen vnd scharen
wachn	1	menige Und wachn sullen sie
svnderlich	1	sprechende Icliche svnderlich noch iren
sibenczigtousent	1	vier vnd sibenczigtousent vnd sechs
2ᵐraᵐ	1	vnd funf 2ᵐraᵐ ii Nui
Nui	1	2ᵐraᵐ ii Nui NUM czig
gestecken	1	im haben gestecken die geczelt
erstgeporner	1	svne Sein erstgeporner dornach vnd
gebroucht	1	kinder vnd gebroucht vnd der
ouswendiger	1	priesterschaft Ein ouswendiger der zu
gepurde	1	die ersten gepurde in der
mein;	1	sint sie mein; ich herre
gerson	1	Die svne gerson vnd Die
vorhenget	1	den man vorhenget in dem
semlichs	1	vnd alles semlichs gerete Aber
wacher	1	vber di wacher der hute
beczelden	1	seulen Und beczelden sullen sie
czweivndczweinczig	1	vber werden czweivndczweinczig tousent Und
gepurte	1	Die ersten gepurte vnd der
sibenczigen	1	drei vnd sibenczigen die do
geczeuk	1	arche des geczeuk NUMERI nusse
gies	1	morser vnd gies kopfe vnd
vberhange	1	mit einem vberhange von iacincten
leschvassen	1	czangen vnd leschvassen Und mit
lucern	1	anrichten der lucern notdurft sint
vberdeke	1	dorvber ein vberdeke iacincteiner heute
purpureine	1	in eine purpureine wat Und
gebrouchet;	1	seinem dienste gebrouchet; das ist
fewerschirben	1	haken vnd fewerschirben Alle vas
vmhange	1	mit einem vmhange iacincteiner heute
gewinden	1	nv ein gewinden vnd seine
houflegunge	1	die zu houflegunge des weirouches
steticlichn	1	das man steticlichn opfert vnd
vnfer	1	sint Und vnfer herre redte
entscheiden	1	vnd suln entscheiden yclicher werk
iaren;	1	zu funfczig iaren; czele alle
dienstes;	1	vas des dienstes; heissende vnd
gepeude	1	czu dem gepeude des gelubdes
powrat	1	vas vnd powrat an der
fiten	1	erfullen die fiten des geczeldis
geender	1	iare ein geender zu dem
wonenden	1	wenne sie wonenden sein mit
vorsavmnŭsse	1	vnd mit vorsavmnŭsse vbir treten
peichtigen	1	vnd vorlasen peichtigen sullen sie
genomenlich	1	priesters Ous genomenlich des widers
ebrechn	1	svnder das ebrechn ist vorporgen
geczigen	1	wanes wirt geczigen so fure
vor\u0020sie	1	vnd opfer vor\u0020sie das czehende
gersteines	1	czehende teil gersteines meles einer
spurendes	1	vnd ein spurendes opfer des
heilieges	1	sol her heilieges wasser in
tennein	1	in ein tennein vas vnd
estreiche	1	von dem estreiche des geczeldis
vorbannen	1	her mit vorbannen vorvluchte hat
Vorkisende	1	gemeiligt bist Vorkisende des mannes
gehouffent	1	ich vorvluchet gehouffent Ist aber
vlŭchen	1	manne den vlŭchen w wirstu
Voulende	1	seinem volke Voulende mache her
vorvoule	1	bouch geswellende vorvoule deine brust
pŭchil	1	in ein pŭchil die vorvluchten
abtilgen	1	sol sie abtilgen mit den
vorfluchten	1	her die vorfluchten hat gehoufent
gehoufent	1	vorfluchten hat gehoufent vnd geb
enczŭnde	1	opfert vnd enczŭnde das ouf
vorsmehende	1	ist vnd vorsmehende den man
blasnem	1	mit czu blasnem bouche vorvoulet
vorvoulet	1	blasnem bouche vorvoulet ir die
wegit	1	man der wegit von dem
Essik	1	sich enthalden Essik von weine
gedrukt	1	der weintrouben gedrukt wirt sullen
Urische	1	nicht trinken Urische weintrouben vnd
trukne	1	weintrouben vnd trukne sullen sie
geheiliget;	1	herren werden geheiliget; was von
weinhŭlsen	1	an die weinhŭlsen sullen sie
gehlingen	1	das ymant gehlingen vor im
sibendes	1	wider des sibendes tagis an
ŏsterlichen	1	korp mit ŏsterlichen broten die
Opfernde	1	vnserm herren Opfernde ouch do
gesowerteigten	1	vnd einen gesowerteigten kuchen ous
licze	1	ant ERI licze vnd erparme
Anrufen	1	dir fried Anrufen werden sie
kresemte	1	richte vnd kresemte vnd heiligte
vordakte	1	wurden Sechs vordakte wegen NUM
pŭrden	1	dienen Und pŭrden ouf iren
Besvnderlich	1	sprach zu Besvnderlich die fursten
mŏrser	1	Einen guldein mŏrser von czehen
mŏrserl	1	ein guldein mŏrserl das do
ierigs	1	vnd ein ierigs lamp zu
schok	1	vnd hundert schok scot ein
weihrou	1	scot voller weihrou ERI ches
gewich	1	an dem gewich NUM te
czigenpoke	1	wider funf czigenpoke funf ierige
svnea	1	opfer des svnea An dem
heilicheit;	1	opfer der heilicheit; ein guldein
czwelften	1	An dem czwelften tage der
scot;	1	vnd hundert scot; Czwelf ochsen
weihung	1	in der weihung des alters
ratvregte	1	so das ratvregte die bettafel
borea	1	dem winde borea vber sehen
mitterste	1	wol der mitterste povm als
ouswachsende	1	der stengil ouswachsende ist Noch
lauterunge	1	wasser der lauterunge vnd sullen
peuche	1	alle weibes peuche in nym
wuschen	1	sie vnd wuschen ir gewant
virczehnden	1	an dem virczehnden tage des
geratvragen	1	das wir geratvragen w was
osterbroten	1	abende mit osterbroten vnd mit
vberbleiben	1	nicht lasen vberbleiben vncz bis
pilge	1	Und der pilge ERI reime
nevkumen	1	vnd der nevkumen ob sie
stackten	1	seinem gepot stackten sie das
doruf	1	czeit bleib doruf so waren
anbrechunge	1	in der anbrechunge des tages
purge;	1	sie die purge; noch dem
busovnest	1	bewegit Und busovnest mit den
erschellest	1	einem male erschellest so sullen
erschellunge	1	das die erschellunge lenger vnd
semelichem	1	lout vnd semelichem clange der
hellende	1	andern tvn hellende die busovnen
valdige	1	das ein valdige volk der
silouten	1	vellen sullen silouten Die svne
heulende	1	sullet ir heulende mit den
ordenungen;	1	vnd ir ordenungen; der furste
oufrichtunge	1	stat der oufrichtunge Die purge
czihunge	1	vnd die czihunge der durch
geben;	1	vns wil geben; kvm mit
hunderte	1	vorbrant das hunderte te teil
anczundunge	1	stat namen anczundunge do von
gemischte	1	das gemeine gemischte volke das
begirunge	1	in der begirunge des vleisches
gesellende	1	vnd weinte gesellende sich gleich
kurbs	1	vns die kurbs vnd pfeben
pfeben	1	kurbs vnd pfeben lauch vnd
bedellisch	1	varbe als bedellisch harcz Und
cloubte	1	vmme vnd cloubte das vnd
cochte	1	morser vnd cochte das ī\u0020einem
ī\u0020einem	1	cochte das ī\u0020einem topfe vnd
kuchelin	1	dorous k kuchelin des smackes
geŏltis	1	smackes sam geŏltis brot Und
dvncket	1	das anders dvncket so bite
pŏsem	1	also vil pŏsem icht werde
absteige	1	das ich absteige v vnd
czehne	1	funfe oder czehne noch czweinczig
fuzgeende	1	hundert tousent fuzgeende sint dises
vnmugende	1	vnsers herren vnmugende erst nv
samende	1	vnsers herren samende sibenczig man
man;	1	purgen czwen man; der eine
beraste	1	ouf den beraste der geist
marithim	1	erwelter ous marithim sprach M
vorpent	1	Mein herre vorpent vns Und
sprachch	1	Und was sprachch her hassestu
hassestu	1	sprachch her hassestu vor mich
trukenten	1	mucken vnd trukenten sie in
mŏrinne	1	housvrowe die mŏrinne vnd sprachen
gutigiste	1	der aller gutigiste mensch vber
gewulkens	1	seule des gewulkens vnd stund
semelicher	1	nicht ein semelicher ist als
getrewste	1	ist der getrewste wenne von
ratsal	1	nicht durch ratsal vnd bei
tŏrlichen	1	di wir tŏrlichen habn begangen
ouswurflink	1	als ein ouswurflink das do
gespeiet	1	ir vater gespeiet in ir
schamrote	1	tage mit schamrote vnder gossen
;	1	geben wil ; y einen
scepters	1	geslechte des scepters der svn
bese	1	sante zu bese hen die
vberczeitige	1	man nv vberczeitige trouben mochte
weinrebe	1	si ein weinrebe mit irr
trouben;	1	mit irr trouben; die trugen
czeigten	1	aller menge czeigten sie die
gesweigete	1	Under des gesweigete des volkes
schenten	1	vns Und schenten die erde
heunischem	1	kinder von heunischem geslechte gegen
gegleichet	1	den wir gegleichet wurden gesehen
preiten	1	in diser preiten wustenunge O
vmmegeczogen	1	ouch heten vmmegeczogen die erde
widerspennig	1	Nicht seit widerspennig gegen vnserm
vns;	1	ist mit vns; nicht vorchtet
erworffen	1	steinen han erworffen Do erschein
enczeuhet	1	zu Worvmme enczeuhet mir das
sterkers	1	vnd ein sterkers wenne das
Gegroset	1	der wustenunge Gegroset werde dorvmme
oufhebende	1	vil barmherczicheit oufhebende die missetat
vorlasende	1	svnde vnd vorlasende keinen vnschuldigen
Uorgib	1	vierde geslechte Uorgib des bite
enczogen	1	die mir enczogen haben wirt
talen	1	in den talen morgen beweget
leichnam;	1	ewer toten leichnam; alle die
mich;	1	gemurmelt wider mich; nicht wert
murmelnde	1	hetten gemacht murmelnde alle menige
schendende	1	vnsern herren schendende die erde
vbirtretit	1	sprach Worvmme vbirtretit ir das
vorplendet	1	Und dise vorplendet czugen ouf
vreiem	1	oder von vreiem willen opfernde
enczundende	1	ewern hochczeiten enczundende suzen ruch
bz	1	opfern thoho bz de e
sŭzem	1	zu einem sŭzem ruche vnserm
pŏcke	1	lemmer vnd pŏcke also wol
mvsen	1	den zu mvsen sult ir
gessenheit	1	vor ERI gessenheit vbirtreit ichtesicht
vbirtreit	1	ERI gessenheit vbirtreit ichtesicht der
irretum	1	von irem irretum Und wirt
frem	1	als den frem NUM den
spenig	1	der wider spenig gewesen vorterben
gemachet;	1	her irre gemachet; dorvmme wirt
wŭstnunge	1	in der wŭstnunge vnd heten
cloubende	1	einen menschen cloubende holcz an
vorslussen	1	menige die vorslussen in in
mentil	1	winkel der mentil vnd legen
iacincteine	1	dor an iacincteine pendil Wen
vnkeuschende	1	iren ougen vnkeuschende an mancherlei
zvnen	1	von den zvnen erstunden wider
erstunden	1	den zvnen erstunden wider vnd
Worzu	1	vnser herre Worzu erhebit ir
schŏpfet	1	rat vnd schŏpfet fewer morgen
stundet	1	Und ERI stundet vor der
dientet	1	vnd im dientet Hat her
heisen	1	dich dorvmme heisen czu im
rŭfte	1	das her rŭfte vnd die
tŏttest	1	du vns tŏttest in der
wurdest	1	wŭstenunge vnd wurdest vber vns
vleŭset	1	do - vleŭset mit pechen
honigseimes	1	milch vnd honigseimes vnd hast
weihrouch	1	legt dorouf weihrouch opfernde vnserm
rouchvasse	1	vnd funfczig rouchvasse Und ouch
gehoufet	1	vnd heten gehoufet wider sie
nei	1	Die vilen nei ERI gende
ergrimmet	1	alles volke ergrimmet Und vnser
nochvolgende	1	zu vnd nochvolgende im die
vorstrikt	1	ir icht vorstrikt werdet in
ousgeende	1	geczelden vnd ousgeende stunden in
vorgetragen	1	dise han vorgetragen Ist das
vorslindet	1	mvnt vnd vorslindet sie vnd
vorslinde	1	icht ouch vorslinde die erde
tŏden	1	in den tŏden der svnder
hemerte	1	Und zu hemerte die in
hynnach	1	sie hetten hynnach mit den
ergremset	1	pflage hat ergremset Und do
vorterpnusse	1	do das vorterpnusse was gestillet
entschuten	1	von mir entschuten die clage
gegrunet	1	vant das gegrunet hett die
knopfel	1	het gewunnen knopfel vnd ousgesprosset
ousgesprosset	1	knopfel vnd ousgesprosset blute vnd
pletir	1	vnd ire pletir breite sie
Uŏr	1	mandil kern Uŏr trug dorvmme
widertraczenden	1	czeichen der widertraczenden ERI vnd
vorgenknvsse	1	in die vorgenknvsse sey wir
entreten	1	alter nicht entreten das sie
Wacht	1	zu euch Wacht in der
entspriesse	1	das icht entspriesse ein czorn
vmmehange	1	vnder dem vmmehange sint durch
lŏsunge	1	losen Des lŏsunge sol werden
sŭzen	1	in einem sŭzen ruche vnserm
genugende	1	sie besiczen genugende im an
enpeute	1	leuiten vnd enpeute in Wenne
ousgescheiden	1	dem herren ousgescheiden sullen sie
schŏnste	1	ir das schŏnste vnd das
iochs	1	noch nicht iochs hab getragen
vorpru	1	geceldis Und vorpru die das
rotis	1	ysop vnd rotis czwir geverbit
NVM	1	vnd wirt NVM vnrein bis
schŭten	1	sol sie schŭten ouserhalb den
gewescht	1	sein gewant gewescht der der
vberliet	1	hat ein vberliet noch kein
vorpindunge	1	noch kein vorpindunge doruber wirt
vorbruvnge	1	aschen der vorbruvnge v vnd
ysop;	1	ein reines ysop; der besprenge
bemeiligunge	1	mit semlicher bemeiligunge vorvnreinet Und
vorvnreinet	1	semlicher bemeiligunge vorvnreinet Und mit
wasschen	1	sprenget sol wasschen sein gewant
czweivnge	1	in eine czweivnge vnd sprachen
geern	1	man nicht geern mag; die
mag;	1	nicht geern mag; die wedir
ŏpfel	1	noch granat ŏpfel vnd vberal
Herre\u0020got	1	vnd sprachen Herre\u0020got erhore das
murmelunge	1	hore ir murmelunge Und vnsers
sammete	1	gepot vnd sammete die menige
krigenden	1	ir wider krigenden vnd ir
vngeloubigen	1	vnd ir vngeloubigen wenne ous
ousgefuren	1	wir euch ousgefuren wasser Und
kislink	1	czwir den kislink do giengen
begriffen;	1	vns hat begriffen; wie vnser
czyme	1	das vns czyme czu NUM
gebente	1	Durch die gebente strase wolle
lone;	1	an dem lone; nvr gar
pitenden	1	gehengen dem pitenden so das
vorlihe	1	das her vorlihe in zu
enplosest	1	wenne du enplosest den vater
enploset	1	her hette enploset seiner wat
vorpant	1	in Und vorpant sich in
stŭrben	1	das wir stŭrben in der
wullet	1	Unserr sele wullet nv vbir
leichste	1	dise aller leichste speise Umme
czeichen;	1	zu einem czeichen; welcher do
natir	1	ein ereine natir vnd saczte
esron	1	der wustenunge esron vnd liget
geneigen	1	haben sich geneigen so das
sesen	1	in vnd sesen in den
gegrabn	1	brvnne den gegrabn habn die
stebin	1	in iren stebin Und sie
lantstrase	1	In der lantstrase wolle wir
geczihn	1	bis wir geczihn durch deine
stetlin	1	in irn stetlin Die stat
sprichworte	1	in einem sprichworte Kvmet dan
Vewer	1	die stat Vewer ist komen
Uorgangen	1	We dir Uorgangen bistu volke
in;	1	Nicht vorchte in; Wenne in
grŏsten	1	zu den grŏsten der gepurt
pflucken	1	abe zu pflucken Aber her
bedeckit	1	von das bedeckit die angesicht
Kvme	1	wider mich Kvme dorvmme vnd
ousgetreiben	1	ł das ousgetreiben muge ous
vlŭche	1	den du vlŭche h houfenst
houfenst	1	vlŭche h houfenst Nu czogen
voriagen	1	muge sie voriagen Und got
czwiuelnde	1	Nicht sovme czwiuelnde kvmen zu
levte	1	sint dise levte sto ste
sto	1	dise levte sto ste ouf
vmmevangen;	1	weingerten waren vmmevangen; den sach
eslinge	1	sach die eslinge vnd fugte
geweichen	1	lincken mochte geweichen vnd stund
siczeres	1	ires ouf siczeres Und her
knvttil	1	mit einem knvttil Und vnser
slehstu	1	sich worvmme slehstu mich zu
vordienet	1	es hast vordienet vnd hast
vorspot	1	hast mich vorspot O vnd
erslŭge	1	ich dich erslŭge Und die
semeliches	1	y hab semeliches getan Und
worumme	1	der engil worumme hastu zu
steenden	1	dem wider steenden dich hette
stvndest	1	das du stvndest wider mich
eusseristen	1	in den eusseristen der stat
quamestu	1	rufte Worvmme quamestu nicht zu
zukvnfte	1	ich deiner zukvnfte lon nicht
er\u0020gabe	1	do sante er\u0020gabe zu vnd
fŭrt	1	wart do fŭrt er in
gegienk	1	hin ERI gegienk do gienk
vorvluch	1	NUM Wie vorvluch ich dem
vorbannet	1	herre nicht vorbannet Uon den
vorvluchtest	1	Das du vorvluchtest meinen veinden
czuntem	1	en ERI czuntem opfer vncz
erfullit	1	das nicht erfullit Czu gesegen
gefurt;	1	her zu gefurt; den segen
czouberlist	1	noch kein czouberlist in NUM
vluchst	1	Weder du vluchst noch gesegenst
gepute	1	mir got gepute Und sprach
anderstat	1	an ein anderstat ob leichte
vluchest	1	von danne vluchest Und do
hŏrer	1	hat der hŏrer der rede
weldechtin	1	als die weldechtin tal als
cedirpovm	1	als die cedirpovm neben dem
wasservasse	1	Ous seinem wasservasse vleusset wasser
Uressen	1	ein horne Uressen werden die
Leinende	1	mit geschossen Leinende hat her
gewecken	1	nymant tar gewecken Wer dir
benvmten	1	beroubt der benvmten eren Und
vbirtreten	1	mag ich vbirtreten die rede
vorbrenge	1	oder boses vorbrenge ous meinem
horer	1	hat der horer der rede
Entspriessen	1	aber nahen Entspriessen wirt ein
geuellet	1	Das erbe geuellet seinen veinden
Anevank	1	vnd sprach Anevank der heiden
geruderten	1	in drilch geruderten schiffen von
srahel	1	CAPITULUM ERI srahel aber in
abkere	1	so das abkere mein czorn
Uorterbe	1	den richtern Uorterbe ein yclicher
israhelischn	1	noch dem israhelischn manne in
her͛re	1	Und vnser her͛re sprach zu
geczurnet	1	her hat geczurnet vmme seinen
getŏtit	1	do wart getŏtit mit der
madianitinne	1	mit der madianitinne was der
madianitische	1	Vorwar das madianitische wip die
abtgotis	1	lagen des abtgotis vnd in
XXUICAPITULUM	1	a ber XXUICAPITULUM dornach do
Czelet	1	des priesters Czelet alle iarczal
entstunden	1	die do entstunden gegen vnd
geczenke	1	in dem geczenke do sie
allerczal	1	geslechte der allerczal was czwei
magschaft;	1	durch ire magschaft; von dem
svne;	1	der hette svne; von dem
magescheften	1	in iren magescheften von dem
benentnusse	1	czal der benentnusse zu\u0020iren erben
zu\u0020iren	1	der benentnusse zu\u0020iren erben D
leui	1	die gesinde leui Das gesinde
geczencke	1	in dem geczencke das do
rechtis	1	im Ein rechtis dink heischen
brvder	1	ist dein brvder Wenne ir
enwoldet	1	nige noch enwoldet mich nicht
Uorbesehe	1	Dem antworte Uorbesehe im got
eeuerte	1	houbt vnd eeuerte alles das
Ungemeiligter	1	opfern sullet Ungemeiligter ieriger lemmer
stetliche	1	ist das stetliche ganczenczunte opfer
geuset	1	von rechte geuset in allen
ganczenczvntem	1	opfern zu ganczenczvntem opfer dem
Ganczenczuntes	1	yclichem lamme Ganczenczuntes opfer des
vmgeenden	1	in dem vmgeenden iare noch
ganczenczvntes	1	ir weirouch ganczenczvntes opfer dem
gutige	1	das her gutige den herren
stetlichen	1	das ir stetlichen opfert Also
Ungemeiligt	1	opfer speise Ungemeiligt sult ir
opferspeisen	1	mit iren opferspeisen etcetera uch
dienstlichs	1	heilig Alles dienstlichs werck sult
dirklengunge	1	tack der dirklengunge vnd der
busov	1	vnd der busov ERI nen
selbenden	1	tak des selbenden manden wirt
svunde	1	vor die svunde an die
zu\u0020den	1	widern vnd zu\u0020den schafen sult
vierczehehen	1	vngemeiligter lemmer vierczehehen vnd yclicher
veiern;	1	ir richticlichen veiern; Und czigen
richticlich	1	sult ir richticlich halden Und
iuncvrowlichem	1	noch in iuncvrowlichem wesen; Ist
wesen;	1	in iuncvrowlichem wesen; Ist das
vorsaczt	1	dem sie vorsaczt hat ir
hovse	1	in dem hovse ires mannes
enthaldunge	1	mit anderlei enthaldunge peinige ire
vorczeuhet	1	tak das vorczeuhet das vrteil
iuncvroulichn	1	in dem iuncvroulichn wesen ist
bereiter	1	geslechten ous bereiter zu dem
castellen	1	vnd ire castellen vorbrante das
tousentern	1	heres den tousentern vnd den
hundertern	1	vnd den hundertern die do
derkant	1	do man derkant haben in
erwurgit	1	slafen die erwurgit Aber die
palgen	1	von czigen palgen vnd von
czyn	1	eisen vnd czyn vnd blei
achczigtousent	1	tousent vnd achczigtousent schaf vnd
sibenczik	1	funf vnd sibenczik schaf; Und
schaf;	1	vnd sibenczik schaf; Und von
sibenczik;	1	czwen vnd sibenczik; Uon den
gevilen	1	tousent menschen gevilen zu teile
gewesen;	1	streite waren gewesen; Uon dem
dreisik	1	siben vnd dreisik tousenten vnd
funfczigiste	1	nam das funfczigiste houbt vnd
armgespan	1	vingerlein vnd armgespan vnd kethlein
kethlein	1	armgespan vnd kethlein so das
yclicer	1	scot Wenne yclicer was her
genvgsames	1	vnser herre genvgsames landes ist
cenezyn	1	svn den cenezyn vnd den
derstanden	1	ir seit derstanden vor ewer
vorlest	1	der wustenunge vorlest er das
czymmern	1	wolle wir czymmern vnd stelle
vnbeschuldet	1	werdet ir vnbeschuldet bei dem
entvt	1	vnd nicht entvt nymant sei
enczihen	1	euch nicht enczihen wollen in
bowten	1	vmringe Dorvmme bowten di kinder
powten	1	kinder vorwar powten vnd vnd
meon	1	baal vnd meon vnd vorkarten
bekvmmerte	1	czoch vnd bekvmmerte ire dorfer
auothair	1	nante er auothair das ist
vorwandelten	1	geheisse gotis vorwandelten Ous czogen
herre;	1	geslagen vnser herre; Wenne ouch
stacten	1	sie vnd stacten ire geczelt
belsatim	1	bis zu belsatim an den
ebuisten	1	an den ebuisten steten der
einczihen	1	vber den einczihen in die
weitiste	1	geben das weitiste vnd den
sudenische	1	geen das sudenische teil vber
scorpionen	1	gesteige der scorpionen also das
heiset	1	das do heiset vnd werden
mitternachte	1	an der mitternachte teil von
geczilt	1	danne werden geczilt die ende
daphen	1	dem brvnne daphen Uon danne
bekvmen	1	Uon danne bekvmen sie gegen
geslosse	1	den si geslosse Dise erde
in steten	1	sie ouch in steten bleiben vnd
cziles	1	teil semliches cziles wirt Und
freivnge	1	gesundert zu freivnge den vlŭchtigen
vlŭchtigen	1	freivnge den vlŭchtigen so das
vorgeuset	1	der do vorgeuset blut Und
gemenlich	1	Und ous gemenlich der anderr
czwuvnd	1	der anderr czwuvnd virczig stete;
stete;	1	czwuvnd virczig stete; das ist
vluchtige	1	wenne der vluchtige vleuhet der
frŭnt	1	vleuhet der frŭnt des vorderbten
vorderbten	1	frŭnt des vorderbten mag in
gesteet	1	bis her gesteet in die
slahers	1	mit des slahers blut wirt
ersla	1	nehste des ersla W e
tŏten	1	den manslechtigen tŏten zu hant;
manslechte	1	wirt der manslechte schuldig des
ervorschet	1	vrage wirt ervorschet erledigt sol
rachers	1	ous des rachers hende vnd
vorterber	1	das der vorterber ous den
enlenden	1	die den enlenden sint benvmet
vlŭchtige	1	solde der vlŭchtige vncz bis
bischoues	1	tot des bischoues in der
slechtige	1	der man slechtige wider keren
blutes;	1	ist des blutes; Czu hant
sterbn	1	her ouch sterbn Die vortribnen
vortribnen	1	sterbn Die vortribnen vnd die
mŭgen	1	mit nichte mŭgen gekeren wider
vnschuldigem	1	die mit vnschuldigem blute wirt
teiltest	1	dem los teiltest die erde
benvmtes	1	gebist ir benvmtes erbe Dise
vmteilunge	1	schanden die vmteilunge der los
gepitende	1	den vnd gepitende im der
Breuten	1	ist geoffenbart Breuten sullen sie
vormischet	1	das icht vormischet werde die
weibesnam	1	vnd alle weibesnam man sullen
vetters	1	svnen irs vetters von dem
berichten	1	an zu berichten die e
vornvnftige	1	man vnd vornvnftige v Und
Tousenter	1	zu fursten Tousenter vnd h
⫶ten	1	euch ler ⫶ten ycliche dink
potscheften	1	vns wider potscheften durch welchen
beschowten	1	weintrouben vnd beschowten die erde
fruchtperkeit	1	erczeigten ire fruchtperkeit vnd brachten
murmmelte	1	herren gotes murmmelte ir in
svnel	1	sein cleines svnel in allem
beczilet	1	vnd hat beczilet die stat
czeigende	1	des nachtes czeigende euch den
bŏsen	1	leuten dicz bŏsen geslechtes die
gevolgt	1	hat noch gevolgt dem herren
wŭrden	1	sie gevangen wŭrden gefurt vnd
czoget	1	in wapen czoget ouf den
enstreitet	1	ouf noch enstreitet wenne ich
widerwertik	1	horen svnder widerwertik dem gepot
weintet	1	quamet vnd weintet vor vnserm
saset	1	gehengen Nu saset ir dorvmme
IICAPᵐ	1	czeit nd IICAPᵐ von danne
czŭgen	1	das wir czŭgen vber die
vberczuge	1	zu dem vberczuge der bach
streitest	1	dv icht streitest wider sie
vorwenen	1	ist sie vorwenen vnd in
vortilgende	1	wonen zu vortilgende die do
cittern	1	geperenden dir cittern vnd mit
roubenden	1	wart den roubenden vnd die
enpflŭhe	1	vnsern henden enpflŭhe Unser herregot
etcetera͛	1	herre got etcetera͛ nd III
slŭgen	1	vnd wir slŭgen sie vncz
kvnicreiches	1	reich des kvnicreiches zu Alle
vngemowerte	1	rigeln an vngemowerte merckte vngeczalter
vngeczalter	1	vngemowerte merckte vngeczalter die nicht
czweir	1	lant von czweir kvnige handen
sarion	1	die nennen sarion vnd die
sanir	1	vnd die sanir Alle stete
eiserens	1	vnd sein eiserens pette czeigt
czeigt	1	eiserens pette czeigt man d
besase	1	die erde besase wir in
vorczihet	1	erbe Gewapent vorczihet ewern brudern
her\u0020allen	1	also tu her\u0020allen reichen zu
grŏse	1	czeigen deine grŏse vnd deine
gegleichen	1	vnd sich gegleichen deiner sterke
czŭrnte	1	der herre czŭrnte mir durch
ŏsten	1	vnd gegen ŏsten sich wenne
gepent	1	disen Svnder gepent vnd creftige
tei	1	wirt in tei NOMIUS len
anpeter	1	alle seine anpeter ous ewer
vortigen	1	disen gegen vortigen tack lebte
vornvnft	1	vnd ewer vornvnft vor den
vornvnftiges	1	volk vnd vornvnftiges gros geslechte
sorgueldiclich	1	dich selben sorgueldiclich vnd deine
veierlichen	1	die elichen veierlichen gepot vnd
sorgueldiclichen	1	besiczen Behutet sorgueldiclichen ewer selen
gleichnŭsse	1	oder allirlei gleichnŭsse des vihes
gevŏgels	1	himel des gevŏgels oder krichender
krichender	1	gevŏgels oder krichender tir die
hebest	1	leichte ouf hebest deine ougen
geschopfet	1	do hat geschopfet dein herre
eisereinen	1	ous dem eisereinen ofen DEUTRO
czŭge	1	noch ein czŭge in die
vberczihen	1	werdet dor vberczihen vnd werdet
vorgestest	1	etwenne icht vorgestest des frides
gleichnvs	1	machet etwas gleichnvs volprengende poses
volprengende	1	etwas gleichnvs volprengende poses vor
vberczihende	1	die ir vberczihende den werdet
kvnt	1	y worden kvnt so das
vorsuchunge	1	heiden mit vorsuchunge vnd mit
gesichten	1	vnd vorchtlichen gesichten noch allem
wŏstest	1	das du wŏstest wenne der
ŏstenischen	1	gegen dem ŏstenischen teile so
wŏllende	1	do nicht wŏllende der sluge
vorgelegt	1	e die vorgelegt hat vor
mitler	1	vnd ein mitler czwischen got
gegrabne	1	mache dir gegrabne pilde noch
vnnvczlich	1	namen gotis vnnvczlich wenne nicht
vngepeinigt	1	bleibt her vngepeinigt der vber
vnnvcze	1	der vber vnnvcze dink nennet
tŏte	1	geben Nicht tŏte nicht brich
almechticheit	1	got sein almechticheit vnd seine
geprŭfet	1	haben heute geprŭfet das redende
vorwarste	1	geczelt Du vorwarste hie mit
UICAPITULUM	1	ewer besitczunge UICAPITULUM ᵐ as
ᵐ	1	besitczunge UICAPITULUM ᵐ as sint
vberczihet	1	der ir vberczihet die zu
enynkeln	1	vnd deinen enynkeln alle die
hŭte	1	gesetet so hŭte d dich
vorsuchen	1	Nicht soltu vorsuchen deinen herren
proutschaft	1	mit in proutschaft Dein tochter
betrenget	1	wenne sie betrenget deinen svn
vorhowe	1	ire welde vorhowe vnd ire
vorbrŭet	1	ire pilde vorbrŭet wenne du
behŭt	1	vnd hat behŭt den eit
czustrewe	1	er sie czustrewe vnd lenger
vorczihe	1	lenger nicht vorczihe rischlich in
rischlich	1	nicht vorczihe rischlich in gebende
vordienen	1	das sie vordienen Behute dorvmme
gehorst	1	Wenne du gehorst die gerichte
vnfruchtbers	1	bei dir vnfruchtbers ous beiden
gegaten	1	ous beiden gegaten also wol
bŏse	1	die gar bŏse seuchen der
einfŭren	1	her nicht einfŭren dir svnder
Vressen	1	deinen veinden Vressen wirstu als
oufgerakten	1	vnd einen oufgerakten arme so
meklich	1	deiner angesicht meklich vnd mit
muschest	1	gar zu muschest Ire pild
vorsere	1	dir noch vorsere dich dorvmme
nichtefnicht	1	Noch trage nichtefnicht ein von
vormeiligunge	1	als ein vormeiligunge vnd vorvnmenschet
vleisiclich	1	gepite behute vleisiclich das du
wostest	1	nicht en wostest Und du
ab;	1	nam das ab; dein fus
vndertreten	1	wart nicht vndertreten Nu sich
virczigste	1	sich das virczigste iare ist
behal	1	das du behal NOMIUS dest
opfel	1	vnd granat opfel vnd ŏlgerten
vbervlussicheit	1	aller dinge vbervlussicheit gebrouchest des
geseggenst	1	sat wirdest geseggenst deinem herren
Behald	1	hat gegeben Behald vnd behute
vorsoumest	1	gotes vnd vorsoumest sein gepot
gissest	1	wenne du gissest vnd wirst
gepowest	1	schone heuser gepowest in in
bruende	1	natern waren bruende mit blasen
scorpion	1	blasen vnd scorpion vnd durst
necerl	1	vnd durst necerl Vnd gar
speiste	1	steinen vnd speiste euch mit
gepflagte	1	her dich gepflagte vnd vorsuchte
vorgissest	1	das du vorgissest deines herren
nachvolgest	1	gotes vnd nachvolgest fremden goten
hoes	1	volk vnd hoes die k
vressendes	1	dir ein vressendes fewer vnd
besese	1	die erde besese wenne durch
czeuhestu	1	deines herczens czeuhestu ein so
hertneckigs	1	bist ein hertneckigs volk eines
hălses	1	gar herten hălses Gedenke vnd
gekriegt	1	habt ir gekriegt Und ouch
dofur	1	was Und dofur quamen virczig
hielde	1	des gelubdes hielde in beiden
zumischte	1	zu stucken zumischte ich das
vlehelichen	1	ich in vlehelichen bat das
vorstŏre	1	got nicht vorstŏre dein volk
gerakten	1	deinem ouf gerakten arme etcetera
Polire	1	zu mir Polire dir anderr
tabeln	1	anderr czwu tabeln steineiner als
wasserbeche	1	erden der wasserbeche Czu der
vorgee	1	Gee vnd vorgee dem volke
Besneidet	1	wirt geprufet Besneidet dorvmme die
herschenden	1	herre der herschenden groser got
ousge	1	vnd sein ousge NOMIUS rakten
czeiche	1	rakten arme czeiche vnd werk
bovmgerten	1	vnd noch bovmgerten siten wasser
pergecht	1	veuchten svnder pergecht vnd veldecht
veldecht	1	pergecht vnd veldecht von himel
peitende	1	von himel peitende der regen
eulenden	1	Und seine eulenden sint dorinne
czeitlichn	1	ewerr erden czeitlichn vnd speten
speten	1	czeitlichn vnd speten so das
anpetet	1	vnd die anpetet Und czornig
legest	1	wege vnd legest dich vnd
vorstoret	1	im so vorstoret der herre
trittet	1	die do trittet ewer fuz
vluch;	1	vnd den vluch; Den segen
gepite;	1	euch hevte gepite; Den vluch
angepetet	1	heiden haben angepetet ire gote
czweigechten	1	vnder allem czweigechten holcze Czu
Czustŏret	1	zu slahet Czustŏret ire namen
fridlichen	1	vnd ewer fridlichen opfer tir
zurue	1	ir kvmen zurue vnd zu
ị́ṇ̣	1	gelobt habet ị́ṇ̣ dem herren
hyn¬	1	do du hyn¬ rekkest deine
rekkest	1	du hyn¬ rekkest deine hant
doꝛv̆mme	1	sele Und doꝛv̆mme soltu nicht
volgst	1	icht noch volgst dor nach
grousamkeit	1	wenne alle grousamkeit die do
vorpruende	1	tŏchter vnd vorpruende sie in
trovmers	1	noch des trovmers wenne euch
vorkerte	1	her euch vorkerte von ewerm
anvange	1	Uon dem anvange vncz bis
gehorche	1	veter nicht gehorche im noch
vortrage	1	in noch vortrage im dein
vorhelest	1	erbarmest vnd vorhelest in svnder
sorgiclichen	1	enwisset suche sorgiclichen vnd vleissiclichen
czunde	1	der stat czunde das an
vorczerest	1	alles das vorczerest deinem herren
vorsneidet	1	gotis Nicht vorsneidet euch noch
czinses	1	seines erb czinses ous allen
pigar	1	wisent den pigar vnd den
orix	1	vnd den orix vnd den
camelebart	1	vnd den camelebart Alle tir
inczwei	1	tir die inczwei spalden die
drukken	1	vnd in drukken sult ir
camele	1	essen Den camele den hasen
indrucken	1	wenne sie indrucken vnd teilent
teilent	1	indrucken vnd teilent NOMIUS nicht
sow	1	Und die sow wenne die
rvren	1	totes an rvren Dise sult
ixon	1	sprinczel den ixon den geier
toucher	1	storchen den toucher den pellican
vledirmous	1	vnd die vledirmous vnd alles
tŏdlink	1	welches ein tŏdlink ist von
vorwandel	1	in gelt vorwandel das vnd
gesetic	1	vnd werden gesetic so das
gebunge	1	vor DEUTRO gebunge die des
geveiert	1	ordens schol geveiert werden Wem
gevordern	1	her nicht gevordern wenne es
petler	1	kein ł petler wirt sein
leihende	1	gib im leihende das du
bŏser	1	velschlich rate bŏser gedancke vnd
vorgebvnge;	1	iar der vorgebvnge; vnd wendest
erclichn	1	tu nichtesnicht erclichn in seinen
notdurftikeiten	1	in seinen notdurftikeiten vf zu
lesist	1	die du lesist deine hant
hebreinne	1	oder ein hebreinne vnd dir
wegestewer	1	im eyn wegestewer von deiner
ousgeen	1	wil nicht ousgeen do von
hinkende	1	oder sei hinkende oder blint
sewer	1	pflage der sewer Wenne in
ousczihunge	1	tages deiner ousczihunge von alle
getŏtet	1	das do getŏtet ist des
ousczogist	1	do du ousczogist von vnd
besammenunge	1	ist die besammenunge deines herren
besammest	1	Wenne du besammest von dem
new̆	1	vnd der new̆ kvmene vnd
osterlichn	1	In der osterlichn hochczeit vnd
Uolge	1	der gerechten Uolge dem nach
pflancze	1	got Nicht pflancze welde noch
vngenemes	1	oder ichtesicht vngenemes wenne ein
czeugen	1	hende der czeugen sullen anheben
oufheben	1	das si oufheben das pŏse
czweiuelndes	1	sweres oder czweiuelndes gerichte bei
hochuertigt	1	Welcher aber hochuertigt wollende nicht
hantreichet	1	der czeit hantreichet deinem herren
blehe	1	sich zu blehe in hochvart
vorwerren	1	betrigen vnd vorwerren seinen mvt
vnmeclichen	1	noch goldes vnmeclichen last Dor
gesiczet	1	her nv gesiczet ouf dem
geſlechtes	1	des leuitischen geſlechtes vnd wirt
opferunge	1	vnd sein opferunge werden sie
beuchil	1	vnd das beuchil Die erstlinge
bescherunge	1	von aller bescherunge Wenne in
steunge	1	veterlicher noch steunge gepuret Wenne
czoubrer	1	der do czoubrer bevorsche vnd
bevorsche	1	do czoubrer bevorsche vnd halde
ratvrage	1	geiste Noch ratvrage die valschen
Uolkumen	1	ewerm eingange Uolkumen wirstu sein
geweiset	1	anders an geweiset Einen propheten
besammet	1	die sammenunge besammet ł was
sweigender	1	das du sweigender gedancken antwortest
antwortest	1	sweigender gedancken antwortest wie mag
nămen	1	in dem nămen des herren
enkvmet	1	das nicht enkvmet das hat
vbirmvte	1	von dem vbirmvte seines mutes
hevsern	1	in irn hevsern Drei stete
bereitende	1	zu besiczunge bereitende vleissiclich den
vluchtig	1	der do vluchtig ist durch
einveldiclich	1	geprufet svnder einveldiclich mit im
abhovunge	1	in der abhovunge des holczes
gegliten	1	vnd das gegliten von dem
helb	1	von dem helb geslăgen hat
geslăgen	1	dem helb geslăgen hat seinen
ḍ̣ẹṛ	1	der vor ḍ̣ẹṛ vorgesprochen stete
vorhabende	1	gegen im vorhabende der ist
beczeiget	1	ist wirt beczeiget Dorvmme so
teilest	1	czwischen in teilest Wenne aber
vleuht	1	stirbt vnd vleuht zu der
ny̆m	1	sei Nicht ny̆m vnd ous
ymanden	1	geczeug wider ymanden welcherlei die
lugenhaftiger	1	steet ein lugenhaftiger geczeug wider
besagende	1	menschen in besagende vmme vberkerunge
vleissiclichn	1	sie vorschende vleissiclichn der vinden
erschrecke	1	streit nicht erschrecke ewer hercze
vorschreien	1	here sullen vorschreien welcher der
angehabn	1	do hat angehabn zu bowen
new̆es	1	bowen ein new̆es hous vnd
volbrenge	1	ein anderr volbrenge das welcher
gemăchet	1	noch nicht gemăchet sei gemeine
vorchtsamen	1	vnd eynes vorchtsamen herczen der
bestreite	1	streit so bestreite sie Und
beligest	1	Wenne du beligest ein stat
werungen	1	vnd mit werungen sie vmmeringest
vmmeringest	1	werungen sie vmmeringest so das
slahest	1	sie ous slahest n nicht
eksin	1	noch mit eksin soltu nicht
hantwerk	1	vnd powe hantwerk vncz bis
grŏsern	1	geen die grŏsern der gepurt
pflukschar	1	mit der pflukschar vnd furen
schrouechtis	1	in ein schrouechtis vnd steinechtis
steinechtis	1	schrouechtis vnd steinechtis tal das
hengit	1	iren worten hengit alles geschefte
vorkou	1	vrei nicht vorkou NOMIUS fen
hassende	1	vnd der hassende svn ist
vorgeseczen	1	erstgepornen vnd vorgeseczen der gehessigen
czwiueldiclich	1	hat alle czwiueldiclich Diser ist
grevlichen	1	vnd einen grevlichen der do
Begreiffen	1	sein vorsmehet Begreiffen sullen sie
widerspenik	1	diser ist widerspenik stolczirnde vnd
stolczirnde	1	ist widerspenik stolczirnde vnd hochuertig
hochuertig	1	stolczirnde vnd hochuertig vnser geheisse
vnkeuschheit	1	vnd der vnkeuschheit vnd honiln
honiln	1	vnkeuschheit vnd honiln geet er
vormeilige	1	mit nichte vormeilige dein erde
nahner	1	sei dein nahner bruder noch
vorsovme	1	vindest nicht vorsovme das als
vremdis	1	als ein vremdis Ist das
grousam	1	gewant Wenne grousam ist bei
vogilnest	1	erden ein vogilnest vnd die
eiern	1	oder vber eiern nicht soltu
powest	1	Wenne du powest ein newes
gleitende	1	vnd trege gleitende einem andern
wulleinem	1	sint ous wulleinem vnd ous
Snvrlein	1	ous leineinem Snvrlein soltu machen
mantils	1	winkel deines mantils mit dem
werworter	1	vnd suchet werworter dorvmme her
vorpusen	1	dor vber vorpusen mit hundert
magtum	1	ist der magtum ous sullen
măn	1	stat Den măn dorvmme das
gedemutigt	1	das her gedemutigt hat die
pfadhouch	1	sam ein pfadhouch der do
bedeckunge	1	decken sein bedeckunge etcetera icht
muschten	1	mit zu muschten oder ous
gesnitenem	1	mit abe gesnitenem czagil in
vorvnmenschen	1	Nicht soltu vorvnmenschen den wenne
newkvmner	1	bist ein newkvmner gewesen in
voderunge	1	zu der voderunge der naturen
gesiczest	1	wenne du gesiczest so grabe
gegeest	1	zv stule gegeest so bedecke
vodert	1	wenne das vodert dein herre
wirstv	1	mvnde das wirstv halden vnd
vnreinlichkeit	1	durch etliche vnreinlichkeit so schreibe
ny̆mt	1	ist vnd ny̆mt einen andern
vorfurende	1	ein mensch vorfurende seinen bruder
vallest	1	du icht vallest in den
sorgveldiclich	1	erfulle das sorgveldiclich Gedenket was
voderst	1	keinerlei dink voderst das her
bedurfenden	1	lon dem bedurfenden deines armen
newkvmen	1	dem NOMIUS newkvmen der mit
stewert	1	von dem stewert her sein
vorgessende	1	acker vnd vorgessende lesest ligen
olpovm	1	lisest deiner olpovm was do
olper	1	bleibet DEUTRO olper ouf den
bleibenden	1	sammen die bleibenden weinkorner svnder
weinkorner	1	die bleibenden weinkorner svnder si
vircziger	1	die czal vircziger slege nicht
vorpinden	1	Nicht soltu vorpinden den mvnt
trettet	1	tenne zu trettet dein getreide
bevrage	1	stat vnd bevrage die grosten
speie	1	fuze vnd speie im vnder
entschuchten	1	Hous des entschuchten Ist das
sterkern	1	hant des sterkern vnd NOMIUS
grŏsers	1	gewichte ein grŏsers vnd ein
grŏserr	1	sein ein grŏserr schŏffil vnd
minnerr	1	vnd ein minnerr in deinem
gerechtis	1	soltu haben gerechtis vnd warhaftis
warhaftis	1	gerechtis vnd warhaftis vnd ein
warhaftir	1	vnd ein warhaftir so das
czogist	1	du ous czogist von wie
vorkrancket	1	mit arbeit vorkrancket vnd vorchten
gewirfet	1	dir vnder gewirfet in deinem
czeineine	1	in ein czeineine cistel vnd
bekennende	1	leiste gehorsam bekennende heute vor
scheflich	1	seist sein scheflich volk als
einczihest	1	das du einczihest in die
vngeformten	1	vnd von vngeformten steinen vnd
slechtlich	1	diser e slechtlich vnd vornemlich
vornemlich	1	slechtlich vnd vornemlich Und vnd
Vorvluchet	1	lauter stimme Vorvluchet sei der
hantwercker	1	hende der hantwercker vnd seczet
krechse	1	tregt die krechse seines nehsten
vorkert	1	der do vorkert das gerichte
pettes	1	decke seines pettes vnd sprechen
enbleibet	1	der nicht enbleibet in den
volbrenget	1	mit werken volbrenget Vnd sprechen
Erwekken	1	wirst nemen Erwekken wirt dich
bovches	1	fruchte deines bovches vihes der
neigest	1	dich nicht neigest von in
rinderhert	1	erden Die rinderhert deiner ochsen
Uorvlucht	1	deiner schaf Uorvlucht wirstu ous
tevrunge	1	vber dich tevrunge vnd hunger
eynczeuhest	1	der du eynczeuhest sie zu
czitterns	1	mit armute czitterns vnd vrostes
dorrens	1	vrostes vnd dorrens vnd lechczens
lechczens	1	dorrens vnd lechczens vnd mit
pŏser	1	vnd mit pŏser luft vnd
trittest	1	die du trittest sei eiserein
vordewet	1	mist wirt vordewet Und mit
grinde	1	Und mit grinde vnd mit
rouden	1	vnd mit rouden also das
vnsinnikeit	1	herre mit vnsinnikeit vnd mit
tastest	1	d du tastest zu mittem
musestu	1	Alle czeit musestu leiden valsche
besa	1	leiden valsche besa NOMIUS gunge
gunge	1	besa NOMIUS gunge vnd mit
vorczagende	1	ougen vnd vorczagende zu irr
erschreckende	1	tage vnd erschreckende zu irem
erschreknusse	1	zu irem erschreknusse die do
enweist	1	du nichte enweist vnd dienen
wurmet	1	vorwustet mit wurmet Ŏlgerten wirstu
Ŏlgerten	1	mit wurmet Ŏlgerten wirstu haben
vrolichkeit	1	vnd in vrolichkeit deines herczens
vbirvlussikeit	1	durch die vbirvlussikeit aller deiner
naktum	1	vnd in naktum vnd in
adilares	1	eines vligenden adilares mit sturme
arkheftiges	1	macht ein arkheftiges volk geslechte
schafhert	1	hert vnd schafhert bis her
strew̆et	1	dich czu strew̆et vnd vorterbet
hattest	1	die dv hattest hoffenunge in
czarter	1	veint Ein czarter mensch seines
vnkeuscher	1	gar ein vnkeuscher wirt hassen
czarte	1	vnd ein czarte die ouf
fuztrit	1	noch ein fuztrit nicht geseczen
geseczen	1	fuztrit nicht geseczen durch ir
voulen	1	vber die voulen vnreinen neczil
beligunge	1	in der beligunge vnd der
werhafte	1	pflage vnd werhafte gar pose
gevorchtet	1	du hast gevorchtet vnd die
czumuschet	1	her dich czumuschet vnd werdet
vormenge	1	der himel vormenge Wenne ir
strewende	1	vrewen zu strewende euch vnd
vmmekerende	1	euch vnd vmmekerende so das
fuztriten	1	rue deinen fuztriten wenne geben
vorchtsames	1	got ein vorchtsames hercze vnd
vornemendes	1	herre ein vornemendes hercze vnd
vortorben	1	nicht sint vortorben ewer gewant
wŏstet	1	das ir wŏstet wenne her
vornemet	1	das ir vornemet alles das
holczhower	1	genomen die holczhower vnd die
erwekke	1	her dich erwekke im zu
bestetige	1	eide ich bestetige svnder alle
czweik	1	vnder ein czweik geperende galle
geperende	1	ein czweik geperende galle vnd
trvnkene	1	neme die trvnkene den durstigen
enpfecht	1	wie groslich enpfecht sein czorn
vorczere	1	himel vnd vorczere in in
pflaget	1	den die pflaget vnser herre
vorbruende	1	vnser herre vorbruende die ł
grvnnendes	1	noch keinerlei grvnnendes gepiret In
gepiret	1	keinerlei grvnnendes gepiret In ein
vmkerunge	1	beispel der vmkerunge vnd vnd
enwosten	1	ł nicht enwosten Und den
vnmute	1	in grosem vnmute vnd geworfen
Orvmme	1	XXX CAPITULUM Orvmme wenne ouf
gehorchest	1	im vnd gehorchest seiner gepitunge
herrczen	1	ganczem deinem herrczen vnd in
gesegende	1	behalden vnd gesegende dir; groserr
Besneiden	1	deine veter Besneiden wirt vnser
wenn̆e	1	dinge mildicheit wenn̆e wider DEUTRO
bekerest	1	geschriben vnd bekerest dich zu
werclich	1	das vnd werclich volbringen das
sachest	1	das du sachest vnd sprechest
einczeuhest	1	der du einczeuhest si zu
betest	1	irresal betrogen betest an vremde
vorgest	1	das du vorgest vnd kurcze
Keuse	1	den vluch Keuse dorvmme das
czweynczik	1	bin ich czweynczik vnd hundert
vorgebbunge	1	iares der vorgebbunge in der
rende	1	ho DEUTRO rende in vnd
ersteen	1	volk wirt ersteen vnd wirt
vorczerunge	1	in ein vorczerunge Uinden wirt
gedechticlich	1	sie es gedechticlich halden vnd
gefure	1	sie ein gefure in die
geschreib	1	do her geschreib di wort
widerspeniclichen	1	ir steticlich widerspeniclichen getan wider
Besamment	1	ich gesterbe Besamment zu mir
ge¬	1	durch ewer ge¬ ł slechte
ạṇ	1	himel vnd ạṇ ̣ erden
̣	1	vnd ạṇ ̣ erden Wenne
Ŏret	1	er das Ŏret ir himel
mvndes	1	wort meines mvndes Wachse in
vliesse	1	mein lere vliesse als der
volkvmen	1	werk sint volkvmen vnd alle
richtig	1	gerecht vnd richtig Gesvndigt haben
torechtis	1	herren du torechtis volk vnd
vnweises	1	vnd du vnweises Ist her
growens	1	stat des growens vnd in
ougapfel	1	als den ougapfel seines ougens
vleuget	1	keuchel vnd vleuget vbir sie
vlugel	1	vnd seine vlugel zu breite
eese	1	das her eese die fruchte
czigenpŏcke	1	Und die czigenpŏcke mit dem
cleriste	1	das allir cleriste blut der
kalczet	1	hat wider kalczet gemestet geveistet
geveistet	1	kalczet gemestet geveistet vnd geweitet
Vorlasen	1	vnd geweitet Vorlasen hat her
Gereiczet	1	seinem heile Gereiczet haben sie
grousamen	1	vnd in grousamen svnden zu
vrische	1	Newe vnd vrische sint komen
schŏpfers	1	herren deines schŏpfers Der herre
Uorpergen	1	seine tochter Uorpergen wil ich
merkken	1	vnd wil merkken ire leczten
eitelkeiten	1	in iren eitelkeiten Und ich
reiczen	1	wil sie reiczen an dem
torechten	1	in einem torechten volke wil
herben	1	einem gar herben bisse Die
reissender	1	Die czene reissender tyr wil
sleppende	1	grymme sie sleppende ouf der
Ouswendig	1	der natern Ouswendig wirt sie
sougenden	1	iuncvrowe den sougenden mit dem
vorczogen	1	ich das vorczogen das leicht
dorvm̆me	1	Uor war dorvm̆me wenne ir
allirherbiste	1	gallen vnd allirherbiste trouben Trachen
vnheiliche	1	wein vnd vnheiliche natern gift
geczeichent	1	mir vnd geczeichent in meinen
gleite	1	ir fuz gleite Bei ist
vorczaget	1	vorslossen sint vorczaget vnd die
nŏten	1	in ewern nŏten Sehet das
gevenknus	1	von der gevenknus des enplosten
geschribn	1	alle die geschribn sint in
kartet	1	ir vber kartet wider mich
heili	1	lere dem heili DEUTRO gen
vngevrteilt	1	vorsuchet hast vngevrteilt czu den
widersagens	1	wassern des widersagens Der do
gekŏse	1	behutet dein gekŏse vnd deinen
epfiln	1	von den epfiln des himels
vnderligenden	1	von der vnderligenden apgrunde von
opfiln	1	von den opfiln der fruchte
ŏpfiln	1	Uon den ŏpfiln der ewigen
fewereinen	1	in dem fewereinen pusche erschein
Einhornes	1	seine schŏne Einhornes horner sint
vbergus	1	die den vbergus des meres
vorporgin	1	vnd die vorporgin hŏrde des
hŏrde	1	die vorporgin hŏrde des sandes
sandes	1	hŏrde des sandes Und zu
geschuhe	1	ere sein geschuhe als die
vordirb	1	wirt sprechen vordirb wirt wonen
genibelt	1	towe werden genibelt Selig bistu
pukler	1	vnd der pukler deiner helfe
Louken	1	deiner eren Louken werden dein
stĕig	1	etcetera dorvmme stĕig ouf von
podem	1	allen den podem die erde
preite	1	Und die preite des veldis
vortunkelten	1	starp Nicht vortunkelten im seine
Γ	1	et cetera Γ \\\\\\\\\\\\\\\\\\\ alhie
\\\\\\\\\\\\\\\\\\\	1	cetera Γ \\\\\\\\\\\\\\\\\\\ alhie hat
Pucher	1	die funf Pucher des dieners
fuses	1	trit ewers fuses wil ich
rechtliche	1	tust alle rechtliche e die
leitestu	1	dorinne Denne leitestu deinen wek
vornymest	1	wek vnd vornymest in Sich
Ioſue	1	zu besiczen Ioſue W e
vechtet	1	hant vnd vechtet vor sie
widersprichet	1	deinem mvnde widersprichet vnd nicht
gehorchet	1	vnd nicht gehorchet aller deiner
menlichn	1	vnd tv menlichn Nu II
vorporgenlich	1	svn von vorporgenlich czwen man
vrowenhous	1	in einer vrowenhous einer huren
sŏler	1	in den sŏler ires houses
stuppeln	1	sie mit stuppeln die aldo
sochende	1	vns vnd sochende sint worden
getrukkent	1	der herre getrukkent hab die
sochet	1	ser hercze sochet noch nicht
vorretest	1	vns nicht vorretest Und wenne
besamme	1	dein geslechte besamme in dein
strank	1	den roten strank an das
Jene	1	das venster Jene vorwar wandernde
vberczogen	1	vnd den vberczogen heten IOSUE
gegeet	1	ir ein gegeet ein teil
nidrist	1	die zu nidrist sint werden
vorvliessen	1	sint werden vorvliessen vnd vorgeen
besteen	1	werden sie besteen Ous czoch
getvnket	1	eines teiles getvnket heten in
gehorsamen	1	durch die gehorsamen wasser czoch
steckit	1	diser nacht steckit die geczelt
vŏrchten	1	si in vŏrchten als sie
trevgende	1	czoch den trevgende vnser herre
trukkente	1	das her trukkente vncz bis
OꝚ	1	et cetera OꝚ U CAPITULUM
getrvkkent	1	herre hette getrvkkent den vlus
besneid	1	herre vnd besneid in der
vmmeczihunge	1	gar lange vmmeczihunge der wege
vnbesneidunge	1	in der vnbesneidunge sie waren
gemuze	1	brot vnd gemuze des selben
gebrouchunge	1	busovnen der gebrouchunge ist in
brochner	1	vnd zu brochner vnd in
dirreiset	1	ewer oren dirreiset so schol
gewapente	1	vnd alles gewapente h her
wuchczet	1	Schreiet vnd wuchczet Nu vmme
busovnende	1	geende vnd busovnende Und das
anmerkunge	1	an der anmerkunge des tagis
sibenstvnt	1	was geschicket sibenstvnt Und do
erclengten	1	die busovnen erclengten do sprach
ereiner	1	sei vnd ereiner vas v
erhale	1	der menige erhale vnd schreiende
mow̆ern	1	volk di mow̆ern der stat
spehern	1	die zu spehern wurden gesant
vorpunden	1	eide habet vorpunden Und ein
schaczkamer	1	in die schaczkamer vnsers herren
heiligten	1	vnsers herren heiligten vorwar die
powet	1	vnd wider powet die stat
ire\u0020teil	1	secze er ire\u0020teil Nu was
vberkarten	1	ber CAPITULUM vberkarten brechende das
brechende	1	CAPITULUM vberkarten brechende das gepot
vorspehet	1	ouf vnd vorspehet die erde
vorspehten	1	gepot vnd vorspehten vnd IOSUE
czihent	1	tousent man czihent vnd vortilgen
gepfotiget	1	vmme sust gepfotiget wider gar
strouchende	1	zu vnd strouchende vilen sie
vorlurest	1	vnd sie vorlurest O were
Hŏren	1	rucke keren Hŏren werden das
voreynet	1	werden sie voreynet vnd werden
vmmeringen	1	werden vns vmmeringen vnd werden
Gesvndet	1	der erden Gesvndet hat vnd
vorvluchtis	1	got Ein vorvluchtis ist in
vortvmet	1	her ist vortvmet in den
besvnderliche	1	her in besvnderliche man vnd
vorpirge	1	getan nicht vorpirge das Und
steinten	1	vnd in steinten alles volk
nochia	1	bis sie nochia verre von
nochiagende	1	vnd iene nochiagende sult ir
gevahet	1	ir sie gevahet so czundet
czundet	1	gevahet so czundet sie an
vmmeringet	1	heres vnd vmmeringet sie mit
vŏrchtende	1	erczeigten sich vŏrchtende vnd vlohen
nochvolgte	1	der nicht nochvolgte als sie
lagten	1	die do lagten stvnden ouf
nachiagten	1	die do nachiagten blikten vmme
iagende	1	gewant sie iagende sterklichen Und
lebendink	1	sie ouch lebendink den kvnik
vorwar\u0020czoch	1	der stat vorwar\u0020czoch nicht zu
gerecket	1	hoe hett gerecket vncz bis
czvnte	1	herre Der czvnte an die
vngerurt	1	lies her vngerurt svnder sie
euerte	1	sie alle euerte her vor
wontem	1	die do wontem bei dem
arglisticlich	1	gedachten ł arglisticlich vnd namen
brochne	1	vnd zu brochne weinkufil vnd
weinkufil	1	zu brochne weinkufil vnd gepestilte
gepestilte	1	weinkufil vnd gepestilte vnd gar
schue	1	gar alde schue die zu
voraldunge	1	scheine der voraldunge waren gevlickit
gevlickit	1	voraldunge waren gevlickit becleidet mit
aldem	1	becleidet mit aldem gewande Und
elde	1	von vbriger elde zu vallen
weinkufel	1	vallen Die weinkufel fulte wir
zukuntig	1	vnder yn zukuntig weren Und
hower	1	geslechte holcz hower vnd wasser
Gekundigt	1	Die antworten Gekundigt wart vns
vorbesehen	1	vnd haben vorbesehen vnsern selen
houbtstetin	1	von den houbtstetin vnd groser
spre	1	kvnige von spre rrym IOSUE
rrym	1	von spre rrym IOSUE chende
chende	1	rrym IOSUE chende Czihet her
Gesamment	1	vnd zu Gesamment dorvmme ouf
bestreitende	1	sich bei bestreitende sie Aber
betrubte	1	vnser herre betrubte sie von
gesleppe	1	in dem gesleppe do sante
vechtende	1	menschen vnd vechtende vor U
loussende	1	funf kvnige loussende in der
Walget	1	vnd sprach Walget grose steine
erschreien	1	wider torste erschreien Und gepot
kvni	1	die funf kvni IOSUE ge
loussen	1	die dorinne loussen Und di
Creftigt	1	noch erschrecket Creftigt euch vnd
vndergienk	1	die svnne vndergienk do gepot
gegenwortikeit	1	in dise gegenwortikeit Des selben
stellende	1	gegen vnd stellende das her
vorczerende	1	ir vant vorczerende mit dem
geedmen	1	das do geedmen mochte vorterbte
kvnicreiche	1	alle ire kvnicreiche vienk er
nŏrdnischen	1	zu den nŏrdnischen kvnigen die
ceneroth	1	mittem tage ceneroth vnd in
vorwunden	1	dise czu vorwunden in der
knyadirn	1	wirstu die knyadirn vorsneiden vnd
vorsneiden	1	die knyadirn vorsneiden vnd ir
entedir	1	Ire ros entedir IOSUE te
furstentvm	1	hielt das furstentvm Und her
anczvnte	1	Die andern anczvnte nvr alleine
Uilczeit	1	sie U Uilczeit vacht wider
ergebe	1	sich nicht ergebe an die
vordienten	1	vilen vnd vordienten k kein
genedicheit	1	k kein genedicheit vnd vorgiengen
ŏstnisches	1	Und alles ŏstnisches teil das
geherschit	1	zu hat geherschit von die
wuste­nunge	1	mer der wuste­nunge das do
gesalczniste	1	das aller gesalczniste mer gegen
geherschet	1	vnd hat geherschet ouf dem
in\u0020salacha	1	perge vnd in\u0020salacha vnd in
ouffczeuhet	1	des teil ouffczeuhet gegen Und
einer;	1	kvnic von einer; Aller kvnige
Uoraldent	1	zu im Uoraldent bistu vnd
durchveuchtet	1	wasser das durchveuchtet vncz bis
kvnigel	1	in funf kvnigel der teilet
czeuhst	1	du ein czeuhst zu Aller
entlosten	1	waren geczogen entlosten das hercze
funfvnd	1	gegenwortigen tak funfvnd virczig iare
euseriste	1	an das euseriste teil des
vecht	1	sleht vnd vecht sie dem
ersufczte	1	Und sie ersufczte als si
sudnische	1	segen Die sudnische erde vnd
veuch	1	ouch ein veuch IOSUE te
mageschafte	1	durch ire mageschafte Und es
hura	1	vnd vnd hura vnd hvmy
hvmy	1	hura vnd hvmy vnd vnd
kreis	1	sein k kreis Und ouf
archiataroth	1	den creis archiataroth vnd steiget
besiczung	1	ist di besiczung des geslechtis
czehene	1	die snvre czehene an die
asermachmathar	1	was von asermachmathar das do
brvnnes	1	wonern des brvnnes Und wenne
ousgank	1	vnd sein ousgank czeuhet zu
vorsleust	1	die beide vorsleust das mer
nofeth	1	der stat nofeth Noch nicht
erstarckten	1	Do sie erstarckten do vnderworfen
W­	1	perge gesteigen W­ Wenne eisereiner
besiczende	1	dorfern vnd besiczende halben wek
how­en	1	dir ab how­en vnd reinigen
weithaft	1	vnd reinigen weithaft czu wonen
gekerest	1	du vmme gekerest den den
vndertenik	1	was yn vndertenik aber bliben
Ⱡ	1	sprach Wie Ⱡ lange dorret
vordrossenheit	1	ir in vordrossenheit vnd geet
Dirwelet	1	hat gegeben Dirwelet ous yclichem
mittelste	1	nŏrden Die mittelste erde czwischen
schreibende	1	siben teile schreibende das in
besesen	1	das sie besesen ein erde
kvmende	1	gepirge vnd kvmende in die
nydersten	1	tage der nydersten vnd neigt
neigt	1	nydersten vnd neigt sich vmme
affrico	1	gegen gegen affrico Und sein
ous­genge	1	Und sein ous­genge sint zu
ku­met	1	zuden vnd ku­met zu dem
creise	1	durch seine creise vnd sein
bethularma	1	vnd vnd bethularma vnd vnd
balatberrameth	1	bis zu balatberrameth gegen dem
anphar	1	gegen Und anphar vnd vnd
neamar	1	vnd vnd neamar vnd vnd
Czwuvndczweinczic	1	vnd C Czwuvndczweinczic stete vnd
helon	1	creis vnd helon ł vnd
oufgank	1	der svnnen oufgank gar wol
gemaw̆erte	1	gar wol gemaw̆erte stete vnd
nevnczehen	1	vnd vnd nevnczehen stete vnd
sleusset	1	mit ende sleusset her sich
dŏrfer	1	vnd ir dŏrfer Und do
Svnderte	1	zu in Svnderte die stete
gevleuhet	1	stete einer gevleuhet vnd steen
veltlichen	1	in der veltlichen wustenunge von
ouslegende	1	dem volke ouslegende seine sache
piesters	1	svnen des piesters die vlucht
caath	1	die gesinde caath IOSUE des
vluchtstat	1	geslechte die vluchtstat mit iren
vorheuseren	1	mit iren vorheuseren vier stete
vluchtstete	1	geslechte di vluchtstete in vnd
chisor	1	der wustenunge chisor Und ieser
ieser	1	chisor Und ieser vnd iesson
iesson	1	ieser vnd iesson vnd maspha
maspha	1	iesson vnd maspha vier stete
gepytunge	1	noch der gepytunge vnsers herren
pze	1	e toho pze toho e
enczihet	1	geselleschaft nicht enczihet stiftende einen
Ubirtrat	1	herren gotis Ubirtrat nicht der
vbermute	1	in keinem vbermute gestiftet habn
meinunge	1	in der meinunge habn getan
powende	1	volgende lasen powende einen alter
kerunge	1	diser vber kerunge vnd habt
vndergeworfen	1	vnd het vndergeworfen yn in
aldentist	1	vnd vor aldentist alders do
vorgangnes	1	voraldent vnd vorgangnes alders bin
strew̆en	1	sie zu strew̆en vnd ouf
sorguellik	1	vnd seit sorguellik so das
petet	1	in vnd petet sie svnder
vfheben	1	denne wirt vfheben vnser herre
in ewerr	1	herre got in ewerr angesicht grose
broutschaft	1	in mischen broutschaft vnd vruntschaft
vorleihen	1	hat czu vorleihen nicht ist
hingegangen	1	ist eines hingegangen zu vnnucze
vnnucze	1	hingegangen zu vnnucze Dorvmme als
her­ren	1	fried ewers her­ren gotis den
besammete	1	nd CAPITULUM besammete alle geslechte
mei­ster	1	vnd die mei­ster Und sie
genhalben	1	wonhaft was genhalben des Und
besaset	1	in vnd besaset seine erde
volkumenem	1	im mit volkumenem vnd warhaftigem
warhaftigem	1	volkumenem vnd warhaftigem herczen vnd
vorleihet	1	dir nv vorleihet gut Und
eiche	1	vnder die eiche die do
louken	1	des wollet louken vnd ligen
akkers	1	teil des akkers den do
latinischer	1	ist in latinischer sprache aber
