file;xml_id;form;vers;action;review_grund;geaendert;alt_pos;neu_pos;alt_lemmaRef;neu_lemmaRef;alt_corresp;neu_corresp;verdict_lemma;verdict_pos;confidence;begruendung;kontext
AC1.tei.xml;AC1_3110_9;fro;;ANNOTATE;;ja;ADJ;ADJ;;lexicon.xml#lemma_7250;;variants.xml#type_41787;lemma_7250;ADJ;high;Praedikativ zu 'was ich' in der Reihung 'frut und fro': Adjektiv 'froh', deckt sich mit pos_prior.;"wesens beraubet , tegelicher guter lebtage entweret und aller wünnebringender rente geeußert . frut und **fro** was ich vormals zu aller stunt ; kurz und lustsam was mir alle weil ,"
AC1.tei.xml;AC1_27160_14;fro;;ANNOTATE;;ja;ADJ;ADJ;;lexicon.xml#lemma_7250;;variants.xml#type_41787;lemma_7250;ADJ;high;Praedikativ zu 'ist ein man' in der Reihung 'wünnesam, lustsam, fro und wolgemut': Adjektiv 'froh'.;wolte ich leben , die weil lebend were mein leben ! wünnesam , lustsam , **fro** und wolgemut ist ein man , der ein biderweib hat , er wander wo er
AC2.tei.xml;AC2_4170_1;fro;;ANNOTATE;;ja;ADJ;ADJ;;lexicon.xml#lemma_7250;;variants.xml#type_41787;lemma_7250;ADJ;high;Prädikativ zu 'was ich vormals' in der Reihung 'frut unde fro': Adjektiv 'froh', deckt sich mit pos_prior.;wesens beraubet , teglicher guter lebtag enterbet und aller wunnbringenden rent geeussert . frut unde **fro** was ich vormals zu aller stunt , kurtz und lustsam was mir alle weil tag
AC2.tei.xml;AC2_43070_12;fro;;ANNOTATE;;ja;ADJ;ADJ;;lexicon.xml#lemma_7250;;variants.xml#type_41787;lemma_7250;ADJ;high;Prädikativ zu 'ist ein man' in der Reihung 'lustsam, fro und wolgemut': Adjektiv 'froh', deckt sich mit pos_prior.;ich leben : die weil ich lept , were mein leben wunnsam . lustsam , **fro** und wolgemut ist ein man , der ein biderbes weip hat , er wander ,
AC3.tei.xml;AC3_5040_1;fro;;ANNOTATE;;ja;ADJ;ADJ;;lexicon.xml#lemma_7250;;variants.xml#type_41787;lemma_7250;ADJ;high;Prädikativ zu 'was ich' in der Reihung 'frut vnd fro', Kontrast zu 'beraubet, enterbet': Adjektiv 'froh', deckt sich mit pos_prior.;"wesens beraubet , tegelicher guter lebetage enterbet vnd aller wunnebringender rente geeussert . frut vnd **fro** was ich vormals zu aller stunt ; kurz vnd lustsam was mir alle weile tag"
AC3.tei.xml;AC3_30180_2;fro;;ANNOTATE;;ja;ADJ;ADJ;;lexicon.xml#lemma_7250;;variants.xml#type_41787;lemma_7250;ADJ;high;Prädikativ zu 'ist ein man' in der Reihung 'wunnesam, lustsam, fro vnd wolgemut': Adjektiv 'froh', deckt sich mit pos_prior.;wolte ich leben , die weile lebend were mein leben . wunnesam , lustsam , **fro** vnd wolgemut ist ein man , der ein bider weib hat , er wandere ,
ATF.tei.xml;ATF_471171060_0;fro;;ANNOTATE;;ja;;ADJ;;lexicon.xml#lemma_7250;;variants.xml#type_41787;lemma_7250;ADJ;high;Praedikativ zu 'wurd' mit Konsekutivsatz (wurd er also fro, das er ...): Adjektiv 'froh'.;abbt erwelt . und als das der selb min maister hort , wurd er also **fro** , das er sich glich uff huob und gen cappel ylte , sinen gesellen als
BRW.tei.xml;BRW_222010_7;fro;1;ANNOTATE;;ja;;ADJ;;lexicon.xml#lemma_7250;;variants.xml#type_41787;lemma_7250;ADJ;high;Praedikativ zu 'bin' mit Genitivobjekt 'des ... kúniges milte' (ich bin ... fro): Adjektiv 'froh'.;ich bin des edeln werden kúniges milte **fro** / dar ine er lebt und da bi pfligt so tugentlicher guete
CRO.tei.xml;CRO_948200_3;fro;9482;ANNOTATE;;ja;;ADJ;;lexicon.xml#lemma_7250;;variants.xml#type_41787;lemma_7250;ADJ;high;Praedikativ zu 'wurden' (si wurden bedenthalben fro): Adjektiv 'froh'.;als si ein ander gesahen , / si wurden bedenthalben **fro** . / die meit nam er zuo im do ,
CRO.tei.xml;CRO_1260000_5;fro;12600;ANNOTATE;;ja;;ADJ;;lexicon.xml#lemma_7250;;variants.xml#type_41787;lemma_7250;ADJ;high;Praedikativ zu 'was' mit Genitivobjekt 'des ... sin': Adjektiv 'froh'.;denn sust ieman siner gesellen : / des was er sin also **fro** . / ein hoff wart gebotten do
CRO.tei.xml;CRO_1286400_5;fro;12864;ANNOTATE;;ja;;ADJ;;lexicon.xml#lemma_7250;;variants.xml#type_41787;lemma_7250;ADJ;high;Praedikativ zu 'wùrd' im Folgevers (nymmer fro wùrd), 'von mynne' ist Praepositionalphrase: Adjektiv.;entruwen , ich wolt des e swern , / daz ich von mynne nymmer **fro** / wùrd , e ich ertrùncke so . >
CRO.tei.xml;CRO_1370700_3;fro;13707;ANNOTATE;;ja;;ADJ;;lexicon.xml#lemma_7250;;variants.xml#type_41787;lemma_7250;ADJ;high;Praedikativ zu 'wart' (nü wart sgoydamur fro): Adjektiv 'froh'.;wurden sie enpfangen da . / nü wart sgoydamur **fro** , / da sie an dem mule gesah
CRO.tei.xml;CRO_1380000_3;fro;13800;ANNOTATE;;ja;;ADJ;;lexicon.xml#lemma_7250;;variants.xml#type_41787;lemma_7250;ADJ;high;Praedikativ zu 'bin' (des bin ich fro): Adjektiv 'froh'.;mich mynnen , das lob ich , / des bin ich **fro** und hergib mich . / herre , hant ir ùch des bedoht ,
CRO.tei.xml;CRO_1459900_3;fro;14599;ANNOTATE;;ja;;ADJ;;lexicon.xml#lemma_7250;;variants.xml#type_41787;lemma_7250;ADJ;high;Gradpartikel 'vil' und Kopula 'wart' (des vil fro wart): Adjektiv 'froh'.;jch enweisz , wes er da genosz . / gawein des vil **fro** wart , / das yme also die jnuart
CRO.tei.xml;CRO_1538200_4;fro;15382;ANNOTATE;;ja;;ADJ;;lexicon.xml#lemma_7250;;variants.xml#type_41787;lemma_7250;ADJ;high;Praedikativ zu 'wart' mit Genitiv 'der rede': Adjektiv 'froh'.;den se , das wùrt nit vermitten . > / der rede wart gawein **fro** . / die naht verswant vnder jne da
CRO.tei.xml;CRO_1593100_4;fro;15931;ANNOTATE;;ja;;ADJ;;lexicon.xml#lemma_7250;;variants.xml#type_41787;lemma_7250;ADJ;high;Praedikativ zu 'was' mit Genitiv 'dirre auentùre': Adjektiv 'froh'.;den er was geritten e . / dirre auentùre was er **fro** . / an ein strasze kerte er da ,
CRO.tei.xml;CRO_1727000_5;fro;17270;ANNOTATE;;ja;;ADJ;;lexicon.xml#lemma_7250;;variants.xml#type_41787;lemma_7250;ADJ;high;Praedikativ zu 'were' mit Vergleich 'als fro, als': Adjektiv 'froh'.;solte vechten mit turno : / so were ich nü als **fro** , / als sie beyde waren da .
CRO.tei.xml;CRO_1799200_3;fro;17992;ANNOTATE;;ja;;ADJ;;lexicon.xml#lemma_7250;;variants.xml#type_41787;lemma_7250;ADJ;high;Praedikativ zu 'wart' (des wart leygamar fro): Adjektiv 'froh'.;er vergab yne die rede da . / des wart leygamar **fro** . / er ging mit jne in das husz
CRO.tei.xml;CRO_1922700_4;fro;19227;ANNOTATE;;ja;;ADJ;;lexicon.xml#lemma_7250;;variants.xml#type_41787;lemma_7250;ADJ;high;Praedikativ zu 'wurden' (des wurden dise frauwen fro): Adjektiv 'froh'.;han als ein dùrres stro . / des wurden dise frauwen **fro** / vnd danckten yme alle da .
CRO.tei.xml;CRO_1923200_2;fro;19232;ANNOTATE;;ja;;ADJ;;lexicon.xml#lemma_7250;;variants.xml#type_41787;lemma_7250;ADJ;high;Attributiv vor Substantiv (ein fro hertz): Adjektiv 'froh'.;an ymme alles jamers mút , / als ein **fro** hertz tuot , / das leides gar vergiszet .
CRO.tei.xml;CRO_2025900_5;fro;20259;ANNOTATE;;ja;;ADJ;;lexicon.xml#lemma_7250;;variants.xml#type_41787;lemma_7250;ADJ;high;Praedikativ zu 'wart' mit 'von hertzen': Adjektiv 'froh'.;gawein sin rosz gefing . / des wart er von hertzen **fro** . / vf das rosz sasz er da
CRO.tei.xml;CRO_2102600_1;fro;21026;ANNOTATE;;ja;;ADJ;;lexicon.xml#lemma_7250;;variants.xml#type_41787;lemma_7250;ADJ;high;Praedikativ zum Imperativ 'sint' (sint fro vnd wol gemuet): Adjektiv 'froh'.;lant vnmuot vnd klage ! / sint **fro** vnd wol gemuet , / wann ùch lip vnd güt
CRO.tei.xml;CRO_2157800_4;fro;21578;ANNOTATE;;ja;;ADJ;;lexicon.xml#lemma_7250;;variants.xml#type_41787;lemma_7250;ADJ;high;Praedikativ zu 'sin' (ymmer fro sin): Adjektiv 'froh'.;wer mir das reht bekant , / des wölt ich ymmer **fro** sin . / dwijle ir mir es , lieber frùnt min ,
CRO.tei.xml;CRO_2177500_4;fro;21775;ANNOTATE;;ja;;ADJ;;lexicon.xml#lemma_7250;;variants.xml#type_41787;lemma_7250;ADJ;high;Praedikativ zu 'waren', Kontrast zu 'trurikeit': Adjektiv 'froh'.;wann sie es schuoffent also . / auch waren sie selbs **fro** / vnd vorchten kein trurikeit drö .
CRO.tei.xml;CRO_2229000_5;fro;22290;ANNOTATE;;ja;;ADJ;;lexicon.xml#lemma_7250;;variants.xml#type_41787;lemma_7250;ADJ;high;Praedikativ zu 'was' mit Genitiv 'des': Adjektiv 'froh'.;ygern vnd dise zwa . / auch was er des selber **fro** , / das er sie erfunden hett ,
CRO.tei.xml;CRO_2233100_5;fro;22331;ANNOTATE;;ja;;ADJ;;lexicon.xml#lemma_7250;;variants.xml#type_41787;lemma_7250;ADJ;high;Praedikativ zu 'wart' mit Genitiv 'der mere': Adjektiv 'froh'.;dwijle es gelobt were also . / der mere wart das her **fro** . / also bleib die rede da .
CRO.tei.xml;CRO_2238700_5;fro;22387;ANNOTATE;;ja;;ADJ;;lexicon.xml#lemma_7250;;variants.xml#type_41787;lemma_7250;ADJ;high;Praedikativ zu 'was' mit 'von hertzen': Adjektiv 'froh'.;nach also richer tugend fúr , / des was er von hertzen **fro** . / by ir vf dem castel da
CRO.tei.xml;CRO_2249900_3;fro;22499;ANNOTATE;;ja;;ADJ;;lexicon.xml#lemma_7250;;variants.xml#type_41787;lemma_7250;ADJ;high;Praedikativ zu 'wurden' (wurden zuo male fro alle): Adjektiv 'froh'.;wann sie von den meren / wurden zuo male **fro** alle . / mit vil groszem schalle
CRO.tei.xml;CRO_2294600_4;fro;22946;ANNOTATE;;ja;;ADJ;;lexicon.xml#lemma_7250;;variants.xml#type_41787;lemma_7250;ADJ;high;Praedikativ zu 'waren' (des waren sie alle fro): Adjektiv 'froh'.;"vnd yme heyles wunsch enbot ; / des waren sie alle **fro** / vnd satzten sin lob so ho"
CRO.tei.xml;CRO_2334000_5;fro;23340;ANNOTATE;;ja;;ADJ;;lexicon.xml#lemma_7250;;variants.xml#type_41787;lemma_7250;ADJ;high;Praedikativ zu 'wart' mit Genitiv 'sin' und 'von hertzen': Adjektiv 'froh'.;als es denn in groszer lieb tuot , / vnd wart sin von hertzen **fro** . / jn seliclichem bild was sie da ,
CRO.tei.xml;CRO_2371600_4;fro;23716;ANNOTATE;;ja;;ADJ;;lexicon.xml#lemma_7250;;variants.xml#type_41787;lemma_7250;ADJ;high;Resultativ zu 'tet' im Sinn von 'machen' (hertz tet fro): Adjektiv 'froh'.;sie ted nach den freuden einen sprung , / der mannes hertz tet **fro** , / enbor vber ires amijs ho .
CRO.tei.xml;CRO_2435000_5;fro;24350;ANNOTATE;;ja;;ADJ;;lexicon.xml#lemma_7250;;variants.xml#type_41787;lemma_7250;ADJ;high;Praedikativ zu 'wesen' (ir sollent fro wesen): Adjektiv 'froh'.;da sprach min herr gawein : / < ritter , ir sollent **fro** wesen ! / jr sint ledig vnd genesen
CRO.tei.xml;CRO_2459900_4;fro;24599;ANNOTATE;;ja;;ADJ;;lexicon.xml#lemma_7250;;variants.xml#type_41787;lemma_7250;ADJ;high;Gradpartikel 'sere' und Kopula 'wart': Adjektiv 'froh'.;parcifal nam jne da . / des wart kay sere **fro** / dar vmb , daz er sehe ,
CRO.tei.xml;CRO_2519000_3;fro;25190;ANNOTATE;;ja;;ADJ;;lexicon.xml#lemma_7250;;variants.xml#type_41787;lemma_7250;ADJ;high;Praedikativ zu 'bliben' im Folgevers mit Genitiv 'der auentùre': Adjektiv 'froh'.;mit dirre auentùre sa , / das wir beydenthalb **fro** / der auentùre bliben .
CRO.tei.xml;CRO_2574100_6;fro;25741;ANNOTATE;;ja;;ADJ;;lexicon.xml#lemma_7250;;variants.xml#type_41787;lemma_7250;ADJ;high;Gradpartikel 'hart' und Kopula 'wart': Adjektiv 'froh'.;wann von sinem gunde . / deswar , des wart sie hart **fro** . / zü dem kùnige ging sie da
CRO.tei.xml;CRO_2574300_4;fro;25743;ANNOTATE;;ja;;ADJ;;lexicon.xml#lemma_7250;;variants.xml#type_41787;lemma_7250;ADJ;high;Gradpartikel 'hart' und Infinitiv 'zü sin': Adjektiv 'froh'.;zü dem kùnige ging sie da / vnd batt jne hart **fro** zü sin . / sie sprach : < sún vnd herre min ,
CRO.tei.xml;CRO_2582000_5;fro;25820;ANNOTATE;;ja;;ADJ;;lexicon.xml#lemma_7250;;variants.xml#type_41787;lemma_7250;ADJ;high;Praedikativ zu 'were' (des were er mit al fro): Adjektiv 'froh'.;als er sie gesagte , / des were er mit al **fro** . / were aber des nit also ,
CRO.tei.xml;CRO_2607800_6;fro;26078;ANNOTATE;;ja;;ADJ;;lexicon.xml#lemma_7250;;variants.xml#type_41787;lemma_7250;ADJ;high;Praedikativ zu 'waren', Kontrast zu 'weynen' und 'truren': Adjektiv 'froh'.;vnd batt sie weynen laszen / vnd truren , das sie waren **fro** . / gynouer muost lachen da
CRO.tei.xml;CRO_2652700_5;fro;26527;ANNOTATE;;ja;;ADJ;;lexicon.xml#lemma_7250;;variants.xml#type_41787;lemma_7250;ADJ;high;Praedikativ zu 'ist' mit 'von hertzen': Adjektiv 'froh'.;das hat bayngransz vernomen , / des ist er von hertzen **fro** . / were das nit , so steet es so
CRO.tei.xml;CRO_2727500_3;fro;27275;ANNOTATE;;ja;;ADJ;;lexicon.xml#lemma_7250;;variants.xml#type_41787;lemma_7250;ADJ;high;Praedikativ zu 'wart', Kontrast zu 'kumber': Adjektiv 'froh'.;sin kumber endlich verswant , / vnd wart hertzeclichen **fro** . / hie mit gingen sie slaffen da .
CRO.tei.xml;CRO_2821900_3;fro;28219;ANNOTATE;;ja;;ADJ;;lexicon.xml#lemma_7250;;variants.xml#type_41787;lemma_7250;ADJ;high;Praedikativ zu 'wesen' (hiesz sie fro wesen): Adjektiv 'froh'.;vf von der erden er sie wag / vnd hiesz sie **fro** wesen : / jr amijs möhte wol genesen .
CRO.tei.xml;CRO_2822100_5;fro;28221;ANNOTATE;;ja;;ADJ;;lexicon.xml#lemma_7250;;variants.xml#type_41787;lemma_7250;ADJ;high;Praedikativ zu 'wart' mit Genitiv 'des trostes', Subjekt 'die frauw' steht davor: Adjektiv 'froh'.;jr amijs möhte wol genesen . / des trostes wart die frauw **fro** . / gein fimbeusen kerte er da .
CRO.tei.xml;CRO_2876900_6;fro;28769;ANNOTATE;;ja;;ADJ;;lexicon.xml#lemma_7250;;variants.xml#type_41787;lemma_7250;ADJ;high;Gradpartikel 'hart' und Kopula 'was': Adjektiv 'froh'.;mit michelem schall . / deswar , des was er hart **fro** . / gein dem huse kerte er da .
CRO.tei.xml;CRO_2881300_3;fro;28813;ANNOTATE;;ja;;ADJ;;lexicon.xml#lemma_7250;;variants.xml#type_41787;lemma_7250;ADJ;high;Gradpartikel 'hart' und Kopula 'wart': Adjektiv 'froh'.;nú vant er ein türe verspert , / des er hart **fro** wart , / vnd wande , sie weren dar jnne .
CRO.tei.xml;CRO_2961400_5;fro;29614;ANNOTATE;;ja;;ADJ;;lexicon.xml#lemma_7250;;variants.xml#type_41787;lemma_7250;ADJ;high;Praedikativ zu 'wart' mit Genitiv 'sin': Adjektiv 'froh'.;dorch disen altherren da . / er wart sin aber sitther **fro** , / da ime die frauw geseit ,
CRO.tei.xml;CRO_2986900_4;fro;29869;ANNOTATE;;ja;;ADJ;;lexicon.xml#lemma_7250;;variants.xml#type_41787;lemma_7250;ADJ;high;Praedikativ zu 'wurden' mit Genitiv 'siner zukunfft': Adjektiv 'froh'.;mit vil groszem schall / vnd wurden siner zukunfft **fro** . / grosz freude huob sich da ,
DDL.tei.xml;DDL_240_5;fro;24;ANNOTATE;;ja;;ADJ;;lexicon.xml#lemma_7250;;variants.xml#type_41787;lemma_7250;ADJ;high;Praedikativ zu 'was' (sach in und was fro), Folgetoken 'und': Adjektiv 'froh'.;uf die gruben kam er do . / gwido sach in und was **fro** / und bat in , das er im davon
DDL.tei.xml;DDL_520_6;fro;52;ANNOTATE;;ja;;ADJ;;lexicon.xml#lemma_7250;;variants.xml#type_41787;lemma_7250;ADJ;high;Praedikativ zu 'was' mit Gradpartikel 'gar' und das-Satz als Grund: Adjektiv 'froh'.;an das seil sprang er do . / er kam herus und was gar **fro** , / das er also endrunnen was .
DDL.tei.xml;DDL_1600_4;fro;160;ANNOTATE;;ja;;ADJ;;lexicon.xml#lemma_7250;;variants.xml#type_41787;lemma_7250;ADJ;high;Praedikativ zu 'ward', koordiniert mit 'wolgemuot' (wolgemuot ward er und fro): Adjektiv 'froh'.;do die red der pur vernam also , / wolgemuot ward er und **fro** / und nam wider zuo im den stein .
DFE.tei.xml;DFE_103_6;fro;103;ANNOTATE;;ja;;ADJ;;lexicon.xml#lemma_7250;;variants.xml#type_41787;lemma_7250;ADJ;high;Gradpartikel 'vil' und Kopula 'ward' mit Genitiv 'der red' (ward der red vil fro): Adjektiv 'froh'.;"das uns niemant tuot unruo . > / der herre ward der red vil **fro** . / von ir gieng er zehand do ;"
DIO.tei.xml;DIO_113_6;fro;13;ANNOTATE;;ja;;ADJ;;lexicon.xml#lemma_7250;;variants.xml#type_41787;lemma_7250;ADJ;high;Prädikativ mit Kopula 'wart' und Genitivobjekt 'des': der Kaiser wurde froh.;eins schönen kindes swanger wart / des wart der keyser in hertzen **fro** / darnach fuogt es sich also
DIO.tei.xml;DIO_716_4;fro;16;ANNOTATE;;ja;;ADJ;;lexicon.xml#lemma_7250;;variants.xml#type_41787;lemma_7250;ADJ;high;Prädikativ mit Kopula 'sint' und Genitiv 'üwers rates': wir sind eures Rates froh.;die andern meister sprachent do / üwers rates sint wir **fro** / wenn er ist nütz vnd gefellet vns wol
DIO.tei.xml;DIO_945_5;fro;45;ANNOTATE;;ja;;ADJ;;lexicon.xml#lemma_7250;;variants.xml#type_41787;lemma_7250;ADJ;high;Prädikativ mit Kopula 'wurdent', Formel 'in hertzen fro'.;des keisers tuogentlichen wort / do wurdent sy in hertzen **fro** / vnd begertent vrloups do
DIO.tei.xml;DIO_1122_5;fro;22;ANNOTATE;;ja;;ADJ;;lexicon.xml#lemma_7250;;variants.xml#type_41787;lemma_7250;ADJ;high;Prädikativ mit Kopula 'wart' und Genitiv 'der rede': die Kaiserin wurde der Rede froh.;darnach myn hertz teglichen strebt / die keiserin wart der rede **fro** / zuo dem keiser sprach sy do
DIO.tei.xml;DIO_1629_3;fro;29;ANNOTATE;;ja;;ADJ;;lexicon.xml#lemma_7250;;variants.xml#type_41787;lemma_7250;ADJ;high;"Prädikativ mit Kopula 'wart', 'fro in hertzen grunt'; kein Angeredeter folgt.";vnd by sinem vatter sas / do wart sy **fro** in hertzen grunt / vnd lieff zuo derselben stuont
DIO.tei.xml;DIO_2922_6;fro;22;ANNOTATE;;ja;;ADJ;;lexicon.xml#lemma_7250;;variants.xml#type_41787;lemma_7250;ADJ;high;Prädikativ mit Kopula 'wart' und Genitiv 'des', Formel 'in hertzen fro'.;vnd wart ein groszes turney do / des wart der ritter in hertzen **fro** / er wapnot sich als in gehort an
DIO.tei.xml;DIO_3326_4;fro;26;ANNOTATE;;ja;;ADJ;;lexicon.xml#lemma_7250;;variants.xml#type_41787;lemma_7250;ADJ;high;Prädikativ mit Kopula 'werdent' und Negation 'niemer me': ihr werdet nie mehr froh.;vmmb üwers wibes rede also / jr werdent niemer me **fro** / vnd das uch geschicht gar vil wirsz
DIO.tei.xml;DIO_4134_4;fro;34;ANNOTATE;;ja;;ADJ;;lexicon.xml#lemma_7250;;variants.xml#type_41787;lemma_7250;ADJ;high;Prädikativ mit Kopula 'wart' und Gradadverb 'jnneclichen': er wurde innig froh.;do er ir stimme hort aldo / do wart er jnneclichen **fro** / das sy ir leben noch denn hette
DIO.tei.xml;DIO_4326_5;fro;26;ANNOTATE;;ja;;ADJ;;lexicon.xml#lemma_7250;;variants.xml#type_41787;lemma_7250;ADJ;high;Prädikativ mit Kopula 'werden': wie könnte ich jemals froh werden.;zuo sinen snuoren anderswo / wie möcht ich iemer werden **fro** / es ist war das ich üch sage
DIO.tei.xml;DIO_4413_4;fro;13;ANNOTATE;;ja;;ADJ;;lexicon.xml#lemma_7250;;variants.xml#type_41787;lemma_7250;ADJ;high;"Prädikativ mit Kopula 'werdent' und 'niemer'; 'herre' ist die Anrede, nicht 'fro'.";do sprach der meister aber do / herre ir werdent niemer **fro** / zuo pfande wil ich myn lip üch geben
DIO.tei.xml;DIO_6132_5;fro;32;ANNOTATE;;ja;;ADJ;;lexicon.xml#lemma_7250;;variants.xml#type_41787;lemma_7250;ADJ;high;Prädikativ mit Kopula 'wird ich', Negation 'niemer me': nie mehr werde ich froh.;er schrey waffen morda jo / niemer me so wird ich **fro** / die wil mir got mins lebens gann
DIO.tei.xml;DIO_6839_6;fro;39;ANNOTATE;;ja;;ADJ;;lexicon.xml#lemma_7250;;variants.xml#type_41787;lemma_7250;ADJ;high;Prädikativ mit Kopula 'wart', Zwillingsformel 'geil vnd fro' mit Gradpartikel 'gar'.;er grub dar in er vant ez also / des wart er gar geil vnd **fro** / zuo dem kinde lieff er zuo stuont
DIO.tei.xml;DIO_7609_4;fro;9;ANNOTATE;;ja;;ADJ;;lexicon.xml#lemma_7250;;variants.xml#type_41787;lemma_7250;ADJ;high;"Prädikativ mit Kopula 'wird' und 'niemer'; 'muotter' ist die Anrede, nicht 'fro'.";die tochter antwurt ir also / muotter ich wird niemer **fro** / von ym ich libes lust nit enhan
DIO.tei.xml;DIO_9316_5;fro;16;ANNOTATE;;ja;;ADJ;;lexicon.xml#lemma_7250;;variants.xml#type_41787;lemma_7250;ADJ;high;Objektsprädikativ zu 'machen' mit Akkusativ 'üch': wir wollen euch froh machen.;die gabent in ein antwurt so / wir dry wöllent üch machen **fro** / wellent ir vns geben darummb guot
DIO.tei.xml;DIO_9502_7;fro;2;ANNOTATE;;ja;;ADJ;;lexicon.xml#lemma_7250;;variants.xml#type_41787;lemma_7250;ADJ;high;Objektsprädikativ zu 'mach' mit Akkusativ 'üch': ich mache euch froh.;der erste ritter antwurt also / er sprach ich hoff ich mach üch **fro** / gar nach üwers hertzen gir
DIO.tei.xml;DIO_9524_6;fro;24;ANNOTATE;;ja;;ADJ;;lexicon.xml#lemma_7250;;variants.xml#type_41787;lemma_7250;ADJ;high;Prädikativ mit Kopula 'wart' und Gradangabe 'erst recht': der Kaiser wurde erst recht froh.;zuo dem dritten gieng ez ouch also / do wart der keiser erst recht **fro** / zuo dem vierden waz ez allez slecht
DIO.tei.xml;DIO_9732_5;fro;32;ANNOTATE;;ja;;ADJ;;lexicon.xml#lemma_7250;;variants.xml#type_41787;lemma_7250;ADJ;high;Prädikativ mit Kopula 'werden' und 'niemer': wir können nie mehr froh werden.;vnd sprachent zuo ym also / wir mögent nv niemer werden **fro** / vnser aller kindes kint
DIO.tei.xml;DIO_10542_4;fro;42;ANNOTATE;;ja;;ADJ;;lexicon.xml#lemma_7250;;variants.xml#type_41787;lemma_7250;ADJ;high;"Prädikativ mit Kopula 'wesen': ihr sollt froh sein; 'meister' ist die Anrede.";der keiser antwurt im also / meister ir sollent wesen **fro** / ir hant mit üwer rede erworben
DIO.tei.xml;DIO_11209_5;fro;9;ANNOTATE;;ja;;ADJ;;lexicon.xml#lemma_7250;;variants.xml#type_41787;lemma_7250;ADJ;high;Prädikativ mit Kopula 'wurdent', Genitiv 'dez' und Gradadverb 'harte'.;die andern sprachent ouch also / dez wurdent die burger harte **fro** / glich als üwer meister sint
DIO.tei.xml;DIO_12643_6;fro;43;ANNOTATE;;ja;;ADJ;;lexicon.xml#lemma_7250;;variants.xml#type_41787;lemma_7250;ADJ;high;Objektsprädikativ zu 'gemacht', Zwillingsformel 'geil vnd fro'.;gesegnot er sin swester do / die hatt er gemacht geil vnd **fro** / do mit er enweg gie
DIO.tei.xml;DIO_12821_5;fro;21;REVIEW;confidence;nein;;;;;;;lemma_7250;ADJ;medium;Lemma klar ('mit fröuden fro'), aber ohne Kopula zu 'schiet enweg': depiktives ADJ oder ADV bleibt offen.;vrlovp nam der meister do / vnd schiet enweg mit fröuden **fro** / do die keiserin das befant
DIO.tei.xml;DIO_13411_6;fro;11;ANNOTATE;;ja;;ADJ;;lexicon.xml#lemma_7250;;variants.xml#type_41787;lemma_7250;ADJ;high;Prädikativ mit Kopula 'was', Zwillingsformel 'geil vnd fro': der König war froh.;nu fuogt ez sich eins tages also / das der küng was geil vnd **fro** / vnd wolt ryten jagen
DIO.tei.xml;DIO_13417_4;fro;17;ANNOTATE;;ja;;ADJ;;lexicon.xml#lemma_7250;;variants.xml#type_41787;lemma_7250;ADJ;high;Prädikativ mit Kopula 'was' und Genitiv 'des rytens': er war des Reitens froh.;der marschalk bereit sich do / vnd was des rytens **fro** / vnd als sy geiagten den gantzen tag
DIO.tei.xml;DIO_13631_4;fro;31;ANNOTATE;;ja;;ADJ;;lexicon.xml#lemma_7250;;variants.xml#type_41787;lemma_7250;ADJ;high;"Prädikativ mit Kopula 'wesen'; die Anrede ist das volle 'frovwe' am Versanfang, nicht 'fro'.";macht er sich vnd sprach also / frovwe ir sollent wesen **fro** / vnd tuont üch köstlichen an
DIO.tei.xml;DIO_14221_5;fro;21;ANNOTATE;;ja;;ADJ;;lexicon.xml#lemma_7250;;variants.xml#type_41787;lemma_7250;ADJ;high;Prädikativ mit Kopula 'werde ich' und 'niemer': so werde ich nie froh.;der keiser antwurt ir also / ja so werde ich niemer **fro** / der ritter was ein rechter schalk
DIO.tei.xml;DIO_14817_7;fro;17;ANNOTATE;;ja;;ADJ;;lexicon.xml#lemma_7250;;variants.xml#type_41787;lemma_7250;ADJ;high;Prädikativ mit Kopula 'wart er': er sah ein Licht, da wurde er froh.;das er sich wermet ettwo / er sach ein liecht do wart er **fro** / das bran in dem huettelin
DIO.tei.xml;DIO_15431_5;fro;31;ANNOTATE;;ja;;ADJ;;lexicon.xml#lemma_7250;;variants.xml#type_41787;lemma_7250;ADJ;high;Prädikativ zum Imperativ 'bis' (sei) mit Genitiv 'fröuden': sei der Freuden froh.;die frovwe erschrak vnd sprach also / o ritter guot bis fröuden **fro** / ich wil dir wol getruwen
DIO.tei.xml;DIO_15639_4;fro;39;ANNOTATE;;ja;;ADJ;;lexicon.xml#lemma_7250;;variants.xml#type_41787;lemma_7250;ADJ;high;"Prädikativ mit Kopula 'wesen': ihr sollt froh sein; 'herre' ist die Anrede.";man seit dem keiser do / herre ir sollent wesen **fro** / vwer svn kvmpt daher gan
DIO.tei.xml;DIO_16130_6;fro;30;ANNOTATE;;ja;;ADJ;;lexicon.xml#lemma_7250;;variants.xml#type_41787;lemma_7250;ADJ;high;Objektsprädikativ zu 'macht' mit Akkusativ 'sy': er machte sie froh.;vnd uber das alles nam er do / vatter vnd muoter vnd macht sy **fro** / vnd hat sy by jme ir leben
DIO.tei.xml;DIO_16240_5;fro;40;ANNOTATE;;ja;;ADJ;;lexicon.xml#lemma_7250;;variants.xml#type_41787;lemma_7250;ADJ;high;"Prädikativ mit Kopula 'wurdent', Formel 'in hertzen fro'; Folgevers 'frouweten si sich'.";er kam snelle vnd liesz ym lingen / sin fründe wurdent in hertzen **fro** / siner zuokuonfft frouweten si sich do
DIO.tei.xml;DIO_16629_6;fro;29;ANNOTATE;;ja;;ADJ;;lexicon.xml#lemma_7250;;variants.xml#type_41787;lemma_7250;ADJ;high;Prädikativ mit Kopula 'were ich' und Genitiv 'des': dessen wäre ich froh.;herre es fueget sich eins mals also / merkent ir mich des were ich **fro** / das der rappe der man
DIO.tei.xml;DIO_17624_5;fro;24;ANNOTATE;;ja;;ADJ;;lexicon.xml#lemma_7250;;variants.xml#type_41787;lemma_7250;ADJ;high;Prädikativ mit Kopula 'wurdent beide', 'in fröuden fro'.;vnd wart ein stette liebe aldo / vnd wurdent beide in fröuden **fro** / nu söllent ir fürbasz glouben mir
DIO.tei.xml;DIO_18329_3;fro;29;ANNOTATE;;ja;;ADJ;;lexicon.xml#lemma_7250;;variants.xml#type_41787;lemma_7250;ADJ;high;Prädikativ mit Kopula 'wart', Gradpartikel 'so' und Genitiv 'der mere'.;das sin geselle komen were / er wart so **fro** der mere / das er ym engegen gieng
DIO.tei.xml;DIO_18528_5;fro;28;ANNOTATE;;ja;;ADJ;;lexicon.xml#lemma_7250;;variants.xml#type_41787;lemma_7250;ADJ;high;Prädikativ mit Kopula 'was', Zwillingsformel 'geil vnd fro': jedermann war froh.;wenn in nieman bekannt / vnd was menglich geil vnd **fro** / vnd was grosz wirtschafft do
DIO.tei.xml;DIO_18830_2;fro;30;ANNOTATE;;ja;;ADJ;;lexicon.xml#lemma_7250;;variants.xml#type_41787;lemma_7250;ADJ;high;"Prädikativ mit Kopula 'was': Ludwig war sicherlich froh; Folgetoken ist Adverb.";in sin selbs küngrich / ludewig was **fro** sicherlich / er sprach alexander geselle min
DIO.tei.xml;DIO_19026_3;fro;26;ANNOTATE;;ja;;ADJ;;lexicon.xml#lemma_7250;;variants.xml#type_41787;lemma_7250;ADJ;high;Prädikativ mit Kopula 'wart' und Genitiv 'des': dessen wurde Ludwig froh.;starb der rich keiser do / des wart ludewig **fro** / im wart die tochter zuo der e
DIO.tei.xml;DIO_20011_5;fro;11;ANNOTATE;;ja;;ADJ;;lexicon.xml#lemma_7250;;variants.xml#type_41787;lemma_7250;ADJ;high;Prädikativ mit Kopula 'was' und Genitiv 'des': dessen war der Kaiser froh.;si sneid ym selbe für sin essen / des was aber der keiser **fro** / zuo der keiserin sprach er do
DIO.tei.xml;DIO_20241_4;fro;41;ANNOTATE;;ja;;ADJ;;lexicon.xml#lemma_7250;;variants.xml#type_41787;lemma_7250;ADJ;high;Prädikativ mit Kopula 'warent' und Genitiv 'sin': sie waren seiner alle froh.;vnd beleib küng alexander do / sy warent sin alle **fro** / er hilt sich ouch sere wiszklich
DIO.tei.xml;DIO_20324_5;fro;24;ANNOTATE;;ja;;ADJ;;lexicon.xml#lemma_7250;;variants.xml#type_41787;lemma_7250;ADJ;high;Prädikativ mit Kopula 'sient' und Genitiv 'sin', Formel 'in hertzen fro'.;sag mynem herren dem küng also / wir sient sin in hertzen **fro** / nit liebers kan er vns getuon
DIO.tei.xml;DIO_20330_1;fro;30;ANNOTATE;;ja;;ADJ;;lexicon.xml#lemma_7250;;variants.xml#type_41787;lemma_7250;ADJ;high;Prädikativ mit Kopula 'were' und Gradwort 'wie': wie froh der Ritter wäre.;vnd seit ym die mere / wie **fro** der ritter were / der küng lenger beit nit mer
DIO.tei.xml;DIO_21017_4;fro;17;ANNOTATE;;ja;;ADJ;;lexicon.xml#lemma_7250;;variants.xml#type_41787;lemma_7250;ADJ;high;Prädikativ mit Kopula 'warent' und Genitiv 'sinr wiszheit': sie waren seiner Weisheit froh.;sy loptent den suon alle do / sinr wiszheit warent sy **fro** / darnach vnlange fuogt es sich
DIS.tei.xml;DIS_290_6;fro;29;ANNOTATE;;ja;;ADJ;;lexicon.xml#lemma_7250;;variants.xml#type_41787;lemma_7250;ADJ;high;Prädikativ mit Kopula 'waren' und Genitivobjekt 'der rede': 'waren der rede fro' = froh über die Rede.;das dunket mich der nützest rat . > / die kristen die waren der rede **fro** / und gelobten in das selbig do ,
DIS.tei.xml;DIS_2390_5;fro;239;ANNOTATE;;ja;;ADJ;;lexicon.xml#lemma_7250;;variants.xml#type_41787;lemma_7250;ADJ;high;"Prädikativ mit Kopula 'waren' und Genitivobjekt 'der rede'; Satzende mit Punkt, keine Anrede.";ein untersturz hett er genummen . > / der rede waren die kristen **fro** . / zusamen tratens wider do ,
DIS.tei.xml;DIS_3130_5;fro;313;ANNOTATE;;ja;;ADJ;;lexicon.xml#lemma_7250;;variants.xml#type_41787;lemma_7250;ADJ;high;"Prädikativ mit Kopula 'waren' und Genitiv 'der tagalt', verstärkt durch 'alle'; Satzende mit Punkt.";da vingen die kristen an zu lachen / und waren der tagalt alle **fro** . / in kreiß macht er sich wider do
DIS.tei.xml;DIS_3910_5;fro;391;ANNOTATE;;ja;;ADJ;;lexicon.xml#lemma_7250;;variants.xml#type_41787;lemma_7250;ADJ;high;"Prädikativ mit Kopula 'waren' und Genitiv 'irs glücks'; Folgesatz 'das in gelungen was' erklärt die Freude.";des musten die kristen aber lachen , / wann sie waren irs glücks **fro** , / das in gelungen was also .
DJUM.tei.xml;DJUM_112517_6;fro;17;ANNOTATE;;ja;;ADJ;;lexicon.xml#lemma_7250;;variants.xml#type_41787;lemma_7250;ADJ;high;"Prädikativ zum Imperativ 'belip' (bleib) mit 'in zuchten': bleib in Zucht froh; kein Angeredeter folgt.";nein , schriber , schrip / sin tugent : < in zuchten **fro** belip > . / wol ir , die sin ze trute gert : milte ist er unt nicht feige .
DME.tei.xml;DME_12109020_6;fro;902;ANNOTATE;;ja;;ADJ;;lexicon.xml#lemma_7250;;variants.xml#type_41787;lemma_7250;ADJ;high;"Objektsprädikativ zu 'mache' mit Akkusativ 'die sele': er macht sich die Seele froh; Folgetoken 'und'.";swer sinen gedanche schepfet so , / daz er im die sele mache **fro** / und also geschepft siniu wort ,
DNB.tei.xml;DNB_84101960_6;fro;196;ANNOTATE;;ja;;ADJ;;lexicon.xml#lemma_7250;;variants.xml#type_41787;lemma_7250;ADJ;high;Prädikativ mit Kopula 'wesen' und 'immer', Folgesatz 'daz ich iuch niht erslagen han': ich will immer froh sein.;< entriwen , > sprach der riter do , / < so wil ich immer wesen **fro** , / daz ich iuch niht erslagen han .
DNT.tei.xml;DNT_1830_5;fro;183;ANNOTATE;;ja;;ADJ;;lexicon.xml#lemma_7250;;variants.xml#type_41787;lemma_7250;ADJ;high;Praedikativ zu 'bin' mit Genitivobjekt 'euwer strauf' (ich bin euwer strauf fro): Adjektiv 'froh'.;der zagel hinwieder sprach : / < ich bin euwer strauf **fro** / und euwer bösen dro .
DNT.tei.xml;DNT_2430_4;fro;243;ANNOTATE;;ja;;ADJ;;lexicon.xml#lemma_7250;;variants.xml#type_41787;lemma_7250;ADJ;high;Praedikativ zu 'wart' mit Gradpartikel 'unmassen' (der ritter wart unmassen fro): Adjektiv 'froh'.;der ritter wart unmassen **fro** . / er eilt vil balde da ,
DNT.tei.xml;DNT_3310_5;fro;331;ANNOTATE;;ja;;ADJ;;lexicon.xml#lemma_7250;;variants.xml#type_41787;lemma_7250;ADJ;high;Praedikativ zu 'waren' mit Genitivobjekt 'der rede' (der rede waren sie alle fro): Adjektiv 'froh'.;sehet , das tun wir aber san ! > / der rede waren sie alle **fro** . / sie sprachen alle gern : < ja . >
DRW.tei.xml;DRW_26101680_5;fro;168;ANNOTATE;;ja;;ADJ;;lexicon.xml#lemma_7250;;variants.xml#type_41787;lemma_7250;ADJ;high;Objektsprädikativ zu 'machen': 'do macht ers alle samt fro', Gegensatz zur 'dro' der Feinde, Folgetoken 'daz' beginnt neuen Satz.;und siner viende dro , / do macht ers alle samt **fro** : / < daz wolde got , unser trost ,
DSW.tei.xml;DSW_920_5;fro;92;ANNOTATE;;ja;;ADJ;;lexicon.xml#lemma_7250;;variants.xml#type_41787;lemma_7250;ADJ;high;Prädikativ zur Kopula sîn mit Gradpartikel: 'die frowe was des vil fro', Genitiv 'des', Folgesatz 'das ir man was komen'.;in sin hus gieng er do . / die frowe was des vil **fro** , / das ir man was komen .
DUM.tei.xml;DUM_115_5;fro;115;ANNOTATE;;ja;;ADJ;;lexicon.xml#lemma_7250;;variants.xml#type_41787;lemma_7250;ADJ;high;Prädikativ zur Kopula werden: 'der ritter ward der rede fro', Genitivobjekt 'der rede', Folgetoken 'si' beginnt neuen Satz.;da ir mich hapt gelassen vor . > / der ritter ward der rede **fro** . / si beraittent sich nun do
DUM.tei.xml;DUM_316_5;fro;316;ANNOTATE;;ja;;ADJ;;lexicon.xml#lemma_7250;;variants.xml#type_41787;lemma_7250;ADJ;high;Prädikativ zu 'machen': 'ich will dich immer machen fro', Objektsprädikativ, Folgesatz mit 'das du'.;die fraw sprach : < nicht red also ! / ich will dich immer machen **fro** , / das du muost ain herre sein . >
DUM.tei.xml;DUM_442_5;fro;442;ANNOTATE;;ja;;ADJ;;lexicon.xml#lemma_7250;;variants.xml#type_41787;lemma_7250;ADJ;high;Prädikativ zur Kopula werden: 'des ward der edel künig fro', Formel, Folgetoken 'er' beginnt neuen Satz.;ze hof mit grossen eren do . / des ward der edel künig **fro** . / er enpfieng si schon und wol .
EGF.tei.xml;EGF_118100900_6;fro;90;ANNOTATE;;ja;;ADJ;;lexicon.xml#lemma_7250;;variants.xml#type_41787;lemma_7250;ADJ;high;Prädikativ zur Kopula sîn mit Gradpartikel: 'ich bin iwer rede vil fro', Genitivobjekt 'iwer rede', Folgetoken 'ich' beginnt neuen Satz.;dem antwrt er also : / < ich bin iwer rede vil **fro** , / ich leist iwer bet und iwern rat .
EKO.tei.xml;EKO_98100820_7;fro;82;ANNOTATE;;ja;;ADJ;;lexicon.xml#lemma_7250;;variants.xml#type_41787;lemma_7250;ADJ;high;"Kopula bist: 'daz du niht lachest und bist fro', prädikativ froh, Kontrast zu niht lachen; Folgetoken ich ist neuer Satz.";der frouden , > sprach der kunich do , / < daz du niht lachest und bist **fro** ? > / < ich mac niht lachen , > sprach er .
ERA.tei.xml;ERA_86101190_5;fro;119;ANNOTATE;;ja;;ADJ;;lexicon.xml#lemma_7250;;variants.xml#type_41787;lemma_7250;ADJ;high;"Kopula wesen mit Genitivobjekt des: 'des mohten si wol wesen fro', prädikativ froh; Folgetoken ez ist neuer Satz.";næme manz dannoch fur vol , / des mohten si wol wesen **fro** . / ez stet umbe die frowen so ,
FGP.tei.xml;FGP_1350_5;fro;135;ANNOTATE;;ja;;ADJ;;lexicon.xml#lemma_7250;;variants.xml#type_41787;lemma_7250;ADJ;high;Prädikativ mit Kopula 'wer' und Kontrast 'zornig oder fro': ob der Bauer zornig oder froh wäre.;neur also an dem gattern leint ? > / der paur wer zornig oder **fro** , / der im kein antwurt gab do ,
FGP.tei.xml;FGP_2750_5;fro;275;ANNOTATE;;ja;;ADJ;;lexicon.xml#lemma_7250;;variants.xml#type_41787;lemma_7250;ADJ;high;Prädikativ mit Kopula 'was' und Genitivobjekt 'des rates': der Messner war des Rates froh.;sich , also kommen wir sein ab . > / der meßner was des rates **fro** . / seiner frauen volget er do
FLG1.tei.xml;FLG1_7295480500_0;fro;;ANNOTATE;;ja;;NOM;;lexicon.xml#lemma_7260;;variants.xml#type_154744;lemma_7260;NOM;high;Anrede vor Personifikation 'diemuetekeit' (Majuskel), Komma und Imperativ 2. Pl. 'sitzent' folgen: verkuerzte Anrede.;"har zuo mir und bringent mir helige trehene ; die machen mich súnden ane . **fro** diemuetekeit , sitzent hie bi mir und tribent homuot und ital ere von mir ,"
FLG1.tei.xml;FLG1_7295480660_0;fro;;ANNOTATE;;ja;;NOM;;lexicon.xml#lemma_7260;;variants.xml#type_154744;lemma_7260;NOM;high;Anrede vor Personifikation 'helikeit' (Majuskel), Komma und Imperative 'koment ... kussent ... wonent' folgen.;si mir nit moegent schaden . ich wil úch mit arbeiten bi mir haben . **fro** helikeit , koment har zuo mir und kússent miner selen munt und wonent in mines
FLG1.tei.xml;FLG1_7295480680_0;fro;;ANNOTATE;;ja;;NOM;;lexicon.xml#lemma_7260;;variants.xml#type_154744;lemma_7260;NOM;high;Anrede vor Personifikation 'hoffunge' (Majuskel), Komma und Bitte in 2. Pl. 'ich bitte uch, das ir ... bindent' folgen.;"munt und wonent in mines herzen grunt ; so blibe ich iemer me gesunt . **fro** hoffunge , ich bitte úch , das ir zesamen bindent alle min herzen wunden ,"
FR1.tei.xml;FR1_5065070_8;fro;7;ANNOTATE;;ja;;ADJ;;lexicon.xml#lemma_7250;;variants.xml#type_41787;lemma_7250;ADJ;high;Prädikativ mit Kopula sîn und Gradpartikel zu: nieman sol sînes heiles ze frô sîn.;kein leit daz wart doch nie so groz , ezn würde mit freude gestiuret . / ez sol ouch nieman sines heiles sin zu **fro** . / daz prüve ich so :
FR1.tei.xml;FR1_5092110_2;fro;11;REVIEW;confidence;nein;;;;;;;lemma_7250;ADJ;medium;"Kontrastpaar gein trûrec frô neben gein sorgen lust; Lemma klar, elliptisch auch substantivische Lesart möglich.";lachen , ( ) weinen beide , / gein trurec **fro** , gein sorgen lust , ( ) schimpf ane unterscheide , / die ane maze weren nicht . der maze craft bewache .
FR1.tei.xml;FR1_12002040_0;fro;4;REVIEW;confidence;nein;;;;;;;lemma_7250;ADV;medium;"frô ich zu dînem rîche kom: modifiziert kom ohne Kopula; Lemma klar, depiktives ADJ bleibt als Lesart offen.";baz , so er din erschricke , / **fro** ich zu dinem riche / kom , tetragrammaton .
FR1.tei.xml;FR1_13023030_5;fro;3;ANNOTATE;;ja;;ADJ;;lexicon.xml#lemma_7250;;variants.xml#type_41787;lemma_7250;ADJ;high;Prädikativ mit Kopula ist und Genitivobjekt: man ist der buoze tôdes frô.;"daz sie nicht hoher eren samen ? / man ist der buze todes **fro** ; / des möchten sich die lebenden schamen ."
FR1.tei.xml;FR1_13058020_4;fro;2;REVIEW;confidence;nein;;;;;;;lemma_7250;NOM;medium;"daz lustlich frô parallel zu daz angesichte als Objekt von enpfangen; daz als Pronomen mit prädikativem frô bleibt offen.";swenn man daz angesichte hat / enpfangen und daz lustlich **fro** , / darnach heimliches herzen rat
FR2.tei.xml;FR2_419020_7;fro;2;REVIEW;verdict-klasse;nein;;;;;;;lemma_7250;NOM;high;"Substantiviert: 'ein swinendez fro', Artikel plus stark flektiertes Attribut ohne Bezugswort, Apposition zu süzen sang; kein Angeredeter.";ja singe ich als der swan , der ( ) gein dem ende / so süzen sang gewinnet , ein swinendez **fro** . / sie tut mir als dem venix , den sin brende
FR3.tei.xml;FR3_105218020300_2;fro;30;REVIEW;confidence;nein;;;;;;;lemma_7250;ADJ;medium;"Antithese 'gein trurec fro' neben 'sorgen lust'; froh, aber Substantivierung moeglich, Wortart offen.";lachen , ( ) weinen beide , / gein trurec **fro** , gein sorgen lust , ( ) schimpf ane unterscheide , / die ane maze weren nicht . der maze craft bewache .
FR3.tei.xml;FR3_507201040630_5;fro;63;ANNOTATE;;ja;;ADJ;;lexicon.xml#lemma_7250;;variants.xml#type_41787;lemma_7250;ADJ;high;Kopula 'vor was ich fro': praedikativ froh, kein Angeredeter folgt.;nu sta ich hir an varwe bloth , / ( ) vor waß ich **fro** , wann ich dich mochte anblicken . / me schal ome rosen straüwen
FR3.tei.xml;FR3_108204030560_3;fro;56;REVIEW;confidence;nein;;;;;;;lemma_7250;ADJ;medium;'so wer ich fro geporn': froh mit Kopula wer(e), doch adverbiale Lesart zu 'geporn' bleibt offen.;al zu der stunt / so wer ich **fro** geporn . / des pit ich dich , du hochste kaiserinne ,
FR3.tei.xml;FR3_108205010090_3;fro;9;ANNOTATE;;ja;;ADJ;;lexicon.xml#lemma_7250;;variants.xml#type_41787;lemma_7250;ADJ;high;'er was gar fro': Kopula und Gradpartikel, praedikativ froh.;sant thoman was in india , / er was gar **fro** , / das im ein schöne potschafft kam von got aldo ,
FR3.tei.xml;FR3_208205010090_3;fro;9;ANNOTATE;;ja;;ADJ;;lexicon.xml#lemma_7250;;variants.xml#type_41787;lemma_7250;ADJ;high;'der was gar fro': Kopula und Gradpartikel, praedikativ froh (Parallelfassung).;sant thomas was in india . / der was gar **fro** , / das im die säldenreiche potschaff kam allda ,
FR3.tei.xml;FR3_108214030520_9;fro;52;ANNOTATE;;ja;;ADJ;;lexicon.xml#lemma_7250;;variants.xml#type_41787;lemma_7250;ADJ;high;'der mag wol wesen fro': Kopula wesen, praedikativ froh.;ir lop ist so : / wer die nu hat , der mag wol wesen **fro** , / ir zal durchgründet alle ding ,
FR3.tei.xml;FR3_109205040820_5;fro;82;ANNOTATE;;ja;;ADJ;;lexicon.xml#lemma_7250;;variants.xml#type_41787;lemma_7250;ADJ;high;'des wir nu ewig wesen fro': Kopula wesen mit Genitivobjekt, praedikativ froh.;domit uns got zu hilffe kam . / des wir nu ewig wesen **fro** / bei got in seiner ewigkeit ,
FR3.tei.xml;FR3_110205040510_3;fro;51;ANNOTATE;;ja;;ADJ;;lexicon.xml#lemma_7250;;variants.xml#type_41787;lemma_7250;ADJ;high;'got wer noch fro, moecht er': Kopula wer(e), praedikativ froh.;das er mich zu seinen diensten wolte zwingen ? / got wer noch **fro** , möcht er mit mir gedingen . / nu han ich doch sein große crafft ,
FR3.tei.xml;FR3_111209040660_4;fro;66;ANNOTATE;;ja;;ADJ;;lexicon.xml#lemma_7250;;variants.xml#type_41787;lemma_7250;ADJ;high;"'ir sullet immer wesen fro': Kopula wesen, praedikativ froh; 'weip' im Folgevers ist neuer Satz.";ir edlen , sussen frawen do , / ir sullet immer wesen **fro** . / weip , biß mit züchten ! frölich hie
FR3.tei.xml;FR3_111209101540_6;fro;154;REVIEW;confidence;nein;;;;;;;lemma_7250;ADV;medium;"'wer halff vil fro von swere': froh zu 'halff' ohne Kopula; ADV, doch ADJ (resultativ) oder 'frueh' offen.";nu sich , wer halff vil **fro** von swere / judit , das sie das haupet nam so here ,
FR3.tei.xml;FR3_211209020180_6;fro;18;REVIEW;confidence;nein;;;;;;;lemma_7250;ADV;medium;"'wer halff vil fro uss swere': Parallelfassung, froh zu 'halff'; ADV, Wortart nicht eindeutig.";nu sich , wer halff vil **fro** uß swere / judith , do sie dem heuptman in dem here
FR3.tei.xml;FR3_111210020340_2;fro;34;REVIEW;confidence;nein;;;;;;;lemma_7250;ADV;medium;'sach er ... und ewig fro den hochsten hort': froh zum Verb sehen, depiktives ADJ bleibt offen.;die gotheit her sach er also gedriet / und ewig **fro** den hochsten hort so vein .
FR3.tei.xml;FR3_112204040490_0;fro;49;REVIEW;confidence;nein;;;;;;;lemma_7250;ADV;medium;"'fro ich zu dinem riche kom': froh zum Verb komen ohne Kopula; ADJ-Lesart (depiktiv) bleibt offen.";baz , so er din erschricke , / **fro** ich zu dinem riche / kom , tetragrammaton .
FR3.tei.xml;FR3_112204101930_0;fro;193;REVIEW;confidence;nein;;;;;;;lemma_7250;ADV;medium;"'fro da mit linder stimme kam sie': froh zu 'kam' ohne Kopula; Lesart 'frueh' (vruo) nicht ausgeschlossen.";den ir got selb erwelte . / **fro** da mit linder stimme / kam sie zu irem rate
FR3.tei.xml;FR3_112206030570_0;fro;57;REVIEW;confidence;nein;;;;;;;lemma_7250;ADV;medium;"'fro komen wir in throne': froh zu 'komen' ohne Kopula; ADJ-Lesart (depiktiv) bleibt offen.";der sonden uz und inne . / **fro** komen wir in throne , / daz waz des vatters rat ,
FR3.tei.xml;FR3_114202030400_7;fro;40;ANNOTATE;;ja;;ADJ;;lexicon.xml#lemma_7250;;variants.xml#type_41787;lemma_7250;ADJ;high;'an ennde fro beleib': Kopula beliben, praedikativ froh als Wunsch an 'selig weip'.;du vii selig weip , / des wunsch ich dir : an ennde **fro** beleib .
GRA.tei.xml;GRA_132102880_5;fro;288;ANNOTATE;;ja;;ADJ;;lexicon.xml#lemma_7250;;variants.xml#type_41787;lemma_7250;ADJ;high;Praedikativ zu Kopula 'wesen' mit Genitiv 'des' (des sul wir alle wesen fro): Adjektiv 'froh'.;iedoch ergienc ez also . / des sul wir alle wesen **fro** : / daz unser der heilige christ
GUW.tei.xml;GUW_136100260_3;fro;26;ANNOTATE;;ja;;ADJ;;lexicon.xml#lemma_7250;;variants.xml#type_41787;lemma_7250;ADJ;high;"Prädikativ nach Kopula wart, koordiniert mit geil (fro und geil); keine Anrede, kein Titel folgt.";des duhte si ein michel teil . / der gast wart **fro** und geil . / er sprach : < ir sit ein heilich wip .
GUW.tei.xml;GUW_136101120_6;fro;112;ANNOTATE;;ja;;ADJ;;lexicon.xml#lemma_7250;;variants.xml#type_41787;lemma_7250;ADJ;high;Prädikativ nach Kopula wirt mit Gradpartikel so (wirt so fro), Folgetoken daz ist Konjunktion.;dem chan si sich gelichen so , / daz er ir suze wirt so **fro** , / daz si in bezzer dunchet danne guot ,
GWTK.tei.xml;GWTK_15210086500_4;fro;865;ANNOTATE;;ja;;ADJ;;lexicon.xml#lemma_7250;;variants.xml#type_41787;lemma_7250;ADJ;high;"Praedikativ zu 'ward der unverzagte man ... fro'; Kopula werden.";des ward der unverzagtte man / in sines hertzen sinen **fro** . / urlob ward genomen do .
GWTK.tei.xml;GWTK_15210088200_4;fro;882;ANNOTATE;;ja;;ADJ;;lexicon.xml#lemma_7250;;variants.xml#type_41787;lemma_7250;ADJ;high;"Praedikativ: 'ir werde hertzen warend fro'; Kopula sein.";wunsten vil hailles in do . / ir werde hertzen warend **fro** . / ir ritten ward gar balde .
GWTK.tei.xml;GWTK_30210175600_5;fro;1756;ANNOTATE;;ja;;ADJ;;lexicon.xml#lemma_7250;;variants.xml#type_41787;lemma_7250;ADJ;high;"Praedikativ: 'sines gelueks warend ... der hirt und die hirtin fro'; Genitivobjekt zu froh.";sines gelüks warend do / der hirtt und die hirtin **fro** , / lïb was in der junge lib .
GWTK.tei.xml;GWTK_34110195800_4;fro;1958;ANNOTATE;;ja;;ADJ;;lexicon.xml#lemma_7250;;variants.xml#type_41787;lemma_7250;ADJ;high;"Praedikativ zu 'din raines hertze fro ... beliben mag'; bliben + Adjektiv.";kan dir des gelonnen so / daz din raines hertze **fro** / iemer wol beliben mag .
GWTK.tei.xml;GWTK_35220203400_2;fro;2034;REVIEW;confidence;nein;;;;;;;lemma_7250;ADJ;medium;Lemma froh sicher ('mit lichten Farben fro enpfangen ward'), praedikativ oder adverbial offen.;balde zü in tratt er do . / mitt lïchtenfarwen **fro** / er völlenklich enpfangen ward .
GWTK.tei.xml;GWTK_45110257400_4;fro;2574;ANNOTATE;;ja;;ADJ;;lexicon.xml#lemma_7250;;variants.xml#type_41787;lemma_7250;ADJ;high;"Praedikativ: 'des waz daz ingesinde fro'; Kopula sein, Genitiv des.";ward der junge gast all do : / des waz daz ingesinde **fro** , / die in fröden sassend ,
GWTK.tei.xml;GWTK_53220306200_5;fro;3062;ANNOTATE;;ja;;ADJ;;lexicon.xml#lemma_7250;;variants.xml#type_41787;lemma_7250;ADJ;high;"Praedikativ: 'ir moechten fro von siner kintheit sin'; Kopula sein.";thedalus der ritter do / sprach : < ir möchten **fro** / von siner kinthaitt sin
GWTK.tei.xml;GWTK_55110313500_4;fro;3135;ANNOTATE;;ja;;ADJ;;lexicon.xml#lemma_7250;;variants.xml#type_41787;lemma_7250;ADJ;high;"Praedikativ: 'des wurden alle ritter fro'; Kopula werden.";< thurnays aventure pflegen . > / des wurden alle ritter **fro** . / die rötten baidenthalben do
GWTK.tei.xml;GWTK_57210329200_4;fro;3292;ANNOTATE;;ja;;ADJ;;lexicon.xml#lemma_7250;;variants.xml#type_41787;lemma_7250;ADJ;high;"Praedikativ: 'daz sy alle wurden fro'; Kopula werden.";"mitt gütter handlung also / daz sy alle wurden **fro** ; / won wa gütter wille ze tische gatt ,"
GWTK.tei.xml;GWTK_62110356400_4;fro;3564;ANNOTATE;;ja;;ADJ;;lexicon.xml#lemma_7250;;variants.xml#type_41787;lemma_7250;ADJ;high;"Praedikativ: 'sin hertz wer gewesen fro, daz ...'; Kopula sein.";angesechen als ich do , / sin hertz wer gewesse **fro** , / daz er dich fürbas hett geloptt :
GWTK.tei.xml;GWTK_69210401500_3;fro;4015;ANNOTATE;;ja;;ADJ;;lexicon.xml#lemma_7250;;variants.xml#type_41787;lemma_7250;ADJ;high;"Praedikativ: 'die ritter ... warend fro'; Kopula sein.";die ritter sich do güften / begunden und warend **fro** / die dem jungen erren do
GWTK.tei.xml;GWTK_72210421100_3;fro;4211;ANNOTATE;;ja;;ADJ;;lexicon.xml#lemma_7250;;variants.xml#type_41787;lemma_7250;ADJ;high;"Praedikativ: 'die frowen ... sassen und warend fro'; Kopula sein.";da die frowen besunder / sassen und warend **fro** , / vil trurenklich bliktte do
GWTK.tei.xml;GWTK_79120458600_4;fro;4586;ANNOTATE;;ja;;ADJ;;lexicon.xml#lemma_7250;;variants.xml#type_41787;lemma_7250;ADJ;high;"Praedikativ: 'vil menig hertze fro ward'; Kopula werden.";recht also geriett er do . / des vil menig hertze **fro** / ward von lïber angesicht .
GWTK.tei.xml;GWTK_85110492700_4;fro;4927;ANNOTATE;;ja;;ADJ;;lexicon.xml#lemma_7250;;variants.xml#type_41787;lemma_7250;ADJ;high;"Praedikativ: 'waren all ain andren fro'; Kopula sein, Genitivobjekt.";megtte , frowen unde man / waren all aine andren **fro** . / paris der fürst bliktte do
GWTK.tei.xml;GWTK_91110529400_4;fro;5294;ANNOTATE;;ja;;ADJ;;lexicon.xml#lemma_7250;;variants.xml#type_41787;lemma_7250;ADJ;high;"Praedikativ: 'ward der edlen rede fro'; Kopula werden, Genitivobjekt.";alles ingesinde do / ward der edlen rede **fro** / dü ze der selben stunde
GWTK.tei.xml;GWTK_92210538100_5;fro;5381;ANNOTATE;;ja;;ADJ;;lexicon.xml#lemma_7250;;variants.xml#type_41787;lemma_7250;ADJ;high;"Praedikativ: 'ward der rede fro'; Kopula werden, Genitivobjekt.";der tugend ain stetter aidgenoss / von throye ward der rede **fro** . / ze dem ritter er aber do
GWTK.tei.xml;GWTK_92210539100_4;fro;5391;ANNOTATE;;ja;;ADJ;;lexicon.xml#lemma_7250;;variants.xml#type_41787;lemma_7250;ADJ;high;"Praedikativ: 'tryffon waz der mere fro'; Kopula sein, Genitivobjekt.";tett dem küng daz mere kund . / tryffon waz der mere **fro** . / vier fürsten in do
GWTK.tei.xml;GWTK_99110577900_4;fro;5779;REVIEW;confidence;nein;;;;;;;lemma_7250;ADJ;medium;"'waren mit der suessen fro, daz ...' spricht fuer froh + daz-Satz; Lesart 'mit der suessen frouwe' bleibt formal offen.";ritter , fryen , dienstman , / waren mit der süssen **fro** / daz in lïbe helffe do
GWTK.tei.xml;GWTK_102210597900_4;fro;5979;ANNOTATE;;ja;;ADJ;;lexicon.xml#lemma_7250;;variants.xml#type_41787;lemma_7250;ADJ;high;"Praedikativ: 'sy waren des gebottes fro'; Kopula sein, Genitivobjekt.";das man üch prisse müsse jechen . > / sy waren des gebottes **fro** : / ze kemonatten ylten sy do
GWTK.tei.xml;GWTK_108210632100_4;fro;6321;ANNOTATE;;ja;;ADJ;;lexicon.xml#lemma_7250;;variants.xml#type_41787;lemma_7250;ADJ;high;"Praedikativ: 'ward der gesichte dike fro'; Kopula werden, Genitivobjekt.";marcus , der fürste hoch gemütt , / ward der gesichtte dike **fro** . / dü burg mitt süben türmen hoch
GWTK.tei.xml;GWTK_109210638100_4;fro;6381;ANNOTATE;;ja;;ADJ;;lexicon.xml#lemma_7250;;variants.xml#type_41787;lemma_7250;ADJ;high;"Praedikativ: 'ward rede nie so fro'; Kopula werden, Gradpartikel so.";pariss by mengem tag / ward rede nie so **fro** . / lob sprach er dem hertzogen do
GWTK.tei.xml;GWTK_109210639700_4;fro;6397;ANNOTATE;;ja;;ADJ;;lexicon.xml#lemma_7250;;variants.xml#type_41787;lemma_7250;ADJ;high;"Praedikativ: 'daz gesind ward alles fro'; Kopula werden.";paris von fröden uff sprang . / daz gesind ward alles **fro** / do er pflag sölicher sprünge hoch .
GWTK.tei.xml;GWTK_117210684700_5;fro;6847;ANNOTATE;;ja;;ADJ;;lexicon.xml#lemma_7250;;variants.xml#type_41787;lemma_7250;ADJ;high;"Praedikativ neben 'versenket in leide und doch uss der massen fro'; Kontrast zu leit.";versenkett in laide / und doch uss der massen **fro** / do es ergangen waz also .
GWTK.tei.xml;GWTK_121210708400_5;fro;7084;ANNOTATE;;ja;;ADJ;;lexicon.xml#lemma_7250;;variants.xml#type_41787;lemma_7250;ADJ;high;"Praedikativ: 'vil fro der gehiure fuerste ward'; Kopula werden, Gradpartikel vil.";von in : des in baiden do / gunde der kaysser . vil **fro** / der gehürre furste ward .
GWTK.tei.xml;GWTK_126110734700_6;fro;7347;ANNOTATE;;ja;;ADJ;;lexicon.xml#lemma_7250;;variants.xml#type_41787;lemma_7250;ADJ;high;"Praedikativ: 'des bin ich fro'; Kopula sein, Genitiv des.";wa ich wib dü stättekaitt / gediennen mag , des bin ich **fro** . / recht min gemütte statt also
GWTK.tei.xml;GWTK_126120735800_1;fro;7358;ANNOTATE;;ja;;ADJ;;lexicon.xml#lemma_7250;;variants.xml#type_41787;lemma_7250;ADJ;high;"Praedikativ: 'dü minneclich ward vil fro daz ...'; Kopula werden, Gradpartikel vil.";dü mineklich do ward / vil **fro** daz ir dü vart / von dem ritter ward geloptt ,
GWTK.tei.xml;GWTK_127210744000_6;fro;7440;ANNOTATE;;ja;;ADJ;;lexicon.xml#lemma_7250;;variants.xml#type_41787;lemma_7250;ADJ;high;"Praedikativ: 'waz der mere fro'; Kopula sein, Genitivobjekt.";< daz sol geschechen , > sprach do / dü süsse und waz der mere **fro** . / paris by ainem ritter vand
GWTK.tei.xml;GWTK_132210772800_5;fro;7728;REVIEW;confidence;nein;;;;;;;lemma_7250;ADJ;medium;"Lemma froh sicher; 'den edlen gaste fro batt' als nachgestelltes Attribut oder Adverb zu bat offen.";mochten kum ain andren do . / der wirtt den edlen gaste **fro** / batt an den selben zitten
GWTK.tei.xml;GWTK_134120782800_3;fro;7828;ANNOTATE;;ja;;ADJ;;lexicon.xml#lemma_7250;;variants.xml#type_41787;lemma_7250;ADJ;high;Nachgestelltes unflektiertes Attribut 'der ellende ritter fro' (wie 'ritter guot'), Subjekt zu sprach.;die tätt ich üch , > sprach aber do / der ellende ritter **fro** . / < wa ir vindentt den man
GWTK.tei.xml;GWTK_139110810500_3;fro;8105;ANNOTATE;;ja;;ADJ;;lexicon.xml#lemma_7250;;variants.xml#type_41787;lemma_7250;ADJ;high;"Praedikativ: 'ward gemeit unde fro'; Kopula werden, Koordination mit gemeit.";der endeliche ritter gütt / ward gemaitt unde **fro** . / sin gemütte daz stünd ho .
GWTK.tei.xml;GWTK_146120853700_6;fro;8537;ANNOTATE;;ja;;ADJ;;lexicon.xml#lemma_7250;;variants.xml#type_41787;lemma_7250;ADJ;high;"Praedikativ: 'wer sin in dem muote fro'; Kopula sein.";daz were mins hertzen höster prisz / und wer sin in dem mütte **fro** . > / ain schaiden daz ergieng alldo .
GWTK.tei.xml;GWTK_153210894400_6;fro;8944;ANNOTATE;;ja;;ADJ;;lexicon.xml#lemma_7250;;variants.xml#type_41787;lemma_7250;ADJ;high;"Praedikativ: 'der er fro ... was'; Kopula sein, Genitivobjekt der.";vil dik erbliktte do / an dü claider , der er **fro** / von innenklichem hertzen was .
GWTK.tei.xml;GWTK_156110912800_5;fro;9128;ANNOTATE;;ja;;ADJ;;lexicon.xml#lemma_7250;;variants.xml#type_41787;lemma_7250;ADJ;high;"Praedikativ: 'des ward menig edel ritter fro'; Kopula werden.";getrukett inneklichen do . / des ward menig edel ritter **fro** . / dü frow zü dem fürsten sprach :
GWTK.tei.xml;GWTK_162110948400_6;fro;9484;ANNOTATE;;ja;;ADJ;;lexicon.xml#lemma_7250;;variants.xml#type_41787;lemma_7250;ADJ;high;"Praedikativ: 'daz iuwer hertze fro ... wirt'; Kopula werden.";ze dem vil ellenthaften do / sprach : < daz üwer hertze **fro** / von waren schulden wirtt
GWTK.tei.xml;GWTK_164110958200_3;fro;9582;ANNOTATE;;ja;;ADJ;;lexicon.xml#lemma_7250;;variants.xml#type_41787;lemma_7250;ADJ;high;"Praedikativ: 'ward der antwurt fro'; Kopula werden, Genitivobjekt.";paris mit gütten züchten do / ward der antwurtt **fro** . / < edel ritter werde ,
GWTK.tei.xml;GWTK_172211010100_4;fro;10101;ANNOTATE;;ja;;ADJ;;lexicon.xml#lemma_7250;;variants.xml#type_41787;lemma_7250;ADJ;high;"Praedikativ: 'waz ires lieben gastes fro'; Kopula sein, Genitivobjekt.";dü miltte wirtin zartt / waz ires lïben gastes **fro** . / ich waiss daz dü weltt also
GWTK.tei.xml;GWTK_175221024900_4;fro;10249;ANNOTATE;;ja;;ADJ;;lexicon.xml#lemma_7250;;variants.xml#type_41787;lemma_7250;ADJ;high;"Praedikativ: 'der keiser gar unmassen fro waz'; Kopula sein.";und dü mütter sunder hassz . / der kaysser gar unmassen **fro** / waz des fürsten kunfte do .
GWTK.tei.xml;GWTK_176221032000_3;fro;10320;ANNOTATE;;ja;;ADJ;;lexicon.xml#lemma_7250;;variants.xml#type_41787;lemma_7250;ADJ;high;"Praedikativ: 'menig edel fuerste fro ... sins geluekes waz'; Kopula sein.";waz der selbe ritter do . / menig edel fürste **fro** / ze stund sins gelükes waz .
GWTK.tei.xml;GWTK_176221033000_4;fro;10330;ANNOTATE;;ja;;ADJ;;lexicon.xml#lemma_7250;;variants.xml#type_41787;lemma_7250;ADJ;high;"Praedikativ: 'gar inneclichen fro wurden man unde wib'; Kopula werden.";ein fröde von in allen do / beschach . gar inneklichen **fro** / wurden man unde wib
GWTK.tei.xml;GWTK_178111040400_3;fro;10404;ANNOTATE;;ja;;ADJ;;lexicon.xml#lemma_7250;;variants.xml#type_41787;lemma_7250;ADJ;high;"Nachgestelltes unflektiertes Attribut 'dem edlen garzun fro'; Dativobjekt zu gab antwurt.";nieman gab antwurtt do / dem edlen garzun **fro** . / sy sachen alle ain ander an
GWTK.tei.xml;GWTK_183211072500_4;fro;10725;ANNOTATE;;ja;;ADJ;;lexicon.xml#lemma_7250;;variants.xml#type_41787;lemma_7250;ADJ;high;"Praedikativ: 'ward irs vatters siges fro'; Kopula werden, Genitivobjekt.";dü vil edell kaysserin / ward irs vatters siges **fro** . / dü starke schumpffentüre do
GWTK.tei.xml;GWTK_184111074700_3;fro;10747;ANNOTATE;;ja;;ADJ;;lexicon.xml#lemma_7250;;variants.xml#type_41787;lemma_7250;ADJ;high;"Praedikativ: 'warend fry unde fro'; Kopula sein, Koordination mit fri.";da wider aber die gaillen / warend fry unde **fro** . / wem och ergangen was also
GWTK.tei.xml;GWTK_191111114000_4;fro;11140;ANNOTATE;;ja;;ADJ;;lexicon.xml#lemma_7250;;variants.xml#type_41787;lemma_7250;ADJ;high;"Praedikativ: 'ilten dann und warend fro daz ...'; Kopula sein.";die zwen unversertten do / ilten dann und warend **fro** / daz in so wol gelungen waz .
GWTK.tei.xml;GWTK_197211151700_5;fro;11517;ANNOTATE;;ja;;ADJ;;lexicon.xml#lemma_7250;;variants.xml#type_41787;lemma_7250;ADJ;high;"Praedikativ: 'des ward in sinen harte fro carpius'; Kopula werden.";für den tisch in den sal . / des ward in sinen hartte **fro** / carpius der gevangen do .
GWTK.tei.xml;GWTK_203111184800_4;fro;11848;REVIEW;confidence;nein;;;;;;;lemma_7250;ADJ;medium;"Lemma froh sicher; 'schieden sy froelich unde fro' praedikativ oder adverbial zu schieden offen.";baidentthalb von dannen do / schiedentt sy frölich unde **fro** . / die drye wider ze husse ritten .
GWTK.tei.xml;GWTK_204221195000_3;fro;11950;ANNOTATE;;ja;;ADJ;;lexicon.xml#lemma_7250;;variants.xml#type_41787;lemma_7250;ADJ;high;"Praedikativ: 'fragen und warend fro'; Kopula sein.";sy begunden alle do / fragen und warend **fro** / wa die fürsten möchten sin .
GWTK.tei.xml;GWTK_208211219300_5;fro;12193;ANNOTATE;;ja;;ADJ;;lexicon.xml#lemma_7250;;variants.xml#type_41787;lemma_7250;ADJ;high;"Praedikativ: 'sy warend all in zuechten fro'; Kopula sein.";uff daz husse in den sal . / sy warend all in züchten **fro** / do in sus selleklichen do
GWTK.tei.xml;GWTK_209111220600_4;fro;12206;ANNOTATE;;ja;;ADJ;;lexicon.xml#lemma_7250;;variants.xml#type_41787;lemma_7250;ADJ;high;"Praedikativ: 'ward von waren schulden fro'; Kopula werden.";allü dü massnie do / ward von waren schulden **fro** . / es ward nie jomer so gelich
GWTK.tei.xml;GWTK_215121257500_6;fro;12575;ANNOTATE;;ja;;ADJ;;lexicon.xml#lemma_7250;;variants.xml#type_41787;lemma_7250;ADJ;high;"Praedikativ: 'ward sy in ierem hertzen fro'; Kopula werden.";daz tett dü raine wol / und ward sy in ierem hertzen **fro** . / mit güttem willen sy do
GWTK.tei.xml;GWTK_217111267000_4;fro;12670;ANNOTATE;;ja;;ADJ;;lexicon.xml#lemma_7250;;variants.xml#type_41787;lemma_7250;ADJ;high;"Praedikativ: 'moechten iemer gerne fro ... sin'; Kopula sein.";lebten , als sy tatten do , / dü möchten iemer gernne **fro** / billich by ain andren sin .
GWTK.tei.xml;GWTK_218111274200_4;fro;12742;ANNOTATE;;ja;;ADJ;;lexicon.xml#lemma_7250;;variants.xml#type_41787;lemma_7250;ADJ;high;"Praedikativ: 'ward des lieben gastes fro'; Kopula werden, Genitivobjekt.";der fursten riche wirtt do / ward des lïben gastes **fro** / mitt siner fründine .
GWTK.tei.xml;GWTK_219111278000_6;fro;12780;ANNOTATE;;ja;;ADJ;;lexicon.xml#lemma_7250;;variants.xml#type_41787;lemma_7250;ADJ;high;"Praedikativ: 'waz ir fro'; Kopula sein, Genitivobjekt ir.";ze husse fürtte der fürste do / sin geste , und waz ir **fro** , / uff ainen rilichen sal ,
GWTK.tei.xml;GWTK_221221295200_3;fro;12952;ANNOTATE;;ja;;ADJ;;lexicon.xml#lemma_7250;;variants.xml#type_41787;lemma_7250;ADJ;high;"Praedikativ: 'wurden ... von der ougenweide fro'; Kopula werden.";und ir dienner wurden do / von der ougenwaide **fro** . / hector ain aventür kund
GWTK.tei.xml;GWTK_226221323800_4;fro;13238;ANNOTATE;;ja;;ADJ;;lexicon.xml#lemma_7250;;variants.xml#type_41787;lemma_7250;ADJ;high;"Praedikativ: 'der rede ward der junge ... fro'; Kopula werden, Genitivobjekt.";der rede ward der junge do / in sines hertzen grunde **fro** . / der rede ward under in getagtt .
GWTK.tei.xml;GWTK_227111326200_1;fro;13262;ANNOTATE;;ja;;ADJ;;lexicon.xml#lemma_7250;;variants.xml#type_41787;lemma_7250;ADJ;high;"Praedikativ: 'der rede ward dü guote harte fro'; Kopula werden.";der rede ward dü gütte / hartte **fro** in ierem mütte . / nun waz der küng priamus ,
GWTK.tei.xml;GWTK_228211333600_5;fro;13336;ANNOTATE;;ja;;ADJ;;lexicon.xml#lemma_7250;;variants.xml#type_41787;lemma_7250;ADJ;high;"Adjektiv zu 'ir aller sinne fro ze froeden'; elliptisch praedikativ, keine Anrede.";die wurden ze fröden do / ermantt , ir aller sinne **fro** / ze fröden und ze richer tatt .
GWTK.tei.xml;GWTK_238121391500_4;fro;13915;ANNOTATE;;ja;;ADJ;;lexicon.xml#lemma_7250;;variants.xml#type_41787;lemma_7250;ADJ;high;"Praedikativ: 'der rede ward unmassen fro der keiser'; Kopula werden.";die ich dir , fürst , han genantt . > / der rede ward unmassen **fro** / der vil riche kaisser do .
GWTK.tei.xml;GWTK_241121409000_5;fro;14090;ANNOTATE;;ja;;ADJ;;lexicon.xml#lemma_7250;;variants.xml#type_41787;lemma_7250;ADJ;high;"Praedikativ: 'waren des rattes fro'; Kopula sein, Genitivobjekt.";das duchte die fürsten alle do / gütt und waren des rattes **fro** . / ains tages do der kayser sass
GWTK.tei.xml;GWTK_247111442400_5;fro;14424;ANNOTATE;;ja;;ADJ;;lexicon.xml#lemma_7250;;variants.xml#type_41787;lemma_7250;ADJ;high;"Praedikativ: 'troye daz ward ... in rechter kunste fro'; Kopula werden.";alles troye daz ward do / von in in rechter kunste **fro** . / sy tatten es von schulden
GWTK.tei.xml;GWTK_250211461000_6;fro;14610;ANNOTATE;;ja;;ADJ;;lexicon.xml#lemma_7250;;variants.xml#type_41787;lemma_7250;ADJ;high;"Praedikativ: 'du machtt werden fro'; Kopula werden.";ulixes sprach aber do : / < kaysser , du machtt werden **fro** / vil wol , ob du selber wiltt .
GWTK.tei.xml;GWTK_254211485600_4;fro;14856;ANNOTATE;;ja;;ADJ;;lexicon.xml#lemma_7250;;variants.xml#type_41787;lemma_7250;ADJ;high;"Praedikativ: 'sy waren fro und hetten wunne'; Kopula sein.";daz geschmide er in do / antwurtte : sy waren **fro** / und hetten wunne denochtt mer .
GWTK.tei.xml;GWTK_254211486500_4;fro;14865;ANNOTATE;;ja;;ADJ;;lexicon.xml#lemma_7250;;variants.xml#type_41787;lemma_7250;ADJ;high;"Praedikativ: 'des ward er innenclich fro'; Kopula werden.";sinner fründe kunft vernan , / des ward er innenklich **fro** . / die erwelten er do
GWTK.tei.xml;GWTK_255111487900_4;fro;14879;ANNOTATE;;ja;;ADJ;;lexicon.xml#lemma_7250;;variants.xml#type_41787;lemma_7250;ADJ;high;"Praedikativ: 'der wunde waz unmassen fro'; Kopula sein.";und kranker fröde pflag . / der wunde waz unmassen **fro** / do er ersach sin künne do .
GWTK.tei.xml;GWTK_261111525200_3;fro;15252;ANNOTATE;;ja;;ADJ;;lexicon.xml#lemma_7250;;variants.xml#type_41787;lemma_7250;ADJ;high;"Praedikativ: 'hercules der ritter fro ward, do ...'; Kopula werden.";ulixes hett geton also . / hercules der ritter **fro** / ward do er den herren sach .
GWTK.tei.xml;GWTK_262221533200_3;fro;15332;REVIEW;confidence;nein;;;;;;;lemma_7250;ADJ;medium;"Lemma froh sicher; 'mit willigem muote fro kerten' praedikativ oder adverbial zu kerten offen.";gegen dem lande sy do / mitt willigem mütte **fro** / kertten segel unde mast .
GWTK.tei.xml;GWTK_263111534800_4;fro;15348;ANNOTATE;;ja;;ADJ;;lexicon.xml#lemma_7250;;variants.xml#type_41787;lemma_7250;ADJ;high;"Praedikativ: 'des ward ... der kuene ritter vil fro'; Kopula werden.";des ward in mannes sinnen do / der künne ritter vil **fro** . / die ungetrüwen rotten
GWTK.tei.xml;GWTK_263221539400_2;fro;15394;ANNOTATE;;ja;;ADJ;;lexicon.xml#lemma_7250;;variants.xml#type_41787;lemma_7250;ADJ;high;"Praedikativ: 'warend ires gevelles ... unmessenclichen fro'; Kopula sein.";warend ires gevelles do / alle unmessenklichen **fro** . / sy wurden gar in kurtzer stund
GWTK.tei.xml;GWTK_266211554600_4;fro;15546;ANNOTATE;;ja;;ADJ;;lexicon.xml#lemma_7250;;variants.xml#type_41787;lemma_7250;ADJ;high;"Praedikativ: 'ward des gesindes ... fro'; Kopula werden, Genitivobjekt.";ward des gesindes do / in sines hertzen grunde **fro** . / frölich er gegen dem stade gie ,
GWTK.tei.xml;GWTK_266211555500_7;fro;15555;ANNOTATE;;ja;;ADJ;;lexicon.xml#lemma_7250;;variants.xml#type_41787;lemma_7250;ADJ;high;"Praedikativ: 'da soltu wesen fro'; Kopula sein.";wie es ergangen were . / sy sprach : < da soltu wessen **fro** , / und lausse din gemütte ho
GWTK.tei.xml;GWTK_267211562200_4;fro;15622;ANNOTATE;;ja;;ADJ;;lexicon.xml#lemma_7250;;variants.xml#type_41787;lemma_7250;ADJ;high;"Praedikativ: 'waz mit sinen gesten fro'; Kopula sein.";antinuss der kunge do / waz mitt sinen gesten **fro** , / lipplichen er sy dicke
GWTK.tei.xml;GWTK_269121571000_2;fro;15710;ANNOTATE;;ja;;ADJ;;lexicon.xml#lemma_7250;;variants.xml#type_41787;lemma_7250;ADJ;high;"Praedikativ: 'sy wurden fro und gemeit'; Kopula werden.";dar zü tüch von syden braitt . / sy wurden **fro** und gemaitt . / suss ward och mitt sinne
GWTK.tei.xml;GWTK_272211589800_5;fro;15898;REVIEW;confidence;nein;;;;;;;lemma_7250;ADJ;medium;"Lemma froh sicher; 'seite im guote mere fro' als Attribut zu mere oder Adverb zu seite offen.";suss erwaktte er in do / und saitte im gütte mere **fro** . / ulixes waz von schwere komen ,
GWTK.tei.xml;GWTK_275121605200_4;fro;16052;ANNOTATE;;ja;;ADJ;;lexicon.xml#lemma_7250;;variants.xml#type_41787;lemma_7250;ADJ;high;"Praedikativ: 'ires heiles sy gemeine fro warend'; Kopula sein, Genitivobjekt.";uff daz mere sy füren do , / ires hailles sy gemaine **fro** / warend alle geliche .
GWTK.tei.xml;GWTK_280211637000_3;fro;16370;REVIEW;confidence;nein;;;;;;;lemma_7250;ADJ;medium;"Lemma froh sicher; 'traten zuechtig unde fro' praedikativ oder adverbial zu traten offen.";in den kïlle alle do / trautten züchtig unde **fro** / mitt willigem mütte .
GWTK.tei.xml;GWTK_283221653100_4;fro;16531;ANNOTATE;;ja;;ADJ;;lexicon.xml#lemma_7250;;variants.xml#type_41787;lemma_7250;ADJ;high;"Praedikativ: 'der held ward innenclichen fro'; Kopula werden.";sines herren zü kunft vernam , / der held ward innenklichen **fro** , / sin gemütte stünd im hoch .
GWTK.tei.xml;GWTK_286111667800_3;fro;16678;ANNOTATE;;ja;;ADJ;;lexicon.xml#lemma_7250;;variants.xml#type_41787;lemma_7250;ADJ;high;"Objektspraedikativ: 'machet daz gesinde fro'; machen + Adjektiv.";der vil werde schyro / machett daz gesinde **fro** . / achyles für den wirtt tratt ,
GWTK.tei.xml;GWTK_288121679200_4;fro;16792;REVIEW;confidence;nein;;;;;;;lemma_7250;ADJ;medium;"Lemma froh sicher; 'enpfangen von irem lieben heren fro' praedikativ, attributiv oder adverbial offen.";wurden sy enpfangen do / von irem lïben heren **fro** . / gemaine helffe unverspartt
GWTK.tei.xml;GWTK_289111684600_5;fro;16846;ANNOTATE;;ja;;ADJ;;lexicon.xml#lemma_7250;;variants.xml#type_41787;lemma_7250;ADJ;high;"Praedikativ: 'daz er by im belibe fro'; bliben + Adjektiv.";die hiesse er im triben do , / daz er by im belibe **fro** . / schyro macht in one zill
GWTK.tei.xml;GWTK_289121685200_3;fro;16852;ANNOTATE;;ja;;ADJ;;lexicon.xml#lemma_7250;;variants.xml#type_41787;lemma_7250;ADJ;high;"Praedikativ: 'des wurden alle die kriechen ... gemeit unde fro'; Kopula werden.";des wurden alle die crïchen / der gemaitt unde **fro** . / eines tages schiro
GWTK.tei.xml;GWTK_292111702000_5;fro;17020;ANNOTATE;;ja;;ADJ;;lexicon.xml#lemma_7250;;variants.xml#type_41787;lemma_7250;ADJ;high;"Praedikativ: 'sprach mit zuechten und waz fro daz ...'; Kopula sein.";der kaysser zü der magte do / sprach mit züchten und waz **fro** / daz sy verfüren wollt die diett
GWTK.tei.xml;GWTK_293211711200_8;fro;17112;ANNOTATE;;ja;;ADJ;;lexicon.xml#lemma_7250;;variants.xml#type_41787;lemma_7250;ADJ;high;"Praedikativ: 'du solt fro wesen miner angesicht'; Kopula sein, Genitivobjekt.";nitt enspartte lenger do . / er sprach : < fürste , du solt **fro** / wessen miner angesichtt :
GWTK.tei.xml;GWTK_298111738400_4;fro;17384;ANNOTATE;;ja;;ADJ;;lexicon.xml#lemma_7250;;variants.xml#type_41787;lemma_7250;ADJ;high;"Nachgestelltes unflektiertes Attribut 'zu sinem erwelten kempfer fro'; Adressat von sprach.";hector sprach mit züchten do / zü sinem erwelten kempfer **fro** : / < ir herre werbend sunder nott
GWTK.tei.xml;GWTK_303111767000_6;fro;17670;ANNOTATE;;ja;;ADJ;;lexicon.xml#lemma_7250;;variants.xml#type_41787;lemma_7250;ADJ;high;"Praedikativ: 'wie sol ich iemer werden fro des ...'; Kopula werden.";< owe , > sprach der kaysser do , / < wie sol ich iemer werden **fro** / des daz du stritt nit ensparst ?
GWTK.tei.xml;GWTK_305221781300_4;fro;17813;ANNOTATE;;ja;;ADJ;;lexicon.xml#lemma_7250;;variants.xml#type_41787;lemma_7250;ADJ;high;"Praedikativ: 'diner hulden bin ich dik gewesen fro'; Kopula sein, Genitivobjekt.";paris sprach : < diner hulden / bin ich dik gewessen **fro** . / sid es denne statt also
GWTK.tei.xml;GWTK_309111801300_5;fro;18013;ANNOTATE;;ja;;ADJ;;lexicon.xml#lemma_7250;;variants.xml#type_41787;lemma_7250;ADJ;high;"Praedikativ: 'des ward der edel fuerste fro daz ...'; Kopula werden.";sid daz din hertz manhaitt gertt . > / des ward der edel fürste **fro** / daz im da daz gelüke do
GWTK.tei.xml;GWTK_312211821900_5;fro;18219;ANNOTATE;;ja;;ADJ;;lexicon.xml#lemma_7250;;variants.xml#type_41787;lemma_7250;ADJ;high;"Praedikativ: 'der rede ward der ellend fro daz ...'; Kopula werden.";üch vil schöne tüge geritten . > / der rede ward der ellend **fro** / daz im der werde kaisser do
GWTK.tei.xml;GWTK_321221875300_0;fro;18753;ANNOTATE;;ja;;ADJ;;lexicon.xml#lemma_7250;;variants.xml#type_41787;lemma_7250;ADJ;high;"Praedikativ: 'niemer werden fro als ich gewesen bin'; Majuskel nur Versanfang.";me niemer werden / **fro** als ich gewesen bin . / din sterben nimpt mir minen sin , >
GWTK.tei.xml;GWTK_322221880000_5;fro;18800;ANNOTATE;;ja;;ADJ;;lexicon.xml#lemma_7250;;variants.xml#type_41787;lemma_7250;ADJ;high;"Praedikativ: 'harte fro waz ir manliche gemuete'; Kopula sein.";die fürsten die wurden do / sichtig ain ander , hartte **fro** / waz ir manliche gemütte .
GWTK.tei.xml;GWTK_329111916000_4;fro;19160;ANNOTATE;;ja;;ADJ;;lexicon.xml#lemma_7250;;variants.xml#type_41787;lemma_7250;ADJ;high;"Praedikativ: 'waren all ... von ires hertzen grunde fro'; Kopula sein.";waren all sunder do / von ires hertzen grunde **fro** . / alsus der künne ritter zartt
GWTK.tei.xml;GWTK_332211936300_4;fro;19363;REVIEW;confidence;nein;;;;;;;lemma_7250;ADJ;medium;"Lemma froh sicher; 'den edlen ritter fro hett gelert' Attribut zu ritter oder Adverb zu gelert offen.";alle nach maister schefte pflegen , / als den edlen ritter **fro** / hett gelertt sin maister schyro .
GWTK.tei.xml;GWTK_333121939200_6;fro;19392;ANNOTATE;;ja;;ADJ;;lexicon.xml#lemma_7250;;variants.xml#type_41787;lemma_7250;ADJ;high;"Praedikativ: 'des ward der fuerste von troye fro'; Kopula werden.";lag der held gestracks do , / des ward der fürste von troye **fro** . / in row sins brüder arbaitt .
GWTK.tei.xml;GWTK_335121953200_5;fro;19532;ANNOTATE;;ja;;ADJ;;lexicon.xml#lemma_7250;;variants.xml#type_41787;lemma_7250;ADJ;high;"Praedikativ: 'des ward der falsche fuerste fro'; Kopula werden.";daz geviell in allen do , / des ward der falsche fürste **fro** . / morgens do der tag uff brach
GWTK.tei.xml;GWTK_336211961300_5;fro;19613;ANNOTATE;;ja;;NOM;;lexicon.xml#lemma_7260;;variants.xml#type_154744;lemma_7260;NOM;high;Verkuerzte Anrede/Titel unmittelbar vor Personenname: 'fro thedis' (Frau Thetis), Subjekt zu gehiess.;won min , > sprach der usserlessen . / < das selbe gehiess mir **fro** thedis , / ich sölte sin wesen gewiss ,
GWTK.tei.xml;GWTK_357112079700_5;fro;20797;ANNOTATE;;ja;;ADJ;;lexicon.xml#lemma_7250;;variants.xml#type_41787;lemma_7250;ADJ;high;"Praedikativ: 'sin hertz waz des siges fro'; Kopula sein, Genitivobjekt.";kertte für bas in daz schloss , / sin hertz waz des siges **fro** . / in ainen salle kertt er do
GWTK.tei.xml;GWTK_362112109700_4;fro;21097;ANNOTATE;;ja;;ADJ;;lexicon.xml#lemma_7250;;variants.xml#type_41787;lemma_7250;ADJ;high;"Praedikativ: 'des ward sy innenclichen fro'; Kopula werden.";sattel by zame funde . / des ward sy innenklichen **fro** / in irem rainen hertzen do .
GWTK.tei.xml;GWTK_364222124200_5;fro;21242;ANNOTATE;;ja;;ADJ;;lexicon.xml#lemma_7250;;variants.xml#type_41787;lemma_7250;ADJ;high;"Praedikativ: 'des wer min senftes hertze fro'; Kopula sein.";sich satzte , daz im geschech also . / des wer min senftes hertze **fro** . / gabal sin baldes ende koss .
GWTK.tei.xml;GWTK_372122170200_4;fro;21702;ANNOTATE;;ja;;ADJ;;lexicon.xml#lemma_7250;;variants.xml#type_41787;lemma_7250;ADJ;high;"Praedikativ: 'der rede ward dü elter ... fro'; Kopula werden.";der rede ward dü elter do / in ires hertzen grunde **fro** . / ab der zinnen wönneklich
GWTK.tei.xml;GWTK_372122170600_4;fro;21706;ANNOTATE;;ja;;ADJ;;lexicon.xml#lemma_7250;;variants.xml#type_41787;lemma_7250;ADJ;high;"Praedikativ: 'warend siner kuenfte fro'; Kopula sein, Genitivobjekt.";hern iason sy enpfiengen do / und warend siner künfte **fro** . / iedoch so ward an in gelaitt
GWTK.tei.xml;GWTK_376122193600_6;fro;21936;ANNOTATE;;ja;;ADJ;;lexicon.xml#lemma_7250;;variants.xml#type_41787;lemma_7250;ADJ;high;"Praedikativ: 'so wirde ich niemer libes fro'; Kopula werden, Genitivobjekt.";< gnade ain herre , > sprach sy do , / < so wirde ich niemer libes **fro** . / des ir mich gebetten hand ,
GWTK.tei.xml;GWTK_382122228900_5;fro;22289;ANNOTATE;;ja;;ADJ;;lexicon.xml#lemma_7250;;variants.xml#type_41787;lemma_7250;ADJ;high;"Praedikativ: 'nach grossem leide ward sy fro'; Kopula werden, Kontrast zu leit.";> / nach grossem laide ward sy **fro** , / sy kertte mit dem clainen do .
GWTK.tei.xml;GWTK_385212248300_5;fro;22483;ANNOTATE;;ja;;ADJ;;lexicon.xml#lemma_7250;;variants.xml#type_41787;lemma_7250;ADJ;high;"Praedikativ: 'die fuersten waren ain andren fro'; Kopula sein.";wil der lïben frowen min . > / die fürsten waren ain andren **fro** . / in achaya hüb sich do
GWTK.tei.xml;GWTK_391112279800_5;fro;22798;ANNOTATE;;ja;;ADJ;;lexicon.xml#lemma_7250;;variants.xml#type_41787;lemma_7250;ADJ;high;"Praedikativ: 'unrechtz wird ich niemer fro'; Kopula werden, Genitivobjekt.";< wie maint ir daz , > sprach er do , / < unrechtz wird ich niemer **fro** . / wa ich daz rechtt erkennen kan ,
GWTK.tei.xml;GWTK_392212290000_5;fro;22900;ANNOTATE;;ja;;ADJ;;lexicon.xml#lemma_7250;;variants.xml#type_41787;lemma_7250;ADJ;high;"Praedikativ: 'des ward der troysche fuerste fro'; Kopula werden.";mitt ir massnie do . / des ward der troysche fürste **fro** . / dü kungin und priamus
GWTK.tei.xml;GWTK_403112351000_5;fro;23510;ANNOTATE;;ja;;ADJ;;lexicon.xml#lemma_7250;;variants.xml#type_41787;lemma_7250;ADJ;high;"Praedikativ: 'sy waren all ain andren fro'; Kopula sein.";von in gar wechssenlichen do , / sy waren all ain andren **fro** . / dü raine on alle schande
GWTK.tei.xml;GWTK_405112361300_5;fro;23613;ANNOTATE;;ja;;ADJ;;lexicon.xml#lemma_7250;;variants.xml#type_41787;lemma_7250;ADJ;high;"Praedikativ: 'nie tages ward ich also fro'; Kopula werden, Gradpartikel also.";min erbe ie nitt gewinnen . / nie tages ward ich also **fro** / denn daz er mich in erstrolo
GWTK.tei.xml;GWTK_408112378900_3;fro;23789;ANNOTATE;;ja;;ADJ;;lexicon.xml#lemma_7250;;variants.xml#type_41787;lemma_7250;ADJ;high;"Praedikativ: 'der fuerste waz fro unde geil'; Kopula sein, Koordination mit geil.";hette der küng vil helden da . / der fürste waz **fro** unde gail / daz der kaisser halben taill
GWTK.tei.xml;GWTK_411212399400_4;fro;23994;ANNOTATE;;ja;;ADJ;;lexicon.xml#lemma_7250;;variants.xml#type_41787;lemma_7250;ADJ;high;"Praedikativ: 'des siges warend alle fro'; Kopula sein, Genitivobjekt.";hüb sich frölichen do . / des siges warend alle **fro** . / der aber in dem ellende
GWTK.tei.xml;GWTK_413112409300_4;fro;24093;ANNOTATE;;ja;;ADJ;;lexicon.xml#lemma_7250;;variants.xml#type_41787;lemma_7250;ADJ;high;"Praedikativ: 'des waz er innenclichen fro'; Kopula sein.";vor innen allen do wartt . / des waz er innenklichen **fro** . / zü sinem rosse gieng er do ,
GWTK.tei.xml;GWTK_428112497000_7;fro;24970;ANNOTATE;;ja;;ADJ;;lexicon.xml#lemma_7250;;variants.xml#type_41787;lemma_7250;ADJ;high;"Praedikativ im Imperativ: 'herre, wesend fro'; Kopula sein.";mit gütte grüst er in do , / er sprach : < herre , wesend **fro** , / üch hatt bottschaft in daz land
GWTK.tei.xml;GWTK_430212511600_4;fro;25116;ANNOTATE;;ja;;ADJ;;lexicon.xml#lemma_7250;;variants.xml#type_41787;lemma_7250;ADJ;high;"Praedikativ: 'des nieman dorfte wesen fro'; Kopula sein, Genitiv des.";der arge kaisser nero , / des nieman dorfte wesen **fro** , / der waz gewaltig , daz ist war ,
HMT.tei.xml;HMT_17100_7;fro;;ANNOTATE;;ja;;ADJ;;lexicon.xml#lemma_7250;;variants.xml#type_41787;lemma_7250;ADJ;high;"Prädikativ nach Kopula 'waz' mit Genitivobjekt 'dez': 'diu tohter waz dez fro' = war darüber froh; Folgetoken 'und'.";nach seiner tohter medea , daz siu zu im kom . diu tohter waz dez **fro** , und clait sich ze mal wol , und kom und sazz zu irem vater
HMT.tei.xml;HMT_19110_11;fro;;ANNOTATE;;ja;;ADJ;;lexicon.xml#lemma_7250;;variants.xml#type_41787;lemma_7250;ADJ;high;Prädikativ nach Kopula 'ward' mit Genitiv 'der red' und Gradpartikel 'ze mal': 'ward medea ze mal fro' = wurde sehr froh.;gehaizz ich iu mit luter und unzerbrecher triu . der red ward medea ze mal **fro** und anttwurt im also : fründ jason , der deinen gelübt wil ich , daz
HMT.tei.xml;HMT_25240_6;fro;;ANNOTATE;;ja;;ADJ;;lexicon.xml#lemma_7250;;variants.xml#type_41787;lemma_7250;ADJ;high;"Prädikativ nach Kopula 'waz' mit Gradpartikel 'vil': 'medea diu waz vil fro' = war sehr froh; Folgetoken 'und'.";jason daz het gewunnen wider die hut dez gotz martis . medea diu waz vil **fro** , und gieng auch , daz si jasonen sach , und hät im gern ,
HMT.tei.xml;HMT_44170_0;fro;;ANNOTATE;;ja;;ADJ;;lexicon.xml#lemma_7250;;variants.xml#type_41787;lemma_7250;ADJ;high;"Prädikativ nach Kopula 'ward' mit Genitiv 'dez': 'dez ward der küng priamus fro' = wurde darüber froh; Folgetoken 'und'.";erzaigtend sich in allen sachen willig sein dem küng . dez ward der küng priamus **fro** , und stund im do sein sin und mut , wie er sich an den
HUG.tei.xml;HUG_60290_2;fro;29;ANNOTATE;;ja;;ADJ;;lexicon.xml#lemma_7250;;variants.xml#type_41787;lemma_7250;ADJ;high;"Prädikativ mit Kopula: fro des bin ich zwar; Folgetoken des ist Genitivobjekt, kein Titel.";das bekrenkt mir den mút . / mitt willen **fro** des bin ich zwár , / wann ich sich an dir ítel recht .
HUG.tei.xml;HUG_60450_2;fro;45;ANNOTATE;;ja;;ADJ;;lexicon.xml#lemma_7250;;variants.xml#type_41787;lemma_7250;ADJ;high;Refrainvers, identisch mit V. 29: fro des bin ich zwar, prädikativ mit sîn.;das ist och dik beschehen . / mitt wíllen **fro** des bin ich zwár , / wann ich sich an dir ítel recht .
HUG.tei.xml;HUG_290010_1;fro;1;ANNOTATE;;ja;;NOM;;lexicon.xml#lemma_7260;;variants.xml#type_154744;lemma_7260;NOM;high;"Anrede vor Personifikation welt, Komma danach, Vokativ mit 2. Pl. ir sint; Initiale im Markup.";< **fro** welt , ir sint gar húpsch und schón / und ewer lon fúr nichte :
HUG.tei.xml;HUG_290810_1;fro;81;ANNOTATE;;ja;;NOM;;lexicon.xml#lemma_7260;;variants.xml#type_154744;lemma_7260;NOM;high;Anrede vor Personifikation welt, Komma danach, direkte Frage mit 2. Pl. wend ir.;< **fro** welt , wend ir vergessen got , / es wirt euch gerewen am iungsten tag .
HUG.tei.xml;HUG_390080_6;fro;8;ANNOTATE;;ja;;ADJ;;lexicon.xml#lemma_7250;;variants.xml#type_41787;lemma_7250;ADJ;high;"Prädikativ mit Kopula werden: so wurd ich in hertzen fro; Folgetoken wann ist Konjunktion.";kem mir desselben flamen fúre , / so wurd ich zwar ín herrtzen **fro** , / wann an des hilff mag es nít bestan .
HUG.tei.xml;HUG_390490_7;fro;49;ANNOTATE;;ja;;ADJ;;lexicon.xml#lemma_7250;;variants.xml#type_41787;lemma_7250;ADJ;high;"Prädikativ mit Kopula ward, koordiniert mit erhöht: von hertzen fro; danach Satzende.";"und geschach daz sicher on alls belangen . / síe ward des erhócht und von hertzen **fro** ; / díe engel sungen < kyríeleýson > ."
HUG.tei.xml;HUG_390690_5;fro;69;ANNOTATE;;ja;;ADJ;;lexicon.xml#lemma_7250;;variants.xml#type_41787;lemma_7250;ADJ;high;"Prädikativ mit Kopula ward: des ward er in hiemelrych fro; Punkt danach, kein Angeredeter.";er gab dír zwar die sele sin , / des ward er in hiemelrych **fro** . / des las mích geníeßen , herr ihesu crist .
HUG.tei.xml;HUG_390860_6;fro;86;ANNOTATE;;ja;;ADJ;;lexicon.xml#lemma_7250;;variants.xml#type_41787;lemma_7250;ADJ;high;"Prädikativ mit Kopula ward: sie ward des in hertzen fro; herr im Folgevers ist neue Anrede an Gott.";des erwarb sie din gottlich sun : / síe ward des zwar ín hertzen **fro** / herr , las mích des auch werden innen !
HUG.tei.xml;HUG_391190_7;fro;119;ANNOTATE;;ja;;ADJ;;lexicon.xml#lemma_7250;;variants.xml#type_41787;lemma_7250;ADJ;high;"Objektsprädikativ zu machen: mach sie fro; Ausrufezeichen danach, abraham gehört zum nächsten Vers.";und da abraham bat fur síe : < herr , las sy frý , / las ab din zorn und mach síe **fro** ! > / < abraham besích , ob keyner onder ín sý ,
KVO.tei.xml;KVO_500800_3;fro;8;ANNOTATE;;ja;;ADJ;;lexicon.xml#lemma_7250;;variants.xml#type_41787;lemma_7250;ADJ;high;Praedikativ zu 'machen' mit Objekt 'die lute' (machen die lute fro): Adjektiv 'froh'.;denne die vom stro : / machen die lute **fro** . / ez ist ein edelliche stiuer :
LZT.tei.xml;LZT_79270_3;fro;7;ANNOTATE;;ja;;ADJ;;lexicon.xml#lemma_7250;;variants.xml#type_41787;lemma_7250;ADJ;high;Praedikativ nach Kopula 'wer' (waere) mit Genitiv 'des muetes': 'froh des Mutes', Adjektiv 'froh'.;und fragt seins namens und auch macht , / das er wer **fro** des muetes durch ir mynne .
LZT.tei.xml;LZT_104250_5;fro;5;ANNOTATE;;ja;;ADJ;;lexicon.xml#lemma_7250;;variants.xml#type_41787;lemma_7250;ADJ;high;Praedikativ nach Kopula 'ward er' mit Gradpartikel 'nie so fro': Adjektiv 'froh', keine Anrede.;hört , das er was des leibes unverdorben , / do ward er nie so **fro** in menigen jaren . / all erst man ritter vallen sach
MAN.tei.xml;MAN_792_7;frô;792;ANNOTATE;;ja;;ADJ;;lexicon.xml#lemma_7250;;variants.xml#type_25866;lemma_7250;ADJ;high;Praedikativ zu 'wirdes' (wird es) mit Negation 'niemer' (ich wirdes niemer frô): Adjektiv 'froh'.;ach leides ! wê waz ich tuo ? > / disiu sprach : < ich wirdes niemer **frô** . > / sô wurben mit einander zwô
MLB.tei.xml;MLB_100_3;fro;10;ANNOTATE;;ja;;ADJ;;lexicon.xml#lemma_7250;;variants.xml#type_41787;lemma_7250;ADJ;high;"Prädikativ zu Kopula 'wer ich fro' (wäre ich froh), Konditionalsatz 'tet er das'; keine Anrede, kein Titel folgt.";künt es iemants getichten pas , / des wer ich **fro** , tet er das , / und künt sein wol gelachen
MLB.tei.xml;MLB_600_3;fro;60;ANNOTATE;;ja;;ADJ;;lexicon.xml#lemma_7250;;variants.xml#type_41787;lemma_7250;ADJ;high;"Prädikativ zu Kopula 'was ausdermosen fro' mit Gradangabe, Kontrast zu 'nit lait' im Vorvers; Folgetoken 'behent' ist kein Titel.";dasselb was ir auch nit lait / und was ausdermosen **fro** . / behent liste vand sie do .
MML.tei.xml;MML_11720_15;fro;20;ANNOTATE;;ja;;ADJ;;lexicon.xml#lemma_7250;;variants.xml#type_41787;lemma_7250;ADJ;high;"Praedikativ zu 'duo uns' (tuon = machen): 'mach uns mit ihm ohne Ende froh', Adjektiv 'froh'; Versschluss, kein Angeredeter folgt.";adamin nam er bi der hant , daz was sin erstir erdin cloz . / er half ieme . same duo uns , god , mit ieme ane alliz ende **fro** .
MML.tei.xml;MML_60214_14;fro;14;ANNOTATE;;ja;;ADJ;;lexicon.xml#lemma_7250;;variants.xml#type_41787;lemma_7250;ADJ;high;"Praedikativ zur Kopula 'werd' ('daz myn der dufel it werd fro'): Adjektiv 'froh'; Folgetoken 'so' ist Konjunktion, keine Anrede.";daz ich hie leb also / und ich mich halt in dinem dienst , daz myn der dufel it werd **fro** , / so wir zuo samen komen uff den juongestlichen tag ,
MNB.tei.xml;MNB_3013590_5;fro;1359;ANNOTATE;;ja;;ADJ;;lexicon.xml#lemma_7250;;variants.xml#type_41787;lemma_7250;ADJ;high;"Prädikativ zu machen: den leydes machen fro (froh machen); Folgetoken mit ist Präposition, kein Titel.";"von rechter lieb drucket smertz ; / daz sie den leydes machen **fro** / mit wider mynne und doch also ,"
MNB.tei.xml;MNB_3030090_7;fro;3009;ANNOTATE;;ja;;ADJ;;lexicon.xml#lemma_7250;;variants.xml#type_41787;lemma_7250;ADJ;high;"Prädikativ mit Kopula werden: daz kint wart fro; Punkt danach, kein Angeredeter folgt.";hie fur die burk dem kinde . / do daz geschach , daz kint wart **fro** . / ez sprach zu sinem gesinde do :
MNB.tei.xml;MNB_3044320_6;fro;4432;ANNOTATE;;ja;;ADJ;;lexicon.xml#lemma_7250;;variants.xml#type_41787;lemma_7250;ADJ;high;"Prädikativ mit Kopula sîn und Gradangabe dicke: so waz ich dicke fro; Folgevers beginnt mit Präposition mit.";"dem hertzen min , ich weiz wol wo . / mit der so waz ich dicke **fro** / mit eren , wo ich zu ir kom ;"
MR1.tei.xml;MR1_10221115800_4;fro;1158;ANNOTATE;;ja;;ADJ;;lexicon.xml#lemma_7250;;variants.xml#type_41787;lemma_7250;ADJ;high;"Prädikativ zur Kopula weßen (sîn): soltu weßen fro; Folgetoken und, kein Titel.";das nünd geböt daß lut also : / mit züchten soltu weßen **fro** / und der frowen gehorsam sin ,
MR1.tei.xml;MR1_60972012100_4;fro;121;ANNOTATE;;ja;;ADJ;;lexicon.xml#lemma_7250;;variants.xml#type_41787;lemma_7250;ADJ;high;"Prädikativ zur Kopula werden: enwirst du nymmer fro; Satzende, kein Angeredeter folgt.";da von din hercze freude lat . / also enwirst du nymmer **fro** . > / die frawe zörniclich do
MR1.tei.xml;MR1_61002024900_5;fro;249;ANNOTATE;;ja;;ADJ;;lexicon.xml#lemma_7250;;variants.xml#type_41787;lemma_7250;ADJ;high;"Prädikativ zur Kopula sîn: bin ich fro; Komma und dar under folgen, kein Titel.";daz mich sin mynne hette enzuont . / mit guter geselleschafft bin ich **fro** , / dar under ich mich hüten so
MR1.tei.xml;MR1_61011028200_5;fro;282;ANNOTATE;;ja;;ADJ;;lexicon.xml#lemma_7250;;variants.xml#type_41787;lemma_7250;ADJ;high;"Prädikativ zur Kopula sîn: ist ein frawe mit yman fro; frawe ist Subjekt, nicht Anrede.";wan ez stet leider nuo also : / ist ein frawe mit yman **fro** , / mit welchem sie ez nit entuot ,
MR1.tei.xml;MR1_61062052100_5;fro;521;ANNOTATE;;ja;;ADJ;;lexicon.xml#lemma_7250;;variants.xml#type_41787;lemma_7250;ADJ;high;"Prädikativ zur Kopula werden: enwürde kein hercze nymmer fro; Satzende, kein Titel.";sült nuo der mynnen stür nit fruomen , / so enwürde kein hercze nymmer **fro** . > / < wie noch , cunrat , wie verstu so ? >
MR1.tei.xml;MR1_71162039200_9;fro;392;ANNOTATE;;ja;;ADJ;;lexicon.xml#lemma_7250;;variants.xml#type_41787;lemma_7250;ADJ;high;"Prädikativ zur Kopula werden mit Gradpartikel: enwart ich nye so fro als; Vergleich, kein Titel.";die fraw snelle antwürte do , / si sprach : < nuo enwart ich nye so **fro** / als daz ich dich han bekert
MR1.tei.xml;MR1_91371013200_3;fro;132;ANNOTATE;;ja;;ADJ;;lexicon.xml#lemma_7250;;variants.xml#type_41787;lemma_7250;ADJ;high;"Prädikativ zum Kopulaverb beliben: ir mügt noch fro beliben; Folgetoken ist Verb, kein Titel.";mich nuo vertriben . / ir mügt noch **fro** beliben , / swy joch der valke si verlorn .
MR2.tei.xml;MR2_6383200132100_4;fro;132;ANNOTATE;;ja;;ADJ;;lexicon.xml#lemma_7250;;variants.xml#type_41787;lemma_7250;ADJ;high;Kopula 'bin von nicht fro': prädikatives Adjektiv 'froh', Folgetoken 'wenn' ist Konjunktion.;"wan ich mich benugen las / unnd bin von nicht **fro** ; / wenn myn gemüt stet also"
MR2.tei.xml;MR2_6383200146100_3;fro;146;ANNOTATE;;ja;;ADJ;;lexicon.xml#lemma_7250;;variants.xml#type_41787;lemma_7250;ADJ;high;Kopula 'ist stet fro das hercz myn': prädikatives Adjektiv zum Subjekt 'hercz', keine Anrede.;du weist nit wie es sin dag verczert , / sust ist stet **fro** das hercz myn . > / die ander sprach : < das las sin ,
MR2.tei.xml;MR2_10468200143100_5;fro;143;ANNOTATE;;ja;;ADJ;;lexicon.xml#lemma_7250;;variants.xml#type_41787;lemma_7250;ADJ;high;"'dut machen fro': Objektsprädikativ zu 'machen', klar 'froh machen'; Folgetoken 'der' eröffnet Relativsatz.";so find man manchen stolczen degen / den ein fraw dut machen **fro** , / der sich auch lat sehenn also
MR2.tei.xml;MR2_16129100085100_5;fro;85;ANNOTATE;;ja;;ADJ;;lexicon.xml#lemma_7250;;variants.xml#type_41787;lemma_7250;ADJ;high;"'mich ain machen fro': Objektsprädikativ zu 'machen', 'froh machen'; Folgetoken 'sid' ist Konjunktion.";ir redenn glich aim kindelin . / wie movcht mich ain machen **fro** ? / sid ir min gedenck nün wissen so ,
MR2.tei.xml;MR2_16131100162100_4;fro;162;ANNOTATE;;ja;;ADJ;;lexicon.xml#lemma_7250;;variants.xml#type_41787;lemma_7250;ADJ;high;"'die frowen mecht fro': Prädikativ zu 'machen' (mecht), 'froh machen'; 'frowen' ist Objekt, keine Anrede.";solt den sin dienst verfachen also / das die frowen mecht **fro** / ainr under aim kutzhuot .
MR2.tei.xml;MR2_33288100195100_6;fro;195;ANNOTATE;;ja;;ADJ;;lexicon.xml#lemma_7250;;variants.xml#type_41787;lemma_7250;ADJ;high;Kopula 'wirt fro' mit Subjekt 'manig fraw': prädikatives Adjektiv 'froh', 'des' als Genitivobjekt.;auch beleibt nit untterwegen / des manig fraw vil offt wirt **fro** ! / frosel vonn lednitz rett also . ( es folgen in allen hss . verschiedene schlußverse der schreiber , in < st > : )
MRL.tei.xml;MRL_60304_2;fro;4;ANNOTATE;;ja;;ADJ;;lexicon.xml#lemma_7250;;variants.xml#type_41787;lemma_7250;ADJ;high;"Prädikativ mit Kopula sîn (Konj. si): er si fro, dar zuo gemeit; koordiniert mit gemeit, Komma danach, kein Angeredeter.";wil ich leren , daz / er si **fro** , dar zuo gemeit , / sich niht sere sen
NAR.tei.xml;NAR_102900_5;fro;29;ANNOTATE;;ja;;ADJ;;lexicon.xml#lemma_7250;;variants.xml#type_41787;lemma_7250;ADJ;high;Praedikativ zu 'bin' mit Genitivobjekt 'des tuetschen orden' (bin ich fro): Adjektiv 'froh'.;so kan ich jta sprechen jo / des tütschen orden bin ich **fro** / dann jch gar wenig kan latin
NAR.tei.xml;NAR_2703100_5;fro;31;ANNOTATE;;ja;;ADJ;;lexicon.xml#lemma_7250;;variants.xml#type_41787;lemma_7250;ADJ;high;Praedikativ zu 'sint' mit Genitivobjekt 'der truckery' (sint wir dann fro): Adjektiv 'froh'.;das gelt das ist verzeret do / der truckery sint wir dann **fro** / vnd das man lert vfftragen wyn
NAR.tei.xml;NAR_2901100_7;fro;11;ANNOTATE;;ja;;ADJ;;lexicon.xml#lemma_7250;;variants.xml#type_41787;lemma_7250;ADJ;high;Praedikativ mit elliptischer Kopula aus dem Parallelglied 'der was zuo wild' (der seltten [was] fro): Adjektiv 'froh'.;vnd kan sagen / der dett also / / der was zuo wild / der seltten **fro** / der hatt diß / vnd der jhens gethan
NEIC.tei.xml;NEIC_8906050_5;fro;5;ANNOTATE;;ja;;ADJ;;lexicon.xml#lemma_7250;;variants.xml#type_41787;lemma_7250;ADJ;high;Prädikativ mit Kopula 'wer' (wäre) und Gradpartikel 'gern': ich wäre mit euch gern froh.;des bedarf ich wol . / ich wer mit euch gern **fro** , / nu wil mich vertreiben
NEIC.tei.xml;NEIC_9508070_2;fro;7;ANNOTATE;;ja;;ADJ;;lexicon.xml#lemma_7250;;variants.xml#type_41787;lemma_7250;ADJ;high;"Prädikativ mit Kopula 'was' (war): ich war froh; Folgetoken 'mein' ist kein Titel.";das ist on laugen . / ich was **fro** , mein hercz das stund in stricken , / wann sie warf den slaier also dicken
NEIC.tei.xml;NEIC_10106130_3;fro;13;ANNOTATE;;ja;;ADJ;;lexicon.xml#lemma_7250;;variants.xml#type_41787;lemma_7250;ADJ;high;Prädikativ mit Kopula 'bin', Kontrast zu 'sere' und 'herczenlaidt': bin doch froh.;oder ich het albegen ein newes herczenlaidt . / und bin doch **fro** in grossem meinem sere / von der guten , die mir lieb in dem herczen traitt .
NEIC.tei.xml;NEIC_10401030_2;fro;3;ANNOTATE;;ja;;ADJ;;lexicon.xml#lemma_7250;;variants.xml#type_41787;lemma_7250;ADJ;high;"Prädikativ mit Kopula 'wurd' (würde): würde ich froh; Folgetoken ist Interpunktion.";- schier so / wurd ich **fro** - , / sprach sie , nach den hulden ich da singe .
NEIC.tei.xml;NEIC_10501080_2;fro;8;ANNOTATE;;ja;;ADJ;;lexicon.xml#lemma_7250;;variants.xml#type_41787;lemma_7250;ADJ;high;Prädikativ mit Kopula 'warn' (waren) im Folgevers: wir waren da froh beieinander.;recht alda / wir da **fro** / bey einander warn ,
NEIC.tei.xml;NEIC_10802070_8;fro;7;ANNOTATE;;ja;;ADJ;;lexicon.xml#lemma_7250;;variants.xml#type_41787;lemma_7250;ADJ;high;"Prädikativ zu 'beleib' (bleibe): eine Weile froh bleibe; Kontrast zu 'ungenaden'.";mich vehent ane schuld , der ich selten ye vergaß . / es ist wunder , das ymmer ein weill **fro** beleib , / seitt das mich die gut in ungenaden hatt .
NEIC.tei.xml;NEIC_10905030_2;fro;3;ANNOTATE;;ja;;ADJ;;lexicon.xml#lemma_7250;;variants.xml#type_41787;lemma_7250;ADJ;high;"Prädikativ mit Kopula 'pin' (bin): bin ich froh; Kontrast zu 'laider' und 'laidt'.";ye laider vnd auch laider das pin ich ir , das ist mir laidt . / pin ich **fro** , das kumpt von einem herczenlieben wan , / seit sie mir gnade vnd alles gut widersaitt .
NEIC.tei.xml;NEIC_11702140_9;fro;14;ANNOTATE;;ja;;ADJ;;lexicon.xml#lemma_7250;;variants.xml#type_41787;lemma_7250;ADJ;high;"Prädikativ mit Kopula 'pin' und Gradpartikel 'so': bin so froh; Folgetoken 'ich' ist kein Titel.";in meinem herczen taugen - / das ich von aller werlt der wirdigkait pin so **fro** .
NEIC.tei.xml;NEIC_12308120_5;fro;12;ANNOTATE;;ja;;ADJ;;lexicon.xml#lemma_7250;;variants.xml#type_41787;lemma_7250;ADJ;high;Resultativ zu 'machen' mit Gradpartikel 'so': ein Herz so froh machen.;ir sult wissen , aller kriegen gold / kúnd ein hercz nit so **fro** machen / als rayner weib mynne . das ist ein freuden werder solt .
NEIC.tei.xml;NEIC_12710160_0;fro;16;ANNOTATE;;ja;;ADV;;lexicon.xml#lemma_7250;;variants.xml#type_41787;lemma_7250;ADV;high;"Modifiziert das Vollverb 'súng' ohne Kopula: froh sang ich; Typ 'frô singen'.";wúrd lasse , / **fro** súng ich / < wol mir > zu rubental .
NEIM.tei.xml;NEIM_806020_1;fro;2;ANNOTATE;;ja;;NOM;;lexicon.xml#lemma_7260;;variants.xml#type_154744;lemma_7260;NOM;high;Vokativ der Mutter an die Tochter (fro tohter), Imperativ lât folgt: verkürzte Anrede vrouwe.;diu muoter sprach har fiur us grossem zorne : / < **fro** tohter , lât die rede besten bis morne . / es mag tala niht gesin ,
NEIM.tei.xml;NEIM_2503080_8;fro;8;REVIEW;confidence;nein;;;;;;;lemma_7250;ADV;medium;"ich sah si fro gebaren: modifiziert gebaren ohne Kopula, adverbial; prädikativ-adjektivische Lesung im AcI bleibt offen.";dur daz wil ich ir minne gerne varen . / mir waz so wol , ich sah si **fro** gebaren , / do ich bi ir was
NEIM.tei.xml;NEIM_2505020_3;fro;2;ANNOTATE;;ja;;ADJ;;lexicon.xml#lemma_7250;;variants.xml#type_41787;lemma_7250;ADJ;high;des was si fro: Kopula was mit Genitivobjekt des, prädikatives Adjektiv froh.;ir pirnmost den trank ich also swinde , / des was si **fro** . / do sang ich uns beiden gar genuoc .
NLA.tei.xml;NLA_1620_7;fro;2;ANNOTATE;;ja;;ADJ;;lexicon.xml#lemma_7250;;variants.xml#type_41787;lemma_7250;ADJ;high;Prädikativ zur Kopula werden: 'zer werlde werden fro', Folgetoken 'daz' leitet Nebensatz ein, keine Anrede.;nv verspriche ez niht ze sere sprach aber ir muoter do / solt dv immer herzenliche zer werlde werden **fro** / daz geschiht von mannes minne dv wirst ein schoene wip
NLA.tei.xml;NLA_27420_6;fro;2;ANNOTATE;;ja;;ADJ;;lexicon.xml#lemma_7250;;variants.xml#type_41787;lemma_7250;ADJ;high;Prädikativ zur Kopula sîn: 'warns harte fro' mit Gradpartikel harte, Folgetoken 'ern' beginnt neuen Satz.;des wil ich gerne volgen sprach der kvnich do / alle die ez erfvnden warns harte **fro** / ern bot ez froun uoden vnd ir tohter wolgetan
NLA.tei.xml;NLA_34020_8;fro;2;ANNOTATE;;ja;;ADJ;;lexicon.xml#lemma_7250;;variants.xml#type_41787;lemma_7250;ADJ;high;Prädikativ zur Kopula sîn: 'des wer ich harte fro' mit Gradpartikel harte, Folgetoken 'waz' leitet Nebensatz ein.;div mære wesse ich gerne sprach der kunich do / ê wir hinnen füern des wer ich harte **fro** / waz wir chleider solden vor prunhilde tragen
OSW.tei.xml;OSW_502_6;fro;502;ANNOTATE;;ja;;ADJ;;lexicon.xml#lemma_7250;;variants.xml#type_41787;lemma_7250;ADJ;high;Prädikativ zur Kopula werden: 'des ward er aus der massen fro', Reaktion auf eine Rede.;der maister hort die red do , / des ward er aus der massen **fro** . / im was nicht mer schwär
OSW.tei.xml;OSW_1288_6;fro;1288;ANNOTATE;;ja;;ADJ;;lexicon.xml#lemma_7250;;variants.xml#type_41787;lemma_7250;ADJ;high;Prädikativ zur Kopula werden: 'do ward er aus der massen fro', Formel nach 'die red erhort'.;als der rab die red erhort do , / do ward er aus der massen **fro** . / der ainsidel nam daz vingerlein in sein hant ,
OSW.tei.xml;OSW_2130_6;fro;2130;ANNOTATE;;ja;;ADJ;;lexicon.xml#lemma_7250;;variants.xml#type_41787;lemma_7250;ADJ;high;Prädikativ zur Kopula werden: 'do ward er aus der massen fro', Folgetoken 'er' beginnt neuen Satz.;do sant oswalt die red erhort do , / do ward er aus der massen **fro** . / er sprach : < darumb wil ich euch leihen und geben
OSW.tei.xml;OSW_2294_6;fro;2294;ANNOTATE;;ja;;ADJ;;lexicon.xml#lemma_7250;;variants.xml#type_41787;lemma_7250;ADJ;high;Prädikativ zur Kopula werden: 'do ward er aus der massen fro', Folgevers 'von grossen fräuden'.;do sand oswalt erhort die red do , / do ward er aus der massen **fro** . / von grossen fräuden er erschrikt ,
OSW.tei.xml;OSW_2343_4;fro;2343;ANNOTATE;;ja;;ADJ;;lexicon.xml#lemma_7250;;variants.xml#type_41787;lemma_7250;ADJ;high;Prädikativ zum Imperativ 'seit' (seid) mit 'alle': 'seit nür alle fro', Aufforderung, froh zu sein.;wie ich sull gewinnen die kunigein . / davon seit nür alle **fro** / und wurcht dem hirschen guldein clo ,
OSW.tei.xml;OSW_2363_4;fro;2363;ANNOTATE;;ja;;ADJ;;lexicon.xml#lemma_7250;;variants.xml#type_41787;lemma_7250;ADJ;high;Prädikativ zur Kopula werden: 'die goltschmid wurden alle fro', kein Titel oder Name folgt.;"so gewin ich leucht die kungin guot . > / die goltschmid wurden alle **fro** / und worchten im guldein clo ;"
OSW.tei.xml;OSW_2418_6;fro;2418;ANNOTATE;;ja;;ADJ;;lexicon.xml#lemma_7250;;variants.xml#type_41787;lemma_7250;ADJ;high;Prädikativ zur Kopula werden: 'do wurden si aus der massen fro', Formel nach 'die red erhorten'.;do si die red erhorten do , / do wurden si aus der massen **fro** . / von dem pett si sprungen ,
OSW.tei.xml;OSW_2638_6;fro;2638;ANNOTATE;;ja;;ADJ;;lexicon.xml#lemma_7250;;variants.xml#type_41787;lemma_7250;ADJ;high;Prädikativ zur Kopula werden mit Gradangabe 'von hertzen': 'do wurden si alle von hertzen fro'.;"als si die red erhorten do , / do wurden si alle von hertzen **fro** ; / von den herren allen"
PTS.tei.xml;PTS_1310720_4;fro;72;ANNOTATE;;ja;;ADJ;;lexicon.xml#lemma_7250;;variants.xml#type_41787;lemma_7250;ADJ;high;"Prädikative Selbstbeschreibung der Personifikation cogitacio, Kontrast zu traurige: ofte traurige, selten fro; Semikolon danach.";"ich haizze cogitacio / ofte traurige , selten **fro** ; / ( gedanc ist mein dewtscher nam"
RBE.tei.xml;RBE_340_6;fro;34;ANNOTATE;;ja;;ADJ;;lexicon.xml#lemma_7250;;variants.xml#type_41787;lemma_7250;ADJ;high;"Prädikativ mit Kopula werden und Gradpartikel vil: sy sin ward vil selten fro; Punkt danach, er im Folgevers ist neuer Satz.";mit der so lebet er also , / das sy sin ward vil selten **fro** . / er hat ein gewonheit :
RUT.tei.xml;RUT_126101140_3;fro;114;ANNOTATE;;ja;;ADJ;;lexicon.xml#lemma_7250;;variants.xml#type_41787;lemma_7250;ADJ;high;"Praedikativ mit Kopula werden und koordiniertem Adjektiv: 'do wart er fro und geil'; Folgetoken 'und', keine Anrede.";"des bindestu noch hiute ein seil . > / do wart er **fro** und geil ; / daz er da under solde sehen ,"
RVBR.tei.xml;RVBR_170_6;frô;170;ANNOTATE;;ja;;ADJ;;lexicon.xml#lemma_7250;;variants.xml#type_25866;lemma_7250;ADJ;high;Imperativ 'bis iemer frô' (sei froh): Kopula, prädikatives Adjektiv.;dô stuont er ûf und rette alsô / < fürste hêr , bis iemer **frô** / umb daz keiserlîche leben
RVBR.tei.xml;RVBR_1701_1;frô;1701;ANNOTATE;;ja;;ADJ;;lexicon.xml#lemma_7250;;variants.xml#type_25866;lemma_7250;ADJ;high;'mac niemer werden frô': Kopula werden, prädikativ.;nein zwâre , ich mac niemer / werden **frô** die wil ich lebe , / ez kume denn sô hôhiu gebe
RVBR.tei.xml;RVBR_2530_2;frô;2530;ANNOTATE;;ja;;ADJ;;lexicon.xml#lemma_7250;;variants.xml#type_25866;lemma_7250;ADJ;high;'êweclîche wesen frô': Kopula wesen, prädikativ.;liebes ân und doch alsô / êweclîche wesen **frô** / dur iuch kiuschen reinen .
RVBR.tei.xml;RVBR_2666_7;frô;2666;ANNOTATE;;ja;;ADJ;;lexicon.xml#lemma_7250;;variants.xml#type_25866;lemma_7250;ADJ;high;'nu ist er trûric, nu denn frô': Kopula ist, Kontrast zu trûric.;nu wil er sus , nu wil er sô , / nu ist er trûric , nu denn **frô** , / nu wil er diz , nu wil er daz ,
RVBR.tei.xml;RVBR_2818_2;frô;2818;ANNOTATE;;ja;;ADJ;;lexicon.xml#lemma_7250;;variants.xml#type_25866;lemma_7250;ADJ;high;'und wâren frô mit schalle': Kopula wâren, prädikativ.;die herren sament alle / und wâren **frô** mit schalle . / morgen dô der tac ûf brach
RVBR.tei.xml;RVBR_4286_5;frô;4286;ANNOTATE;;ja;;ADJ;;lexicon.xml#lemma_7250;;variants.xml#type_25866;lemma_7250;ADJ;high;'ich wil iemer wesen frô': Kopula wesen, prädikativ.;des neig er ir und sprach alsô / < ich wil iemer wesen **frô** / ûf die hôhe zuoversiht
RVBR.tei.xml;RVBR_4586_0;frô;4586;ANNOTATE;;ja;;ADJ;;lexicon.xml#lemma_7250;;variants.xml#type_25866;lemma_7250;ADJ;high;'niemer mac frô belîben': belîben als Kopula (froh bleiben), prädikativ.;sprach er , < daz ich niemer mac / **frô** belîben halben tac : / ich muoz in sorgen trûren .
RVBR.tei.xml;RVBR_4682_0;frô;4682;ANNOTATE;;ja;;ADJ;;lexicon.xml#lemma_7250;;variants.xml#type_25866;lemma_7250;ADJ;high;'frô gemüete tiuret': attributiv vor dem Substantiv gemüete.;süezen gingen siuret , / **frô** gemüete tiuret / und liebet leitlîch ungemach .
RVBR.tei.xml;RVBR_4826_5;frô;4826;REVIEW;kein-typ;nein;;;;;;;lemma_7260;NOM;high;'wâ sint ir nu, frô minne': Vokativ mit Komma, Anrede vor Personifikation Minne.;trûrte in dem sinne . / wâ sint ir nu , **frô** minne , / waz went ir nu hie schicken ?
RVBR.tei.xml;RVBR_5732_6;frô;5732;ANNOTATE;;ja;;ADJ;;lexicon.xml#lemma_7250;;variants.xml#type_25866;lemma_7250;ADJ;high;'des bin ich frô': Kopula bin mit Genitivobjekt, prädikativ.;der künic antwurt ir alsô / < töhterlîn , des bin ich **frô** , / daz du dich alsô wol enstâst
RVBR.tei.xml;RVBR_5752_5;frô;5752;REVIEW;confidence;nein;;;;;;;lemma_7250;ADV;medium;"'in frô noch froelîch erlachen sach': modifiziert erlachen neben froelîch; Lemma klar, ADV/ADJ (Depiktiv) offen.";und hât verjâmert sich alsô / daz in nie kein mensche **frô** / noch froelîch erlachen sach .
RVBR.tei.xml;RVBR_6083_0;frô;6083;REVIEW;confidence;nein;;;;;;;lemma_7250;ADV;medium;"'gesiht dich frô noch friuntlîchen an': Art des Ansehens, neben Adverb friuntlîchen; Depiktiv-Lesart bleibt.";mîn ouge niemer dich gesiht / **frô** noch friuntlîchen an . > / < wilt du mich sîn niht erlân , >
RVBR.tei.xml;RVBR_6310_4;frô;6310;REVIEW;kein-typ;nein;;;;;;;lemma_7260;NOM;high;'nu sagent an, frô minne:': Imperativ 2. Pl., Komma, Anrede vor Minne.;von grundes herzen sinne . / nu sagent an , **frô** minne : / waz mære ist diz ? waz meinent ir ,
RVBR.tei.xml;RVBR_6646_4;frô;6646;ANNOTATE;;ja;;ADJ;;lexicon.xml#lemma_7250;;variants.xml#type_25866;lemma_7250;ADJ;high;'einre was der mære frô': Kopula was mit Genitiv, Kontrast 'leides vol'.;den einen sus , den andern sô . / einre was der mære **frô** / und der ander leides vol .
RVBR.tei.xml;RVBR_7857_4;frô;7857;ANNOTATE;;ja;;ADJ;;lexicon.xml#lemma_7250;;variants.xml#type_25866;lemma_7250;ADJ;high;'mac niemer werden frô': Kopula werden, prädikativ.;lîden bitterlîche wê / und mac niemer werden **frô** . / ir werden held , ez lît mir sô
RVBR.tei.xml;RVBR_8227_5;frô;8227;ANNOTATE;;ja;;ADJ;;lexicon.xml#lemma_7250;;variants.xml#type_25866;lemma_7250;ADJ;high;'mich tuot trûric unde frô': tuon = machen, Objektsprädikativ neben trûric.;den ich mit triuwen meine , / der mich tuot trûric unde **frô** . / ern lât durch vorhte noch dur drô ,
RVBR.tei.xml;RVBR_8245_5;frô;8245;ANNOTATE;;ja;;ADJ;;lexicon.xml#lemma_7250;;variants.xml#type_25866;lemma_7250;ADJ;high;'trûret nu und was nu frô': Kopula was, Kontrast zu trûren.;diu sorgen rîche reine / trûret nu und was nu **frô** . / in solher wîse und alsô
RVBR.tei.xml;RVBR_8687_5;frô;8687;REVIEW;kein-typ;nein;;;;;;;lemma_7260;NOM;high;'wâ sint ir nu, frô minne?': Vokativ mit Komma, 2. Pl. 'hânt ir', Anrede an Minne.;als ob in niht beswârte . / wâ sint ir nu , **frô** minne ? / wâ hânt ir iuwer sinne ,
RVBR.tei.xml;RVBR_8793_6;frô;8793;ANNOTATE;;ja;;ADJ;;lexicon.xml#lemma_7250;;variants.xml#type_25866;lemma_7250;ADJ;high;'ez sî leidic, ez sî frô': Kopula sî, Kontrast zu leidic/trûric.;ez sî trûric , hôhgemuot , / ez sî leidic , ez sî **frô** , / ez sî nider , ez sî hô ,
RVBR.tei.xml;RVBR_9905_5;frô;9905;ANNOTATE;;ja;;ADJ;;lexicon.xml#lemma_7250;;variants.xml#type_25866;lemma_7250;ADJ;high;'er wær gewesen frô': Kopula, prädikativ.;ich wæne wol , het er die suon / gewist , er wær gewesen **frô** . / von brûneswîc der fürste dô
RVBR.tei.xml;RVBR_10207_5;frô;10207;ANNOTATE;;ja;;ADJ;;lexicon.xml#lemma_7250;;variants.xml#type_25866;lemma_7250;ADJ;high;'wart sô fröuden rîch und alsô frô': Kopula wart, Gradpartikel alsô.;der fürst ûz sahsen landen wart / sô fröuden rîch und alsô **frô** / daz im an den stunden dô
RVBR.tei.xml;RVBR_10681_5;frô;10681;ANNOTATE;;ja;;ADJ;;lexicon.xml#lemma_7250;;variants.xml#type_25866;lemma_7250;ADJ;high;'ein teil was der mære frô': Kopula was mit Genitiv, prädikativ.;einre sach den andern an . / ein teil was der mære **frô** , / ein teil hetten ez alsô
RVBR.tei.xml;RVBR_12055_0;frô;12055;ANNOTATE;;ja;;ADJ;;lexicon.xml#lemma_7250;;variants.xml#type_25866;lemma_7250;ADJ;high;'die herren alle frô sîn': Kopula sîn, prädikativ.;man sach die herren alle / **frô** sîn ze allen zîten . / nu lâzen wir sî rîten
RVBR.tei.xml;RVBR_12657_1;frô;12657;REVIEW;confidence;nein;;;;;;;lemma_7250;ADJ;medium;"'daz frô frisch iemer mê gestât': prädikativ zu gestân neben frisch; adverbiale Lesart bleibt offen.";und dort vor got daz êwic leben / daz **frô** frisch iemer mê gestât , / sô erde und himelrîch zergât .
RVBR.tei.xml;RVBR_13247_3;frô;13247;ANNOTATE;;ja;;ADJ;;lexicon.xml#lemma_7250;;variants.xml#type_25866;lemma_7250;ADJ;high;'sîn herze wart beide trûric unde frô': Kopula wart, Kontrast trûric.;sîn herze wart des gastes / beide trûric unde **frô** . / diu minneclîche frouwe dô
RVBR.tei.xml;RVBR_13785_0;frô;13785;ANNOTATE;;ja;;ADJ;;lexicon.xml#lemma_7250;;variants.xml#type_25866;lemma_7250;ADJ;high;'sende mich frô froelîch unde wol gesunt': Objektsprädikativ, koordiniert mit Adjektiv gesunt.;mich schier ze lande sende / **frô** froelîch unde wol gesunt . > / er kust ir minnenclîchen munt
RVBR.tei.xml;RVBR_14155_6;frô;14155;ANNOTATE;;ja;;ADJ;;lexicon.xml#lemma_7250;;variants.xml#type_25866;lemma_7250;ADJ;high;'der was sîn trûric, dirre frô': elliptische Kopula, Kontrast trûric.;wie in diz dinc gevalle ? / der was sîn trûric , dirre **frô** , / dirr rette sus und jener sô ,
RVBR.tei.xml;RVBR_14754_4;frô;14754;ANNOTATE;;ja;;ADJ;;lexicon.xml#lemma_7250;;variants.xml#type_25866;lemma_7250;ADJ;high;'bis stæte froelîch unde frô': Imperativ bis (sei), prädikativ.;und trûre durch mich niht alsô . / bis stæte froelîch unde **frô** / iemêr durch mînen willen .
RVBR.tei.xml;RVBR_15129_3;frô;15129;ANNOTATE;;ja;;ADJ;;lexicon.xml#lemma_7250;;variants.xml#type_25866;lemma_7250;ADJ;high;'sende gesunt froelich unde frô': Objektsprädikativ, koordiniert mit Adjektiv gesunt.;schier har wider sende / gesunt froelich unde **frô** . > / aber nu bevalh er dô
RVBR.tei.xml;RVBR_15964_2;frô;15964;ANNOTATE;;ja;;ADJ;;lexicon.xml#lemma_7250;;variants.xml#type_25866;lemma_7250;ADJ;high;'tuot uns lidic frô und hôhgemuot': tuon = machen, Objektsprädikativ neben hôhgemuot.;daz unser herre frîlîch tuot / uns lidic **frô** und hôhgemuot , / ob wir im sunder riuwen
RVBR.tei.xml;RVBR_15969_1;frô;15969;REVIEW;confidence;nein;;;;;;;lemma_7250;ADV;medium;"'lâzen frô und froelîch leben': modifiziert leben (Prompt-Beispiel 'frô leben'); Depiktiv-ADJ bleibt möglich.";uns noch mangen lieben tac / lâzen **frô** und froelîch leben , / ob sîn hôhiu güete geben
RVBR.tei.xml;RVBR_17003_5;frô;17003;ANNOTATE;;ja;;ADJ;;lexicon.xml#lemma_7250;;variants.xml#type_25866;lemma_7250;ADJ;high;'des wart sîn frîgez herze frô': Kopula wart, prädikativ.;schier und offenlîche . / des wart sîn frîgez herze **frô** . / der kampf alsus bestætet dô
RVBR.tei.xml;RVBR_17928_5;frô;17928;ANNOTATE;;ja;;ADJ;;lexicon.xml#lemma_7250;;variants.xml#type_25866;lemma_7250;ADJ;high;'wurden dô der soldân und der persân frô': Kopula wurden, prädikativ.;von disen mæren wurden dô / der soldân und der persân **frô** / und dâ nâch al diu heidenschaft ,
RVBR.tei.xml;RVBR_19866_5;frô;19866;ANNOTATE;;ja;;ADJ;;lexicon.xml#lemma_7250;;variants.xml#type_25866;lemma_7250;ADJ;high;'der trûric leidic, dirre frô': elliptische Kopula-Reihe, Kontrast trûric.;der kurz , der klein , der grôz , der kranc , / der trûric leidic , dirre **frô** , / der siech , gesunt , der sus , der sô ,
RVBR.tei.xml;RVBR_19986_5;frô;19986;ANNOTATE;;ja;;ADJ;;lexicon.xml#lemma_7250;;variants.xml#type_25866;lemma_7250;ADJ;high;'des wart der sahsen herre frô': Kopula wart, prädikativ.;mit strîtlîcher ritters kraft . / des wart der sahsen herre **frô** . / von in wart vil schiere dô
RVBR.tei.xml;RVBR_21641_5;frô;21641;ANNOTATE;;ja;;ADJ;;lexicon.xml#lemma_7250;;variants.xml#type_25866;lemma_7250;ADJ;high;'dirre mære sîn wir frô': Kopula sîn mit Genitiv, prädikativ.;< jâ jâ , > sî riefen alle dô . / < dirre mære sîn wir **frô** , / ob du uns niht betriugest .
RVBR.tei.xml;RVBR_23324_4;frô;23324;ANNOTATE;;ja;;ADJ;;lexicon.xml#lemma_7250;;variants.xml#type_25866;lemma_7250;ADJ;high;'und wâren froelîch unde frô': Kopula wâren, prädikativ.;dô sî diz dinc vernâmen , / und wâren froelîch unde **frô** . / daz kindel wart getoufet dô
RVBR.tei.xml;RVBR_23584_4;frô;23584;REVIEW;confidence;nein;;;;;;;lemma_7250;ADJ;medium;"'fuor hin mit fröuden froelich unde frô': Depiktiv zum Subjekt bei Bewegungsverb; ADV-Lesart offen.";der bot fuor in dem kiele hin / mit fröuden froelich unde **frô** , / dô er diu mære erhôrte dô .
RVBR.tei.xml;RVBR_23712_4;frô;23712;ANNOTATE;;ja;;ADJ;;lexicon.xml#lemma_7250;;variants.xml#type_25866;lemma_7250;ADJ;high;'möhte kûme wesen frô': Kopula wesen, prädikativ.;im wüehse trûreclîchiu phliht / und möhte kûme wesen **frô** . / alsô beschach dem knappen dô :
RVBR.tei.xml;RVBR_24176_2;frô;24176;ANNOTATE;;ja;;ADJ;;lexicon.xml#lemma_7250;;variants.xml#type_25866;lemma_7250;ADJ;high;'er wart frô': Kopula wart, prädikativ.;als er diu mære reht bevant , / er wart **frô** und mê denn frô . / < wol mich , > sprach der herre dô ,
RVBR.tei.xml;RVBR_24176_6;frô;24176;ANNOTATE;;ja;;ADJ;;lexicon.xml#lemma_7250;;variants.xml#type_25866;lemma_7250;ADJ;high;'und mê denn frô': Vergleichsglied zum prädikativen frô, Steigerung bleibt ADJ.;als er diu mære reht bevant , / er wart frô und mê denn **frô** . / < wol mich , > sprach der herre dô ,
RVBR.tei.xml;RVBR_24214_2;frô;24214;ANNOTATE;;ja;;ADJ;;lexicon.xml#lemma_7250;;variants.xml#type_25866;lemma_7250;ADJ;high;'sî wârent frô': Kopula wârent, prädikativ.;als der bote zuo in kon , / sî wârent **frô** , mê denne frô , / und rusten sich vil schiere dô
RVBR.tei.xml;RVBR_24214_6;frô;24214;ANNOTATE;;ja;;ADJ;;lexicon.xml#lemma_7250;;variants.xml#type_25866;lemma_7250;ADJ;high;'mê denne frô': Vergleichsglied zum prädikativen frô, Steigerung bleibt ADJ.;als der bote zuo in kon , / sî wârent frô , mê denne **frô** , / und rusten sich vil schiere dô
RVBR.tei.xml;RVBR_24284_8;frô;24284;ANNOTATE;;ja;;ADJ;;lexicon.xml#lemma_7250;;variants.xml#type_25866;lemma_7250;ADJ;high;'er was sîn frô': Kopula was mit Genitiv, prädikativ.;kæmen ritterlîchen dar . / daz was im liep , er was sîn **frô** . / die herren alle fuoren dô
RVBR.tei.xml;RVBR_24311_5;frô;24311;ANNOTATE;;ja;;ADJ;;lexicon.xml#lemma_7250;;variants.xml#type_25866;lemma_7250;ADJ;high;'sî wâren alle frô': Kopula wâren, prädikativ.;sach man in den zîten dô / nieman , sî wâren alle **frô** / von ietweders künfte .
RVBR.tei.xml;RVBR_24826_0;frô;24826;ANNOTATE;;ja;;ADJ;;lexicon.xml#lemma_7250;;variants.xml#type_25866;lemma_7250;ADJ;high;'der mære wart frô in herzen': Kopula wart mit Genitiv, prädikativ.;etlîcher der mære wart / **frô** in herzen offenbâr , / wan sî wol drithalbez jâr
RVBR.tei.xml;RVBR_25140_0;frô;25140;REVIEW;confidence;nein;;;;;;;lemma_7250;ADV;medium;"'lepten frô gar sunder hazzes nît': modifiziert leben (Prompt-Beispiel 'frô leben'); Depiktiv-ADJ bleibt möglich.";rîch und arme lepten / **frô** gar sunder hazzes nît / bî der schoenen hôhgezît .
RVBR.tei.xml;RVBR_25981_5;frô;25981;ANNOTATE;;ja;;ADJ;;lexicon.xml#lemma_7250;;variants.xml#type_25866;lemma_7250;ADJ;high;'daz sî suon ouch wâren frô': Kopula wâren, prädikativ.;hatten sich ervohten dô / daz sî suon ouch wâren **frô** , / wan sî wâren nâ erlegen
RVBR.tei.xml;RVBR_26010_2;frô;26010;ANNOTATE;;ja;;ADJ;;lexicon.xml#lemma_7250;;variants.xml#type_25866;lemma_7250;ADJ;high;'die waren frô: ir lîp genas': Kopula waren, prädikativ.;swel beliben tôdes frî , / die waren **frô** : ir lîp genas . / alsus wart vollefüeret daz
RVBR.tei.xml;RVBR_26298_7;frô;26298;ANNOTATE;;ja;;ADJ;;lexicon.xml#lemma_7250;;variants.xml#type_25866;lemma_7250;ADJ;high;'ez ist ir frô': Kopula ist mit Genitiv, prädikativ.;daz ez sich niht mê schiuhet / von sîner kunst : ez ist ir **frô** . / sît daz man den helfant sô
RVBR.tei.xml;RVBR_26626_4;frô;26626;REVIEW;confidence;nein;;;;;;;lemma_7250;ADV;medium;"'gît sîn gâbe frîlîch unde frô': Art des Gebens neben Adverb frîlîch; Depiktiv-ADJ zum Subjekt bleibt offen.";sô gît der milte falsches frî / sîn gâbe frîlîch unde **frô** . / hant muot gâb mit dem herren dô
RVBR.tei.xml;RVBR_27345_8;frô;27345;ANNOTATE;;ja;;ADJ;;lexicon.xml#lemma_7250;;variants.xml#type_25866;lemma_7250;ADJ;high;'er wær frô, ob im möhte werden mê': Kopula wær, prädikativ.;niht iezent in der welt alsô . / swie vil ein man het , er wær **frô** , / ob im möhte werden mê
RVS.tei.xml;RVS_830_5;fro;83;ANNOTATE;;ja;;ADJ;;lexicon.xml#lemma_7250;;variants.xml#type_41787;lemma_7250;ADJ;high;"Prädikativ mit Kopula: 'so waz er von herzen fro'; Folgetoken 'uns' leitet neuen Satz ein, keine Anrede.";wo er die mohte schowen , / so waz er von herzen **fro** . / uns seit die oventure also ,
RVS.tei.xml;RVS_1730_4;fro;173;ANNOTATE;;ja;;ADJ;;lexicon.xml#lemma_7250;;variants.xml#type_41787;lemma_7250;ADJ;high;"Prädikativ mit Kopula und Genitivobjekt: 'die warent siner kunfte fro'; Folgetoken 'wan' ist Konjunktion.";by sinen frùnden hoh gemuot . / die warent siner kunfte **fro** , / wan der selbe ritter do
RVS.tei.xml;RVS_2890_5;fro;289;ANNOTATE;;ja;;ADJ;;lexicon.xml#lemma_7250;;variants.xml#type_41787;lemma_7250;ADJ;high;"Prädikativ mit 'wart': 'von herzen wart er sunder fro'; Komma danach, Folgevers neuer Satz, keine Anrede.";sin herz durch schoß der minne brant . / von herzen wart er sunder **fro** , / vil zuchteclich er sprach also :
RVS.tei.xml;RVS_3170_5;fro;317;ANNOTATE;;ja;;ADJ;;lexicon.xml#lemma_7250;;variants.xml#type_41787;lemma_7250;ADJ;high;"Prädikativ mit 'wart' und Gradpartikel 'harte': 'des wart der ritter harte fro'; Folgetoken 'und'.";die frowe sprach : < du bist gewert . > / des wart der ritter harte **fro** / und sprach vil tugentlich also :
RVS.tei.xml;RVS_8300_5;fro;830;ANNOTATE;;ja;;ADJ;;lexicon.xml#lemma_7250;;variants.xml#type_41787;lemma_7250;ADJ;high;"Prädikativ mit Kopula und Gradpartikel: 'des waz der fùrste harte fro'; 'daz'-Satz folgt, keine Anrede.";daz er in solte sehen do , / des waz der fùrste harte **fro** , / daz er zuo sinen eren kam .
SGE.tei.xml;SGE_123_5;fro;123;ANNOTATE;;ja;;ADJ;;lexicon.xml#lemma_7250;;variants.xml#type_41787;lemma_7250;ADJ;high;"Prädikativ mit Kopula (des was der gast fro), Genitivobjekt 'des'; kein Angeredeter folgt.";für war will ich sprechen das : / des was der werde gast **fro** . / zuo seinem knecht sprach er also :
SGE.tei.xml;SGE_342_3;fro;342;ANNOTATE;;ja;;ADJ;;lexicon.xml#lemma_7250;;variants.xml#type_41787;lemma_7250;ADJ;high;Prädikativ mit Kopula (des pin ich fro), koordiniert mit Adjektiv 'wolgemuot'.;fraintlich gen ainander tuot . / des pin ich **fro** und wolgemuot . / darumb will ich beraiten mich
SGE.tei.xml;SGE_479_5;fro;479;ANNOTATE;;ja;;ADJ;;lexicon.xml#lemma_7250;;variants.xml#type_41787;lemma_7250;ADJ;high;Prädikativ mit Kopula 'was' und Gradpartikel 'vil', Genitivobjekt 'des mannes kunft'.;die frawe erber und auch rain / was des mannes kunft vil **fro** . / er lies ir iren willen do
SGO.tei.xml;SGO_1040100_1;fro;1;ANNOTATE;;ja;;NOM;;lexicon.xml#lemma_7260;;variants.xml#type_154744;lemma_7260;NOM;high;Anrede vor Personenname 'kunze', Komma danach, Majuskel (rend initial), 2. Pl. 'iuwer' im selben Vers.;< **fro** kunze , jâ ist iuwer trût / under valken niht ein ar ,
SGO.tei.xml;SGO_1050400_0;fro;4;ANNOTATE;;ja;;NOM;;lexicon.xml#lemma_7260;;variants.xml#type_154744;lemma_7260;NOM;high;Anrede vor Personenname 'künze', Komma danach, Majuskel (rend initial), Vokativ-Kontext 'ûf iuch', 'ir rüement'.;den sol der hagel slahen selten . / **fro** künze , dast ûf iuch gezelt : / ir rüement fridebolten vil ,
SVP.tei.xml;SVP_1990_1;fro;199;REVIEW;confidence;nein;;;;;;;lemma_7250;ADV;medium;"'wie fro ze himel er do fuor': modifiziert fuor ohne Kopula, Lemma klar; praedikative Lesart (froh fuhr er) bleibt offen.";do er uf gewunden wart , / wie **fro** ze himel er do fuor , / do er die guldinen snuor
TEA.tei.xml;TEA_117101700_8;fro;170;ANNOTATE;;ja;;ADJ;;lexicon.xml#lemma_7250;;variants.xml#type_41787;lemma_7250;ADJ;high;"Praedikativ mit Kopula sin und Genitivobjekt: 'der ist des fro, daz ...'; Folgetoken 'daz', keine Anrede.";der tievel liebet sich also : / bi swem er ist , der ist des **fro** , / daz er chintlichen tun sol .
TUN.tei.xml;TUN_23600_1;fro;;ANNOTATE;;ja;;ADJ;;lexicon.xml#lemma_7250;;variants.xml#type_41787;lemma_7250;ADJ;high;"Praedikativ mit Kopula wesen: 'do wz ich fro vnd sprach', froh nach der Rettung durch den Engel; keine Anrede.";ich vber den steg an allen schaden von gnaden des engels / do wz ich **fro** vnd sprach / lieber her ist es dein wil so sag mir wz selen wonen
TUN.tei.xml;TUN_30700_6;fro;;ANNOTATE;;ja;;ADJ;;lexicon.xml#lemma_7250;;variants.xml#type_41787;lemma_7250;ADJ;high;"Praedikativ mit Kopula werden und Gradangabe: 'do wart ich vß der mossen fro', danach Virgel und 'vnd sprach'; keine Anrede.";verr dort here scheinen der mich vor het geleittet do wart ich vß der mossen **fro** / vnd sprach / alle mein hoffen o alle mein trost von got o alle
VFA.tei.xml;VFA_56100590_7;fro;59;ANNOTATE;;ja;;ADJ;;lexicon.xml#lemma_7250;;variants.xml#type_41787;lemma_7250;ADJ;high;Praedikativ zur Kopula 'was' am Versende (der was fro), Folgetoken 'der' keine Anrede: Adjektiv 'froh'.;da duhte ein snekke harte gut . / der den da vant , der was **fro** . / der ander , der was ouch also ,
VHG.tei.xml;VHG_11104270_7;fro;427;ANNOTATE;;ja;;ADJ;;lexicon.xml#lemma_7250;;variants.xml#type_41787;lemma_7250;ADJ;high;Praedikativ zur Kopula 'ist' mit Genitiv 'ir' (ist ir fro), danach Konjunktion 'und': Adjektiv 'froh'.;die suzzen rede guote , / die hort er gerne unt ist ir **fro** / und fuget ez gerne also ,
VTO.tei.xml;VTO_78100840_3;fro;84;ANNOTATE;;ja;;ADJ;;lexicon.xml#lemma_7250;;variants.xml#type_41787;lemma_7250;ADJ;high;Praedikativ zur Kopula 'wrden' (nimmer fro wrden), Folgetoken Verb, keine Anrede: Adjektiv 'froh'.;ob si alle lebten , so we , / daz wir nimmer **fro** wrden me . / wæren bremen und fliegen niht tot ,
WST.tei.xml;WST_92100950_5;fro;95;ANNOTATE;;ja;;ADJ;;lexicon.xml#lemma_7250;;variants.xml#type_41787;lemma_7250;ADJ;high;"Praedikativ mit Kopula sint und Genitivobjekten 'iwer sælden und iwer eren fro'; Folgetoken 'nu', keine Anrede.";so sint arm und die richen / iwer sælden und iwer eren **fro** . > / nu tet der kunich also :
WUB.tei.xml;WUB_50100350_5;fro;35;REVIEW;confidence;nein;;;;;;;lemma_7250;ADJ;medium;"'er gie her fur vil fro': Gradpartikel vil, depiktiv zum Subjekt ohne Kopula; Lemma klar, ADV-Lesart zu 'gie' bleibt offen.";daz der wolf wol genas , / er gie her fur vil **fro** . / zu dem gebourn sprach er do :
WVE.tei.xml;WVE_430_5;fro;430;ANNOTATE;;ja;;ADJ;;lexicon.xml#lemma_7250;;variants.xml#type_41787;lemma_7250;ADJ;high;"Praedikativ mit Kopula werden: 'werdin si alle fro' von hoffenunge; Folgetoken 'du' im naechsten Vers, keine Anrede.";ez komit ouch also : / von hoffenunge werdin si alle **fro** . / du gewinnis nicht ire allir minne .
WVH.tei.xml;WVH_502006000_3;frô;6;ANNOTATE;;ja;;ADJ;;lexicon.xml#lemma_7250;;variants.xml#type_25866;lemma_7250;ADJ;high;"Praedikativ mit Kopula und Gradpartikel: 'ich bin sô frô', Komma danach; 'minne' steht erst spaeter im Vers, keine Anrede.";des ich gen dir sinne . > / ich bin sô **frô** , wirt mir dîn hôchgeloptiu minne , / diu kan fröide bern .
