lemma_id;lemma;normalisiert;pos;pos_alle;ist_name;sprachkonzepte;konzepte_gesamt;belege;texte;belegklasse;handpruefung
lemma_4377;niht;niht;ADJ;ADJ ADV NEG NOM;nein;Lateinisch;4;81088;639;ab 501;ja
lemma_3028;in;in;PRP;PRP;nein;Lateinisch;6;11986;348;ab 501;ja
lemma_1944;Gawein;gawein;NAM;NAM;ja;Französisch;3;4113;35;ab 501;nein
lemma_13826;I;i;DIG;DIG;nein;Lateinisch;2;4033;76;ab 501;ja
lemma_3620;Lancelot;lancelot;NAM;NAM;ja;Französisch;4;4029;26;ab 501;nein
lemma_3472;Christus;christus;NAM;NAM;ja;Lateinisch;4;3425;258;ab 501;nein
lemma_717;bischof;bischof;NOM;NOM;nein;Lateinisch;4;3035;122;ab 501;ja
lemma_5309;schrîben;schriben;INJ;INJ NOM VRB;nein;Lateinisch;8;3007;213;ab 501;ja
lemma_3330;klâr;klar;ADJ;ADJ ADV GRA NOM;nein;Lateinisch;11;2530;196;ab 501;ja
lemma_122;Alexander;alexander;NAM;NAM;ja;Griechisch;3;2324;70;ab 501;nein
lemma_1411;engel;engel;NOM;NOM;nein;Lateinisch;7;2165;196;ab 501;ja
lemma_6210;Tristan;tristan;NAM;NAM;ja;Französisch;4;1712;38;ab 501;nein
lemma_3128;Jesus;jesus;NAM;NAM;ja;Hebräisch, Lateinisch;5;1428;124;ab 501;nein
lemma_4306;name;name;NOM;NOM;nein;Lateinisch;2;1367;169;ab 501;ja
lemma_3137;Johannes;johannes;NAM;NAM;ja;Hebräisch;4;1307;102;ab 501;nein
lemma_7924;zunge;zunge;NOM;NOM;nein;Einzelsprachen;10;1271;188;ab 501;ja
lemma_3477;kriuze;kriuze;NOM;NOM;nein;Lateinisch;7;1247;159;ab 501;ja
lemma_1732;et;et;CNJ;CNJ;nein;Italienisch, Lateinisch;3;1237;122;ab 501;ja
lemma_4318;natûre;nature;NOM;NOM;nein;Lateinisch;9;1220;125;ab 501;ja
lemma_2732;Hektor;hektor;NAM;NAM;ja;Griechisch;4;1148;32;ab 501;nein
lemma_5315;schrift;schrift;NOM;NOM;nein;Lateinisch;5;1117;131;ab 501;ja
lemma_20508;Bohort;bohort;NAM;NAM;ja;Französisch;3;1056;4;ab 501;nein
lemma_3726;lewe;lewe;NOM;NOM;nein;Lateinisch;3;1028;135;ab 501;ja
lemma_4881;Rîn;rin;NAM;NAM;ja;Lateinisch;2;962;86;ab 501;nein
lemma_3070;Isolde;isolde;NAM;NAM;ja;Französisch;3;902;26;ab 501;nein
lemma_3085;Iwein;iwein;NAM;NAM;ja;Slawisch;3;890;27;ab 501;nein
lemma_4101;missa;missa;NOM;NOM;nein;Lateinisch;7;873;124;ab 501;ja
lemma_1917;Garel;garel;NAM;NAM;ja;Französisch;3;823;6;ab 501;nein
lemma_23180;marter;marter;NOM;NOM;nein;Lateinisch;9;747;126;ab 501;ja
lemma_28;abbet;abbet;NOM;NOM;nein;Lateinisch;4;739;54;ab 501;ja
lemma_3271;Keie;keie;NAM;NAM;ja;Französisch;3;739;23;ab 501;nein
lemma_4978;rote;rote;NOM;NOM VRB;nein;Französisch;7;738;75;ab 501;ja
lemma_374;baniere;baniere;NOM;NOM;nein;Französisch;6;735;81;ab 501;ja
lemma_4574;Parzival;parzival;NAM;NAM;ja;Französisch;3;714;34;ab 501;nein
lemma_4134;minner;minner;ADJ;ADJ ADV GRA NOM;nein;Lateinisch;4;713;161;ab 501;ja
lemma_4605;Petrus;petrus;NAM;NAM VRB;ja;Lateinisch;4;660;74;ab 501;nein
lemma_11206;Achilles;achilles;NAM;NAM;ja;Griechisch;4;651;22;ab 501;nein
lemma_3242;Carolus;carolus;NAM;NAM;ja;Lateinisch;3;648;43;ab 501;nein
lemma_1404;Aeneas;aeneas;NAM;NAM;ja;Griechisch, Lateinisch;4;620;26;ab 501;nein
lemma_1033;creatura;creatura;NOM;NOM;nein;Lateinisch;7;620;115;ab 501;ja
lemma_5603;soldân;soldan;NOM;NOM;nein;Arabisch;7;613;19;ab 501;ja
lemma_20874;Hestor;hestor;NAM;NAM;ja;Griechisch;3;607;3;ab 501;nein
lemma_13989;dominus;dominus;NOM;NOM;nein;Lateinisch;9;603;43;ab 501;ja
lemma_10599;mort;mort;INJ;INJ NOM;nein;Französisch;9;594;132;ab 501;ja
lemma_1083;Darius;darius;NAM;NAM;ja;Persisch;3;562;23;ab 501;nein
lemma_9293;Romære;romaere;NAM;NAM;ja;Lateinisch;4;548;67;ab 501;nein
lemma_27037;item;item;ADV;ADV CNJ;nein;Lateinisch;3;540;30;ab 501;ja
lemma_1785;fîn;fin;ADJ;ADJ ADV GRA NOM;nein;Französisch;3;523;95;ab 501;ja
lemma_1096;David;david;NAM;NAM;ja;Hebräisch;4;497;78;101 bis 500;nein
lemma_18884;Sankt;sankt;NAM;NAM;ja;Lateinisch;6;454;64;101 bis 500;nein
lemma_6045;templum;templum;NOM;NOM;nein;Lateinisch;4;447;64;101 bis 500;nein
lemma_24489;etcetera;etcetera;ADV;ADV;nein;Lateinisch;2;446;30;101 bis 500;nein
lemma_156;altar;altar;NOM;NOM;nein;Lateinisch;2;415;54;101 bis 500;nein
lemma_20923;Lionel;lionel;NAM;NAM;ja;Französisch;4;414;4;101 bis 500;nein
lemma_6036;tabula;tabula;NOM;NOM;nein;Lateinisch;11;414;60;101 bis 500;nein
lemma_26104;annus;annus;ADV;ADV NOM;nein;Lateinisch;2;406;8;101 bis 500;nein
lemma_18304;Wenzeslaw;wenzeslaw;NAM;NAM;ja;Tschechisch;3;405;15;101 bis 500;nein
lemma_2736;Helena;helena;NAM;NAM;ja;Griechisch;3;396;44;101 bis 500;nein
lemma_1820;Franzois;franzois;NAM;NAM;ja;Einzelsprachen, Französisch;5;394;34;101 bis 500;nein
lemma_20139;Priamus;priamus;NAM;NAM;ja;Griechisch;3;387;11;101 bis 500;nein
lemma_6810;Venus;venus;NAM;NAM;ja;Lateinisch;7;380;61;101 bis 500;nein
lemma_187;amîe;amie;NOM;NOM;nein;Französisch, Lateinisch;6;379;49;101 bis 500;nein
lemma_1068;Daniel;daniel;NAM;NAM;ja;Hebräisch;5;378;38;101 bis 500;nein
lemma_3387;Köln;koeln;NAM;NAM;ja;Lateinisch;2;369;26;101 bis 500;nein
lemma_6167;trache;trache;NOM;NOM;nein;Griechisch, Lateinisch;6;363;70;101 bis 500;nein
lemma_4642;Philippus;philippus;NAM;NAM;ja;Griechisch, Lateinisch;5;362;38;101 bis 500;nein
lemma_3935;Mahmet;mahmet;NAM;NAM;ja;Arabisch;4;354;26;101 bis 500;nein
lemma_4010;massenîe;massenie;NOM;NOM;nein;Französisch;4;347;56;101 bis 500;nein
lemma_15618;Josephus;josephus;NAM;NAM;ja;Hebräisch, Lateinisch;5;346;41;101 bis 500;nein
lemma_1979;gebrechen;gebrechen;NOM;NOM VRB;nein;Einzelsprachen;10;341;101;101 bis 500;nein
lemma_4216;Moyse;moyse;NAM;NAM;ja;Hebräisch;5;341;66;101 bis 500;nein
lemma_735;blanc;blanc;ADJ;ADJ GRA;nein;Französisch;3;328;89;101 bis 500;nein
lemma_3372;klûse;kluse;NOM;NOM;nein;Lateinisch;11;328;60;101 bis 500;nein
lemma_4584;Paulus;paulus;NAM;NAM;ja;Lateinisch;5;326;54;101 bis 500;nein
lemma_66;admirât;admirat;NOM;NOM;nein;Arabisch;6;317;18;101 bis 500;nein
lemma_4706;porta;porta;NOM;NOM;nein;Lateinisch;6;314;55;101 bis 500;nein
lemma_1756;Eva;eva;NAM;NAM;ja;Hebräisch;4;295;66;101 bis 500;nein
lemma_3099;Jacobus;jacobus;NAM;NAM;ja;Hebräisch, Lateinisch;5;294;67;101 bis 500;nein
lemma_844;bredigen;bredigen;NOM;NOM VRB;nein;Lateinisch;5;285;66;101 bis 500;nein
lemma_4702;Polen;polen;NAM;NAM;ja;Slawisch;4;285;23;101 bis 500;nein
lemma_18456;Jason;jason;NAM;NAM;ja;Griechisch;4;283;6;101 bis 500;nein
lemma_4317;nase;nase;NOM;NOM;nein;Lateinisch;6;283;90;101 bis 500;nein
lemma_3217;capellanus;capellanus;NOM;NOM;nein;Lateinisch;3;282;67;101 bis 500;nein
lemma_3232;cardinalus;cardinalus;NOM;NOM;nein;Lateinisch;3;277;21;101 bis 500;nein
lemma_21090;Lac;lac;NAM;NAM;ja;Französisch;2;276;12;101 bis 500;nein
lemma_21100;Ulixes;ulixes;NAM;NAM;ja;Griechisch;4;274;13;101 bis 500;nein
lemma_9387;esse;esse;VEX;VEX VRB;nein;Lateinisch;4;269;47;101 bis 500;nein
lemma_5045;sac;sac;NOM;NOM;nein;Lateinisch;5;267;83;101 bis 500;nein
lemma_18303;Stephanus;stephanus;NAM;NAM;ja;Lateinisch;4;263;23;101 bis 500;nein
lemma_3214;capitulo;capitulo;NOM;NOM;nein;Lateinisch;6;261;28;101 bis 500;nein
lemma_188;amîs;amis;NOM;NOM;nein;Französisch;5;260;47;101 bis 500;nein
lemma_4586;pavelûn;pavelun;NOM;NOM;nein;Französisch;5;260;35;101 bis 500;nein
lemma_1020;Constantinus;constantinus;NAM;NAM;ja;Lateinisch;4;257;21;101 bis 500;nein
lemma_23741;Agamemnon;agamemnon;NAM;NAM;ja;Griechisch;3;253;8;101 bis 500;nein
lemma_9724;capella;capella;NOM;NOM;nein;Lateinisch;2;251;36;101 bis 500;nein
lemma_2856;historia;historia;ADJ;ADJ NOM;nein;Lateinisch;5;249;30;101 bis 500;nein
lemma_1176;diuten;diuten;NOM;NOM VRB;nein;Einzelsprachen;13;248;86;101 bis 500;nein
lemma_3840;Logrois;logrois;NAM;NAM;ja;Französisch;5;248;9;101 bis 500;nein
lemma_15259;conventus;conventus;NOM;NOM;nein;Lateinisch;3;247;12;101 bis 500;nein
lemma_42320;Wladislaus;wladislaus;NAM;NAM;ja;Slawisch;3;247;4;101 bis 500;nein
lemma_5116;sarjant;sarjant;NOM;NOM;nein;Französisch;8;244;29;101 bis 500;nein
lemma_2404;Ginover;ginover;NAM;NAM;ja;Französisch;3;243;19;101 bis 500;nein
lemma_5010;rubîn;rubin;NOM;NOM;nein;Lateinisch;6;240;79;101 bis 500;nein
lemma_16860;Elisabeth;elisabeth;NAM;NAM;ja;Hebräisch;4;237;37;101 bis 500;nein
lemma_401;baruc;baruc;NOM;NOM;nein;Arabisch;3;236;15;101 bis 500;nein
lemma_5308;schrîber;schriber;NOM;NOM;nein;Lateinisch;7;234;62;101 bis 500;nein
lemma_4568;Pârîs;paris;NAM;NAM;ja;Griechisch;3;230;15;101 bis 500;nein
lemma_4696;poinder;poinder;NOM;NOM;nein;Französisch;5;230;30;101 bis 500;nein
lemma_23339;Lois;lois;NAM;NAM;ja;Französisch;3;229;8;101 bis 500;nein
lemma_3150;Judas;judas;NAM;NAM;ja;Hebräisch;4;222;60;101 bis 500;nein
lemma_50761;natûrlich;naturlich;ADJ;ADJ ADV;nein;Lateinisch;8;222;60;101 bis 500;nein
lemma_6311;Turnus;turnus;NAM;NAM;ja;Lateinisch;3;221;5;101 bis 500;nein
lemma_1757;evangelium;evangelium;NOM;NOM;nein;Lateinisch;4;218;39;101 bis 500;nein
lemma_9406;Nicolaus;nicolaus;NAM;NAM;ja;Griechisch;4;218;30;101 bis 500;nein
lemma_143;almuosen;almuosen;NOM;NOM;nein;Griechisch, Lateinisch;6;217;60;101 bis 500;nein
lemma_13119;Menelaos;menelaos;NAM;NAM;ja;Griechisch;3;216;14;101 bis 500;nein
lemma_23887;scholarius;scholarius;NOM;NOM;nein;Lateinisch;3;214;34;101 bis 500;nein
lemma_5365;Segramors;segramors;NAM;NAM;ja;Französisch;3;214;16;101 bis 500;nein
lemma_20838;Ajax;ajax;NAM;NAM;ja;Griechisch;3;211;6;101 bis 500;nein
lemma_4001;Marsilie;marsilie;NAM;NAM;ja;Französisch;5;211;15;101 bis 500;nein
lemma_3259;kastelân;kastelan;NOM;NOM;nein;Französisch;6;209;31;101 bis 500;nein
lemma_5342;schola;schola;NOM;NOM;nein;Lateinisch;2;206;71;101 bis 500;nein
lemma_4739;propheta;propheta;NOM;NOM;nein;Griechisch, Lateinisch;8;201;60;101 bis 500;nein
lemma_262;Apollo;apollo;NAM;NAM;ja;Lateinisch;4;200;30;101 bis 500;nein
lemma_15617;Jôsaphât;josaphat;NAM;NAM;ja;Hebräisch;5;200;16;101 bis 500;nein
lemma_12267;Genelun;genelun;NAM;NAM;ja;Französisch;3;198;3;101 bis 500;nein
lemma_1926;garzûn;garzun;NOM;NOM;nein;Französisch;5;194;43;101 bis 500;nein
lemma_14017;nos;nos;POS;POS PRO;nein;Lateinisch;2;190;39;101 bis 500;nein
lemma_4671;Pontius Pilatus;pontius pilatus;NAM;NAM;ja;Lateinisch;4;185;31;101 bis 500;nein
lemma_2768;Hercules;hercules;NAM;NAM;ja;Griechisch;6;183;23;101 bis 500;nein
lemma_10990;Macedonia;macedonia;NAM;NAM;ja;Griechisch;3;183;16;101 bis 500;nein
lemma_18273;Oswaldus;oswaldus;NAM;NAM;ja;Lateinisch;5;183;10;101 bis 500;nein
lemma_42;Abraham;abraham;NAM;NAM;ja;Hebräisch;4;181;45;101 bis 500;nein
lemma_1816;forma;forma;NOM;NOM;nein;Lateinisch;3;180;61;101 bis 500;nein
lemma_10178;deus;deus;NOM;NOM;nein;Lateinisch;3;177;45;101 bis 500;nein
lemma_3166;Jupiter;jupiter;NAM;NAM;ja;Lateinisch;5;177;41;101 bis 500;nein
lemma_7475;welsch;welsch;ADJ;ADJ;nein;Einzelsprachen;2;177;68;101 bis 500;nein
lemma_15690;Antenor;antenor;NAM;NAM;ja;Griechisch;3;175;8;101 bis 500;nein
lemma_12123;erzbischof;erzbischof;NOM;NOM;nein;Lateinisch;4;173;24;101 bis 500;nein
lemma_297;Arnholt;arnholt;NAM;NAM;ja;Lateinisch;3;172;20;101 bis 500;nein
lemma_6230;Troilus;troilus;NAM;NAM;ja;Griechisch;3;172;6;101 bis 500;nein
lemma_3457;krîe;krie;NOM;NOM;nein;Französisch;4;170;28;101 bis 500;nein
lemma_14291;Appollonius;appollonius;NAM;NAM;ja;Lateinisch;4;168;8;101 bis 500;nein
lemma_1028;kurtois;kurtois;ADJ;ADJ;nein;Französisch;5;166;28;101 bis 500;nein
lemma_5393;semele;semele;NOM;NOM;nein;Lateinisch;5;163;40;101 bis 500;nein
lemma_42985;Sobeslaw;sobeslaw;NAM;NAM;ja;Slawisch, Tschechisch;4;162;3;101 bis 500;nein
lemma_4756;puneiz;puneiz;NOM;NOM;nein;Französisch;5;161;40;101 bis 500;nein
lemma_236;Anjou;anjou;NAM;NAM;ja;Französisch;4;160;16;101 bis 500;nein
lemma_42314;Przemisl;przemisl;NAM;NAM;ja;Slawisch, Tschechisch;4;158;5;101 bis 500;nein
lemma_20995;ego;ego;POS;POS PRO;nein;Lateinisch;3;157;21;101 bis 500;nein
lemma_1792;fils;fils;NOM;NOM;nein;Französisch;4;157;28;101 bis 500;nein
lemma_10983;Aristoteles;aristoteles;NAM;NAM;ja;Griechisch;5;155;42;101 bis 500;nein
lemma_23326;Franciscus;franciscus;NAM;NAM;ja;Lateinisch;5;155;15;101 bis 500;nein
lemma_4724;prêsant;presant;NOM;NOM;nein;Französisch;4;154;33;101 bis 500;nein
lemma_4067;mël;mël;NOM;NOM VRB;nein;Lateinisch;10;153;40;101 bis 500;nein
lemma_14371;Pyrrus;pyrrus;NAM;NAM;ja;Griechisch, Lateinisch;4;151;5;101 bis 500;nein
lemma_4833;regula;regula;ADJ;ADJ ADV NOM;nein;Lateinisch;5;150;30;101 bis 500;nein
lemma_3635;latîn;latin;ADJ;ADJ NOM;nein;Einzelsprachen, Lateinisch;4;149;52;101 bis 500;nein
lemma_6205;trinitas;trinitas;NOM;NOM NUM;nein;Lateinisch;3;148;41;101 bis 500;nein
lemma_4018;materia;materia;NOM;NOM VRB;nein;Lateinisch;7;147;48;101 bis 500;nein
lemma_1368;Elias;elias;NAM;NAM;ja;Hebräisch;4;146;33;101 bis 500;nein
lemma_9577;Gregorius;gregorius;NAM;NAM;ja;Lateinisch;5;144;28;101 bis 500;nein
lemma_11725;Matheus;matheus;NAM;NAM;ja;Hebräisch, Lateinisch;5;144;31;101 bis 500;nein
lemma_19298;Pôrus;porus;NAM;NAM;ja;Griechisch, Lateinisch;4;144;9;101 bis 500;nein
lemma_1366;elementum;elementum;NOM;NOM;nein;Lateinisch;8;143;44;101 bis 500;nein
lemma_4707;portenære;portenaere;NOM;NOM;nein;Lateinisch;4;143;40;101 bis 500;nein
lemma_20218;qui;qui;CNJ;CNJ IPA;nein;Lateinisch;2;141;17;101 bis 500;nein
lemma_3048;insula;insula;NOM;NOM;nein;Lateinisch;5;139;37;101 bis 500;nein
lemma_12211;Pallas;pallas;NAM;NAM;ja;Griechisch;5;139;20;101 bis 500;nein
lemma_4539;pater;pater;NOM;NOM;nein;Lateinisch;4;139;33;101 bis 500;nein
lemma_4581;patriarchus;patriarchus;NOM;NOM;nein;Lateinisch;2;139;35;101 bis 500;nein
lemma_363;balsame;balsame;ADJ;ADJ NOM;nein;Lateinisch;10;137;49;101 bis 500;nein
lemma_10349;figura;figura;NOM;NOM;nein;Lateinisch;4;134;42;101 bis 500;nein
lemma_5101;Vitus;vitus;NAM;NAM;ja;Lateinisch;5;132;20;101 bis 500;nein
lemma_42981;Wratislaw;wratislaw;NAM;NAM;ja;Slawisch;3;131;3;101 bis 500;nein
lemma_5564;smaragdûs;smaragdus;NOM;NOM;nein;Lateinisch;4;130;56;101 bis 500;nein
lemma_15738;Diomedes;diomedes;NAM;NAM;ja;Griechisch;4;129;6;101 bis 500;nein
lemma_4763;purpura;purpura;ADJ;ADJ NOM;nein;Lateinisch;4;128;44;101 bis 500;nein
lemma_18291;Augustinus;augustinus;NAM;NAM;ja;Lateinisch;5;127;28;101 bis 500;nein
lemma_20020;Bolezlâ;bolezla;NAM;NAM;ja;Slawisch, Tschechisch;5;127;6;101 bis 500;nein
lemma_42962;Brzetislaw;brzetislaw;NAM;NAM;ja;Tschechisch;3;127;3;101 bis 500;nein
lemma_1030;covertiure;covertiure;NOM;NOM;nein;Französisch;3;127;34;101 bis 500;nein
lemma_4117;Michael;michael;NAM;NAM;ja;Hebräisch;5;127;31;101 bis 500;nein
lemma_1812;fôrëst;forëst;NOM;NOM;nein;Französisch;8;126;38;101 bis 500;nein
lemma_11226;Flordibel;flordibel;NAM;NAM;ja;Französisch;4;125;2;101 bis 500;nein
lemma_11183;regieren;regieren;NOM;NOM VRB;nein;Lateinisch;4;125;22;101 bis 500;nein
lemma_10698;safrân;safran;NOM;NOM;nein;Arabisch;6;123;21;101 bis 500;nein
lemma_3650;leopardus;leopardus;NOM;NOM;nein;Lateinisch;3;120;47;101 bis 500;nein
lemma_4484;Olivier;olivier;NAM;NAM;ja;Französisch;3;120;7;101 bis 500;nein
lemma_4966;roi;roi;NOM;NOM;nein;Französisch;3;119;18;101 bis 500;nein
lemma_5339;schumphentiure;schumphentiure;NOM;NOM;nein;Französisch, Italienisch;6;119;28;101 bis 500;nein
lemma_78628;cs;cs;NOM;NOM;nein;Tschechisch;1;118;2;101 bis 500;nein
lemma_4073;Meljanz;meljanz;NAM;NAM;ja;Französisch;3;117;10;101 bis 500;nein
lemma_24469;omnis;omnis;ADV;ADV NOM;nein;Lateinisch;2;116;27;101 bis 500;nein
lemma_21237;Parmênîôn;parmenion;NAM;NAM;ja;Griechisch;3;116;5;101 bis 500;nein
lemma_20170;Thelamones;thelamones;NAM;NAM;ja;Griechisch;3;116;4;101 bis 500;nein
lemma_10020;Blanscheflur;blanscheflur;NAM;NAM;ja;Französisch;3;115;10;101 bis 500;nein
lemma_2401;gemma;gemma;ADJ;ADJ NOM;nein;Lateinisch;4;113;57;101 bis 500;nein
lemma_35002;ad;ad;PRP;PRP;nein;Lateinisch;3;111;22;101 bis 500;nein
lemma_16464;tu;tu;POS;POS PRO;nein;Lateinisch;2;111;19;101 bis 500;nein
lemma_514;benedicere;benedicere;NOM;NOM VRB;nein;Lateinisch;5;110;41;101 bis 500;nein
lemma_4755;pulvis;pulvis;NOM;NOM;nein;Lateinisch;14;110;43;101 bis 500;nein
lemma_24333;Malfernes;malfernes;NAM;NAM;ja;Griechisch;3;109;1;101 bis 500;nein
lemma_4294;nâter;nater;NOM;NOM;nein;Lateinisch;4;109;34;101 bis 500;nein
lemma_3077;Israel;israel;NAM;NAM;ja;Hebräisch;3;106;41;101 bis 500;nein
lemma_4502;Orilus;orilus;NAM;NAM;ja;Lateinisch;3;106;4;101 bis 500;nein
lemma_7093;Virgilius;virgilius;NAM;NAM;ja;Lateinisch;6;106;19;101 bis 500;nein
lemma_14034;Antikrist;antikrist;NAM;NAM;ja;Griechisch, Lateinisch;6;105;26;101 bis 500;nein
lemma_1360;Hecuba;hecuba;NAM;NAM;ja;Griechisch;4;105;8;101 bis 500;nein
lemma_4838;Regensburg;regensburg;NAM;NAM;ja;Lateinisch;2;105;24;101 bis 500;nein
lemma_16342;Medea;medea;NAM;NAM;ja;Griechisch;4;104;9;101 bis 500;nein
lemma_24470;eius;eius;POS;POS;nein;Lateinisch;3;103;15;101 bis 500;nein
lemma_26476;Polidamas;polidamas;NAM;NAM;ja;Griechisch;3;103;3;101 bis 500;nein
lemma_5077;salse;salse;NOM;NOM;nein;Lateinisch;6;103;25;101 bis 500;nein
lemma_9279;Âmor;amor;NAM;NAM;ja;Französisch, Lateinisch;5;102;28;101 bis 500;nein
lemma_11672;Âron;aron;NAM;NAM;ja;Hebräisch;4;101;31;101 bis 500;nein
lemma_33389;Bela;bela;NAM;NAM;ja;Ungarisch;3;101;6;101 bis 500;nein
lemma_42317;Borziwoy;borziwoy;NAM;NAM;ja;Tschechisch;3;101;3;101 bis 500;nein
lemma_3896;luoder;luoder;NOM;NOM;nein;Lateinisch;14;101;34;101 bis 500;nein
lemma_4399;nône;none;NOM;NOM;nein;Lateinisch;6;101;47;101 bis 500;nein
lemma_18673;Herodes;herodes;NAM;NAM;ja;Hebräisch;4;98;24;21 bis 100;nein
lemma_22605;Martinus;martinus;NAM;NAM;ja;Lateinisch;4;98;25;21 bis 100;nein
lemma_21896;partîe;partie;NOM;NOM;nein;Lateinisch;6;98;12;21 bis 100;nein
lemma_3155;Iulius;iulius;NAM;NAM;ja;Lateinisch;5;97;23;21 bis 100;nein
lemma_10234;cum;cum;ADV;ADV PRP;nein;Französisch, Lateinisch;5;96;16;21 bis 100;nein
lemma_23471;Chiron;chiron;NAM;NAM;ja;Griechisch;4;95;6;21 bis 100;nein
lemma_11950;talfîn;talfin;NOM;NOM;nein;Französisch;5;94;3;21 bis 100;nein
lemma_1940;Gaudin;gaudin;NAM;NAM;ja;Französisch;3;93;6;21 bis 100;nein
lemma_11068;maiestas;maiestas;NOM;NOM;nein;Lateinisch;4;93;40;21 bis 100;nein
lemma_20422;Philôtas;philotas;NAM;NAM;ja;Griechisch;3;93;5;21 bis 100;nein
lemma_1039;Cundrie la Surziere;cundrie la surziere;NAM;NAM;ja;Französisch;5;91;4;21 bis 100;nein
lemma_18941;Garda;garda;NAM;NAM;ja;Italienisch;4;91;12;21 bis 100;nein
lemma_11934;Grâhardeiz;grahardeiz;NAM;NAM;ja;Französisch;3;90;3;21 bis 100;nein
lemma_15755;Olympia;olympia;NAM;NAM;ja;Griechisch;3;90;11;21 bis 100;nein
lemma_27917;Breslau;breslau;NAM;NAM;ja;Slawisch;2;89;10;21 bis 100;nein
lemma_11420;formieren;formieren;VRB;VRB;nein;Lateinisch;4;89;44;21 bis 100;nein
lemma_20877;Nestor;nestor;NAM;NAM;ja;Griechisch;3;88;7;21 bis 100;nein
lemma_18580;facere;facere;VRB;VRB;nein;Lateinisch;4;87;20;21 bis 100;nein
lemma_4654;flumen;flumen;NOM;NOM;nein;Lateinisch;2;87;24;21 bis 100;nein
lemma_4501;orient;orient;NOM;NOM;nein;Lateinisch;4;87;27;21 bis 100;nein
lemma_10025;dire;dire;VRB;VRB;nein;Französisch;2;86;13;21 bis 100;nein
lemma_15818;Gabriel;gabriel;NAM;NAM;ja;Hebräisch;5;85;31;21 bis 100;nein
lemma_3088;jâchant;jachant;NOM;NOM;nein;Lateinisch;5;85;42;21 bis 100;nein
lemma_41389;mirn;mirn;NEG;NEG PRO;nein;Lateinisch;4;85;44;21 bis 100;nein
lemma_25204;Peleus;peleus;NAM;NAM;ja;Griechisch;4;85;6;21 bis 100;nein
lemma_3258;castellum;castellum;NOM;NOM;nein;Lateinisch;3;84;23;21 bis 100;nein
lemma_3543;kunterfeit;kunterfeit;ADJ;ADJ NOM;nein;Französisch;9;84;34;21 bis 100;nein
lemma_12190;Marcus;marcus;NAM;NAM;ja;Lateinisch;4;84;14;21 bis 100;nein
lemma_26874;buter;buter;NOM;NOM;nein;Lateinisch;3;83;18;21 bis 100;nein
lemma_24297;corpus;corpus;NOM;NOM;nein;Lateinisch;4;83;23;21 bis 100;nein
lemma_7040;vesper;vesper;NOM;NOM;nein;Lateinisch;5;83;39;21 bis 100;nein
lemma_1098;de;de;PRP;PRP;nein;Französisch, Lateinisch;4;82;13;21 bis 100;nein
lemma_18887;gloria;gloria;NOM;NOM;nein;Lateinisch;5;81;31;21 bis 100;nein
lemma_1138;Dido;dido;NAM;NAM;ja;Griechisch, Lateinisch;5;79;17;21 bis 100;nein
lemma_18826;Isaak;isaak;NAM;NAM;ja;Hebräisch;4;79;26;21 bis 100;nein
lemma_3165;Juno;juno;NAM;NAM;ja;Lateinisch;3;78;22;21 bis 100;nein
lemma_27915;Krakow;krakow;NAM;NAM;ja;Slawisch;2;77;7;21 bis 100;nein
lemma_24477;suus;suus;POS;POS;nein;Lateinisch;2;77;12;21 bis 100;nein
lemma_263;apostolus;apostolus;NOM;NOM;nein;Griechisch, Lateinisch;4;76;17;21 bis 100;nein
lemma_3055;Ipomidon;ipomidon;NAM;NAM;ja;Griechisch;3;76;8;21 bis 100;nein
lemma_4545;palma;palma;NOM;NOM;nein;Lateinisch;5;75;32;21 bis 100;nein
lemma_10694;praelatus;praelatus;ADJ;ADJ NOM;nein;Lateinisch;4;75;21;21 bis 100;nein
lemma_10531;zirkel;zirkel;NOM;NOM;nein;Lateinisch;6;75;34;21 bis 100;nein
lemma_5420;serpant;serpant;NOM;NOM;nein;Lateinisch;4;74;27;21 bis 100;nein
lemma_29323;Bruno;bruno;NAM;NAM;ja;Lateinisch;3;73;8;21 bis 100;nein
lemma_2850;Hiob;hiob;NAM;NAM;ja;Hebräisch;5;73;24;21 bis 100;nein
lemma_34451;Lâmedôn;lamedon;NAM;NAM;ja;Griechisch;4;73;5;21 bis 100;nein
lemma_28061;quis;quis;CNJ;CNJ IPA;nein;Lateinisch;3;73;10;21 bis 100;nein
lemma_12213;Athen;athen;NAM;NAM;ja;Griechisch;4;72;19;21 bis 100;nein
lemma_10134;companie;companie;NOM;NOM;nein;Französisch;2;72;23;21 bis 100;nein
lemma_1111;Deiphobus;deiphobus;NAM;NAM;ja;Griechisch;3;72;4;21 bis 100;nein
lemma_29102;haec;haec;DET;DET;nein;Lateinisch;2;72;4;21 bis 100;nein
lemma_20994;hic;hic;DET;DET;nein;Lateinisch;4;72;18;21 bis 100;nein
lemma_21845;homo;homo;NOM;NOM;nein;Lateinisch;2;72;13;21 bis 100;nein
lemma_11288;keller;keller;NOM;NOM;nein;Lateinisch;4;72;34;21 bis 100;nein
lemma_19910;Patroclus;patroclus;NAM;NAM;ja;Griechisch, Lateinisch;4;71;6;21 bis 100;nein
lemma_43069;Swathopluck;swathopluck;NAM;NAM;ja;Slawisch;3;71;3;21 bis 100;nein
lemma_11804;evangelista;evangelista;NOM;NOM;nein;Lateinisch;4;70;34;21 bis 100;nein
lemma_23776;Ptolemaios;ptolemaios;NAM;NAM;ja;Griechisch;7;70;12;21 bis 100;nein
lemma_65308;Eleander;eleander;NAM;NAM;ja;Griechisch;3;69;1;21 bis 100;nein
lemma_16123;spiritus;spiritus;ADJ;ADJ NOM;nein;Lateinisch;3;69;19;21 bis 100;nein
lemma_15616;Barlââm;barlaam;NAM;NAM;ja;Hebräisch;4;68;3;21 bis 100;nein
lemma_25429;vos;vos;PRO;PRO;nein;Lateinisch;2;68;8;21 bis 100;nein
lemma_23253;contemplari;contemplari;VRB;VRB;nein;Lateinisch;8;67;6;21 bis 100;nein
lemma_19908;filius;filius;NOM;NOM;nein;Lateinisch;4;67;15;21 bis 100;nein
lemma_3181;Cain;cain;NAM;NAM;ja;Hebräisch;4;66;17;21 bis 100;nein
lemma_1001;Clauditte;clauditte;NAM;NAM;ja;Französisch;3;66;4;21 bis 100;nein
lemma_3482;cronica;cronica;NOM;NOM;nein;Lateinisch;3;66;20;21 bis 100;nein
lemma_3289;karrosche;karrosche;NOM;NOM;nein;Französisch;4;66;10;21 bis 100;nein
lemma_24480;loqui;loqui;VRB;VRB;nein;Lateinisch;4;66;5;21 bis 100;nein
lemma_4727;pressen;pressen;NOM;NOM VRB;nein;Französisch;9;66;19;21 bis 100;nein
lemma_33883;Wischerat;wischerat;NAM;NAM;ja;Slawisch, Tschechisch;4;66;7;21 bis 100;nein
lemma_19435;Candaulus;candaulus;NAM;NAM;ja;Lateinisch;3;65;3;21 bis 100;nein
lemma_990;Cherubim;cherubim;NAM;NAM;ja;Hebräisch;9;65;19;21 bis 100;nein
lemma_4757;punieren;punieren;VRB;VRB;nein;Französisch;4;65;30;21 bis 100;nein
lemma_17905;viztuom;viztuom;NOM;NOM;nein;Lateinisch;6;65;5;21 bis 100;nein
lemma_1017;Condwiramur;condwiramur;NAM;NAM;ja;Französisch;3;64;5;21 bis 100;nein
lemma_18285;Julianus;julianus;NAM;NAM;ja;Lateinisch;4;64;11;21 bis 100;nein
lemma_11519;Lârîe;larie;NAM;NAM;ja;Griechisch;3;64;6;21 bis 100;nein
lemma_19929;venire;venire;VRB;VRB;nein;Französisch, Lateinisch;6;64;21;21 bis 100;nein
lemma_1016;conduire;conduire;NOM;NOM VRB;nein;Französisch;4;63;19;21 bis 100;nein
lemma_3126;Jesaja;jesaja;NAM;NAM;ja;Hebräisch;5;63;22;21 bis 100;nein
lemma_23654;Judith;judith;NAM;NAM;ja;Hebräisch;4;63;16;21 bis 100;nein
lemma_3460;krîen;krien;VRB;VRB;nein;Französisch;7;63;31;21 bis 100;nein
lemma_12598;mirre;mirre;NOM;NOM;nein;Arabisch, Aramäisch, Hebräisch;11;63;31;21 bis 100;nein
lemma_4188;Monschoi;monschoi;NAM;NAM;ja;Französisch;3;63;7;21 bis 100;nein
lemma_4715;potestas;potestas;NOM;NOM;nein;Lateinisch;8;63;19;21 bis 100;nein
lemma_3640;Laurentius;laurentius;NAM;NAM;ja;Lateinisch;3;62;20;21 bis 100;nein
lemma_30406;Olmunz;olmunz;NAM;NAM;ja;Tschechisch;2;62;5;21 bis 100;nein
lemma_18579;dicere;dicere;NOM;NOM VRB;nein;Lateinisch;2;61;12;21 bis 100;nein
lemma_1784;fîanze;fianze;NOM;NOM;nein;Französisch;5;61;8;21 bis 100;nein
lemma_18888;hêbrêisch;hebreisch;ADJ;ADJ NOM;nein;Hebräisch;3;61;20;21 bis 100;nein
lemma_3184;Kalogreant;kalogreant;NAM;NAM;ja;Französisch;3;61;13;21 bis 100;nein
lemma_20873;legatus;legatus;NOM;NOM;nein;Lateinisch;5;60;8;21 bis 100;nein
lemma_11712;Media;media;NAM;NAM;ja;Lateinisch;3;60;19;21 bis 100;nein
lemma_4942;rivier;rivier;NOM;NOM;nein;Französisch;2;60;18;21 bis 100;nein
lemma_12142;Seraphin;seraphin;NAM;NAM;ja;Hebräisch;7;60;18;21 bis 100;nein
lemma_33819;doctor;doctor;ADJ;ADJ NOM;nein;Lateinisch;5;59;11;21 bis 100;nein
lemma_23245;kyrieleison;kyrieleison;INJ;INJ NOM VRB;nein;Griechisch;6;59;8;21 bis 100;nein
lemma_25402;Martius;martius;NAM;NAM;ja;Lateinisch;4;59;27;21 bis 100;nein
lemma_44815;millesimus;millesimus;ADJ;ADJ;nein;Lateinisch;2;59;2;21 bis 100;nein
lemma_19322;Polixena;polixena;NAM;NAM;ja;Griechisch;3;59;4;21 bis 100;nein
lemma_15649;sacramentum;sacramentum;NOM;NOM;nein;Lateinisch;3;59;22;21 bis 100;nein
lemma_44394;Iaromir;iaromir;NAM;NAM;ja;Tschechisch;3;58;3;21 bis 100;nein
lemma_12160;Mercurius;mercurius;NAM;NAM;ja;Lateinisch;6;58;23;21 bis 100;nein
lemma_21935;punctum;punctum;NOM;NOM;nein;Lateinisch;9;58;19;21 bis 100;nein
lemma_22708;Clemens;clemens;NAM;NAM;ja;Lateinisch;6;57;10;21 bis 100;nein
lemma_26522;Menon;menon;NAM;NAM;ja;Griechisch;3;57;5;21 bis 100;nein
lemma_4321;Nazareth;nazareth;NAM;NAM;ja;Hebräisch, Lateinisch;4;57;19;21 bis 100;nein
lemma_24488;autem;autem;CNJ;CNJ;nein;Lateinisch;2;56;9;21 bis 100;nein
lemma_18068;caritas;caritas;NOM;NOM;nein;Lateinisch;3;56;14;21 bis 100;nein
lemma_18854;liber;liber;ADJ;ADJ ADV NOM;nein;Lateinisch;8;56;11;21 bis 100;nein
lemma_27248;quod;quod;CNJ;CNJ;nein;Lateinisch;3;56;9;21 bis 100;nein
lemma_1433;Enoch;enoch;NAM;NAM;ja;Hebräisch;4;55;18;21 bis 100;nein
lemma_3316;Giot;giot;NAM;NAM;ja;Französisch;3;55;4;21 bis 100;nein
lemma_3143;Jona;jona;NAM;NAM;ja;Hebräisch;4;55;21;21 bis 100;nein
lemma_23502;Pelias;pelias;NAM;NAM;ja;Griechisch;4;55;4;21 bis 100;nein
lemma_11028;Seneca;seneca;NAM;NAM;ja;Lateinisch;3;55;17;21 bis 100;nein
lemma_22854;ungevære;ungevaere;ADJ;ADJ ADV NEG;nein;Lateinisch;11;55;14;21 bis 100;nein
lemma_33949;zæwisch;zaewisch;NOM;NOM;nein;Slawisch;2;55;1;21 bis 100;nein
lemma_17882;areweiʒ;areweiʒ;NOM;NOM;nein;Lateinisch;2;54;23;21 bis 100;nein
lemma_802;Bonifatius;bonifatius;NAM;NAM;ja;Lateinisch;4;54;16;21 bis 100;nein
lemma_3564;la;la;ART;ART;nein;Französisch;3;54;14;21 bis 100;nein
lemma_3645;Lazarus;lazarus;NAM;NAM;ja;Hebräisch, Lateinisch;5;54;20;21 bis 100;nein
lemma_4980;rotieren;rotieren;VRB;VRB;nein;Französisch;8;54;21;21 bis 100;nein
lemma_328;Augustus;augustus;NAM;NAM;ja;Lateinisch;6;53;21;21 bis 100;nein
lemma_4376;nigromancia;nigromancia;NOM;NOM;nein;Lateinisch;10;53;33;21 bis 100;nein
lemma_44624;Wrsowetz;wrsowetz;NAM;NAM;ja;Slawisch;3;53;2;21 bis 100;nein
lemma_59492;Bileam;bileam;NAM;NAM;ja;Hebräisch;4;52;11;21 bis 100;nein
lemma_31086;Deidameia;deidameia;NAM;NAM;ja;Griechisch;3;52;4;21 bis 100;nein
lemma_63509;Achenis;achenis;NAM;NAM;ja;Griechisch;2;51;1;21 bis 100;nein
lemma_15687;Antiochus;antiochus;NAM;NAM;ja;Lateinisch;4;51;11;21 bis 100;nein
lemma_977;Cassandra;cassandra;NAM;NAM;ja;Griechisch;4;51;7;21 bis 100;nein
lemma_28024;eppetisse;eppetisse;NOM;NOM;nein;Lateinisch;4;51;14;21 bis 100;nein
lemma_20057;ipse;ipse;PRO;PRO;nein;Lateinisch;3;51;8;21 bis 100;nein
lemma_4747;psalme;psalme;NOM;NOM;nein;Griechisch, Hebräisch;5;51;15;21 bis 100;nein
lemma_26407;Bessus;bessus;NAM;NAM;ja;Griechisch;3;50;3;21 bis 100;nein
lemma_1833;fundamentum;fundamentum;NOM;NOM;nein;Lateinisch;4;50;27;21 bis 100;nein
lemma_5133;Saturnus;saturnus;NAM;NAM;ja;Lateinisch;6;50;24;21 bis 100;nein
lemma_42946;Satz;satz;NAM;NAM;ja;Tschechisch;3;50;3;21 bis 100;nein
lemma_13988;nomen;nomen;NOM;NOM;nein;Lateinisch;2;49;28;21 bis 100;nein
lemma_4704;Pompeius;pompeius;NAM;NAM;ja;Lateinisch;3;49;15;21 bis 100;nein
lemma_24473;quia;quia;CNJ;CNJ;nein;Lateinisch;2;49;10;21 bis 100;nein
lemma_27225;sed;sed;CNJ;CNJ;nein;Lateinisch;3;49;8;21 bis 100;nein
lemma_325;astronomia;astronomia;NOM;NOM;nein;Lateinisch;4;48;27;21 bis 100;nein
lemma_424;beau;beau;ADJ;ADJ NOM;nein;Französisch, Rätoromanisch;5;48;12;21 bis 100;nein
lemma_29589;Hesiona;hesiona;NAM;NAM;ja;Griechisch;3;48;3;21 bis 100;nein
lemma_2999;Hibernia;hibernia;NAM;NAM;ja;Lateinisch;2;48;19;21 bis 100;nein
lemma_4276;murmeln;murmeln;VRB;VRB;nein;Lateinisch;8;48;19;21 bis 100;nein
lemma_20985;Nero;nero;NAM;NAM;ja;Lateinisch;2;48;15;21 bis 100;nein
lemma_5287;Schoisiane;schoisiane;NAM;NAM;ja;Französisch;3;48;3;21 bis 100;nein
lemma_15267;vigilia;vigilia;NOM;NOM;nein;Lateinisch;4;48;11;21 bis 100;nein
lemma_40361;exemplum;exemplum;NOM;NOM;nein;Lateinisch;9;47;19;21 bis 100;nein
lemma_35124;fides;fides;NOM;NOM;nein;Lateinisch;4;47;5;21 bis 100;nein
lemma_15513;Galenus;galenus;NAM;NAM;ja;Lateinisch;4;47;13;21 bis 100;nein
lemma_16216;Gedeon;gedeon;NAM;NAM;ja;Hebräisch;4;47;26;21 bis 100;nein
lemma_23237;Nicânor;nicanor;NAM;NAM;ja;Griechisch;3;47;5;21 bis 100;nein
lemma_10962;Amis;amis;NAM;NAM;ja;Französisch, Lateinisch;5;46;3;21 bis 100;nein
lemma_33125;ceterus;ceterus;ADJ;ADJ ADV;nein;Lateinisch;4;46;15;21 bis 100;nein
lemma_25457;gradus;gradus;NOM;NOM;nein;Lateinisch;6;46;8;21 bis 100;nein
lemma_13106;Ladizlâs;ladizlas;NAM;NAM;ja;Ungarisch;3;46;2;21 bis 100;nein
lemma_4867;Repanse de Schoie;repanse de schoie;NAM;NAM;ja;Französisch;3;46;3;21 bis 100;nein
lemma_10285;Sirene;sirene;NAM;NAM;ja;Griechisch;6;46;17;21 bis 100;nein
lemma_7771;zêder;zeder;ADJ;ADJ NOM;nein;Griechisch, Lateinisch;5;46;21;21 bis 100;nein
lemma_394;barre;barre;NOM;NOM;nein;Französisch;8;45;9;21 bis 100;nein
lemma_15516;Gallia;gallia;NAM;NAM;ja;Lateinisch;3;45;10;21 bis 100;nein
lemma_1775;Phoenix;phoenix;NAM;NAM;ja;Griechisch;6;45;23;21 bis 100;nein
lemma_22004;versus;versus;NOM;NOM;nein;Lateinisch;3;45;20;21 bis 100;nein
lemma_1;a;a;PRP;PRP;nein;Französisch, Lateinisch;4;44;17;21 bis 100;nein
lemma_18546;israhelisch;israhelisch;ADJ;ADJ;nein;Hebräisch;3;44;20;21 bis 100;nein
lemma_27860;nônezît;nonezit;NOM;NOM;nein;Lateinisch;5;44;7;21 bis 100;nein
lemma_24278;videre;videre;VRB;VRB;nein;Lateinisch;3;44;10;21 bis 100;nein
lemma_124;Alexius;alexius;NAM;NAM;ja;Lateinisch;4;43;5;21 bis 100;nein
lemma_3469;crisolitus;crisolitus;NOM;NOM;nein;Lateinisch;4;43;26;21 bis 100;nein
lemma_1187;Dodines;dodines;NAM;NAM;ja;Französisch;3;43;9;21 bis 100;nein
lemma_10997;musica;musica;NOM;NOM;nein;Lateinisch;5;43;23;21 bis 100;nein
lemma_5395;senatus;senatus;NOM;NOM;nein;Lateinisch;3;43;14;21 bis 100;nein
lemma_6139;topasius;topasius;NOM;NOM;nein;Lateinisch;4;43;30;21 bis 100;nein
lemma_118;Adrianus;adrianus;NAM;NAM;ja;Lateinisch;4;42;11;21 bis 100;nein
lemma_9297;arabisch;arabisch;ADJ;ADJ;nein;Arabisch;2;42;19;21 bis 100;nein
lemma_36685;Baptista;baptista;NAM;NAM;ja;Lateinisch;6;42;15;21 bis 100;nein
lemma_5286;joie;joie;NOM;NOM;nein;Französisch;3;42;13;21 bis 100;nein
lemma_3641;Lavînia;lavinia;NAM;NAM;ja;Lateinisch;3;42;5;21 bis 100;nein
lemma_42329;Libussa;libussa;NAM;NAM;ja;Tschechisch;3;42;2;21 bis 100;nein
lemma_26447;Mâzêus;mazeus;NAM;NAM;ja;Persisch;3;42;2;21 bis 100;nein
lemma_18204;terra;terra;NOM;NOM;nein;Französisch, Lateinisch;4;42;15;21 bis 100;nein
lemma_14025;caelum;caelum;NOM;NOM;nein;Lateinisch;2;41;13;21 bis 100;nein
lemma_3107;jaspis;jaspis;NOM;NOM;nein;Lateinisch;5;41;27;21 bis 100;nein
lemma_4570;parrieren;parrieren;VRB;VRB;nein;Französisch, Lateinisch;6;41;19;21 bis 100;nein
lemma_15507;prophetia;prophetia;NOM;NOM;nein;Griechisch, Lateinisch;7;41;21;21 bis 100;nein
lemma_20177;Remus;remus;NAM;NAM;ja;Griechisch, Lateinisch;4;41;6;21 bis 100;nein
lemma_12163;Thetis;thetis;NAM;NAM;ja;Griechisch;2;41;9;21 bis 100;nein
lemma_6088;Tinas;tinas;NAM;NAM;ja;Französisch;3;41;7;21 bis 100;nein
lemma_7632;windisch;windisch;ADJ;ADJ ADV;nein;Slawisch;2;41;17;21 bis 100;nein
lemma_196;amor;amor;ADJ;ADJ ADV NOM;nein;Französisch, Lateinisch;4;40;13;21 bis 100;nein
lemma_20103;Anselmus;anselmus;NAM;NAM;ja;Lateinisch;4;40;10;21 bis 100;nein
lemma_21319;Crispinus;crispinus;NAM;NAM;ja;Lateinisch;4;40;3;21 bis 100;nein
lemma_3118;Jeremias;jeremias;NAM;NAM;ja;Hebräisch;5;40;22;21 bis 100;nein
lemma_26521;Menesteus;menesteus;NAM;NAM;ja;Griechisch;3;40;2;21 bis 100;nein
lemma_42965;Meska;meska;NAM;NAM;ja;Slawisch;3;40;2;21 bis 100;nein
lemma_25359;mundus;mundus;NOM;NOM;nein;Lateinisch;4;40;11;21 bis 100;nein
lemma_15745;occidens;occidens;NOM;NOM;nein;Lateinisch;4;40;16;21 bis 100;nein
lemma_4446;ônix;onix;NOM;NOM;nein;Lateinisch;4;40;19;21 bis 100;nein
lemma_13110;Paris;paris;NAM;NAM;ja;Französisch;2;40;22;21 bis 100;nein
lemma_18883;saeculum;saeculum;NOM;NOM;nein;Lateinisch;3;40;12;21 bis 100;nein
lemma_23419;Theben;theben;NAM;NAM;ja;Griechisch;3;40;9;21 bis 100;nein
lemma_26349;Crâterôn;crateron;NAM;NAM;ja;Griechisch;3;39;4;21 bis 100;nein
lemma_1725;escalier;escalier;NOM;NOM;nein;Französisch;2;39;7;21 bis 100;nein
lemma_25548;ille;ille;PRO;PRO;nein;Lateinisch;3;39;11;21 bis 100;nein
lemma_3461;krîirer;kriirer;NOM;NOM;nein;Französisch;7;39;16;21 bis 100;nein
lemma_20991;latwârje;latwarje;NOM;NOM;nein;Lateinisch;5;39;22;21 bis 100;nein
lemma_23434;Orestes;orestes;NAM;NAM;ja;Griechisch;3;39;6;21 bis 100;nein
lemma_4538;pax;pax;NOM;NOM;nein;Lateinisch;6;39;16;21 bis 100;nein
lemma_21381;Saras;saras;NAM;NAM;ja;Griechisch;3;39;3;21 bis 100;nein
lemma_409;batalje;batalje;NOM;NOM;nein;Französisch;4;38;10;21 bis 100;nein
lemma_25076;gratia;gratia;NOM;NOM;nein;Lateinisch;6;38;20;21 bis 100;nein
lemma_4598;pergamentum;pergamentum;NOM;NOM;nein;Lateinisch;4;38;27;21 bis 100;nein
lemma_4737;prisûn;prisun;NOM;NOM;nein;Französisch;6;38;15;21 bis 100;nein
lemma_18001;Rupertus;rupertus;NAM;NAM;ja;Lateinisch;3;38;7;21 bis 100;nein
lemma_42280;Spitigneus;spitigneus;NAM;NAM;ja;Slawisch;3;38;3;21 bis 100;nein
lemma_28388;Titus;titus;NAM;NAM;ja;Griechisch, Lateinisch;4;38;9;21 bis 100;nein
lemma_15748;Dacianus;dacianus;NAM;NAM;ja;Lateinisch;3;37;5;21 bis 100;nein
lemma_38969;enim;enim;ADV;ADV;nein;Lateinisch;4;37;4;21 bis 100;nein
lemma_24332;Penthesilea;penthesilea;NAM;NAM;ja;Griechisch;3;37;3;21 bis 100;nein
lemma_5114;sardonius;sardonius;NOM;NOM;nein;Lateinisch;4;37;17;21 bis 100;nein
lemma_21445;Thracia;thracia;NAM;NAM;ja;Griechisch;3;37;9;21 bis 100;nein
lemma_6895;vermaledîen;vermaledien;VRB;VRB;nein;Lateinisch;5;37;8;21 bis 100;nein
lemma_29422;Atroclas;atroclas;NAM;NAM;ja;Griechisch;3;36;1;21 bis 100;nein
lemma_507;bellîz;belliz;ADJ;ADJ NOM;nein;Lateinisch;5;36;25;21 bis 100;nein
lemma_27256;bonus;bonus;ADJ;ADJ;nein;Lateinisch;13;36;9;21 bis 100;nein
lemma_11462;Candacis;candacis;NAM;NAM;ja;Griechisch;3;36;4;21 bis 100;nein
lemma_26211;Clitus;clitus;NAM;NAM;ja;Griechisch;3;36;2;21 bis 100;nein
lemma_53169;en;en;PRP;PRP;nein;Französisch;4;36;3;21 bis 100;nein
lemma_2386;Gibert;gibert;NAM;NAM;ja;Französisch;3;36;5;21 bis 100;nein
lemma_4026;Methusalem;methusalem;NAM;NAM;ja;Hebräisch;4;36;6;21 bis 100;nein
lemma_16004;Richaude;richaude;NAM;NAM;ja;Französisch;3;36;1;21 bis 100;nein
lemma_24920;sicut;sicut;ADV;ADV CNJ;nein;Lateinisch;2;36;8;21 bis 100;nein
lemma_15972;super;super;PRP;PRP;nein;Lateinisch;3;36;8;21 bis 100;nein
lemma_23971;Tiber;tiber;NAM;NAM;ja;Lateinisch;2;36;9;21 bis 100;nein
lemma_23132;Aegidius;aegidius;NAM;NAM;ja;Griechisch, Lateinisch;5;35;12;21 bis 100;nein
lemma_15514;Avicenna;avicenna;NAM;NAM;ja;Lateinisch;4;35;12;21 bis 100;nein
lemma_10682;concilium;concilium;NOM;NOM;nein;Lateinisch;3;35;5;21 bis 100;nein
lemma_24970;Dimus;dimus;NAM;NAM;ja;Griechisch;3;35;2;21 bis 100;nein
lemma_1253;duc;duc;NOM;NOM;nein;Französisch, Lateinisch;4;35;8;21 bis 100;nein
lemma_3648;le;le;ART;ART;nein;Französisch;3;35;6;21 bis 100;nein
lemma_21991;Licomedes;licomedes;NAM;NAM;ja;Griechisch;3;35;4;21 bis 100;nein
lemma_21750;Pollux;pollux;NAM;NAM;ja;Lateinisch;4;35;4;21 bis 100;nein
lemma_18920;pro;pro;PRP;PRP;nein;Lateinisch;4;35;10;21 bis 100;nein
lemma_29065;sûpân;supan;NOM;NOM;nein;Slawisch;3;35;3;21 bis 100;nein
lemma_42399;Wlasta;wlasta;NAM;NAM;ja;Slawisch;3;35;2;21 bis 100;nein
lemma_21;âvoy;avoy;INJ;INJ;nein;Französisch;3;34;10;21 bis 100;nein
lemma_25653;ecce;ecce;INJ;INJ;nein;Lateinisch;2;34;6;21 bis 100;nein
lemma_45348;Gintiestre;gintiestre;NAM;NAM;ja;Französisch;3;34;1;21 bis 100;nein
lemma_11215;Helenus;helenus;NAM;NAM;ja;Griechisch;3;34;4;21 bis 100;nein
lemma_26898;kumin;kumin;NOM;NOM;nein;Lateinisch;3;34;10;21 bis 100;nein
lemma_20086;Leontius;leontius;NAM;NAM;ja;Lateinisch;3;34;4;21 bis 100;nein
lemma_26612;Merion;merion;NAM;NAM;ja;Griechisch;3;34;2;21 bis 100;nein
lemma_33398;Presburc;presburc;NAM;NAM;ja;Slawisch, Ungarisch;4;34;10;21 bis 100;nein
lemma_32084;stola;stola;NOM;NOM;nein;Lateinisch;5;34;26;21 bis 100;nein
lemma_21780;titulus;titulus;NOM;NOM;nein;Lateinisch;7;34;14;21 bis 100;nein
lemma_17642;Albanus;albanus;NAM;NAM;ja;Lateinisch;4;33;3;21 bis 100;nein
lemma_19957;beatus;beatus;ADJ;ADJ GRA;nein;Lateinisch;2;33;11;21 bis 100;nein
lemma_35339;Eli;eli;NAM;NAM;ja;Hebräisch;4;33;16;21 bis 100;nein
lemma_7737;Hipokrates;hipokrates;NAM;NAM;ja;Griechisch;4;33;11;21 bis 100;nein
lemma_18767;Josua;josua;NAM;NAM;ja;Hebräisch;5;33;18;21 bis 100;nein
lemma_15902;Nachor;nachor;NAM;NAM;ja;Hebräisch;4;33;1;21 bis 100;nein
lemma_4428;nota;nota;NOM;NOM;nein;Lateinisch;3;33;15;21 bis 100;nein
lemma_65591;Segramans;segramans;NAM;NAM;ja;Griechisch;3;33;1;21 bis 100;nein
lemma_19037;spazieren;spazieren;VRB;VRB;nein;Italienisch;3;33;15;21 bis 100;nein
lemma_28386;Theseus;theseus;NAM;NAM;ja;Griechisch;4;33;6;21 bis 100;nein
lemma_1193;Toledo;toledo;NAM;NAM;ja;Spanisch;2;33;13;21 bis 100;nein
lemma_15693;Vespasianus;vespasianus;NAM;NAM;ja;Lateinisch;3;33;8;21 bis 100;nein
lemma_27185;Albert;albert;NAM;NAM;ja;Lateinisch;3;32;7;21 bis 100;nein
lemma_28888;Columbanus;columbanus;NAM;NAM;ja;Lateinisch;4;32;3;21 bis 100;nein
lemma_35639;habere;habere;NOM;NOM VRB;nein;Lateinisch;3;32;4;21 bis 100;nein
lemma_26414;Hammon;hammon;NAM;NAM;ja;Griechisch;2;32;4;21 bis 100;nein
lemma_18862;lux;lux;NOM;NOM;nein;Lateinisch;3;32;11;21 bis 100;nein
lemma_4030;Maximianus;maximianus;NAM;NAM;ja;Lateinisch;3;32;9;21 bis 100;nein
lemma_4643;philosophia;philosophia;NOM;NOM;nein;Griechisch, Lateinisch;3;32;18;21 bis 100;nein
lemma_25390;Romulus;romulus;NAM;NAM;ja;Lateinisch;3;32;7;21 bis 100;nein
lemma_27877;Tullius;tullius;NAM;NAM;ja;Lateinisch;4;32;9;21 bis 100;nein
lemma_23114;Dominicus;dominicus;NAM;NAM;ja;Lateinisch;5;31;8;21 bis 100;nein
lemma_14666;Dulceflûr;dulceflur;NAM;NAM;ja;Französisch;3;31;2;21 bis 100;nein
lemma_27493;Esau;esau;NAM;NAM;ja;Hebräisch;4;31;9;21 bis 100;nein
lemma_15703;Fortuna;fortuna;NAM;NAM;ja;Lateinisch;9;31;8;21 bis 100;nein
lemma_25428;iste;iste;DET;DET;nein;Lateinisch;2;31;9;21 bis 100;nein
lemma_5502;sire;sire;NOM;NOM;nein;Französisch;4;31;12;21 bis 100;nein
lemma_24460;unus;unus;NUM;NUM;nein;Französisch, Italienisch, Lateinisch;5;31;9;21 bis 100;nein
lemma_191;Amintas;amintas;NAM;NAM;ja;Griechisch;3;30;4;21 bis 100;nein
lemma_22446;articulus;articulus;NOM;NOM;nein;Lateinisch;4;30;12;21 bis 100;nein
lemma_14978;ave;ave;INJ;INJ;nein;Lateinisch;2;30;15;21 bis 100;nein
lemma_17823;Basiliscus;basiliscus;NAM;NAM;ja;Lateinisch;5;30;15;21 bis 100;nein
lemma_26068;Caesar;caesar;NAM;NAM;ja;Lateinisch;3;30;9;21 bis 100;nein
lemma_22584;Hieronimus;hieronimus;NAM;NAM;ja;Lateinisch;4;30;11;21 bis 100;nein
lemma_9638;Jonatas;jonatas;NAM;NAM;ja;Hebräisch;4;30;11;21 bis 100;nein
lemma_9232;Paranis;paranis;NAM;NAM;ja;Französisch;3;30;5;21 bis 100;nein
lemma_26709;pastête;pastete;NOM;NOM;nein;Lateinisch;5;30;13;21 bis 100;nein
lemma_20425;Philomenis;philomenis;NAM;NAM;ja;Griechisch;3;30;3;21 bis 100;nein
lemma_10994;sapientia;sapientia;NOM;NOM;nein;Lateinisch;5;30;10;21 bis 100;nein
lemma_27817;Valerianus;valerianus;NAM;NAM;ja;Lateinisch;4;30;4;21 bis 100;nein
lemma_38655;vester;vester;POS;POS PRO;nein;Lateinisch;3;30;5;21 bis 100;nein
lemma_20290;zwibolle;zwibolle;NOM;NOM;nein;Lateinisch;4;30;16;21 bis 100;nein
lemma_23785;Ascanius;ascanius;NAM;NAM;ja;Lateinisch;3;29;1;21 bis 100;nein
lemma_535;berillus;berillus;NOM;NOM;nein;Lateinisch;4;29;18;21 bis 100;nein
lemma_25510;Calcas;calcas;NAM;NAM;ja;Griechisch;3;29;3;21 bis 100;nein
lemma_64237;Daedalus;daedalus;NAM;NAM;ja;Griechisch;4;29;2;21 bis 100;nein
lemma_15739;Dionysius;dionysius;NAM;NAM;ja;Griechisch, Lateinisch;5;29;17;21 bis 100;nein
lemma_42443;Dybin;dybin;NAM;NAM;ja;Slawisch, Tschechisch;3;29;3;21 bis 100;nein
lemma_20990;Latînûs;latinus;NAM;NAM;ja;Lateinisch;3;29;3;21 bis 100;nein
lemma_23117;laudare;laudare;NOM;NOM VRB;nein;Lateinisch;5;29;15;21 bis 100;nein
lemma_30250;Palimedes;palimedes;NAM;NAM;ja;Griechisch;3;29;2;21 bis 100;nein
lemma_15505;philosophus;philosophus;NOM;NOM;nein;Griechisch, Lateinisch;3;29;10;21 bis 100;nein
lemma_4682;Plato;plato;NAM;NAM;ja;Griechisch;6;29;17;21 bis 100;nein
lemma_21623;Plinius;plinius;NAM;NAM;ja;Lateinisch;4;29;5;21 bis 100;nein
lemma_23771;Socrates;socrates;NAM;NAM;ja;Griechisch;5;29;10;21 bis 100;nein
lemma_6038;taberna;taberna;NOM;NOM;nein;Lateinisch;6;29;15;21 bis 100;nein
lemma_20055;virgo;virgo;ADJ;ADJ NOM;nein;Lateinisch;5;29;10;21 bis 100;nein
lemma_26560;Ahasveros;ahasveros;NAM;NAM;ja;Persisch;4;28;14;21 bis 100;nein
lemma_186;ametistes;ametistes;NOM;NOM;nein;Lateinisch;4;28;21;21 bis 100;nein
lemma_26872;anîz;aniz;NOM;NOM;nein;Griechisch;4;28;9;21 bis 100;nein
lemma_801;bon;bon;ADJ;ADJ ADV;nein;Französisch;6;28;15;21 bis 100;nein
lemma_28318;Decius;decius;NAM;NAM;ja;Lateinisch;3;28;5;21 bis 100;nein
lemma_54748;Gwiscardus;gwiscardus;NAM;NAM;ja;Französisch;3;28;1;21 bis 100;nein
lemma_9368;mors;mors;NOM;NOM;nein;Lateinisch;2;28;14;21 bis 100;nein
lemma_35330;regierunge;regierunge;NOM;NOM;nein;Lateinisch;3;28;4;21 bis 100;nein
lemma_34461;subtilis;subtilis;ADJ;ADJ ADV GRA NOM;nein;Lateinisch;6;28;13;21 bis 100;nein
lemma_20485;Xerxes;xerxes;NAM;NAM;ja;Persisch;3;28;9;21 bis 100;nein
lemma_24479;audire;audire;VRB;VRB;nein;Lateinisch;3;27;8;21 bis 100;nein
lemma_35005;celebrare;celebrare;VRB;VRB;nein;Lateinisch;4;27;2;21 bis 100;nein
lemma_16102;Gramatica;gramatica;NOM;NOM;nein;Griechisch, Lateinisch;5;27;15;21 bis 100;nein
lemma_3468;krisem;krisem;NOM;NOM VRB;nein;Griechisch, Lateinisch;6;27;21;21 bis 100;nein
lemma_3748;Liaze;liaze;NAM;NAM;ja;Französisch;3;27;2;21 bis 100;nein
lemma_15783;mons;mons;NOM;NOM;nein;Lateinisch;2;27;13;21 bis 100;nein
lemma_4499;ordinare;ordinare;VRB;VRB;nein;Lateinisch;13;27;17;21 bis 100;nein
lemma_20060;Pippinus;pippinus;NAM;NAM;ja;Lateinisch;4;27;9;21 bis 100;nein
lemma_4728;prîme;prime;NOM;NOM;nein;Lateinisch;5;27;20;21 bis 100;nein
lemma_44985;Strangwilio;strangwilio;NAM;NAM;ja;Griechisch;3;27;1;21 bis 100;nein
lemma_26103;Valerius;valerius;NAM;NAM;ja;Lateinisch;4;27;5;21 bis 100;nein
lemma_7042;vesperîe;vesperie;NOM;NOM;nein;Lateinisch;2;27;9;21 bis 100;nein
lemma_398;Bartholomeus;bartholomeus;NAM;NAM;ja;Griechisch, Lateinisch;5;26;18;21 bis 100;nein
lemma_23190;Benedictus;benedictus;NAM;NAM;ja;Lateinisch;6;26;13;21 bis 100;nein
lemma_27425;Eliseus;eliseus;NAM;NAM;ja;Hebräisch, Lateinisch;5;26;9;21 bis 100;nein
lemma_68074;gebenediet;gebenediet;ADJ;ADJ;nein;Lateinisch;4;26;14;21 bis 100;nein
lemma_10538;ha;ha;VRB;VRB;nein;Französisch;2;26;11;21 bis 100;nein
lemma_25486;Idus;idus;NAM;NAM;ja;Lateinisch;2;26;2;21 bis 100;nein
lemma_3401;kompân;kompan;NOM;NOM;nein;Französisch;4;26;14;21 bis 100;nein
lemma_10996;logica;logica;NOM;NOM;nein;Griechisch, Lateinisch;3;26;17;21 bis 100;nein
lemma_4028;Mauricius;mauricius;NAM;NAM;ja;Lateinisch;4;26;14;21 bis 100;nein
lemma_43915;Mutina;mutina;NAM;NAM;ja;Slawisch, Tschechisch;6;26;3;21 bis 100;nein
lemma_4769;Pythagoras;pythagoras;NAM;NAM;ja;Griechisch;6;26;18;21 bis 100;nein
lemma_18859;rex;rex;ADJ;ADJ NOM;nein;Lateinisch;7;26;17;21 bis 100;nein
lemma_5869;suckenîe;suckenie;NOM;NOM;nein;Französisch;3;26;16;21 bis 100;nein
lemma_19866;summus;summus;NOM;NOM;nein;Lateinisch;4;26;16;21 bis 100;nein
lemma_12712;Thessalia;thessalia;NAM;NAM;ja;Griechisch;3;26;6;21 bis 100;nein
lemma_26576;Benjamin;benjamin;NAM;NAM;ja;Hebräisch;4;25;8;21 bis 100;nein
lemma_10310;chevalier;chevalier;NOM;NOM;nein;Französisch;3;25;12;21 bis 100;nein
lemma_20051;Cornelius;cornelius;NAM;NAM;ja;Lateinisch;3;25;5;21 bis 100;nein
lemma_9624;credere;credere;VRB;VRB;nein;Lateinisch;9;25;12;21 bis 100;nein
lemma_18433;Diana;diana;NAM;NAM;ja;Lateinisch;4;25;10;21 bis 100;nein
lemma_2387;Giblin;giblin;NAM;NAM;ja;Französisch;3;25;2;21 bis 100;nein
lemma_1519;Heraclius;heraclius;NAM;NAM;ja;Griechisch;4;25;5;21 bis 100;nein
lemma_26402;Manasses;manasses;NAM;NAM;ja;Hebräisch;4;25;8;21 bis 100;nein
lemma_4781;quid;quid;IPA;IPA;nein;Lateinisch;2;25;11;21 bis 100;nein
lemma_28457;sermo;sermo;NOM;NOM;nein;Lateinisch;5;25;6;21 bis 100;nein
lemma_31206;Thoas;thoas;NAM;NAM;ja;Griechisch;3;25;3;21 bis 100;nein
lemma_6087;Timotheus;timotheus;NAM;NAM;ja;Lateinisch;5;25;8;21 bis 100;nein
lemma_30384;ûzlegen;uzlegen;PRP;PRP VRB;nein;Einzelsprachen;5;25;10;21 bis 100;nein
lemma_21789;Anchises;anchises;NAM;NAM;ja;Griechisch;3;24;5;21 bis 100;nein
lemma_299;arômât;aromat;NOM;NOM;nein;Lateinisch;6;24;17;21 bis 100;nein
lemma_20129;Blanschandiez;blanschandiez;NAM;NAM;ja;Französisch;3;24;2;21 bis 100;nein
lemma_42918;Brünn;bruenn;NAM;NAM;ja;Tschechisch;3;24;7;21 bis 100;nein
lemma_7869;cymbale;cymbale;NOM;NOM;nein;Französisch, Lateinisch;3;24;12;21 bis 100;nein
lemma_18882;finis;finis;NOM;NOM;nein;Lateinisch;4;24;16;21 bis 100;nein
lemma_16675;Ianuarius;ianuarius;NAM;NAM;ja;Lateinisch;3;24;7;21 bis 100;nein
lemma_3046;Innocentius;innocentius;NAM;NAM;ja;Lateinisch;4;24;9;21 bis 100;nein
lemma_29783;misericordia;misericordia;ADJ;ADJ NOM;nein;Lateinisch;4;24;10;21 bis 100;nein
lemma_25636;mittere;mittere;VRB;VRB;nein;Lateinisch;7;24;7;21 bis 100;nein
lemma_45474;obgeschriben;obgeschriben;ADJ;ADJ;nein;Lateinisch;2;24;8;21 bis 100;nein
lemma_24598;oculus;oculus;NOM;NOM;nein;Lateinisch;5;24;6;21 bis 100;nein
lemma_24149;oratio;oratio;NOM;NOM;nein;Lateinisch;3;24;6;21 bis 100;nein
lemma_11444;Ovidius;ovidius;NAM;NAM;ja;Lateinisch;4;24;10;21 bis 100;nein
lemma_28089;Pausonias;pausonias;NAM;NAM;ja;Griechisch;3;24;6;21 bis 100;nein
lemma_16252;phalenze;phalenze;NOM;NOM;nein;Lateinisch;9;24;15;21 bis 100;nein
lemma_27107;Rases;rases;NAM;NAM;ja;Arabisch;4;24;3;21 bis 100;nein
lemma_25406;Septembris;septembris;NAM;NAM;ja;Lateinisch;3;24;6;21 bis 100;nein
lemma_28404;Severus;severus;NAM;NAM;ja;Lateinisch;4;24;3;21 bis 100;nein
lemma_25431;Urbanus;urbanus;NAM;NAM;ja;Lateinisch;4;24;11;21 bis 100;nein
lemma_18861;verbum;verbum;NOM;NOM;nein;Lateinisch;7;24;8;21 bis 100;nein
lemma_14308;visieren;visieren;VRB;VRB;nein;Französisch, Lateinisch;9;24;11;21 bis 100;nein
lemma_20231;Amphimachos;amphimachos;NAM;NAM;ja;Griechisch;3;23;3;21 bis 100;nein
lemma_15686;Antigonus;antigonus;NAM;NAM;ja;Griechisch;3;23;5;21 bis 100;nein
lemma_18205;blâmensier;blamensier;NOM;NOM;nein;Französisch;4;23;7;21 bis 100;nein
lemma_23012;Cato;cato;NAM;NAM;ja;Lateinisch;3;23;12;21 bis 100;nein
lemma_21472;complêt;complet;NOM;NOM;nein;Lateinisch;4;23;14;21 bis 100;nein
lemma_28228;cor;cor;NOM;NOM;nein;Lateinisch;5;23;11;21 bis 100;nein
lemma_1172;disputare;disputare;VRB;VRB;nein;Lateinisch;5;23;17;21 bis 100;nein
lemma_1378;Emanuel;emanuel;NAM;NAM;ja;Hebräisch;4;23;10;21 bis 100;nein
lemma_1415;englisch;englisch;ADJ;ADJ;nein;Einzelsprachen;3;23;18;21 bis 100;nein
lemma_1751;Eufemianus;eufemianus;NAM;NAM;ja;Lateinisch;3;23;4;21 bis 100;nein
lemma_14222;fînen;finen;VRB;VRB;nein;Französisch;3;23;11;21 bis 100;nein
lemma_17894;Ismaêl;ismael;NAM;NAM;ja;Hebräisch;5;23;10;21 bis 100;nein
lemma_28335;Jadus;jadus;NAM;NAM;ja;Hebräisch;4;23;3;21 bis 100;nein
lemma_11256;Jôram;joram;NAM;NAM;ja;Hebräisch;4;23;9;21 bis 100;nein
lemma_13465;Judêâ;judea;NAM;NAM;ja;Lateinisch;3;23;12;21 bis 100;nein
lemma_17714;Lisias;lisias;NAM;NAM;ja;Griechisch;3;23;7;21 bis 100;nein
lemma_13256;Longînus;longinus;NAM;NAM;ja;Lateinisch;5;23;16;21 bis 100;nein
lemma_65474;Meiera;meiera;NAM;NAM;ja;Griechisch;3;23;1;21 bis 100;nein
lemma_14015;misereri;misereri;VRB;VRB;nein;Lateinisch;3;23;12;21 bis 100;nein
lemma_24493;nec;nec;CNJ;CNJ NEG;nein;Lateinisch;2;23;5;21 bis 100;nein
lemma_10968;Pelliur;pelliur;NAM;NAM;ja;Griechisch;3;23;2;21 bis 100;nein
lemma_26100;Petrarca;petrarca;NAM;NAM;ja;Lateinisch;3;23;2;21 bis 100;nein
lemma_18633;Prothênor;prothenor;NAM;NAM;ja;Griechisch;3;23;2;21 bis 100;nein
lemma_25664;quoniam;quoniam;CNJ;CNJ;nein;Lateinisch;2;23;4;21 bis 100;nein
lemma_28215;Rachel;rachel;NAM;NAM;ja;Hebräisch;4;23;6;21 bis 100;nein
lemma_4814;Razalic;razalic;NAM;NAM;ja;Arabisch;3;23;2;21 bis 100;nein
lemma_10995;rethorica;rethorica;NOM;NOM;nein;Griechisch, Lateinisch;4;23;12;21 bis 100;nein
lemma_5070;Salemye;salemye;NAM;NAM;ja;Griechisch;3;23;4;21 bis 100;nein
lemma_17372;senâtôr;senator;NOM;NOM;nein;Lateinisch;6;23;9;21 bis 100;nein
lemma_6031;Tarquinius;tarquinius;NAM;NAM;ja;Lateinisch;3;23;5;21 bis 100;nein
lemma_36001;textus;textus;NOM;NOM;nein;Lateinisch;4;23;12;21 bis 100;nein
lemma_29543;Urias;urias;NAM;NAM;ja;Hebräisch;4;23;7;21 bis 100;nein
lemma_24236;vivere;vivere;INJ;INJ NOM VRB;nein;Lateinisch;4;23;6;21 bis 100;nein
lemma_20592;carnis;carnis;NOM;NOM;nein;Lateinisch;4;22;6;21 bis 100;nein
lemma_23662;ex;ex;PRP;PRP;nein;Lateinisch;2;22;8;21 bis 100;nein
lemma_1304;Ezsydemon;ezsydemon;NAM;NAM;ja;Griechisch;6;22;5;21 bis 100;nein
lemma_1877;Galicia;galicia;NAM;NAM;ja;Slawisch;4;22;14;21 bis 100;nein
lemma_17994;Kreta;kreta;NAM;NAM;ja;Griechisch;3;22;7;21 bis 100;nein
lemma_25231;Laudamie;laudamie;NAM;NAM;ja;Französisch, Lateinisch;4;22;2;21 bis 100;nein
lemma_34017;Loket;loket;NAM;NAM;ja;Slawisch, Tschechisch;5;22;1;21 bis 100;nein
lemma_16109;Machabeus;machabeus;NAM;NAM;ja;Lateinisch;6;22;13;21 bis 100;nein
lemma_22753;mater;mater;ADJ;ADJ NOM;nein;Lateinisch;3;22;7;21 bis 100;nein
lemma_28449;opus;opus;NOM;NOM;nein;Lateinisch;4;22;7;21 bis 100;nein
lemma_31473;poeta;poeta;NOM;NOM;nein;Lateinisch;3;22;12;21 bis 100;nein
lemma_17031;processio;processio;NOM;NOM VRB;nein;Lateinisch;7;22;10;21 bis 100;nein
lemma_26636;Prothesolaus;prothesolaus;NAM;NAM;ja;Griechisch;3;22;2;21 bis 100;nein
lemma_16787;Saba;saba;NAM;NAM;ja;Arabisch;2;22;8;21 bis 100;nein
lemma_23335;semper;semper;ADV;ADV;nein;Lateinisch;2;22;10;21 bis 100;nein
lemma_6065;Terre de Salvaesche;terre de salvaesche;NAM;NAM PRP;ja;Französisch;5;22;4;21 bis 100;nein
lemma_30596;velle;velle;VEX;VEX VRB;nein;Lateinisch;3;22;7;21 bis 100;nein
lemma_35133;verus;verus;ADJ;ADJ;nein;Lateinisch;2;22;8;21 bis 100;nein
lemma_7076;vilân;vilan;NOM;NOM;nein;Französisch;8;22;9;21 bis 100;nein
lemma_11067;alpha;alpha;NOM;NOM;nein;Griechisch;4;21;16;21 bis 100;nein
lemma_22583;Ambrosius;ambrosius;NAM;NAM;ja;Lateinisch;4;21;11;21 bis 100;nein
lemma_21800;Bibel;bibel;NAM;NAM;ja;Lateinisch;3;21;10;21 bis 100;nein
lemma_29025;consilium;consilium;NOM;NOM;nein;Lateinisch;8;21;6;21 bis 100;nein
lemma_15737;Diocletianus;diocletianus;NAM;NAM;ja;Lateinisch;3;21;5;21 bis 100;nein
lemma_1241;du;du;PRP;PRP;nein;Französisch;2;21;4;21 bis 100;nein
lemma_31243;epistole;epistole;NOM;NOM;nein;Griechisch, Lateinisch;3;21;9;21 bis 100;nein
lemma_1513;epitaphium;epitaphium;NOM;NOM;nein;Lateinisch;5;21;12;21 bis 100;nein
lemma_22455;gi;gi;PRO;PRO;nein;Französisch;2;21;5;21 bis 100;nein
lemma_2378;gîgant;gigant;NOM;NOM;nein;Griechisch;7;21;9;21 bis 100;nein
lemma_15604;Gran;gran;NAM;NAM;ja;Ungarisch;2;21;9;21 bis 100;nein
lemma_18922;Ilias;ilias;NAM;NAM;ja;Slawisch;3;21;1;21 bis 100;nein
lemma_3550;kupfe;kupfe;NOM;NOM;nein;Französisch;5;21;5;21 bis 100;nein
lemma_1029;kurtoisîe;kurtoisie;NOM;NOM;nein;Französisch;5;21;12;21 bis 100;nein
lemma_3786;Linier;linier;NAM;NAM;ja;Französisch;3;21;1;21 bis 100;nein
lemma_3866;Lûcânus;lucanus;NAM;NAM;ja;Lateinisch;3;21;7;21 bis 100;nein
lemma_25474;magnus;magnus;ADJ;ADJ GRA NOM;nein;Lateinisch;4;21;6;21 bis 100;nein
lemma_27229;multus;multus;ADJ;ADJ ADV;nein;Lateinisch;3;21;7;21 bis 100;nein
lemma_14755;natûren;naturen;VRB;VRB;nein;Lateinisch;6;21;19;21 bis 100;nein
lemma_42453;Neklan;neklan;NAM;NAM;ja;Tschechisch;2;21;3;21 bis 100;nein
lemma_11191;Parillus;parillus;NAM;NAM;ja;Französisch, Lateinisch;4;21;7;21 bis 100;nein
lemma_20772;Pinabel;pinabel;NAM;NAM;ja;Französisch;3;21;2;21 bis 100;nein
lemma_4735;primus;primus;ADJ;ADJ;nein;Lateinisch;3;21;12;21 bis 100;nein
lemma_23450;Roxana;roxana;NAM;NAM;ja;Griechisch;3;21;3;21 bis 100;nein
lemma_44571;Sderad;sderad;NAM;NAM;ja;Tschechisch;3;21;2;21 bis 100;nein
lemma_24345;Sem;sem;NAM;NAM;ja;Hebräisch;4;21;7;21 bis 100;nein
lemma_12004;volschrîben;volschriben;VRB;VRB;nein;Lateinisch;9;21;18;21 bis 100;nein
lemma_44617;Watzeck;watzeck;NAM;NAM;ja;Slawisch, Tschechisch;4;21;2;21 bis 100;nein
lemma_29335;zirkeln;zirkeln;VRB;VRB;nein;Lateinisch;9;21;12;21 bis 100;nein
lemma_65328;Amelita;amelita;NAM;NAM;ja;Griechisch;3;20;1;6 bis 20;nein
lemma_20641;apocalipsis;apocalipsis;NOM;NOM;nein;Griechisch;2;20;12;6 bis 20;nein
lemma_23783;Ascalaphus;ascalaphus;NAM;NAM;ja;Griechisch;3;20;3;6 bis 20;nein
lemma_27876;Boethius;boethius;NAM;NAM;ja;Lateinisch;4;20;12;6 bis 20;nein
lemma_44270;Bozzey;bozzey;NAM;NAM;ja;Slawisch;3;20;2;6 bis 20;nein
lemma_16074;centrum;centrum;NOM;NOM;nein;Lateinisch;5;20;8;6 bis 20;nein
lemma_7888;cisterna;cisterna;NOM;NOM;nein;Lateinisch;3;20;9;6 bis 20;nein
lemma_11003;commûne;commune;NOM;NOM;nein;Französisch;4;20;8;6 bis 20;nein
lemma_16245;complexus;complexus;ADJ;ADJ NOM;nein;Lateinisch;5;20;13;6 bis 20;nein
lemma_16093;ecclesia;ecclesia;NOM;NOM;nein;Lateinisch;6;20;6;6 bis 20;nein
lemma_45190;ermîte;ermite;NOM;NOM;nein;Griechisch, Lateinisch;5;20;6;6 bis 20;nein
lemma_1712;erzengel;erzengel;NOM;NOM;nein;Lateinisch;8;20;13;6 bis 20;nein
lemma_18203;excelsus;excelsus;ADV;ADV;nein;Lateinisch;3;20;13;6 bis 20;nein
lemma_26613;Japhet;japhet;NAM;NAM;ja;Hebräisch;4;20;10;6 bis 20;nein
lemma_3793;Lischois;lischois;NAM;NAM;ja;Französisch;3;20;2;6 bis 20;nein
lemma_28390;Lotarius;lotarius;NAM;NAM;ja;Lateinisch;3;20;3;6 bis 20;nein
lemma_27460;mihi;mihi;PRO;PRO;nein;Lateinisch;2;20;5;6 bis 20;nein
lemma_28628;Minos;minos;NAM;NAM;ja;Griechisch;4;20;2;6 bis 20;nein
lemma_15930;patronus;patronus;NOM;NOM;nein;Lateinisch;9;20;10;6 bis 20;nein
lemma_30322;quo;quo;CNJ;CNJ IPA;nein;Lateinisch;3;20;6;6 bis 20;nein
lemma_27086;recipere;recipere;VRB;VRB;nein;Lateinisch;3;20;8;6 bis 20;nein
lemma_25380;secundus;secundus;ADJ;ADJ NUM;nein;Lateinisch;3;20;8;6 bis 20;nein
lemma_5424;Sevilla;sevilla;NAM;NAM;ja;Spanisch;2;20;9;6 bis 20;nein
lemma_27111;studieren;studieren;VRB;VRB;nein;Lateinisch;2;20;11;6 bis 20;nein
lemma_6069;Tetragramaton;tetragramaton;NAM;NAM;ja;Hebräisch;4;20;9;6 bis 20;nein
lemma_28464;virtus;virtus;NOM;NOM;nein;Lateinisch;4;20;8;6 bis 20;nein
lemma_28523;Aegistos;aegistos;NAM;NAM;ja;Griechisch;3;19;3;6 bis 20;nein
lemma_19119;Andromache;andromache;NAM;NAM;ja;Griechisch;3;19;3;6 bis 20;nein
lemma_25394;Aprilis;aprilis;NAM;NAM;ja;Lateinisch;3;19;10;6 bis 20;nein
lemma_268;Araboys;araboys;NAM;NAM;ja;Arabisch;2;19;7;6 bis 20;nein
lemma_26377;Athanagoras;athanagoras;NAM;NAM;ja;Griechisch;3;19;2;6 bis 20;nein
lemma_14063;Beatrix;beatrix;NAM;NAM;ja;Lateinisch;3;19;6;6 bis 20;nein
lemma_860;Brîên;brien;NAM;NAM;ja;Französisch;3;19;6;6 bis 20;nein
lemma_1620;Ermolaus;ermolaus;NAM;NAM;ja;Griechisch;3;19;3;6 bis 20;nein
lemma_27306;Esther;esther;NAM;NAM;ja;Hebräisch;5;19;10;6 bis 20;nein
lemma_1769;failieren;failieren;NOM;NOM VRB;nein;Französisch;5;19;9;6 bis 20;nein
lemma_25400;Februarius;februarius;NAM;NAM;ja;Lateinisch;3;19;2;6 bis 20;nein
lemma_10728;fossiure;fossiure;NOM;NOM;nein;Französisch;2;19;3;6 bis 20;nein
lemma_28409;Gallus;gallus;NAM;NAM;ja;Lateinisch;4;19;12;6 bis 20;nein
lemma_1943;Gautiers;gautiers;NAM;NAM;ja;Französisch;3;19;3;6 bis 20;nein
lemma_2580;Gurzgri;gurzgri;NAM;NAM;ja;Französisch;3;19;4;6 bis 20;nein
lemma_20349;Idomeneus;idomeneus;NAM;NAM;ja;Griechisch;3;19;4;6 bis 20;nein
lemma_41229;inden;inden;ART;ART PRP;nein;Lateinisch;6;19;4;6 bis 20;nein
lemma_35652;Kasimir;kasimir;NAM;NAM;ja;Slawisch;3;19;3;6 bis 20;nein
lemma_24082;Kleopatra;kleopatra;NAM;NAM;ja;Griechisch;3;19;7;6 bis 20;nein
lemma_44301;Kochan;kochan;NAM;NAM;ja;Slawisch;3;19;2;6 bis 20;nein
lemma_4694;Poidjus;poidjus;NAM;NAM;ja;Lateinisch;3;19;1;6 bis 20;nein
lemma_15710;Tiberius;tiberius;NAM;NAM;ja;Lateinisch;3;19;6;6 bis 20;nein
lemma_27257;alius;alius;PRO;PRO;nein;Lateinisch;2;18;7;6 bis 20;nein
lemma_20483;Artaxerxes;artaxerxes;NAM;NAM;ja;Griechisch, Persisch;4;18;6;6 bis 20;nein
lemma_15682;Demetrius;demetrius;NAM;NAM;ja;Griechisch, Lateinisch;5;18;6;6 bis 20;nein
lemma_25385;dies;dies;NOM;NOM;nein;Lateinisch;2;18;6;6 bis 20;nein
lemma_23747;Dorothea;dorothea;NAM;NAM;ja;Lateinisch;4;18;4;6 bis 20;nein
lemma_1721;Esdras;esdras;NAM;NAM;ja;Griechisch, Hebräisch;5;18;7;6 bis 20;nein
lemma_20062;Eselmut;eselmut;NAM;NAM;ja;Hebräisch;3;18;2;6 bis 20;nein
lemma_28474;frater;frater;NOM;NOM;nein;Lateinisch;4;18;5;6 bis 20;nein
lemma_2652;Hardiz;hardiz;NAM;NAM;ja;Französisch;3;18;4;6 bis 20;nein
lemma_28054;malus;malus;ADJ;ADJ NOM;nein;Lateinisch;4;18;8;6 bis 20;nein
lemma_33093;manna;manna;NOM;NOM;nein;Lateinisch;4;18;7;6 bis 20;nein
lemma_22755;Matribuleiz;matribuleiz;NAM;NAM;ja;Arabisch;3;18;3;6 bis 20;nein
lemma_4277;mursel;mursel;NOM;NOM;nein;Französisch, Italienisch;4;18;12;6 bis 20;nein
lemma_12164;Neptûnus;neptunus;NAM;NAM;ja;Lateinisch;6;18;9;6 bis 20;nein
lemma_18295;October;october;NAM;NAM;ja;Lateinisch;3;18;4;6 bis 20;nein
lemma_21751;Perseus;perseus;NAM;NAM;ja;Griechisch;4;18;4;6 bis 20;nein
lemma_26482;Polimedes;polimedes;NAM;NAM;ja;Griechisch;3;18;4;6 bis 20;nein
lemma_45783;propter;propter;ADV;ADV;nein;Lateinisch;2;18;5;6 bis 20;nein
lemma_10992;quasi;quasi;ADV;ADV;nein;Lateinisch;2;18;6;6 bis 20;nein
lemma_25527;quidam;quidam;ADV;ADV;nein;Lateinisch;3;18;6;6 bis 20;nein
lemma_25665;regnum;regnum;NOM;NOM;nein;Lateinisch;7;18;5;6 bis 20;nein
lemma_10507;syllaba;syllaba;NOM;NOM;nein;Lateinisch;2;18;8;6 bis 20;nein
lemma_24490;tempus;tempus;NOM;NOM;nein;Lateinisch;2;18;6;6 bis 20;nein
lemma_30320;usque;usque;ADV;ADV;nein;Lateinisch;3;18;5;6 bis 20;nein
lemma_44972;ûzlegunge;uzlegunge;NOM;NOM;nein;Einzelsprachen;6;18;5;6 bis 20;nein
lemma_23295;Achacius;achacius;NAM;NAM;ja;Lateinisch;4;17;9;6 bis 20;nein
lemma_37471;advocatus;advocatus;NOM;NOM;nein;Lateinisch;4;17;7;6 bis 20;nein
lemma_161;altus;altus;ADJ;ADJ GRA NOM;nein;Lateinisch;4;17;5;6 bis 20;nein
lemma_16999;amazzûr;amazzur;NOM;NOM;nein;Arabisch;2;17;5;6 bis 20;nein
lemma_20548;Antonius;antonius;NAM;NAM;ja;Griechisch, Lateinisch;5;17;11;6 bis 20;nein
lemma_18631;Archelâus;archelaus;NAM;NAM;ja;Griechisch;3;17;3;6 bis 20;nein
lemma_26193;Arithmetica;arithmetica;NOM;NOM;nein;Lateinisch;3;17;9;6 bis 20;nein
lemma_73142;dolch;dolch;NOM;NOM;nein;Slawisch;2;17;1;6 bis 20;nein
lemma_19958;domus;domus;NOM;NOM;nein;Lateinisch;4;17;7;6 bis 20;nein
lemma_21543;Ezechîas;ezechias;NAM;NAM;ja;Hebräisch;4;17;8;6 bis 20;nein
lemma_1780;feiten;feiten;VRB;VRB;nein;Französisch;6;17;10;6 bis 20;nein
lemma_23055;jubilus;jubilus;NOM;NOM;nein;Lateinisch;3;17;9;6 bis 20;nein
lemma_32673;Lazlâ;lazla;NAM;NAM;ja;Ungarisch;3;17;1;6 bis 20;nein
lemma_44462;Ludmila;ludmila;NAM;NAM;ja;Slawisch, Tschechisch;5;17;2;6 bis 20;nein
lemma_15422;Luna;luna;NAM;NAM;ja;Lateinisch;5;17;12;6 bis 20;nein
lemma_22861;memoria;memoria;NOM;NOM;nein;Lateinisch;2;17;8;6 bis 20;nein
lemma_28162;Mennes;mennes;NAM;NAM;ja;Griechisch;3;17;2;6 bis 20;nein
lemma_4088;merci;merci;NOM;NOM;nein;Französisch;4;17;5;6 bis 20;nein
lemma_25663;pauper;pauper;ADJ;ADJ NOM;nein;Lateinisch;6;17;7;6 bis 20;nein
lemma_26284;Perdicas;perdicas;NAM;NAM;ja;Griechisch;3;17;4;6 bis 20;nein
lemma_21739;Phoebos;phoebos;NAM;NAM;ja;Griechisch;4;17;5;6 bis 20;nein
lemma_4703;pôlus antarcticus;polus antarcticus;NOM;NOM;nein;Lateinisch;2;17;9;6 bis 20;nein
lemma_22862;ratio;ratio;NOM;NOM;nein;Lateinisch;2;17;7;6 bis 20;nein
lemma_20491;Sarpîdonâ;sarpidona;NAM;NAM;ja;Griechisch;3;17;3;6 bis 20;nein
lemma_28555;Theucrus;theucrus;NAM;NAM;ja;Griechisch;3;17;2;6 bis 20;nein
lemma_63909;Trifon;trifon;NAM;NAM;ja;Griechisch;3;17;1;6 bis 20;nein
lemma_24504;vita;vita;NOM;NOM;nein;Lateinisch;3;17;6;6 bis 20;nein
lemma_28556;Acastus;acastus;NAM;NAM;ja;Griechisch;3;16;1;6 bis 20;nein
lemma_16230;aeternus;aeternus;ADJ;ADJ NOM;nein;Lateinisch;5;16;9;6 bis 20;nein
lemma_28568;Alanus;alanus;NAM;NAM;ja;Lateinisch;4;16;4;6 bis 20;nein
lemma_39139;Aumaguin;aumaguin;NAM;NAM;ja;Französisch;3;16;2;6 bis 20;nein
lemma_13904;Bathseba;bathseba;NAM;NAM;ja;Hebräisch;4;16;8;6 bis 20;nein
lemma_1014;comte;comte;NOM;NOM;nein;Französisch, Italienisch;4;16;7;6 bis 20;nein
lemma_27233;cuius;cuius;IPA;IPA;nein;Lateinisch;3;16;4;6 bis 20;nein
lemma_11139;Cyclops;cyclops;NAM;NAM;ja;Griechisch;6;16;6;6 bis 20;nein
lemma_25419;Decembrius;decembrius;NAM;NAM;ja;Lateinisch;2;16;5;6 bis 20;nein
lemma_14734;eclypsis;eclypsis;NOM;NOM;nein;Lateinisch;5;16;7;6 bis 20;nein
lemma_28526;Epistropus;epistropus;NAM;NAM;ja;Griechisch;3;16;2;6 bis 20;nein
lemma_17500;Euripilus;euripilus;NAM;NAM;ja;Griechisch;3;16;2;6 bis 20;nein
lemma_10790;fabula;fabula;NOM;NOM;nein;Lateinisch;5;16;7;6 bis 20;nein
lemma_11942;Gardevîaz;gardeviaz;NAM;NAM;ja;Französisch;2;16;5;6 bis 20;nein
lemma_17785;Habakuk;habakuk;NAM;NAM;ja;Hebräisch;4;16;12;6 bis 20;nein
lemma_59049;Helains;helains;NAM;NAM;ja;Französisch;3;16;3;6 bis 20;nein
lemma_23023;himelporte;himelporte;NOM;NOM;nein;Lateinisch;7;16;5;6 bis 20;nein
lemma_29295;Juvenal;juvenal;NAM;NAM;ja;Lateinisch;4;16;3;6 bis 20;nein
lemma_26240;Klêander;kleander;NAM;NAM;ja;Griechisch;3;16;1;6 bis 20;nein
lemma_21000;kumpost;kumpost;NOM;NOM;nein;Lateinisch;8;16;8;6 bis 20;nein
lemma_29529;Laban;laban;NAM;NAM;ja;Hebräisch;4;16;3;6 bis 20;nein
lemma_23191;legenda;legenda;NOM;NOM;nein;Lateinisch;4;16;8;6 bis 20;nein
lemma_15721;Lucius;lucius;NAM;NAM;ja;Lateinisch;4;16;3;6 bis 20;nein
lemma_64534;Meloanz;meloanz;NAM;NAM;ja;Griechisch;3;16;1;6 bis 20;nein
lemma_29226;Minerva;minerva;NAM;NAM;ja;Griechisch, Lateinisch;5;16;3;6 bis 20;nein
lemma_63871;Nectarius;nectarius;NAM;NAM;ja;Griechisch;3;16;1;6 bis 20;nein
lemma_30947;Oetes;oetes;NAM;NAM;ja;Griechisch;3;16;4;6 bis 20;nein
lemma_41428;passiôn;passion;NOM;NOM;nein;Lateinisch;4;16;11;6 bis 20;nein
lemma_52028;Plautus;plautus;NAM;NAM;ja;Lateinisch;4;16;1;6 bis 20;nein
lemma_25667;poenitentia;poenitentia;NOM;NOM;nein;Lateinisch;8;16;7;6 bis 20;nein
lemma_31488;posse;posse;VEM;VEM VRB;nein;Lateinisch;2;16;6;6 bis 20;nein
lemma_45292;raciônâl;racional;NOM;NOM;nein;Lateinisch;4;16;2;6 bis 20;nein
lemma_4850;Reinher;reinher;NAM;NAM;ja;Lateinisch;3;16;7;6 bis 20;nein
lemma_16920;sabbat;sabbat;NOM;NOM;nein;Hebräisch, Lateinisch;4;16;6;6 bis 20;nein
lemma_29634;Sannabâlâch;sannabalach;NAM;NAM;ja;Hebräisch;4;16;2;6 bis 20;nein
lemma_23454;Sixtus;sixtus;NAM;NAM;ja;Lateinisch;4;16;5;6 bis 20;nein
lemma_15421;sol;sol;NOM;NOM;nein;Lateinisch;4;16;7;6 bis 20;nein
lemma_15921;spære;spaere;NOM;NOM;nein;Griechisch, Lateinisch;8;16;8;6 bis 20;nein
lemma_67108;summa;summa;NOM;NOM;nein;Lateinisch;2;16;2;6 bis 20;nein
lemma_6059;Terentius;terentius;NAM;NAM;ja;Lateinisch;4;16;5;6 bis 20;nein
lemma_6159;Toulouse;toulouse;NAM;NAM;ja;Französisch;2;16;4;6 bis 20;nein
lemma_23607;Adrastus;adrastus;NAM;NAM;ja;Griechisch;3;15;6;6 bis 20;nein
lemma_64913;Antinus;antinus;NAM;NAM;ja;Griechisch;3;15;1;6 bis 20;nein
lemma_63550;Arlas;arlas;NAM;NAM;ja;Griechisch;2;15;1;6 bis 20;nein
lemma_30175;Cassander;cassander;NAM;NAM;ja;Griechisch;3;15;5;6 bis 20;nein
lemma_989;cher;cher;ADJ;ADJ;nein;Französisch;3;15;12;6 bis 20;nein
lemma_37938;diligere;diligere;VRB;VRB;nein;Lateinisch;6;15;3;6 bis 20;nein
lemma_23069;disciplina;disciplina;NOM;NOM;nein;Lateinisch;8;15;8;6 bis 20;nein
lemma_25930;Erhart;erhart;NAM;NAM;ja;Lateinisch;4;15;4;6 bis 20;nein
lemma_31426;Euphemia;euphemia;NAM;NAM;ja;Lateinisch;4;15;3;6 bis 20;nein
lemma_17499;Eurialus;eurialus;NAM;NAM;ja;Lateinisch;3;15;2;6 bis 20;nein
lemma_45608;facies;facies;NOM;NOM;nein;Lateinisch;5;15;5;6 bis 20;nein
lemma_1928;Gaschier;gaschier;NAM;NAM;ja;Französisch;3;15;2;6 bis 20;nein
lemma_44382;Howora;howora;NAM;NAM;ja;Tschechisch;3;15;2;6 bis 20;nein
lemma_30434;instrumentum;instrumentum;NOM;NOM;nein;Lateinisch;7;15;8;6 bis 20;nein
lemma_30218;Jobas;jobas;NAM;NAM;ja;Griechisch;3;15;2;6 bis 20;nein
lemma_23056;jubilare;jubilare;VRB;VRB;nein;Lateinisch;3;15;10;6 bis 20;nein
lemma_25579;justus;justus;ADJ;ADJ NOM;nein;Lateinisch;3;15;6;6 bis 20;nein
lemma_42937;Lamiter;lamiter;NAM;NAM;ja;Tschechisch;2;15;1;6 bis 20;nein
lemma_9589;lex;lex;NOM;NOM;nein;Lateinisch;2;15;11;6 bis 20;nein
lemma_25361;linea;linea;NOM;NOM;nein;Lateinisch;5;15;9;6 bis 20;nein
lemma_11756;Lîôn;lion;NAM;NAM;ja;Französisch;3;15;1;6 bis 20;nein
lemma_13774;Mantua;mantua;NAM;NAM;ja;Italienisch;3;15;7;6 bis 20;nein
lemma_15823;melancholia;melancholia;NOM;NOM;nein;Lateinisch;10;15;8;6 bis 20;nein
lemma_10280;melodia;melodia;NOM;NOM;nein;Lateinisch;3;15;9;6 bis 20;nein
lemma_22756;metallum;metallum;NOM;NOM;nein;Lateinisch;3;15;10;6 bis 20;nein
lemma_28514;Nisus;nisus;NAM;NAM;ja;Griechisch;2;15;4;6 bis 20;nein
lemma_24496;novus;novus;ADJ;ADJ ADV GRA;nein;Lateinisch;3;15;6;6 bis 20;nein
lemma_22393;octavus;octavus;NOM;NOM;nein;Lateinisch;6;15;6;6 bis 20;nein
lemma_63852;Orgaloyse;orgaloyse;NAM;NAM;ja;Griechisch;3;15;1;6 bis 20;nein
lemma_27181;paternoster;paternoster;NOM;NOM;nein;Lateinisch;3;15;11;6 bis 20;nein
lemma_34937;peccare;peccare;VRB;VRB;nein;Lateinisch;3;15;4;6 bis 20;nein
lemma_4590;pelicân;pelican;NOM;NOM;nein;Lateinisch;3;15;8;6 bis 20;nein
lemma_25587;plenus;plenus;ADJ;ADJ;nein;Lateinisch;6;15;10;6 bis 20;nein
lemma_23218;regere;regere;VRB;VRB;nein;Lateinisch;13;15;6;6 bis 20;nein
lemma_5913;surkôt;surkot;NOM;NOM;nein;Französisch;3;15;6;6 bis 20;nein
lemma_7555;wicke;wicke;NOM;NOM;nein;Lateinisch;6;15;13;6 bis 20;nein
lemma_21897;zêderboum;zederboum;NOM;NOM;nein;Griechisch, Lateinisch;3;15;14;6 bis 20;nein
lemma_7885;zipres;zipres;ADJ;ADJ NOM;nein;Griechisch, Lateinisch;4;15;11;6 bis 20;nein
lemma_28406;Alarich;alarich;NAM;NAM;ja;Lateinisch;3;14;3;6 bis 20;nein
lemma_15684;Antilocus;antilocus;NAM;NAM;ja;Griechisch;3;14;3;6 bis 20;nein
lemma_20484;Artabasos;artabasos;NAM;NAM;ja;Griechisch;3;14;1;6 bis 20;nein
lemma_27106;Averrois;averrois;NAM;NAM;ja;Französisch;4;14;2;6 bis 20;nein
lemma_10792;Blanschemains;blanschemains;NAM;NAM;ja;Französisch;5;14;2;6 bis 20;nein
lemma_3222;caracter;caracter;NOM;NOM;nein;Griechisch, Lateinisch;8;14;10;6 bis 20;nein
lemma_15878;ciborium;ciborium;NOM;NOM;nein;Lateinisch;3;14;6;6 bis 20;nein
lemma_27108;conscientia;conscientia;NOM;NOM;nein;Lateinisch;3;14;9;6 bis 20;nein
lemma_23289;Cristeleison;cristeleison;NAM;NAM VRB;ja;Griechisch;8;14;2;6 bis 20;nein
lemma_25522;dare;dare;VRB;VRB;nein;Lateinisch;3;14;6;6 bis 20;nein
lemma_40229;descendere;descendere;VRB;VRB;nein;Lateinisch;4;14;3;6 bis 20;nein
lemma_44338;Drahomira;drahomira;NAM;NAM;ja;Slawisch;3;14;2;6 bis 20;nein
lemma_35270;eligere;eligere;VRB;VRB;nein;Lateinisch;4;14;4;6 bis 20;nein
lemma_27245;etiam;etiam;ADV;ADV CNJ;nein;Lateinisch;3;14;6;6 bis 20;nein
lemma_24495;fieri;fieri;VRB;VRB;nein;Lateinisch;4;14;7;6 bis 20;nein
lemma_15561;firmen;firmen;VRB;VRB;nein;Lateinisch;9;14;8;6 bis 20;nein
lemma_35207;gaudium;gaudium;NOM;NOM VRB;nein;Lateinisch;2;14;6;6 bis 20;nein
lemma_25282;Glaucus;glaucus;NAM;NAM;ja;Griechisch;3;14;3;6 bis 20;nein
lemma_22275;Hermiona;hermiona;NAM;NAM;ja;Griechisch;3;14;2;6 bis 20;nein
lemma_20922;Honorius;honorius;NAM;NAM;ja;Lateinisch;4;14;5;6 bis 20;nein
lemma_30503;ita;ita;DET;DET;nein;Lateinisch;2;14;3;6 bis 20;nein
lemma_3752;Liddamus;liddamus;NAM;NAM;ja;Lateinisch;3;14;2;6 bis 20;nein
lemma_23240;Lucia;lucia;NAM;NAM;ja;Lateinisch;4;14;6;6 bis 20;nein
lemma_24289;mulier;mulier;NOM;NOM;nein;Lateinisch;3;14;6;6 bis 20;nein
lemma_26282;Nabarzanes;nabarzanes;NAM;NAM;ja;Persisch;3;14;1;6 bis 20;nein
lemma_17217;Octavianus;octavianus;NAM;NAM;ja;Lateinisch;3;14;9;6 bis 20;nein
lemma_4663;Phyllis;phyllis;NAM;NAM;ja;Griechisch;4;14;5;6 bis 20;nein
lemma_4674;Pinel;pinel;NAM;NAM;ja;Französisch;3;14;1;6 bis 20;nein
lemma_22624;Pirratas;pirratas;NAM;NAM;ja;Griechisch;3;14;1;6 bis 20;nein
lemma_63769;poinderlich;poinderlich;ADJ;ADJ ADV;nein;Französisch;5;14;4;6 bis 20;nein
lemma_27913;polanisch;polanisch;ADJ;ADJ;nein;Slawisch;4;14;4;6 bis 20;nein
lemma_18860;principium;principium;NOM;NOM;nein;Lateinisch;3;14;11;6 bis 20;nein
lemma_20281;probare;probare;VRB;VRB;nein;Lateinisch;11;14;10;6 bis 20;nein
lemma_4773;quater;quater;NUM;NUM;nein;Französisch;3;14;7;6 bis 20;nein
lemma_22170;scorpe;scorpe;NOM;NOM;nein;Griechisch, Lateinisch;8;14;9;6 bis 20;nein
lemma_25334;student;student;NOM;NOM;nein;Lateinisch;3;14;7;6 bis 20;nein
lemma_17678;tarant;tarant;NOM;NOM;nein;Lateinisch;10;14;10;6 bis 20;nein
lemma_27053;temperare;temperare;VRB;VRB;nein;Lateinisch;9;14;10;6 bis 20;nein
lemma_27828;voluntas;voluntas;NOM;NOM;nein;Lateinisch;5;14;5;6 bis 20;nein
lemma_13664;Zeno;zeno;NAM;NAM;ja;Griechisch;3;14;6;6 bis 20;nein
lemma_24285;Alinus;alinus;NAM;NAM;ja;Griechisch;3;13;2;6 bis 20;nein
lemma_20643;apotêke;apoteke;NOM;NOM;nein;Griechisch;3;13;10;6 bis 20;nein
lemma_16209;Aquilon;aquilon;NAM;NAM;ja;Lateinisch;6;13;9;6 bis 20;nein
lemma_40230;ascendere;ascendere;VRB;VRB;nein;Lateinisch;5;13;3;6 bis 20;nein
lemma_32135;Briseida;briseida;NAM;NAM;ja;Griechisch;3;13;2;6 bis 20;nein
lemma_31075;Cêdar;cedar;NAM;NAM;ja;Griechisch;3;13;5;6 bis 20;nein
lemma_47089;Croesus;croesus;NAM;NAM;ja;Griechisch, Lateinisch;4;13;5;6 bis 20;nein
lemma_45702;dedere;dedere;VRB;VRB;nein;Lateinisch;4;13;3;6 bis 20;nein
lemma_23121;Elsemuot;elsemuot;NAM;NAM;ja;Hebräisch;3;13;4;6 bis 20;nein
lemma_27635;ergo;ergo;ADV;ADV;nein;Lateinisch;2;13;2;6 bis 20;nein
lemma_10006;Foitenant;foitenant;NAM;NAM;ja;Französisch;3;13;2;6 bis 20;nein
lemma_28327;fructus;fructus;NOM;NOM;nein;Lateinisch;4;13;4;6 bis 20;nein
lemma_19021;gent;gent;NOM;NOM;nein;Französisch;3;13;10;6 bis 20;nein
lemma_2143;Geometria;geometria;NOM;NOM;nein;Lateinisch;3;13;8;6 bis 20;nein
lemma_20113;Gergîs;gergis;NAM;NAM;ja;Französisch;3;13;2;6 bis 20;nein
lemma_23676;Horatius;horatius;NAM;NAM;ja;Lateinisch;4;13;3;6 bis 20;nein
lemma_29711;ignis;ignis;NOM;NOM;nein;Lateinisch;2;13;3;6 bis 20;nein
lemma_25453;indictio;indictio;NOM;NOM;nein;Lateinisch;5;13;2;6 bis 20;nein
lemma_25662;is;is;PRO;PRO;nein;Lateinisch;4;13;4;6 bis 20;nein
lemma_20611;Justînus;justinus;NAM;NAM;ja;Lateinisch;3;13;5;6 bis 20;nein
lemma_3897;luoderære;luoderaere;NOM;NOM;nein;Lateinisch;7;13;7;6 bis 20;nein
lemma_28434;manus;manus;NOM;NOM;nein;Lateinisch;2;13;4;6 bis 20;nein
lemma_22038;Meleager;meleager;NAM;NAM;ja;Griechisch;3;13;2;6 bis 20;nein
lemma_26662;Metron;metron;NAM;NAM;ja;Griechisch;3;13;2;6 bis 20;nein
lemma_27427;Naboth;naboth;NAM;NAM;ja;Hebräisch;4;13;3;6 bis 20;nein
lemma_4379;Ninus;ninus;NAM;NAM;ja;Lateinisch;2;13;6;6 bis 20;nein
lemma_18476;omega;omega;NOM;NOM;nein;Griechisch;4;13;9;6 bis 20;nein
lemma_4569;parlieren;parlieren;NOM;NOM VRB;nein;Französisch;2;13;7;6 bis 20;nein
lemma_13214;Pleherîn;pleherin;NAM;NAM;ja;Französisch;3;13;1;6 bis 20;nein
lemma_30315;post;post;PRP;PRP;nein;Lateinisch;2;13;8;6 bis 20;nein
lemma_46045;procurator;procurator;NOM;NOM;nein;Lateinisch;11;13;4;6 bis 20;nein
lemma_23210;regina;regina;NOM;NOM;nein;Lateinisch;6;13;8;6 bis 20;nein
lemma_31422;Rufus;rufus;NAM;NAM;ja;Lateinisch;4;13;4;6 bis 20;nein
lemma_15207;Saladin;saladin;NAM;NAM;ja;Arabisch;3;13;11;6 bis 20;nein
lemma_16280;secte;secte;NOM;NOM;nein;Lateinisch;9;13;4;6 bis 20;nein
lemma_31738;Sînon;sinon;NAM;NAM;ja;Griechisch;3;13;3;6 bis 20;nein
lemma_28389;Traianus;traianus;NAM;NAM;ja;Lateinisch;3;13;2;6 bis 20;nein
lemma_28544;Tydeus;tydeus;NAM;NAM;ja;Griechisch;3;13;4;6 bis 20;nein
lemma_34730;via;via;ADV;ADV;nein;Lateinisch, Ungarisch;7;13;6;6 bis 20;nein
lemma_44627;Woytich;woytich;NAM;NAM;ja;Slawisch;3;13;2;6 bis 20;nein
lemma_26661;Zêbalîn;zebalin;NAM;NAM;ja;Griechisch;3;13;1;6 bis 20;nein
lemma_7879;zinemîn;zinemin;NOM;NOM;nein;Lateinisch;4;13;12;6 bis 20;nein
lemma_25275;Zyrdos;zyrdos;NAM;NAM;ja;Griechisch;3;13;1;6 bis 20;nein
lemma_64509;Abigal;abigal;NAM;NAM;ja;Griechisch;3;12;1;6 bis 20;nein
lemma_27230;accipere;accipere;VRB;VRB;nein;Lateinisch;7;12;4;6 bis 20;nein
lemma_24282;Alibons;alibons;NAM;NAM;ja;Französisch;3;12;2;6 bis 20;nein
lemma_18632;Archilogus;archilogus;NAM;NAM;ja;Griechisch;3;12;3;6 bis 20;nein
lemma_26186;Aristôn;ariston;NAM;NAM;ja;Griechisch;3;12;2;6 bis 20;nein
lemma_50063;auris;auris;NOM;NOM;nein;Lateinisch;4;12;3;6 bis 20;nein
lemma_64575;Avenol;avenol;NAM;NAM;ja;Griechisch;3;12;1;6 bis 20;nein
lemma_42337;Belin;belin;NAM;NAM;ja;Slawisch, Tschechisch;5;12;2;6 bis 20;nein
lemma_25330;dêus sal;deus sal;INJ;INJ;nein;Französisch;5;12;4;6 bis 20;nein
lemma_28340;Didimus;didimus;NAM;NAM;ja;Griechisch;3;12;3;6 bis 20;nein
lemma_24398;discordia;discordia;NOM;NOM;nein;Lateinisch;3;12;4;6 bis 20;nein
lemma_18879;Elimar;elimar;NAM;NAM;ja;Hebräisch;4;12;3;6 bis 20;nein
lemma_29056;Eumenides;eumenides;NAM;NAM;ja;Griechisch;3;12;2;6 bis 20;nein
lemma_23614;Eusebius;eusebius;NAM;NAM;ja;Lateinisch;4;12;4;6 bis 20;nein
lemma_1767;Fabors;fabors;NAM;NAM;ja;Arabisch;3;12;2;6 bis 20;nein
lemma_23453;Felix;felix;NAM;NAM;ja;Lateinisch;4;12;3;6 bis 20;nein
lemma_39535;Fiers;fiers;NAM;NAM;ja;Französisch;3;12;1;6 bis 20;nein
lemma_63714;Floranda;floranda;NAM;NAM;ja;Griechisch;3;12;1;6 bis 20;nein
lemma_31387;gentes;gentes;NOM;NOM;nein;Lateinisch;3;12;3;6 bis 20;nein
lemma_10967;Graiur;graiur;NAM;NAM;ja;Griechisch;3;12;4;6 bis 20;nein
lemma_27847;Ham;ham;NAM;NAM;ja;Hebräisch;4;12;4;6 bis 20;nein
lemma_28478;Hervius;hervius;NAM;NAM;ja;Französisch;3;12;1;6 bis 20;nein
lemma_39409;invenire;invenire;VRB;VRB;nein;Lateinisch;4;12;5;6 bis 20;nein
lemma_28921;iustitia;iustitia;NOM;NOM;nein;Lateinisch;5;12;3;6 bis 20;nein
lemma_3141;Joie de la Court;joie de la court;ART;ART NAM PRP;ja;Französisch;4;12;4;6 bis 20;nein
lemma_26543;Lacedemon;lacedemon;NAM;NAM;ja;Griechisch;2;12;4;6 bis 20;nein
lemma_52128;Lactancius;lactancius;NAM;NAM;ja;Lateinisch;6;12;1;6 bis 20;nein
lemma_44176;Lauda;lauda;NAM;NAM;ja;Italienisch;3;12;1;6 bis 20;nein
lemma_9198;Laudîne;laudine;NAM;NAM;ja;Französisch;3;12;3;6 bis 20;nein
lemma_21890;Lucretia;lucretia;NAM;NAM;ja;Lateinisch;3;12;4;6 bis 20;nein
lemma_25528;lumen;lumen;NOM;NOM;nein;Lateinisch;5;12;6;6 bis 20;nein
lemma_20359;Margariton;margariton;NAM;NAM;ja;Griechisch;3;12;3;6 bis 20;nein
lemma_47314;mene tekel ûparsin;mene tekel uparsin;ADV;ADV INJ VRB;nein;Hebräisch;7;12;4;6 bis 20;nein
lemma_22758;Methodios;methodios;NAM;NAM;ja;Lateinisch;4;12;3;6 bis 20;nein
lemma_28641;Mezentius;mezentius;NAM;NAM;ja;Lateinisch;3;12;3;6 bis 20;nein
lemma_4181;môvieren;movieren;VRB;VRB;nein;Lateinisch;3;12;5;6 bis 20;nein
lemma_24266;Narbarzânes;narbarzanes;NAM;NAM;ja;Griechisch;3;12;2;6 bis 20;nein
lemma_25418;November;november;NAM;NAM;ja;Lateinisch;3;12;5;6 bis 20;nein
lemma_35549;nunc;nunc;ADV;ADV CNJ;nein;Lateinisch;2;12;5;6 bis 20;nein
lemma_28052;panis;panis;NOM;NOM;nein;Lateinisch;2;12;4;6 bis 20;nein
lemma_4604;petît;petit;ADJ;ADJ;nein;Französisch;3;12;6;6 bis 20;nein
lemma_20421;Philoktetes;philoktetes;NAM;NAM;ja;Griechisch;3;12;1;6 bis 20;nein
lemma_19055;Pôdius;podius;NAM;NAM;ja;Griechisch;3;12;2;6 bis 20;nein
lemma_30838;populus;populus;ADJ;ADJ NOM;nein;Lateinisch;2;12;2;6 bis 20;nein
lemma_39125;quomodo;quomodo;ADV;ADV;nein;Lateinisch;4;12;3;6 bis 20;nein
lemma_26574;Rôboam;roboam;NAM;NAM;ja;Hebräisch;4;12;7;6 bis 20;nein
lemma_29999;Rosane;rosane;NAM;NAM;ja;Griechisch;3;12;2;6 bis 20;nein
lemma_21387;sanguineus;sanguineus;ADJ;ADJ NOM;nein;Lateinisch;5;12;9;6 bis 20;nein
lemma_37163;sprechvënster;sprechvënster;NOM;NOM;nein;Lateinisch;4;12;2;6 bis 20;nein
lemma_42936;Stanimir;stanimir;NAM;NAM;ja;Slawisch;3;12;1;6 bis 20;nein
lemma_22305;Supplicius;supplicius;NAM;NAM;ja;Lateinisch;3;12;1;6 bis 20;nein
lemma_29460;testamentum;testamentum;NOM;NOM;nein;Lateinisch;5;12;5;6 bis 20;nein
lemma_23304;totus;totus;ADJ;ADJ;nein;Lateinisch;3;12;6;6 bis 20;nein
lemma_43920;Troppau;troppau;NAM;NAM;ja;Slawisch;3;12;3;6 bis 20;nein
lemma_42397;Tschech;tschech;NAM;NAM;ja;Slawisch, Tschechisch;5;12;3;6 bis 20;nein
lemma_72888;ungeschribener;ungeschribener;ADJ;ADJ NEG;nein;Lateinisch;3;12;9;6 bis 20;nein
lemma_31870;vadere;vadere;VRB;VRB;nein;Lateinisch;3;12;4;6 bis 20;nein
lemma_43116;veritas;veritas;NOM;NOM;nein;Lateinisch;2;12;4;6 bis 20;nein
lemma_27088;vinum;vinum;NOM;NOM;nein;Lateinisch;5;12;5;6 bis 20;nein
lemma_44265;Viterbo;viterbo;NAM;NAM;ja;Italienisch;3;12;5;6 bis 20;nein
lemma_35775;Weibot;weibot;NAM;NAM;ja;Ungarisch;3;12;1;6 bis 20;nein
lemma_35825;Znaim;znaim;NAM;NAM;ja;Tschechisch;3;12;4;6 bis 20;nein
lemma_24369;Achaia;achaia;NAM;NAM;ja;Griechisch;2;11;6;6 bis 20;nein
lemma_10966;Adonay;adonay;NAM;NAM;ja;Hebräisch;4;11;8;6 bis 20;nein
lemma_23059;Adventus;adventus;NAM;NAM;ja;Lateinisch;3;11;5;6 bis 20;nein
lemma_28325;amicus;amicus;NOM;NOM;nein;Lateinisch;4;11;4;6 bis 20;nein
lemma_30527;appellare;appellare;VRB;VRB;nein;Lateinisch;4;11;4;6 bis 20;nein
lemma_44997;Archistrates;archistrates;NAM;NAM;ja;Griechisch;3;11;1;6 bis 20;nein
lemma_47598;Bacchus;bacchus;NAM;NAM;ja;Griechisch;4;11;4;6 bis 20;nein
lemma_11849;bisem;bisem;NOM;NOM;nein;Lateinisch;6;11;9;6 bis 20;nein
lemma_24083;Calcedonien;calcedonien;NAM;NAM;ja;Griechisch;3;11;5;6 bis 20;nein
lemma_3221;Capua;capua;NAM;NAM;ja;Lateinisch;2;11;6;6 bis 20;nein
lemma_28596;Cebalinus;cebalinus;NAM;NAM;ja;Griechisch;3;11;1;6 bis 20;nein
lemma_21009;Celestinus;celestinus;NAM;NAM;ja;Lateinisch;4;11;6;6 bis 20;nein
lemma_994;Chusi;chusi;NAM;NAM;ja;Hebräisch;4;11;3;6 bis 20;nein
lemma_29046;Colchos;colchos;NAM;NAM;ja;Griechisch;3;11;3;6 bis 20;nein
lemma_28225;constituere;constituere;NOM;NOM VRB;nein;Lateinisch;6;11;3;6 bis 20;nein
lemma_19950;corrigere;corrigere;VRB;VRB;nein;Lateinisch;4;11;7;6 bis 20;nein
lemma_23107;debere;debere;VEX;VEX VRB;nein;Lateinisch;3;11;4;6 bis 20;nein
lemma_73369;duplieren;duplieren;VRB;VRB;nein;Französisch;6;11;2;6 bis 20;nein
lemma_24763;Duzabel;duzabel;NAM;NAM;ja;Französisch;3;11;1;6 bis 20;nein
lemma_69777;expositio;expositio;NOM;NOM;nein;Lateinisch;3;11;1;6 bis 20;nein
lemma_1830;Friaul;friaul;NAM;NAM;ja;Lateinisch;2;11;7;6 bis 20;nein
lemma_28721;Geôn;geon;NAM;NAM;ja;Griechisch;4;11;2;6 bis 20;nein
lemma_19002;gôvenanz;govenanz;NOM;NOM;nein;Französisch, Lateinisch;4;11;4;6 bis 20;nein
lemma_15605;grande;grande;ADJ;ADJ;nein;Französisch, Lateinisch;4;11;9;6 bis 20;nein
lemma_34811;honor;honor;NOM;NOM;nein;Lateinisch;2;11;8;6 bis 20;nein
lemma_15872;imaginatio;imaginatio;NOM;NOM;nein;Lateinisch;2;11;5;6 bis 20;nein
lemma_25545;intrare;intrare;VRB;VRB;nein;Lateinisch;3;11;3;6 bis 20;nein
lemma_22581;Isidorus;isidorus;NAM;NAM;ja;Lateinisch;4;11;6;6 bis 20;nein
lemma_30306;istum;istum;ADJ;ADJ;nein;Lateinisch;2;11;5;6 bis 20;nein
lemma_25405;Iunius;iunius;NAM;NAM;ja;Lateinisch;2;11;5;6 bis 20;nein
lemma_46013;ius;ius;NOM;NOM;nein;Lateinisch;2;11;11;6 bis 20;nein
lemma_43891;Kalisch;kalisch;NAM;NAM;ja;Slawisch;2;11;3;6 bis 20;nein
lemma_20963;Karâtor;karator;NAM;NAM;ja;Griechisch;3;11;1;6 bis 20;nein
lemma_32575;luodern;luodern;NOM;NOM VRB;nein;Lateinisch;5;11;6;6 bis 20;nein
lemma_44456;Lutzaner;lutzaner;NAM;NAM;ja;Slawisch;3;11;1;6 bis 20;nein
lemma_64669;Melopar;melopar;NAM;NAM;ja;Griechisch;3;11;1;6 bis 20;nein
lemma_31667;Miceres;miceres;NAM;NAM;ja;Griechisch;3;11;1;6 bis 20;nein
lemma_64410;Monagris;monagris;NAM;NAM;ja;Griechisch;3;11;1;6 bis 20;nein
lemma_4315;nardus;nardus;NOM;NOM;nein;Lateinisch;4;11;7;6 bis 20;nein
lemma_23238;Nicetus;nicetus;NAM;NAM;ja;Lateinisch;3;11;2;6 bis 20;nein
lemma_20169;Oileos;oileos;NAM;NAM;ja;Griechisch;3;11;2;6 bis 20;nein
lemma_43921;Oppeln;oppeln;NAM;NAM;ja;Slawisch;3;11;3;6 bis 20;nein
lemma_33703;pallium;pallium;NOM;NOM;nein;Lateinisch;4;11;3;6 bis 20;nein
lemma_25369;pasche;pasche;NOM;NOM;nein;Lateinisch;4;11;4;6 bis 20;nein
lemma_28796;Penelope;penelope;NAM;NAM;ja;Griechisch;3;11;6;6 bis 20;nein
lemma_17931;pîse;pise;NOM;NOM;nein;Lateinisch;3;11;8;6 bis 20;nein
lemma_45625;quaerere;quaerere;VRB;VRB;nein;Lateinisch;7;11;5;6 bis 20;nein
lemma_20225;Quintus;quintus;NAM;NAM;ja;Lateinisch;4;11;6;6 bis 20;nein
lemma_24004;Ruben;ruben;NAM;NAM;ja;Hebräisch;4;11;7;6 bis 20;nein
lemma_28250;similitudo;similitudo;NOM;NOM;nein;Lateinisch;3;11;2;6 bis 20;nein
lemma_44636;Slitzko;slitzko;NAM;NAM;ja;Slawisch;3;11;2;6 bis 20;nein
lemma_10100;stampenie;stampenie;NOM;NOM;nein;Französisch;6;11;6;6 bis 20;nein
lemma_42938;Stir;stir;NAM;NAM;ja;Slawisch;3;11;3;6 bis 20;nein
lemma_42319;Swathowa;swathowa;NAM;NAM;ja;Slawisch;3;11;3;6 bis 20;nein
lemma_30888;tabernaculum;tabernaculum;NOM;NOM;nein;Lateinisch;3;11;7;6 bis 20;nein
lemma_15875;Theodosius;theodosius;NAM;NAM;ja;Lateinisch;4;11;2;6 bis 20;nein
lemma_29021;tolmetze;tolmetze;NOM;NOM;nein;Einzelsprachen;2;11;5;6 bis 20;nein
lemma_38344;transire;transire;PRP;PRP VRB;nein;Lateinisch;2;11;3;6 bis 20;nein
lemma_16287;ungemischter;ungemischter;ADJ;ADJ ADV NEG;nein;Lateinisch;9;11;9;6 bis 20;nein
lemma_6719;ussier;ussier;NOM;NOM;nein;Französisch;3;11;4;6 bis 20;nein
lemma_27082;ut;ut;CNJ;CNJ;nein;Lateinisch;2;11;5;6 bis 20;nein
lemma_28587;Vegetius;vegetius;NAM;NAM;ja;Lateinisch;6;11;1;6 bis 20;nein
lemma_64368;Zirius;zirius;NAM;NAM;ja;Griechisch;3;11;1;6 bis 20;nein
lemma_20330;Zyrion;zyrion;NAM;NAM;ja;Griechisch;3;11;1;6 bis 20;nein
lemma_84;agraz;agraz;NOM;NOM;nein;Lateinisch;4;10;6;6 bis 20;nein
lemma_27426;Ahab;ahab;NAM;NAM;ja;Hebräisch;4;10;2;6 bis 20;nein
lemma_64715;Amerillus;amerillus;NAM;NAM;ja;Griechisch;3;10;1;6 bis 20;nein
lemma_14353;ampel;ampel;NOM;NOM;nein;Lateinisch;3;10;7;6 bis 20;nein
lemma_22609;Apelles;apelles;NAM;NAM;ja;Griechisch;4;10;4;6 bis 20;nein
lemma_46084;appellatio;appellatio;NOM;NOM;nein;Lateinisch;4;10;2;6 bis 20;nein
lemma_25220;Archâbatus;archabatus;NAM;NAM;ja;Griechisch;3;10;1;6 bis 20;nein
lemma_26183;Aristander;aristander;NAM;NAM;ja;Griechisch;3;10;2;6 bis 20;nein
lemma_17137;atque;atque;CNJ;CNJ;nein;Lateinisch;2;10;7;6 bis 20;nein
lemma_63888;Atrides;atrides;NAM;NAM;ja;Griechisch;3;10;1;6 bis 20;nein
lemma_44269;Boresch;boresch;NAM;NAM;ja;Slawisch;3;10;2;6 bis 20;nein
lemma_27223;caro;caro;NOM;NOM;nein;Lateinisch;2;10;3;6 bis 20;nein
lemma_26531;Cênôs;cenos;NAM;NAM;ja;Griechisch;3;10;2;6 bis 20;nein
lemma_16816;cetus;cetus;NOM;NOM;nein;Lateinisch;3;10;3;6 bis 20;nein
lemma_986;Chanabeus;chanabeus;NAM;NAM;ja;Lateinisch;3;10;4;6 bis 20;nein
lemma_20506;Claudius;claudius;NAM;NAM;ja;Lateinisch;3;10;5;6 bis 20;nein
lemma_35643;crêdenzen;credenzen;VRB;VRB;nein;Italienisch;7;10;6;6 bis 20;nein
lemma_16199;crucifixus;crucifixus;NOM;NOM;nein;Lateinisch;4;10;8;6 bis 20;nein
lemma_28172;Daclym;daclym;NAM;NAM;ja;Griechisch;3;10;2;6 bis 20;nein
lemma_1133;diaconus;diaconus;NOM;NOM;nein;Lateinisch;3;10;6;6 bis 20;nein
lemma_1130;Dialectica;dialectica;NOM;NOM;nein;Griechisch, Lateinisch;5;10;6;6 bis 20;nein
lemma_24921;dimittere;dimittere;VRB;VRB;nein;Lateinisch;6;10;5;6 bis 20;nein
lemma_14612;dulcis;dulcis;ADJ;ADJ GRA;nein;Lateinisch;12;10;8;6 bis 20;nein
lemma_44981;Elemitus;elemitus;NAM;NAM;ja;Griechisch;3;10;1;6 bis 20;nein
lemma_64389;Enalde;enalde;NAM;NAM;ja;Griechisch;3;10;1;6 bis 20;nein
lemma_25763;Erasmus;erasmus;NAM;NAM;ja;Lateinisch;4;10;5;6 bis 20;nein
lemma_24277;fidelis;fidelis;ADJ;ADJ;nein;Lateinisch;5;10;5;6 bis 20;nein
lemma_61370;gloriosus;gloriosus;ADJ;ADJ;nein;Lateinisch;6;10;6;6 bis 20;nein
lemma_20383;gracias;gracias;NOM;NOM;nein;Lateinisch;4;10;9;6 bis 20;nein
lemma_17225;Hebron;hebron;NAM;NAM;ja;Hebräisch;4;10;4;6 bis 20;nein
lemma_18263;Homer;homer;NAM;NAM;ja;Griechisch;4;10;6;6 bis 20;nein
lemma_23613;Hyppolitus;hyppolitus;NAM;NAM;ja;Griechisch, Lateinisch;6;10;7;6 bis 20;nein
lemma_30659;ire;ire;VRB;VRB;nein;Lateinisch;3;10;2;6 bis 20;nein
lemma_21476;Jerobeam;jerobeam;NAM;NAM;ja;Hebräisch;4;10;4;6 bis 20;nein
lemma_18676;Jesabel;jesabel;NAM;NAM;ja;Hebräisch;4;10;4;6 bis 20;nein
lemma_27657;judicium;judicium;NOM;NOM;nein;Lateinisch;6;10;4;6 bis 20;nein
lemma_32791;kastellære;kastellaere;NOM;NOM;nein;Lateinisch;4;10;2;6 bis 20;nein
lemma_13243;malât;malat;ADJ;ADJ;nein;Französisch;2;10;7;6 bis 20;nein
lemma_62609;Marfilius;marfilius;NAM;NAM;ja;Griechisch;3;10;1;6 bis 20;nein
lemma_63674;Matribulus;matribulus;NAM;NAM;ja;Griechisch;3;10;1;6 bis 20;nein
lemma_16343;Medêamanz;medeamanz;NAM;NAM;ja;Griechisch;3;10;1;6 bis 20;nein
lemma_28346;Messapos;messapos;NAM;NAM;ja;Griechisch;4;10;1;6 bis 20;nein
lemma_65470;Minotaurus;minotaurus;NAM;NAM;ja;Griechisch;5;10;1;6 bis 20;nein
lemma_45094;mirâkel;mirakel;NOM;NOM;nein;Lateinisch;6;10;3;6 bis 20;nein
lemma_15980;Mysach;mysach;NAM;NAM;ja;Hebräisch;4;10;7;6 bis 20;nein
lemma_36851;nemo;nemo;ADJ;ADJ NEG;nein;Lateinisch;3;10;3;6 bis 20;nein
lemma_28517;Neoptolemus;neoptolemus;NAM;NAM;ja;Griechisch;2;10;2;6 bis 20;nein
lemma_28401;Odnatus;odnatus;NAM;NAM;ja;Lateinisch;3;10;1;6 bis 20;nein
lemma_29035;orare;orare;NOM;NOM VRB;nein;Lateinisch;4;10;3;6 bis 20;nein
lemma_62230;Palatinum;palatinum;NAM;NAM;ja;Lateinisch;3;10;4;6 bis 20;nein
lemma_28403;Pancratius;pancratius;NAM;NAM;ja;Lateinisch;4;10;6;6 bis 20;nein
lemma_67826;peccatum;peccatum;NOM;NOM;nein;Lateinisch;3;10;2;6 bis 20;nein
lemma_40355;placere;placere;NOM;NOM VRB;nein;Lateinisch;2;10;7;6 bis 20;nein
lemma_31480;Polenlant;polenlant;NAM;NAM;ja;Slawisch;4;10;6;6 bis 20;nein
lemma_27089;ponere;ponere;VRB;VRB;nein;Lateinisch;3;10;5;6 bis 20;nein
lemma_4705;portus;portus;NOM;NOM;nein;Lateinisch;2;10;5;6 bis 20;nein
lemma_25651;puer;puer;NOM;NOM;nein;Lateinisch;3;10;7;6 bis 20;nein
lemma_39244;revertere;revertere;VRB;VRB;nein;Lateinisch;5;10;3;6 bis 20;nein
lemma_24890;Scholastica;scholastica;NAM;NAM;ja;Lateinisch;4;10;9;6 bis 20;nein
lemma_23477;Seleucus;seleucus;NAM;NAM;ja;Griechisch;3;10;4;6 bis 20;nein
lemma_34888;signum;signum;NOM;NOM;nein;Lateinisch;2;10;5;6 bis 20;nein
lemma_23202;Sophia;sophia;NAM;NAM;ja;Lateinisch;4;10;7;6 bis 20;nein
lemma_21964;stella;stella;NOM;NOM;nein;Lateinisch;3;10;7;6 bis 20;nein
lemma_25594;substantia;substantia;NOM;NOM;nein;Lateinisch;2;10;7;6 bis 20;nein
lemma_23777;Taltibius;taltibius;NAM;NAM;ja;Griechisch;3;10;2;6 bis 20;nein
lemma_65468;Tamian;tamian;NAM;NAM;ja;Griechisch;2;10;1;6 bis 20;nein
lemma_6170;tragemunt;tragemunt;NOM;NOM;nein;Französisch;3;10;5;6 bis 20;nein
lemma_27333;tres;tres;NUM;NUM;nein;Lateinisch;2;10;7;6 bis 20;nein
lemma_31699;Veronica;veronica;NAM;NAM;ja;Lateinisch;4;10;5;6 bis 20;nein
lemma_7090;vintâle;vintale;NOM;NOM;nein;Französisch;4;10;5;6 bis 20;nein
lemma_28400;Vitellus;vitellus;NAM;NAM;ja;Lateinisch;3;10;3;6 bis 20;nein
lemma_35284;vocare;vocare;VRB;VRB;nein;Lateinisch;5;10;3;6 bis 20;nein
lemma_42944;Welrat;welrat;NAM;NAM;ja;Slawisch, Tschechisch;4;10;3;6 bis 20;nein
lemma_26776;zinemînrinde;zineminrinde;NOM;NOM;nein;Lateinisch;5;10;7;6 bis 20;nein
lemma_33964;agere;agere;NOM;NOM VRB;nein;Lateinisch;5;9;6;6 bis 20;nein
lemma_20543;Agrippina;agrippina;NAM;NAM;ja;Lateinisch;4;9;4;6 bis 20;nein
lemma_10991;alchimia;alchimia;NOM;NOM;nein;Arabisch;2;9;6;6 bis 20;nein
lemma_15844;anima;anima;NOM;NOM;nein;Lateinisch;2;9;7;6 bis 20;nein
lemma_25561;apparere;apparere;VRB;VRB;nein;Lateinisch;4;9;4;6 bis 20;nein
lemma_25447;aut;aut;CNJ;CNJ;nein;Lateinisch;2;9;4;6 bis 20;nein
lemma_76611;bischoflich;bischoflich;ADJ;ADJ;nein;Lateinisch;5;9;3;6 bis 20;nein
lemma_32287;canonicus;canonicus;NOM;NOM;nein;Lateinisch;4;9;7;6 bis 20;nein
lemma_27418;cantare;cantare;VRB;VRB;nein;Lateinisch;4;9;5;6 bis 20;nein
lemma_31329;Casibilân;casibilan;NAM;NAM;ja;Griechisch;3;9;1;6 bis 20;nein
lemma_16344;Circe;circe;NAM;NAM;ja;Griechisch;4;9;2;6 bis 20;nein
lemma_28423;clerus;clerus;NOM;NOM;nein;Lateinisch;3;9;4;6 bis 20;nein
lemma_21388;colericus;colericus;NOM;NOM;nein;Lateinisch;5;9;6;6 bis 20;nein
lemma_26846;conficere;conficere;VRB;VRB;nein;Lateinisch;2;9;2;6 bis 20;nein
lemma_23084;convers;convers;NOM;NOM;nein;Lateinisch;3;9;4;6 bis 20;nein
lemma_64271;Cornoyse;cornoyse;NAM;NAM;ja;Griechisch;3;9;1;6 bis 20;nein
lemma_15866;Demosthenes;demosthenes;NAM;NAM;ja;Griechisch;4;9;5;6 bis 20;nein
lemma_39806;destillare;destillare;VRB;VRB;nein;Lateinisch;6;9;2;6 bis 20;nein
lemma_15770;Diometer;diometer;NAM;NAM;ja;Griechisch, Lateinisch;5;9;2;6 bis 20;nein
lemma_35217;divitiae;divitiae;NOM;NOM;nein;Lateinisch;4;9;4;6 bis 20;nein
lemma_31692;dominatio;dominatio;NOM;NOM;nein;Lateinisch;5;9;4;6 bis 20;nein
lemma_24317;Effimenîs;effimenis;NAM;NAM;ja;Griechisch;3;9;1;6 bis 20;nein
lemma_26647;Erîgûus;eriguus;NAM;NAM;ja;Griechisch;3;9;1;6 bis 20;nein
lemma_30996;Êson;eson;NAM;NAM;ja;Griechisch;3;9;3;6 bis 20;nein
lemma_26430;Êtîus;etius;NAM;NAM;ja;Lateinisch;3;9;1;6 bis 20;nein
lemma_21282;Eufêstiô;eufestio;NAM;NAM;ja;Griechisch;3;9;1;6 bis 20;nein
lemma_30528;exaltare;exaltare;VRB;VRB;nein;Lateinisch;7;9;2;6 bis 20;nein
lemma_23744;Fabianus;fabianus;NAM;NAM;ja;Lateinisch;4;9;4;6 bis 20;nein
lemma_28395;Faustinus;faustinus;NAM;NAM;ja;Lateinisch;3;9;2;6 bis 20;nein
lemma_25386;feriae;feriae;NOM;NOM;nein;Lateinisch;3;9;4;6 bis 20;nein
lemma_22777;filia;filia;NOM;NOM;nein;Lateinisch;3;9;7;6 bis 20;nein
lemma_31961;Fion;fion;NAM;NAM;ja;Griechisch;3;9;2;6 bis 20;nein
lemma_1814;fontâne;fontane;NOM;NOM;nein;Französisch;3;9;5;6 bis 20;nein
lemma_64009;Gamorett;gamorett;NAM;NAM;ja;Griechisch;3;9;1;6 bis 20;nein
lemma_14026;Girabobe;girabobe;NAM;NAM;ja;Französisch;3;9;1;6 bis 20;nein
lemma_25073;Granada;granada;NAM;NAM;ja;Spanisch;3;9;5;6 bis 20;nein
lemma_30968;harmblanc;harmblanc;ADJ;ADJ ADV;nein;Französisch;2;9;7;6 bis 20;nein
lemma_36581;harmonia;harmonia;NOM;NOM;nein;Lateinisch;7;9;7;6 bis 20;nein
lemma_34875;humilis;humilis;ADJ;ADJ ADV;nein;Lateinisch;9;9;4;6 bis 20;nein
lemma_27459;hymnus;hymnus;NOM;NOM;nein;Lateinisch;2;9;3;6 bis 20;nein
lemma_27461;ibi;ibi;ADV;ADV;nein;Lateinisch;2;9;5;6 bis 20;nein
lemma_3053;Iobal;iobal;NAM;NAM;ja;Hebräisch;4;9;3;6 bis 20;nein
lemma_20115;Îve;ive;NAM;NAM;ja;Französisch;3;9;2;6 bis 20;nein
lemma_26210;Klitemnestra;klitemnestra;NAM;NAM;ja;Griechisch;3;9;2;6 bis 20;nein
lemma_44401;Krzywoklat;krzywoklat;NAM;NAM;ja;Slawisch;2;9;2;6 bis 20;nein
lemma_18564;kuster;kuster;NOM;NOM;nein;Lateinisch;5;9;7;6 bis 20;nein
lemma_22401;laus;laus;NOM;NOM;nein;Lateinisch;6;9;6;6 bis 20;nein
lemma_28216;Lia;lia;NAM;NAM;ja;Hebräisch;4;9;3;6 bis 20;nein
lemma_14224;lignum;lignum;NOM;NOM;nein;Lateinisch;4;9;6;6 bis 20;nein
lemma_3947;Malduc;malduc;NAM;NAM;ja;Französisch;3;9;1;6 bis 20;nein
lemma_21003;maledicere;maledicere;NOM;NOM VRB;nein;Lateinisch;8;9;6;6 bis 20;nein
lemma_10246;maniere;maniere;NOM;NOM;nein;Französisch;2;9;5;6 bis 20;nein
lemma_18690;Margariez;margariez;NAM;NAM;ja;Arabisch;3;9;2;6 bis 20;nein
lemma_4038;Mekka;mekka;NAM;NAM;ja;Arabisch;2;9;3;6 bis 20;nein
lemma_64854;Meligaz;meligaz;NAM;NAM;ja;Griechisch;3;9;1;6 bis 20;nein
lemma_30228;modus;modus;NOM;NOM;nein;Lateinisch;2;9;6;6 bis 20;nein
lemma_35758;Mötnitz;moetnitz;NAM;NAM;ja;Slawisch;3;9;1;6 bis 20;nein
lemma_34532;nolle;nolle;NEG;NEG VRB;nein;Lateinisch;5;9;4;6 bis 20;nein
lemma_20459;norma;norma;NOM;NOM;nein;Lateinisch;4;9;5;6 bis 20;nein
lemma_67608;offere;offere;VRB;VRB;nein;Lateinisch;6;9;3;6 bis 20;nein
lemma_65473;Phaedra;phaedra;NAM;NAM;ja;Griechisch;3;9;1;6 bis 20;nein
lemma_26487;Polistrâtus;polistratus;NAM;NAM;ja;Griechisch;3;9;2;6 bis 20;nein
lemma_47938;prêsentieren;presentieren;VRB;VRB;nein;Lateinisch;5;9;3;6 bis 20;nein
lemma_28504;Prethemesus;prethemesus;NAM;NAM;ja;Griechisch;3;9;2;6 bis 20;nein
lemma_14411;purus;purus;ADJ;ADJ;nein;Französisch, Lateinisch;6;9;5;6 bis 20;nein
lemma_59562;quicumque;quicumque;DET;DET IPA;nein;Lateinisch;3;9;2;6 bis 20;nein
lemma_24474;respicere;respicere;VRB;VRB;nein;Lateinisch;5;9;5;6 bis 20;nein
lemma_23479;Salebiers;salebiers;NAM;NAM;ja;Französisch;3;9;3;6 bis 20;nein
lemma_23675;Salustius;salustius;NAM;NAM;ja;Lateinisch;4;9;4;6 bis 20;nein
lemma_29710;sapiens;sapiens;ADJ;ADJ NOM;nein;Lateinisch;5;9;3;6 bis 20;nein
lemma_39084;sedere;sedere;VRB;VRB;nein;Lateinisch;3;9;4;6 bis 20;nein
lemma_23254;speculari;speculari;VRB;VRB;nein;Lateinisch;9;9;4;6 bis 20;nein
lemma_5724;stanthart;stanthart;NOM;NOM;nein;Französisch;3;9;3;6 bis 20;nein
lemma_30100;Strahou;strahou;NAM;NAM;ja;Slawisch, Tschechisch;6;9;2;6 bis 20;nein
lemma_35291;talis;talis;ADV;ADV;nein;Lateinisch;3;9;5;6 bis 20;nein
lemma_23451;Taxilles;taxilles;NAM;NAM;ja;Griechisch;3;9;2;6 bis 20;nein
lemma_18863;tenebrae;tenebrae;NOM;NOM;nein;Lateinisch;4;9;5;6 bis 20;nein
lemma_26109;Tenedon;tenedon;NAM;NAM;ja;Griechisch;3;9;2;6 bis 20;nein
lemma_36987;Tepl;tepl;NAM;NAM;ja;Tschechisch;4;9;3;6 bis 20;nein
lemma_6072;Theodorus;theodorus;NAM;NAM;ja;Lateinisch;4;9;3;6 bis 20;nein
lemma_16076;tribûnus;tribunus;NOM;NOM;nein;Lateinisch;3;9;1;6 bis 20;nein
lemma_18005;Tryphon;tryphon;NAM;NAM;ja;Griechisch;4;9;4;6 bis 20;nein
lemma_19924;ubi;ubi;IPA;IPA;nein;Lateinisch;2;9;4;6 bis 20;nein
lemma_63808;Ursian;ursian;NAM;NAM;ja;Griechisch;3;9;1;6 bis 20;nein
lemma_16858;væle;vaele;NOM;NOM;nein;Französisch, Lateinisch;7;9;4;6 bis 20;nein
lemma_22653;Valentinus;valentinus;NAM;NAM;ja;Lateinisch;4;9;5;6 bis 20;nein
lemma_40212;vir;vir;NOM;NOM;nein;Lateinisch;3;9;4;6 bis 20;nein
lemma_1931;wastël;wastël;NOM;NOM;nein;Französisch;3;9;4;6 bis 20;nein
lemma_9883;wirne;wirne;NEG;NEG PRO;nein;Lateinisch;4;9;3;6 bis 20;nein
lemma_64279;Ysachor;ysachor;NAM;NAM;ja;Griechisch;3;9;1;6 bis 20;nein
lemma_10986;Zenos;zenos;NAM;NAM;ja;Griechisch;3;9;2;6 bis 20;nein
lemma_11468;zitôl;zitol;NOM;NOM;nein;Französisch;2;9;7;6 bis 20;nein
lemma_22307;Alius;alius;NAM;NAM;ja;Lateinisch;3;8;1;6 bis 20;nein
lemma_23594;amare;amare;VRB;VRB;nein;Lateinisch;3;8;4;6 bis 20;nein
lemma_30740;ambulare;ambulare;VRB;VRB;nein;Lateinisch;3;8;2;6 bis 20;nein
lemma_18755;Anastasius;anastasius;NAM;NAM;ja;Lateinisch;4;8;2;6 bis 20;nein
lemma_52074;Apuleius;apuleius;NAM;NAM;ja;Lateinisch;6;8;1;6 bis 20;nein
lemma_28420;Arius;arius;NAM;NAM;ja;Lateinisch;4;8;3;6 bis 20;nein
lemma_65609;Avenor;avenor;NAM;NAM;ja;Griechisch;3;8;1;6 bis 20;nein
lemma_27710;Basilius;basilius;NAM;NAM;ja;Griechisch, Lateinisch;5;8;4;6 bis 20;nein
lemma_44266;Bogist;bogist;NAM;NAM;ja;Tschechisch;2;8;2;6 bis 20;nein
lemma_29694;Cantipus;cantipus;NAM;NAM;ja;Griechisch;3;8;1;6 bis 20;nein
lemma_64675;Carpius;carpius;NAM;NAM;ja;Griechisch;3;8;1;6 bis 20;nein
lemma_28500;Cedius;cedius;NAM;NAM;ja;Griechisch;3;8;2;6 bis 20;nein
lemma_27886;Christophorus;christophorus;NAM;NAM;ja;Griechisch;4;8;5;6 bis 20;nein
lemma_25166;Clara;clara;NAM;NAM;ja;Lateinisch;4;8;4;6 bis 20;nein
lemma_35134;cognoscere;cognoscere;VRB;VRB;nein;Lateinisch;6;8;3;6 bis 20;nein
lemma_28219;Constantius;constantius;NAM;NAM;ja;Lateinisch;3;8;1;6 bis 20;nein
lemma_64328;crêatiurlich;creatiurlich;ADJ;ADJ;nein;Lateinisch;7;8;2;6 bis 20;nein
lemma_20775;Crîses;crises;NAM;NAM;ja;Griechisch;3;8;2;6 bis 20;nein
lemma_64690;Critogolan;critogolan;NAM;NAM;ja;Griechisch;3;8;1;6 bis 20;nein
lemma_23780;Cupesus;cupesus;NAM;NAM;ja;Griechisch;3;8;2;6 bis 20;nein
lemma_42444;Czirat;czirat;NAM;NAM;ja;Tschechisch;3;8;1;6 bis 20;nein
lemma_61154;datum;datum;NOM;NOM;nein;Lateinisch;2;8;4;6 bis 20;nein
lemma_25422;decrêt;decret;NOM;NOM;nein;Lateinisch;5;8;3;6 bis 20;nein
lemma_23770;Diogenes;diogenes;NAM;NAM;ja;Griechisch;5;8;4;6 bis 20;nein
lemma_25384;domenica;domenica;NOM;NOM;nein;Lateinisch;3;8;2;6 bis 20;nein
lemma_28339;Emulus;emulus;NAM;NAM;ja;Griechisch;3;8;3;6 bis 20;nein
lemma_28060;Eugenius;eugenius;NAM;NAM;ja;Lateinisch;4;8;5;6 bis 20;nein
lemma_23663;Exodus;exodus;NAM;NAM;ja;Lateinisch;4;8;3;6 bis 20;nein
lemma_28396;Faustus;faustus;NAM;NAM;ja;Lateinisch;3;8;1;6 bis 20;nein
lemma_48076;fest;fest;NOM;NOM;nein;Lateinisch;4;8;4;6 bis 20;nein
lemma_1805;flora;flora;NOM;NOM;nein;Französisch, Lateinisch;7;8;3;6 bis 20;nein
lemma_1864;Galagandreiz;galagandreiz;NAM;NAM;ja;Französisch;3;8;4;6 bis 20;nein
lemma_2015;gegensidele;gegensidele;NOM;NOM;nein;Lateinisch;6;8;7;6 bis 20;nein
lemma_51023;gîselitze;giselitze;NOM;NOM;nein;Slawisch;7;8;5;6 bis 20;nein
lemma_2432;Glockenitz;glockenitz;NAM;NAM;ja;Slawisch;2;8;4;6 bis 20;nein
lemma_2493;gramerzî;gramerzi;ADV;ADV NOM;nein;Französisch;3;8;7;6 bis 20;nein
lemma_9838;gurgel;gurgel;NOM;NOM;nein;Lateinisch;5;8;5;6 bis 20;nein
lemma_28405;Helius;helius;NAM;NAM;ja;Griechisch, Lateinisch;4;8;3;6 bis 20;nein
lemma_44664;Hrzewetz;hrzewetz;NAM;NAM;ja;Tschechisch;3;8;1;6 bis 20;nein
lemma_29436;Hubertus;hubertus;NAM;NAM;ja;Lateinisch;4;8;2;6 bis 20;nein
lemma_38341;inter;inter;PRP;PRP;nein;Lateinisch;3;8;3;6 bis 20;nein
lemma_31461;Îolê;iole;NAM;NAM;ja;Griechisch;3;8;1;6 bis 20;nein
lemma_2977;Îrôt;irot;NAM;NAM;ja;Französisch;3;8;2;6 bis 20;nein
lemma_27656;judicare;judicare;VRB;VRB;nein;Lateinisch;3;8;4;6 bis 20;nein
lemma_63788;Laudorie;laudorie;NAM;NAM;ja;Griechisch;3;8;1;6 bis 20;nein
lemma_42437;Libitz;libitz;NAM;NAM;ja;Slawisch, Tschechisch;3;8;2;6 bis 20;nein
lemma_27261;locus;locus;NOM;NOM;nein;Lateinisch;5;8;6;6 bis 20;nein
lemma_20524;logieren;logieren;VRB;VRB;nein;Französisch;5;8;1;6 bis 20;nein
lemma_71328;lëcze;lëcze;NOM;NOM;nein;Lateinisch;6;8;6;6 bis 20;nein
lemma_3939;mal;mal;ADJ;ADJ ADV NOM;nein;Französisch;4;8;6;6 bis 20;nein
lemma_22752;Maternus;maternus;NAM;NAM;ja;Lateinisch;4;8;2;6 bis 20;nein
lemma_44904;Maximus;maximus;NAM;NAM;ja;Lateinisch;3;8;4;6 bis 20;nein
lemma_20973;Medates;medates;NAM;NAM;ja;Griechisch;3;8;1;6 bis 20;nein
lemma_9912;meile;meile;NOM;NOM;nein;Französisch;2;8;6;6 bis 20;nein
lemma_44468;Melnik;melnik;NAM;NAM;ja;Tschechisch;2;8;2;6 bis 20;nein
lemma_30972;mensura;mensura;NOM;NOM;nein;Lateinisch;3;8;6;6 bis 20;nein
lemma_30405;minister;minister;NOM;NOM;nein;Lateinisch;4;8;4;6 bis 20;nein
lemma_16886;monarcha;monarcha;NOM;NOM;nein;Griechisch, Lateinisch;4;8;2;6 bis 20;nein
lemma_10415;Mycene;mycene;NAM;NAM;ja;Griechisch;3;8;3;6 bis 20;nein
lemma_27812;natus;natus;ADJ;ADJ;nein;Lateinisch;3;8;5;6 bis 20;nein
lemma_28604;Nazarenus;nazarenus;NAM;NAM;ja;Hebräisch, Lateinisch;6;8;5;6 bis 20;nein
lemma_45272;notarius;notarius;NOM;NOM;nein;Lateinisch;5;8;4;6 bis 20;nein
lemma_59074;numen;numen;INJ;INJ;nein;Lateinisch;3;8;1;6 bis 20;nein
lemma_19295;Ödipus;oedipus;NAM;NAM;ja;Griechisch;4;8;2;6 bis 20;nein
lemma_28689;Palladium;palladium;NAM;NAM;ja;Griechisch;2;8;2;6 bis 20;nein
lemma_27116;parlament;parlament;NOM;NOM;nein;Französisch;4;8;7;6 bis 20;nein
lemma_25203;Pelôpones;pelopones;NAM;NAM;ja;Griechisch;3;8;2;6 bis 20;nein
lemma_31440;perficere;perficere;VRB;VRB;nein;Lateinisch;4;8;3;6 bis 20;nein
lemma_23303;pietas;pietas;NOM;NOM;nein;Lateinisch;6;8;5;6 bis 20;nein
lemma_4687;Plipalinot;plipalinot;NAM;NAM;ja;Französisch;3;8;1;6 bis 20;nein
lemma_28450;plus;plus;ADV;ADV;nein;Lateinisch;2;8;5;6 bis 20;nein
lemma_26483;Polipercôn;polipercon;NAM;NAM;ja;Griechisch;3;8;2;6 bis 20;nein
lemma_28062;praestare;praestare;VRB;VRB;nein;Lateinisch;6;8;3;6 bis 20;nein
lemma_21325;princeps;princeps;NOM;NOM;nein;Lateinisch;4;8;5;6 bis 20;nein
lemma_38613;prudentia;prudentia;NOM;NOM;nein;Lateinisch;6;8;2;6 bis 20;nein
lemma_21936;punjûr;punjur;NOM;NOM;nein;Französisch;3;8;3;6 bis 20;nein
lemma_25382;quartus;quartus;ADJ;ADJ NUM;nein;Lateinisch;7;8;7;6 bis 20;nein
lemma_69888;quidem;quidem;ADV;ADV;nein;Lateinisch;2;8;2;6 bis 20;nein
lemma_47412;regimentum;regimentum;NOM;NOM;nein;Lateinisch;4;8;5;6 bis 20;nein
lemma_67905;resurgere;resurgere;VRB;VRB;nein;Lateinisch;5;8;2;6 bis 20;nein
lemma_28320;resurrectio;resurrectio;NOM;NOM;nein;Lateinisch;6;8;2;6 bis 20;nein
lemma_29076;salutare;salutare;NOM;NOM VRB;nein;Lateinisch;6;8;7;6 bis 20;nein
lemma_16185;salvator;salvator;NOM;NOM;nein;Lateinisch;4;8;7;6 bis 20;nein
lemma_10098;schanzûn;schanzun;NOM;NOM;nein;Französisch;2;8;2;6 bis 20;nein
lemma_40245;sciscere;sciscere;VRB;VRB;nein;Lateinisch;5;8;1;6 bis 20;nein
lemma_18294;septus;septus;ADJ;ADJ ADV NUM;nein;Lateinisch;2;8;6;6 bis 20;nein
lemma_31927;servire;servire;VRB;VRB;nein;Italienisch, Lateinisch;5;8;3;6 bis 20;nein
lemma_36975;Seth;seth;NAM;NAM;ja;Hebräisch;4;8;3;6 bis 20;nein
lemma_28437;solus;solus;ADJ;ADJ GRA;nein;Lateinisch;3;8;2;6 bis 20;nein
lemma_34754;spondere;spondere;NOM;NOM VRB;nein;Lateinisch;6;8;4;6 bis 20;nein
lemma_44569;Starquas;starquas;NAM;NAM;ja;Tschechisch;3;8;1;6 bis 20;nein
lemma_44574;Stibor;stibor;NAM;NAM;ja;Slawisch;3;8;2;6 bis 20;nein
lemma_35506;surgere;surgere;VRB;VRB;nein;Lateinisch;6;8;4;6 bis 20;nein
lemma_25381;tertius;tertius;ADJ;ADJ NUM;nein;Lateinisch;6;8;6;6 bis 20;nein
lemma_29457;testis;testis;NOM;NOM;nein;Lateinisch;7;8;3;6 bis 20;nein
lemma_19325;Thelogonus;thelogonus;NAM;NAM;ja;Griechisch;3;8;1;6 bis 20;nein
lemma_30080;tribulatio;tribulatio;NOM;NOM;nein;Lateinisch;3;8;4;6 bis 20;nein
lemma_6264;tu;tu;PRO;PRO;nein;Französisch, Slawisch;3;8;8;6 bis 20;nein
lemma_45696;turba;turba;NOM;NOM;nein;Lateinisch;6;8;2;6 bis 20;nein
lemma_23572;venter;venter;NOM;NOM;nein;Lateinisch;3;8;5;6 bis 20;nein
lemma_23619;Ytis;ytis;NAM;NAM;ja;Griechisch;4;8;1;6 bis 20;nein
lemma_18571;zodiacus;zodiacus;NOM;NOM;nein;Griechisch, Lateinisch;4;8;5;6 bis 20;nein
lemma_15981;Abednego;abednego;NAM;NAM;ja;Hebräisch;4;7;5;6 bis 20;nein
lemma_25635;abewerfen;abewerfen;PRP;PRP VRB;nein;Lateinisch;8;7;5;6 bis 20;nein
lemma_21359;abstinentia;abstinentia;NOM;NOM;nein;Lateinisch;6;7;2;6 bis 20;nein
lemma_28433;agnus;agnus;NOM;NOM;nein;Lateinisch;5;7;4;6 bis 20;nein
lemma_23589;Amontâ;amonta;NAM;NAM;ja;Griechisch, Lateinisch;4;7;2;6 bis 20;nein
lemma_21768;Amphiôn;amphion;NAM;NAM;ja;Griechisch;3;7;3;6 bis 20;nein
lemma_65209;Antipolar;antipolar;NAM;NAM;ja;Griechisch;3;7;1;6 bis 20;nein
lemma_26182;Ariolus;ariolus;NAM;NAM;ja;Griechisch;3;7;4;6 bis 20;nein
lemma_26579;Asahel;asahel;NAM;NAM;ja;Hebräisch;4;7;6;6 bis 20;nein
lemma_76848;assise;assise;NOM;NOM;nein;Französisch;6;7;2;6 bis 20;nein
lemma_25543;at;at;PRP;PRP;nein;Lateinisch;2;7;3;6 bis 20;nein
lemma_15664;Azariah;azariah;NAM;NAM;ja;Hebräisch;4;7;4;6 bis 20;nein
lemma_35841;Bavor;bavor;NAM;NAM;ja;Tschechisch;3;7;3;6 bis 20;nein
lemma_15135;bêamîs;beamis;NOM;NOM;nein;Französisch, Lateinisch;6;7;2;6 bis 20;nein
lemma_421;Beamunt;beamunt;NAM;NAM;ja;Französisch;3;7;4;6 bis 20;nein
lemma_14680;Belfortemunt;belfortemunt;NAM;NAM;ja;Französisch;2;7;1;6 bis 20;nein
lemma_68073;benediz;benediz;NOM;NOM;nein;Lateinisch;5;7;3;6 bis 20;nein
lemma_18634;Boêzîe;boezie;NAM;NAM;ja;Griechisch;3;7;5;6 bis 20;nein
lemma_9284;burgunjois;burgunjois;ADJ;ADJ;nein;Französisch;2;7;2;6 bis 20;nein
lemma_25666;caeles;caeles;ADJ;ADJ NOM;nein;Lateinisch;3;7;6;6 bis 20;nein
lemma_28586;Cassiodorus;cassiodorus;NAM;NAM;ja;Lateinisch;4;7;2;6 bis 20;nein
lemma_29306;Cecilia;cecilia;NAM;NAM;ja;Lateinisch;4;7;7;6 bis 20;nein
lemma_44310;Chrudim;chrudim;NAM;NAM;ja;Tschechisch;2;7;2;6 bis 20;nein
lemma_30765;Cicero;cicero;NAM;NAM;ja;Lateinisch;3;7;3;6 bis 20;nein
lemma_46085;citatio;citatio;NOM;NOM;nein;Lateinisch;5;7;1;6 bis 20;nein
lemma_36908;civitas;civitas;NOM;NOM;nein;Lateinisch;3;7;3;6 bis 20;nein
lemma_35115;cognitio;cognitio;NOM;NOM;nein;Lateinisch;5;7;1;6 bis 20;nein
lemma_29044;collecte;collecte;NOM;NOM;nein;Lateinisch;5;7;4;6 bis 20;nein
lemma_45800;colligere;colligere;VRB;VRB;nein;Lateinisch;3;7;6;6 bis 20;nein
lemma_45624;considerare;considerare;VRB;VRB;nein;Lateinisch;4;7;2;6 bis 20;nein
lemma_62154;Constancia;constancia;NAM;NAM;ja;Lateinisch;3;7;2;6 bis 20;nein
lemma_28473;creare;creare;VRB;VRB;nein;Lateinisch;5;7;3;6 bis 20;nein
lemma_44578;Ctirat;ctirat;NAM;NAM;ja;Tschechisch;3;7;1;6 bis 20;nein
lemma_1041;cuns;cuns;NOM;NOM;nein;Einzelsprachen;2;7;2;6 bis 20;nein
lemma_45531;currere;currere;VRB;VRB;nein;Lateinisch;4;7;3;6 bis 20;nein
lemma_18410;dexter;dexter;ADJ;ADJ;nein;Lateinisch;3;7;5;6 bis 20;nein
lemma_31241;dîadêm;diadem;NOM;NOM;nein;Lateinisch;4;7;5;6 bis 20;nein
lemma_34889;dignus;dignus;ADJ;ADJ NOM;nein;Lateinisch;3;7;4;6 bis 20;nein
lemma_10811;discantare;discantare;NOM;NOM VRB;nein;Französisch, Lateinisch;5;7;5;6 bis 20;nein
lemma_28918;divinitas;divinitas;NOM;NOM;nein;Lateinisch;2;7;3;6 bis 20;nein
lemma_24306;Dolon;dolon;NAM;NAM;ja;Griechisch;3;7;2;6 bis 20;nein
lemma_21867;Domicianus;domicianus;NAM;NAM;ja;Lateinisch;4;7;4;6 bis 20;nein
lemma_33759;dum;dum;ADV;ADV;nein;Lateinisch;2;7;5;6 bis 20;nein
lemma_27332;duo;duo;ADJ;ADJ NUM;nein;Lateinisch;2;7;4;6 bis 20;nein
lemma_15708;Elizabel;elizabel;NAM;NAM;ja;Französisch;3;7;1;6 bis 20;nein
lemma_20636;Eteocles;eteocles;NAM;NAM;ja;Griechisch;4;7;4;6 bis 20;nein
lemma_73116;fehler;fehler;NOM;NOM;nein;Französisch;5;7;1;6 bis 20;nein
lemma_21146;figûren;figuren;VRB;VRB;nein;Lateinisch;6;7;6;6 bis 20;nein
lemma_27423;Finees;finees;NAM;NAM;ja;Hebräisch;4;7;4;6 bis 20;nein
lemma_40088;Florentina;florentina;NAM;NAM;ja;Lateinisch;3;7;1;6 bis 20;nein
lemma_45906;gaudere;gaudere;VRB;VRB;nein;Lateinisch;3;7;5;6 bis 20;nein
lemma_2137;Genteflûr;genteflur;NAM;NAM;ja;Französisch;4;7;3;6 bis 20;nein
lemma_20388;Gillebert;gillebert;NAM;NAM;ja;Französisch, Griechisch;4;7;5;6 bis 20;nein
lemma_16645;Gradimonte;gradimonte;NAM;NAM;ja;Französisch;2;7;1;6 bis 20;nein
lemma_44083;gubernator;gubernator;NOM;NOM;nein;Lateinisch;5;7;1;6 bis 20;nein
lemma_47932;hieltten;hieltten;VRB;VRB;nein;Rotwelsch;7;7;2;6 bis 20;nein
lemma_20458;indulgentia;indulgentia;NOM;NOM VRB;nein;Lateinisch;4;7;5;6 bis 20;nein
lemma_8164;inlant;inlant;ADV;ADV;nein;Lateinisch;4;7;6;6 bis 20;nein
lemma_38656;introire;introire;VRB;VRB;nein;Lateinisch;4;7;4;6 bis 20;nein
lemma_20977;Joab;joab;NAM;NAM;ja;Hebräisch;4;7;3;6 bis 20;nein
lemma_3132;Joas;joas;NAM;NAM;ja;Hebräisch;4;7;2;6 bis 20;nein
lemma_26144;Jocundille;jocundille;NAM;NAM;ja;Griechisch;3;7;1;6 bis 20;nein
lemma_28173;Jubal;jubal;NAM;NAM;ja;Hebräisch;4;7;3;6 bis 20;nein
lemma_26820;Justinianus;justinianus;NAM;NAM;ja;Lateinisch;3;7;1;6 bis 20;nein
lemma_36666;Kosdras;kosdras;NAM;NAM;ja;Persisch;3;7;3;6 bis 20;nein
lemma_3551;Kuraus;kuraus;NAM;NAM;ja;Lateinisch;3;7;2;6 bis 20;nein
lemma_28643;Lausus;lausus;NAM;NAM;ja;Lateinisch;3;7;1;6 bis 20;nein
lemma_26401;Levi;levi;NAM;NAM;ja;Hebräisch;4;7;4;6 bis 20;nein
lemma_25523;lixa;lixa;NOM;NOM;nein;Lateinisch;3;7;2;6 bis 20;nein
lemma_44460;Lorc;lorc;NAM;NAM;ja;Slawisch;3;7;2;6 bis 20;nein
lemma_43905;Lusitz;lusitz;NAM;NAM;ja;Slawisch;3;7;4;6 bis 20;nein
lemma_15860;magister;magister;NOM;NOM VRB;nein;Lateinisch;4;7;5;6 bis 20;nein
lemma_15735;Marcellus;marcellus;NAM;NAM;ja;Lateinisch;4;7;6;6 bis 20;nein
lemma_20441;Margriez;margriez;NAM;NAM;ja;Arabisch;3;7;1;6 bis 20;nein
lemma_3993;Marlanz;marlanz;NAM;NAM;ja;Arabisch;3;7;1;6 bis 20;nein
lemma_23252;meditari;meditari;VRB;VRB;nein;Lateinisch;8;7;3;6 bis 20;nein
lemma_9364;medius;medius;ADV;ADV;nein;Lateinisch;4;7;4;6 bis 20;nein
lemma_16208;mêridiân;meridian;NOM;NOM;nein;Lateinisch;6;7;3;6 bis 20;nein
lemma_29572;Metha;metha;NAM;NAM;ja;Griechisch;3;7;1;6 bis 20;nein
lemma_21863;murmel;murmel;NOM;NOM;nein;Lateinisch;8;7;5;6 bis 20;nein
lemma_28511;Nessus;nessus;NAM;NAM;ja;Griechisch;4;7;2;6 bis 20;nein
lemma_34918;oriri;oriri;VRB;VRB;nein;Lateinisch;5;7;4;6 bis 20;nein
lemma_19227;Panfimeiz;panfimeiz;NAM;NAM;ja;Griechisch;3;7;1;6 bis 20;nein
lemma_37226;papier;papier;ADJ;ADJ NOM;nein;Lateinisch;3;7;6;6 bis 20;nein
lemma_34794;peccatorius;peccatorius;NOM;NOM;nein;Lateinisch;3;7;5;6 bis 20;nein
lemma_13308;pedûn;pedun;NOM;NOM;nein;Französisch;6;7;3;6 bis 20;nein
lemma_18675;pharisei;pharisei;NOM;NOM;nein;Hebräisch, Lateinisch;6;7;3;6 bis 20;nein
lemma_62248;Phariseus;phariseus;NAM;NAM;ja;Hebräisch, Lateinisch;5;7;6;6 bis 20;nein
lemma_28584;Piso;piso;NAM;NAM;ja;Lateinisch;4;7;3;6 bis 20;nein
lemma_63853;Pligor;pligor;NAM;NAM;ja;Griechisch;3;7;1;6 bis 20;nein
lemma_26488;Politetes;politetes;NAM;NAM;ja;Griechisch;3;7;2;6 bis 20;nein
lemma_4719;pover;pover;ADJ;ADJ ADV;nein;Französisch;7;7;5;6 bis 20;nein
lemma_23068;privilegium;privilegium;NOM;NOM;nein;Lateinisch;5;7;6;6 bis 20;nein
lemma_26628;promissio;promissio;NOM;NOM;nein;Lateinisch;2;7;6;6 bis 20;nein
lemma_38259;prudens;prudens;ADJ;ADJ ADV NOM;nein;Lateinisch;6;7;4;6 bis 20;nein
lemma_39122;quando;quando;ADV;ADV IPA;nein;Lateinisch;2;7;5;6 bis 20;nein
lemma_47664;quintieren;quintieren;VRB;VRB;nein;Lateinisch;8;7;5;6 bis 20;nein
lemma_16861;Raphael;raphael;NAM;NAM;ja;Hebräisch;5;7;6;6 bis 20;nein
lemma_45773;res;res;NOM;NOM;nein;Lateinisch;13;7;5;6 bis 20;nein
lemma_4871;Rhadamanthys;rhadamanthys;NAM;NAM;ja;Griechisch;4;7;3;6 bis 20;nein
lemma_4971;Romanus;romanus;NAM;NAM;ja;Lateinisch;3;7;7;6 bis 20;nein
lemma_27304;ruta;ruta;ADJ;ADJ NOM;nein;Lateinisch;4;7;4;6 bis 20;nein
lemma_22240;Sadoch;sadoch;NAM;NAM;ja;Hebräisch;4;7;3;6 bis 20;nein
lemma_26654;Sârtibarzânes;sartibarzanes;NAM;NAM;ja;Griechisch;3;7;1;6 bis 20;nein
lemma_24889;schuolære;schuolaere;NOM;NOM;nein;Lateinisch;2;7;3;6 bis 20;nein
lemma_45695;sequi;sequi;VRB;VRB;nein;Lateinisch;13;7;5;6 bis 20;nein
lemma_39550;servare;servare;VRB;VRB;nein;Lateinisch;5;7;5;6 bis 20;nein
lemma_23664;sextus;sextus;NUM;NUM;nein;Lateinisch;3;7;6;6 bis 20;nein
lemma_15979;Shadrach;shadrach;NAM;NAM;ja;Hebräisch;4;7;5;6 bis 20;nein
lemma_42100;sic;sic;ADV;ADV;nein;Lateinisch;4;7;2;6 bis 20;nein
lemma_24835;Silviûs;silvius;NAM;NAM;ja;Griechisch;3;7;1;6 bis 20;nein
lemma_26251;Sogdianos;sogdianos;NAM;NAM;ja;Persisch;5;7;1;6 bis 20;nein
lemma_25388;solstitium;solstitium;NOM;NOM;nein;Lateinisch;5;7;1;6 bis 20;nein
lemma_35246;stare;stare;VRB;VRB;nein;Lateinisch;4;7;4;6 bis 20;nein
lemma_28468;temptare;temptare;VRB;VRB;nein;Lateinisch;6;7;1;6 bis 20;nein
lemma_67904;tradere;tradere;VRB;VRB;nein;Lateinisch;6;7;2;6 bis 20;nein
lemma_63629;Turian;turian;NAM;NAM;ja;Griechisch;3;7;1;6 bis 20;nein
lemma_19125;Tyrrhenus;tyrrhenus;NAM;NAM;ja;Griechisch;3;7;1;6 bis 20;nein
lemma_18726;urinâl;urinal;NOM;NOM;nein;Lateinisch;5;7;2;6 bis 20;nein
lemma_43066;Wnislaw;wnislaw;NAM;NAM;ja;Slawisch;3;7;3;6 bis 20;nein
lemma_44524;Zawisch;zawisch;NAM;NAM;ja;Slawisch;3;7;2;6 bis 20;nein
lemma_7790;Zeleon;zeleon;NAM;NAM;ja;Hebräisch;4;7;2;6 bis 20;nein
lemma_17504;Zephilus;zephilus;NAM;NAM;ja;Griechisch;4;7;2;6 bis 20;nein
lemma_35066;Abigail;abigail;NAM;NAM;ja;Hebräisch;4;6;4;6 bis 20;nein
lemma_21363;absolvieren;absolvieren;VRB;VRB;nein;Lateinisch;5;6;5;6 bis 20;nein
lemma_25392;æquinoctium;aequinoctium;NOM;NOM;nein;Lateinisch;3;6;2;6 bis 20;nein
lemma_87;Agrippa;agrippa;NAM;NAM;ja;Griechisch, Lateinisch;6;6;4;6 bis 20;nein
lemma_25199;Alchamîs;alchamis;NAM;NAM;ja;Griechisch;3;6;2;6 bis 20;nein
lemma_34861;alphabeta;alphabeta;NOM;NOM;nein;Griechisch;2;6;3;6 bis 20;nein
lemma_28578;Altissimus;altissimus;NAM;NAM;ja;Lateinisch;6;6;4;6 bis 20;nein
lemma_26419;Ambrius;ambrius;NAM;NAM;ja;Griechisch;3;6;4;6 bis 20;nein
lemma_64889;Aminal;aminal;NAM;NAM;ja;Griechisch;3;6;1;6 bis 20;nein
lemma_65488;Ammoreon;ammoreon;NAM;NAM;ja;Griechisch;3;6;1;6 bis 20;nein
lemma_26553;Ananîas;ananias;NAM;NAM;ja;Hebräisch;4;6;3;6 bis 20;nein
lemma_24476;ancilla;ancilla;NOM;NOM;nein;Lateinisch;3;6;3;6 bis 20;nein
lemma_26614;Aquilâ;aquila;NAM;NAM;ja;Lateinisch;4;6;1;6 bis 20;nein
lemma_17670;Archeis;archeis;NAM;NAM;ja;Griechisch;3;6;3;6 bis 20;nein
lemma_25227;Argus;argus;NAM;NAM;ja;Griechisch;5;6;3;6 bis 20;nein
lemma_26701;astronomicus;astronomicus;NOM;NOM;nein;Lateinisch;6;6;6;6 bis 20;nein
lemma_21070;auctor;auctor;NOM;NOM;nein;Lateinisch;5;6;5;6 bis 20;nein
lemma_39789;Bacillus;bacillus;NAM;NAM;ja;Lateinisch;3;6;1;6 bis 20;nein
lemma_386;barchant;barchant;NOM;NOM;nein;Arabisch;2;6;3;6 bis 20;nein
lemma_64673;Barufart;barufart;NAM;NAM;ja;Griechisch;3;6;1;6 bis 20;nein
lemma_44647;Beneda;beneda;NAM;NAM;ja;Tschechisch;3;6;1;6 bis 20;nein
lemma_48826;bredigunge;bredigunge;NOM;NOM;nein;Lateinisch;5;6;3;6 bis 20;nein
lemma_13871;Budas;budas;NAM;NAM;ja;Ungarisch;3;6;6;6 bis 20;nein
lemma_34991;canonisieren;canonisieren;VRB;VRB;nein;Lateinisch;4;6;2;6 bis 20;nein
lemma_34590;Carthago;carthago;NAM;NAM;ja;Lateinisch;2;6;3;6 bis 20;nein
lemma_51107;carus;carus;ADJ;ADJ GRA;nein;Lateinisch;3;6;3;6 bis 20;nein
lemma_993;Chrestien;chrestien;NAM;NAM;ja;Französisch;4;6;4;6 bis 20;nein
lemma_34289;citare;citare;VRB;VRB;nein;Lateinisch;6;6;5;6 bis 20;nein
lemma_61650;comedere;comedere;VRB;VRB;nein;Lateinisch;7;6;2;6 bis 20;nein
lemma_27227;comesse;comesse;NOM;NOM VRB;nein;Lateinisch;2;6;1;6 bis 20;nein
lemma_37960;con;con;ADV;ADV PRP;nein;Lateinisch;4;6;5;6 bis 20;nein
lemma_15258;concordia;concordia;NOM;NOM;nein;Lateinisch;7;6;2;6 bis 20;nein
lemma_35830;contra;contra;ADV;ADV;nein;Lateinisch;4;6;5;6 bis 20;nein
lemma_28229;corona;corona;NOM;NOM VRB;nein;Lateinisch;5;6;3;6 bis 20;nein
lemma_30861;Crescentia;crescentia;NAM;NAM;ja;Lateinisch;4;6;1;6 bis 20;nein
lemma_27237;crescere;crescere;VRB;VRB;nein;Lateinisch;3;6;5;6 bis 20;nein
lemma_1044;curs;curs;NOM;NOM;nein;Französisch;2;6;3;6 bis 20;nein
lemma_28417;Cyrillus;cyrillus;NAM;NAM;ja;Griechisch;3;6;3;6 bis 20;nein
lemma_24237;dame;dame;NOM;NOM;nein;Französisch;5;6;4;6 bis 20;nein
lemma_44334;Donin;donin;NAM;NAM;ja;Slawisch;2;6;1;6 bis 20;nein
lemma_28540;Emilius;emilius;NAM;NAM;ja;Griechisch, Lateinisch;4;6;3;6 bis 20;nein
lemma_22456;estre;estre;VEX;VEX VRB;nein;Französisch;4;6;2;6 bis 20;nein
lemma_23447;Exâtreus;exatreus;NAM;NAM;ja;Griechisch;3;6;1;6 bis 20;nein
lemma_35286;exaudire;exaudire;VRB;VRB;nein;Lateinisch;4;6;4;6 bis 20;nein
lemma_28394;Faustinianus;faustinianus;NAM;NAM;ja;Lateinisch;3;6;1;6 bis 20;nein
lemma_1781;feitiure;feitiure;NOM;NOM;nein;Französisch;6;6;3;6 bis 20;nein
lemma_35003;festus;festus;ADJ;ADJ NOM;nein;Lateinisch;6;6;5;6 bis 20;nein
lemma_46151;futurus;futurus;ADJ;ADJ;nein;Lateinisch;3;6;3;6 bis 20;nein
lemma_1901;Gandelus;gandelus;NAM;NAM;ja;Französisch, Lateinisch;4;6;4;6 bis 20;nein
lemma_29541;Gelbôê;gelboe;NAM;NAM;ja;Hebräisch;3;6;4;6 bis 20;nein
lemma_10193;gentil;gentil;ADJ;ADJ;nein;Französisch;2;6;3;6 bis 20;nein
lemma_21211;Golgota;golgota;NAM;NAM;ja;Aramäisch;3;6;5;6 bis 20;nein
lemma_2563;Gweiz Preljus;gweiz preljus;NAM;NAM;ja;Französisch;2;6;1;6 bis 20;nein
lemma_26247;Hegelôch;hegeloch;NAM;NAM;ja;Griechisch;3;6;1;6 bis 20;nein
lemma_75209;honorare;honorare;VRB;VRB;nein;Lateinisch;3;6;3;6 bis 20;nein
lemma_48398;hora;hora;NOM;NOM;nein;Lateinisch;2;6;4;6 bis 20;nein
lemma_43068;Hostinc;hostinc;NAM;NAM;ja;Slawisch, Tschechisch;4;6;3;6 bis 20;nein
lemma_32070;Hupos;hupos;NAM;NAM;ja;Griechisch;3;6;1;6 bis 20;nein
lemma_31644;iam;iam;ADV;ADV;nein;Lateinisch;2;6;3;6 bis 20;nein
lemma_40365;implere;implere;VRB;VRB;nein;Lateinisch;10;6;1;6 bis 20;nein
lemma_28462;inimicus;inimicus;ADJ;ADJ NEG NOM;nein;Lateinisch;6;6;3;6 bis 20;nein
lemma_39509;iniquitas;iniquitas;NOM;NOM;nein;Lateinisch;4;6;2;6 bis 20;nein
lemma_22863;intellectus;intellectus;NOM;NOM;nein;Lateinisch;4;6;3;6 bis 20;nein
lemma_41329;interrogare;interrogare;NOM;NOM VRB;nein;Lateinisch;9;6;2;6 bis 20;nein
lemma_38628;iurare;iurare;NOM;NOM VRB;nein;Lateinisch;4;6;6;6 bis 20;nein
lemma_16665;Jorant;jorant;NAM;NAM;ja;Französisch;3;6;4;6 bis 20;nein
lemma_24103;Kalcas;kalcas;NAM;NAM;ja;Griechisch;3;6;2;6 bis 20;nein
lemma_18206;Kalo;kalo;NAM;NAM;ja;Griechisch;3;6;2;6 bis 20;nein
lemma_16722;kapitân;kapitan;NOM;NOM;nein;Französisch;4;6;2;6 bis 20;nein
lemma_33112;kerrîne;kerrine;NOM;NOM;nein;Lateinisch;5;6;4;6 bis 20;nein
lemma_27273;kürbiz;kuerbiz;NOM;NOM;nein;Lateinisch;2;6;4;6 bis 20;nein
lemma_29672;Lauconie;lauconie;NAM;NAM;ja;Griechisch;2;6;3;6 bis 20;nein
lemma_11135;lecter;lecter;NOM;NOM;nein;Lateinisch;4;6;4;6 bis 20;nein
lemma_25110;levare;levare;VRB;VRB;nein;Lateinisch;6;6;3;6 bis 20;nein
lemma_22518;liberare;liberare;VRB;VRB;nein;Lateinisch;5;6;4;6 bis 20;nein
lemma_26369;Lîcûs;licus;NAM;NAM;ja;Griechisch;3;6;1;6 bis 20;nein
lemma_45039;Ligorides;ligorides;NAM;NAM;ja;Griechisch;3;6;1;6 bis 20;nein
lemma_60154;loggia;loggia;NOM;NOM;nein;Italienisch;2;6;2;6 bis 20;nein
lemma_29296;Macrobius;macrobius;NAM;NAM;ja;Lateinisch;3;6;2;6 bis 20;nein
lemma_42391;makel;makel;NOM;NOM;nein;Lateinisch;4;6;5;6 bis 20;nein
lemma_30318;manere;manere;VRB;VRB;nein;Lateinisch;5;6;3;6 bis 20;nein
lemma_3970;manger;manger;NOM;NOM;nein;Französisch;3;6;6;6 bis 20;nein
lemma_11499;maris;maris;NOM;NOM;nein;Lateinisch;2;6;4;6 bis 20;nein
lemma_43909;Mastinus;mastinus;NAM;NAM;ja;Lateinisch;3;6;1;6 bis 20;nein
lemma_35264;medicina;medicina;NOM;NOM;nein;Lateinisch;3;6;4;6 bis 20;nein
lemma_65449;Melios;melios;NAM;NAM;ja;Griechisch;3;6;1;6 bis 20;nein
lemma_29269;mens;mens;NOM;NOM;nein;Lateinisch;3;6;3;6 bis 20;nein
lemma_15759;mille;mille;NUM;NUM;nein;Lateinisch;2;6;3;6 bis 20;nein
lemma_24881;misencar;misencar;NOM;NOM;nein;Lateinisch;2;6;4;6 bis 20;nein
lemma_42414;Mlada;mlada;NAM;NAM;ja;Slawisch, Tschechisch;4;6;2;6 bis 20;nein
lemma_31865;moi;moi;POS;POS PRO;nein;Französisch, Slawisch;3;6;4;6 bis 20;nein
lemma_27263;moriri;moriri;VRB;VRB;nein;Lateinisch;3;6;4;6 bis 20;nein
lemma_27720;mortuus;mortuus;ADJ;ADJ NOM;nein;Lateinisch;2;6;3;6 bis 20;nein
lemma_27095;nimis;nimis;ADV;ADV;nein;Lateinisch;3;6;4;6 bis 20;nein
lemma_69792;odire;odire;NOM;NOM VRB;nein;Lateinisch;4;6;2;6 bis 20;nein
lemma_28801;Oinone;oinone;NAM;NAM;ja;Griechisch;3;6;2;6 bis 20;nein
lemma_29790;omnipotens;omnipotens;ADJ;ADJ NOM;nein;Lateinisch;4;6;2;6 bis 20;nein
lemma_24148;Origenes;origenes;NAM;NAM;ja;Griechisch;4;6;4;6 bis 20;nein
lemma_10275;Orpheus;orpheus;NAM;NAM;ja;Griechisch;4;6;6;6 bis 20;nein
lemma_35151;osculari;osculari;NOM;NOM VRB;nein;Lateinisch;5;6;3;6 bis 20;nein
lemma_4519;Osterwitz;osterwitz;NAM;NAM;ja;Slawisch;2;6;2;6 bis 20;nein
lemma_35056;palatium;palatium;NOM;NOM;nein;Lateinisch;2;6;5;6 bis 20;nein
lemma_26243;Pamplus;pamplus;NAM;NAM;ja;Griechisch;3;6;1;6 bis 20;nein
lemma_4549;Pandarus;pandarus;NAM;NAM;ja;Griechisch;3;6;3;6 bis 20;nein
lemma_27100;pannus;pannus;NOM;NOM;nein;Lateinisch;2;6;2;6 bis 20;nein
lemma_4565;pardrîs;pardris;NOM;NOM;nein;Französisch, Lateinisch;4;6;4;6 bis 20;nein
lemma_63569;Parlant;parlant;NAM;NAM;ja;Griechisch;2;6;1;6 bis 20;nein
lemma_4573;partire;partire;VRB;VRB;nein;Lateinisch;10;6;5;6 bis 20;nein
lemma_29297;Pascalis;pascalis;NAM;NAM;ja;Lateinisch;4;6;3;6 bis 20;nein
lemma_29662;patientia;patientia;ADJ;ADJ NOM;nein;Lateinisch;2;6;2;6 bis 20;nein
lemma_44994;Pentapolis;pentapolis;NAM;NAM;ja;Griechisch;2;6;1;6 bis 20;nein
lemma_45060;Philomancia;philomancia;NAM;NAM;ja;Griechisch;3;6;1;6 bis 20;nein
lemma_25518;Pluto;pluto;NAM;NAM;ja;Lateinisch;6;6;4;6 bis 20;nein
lemma_31476;pôdâgrâ;podagra;NOM;NOM;nein;Lateinisch;3;6;3;6 bis 20;nein
lemma_26484;Polipêtes;polipetes;NAM;NAM;ja;Griechisch;3;6;2;6 bis 20;nein
lemma_19323;Polixenus;polixenus;NAM;NAM;ja;Griechisch;3;6;2;6 bis 20;nein
lemma_31489;possidere;possidere;VRB;VRB;nein;Lateinisch;3;6;2;6 bis 20;nein
lemma_45901;praesentia;praesentia;NOM;NOM;nein;Lateinisch;4;6;6;6 bis 20;nein
lemma_49107;pressære;pressaere;NOM;NOM;nein;Französisch;5;6;1;6 bis 20;nein
lemma_35028;prex;prex;NOM;NOM;nein;Lateinisch;3;6;4;6 bis 20;nein
lemma_35537;principatus;principatus;NOM;NOM;nein;Lateinisch;9;6;2;6 bis 20;nein
lemma_23980;Prisciânus;priscianus;NAM;NAM;ja;Griechisch, Lateinisch;6;6;3;6 bis 20;nein
lemma_45280;process;process;NOM;NOM;nein;Lateinisch;3;6;5;6 bis 20;nein
lemma_44681;Prokosch;prokosch;NAM;NAM;ja;Tschechisch;3;6;1;6 bis 20;nein
lemma_18589;provincia;provincia;ADJ;ADJ NOM;nein;Lateinisch;2;6;5;6 bis 20;nein
lemma_30271;puls;puls;NOM;NOM;nein;Lateinisch;5;6;4;6 bis 20;nein
lemma_33869;regalia;regalia;NOM;NOM;nein;Lateinisch;6;6;3;6 bis 20;nein
lemma_45554;relinquere;relinquere;VRB;VRB;nein;Lateinisch;4;6;3;6 bis 20;nein
lemma_31697;repromissio;repromissio;NOM;NOM;nein;Lateinisch;3;6;3;6 bis 20;nein
lemma_35154;requiescere;requiescere;VRB;VRB;nein;Lateinisch;3;6;4;6 bis 20;nein
lemma_39168;retribuere;retribuere;VRB;VRB;nein;Lateinisch;7;6;3;6 bis 20;nein
lemma_25535;rogare;rogare;VRB;VRB;nein;Lateinisch;7;6;4;6 bis 20;nein
lemma_30274;Rompheâ;romphea;NAM;NAM;ja;Lateinisch;3;6;1;6 bis 20;nein
lemma_34638;salvare;salvare;INJ;INJ VRB;nein;Lateinisch;8;6;2;6 bis 20;nein
lemma_62470;sanctus;sanctus;ADJ;ADJ;nein;Lateinisch;5;6;6;6 bis 20;nein
lemma_59478;Saverne;saverne;NAM;NAM;ja;Französisch;2;6;1;6 bis 20;nein
lemma_59016;semen;semen;NOM;NOM;nein;Lateinisch;7;6;1;6 bis 20;nein
lemma_36978;servus;servus;NOM;NOM;nein;Lateinisch;3;6;4;6 bis 20;nein
lemma_28363;Severinus;severinus;NAM;NAM;ja;Lateinisch;4;6;4;6 bis 20;nein
lemma_59473;Sigurates;sigurates;NAM;NAM;ja;Französisch;3;6;1;6 bis 20;nein
lemma_30874;Solenus;solenus;NAM;NAM;ja;Griechisch;3;6;2;6 bis 20;nein
lemma_44568;Stanislaw;stanislaw;NAM;NAM;ja;Slawisch;3;6;2;6 bis 20;nein
lemma_27112;studium;studium;NOM;NOM;nein;Lateinisch;2;6;5;6 bis 20;nein
lemma_5890;sunderrote;sunderrote;NOM;NOM;nein;Französisch;5;6;4;6 bis 20;nein
lemma_5915;surzengel;surzengel;NOM;NOM;nein;Französisch;3;6;4;6 bis 20;nein
lemma_28251;Symachus;symachus;NAM;NAM;ja;Griechisch;3;6;2;6 bis 20;nein
lemma_16270;talfialte;talfialte;ADJ;ADJ NOM;nein;Französisch;4;6;1;6 bis 20;nein
lemma_44977;Taliarchus;taliarchus;NAM;NAM;ja;Griechisch;3;6;1;6 bis 20;nein
lemma_36622;tantus;tantus;NOM;NOM;nein;Lateinisch;4;6;4;6 bis 20;nein
lemma_29459;testimonium;testimonium;NOM;NOM;nein;Lateinisch;5;6;1;6 bis 20;nein
lemma_29434;Thanais;thanais;NAM;NAM;ja;Griechisch;2;6;1;6 bis 20;nein
lemma_6070;Thara;thara;NAM;NAM;ja;Hebräisch;4;6;3;6 bis 20;nein
lemma_28079;Thelafus;thelafus;NAM;NAM;ja;Griechisch;3;6;2;6 bis 20;nein
lemma_28081;Thelemacus;thelemacus;NAM;NAM;ja;Griechisch;3;6;1;6 bis 20;nein
lemma_21906;timere;timere;VRB;VRB;nein;Lateinisch;6;6;4;6 bis 20;nein
lemma_24311;tollere;tollere;VRB;VRB;nein;Lateinisch;13;6;4;6 bis 20;nein
lemma_27388;Vagôsus;vagosus;NAM;NAM;ja;Lateinisch;3;6;1;6 bis 20;nein
lemma_76170;vermaleditiu;vermaleditiu;ADJ;ADJ;nein;Lateinisch;5;6;5;6 bis 20;nein
lemma_64736;Vernande;vernande;NAM;NAM;ja;Griechisch;3;6;1;6 bis 20;nein
lemma_12280;vernoijieren;vernoijieren;NOM;NOM VRB;nein;Französisch;7;6;6;6 bis 20;nein
lemma_28840;victoria;victoria;NOM;NOM;nein;Lateinisch;4;6;3;6 bis 20;nein
lemma_23745;Vincentius;vincentius;NAM;NAM;ja;Lateinisch;4;6;5;6 bis 20;nein
lemma_28838;vincere;vincere;VRB;VRB;nein;Lateinisch;4;6;3;6 bis 20;nein
lemma_45782;vitare;vitare;VRB;VRB;nein;Lateinisch;5;6;2;6 bis 20;nein
lemma_28466;vultus;vultus;NOM;NOM;nein;Lateinisch;4;6;2;6 bis 20;nein
lemma_34675;abscondere;abscondere;VRB;VRB;nein;Lateinisch;5;5;3;2 bis 5;nein
lemma_34819;adorare;adorare;VRB;VRB;nein;Lateinisch;3;5;2;2 bis 5;nein
lemma_21426;Afrus;afrus;NAM;NAM;ja;Lateinisch;3;5;4;2 bis 5;nein
lemma_28374;Agapitus;agapitus;NAM;NAM;ja;Lateinisch;4;5;3;2 bis 5;nein
lemma_15406;Agatha;agatha;NAM;NAM;ja;Lateinisch;4;5;3;2 bis 5;nein
lemma_23752;Agenor;agenor;NAM;NAM;ja;Griechisch;3;5;2;2 bis 5;nein
lemma_17455;ahse;ahse;NOM;NOM;nein;Lateinisch;5;5;5;2 bis 5;nein
lemma_34682;Albertinus;albertinus;NAM;NAM;ja;Griechisch;3;5;2;2 bis 5;nein
lemma_26582;Amâsîas;amasias;NAM;NAM;ja;Hebräisch;4;5;4;2 bis 5;nein
lemma_45860;amicitia;amicitia;NOM;NOM;nein;Lateinisch;3;5;1;2 bis 5;nein
lemma_63449;Amphius;amphius;NAM;NAM;ja;Griechisch;3;5;1;2 bis 5;nein
lemma_26385;Andronicus;andronicus;NAM;NAM;ja;Griechisch, Lateinisch;4;5;3;2 bis 5;nein
lemma_18891;antiquus;antiquus;ADJ;ADJ;nein;Lateinisch;3;5;3;2 bis 5;nein
lemma_25472;aperire;aperire;VRB;VRB;nein;Lateinisch;4;5;3;2 bis 5;nein
lemma_37252;aqua;aqua;NOM;NOM;nein;Lateinisch;2;5;3;2 bis 5;nein
lemma_30566;arbor;arbor;NOM;NOM;nein;Lateinisch;2;5;2;2 bis 5;nein
lemma_25391;Aries;aries;NAM;NAM;ja;Lateinisch;5;5;2;2 bis 5;nein
lemma_26180;Aristômêdes;aristomedes;NAM;NAM;ja;Griechisch;3;5;2;2 bis 5;nein
lemma_20492;ars;ars;NOM;NOM;nein;Lateinisch;4;5;4;2 bis 5;nein
lemma_313;Asclepius;asclepius;NAM;NAM;ja;Lateinisch;4;5;3;2 bis 5;nein
lemma_26293;Atilus;atilus;NAM;NAM;ja;Griechisch;3;5;1;2 bis 5;nein
lemma_29433;Atropos;atropos;NAM;NAM;ja;Griechisch;7;5;3;2 bis 5;nein
lemma_26496;Attarras;attarras;NAM;NAM;ja;Griechisch;3;5;1;2 bis 5;nein
lemma_28181;augur;augur;NOM;NOM;nein;Lateinisch;4;5;5;2 bis 5;nein
lemma_21500;Aventînus;aventinus;NAM;NAM;ja;Lateinisch;3;5;1;2 bis 5;nein
lemma_7986;balsamvaz;balsamvaz;NOM;NOM;nein;Lateinisch;4;5;5;2 bis 5;nein
lemma_17925;basis;basis;NOM;NOM;nein;Lateinisch;3;5;1;2 bis 5;nein
lemma_44262;Biela;biela;NAM;NAM;ja;Slawisch;4;5;1;2 bis 5;nein
lemma_797;bois;bois;NOM;NOM;nein;Französisch;3;5;3;2 bis 5;nein
lemma_780;bônît;bonit;NOM;NOM;nein;Französisch;2;5;4;2 bis 5;nein
lemma_31706;bonitas;bonitas;NOM;NOM;nein;Lateinisch;3;5;3;2 bis 5;nein
lemma_44274;Bosena;bosena;NAM;NAM;ja;Tschechisch;3;5;2;2 bis 5;nein
lemma_34453;Brutus;brutus;NAM;NAM;ja;Griechisch, Lateinisch;4;5;5;2 bis 5;nein
lemma_25505;Calvaria;calvaria;NAM;NAM;ja;Lateinisch;3;5;5;2 bis 5;nein
lemma_28247;canticum;canticum;NOM;NOM;nein;Lateinisch;2;5;5;2 bis 5;nein
lemma_28536;Cassibilaus;cassibilaus;NAM;NAM;ja;Griechisch;3;5;1;2 bis 5;nein
lemma_32790;casula;casula;NOM;NOM;nein;Lateinisch;2;5;5;2 bis 5;nein
lemma_43375;Cavomet;cavomet;NAM;NAM;ja;Französisch;3;5;1;2 bis 5;nein
lemma_10810;chanter;chanter;NOM;NOM VRB;nein;Französisch;4;5;4;2 bis 5;nein
lemma_27093;cibus;cibus;NOM;NOM VRB;nein;Lateinisch;4;5;4;2 bis 5;nein
lemma_11727;Clargis;clargis;NAM;NAM;ja;Französisch;3;5;2;2 bis 5;nein
lemma_1004;Clias;clias;NAM;NAM;ja;Griechisch;3;5;4;2 bis 5;nein
lemma_45841;Clotho;clotho;NAM;NAM;ja;Griechisch;7;5;4;2 bis 5;nein
lemma_34798;cogitare;cogitare;VRB;VRB;nein;Lateinisch;3;5;3;2 bis 5;nein
lemma_46157;confirmare;confirmare;VRB;VRB;nein;Lateinisch;6;5;2;2 bis 5;nein
lemma_28399;Conlatinus;conlatinus;NAM;NAM;ja;Lateinisch;3;5;1;2 bis 5;nein
lemma_11478;consistorium;consistorium;NOM;NOM;nein;Lateinisch;5;5;3;2 bis 5;nein
lemma_46060;contestatio;contestatio;NOM;NOM;nein;Lateinisch;4;5;1;2 bis 5;nein
lemma_69839;coram;coram;ADV;ADV;nein;Lateinisch;3;5;2;2 bis 5;nein
lemma_45791;correctio;correctio;NOM;NOM;nein;Lateinisch;4;5;3;2 bis 5;nein
lemma_47405;Crates;crates;NAM;NAM;ja;Griechisch;4;5;2;2 bis 5;nein
lemma_19852;Cycrops;cycrops;NAM;NAM;ja;Griechisch;3;5;2;2 bis 5;nein
lemma_28283;Dardanides;dardanides;NAM;NAM;ja;Griechisch;2;5;2;2 bis 5;nein
lemma_28282;Dardanus;dardanus;NAM;NAM;ja;Lateinisch;3;5;2;2 bis 5;nein
lemma_44344;Dauba;dauba;NAM;NAM;ja;Tschechisch;2;5;2;2 bis 5;nein
lemma_29083;Delphos;delphos;NAM;NAM;ja;Griechisch;2;5;1;2 bis 5;nein
lemma_44330;Deodatus;deodatus;NAM;NAM;ja;Lateinisch;3;5;1;2 bis 5;nein
lemma_36614;desertus;desertus;ADJ;ADJ;nein;Lateinisch;4;5;2;2 bis 5;nein
lemma_30191;Didascalus;didascalus;NAM;NAM;ja;Griechisch;3;5;2;2 bis 5;nein
lemma_1161;dieu;dieu;NOM;NOM;nein;Französisch;4;5;3;2 bis 5;nein
lemma_16782;differenz;differenz;NOM;NOM;nein;Lateinisch;4;5;2;2 bis 5;nein
lemma_67688;dignare;dignare;VRB;VRB;nein;Lateinisch;5;5;2;2 bis 5;nein
lemma_73123;dilectus;dilectus;ADJ;ADJ NOM;nein;Lateinisch;3;5;3;2 bis 5;nein
lemma_44931;Dionysiade;dionysiade;NAM;NAM;ja;Griechisch;3;5;1;2 bis 5;nein
lemma_39333;dividere;dividere;VRB;VRB;nein;Lateinisch;4;5;3;2 bis 5;nein
lemma_24308;Dolostalus;dolostalus;NAM;NAM;ja;Griechisch, Lateinisch;4;5;1;2 bis 5;nein
lemma_35052;donum;donum;NOM;NOM;nein;Lateinisch;3;5;4;2 bis 5;nein
lemma_26257;Dorion;dorion;NAM;NAM;ja;Griechisch;3;5;2;2 bis 5;nein
lemma_28398;Epicuros;epicuros;NAM;NAM;ja;Griechisch;5;5;3;2 bis 5;nein
lemma_20236;Eschinus;eschinus;NAM;NAM;ja;Lateinisch;3;5;2;2 bis 5;nein
lemma_28594;Esipholus;esipholus;NAM;NAM;ja;Griechisch;3;5;2;2 bis 5;nein
lemma_20135;Estreus;estreus;NAM;NAM;ja;Lateinisch;3;5;1;2 bis 5;nein
lemma_26206;Eumîlio;eumilio;NAM;NAM;ja;Lateinisch;3;5;1;2 bis 5;nein
lemma_26205;Eustachius;eustachius;NAM;NAM;ja;Lateinisch;4;5;5;2 bis 5;nein
lemma_46108;exceptio;exceptio;NOM;NOM;nein;Lateinisch;7;5;1;2 bis 5;nein
lemma_30160;exire;exire;VRB;VRB;nein;Lateinisch;4;5;2;2 bis 5;nein
lemma_28475;expectare;expectare;NOM;NOM VRB;nein;Lateinisch;6;5;1;2 bis 5;nein
lemma_44731;fama;fama;NOM;NOM;nein;Lateinisch;4;5;4;2 bis 5;nein
lemma_24275;Fidias;fidias;NAM;NAM;ja;Griechisch;3;5;1;2 bis 5;nein
lemma_33556;Fiustritz;fiustritz;NAM;NAM;ja;Slawisch;2;5;1;2 bis 5;nein
lemma_17780;Floramie;floramie;NAM;NAM;ja;Französisch, Lateinisch;4;5;1;2 bis 5;nein
lemma_40417;furor;furor;NOM;NOM;nein;Lateinisch;4;5;3;2 bis 5;nein
lemma_38537;Galba;galba;NAM;NAM;ja;Lateinisch;3;5;2;2 bis 5;nein
lemma_15831;Galthêrus;galtherus;NAM;NAM;ja;Griechisch;3;5;2;2 bis 5;nein
lemma_36410;Gatiers Map;gatiers map;NAM;NAM;ja;Französisch;3;5;1;2 bis 5;nein
lemma_38548;Germania;germania;NAM;NAM;ja;Lateinisch;3;5;4;2 bis 5;nein
lemma_20753;Gorgias;gorgias;NAM;NAM;ja;Griechisch;3;5;4;2 bis 5;nein
lemma_34801;Guido;guido;NAM;NAM;ja;Lateinisch;4;5;3;2 bis 5;nein
lemma_65348;Hamor;hamor;NAM;NAM;ja;Griechisch;3;5;1;2 bis 5;nein
lemma_14604;Helenôr;helenor;NAM;NAM;ja;Griechisch;3;5;1;2 bis 5;nein
lemma_32182;Hellas;hellas;NAM;NAM;ja;Griechisch;2;5;2;2 bis 5;nein
lemma_44347;Horaschdowitz;horaschdowitz;NAM;NAM;ja;Slawisch, Tschechisch;3;5;3;2 bis 5;nein
lemma_24605;hostia;hostia;NOM;NOM;nein;Lateinisch;4;5;4;2 bis 5;nein
lemma_46484;humanus;humanus;ADJ;ADJ;nein;Lateinisch;2;5;2;2 bis 5;nein
lemma_38574;humiliare;humiliare;VRB;VRB;nein;Lateinisch;8;5;2;2 bis 5;nein
lemma_27255;ideo;ideo;ADV;ADV;nein;Lateinisch;3;5;4;2 bis 5;nein
lemma_69896;induere;induere;VRB;VRB;nein;Lateinisch;4;5;1;2 bis 5;nein
lemma_72137;innomine;innomine;ADV;ADV;nein;Lateinisch;2;5;1;2 bis 5;nein
lemma_31616;iter;iter;NOM;NOM VRB;nein;Lateinisch;3;5;4;2 bis 5;nein
lemma_18844;jardin;jardin;NOM;NOM;nein;Französisch;5;5;1;2 bis 5;nein
lemma_26132;Joel;joel;NAM;NAM;ja;Hebräisch;4;5;4;2 bis 5;nein
lemma_26131;Jollas;jollas;NAM;NAM;ja;Griechisch;3;5;1;2 bis 5;nein
lemma_26127;Jônitus;jonitus;NAM;NAM;ja;Hebräisch;4;5;1;2 bis 5;nein
lemma_20739;Juliana;juliana;NAM;NAM;ja;Lateinisch;4;5;3;2 bis 5;nein
lemma_3263;Kator;kator;NAM;NAM;ja;Französisch;3;5;2;2 bis 5;nein
lemma_48723;klæren;klaeren;VRB;VRB;nein;Lateinisch;8;5;4;2 bis 5;nein
lemma_44399;Koyata;koyata;NAM;NAM;ja;Tschechisch;3;5;2;2 bis 5;nein
lemma_42330;Krok;krok;NAM;NAM;ja;Tschechisch;3;5;2;2 bis 5;nein
lemma_63848;Kurtin;kurtin;NAM;NAM;ja;Griechisch;2;5;1;2 bis 5;nein
lemma_18930;Lachesis;lachesis;NAM;NAM;ja;Griechisch;7;5;3;2 bis 5;nein
lemma_29437;Laomedonta;laomedonta;NAM;NAM;ja;Griechisch;3;5;2;2 bis 5;nein
lemma_24009;lapis;lapis;NOM;NOM;nein;Lateinisch;4;5;3;2 bis 5;nein
lemma_26959;laxis;laxis;NOM;NOM;nein;Lateinisch;2;5;3;2 bis 5;nein
lemma_27032;lebekuoche;lebekuoche;NOM;NOM;nein;Lateinisch;4;5;2;2 bis 5;nein
lemma_45913;lectare;lectare;VRB;VRB;nein;Lateinisch;4;5;2;2 bis 5;nein
lemma_45716;legere;legere;VRB;VRB;nein;Lateinisch;10;5;2;2 bis 5;nein
lemma_44408;Leitomischl;leitomischl;NAM;NAM;ja;Tschechisch;2;5;2;2 bis 5;nein
lemma_26374;Lîcas;licas;NAM;NAM;ja;Griechisch;3;5;1;2 bis 5;nein
lemma_45757;licere;licere;VRB;VRB;nein;Lateinisch;3;5;2;2 bis 5;nein
lemma_31239;Lifronîs;lifronis;NAM;NAM;ja;Griechisch;3;5;1;2 bis 5;nein
lemma_34074;Ligniz;ligniz;NAM;NAM;ja;Slawisch;2;5;1;2 bis 5;nein
lemma_28595;Lincus;lincus;NAM;NAM;ja;Griechisch;2;5;2;2 bis 5;nein
lemma_30602;lingua;lingua;NOM;NOM;nein;Lateinisch;3;5;4;2 bis 5;nein
lemma_45623;loquella;loquella;NOM;NOM;nein;Lateinisch;5;5;1;2 bis 5;nein
lemma_18127;Lotilâus;lotilaus;NAM;NAM;ja;Griechisch;3;5;1;2 bis 5;nein
lemma_62568;Lumer;lumer;NAM;NAM;ja;Griechisch;3;5;1;2 bis 5;nein
lemma_18128;Lûtmeritz;lutmeritz;NAM;NAM;ja;Slawisch;2;5;2;2 bis 5;nein
lemma_16511;Lyschandes;lyschandes;NAM;NAM;ja;Französisch;3;5;1;2 bis 5;nein
lemma_21548;Machaon;machaon;NAM;NAM;ja;Griechisch;3;5;2;2 bis 5;nein
lemma_34336;Maldint;maldint;NAM;NAM;ja;Französisch;5;5;1;2 bis 5;nein
lemma_45811;manducare;manducare;VRB;VRB;nein;Lateinisch;5;5;2;2 bis 5;nein
lemma_21663;Marans;marans;NAM;NAM;ja;Französisch;3;5;1;2 bis 5;nein
lemma_64672;Marolt;marolt;NAM;NAM;ja;Griechisch;3;5;1;2 bis 5;nein
lemma_4015;mate;mate;NOM;NOM;nein;Lateinisch;6;5;4;2 bis 5;nein
lemma_38578;Maximilianus;maximilianus;NAM;NAM;ja;Lateinisch;3;5;1;2 bis 5;nein
lemma_28353;medicus;medicus;NOM;NOM;nein;Lateinisch;4;5;5;2 bis 5;nein
lemma_26234;Memnôn;memnon;NAM;NAM;ja;Griechisch;3;5;1;2 bis 5;nein
lemma_34395;mitis;mitis;ADJ;ADJ;nein;Lateinisch;5;5;3;2 bis 5;nein
lemma_27419;Moab;moab;NAM;NAM;ja;Hebräisch;5;5;4;2 bis 5;nein
lemma_14640;Monteflor;monteflor;NAM;NAM;ja;Französisch, Lateinisch;5;5;1;2 bis 5;nein
lemma_31035;Montfort;montfort;NAM;NAM;ja;Französisch, Lateinisch;6;5;4;2 bis 5;nein
lemma_25124;Morguweiz;morguweiz;NAM;NAM;ja;Arabisch;3;5;2;2 bis 5;nein
lemma_44675;Muodinc;muodinc;NAM;NAM;ja;Slawisch, Tschechisch;4;5;1;2 bis 5;nein
lemma_59854;murmelunge;murmelunge;NOM;NOM;nein;Lateinisch;5;5;3;2 bis 5;nein
lemma_28418;Narcissus;narcissus;NAM;NAM;ja;Griechisch;5;5;5;2 bis 5;nein
lemma_42315;Nezamisl;nezamisl;NAM;NAM;ja;Tschechisch;2;5;3;2 bis 5;nein
lemma_29206;Niobe;niobe;NAM;NAM;ja;Griechisch;2;5;1;2 bis 5;nein
lemma_37951;nox;nox;NOM;NOM;nein;Lateinisch;3;5;3;2 bis 5;nein
lemma_30132;Numa Pompilius;numa pompilius;NAM;NAM;ja;Lateinisch;4;5;2;2 bis 5;nein
lemma_46299;numerus;numerus;NOM;NOM;nein;Lateinisch;3;5;3;2 bis 5;nein
lemma_67820;ob;ob;PRP;PRP;nein;Lateinisch;3;5;1;2 bis 5;nein
lemma_32017;Odinias;odinias;NAM;NAM;ja;Griechisch;3;5;1;2 bis 5;nein
lemma_15754;Olympus;olympus;NAM;NAM;ja;Griechisch;3;5;4;2 bis 5;nein
lemma_67610;operare;operare;VRB;VRB;nein;Lateinisch;5;5;2;2 bis 5;nein
lemma_24145;Orsines;orsines;NAM;NAM;ja;Griechisch;3;5;2;2 bis 5;nein
lemma_39450;ovis;ovis;NOM;NOM;nein;Lateinisch;3;5;3;2 bis 5;nein
lemma_23440;Oxîatres;oxiatres;NAM;NAM;ja;Griechisch;3;5;2;2 bis 5;nein
lemma_78508;Pallantes;pallantes;NAM;NAM;ja;Griechisch;3;5;1;2 bis 5;nein
lemma_63869;Palterius;palterius;NAM;NAM;ja;Griechisch;3;5;1;2 bis 5;nein
lemma_19224;Panfilias;panfilias;NAM;NAM;ja;Persisch;3;5;2;2 bis 5;nein
lemma_19223;Pantus;pantus;NAM;NAM;ja;Griechisch;3;5;2;2 bis 5;nein
lemma_27114;paralisis;paralisis;NOM;NOM;nein;Griechisch;5;5;3;2 bis 5;nein
lemma_25541;pascere;pascere;VRB;VRB;nein;Lateinisch;4;5;4;2 bis 5;nein
lemma_13211;Peliôt;peliot;NAM;NAM;ja;Französisch;3;5;1;2 bis 5;nein
lemma_18002;per;per;PRP;PRP;nein;Lateinisch;3;5;4;2 bis 5;nein
lemma_67891;perire;perire;VRB;VRB;nein;Lateinisch;4;5;2;2 bis 5;nein
lemma_23063;perpetuus;perpetuus;ADJ;ADJ;nein;Lateinisch;3;5;4;2 bis 5;nein
lemma_43061;Petrech;petrech;NAM;NAM;ja;Tschechisch;2;5;2;2 bis 5;nein
lemma_26441;Peutestes;peutestes;NAM;NAM;ja;Griechisch;3;5;2;2 bis 5;nein
lemma_27837;Phâres;phares;NAM;NAM;ja;Hebräisch;3;5;1;2 bis 5;nein
lemma_30260;Pharôs;pharos;NAM;NAM;ja;Griechisch;3;5;1;2 bis 5;nein
lemma_64591;Pictogines;pictogines;NAM;NAM;ja;Griechisch;3;5;1;2 bis 5;nein
lemma_64596;Pidrol;pidrol;NAM;NAM;ja;Griechisch;3;5;1;2 bis 5;nein
lemma_35208;plenitudo;plenitudo;NOM;NOM;nein;Lateinisch;2;5;3;2 bis 5;nein
lemma_45738;poena;poena;NOM;NOM;nein;Lateinisch;5;5;3;2 bis 5;nein
lemma_26477;Polidarius;polidarius;NAM;NAM;ja;Griechisch;3;5;2;2 bis 5;nein
lemma_29789;potentia;potentia;NOM;NOM;nein;Lateinisch;3;5;4;2 bis 5;nein
lemma_35148;prae;prae;PRP;PRP;nein;Lateinisch;4;5;4;2 bis 5;nein
lemma_67872;praedicare;praedicare;VRB;VRB;nein;Lateinisch;7;5;2;2 bis 5;nein
lemma_43143;prâerîe;praerie;NOM;NOM;nein;Französisch;4;5;2;2 bis 5;nein
lemma_26634;prologus;prologus;NOM;NOM;nein;Lateinisch;5;5;4;2 bis 5;nein
lemma_4740;prophetissa;prophetissa;NOM;NOM;nein;Lateinisch;7;5;4;2 bis 5;nein
lemma_26635;Proteus;proteus;NAM;NAM;ja;Griechisch;4;5;1;2 bis 5;nein
lemma_21832;psalmista;psalmista;NOM;NOM;nein;Griechisch, Hebräisch, Lateinisch;10;5;4;2 bis 5;nein
lemma_45788;quare;quare;ADV;ADV CNJ;nein;Lateinisch;2;5;3;2 bis 5;nein
lemma_35308;quisquis;quisquis;PRO;PRO;nein;Lateinisch;3;5;4;2 bis 5;nein
lemma_45828;quoque;quoque;ADV;ADV;nein;Lateinisch;2;5;5;2 bis 5;nein
lemma_45803;rarus;rarus;ADV;ADV;nein;Lateinisch;5;5;4;2 bis 5;nein
lemma_29528;Rebecca;rebecca;NAM;NAM;ja;Hebräisch;4;5;2;2 bis 5;nein
lemma_28322;redemptio;redemptio;NOM;NOM;nein;Lateinisch;8;5;2;2 bis 5;nein
lemma_52772;regalis;regalis;ADJ;ADJ;nein;Lateinisch;8;5;1;2 bis 5;nein
lemma_28441;Remigius;remigius;NAM;NAM;ja;Lateinisch;4;5;5;2 bis 5;nein
lemma_29592;renovare;renovare;NOM;NOM VRB;nein;Lateinisch;4;5;5;2 bis 5;nein
lemma_16229;requianz;requianz;NOM;NOM;nein;Lateinisch;5;5;4;2 bis 5;nein
lemma_46051;reus;reus;NOM;NOM;nein;Lateinisch;6;5;4;2 bis 5;nein
lemma_21354;reverentia;reverentia;ADJ;ADJ GRA NOM;nein;Lateinisch;3;5;2;2 bis 5;nein
lemma_26361;Rodomalus;rodomalus;NAM;NAM;ja;Griechisch;3;5;1;2 bis 5;nein
lemma_29731;Rôisse;roisse;NAM;NAM;ja;Griechisch;3;5;1;2 bis 5;nein
lemma_15110;rotundus;rotundus;NOM;NOM;nein;Lateinisch;3;5;4;2 bis 5;nein
lemma_64232;Rüel;rueel;NAM;NAM;ja;Griechisch;3;5;2;2 bis 5;nein
lemma_27305;Rûth;ruth;NAM;NAM;ja;Hebräisch;4;5;4;2 bis 5;nein
lemma_42934;Rzip;rzip;NAM;NAM;ja;Tschechisch;2;5;2;2 bis 5;nein
lemma_65648;Sagaoz;sagaoz;NAM;NAM;ja;Griechisch;3;5;1;2 bis 5;nein
lemma_67650;salus;salus;NOM;NOM;nein;Lateinisch;6;5;2;2 bis 5;nein
lemma_21379;Saraballâ;saraballa;NAM;NAM;ja;Persisch;3;5;1;2 bis 5;nein
lemma_43063;Scharka;scharka;NAM;NAM;ja;Slawisch;3;5;2;2 bis 5;nein
lemma_44688;Sdrachwas;sdrachwas;NAM;NAM;ja;Tschechisch;3;5;1;2 bis 5;nein
lemma_34615;septimus;septimus;NUM;NUM;nein;Lateinisch;3;5;4;2 bis 5;nein
lemma_67871;sibi;sibi;PRO;PRO;nein;Lateinisch;3;5;2;2 bis 5;nein
lemma_44325;Sieradz;sieradz;NAM;NAM;ja;Slawisch;2;5;2;2 bis 5;nein
lemma_45187;signare;signare;VRB;VRB;nein;Lateinisch;8;5;3;2 bis 5;nein
lemma_33576;Sokol;sokol;NAM;NAM;ja;Slawisch;3;5;1;2 bis 5;nein
lemma_24348;solemnis;solemnis;ADJ;ADJ ADV;nein;Lateinisch;6;5;5;2 bis 5;nein
lemma_45522;solere;solere;VRB;VRB;nein;Lateinisch;4;5;3;2 bis 5;nein
lemma_51236;statschrîbære;statschribaere;NOM;NOM;nein;Lateinisch;7;5;2;2 bis 5;nein
lemma_28530;Stelenus;stelenus;NAM;NAM;ja;Griechisch;3;5;1;2 bis 5;nein
lemma_29650;Sudracas;sudracas;NAM;NAM;ja;Griechisch;2;5;1;2 bis 5;nein
lemma_45802;tamquam;tamquam;ADV;ADV;nein;Lateinisch;3;5;3;2 bis 5;nein
lemma_28714;Tarcûn;tarcun;NAM;NAM;ja;Griechisch;3;5;1;2 bis 5;nein
lemma_28069;tecum;tecum;PRO;PRO PRP;nein;Lateinisch;2;5;4;2 bis 5;nein
lemma_14434;telle;telle;NOM;NOM;nein;Lateinisch;3;5;2;2 bis 5;nein
lemma_28477;temptatio;temptatio;NOM;NOM;nein;Lateinisch;5;5;2;2 bis 5;nein
lemma_31811;tenere;tenere;VRB;VRB;nein;Lateinisch;3;5;4;2 bis 5;nein
lemma_63291;Terius;terius;NAM;NAM;ja;Griechisch;4;5;1;2 bis 5;nein
lemma_23642;terminus;terminus;NOM;NOM;nein;Lateinisch;5;5;4;2 bis 5;nein
lemma_16644;Terribilis;terribilis;NAM;NAM;ja;Lateinisch;3;5;3;2 bis 5;nein
lemma_29454;testa;testa;NOM;NOM;nein;Lateinisch;10;5;4;2 bis 5;nein
lemma_28551;Theanus;theanus;NAM;NAM;ja;Griechisch;3;5;1;2 bis 5;nein
lemma_44608;Tista;tista;NAM;NAM;ja;Slawisch;3;5;2;2 bis 5;nein
lemma_40357;toblier;toblier;NOM;NOM;nein;Französisch;2;5;1;2 bis 5;nein
lemma_21447;Turbart;turbart;NAM;NAM;ja;Arabisch;3;5;1;2 bis 5;nein
lemma_35224;umbra;umbra;NOM;NOM;nein;Lateinisch;5;5;3;2 bis 5;nein
lemma_27528;vanitas;vanitas;NOM;NOM;nein;Lateinisch;4;5;2;2 bis 5;nein
lemma_6767;vassal;vassal;NOM;NOM;nein;Französisch;3;5;5;2 bis 5;nein
lemma_23574;veneno;veneno;ADJ;ADJ NOM;nein;Lateinisch;4;5;2;2 bis 5;nein
lemma_44258;Vöttau;voettau;NAM;NAM;ja;Slawisch;2;5;1;2 bis 5;nein
lemma_31877;vous;vous;POS;POS PRO;nein;Französisch;2;5;2;2 bis 5;nein
lemma_34965;vox;vox;NOM;NOM;nein;Lateinisch;5;5;3;2 bis 5;nein
lemma_28070;vus;vus;PRO;PRO;nein;Französisch;2;5;1;2 bis 5;nein
lemma_31078;Zedlitz;zedlitz;NAM;NAM;ja;Slawisch;2;5;2;2 bis 5;nein
lemma_21562;Abias;abias;NAM;NAM;ja;Hebräisch;4;4;3;2 bis 5;nein
lemma_47122;Abimelech;abimelech;NAM;NAM;ja;Hebräisch;4;4;2;2 bis 5;nein
lemma_52640;accidere;accidere;VRB;VRB;nein;Lateinisch;7;4;1;2 bis 5;nein
lemma_28407;Accommodus;accommodus;NAM;NAM;ja;Lateinisch;3;4;1;2 bis 5;nein
lemma_45548;actio;actio;NOM;NOM;nein;Lateinisch;6;4;2;2 bis 5;nein
lemma_25544;adesse;adesse;VRB;VRB;nein;Lateinisch;5;4;4;2 bis 5;nein
lemma_67812;adte;adte;PRO;PRO PRP;nein;Lateinisch;4;4;1;2 bis 5;nein
lemma_28051;advenire;advenire;VRB;VRB;nein;Lateinisch;4;4;4;2 bis 5;nein
lemma_30995;Aesopus;aesopus;NAM;NAM;ja;Griechisch;4;4;1;2 bis 5;nein
lemma_73;Afinamus;afinamus;NAM;NAM;ja;Lateinisch;3;4;1;2 bis 5;nein
lemma_44939;Africanus;africanus;NAM;NAM;ja;Lateinisch;3;4;2;2 bis 5;nein
lemma_23748;Agalôn;agalon;NAM;NAM;ja;Griechisch;3;4;1;2 bis 5;nein
lemma_25201;Alceon;alceon;NAM;NAM;ja;Griechisch;3;4;1;2 bis 5;nein
lemma_24494;aliquis;aliquis;ADJ;ADJ;nein;Lateinisch;2;4;4;2 bis 5;nein
lemma_63551;Aloise;aloise;NAM;NAM;ja;Griechisch;3;4;1;2 bis 5;nein
lemma_56428;alter;alter;ADJ;ADJ CNJ;nein;Lateinisch;3;4;2;2 bis 5;nein
lemma_67671;ammittus;ammittus;NOM;NOM;nein;Lateinisch;3;4;1;2 bis 5;nein
lemma_15692;Antimachus;antimachus;NAM;NAM;ja;Griechisch;3;4;2;2 bis 5;nein
lemma_27326;apponere;apponere;VRB;VRB;nein;Lateinisch;3;4;3;2 bis 5;nein
lemma_40413;appropinquare;appropinquare;VRB;VRB;nein;Lateinisch;5;4;2;2 bis 5;nein
lemma_38497;apud;apud;PRP;PRP;nein;Lateinisch;2;4;2;2 bis 5;nein
lemma_34670;archi;archi;ADJ;ADJ NOM;nein;Lateinisch;4;4;3;2 bis 5;nein
lemma_26191;Arise;arise;NAM;NAM;ja;Griechisch;2;4;1;2 bis 5;nein
lemma_25519;arma;arma;NOM;NOM;nein;Lateinisch;2;4;4;2 bis 5;nein
lemma_69433;aromaticus;aromaticus;ADJ;ADJ;nein;Lateinisch;5;4;3;2 bis 5;nein
lemma_31952;Arpon;arpon;NAM;NAM;ja;Griechisch;3;4;1;2 bis 5;nein
lemma_24342;Asius;asius;NAM;NAM;ja;Lateinisch;3;4;1;2 bis 5;nein
lemma_28554;Assandrus;assandrus;NAM;NAM;ja;Griechisch;3;4;1;2 bis 5;nein
lemma_26495;Attalus;attalus;NAM;NAM;ja;Griechisch;3;4;1;2 bis 5;nein
lemma_28351;Atus;atus;NAM;NAM;ja;Griechisch;3;4;1;2 bis 5;nein
lemma_21577;Baal;baal;NAM;NAM;ja;Hebräisch, Phönizisch-Punisch;4;4;3;2 bis 5;nein
lemma_63591;Bargalt;bargalt;NAM;NAM;ja;Griechisch;3;4;1;2 bis 5;nein
lemma_16588;batônje;batonje;NOM;NOM;nein;Lateinisch;4;4;4;2 bis 5;nein
lemma_62132;Bele;bele;NAM;NAM;ja;Französisch;3;4;3;2 bis 5;nein
lemma_29678;bellum;bellum;ADJ;ADJ NOM;nein;Lateinisch;2;4;4;2 bis 5;nein
lemma_47267;Belyn;belyn;NAM;NAM;ja;Slawisch, Tschechisch;4;4;3;2 bis 5;nein
lemma_17092;bestîâ;bestia;NOM;NOM;nein;Lateinisch;4;4;3;2 bis 5;nein
lemma_26168;Bitîas;bitias;NAM;NAM;ja;Lateinisch;3;4;1;2 bis 5;nein
lemma_44271;Bosna;bosna;NAM;NAM;ja;Slawisch;2;4;2;2 bis 5;nein
lemma_44286;Budiwoy;budiwoy;NAM;NAM;ja;Tschechisch;3;4;1;2 bis 5;nein
lemma_28367;Caius;caius;NAM;NAM;ja;Lateinisch;4;4;2;2 bis 5;nein
lemma_29213;calix;calix;NOM;NOM;nein;Lateinisch;3;4;3;2 bis 5;nein
lemma_25432;Cancer;cancer;NAM;NAM;ja;Lateinisch;4;4;2;2 bis 5;nein
lemma_40310;capere;capere;VRB;VRB;nein;Lateinisch;6;4;2;2 bis 5;nein
lemma_11479;Capitolium;capitolium;NAM;NAM;ja;Lateinisch;3;4;4;2 bis 5;nein
lemma_30620;Cassiliân;cassilian;NAM;NAM;ja;Griechisch;3;4;1;2 bis 5;nein
lemma_25617;cena;cena;NOM;NOM;nein;Lateinisch;3;4;3;2 bis 5;nein
lemma_36632;civis;civis;NOM;NOM;nein;Lateinisch;4;4;2;2 bis 5;nein
lemma_34966;clamare;clamare;VRB;VRB;nein;Lateinisch;4;4;3;2 bis 5;nein
lemma_28134;claritas;claritas;NOM;NOM;nein;Lateinisch;5;4;1;2 bis 5;nein
lemma_29428;Clyades;clyades;NAM;NAM;ja;Griechisch;3;4;1;2 bis 5;nein
lemma_35139;columba;columba;NOM;NOM;nein;Lateinisch;3;4;2;2 bis 5;nein
lemma_67901;concedere;concedere;VRB;VRB;nein;Lateinisch;3;4;2;2 bis 5;nein
lemma_45983;concludere;concludere;VRB;VRB;nein;Lateinisch;7;4;3;2 bis 5;nein
lemma_38649;consumere;consumere;VRB;VRB;nein;Lateinisch;4;4;4;2 bis 5;nein
lemma_48264;contemplatio;contemplatio;NOM;NOM;nein;Lateinisch;7;4;3;2 bis 5;nein
lemma_51133;conterere;conterere;VRB;VRB;nein;Lateinisch;5;4;2;2 bis 5;nein
lemma_46080;contestare;contestare;VRB;VRB;nein;Lateinisch;4;4;2;2 bis 5;nein
lemma_28313;conversatio;conversatio;NOM;NOM;nein;Lateinisch;2;4;2;2 bis 5;nein
lemma_46248;copia;copia;NOM;NOM;nein;Lateinisch;3;4;4;2 bis 5;nein
lemma_28612;Crescentius;crescentius;NAM;NAM;ja;Lateinisch;4;4;1;2 bis 5;nein
lemma_45665;cupere;cupere;VRB;VRB;nein;Lateinisch;5;4;3;2 bis 5;nein
lemma_45609;cur;cur;ADV;ADV IPA;nein;Lateinisch;2;4;3;2 bis 5;nein
lemma_17995;Cytherus;cytherus;NAM;NAM;ja;Griechisch;4;4;2;2 bis 5;nein
lemma_45842;declinare;declinare;DIG;DIG;nein;Lateinisch;6;4;3;2 bis 5;nein
lemma_33863;decretalis;decretalis;NOM;NOM;nein;Lateinisch;5;4;3;2 bis 5;nein
lemma_22865;decretum;decretum;NOM;NOM;nein;Lateinisch;5;4;3;2 bis 5;nein
lemma_36630;deni;deni;ADV;ADV NUM;nein;Lateinisch;2;4;4;2 bis 5;nein
lemma_73121;destillierunge;destillierunge;NOM;NOM;nein;Lateinisch;5;4;1;2 bis 5;nein
lemma_27681;diabolus;diabolus;ADJ;ADJ NOM;nein;Lateinisch;5;4;2;2 bis 5;nein
lemma_22762;dialogus;dialogus;NOM;NOM;nein;Lateinisch;3;4;2;2 bis 5;nein
lemma_18892;dierum;dierum;NOM;NOM;nein;Lateinisch;2;4;4;2 bis 5;nein
lemma_29379;discipulus;discipulus;NOM;NOM;nein;Lateinisch;3;4;1;2 bis 5;nein
lemma_25450;dissolvere;dissolvere;VRB;VRB;nein;Lateinisch;5;4;4;2 bis 5;nein
lemma_44333;Dobesch;dobesch;NAM;NAM;ja;Slawisch;3;4;1;2 bis 5;nein
lemma_46300;docere;docere;VRB;VRB;nein;Lateinisch;4;4;4;2 bis 5;nein
lemma_35221;donec;donec;ADV;ADV;nein;Lateinisch;2;4;3;2 bis 5;nein
lemma_40454;ducere;ducere;VRB;VRB;nein;Lateinisch;12;4;3;2 bis 5;nein
lemma_47702;duplum;duplum;ADJ;ADJ;nein;Französisch, Lateinisch;3;4;4;2 bis 5;nein
lemma_36858;edificare;edificare;VRB;VRB;nein;Lateinisch;5;4;3;2 bis 5;nein
lemma_28592;Edimus;edimus;NAM;NAM;ja;Griechisch;3;4;1;2 bis 5;nein
lemma_43377;Effroi;effroi;NAM;NAM;ja;Französisch;3;4;1;2 bis 5;nein
lemma_11419;egredi;egredi;VRB;VRB;nein;Lateinisch;3;4;2;2 bis 5;nein
lemma_23653;Eloe Lamazabatany;eloe lamazabatany;NAM;NAM;ja;Hebräisch;5;4;1;2 bis 5;nein
lemma_65500;Eminor;eminor;NAM;NAM;ja;Griechisch;3;4;1;2 bis 5;nein
lemma_47224;Empedocles;empedocles;NAM;NAM;ja;Griechisch;4;4;3;2 bis 5;nein
lemma_16330;Ephraim;ephraim;NAM;NAM;ja;Hebräisch;5;4;4;2 bis 5;nein
lemma_28573;episcopus;episcopus;NOM;NOM;nein;Lateinisch;4;4;3;2 bis 5;nein
lemma_28521;Epius;epius;NAM;NAM;ja;Griechisch;3;4;2;2 bis 5;nein
lemma_45760;errare;errare;VRB;VRB;nein;Lateinisch;6;4;2;2 bis 5;nein
lemma_1727;Essere;essere;NAM;NAM;ja;Arabisch;3;4;2;2 bis 5;nein
lemma_29057;Euticiôn;euticion;NAM;NAM;ja;Griechisch;3;4;1;2 bis 5;nein
lemma_25547;excipere;excipere;VRB;VRB;nein;Lateinisch;7;4;3;2 bis 5;nein
lemma_70128;existimare;existimare;VRB;VRB;nein;Lateinisch;5;4;1;2 bis 5;nein
lemma_50121;explere;explere;VRB;VRB;nein;Lateinisch;5;4;2;2 bis 5;nein
lemma_45714;ferre;ferre;VRB;VRB;nein;Lateinisch;12;4;3;2 bis 5;nein
lemma_76529;firmunge;firmunge;NOM;NOM;nein;Lateinisch;7;4;4;2 bis 5;nein
lemma_69905;flere;flere;VRB;VRB;nein;Lateinisch;5;4;1;2 bis 5;nein
lemma_28380;Formosus;formosus;NAM;NAM;ja;Lateinisch;3;4;4;2 bis 5;nein
lemma_18904;fortis;fortis;ADJ;ADJ;nein;Lateinisch;7;4;4;2 bis 5;nein
lemma_28239;fortitudo;fortitudo;NOM;NOM;nein;Lateinisch;5;4;2;2 bis 5;nein
lemma_30983;fortuna;fortuna;NOM;NOM;nein;Italienisch, Lateinisch;7;4;4;2 bis 5;nein
lemma_27219;frigidus;frigidus;ADJ;ADJ GRA;nein;Lateinisch;3;4;3;2 bis 5;nein
lemma_22141;Gains Galans Galentins;gains galans galentins;NAM;NAM;ja;Französisch;3;4;1;2 bis 5;nein
lemma_37890;Gaumerans;gaumerans;NAM;NAM;ja;Französisch;3;4;1;2 bis 5;nein
lemma_30382;gloriari;gloriari;VRB;VRB;nein;Lateinisch;5;4;2;2 bis 5;nein
lemma_43885;Görlitz;goerlitz;NAM;NAM;ja;Slawisch;3;4;3;2 bis 5;nein
lemma_32589;Grymuas;grymuas;NAM;NAM;ja;Arabisch;3;4;1;2 bis 5;nein
lemma_44364;Gurim;gurim;NAM;NAM;ja;Tschechisch;2;4;1;2 bis 5;nein
lemma_28608;habitare;habitare;NOM;NOM VRB;nein;Lateinisch;2;4;3;2 bis 5;nein
lemma_25458;hemisphaera;hemisphaera;NOM;NOM;nein;Lateinisch;7;4;1;2 bis 5;nein
lemma_2777;Hermippus;hermippus;NAM;NAM;ja;Griechisch, Lateinisch;4;4;1;2 bis 5;nein
lemma_2778;Hermocrates;hermocrates;NAM;NAM;ja;Griechisch;3;4;1;2 bis 5;nein
lemma_44384;Hradeck;hradeck;NAM;NAM;ja;Slawisch;2;4;1;2 bis 5;nein
lemma_24475;humilitas;humilitas;NOM;NOM;nein;Lateinisch;9;4;4;2 bis 5;nein
lemma_44395;Iaross;iaross;NAM;NAM;ja;Slawisch, Tschechisch;4;4;2;2 bis 5;nein
lemma_70073;idem;idem;ADV;ADV;nein;Lateinisch;3;4;3;2 bis 5;nein
lemma_19205;Ilaz;ilaz;NAM;NAM;ja;Arabisch;3;4;3;2 bis 5;nein
lemma_43621;Illes;illes;NAM;NAM;ja;Französisch;3;4;1;2 bis 5;nein
lemma_61508;immaculatus;immaculatus;ADJ;ADJ;nein;Lateinisch;9;4;2;2 bis 5;nein
lemma_35223;inclinare;inclinare;VRB;VRB;nein;Lateinisch;4;4;3;2 bis 5;nein
lemma_56030;inexcelsis;inexcelsis;ADV;ADV;nein;Lateinisch;3;4;1;2 bis 5;nein
lemma_69780;inquid;inquid;IPA;IPA PRP;nein;Lateinisch;3;4;1;2 bis 5;nein
lemma_45666;institutio;institutio;NOM;NOM;nein;Lateinisch;4;4;3;2 bis 5;nein
lemma_30373;intellegentia;intellegentia;NOM;NOM;nein;Lateinisch;5;4;2;2 bis 5;nein
lemma_63668;Istris;istris;NAM;NAM;ja;Griechisch;3;4;1;2 bis 5;nein
lemma_28461;iuventus;iuventus;ADJ;ADJ GRA NOM;nein;Lateinisch;3;4;2;2 bis 5;nein
lemma_27731;Jezî;jezi;NAM;NAM;ja;Hebräisch;4;4;2;2 bis 5;nein
lemma_26133;Johanaa;johanaa;NAM;NAM;ja;Hebräisch;4;4;2;2 bis 5;nein
lemma_20680;Josîas;josias;NAM;NAM;ja;Hebräisch;4;4;3;2 bis 5;nein
lemma_62541;Kachdras;kachdras;NAM;NAM;ja;Griechisch;2;4;1;2 bis 5;nein
lemma_25470;kalendenære;kalendenaere;NOM;NOM;nein;Lateinisch;4;4;1;2 bis 5;nein
lemma_28606;Karicius;karicius;NAM;NAM;ja;Lateinisch;4;4;1;2 bis 5;nein
lemma_62457;krakowisch;krakowisch;ADJ;ADJ;nein;Slawisch;2;4;1;2 bis 5;nein
lemma_23246;kyrie;kyrie;NOM;NOM;nein;Griechisch;3;4;1;2 bis 5;nein
lemma_23333;l'empereur;l'empereur;ART;ART NOM;nein;Französisch;5;4;1;2 bis 5;nein
lemma_58229;Labort;labort;NAM;NAM;ja;Französisch;3;4;1;2 bis 5;nein
lemma_21865;Lâmech;lamech;NAM;NAM;ja;Hebräisch;4;4;3;2 bis 5;nein
lemma_23996;Langalas;langalas;NAM;NAM;ja;Arabisch;3;4;1;2 bis 5;nein
lemma_28712;Larîs;laris;NAM;NAM;ja;Griechisch;2;4;1;2 bis 5;nein
lemma_20084;Leonidas;leonidas;NAM;NAM;ja;Griechisch;3;4;1;2 bis 5;nein
lemma_28607;Leucius;leucius;NAM;NAM;ja;Lateinisch;4;4;1;2 bis 5;nein
lemma_14606;lignum mannâ;lignum manna;NOM;NOM;nein;Lateinisch;4;4;2;2 bis 5;nein
lemma_9251;Lît Marveile;lit marveile;NAM;NAM;ja;Französisch;3;4;3;2 bis 5;nein
lemma_46057;litis;litis;NOM;NOM;nein;Lateinisch;5;4;1;2 bis 5;nein
lemma_38904;littera;littera;NOM;NOM;nein;Lateinisch;3;4;3;2 bis 5;nein
lemma_3946;Malcreatiure;malcreatiure;NAM;NAM;ja;Französisch;5;4;1;2 bis 5;nein
lemma_14957;Marcellianus;marcellianus;NAM;NAM;ja;Lateinisch;4;4;1;2 bis 5;nein
lemma_19917;Mare Tyberiadis;mare tyberiadis;NAM;NAM;ja;Lateinisch;2;4;4;2 bis 5;nein
lemma_28160;Marios;marios;NAM;NAM;ja;Griechisch;3;4;3;2 bis 5;nein
lemma_48787;Martinustac;martinustac;NAM;NAM;ja;Lateinisch;6;4;1;2 bis 5;nein
lemma_21549;Matathîas;matathias;NAM;NAM;ja;Hebräisch;4;4;4;2 bis 5;nein
lemma_20987;Maxentius;maxentius;NAM;NAM;ja;Lateinisch;3;4;4;2 bis 5;nein
lemma_69828;mecum;mecum;PRO;PRO PRP;nein;Französisch, Lateinisch;5;4;1;2 bis 5;nein
lemma_27249;melior;melior;ADJ;ADJ ADV GRA;nein;Lateinisch;2;4;4;2 bis 5;nein
lemma_35304;merere;merere;VRB;VRB;nein;Lateinisch;6;4;4;2 bis 5;nein
lemma_29448;Mîdâ;mida;NAM;NAM;ja;Griechisch;3;4;1;2 bis 5;nein
lemma_36681;Milito;milito;NAM;NAM;ja;Lateinisch;4;4;2;2 bis 5;nein
lemma_28455;minus;minus;ADV;ADV;nein;Lateinisch;3;4;2;2 bis 5;nein
lemma_26269;Mitrênes;mitrenes;NAM;NAM;ja;Griechisch, Persisch;4;4;1;2 bis 5;nein
lemma_25680;modicus;modicus;ADJ;ADJ;nein;Lateinisch;4;4;3;2 bis 5;nein
lemma_43081;moie;moie;NOM;NOM;nein;Französisch;3;4;2;2 bis 5;nein
lemma_38308;monstranz;monstranz;NOM;NOM;nein;Lateinisch;3;4;3;2 bis 5;nein
lemma_21655;Mordechai;mordechai;NAM;NAM;ja;Hebräisch;4;4;2;2 bis 5;nein
lemma_37592;multitudo;multitudo;NOM;NOM;nein;Lateinisch;3;4;1;2 bis 5;nein
lemma_31041;mundus;mundus;ADJ;ADJ;nein;Lateinisch;4;4;2;2 bis 5;nein
lemma_23241;nihil;nihil;ADJ;ADJ ADV NEG;nein;Lateinisch;2;4;3;2 bis 5;nein
lemma_41614;Noirespine;noirespine;NAM;NAM;ja;Französisch;3;4;1;2 bis 5;nein
lemma_39449;novitas;novitas;NOM;NOM;nein;Lateinisch;3;4;3;2 bis 5;nein
lemma_45902;nullus;nullus;ADJ;ADJ NOM;nein;Lateinisch;2;4;3;2 bis 5;nein
lemma_10797;Oceanus;oceanus;NAM;NAM;ja;Lateinisch;2;4;3;2 bis 5;nein
lemma_35855;optimus;optimus;ADJ;ADJ GRA;nein;Lateinisch;2;4;4;2 bis 5;nein
lemma_23155;ordinatio;ordinatio;NOM;NOM;nein;Lateinisch;3;4;2;2 bis 5;nein
lemma_48267;ordo;ordo;NOM;NOM;nein;Lateinisch;4;4;2;2 bis 5;nein
lemma_41859;palmboum;palmboum;NOM;NOM;nein;Lateinisch;5;4;2;2 bis 5;nein
lemma_41372;parabola;parabola;NOM;NOM;nein;Griechisch, Lateinisch;7;4;3;2 bis 5;nein
lemma_16231;parc;parc;NOM;NOM;nein;Französisch;3;4;2;2 bis 5;nein
lemma_28790;pars;pars;NOM;NOM;nein;Lateinisch;4;4;3;2 bis 5;nein
lemma_47464;Pasiphae;pasiphae;NAM;NAM;ja;Griechisch;4;4;2;2 bis 5;nein
lemma_4580;patelierre;patelierre;NOM;NOM;nein;Französisch;5;4;3;2 bis 5;nein
lemma_35285;patere;patere;VRB;VRB;nein;Lateinisch;6;4;4;2 bis 5;nein
lemma_41430;pati;pati;VRB;VRB;nein;Lateinisch;5;4;1;2 bis 5;nein
lemma_20631;Pêgôn;pegon;NAM;NAM;ja;Französisch;3;4;2;2 bis 5;nein
lemma_57129;permanere;permanere;VRB;VRB;nein;Lateinisch;4;4;2;2 bis 5;nein
lemma_32157;peromnia;peromnia;ADV;ADV PRP;nein;Lateinisch;4;4;2;2 bis 5;nein
lemma_34860;Perugia;perugia;NAM;NAM;ja;Italienisch;2;4;2;2 bis 5;nein
lemma_46740;petere;petere;VRB;VRB;nein;Lateinisch;7;4;3;2 bis 5;nein
lemma_22591;Peterman;peterman;NAM;NAM;ja;Lateinisch;3;4;3;2 bis 5;nein
lemma_1790;Philon;philon;NAM;NAM;ja;Griechisch;5;4;4;2 bis 5;nein
lemma_4668;pied;pied;NOM;NOM;nein;Französisch;2;4;3;2 bis 5;nein
lemma_28176;Pincun;pincun;NAM;NAM;ja;Griechisch;3;4;2;2 bis 5;nein
lemma_27327;piper;piper;ADJ;ADJ NOM;nein;Lateinisch;3;4;2;2 bis 5;nein
lemma_4677;Pitit Punt;pitit punt;NAM;NAM;ja;Französisch;2;4;1;2 bis 5;nein
lemma_62467;pius;pius;ADJ;ADJ;nein;Lateinisch;3;4;3;2 bis 5;nein
lemma_29171;Planthea;planthea;NAM;NAM;ja;Griechisch;2;4;2;2 bis 5;nein
lemma_4686;Pliopliheri;pliopliheri;NAM;NAM;ja;Französisch;3;4;3;2 bis 5;nein
lemma_28574;Poderamus;poderamus;NAM;NAM;ja;Lateinisch;3;4;1;2 bis 5;nein
lemma_42948;Podwen;podwen;NAM;NAM;ja;Tschechisch;3;4;2;2 bis 5;nein
lemma_26667;Polemôn;polemon;NAM;NAM;ja;Griechisch;3;4;1;2 bis 5;nein
lemma_23608;Polyneikes;polyneikes;NAM;NAM;ja;Griechisch;3;4;3;2 bis 5;nein
lemma_20403;Polyphemes;polyphemes;NAM;NAM;ja;Griechisch;4;4;1;2 bis 5;nein
lemma_18620;Pontibus;pontibus;NAM;NAM;ja;Lateinisch;3;4;1;2 bis 5;nein
lemma_25652;portare;portare;VRB;VRB;nein;Lateinisch;2;4;2;2 bis 5;nein
lemma_4711;Posizonjus;posizonjus;NAM;NAM;ja;Lateinisch;3;4;2;2 bis 5;nein
lemma_44495;Postelberc;postelberc;NAM;NAM;ja;Tschechisch;2;4;2;2 bis 5;nein
lemma_28425;postulare;postulare;NOM;NOM VRB;nein;Lateinisch;5;4;3;2 bis 5;nein
lemma_33821;praeclarus;praeclarus;ADJ;ADJ;nein;Lateinisch;3;4;2;2 bis 5;nein
lemma_46200;praesumptio;praesumptio;NOM;NOM;nein;Lateinisch;6;4;1;2 bis 5;nein
lemma_64740;Prandidones;prandidones;NAM;NAM;ja;Griechisch;3;4;1;2 bis 5;nein
lemma_23937;precipi;precipi;VRB;VRB;nein;Lateinisch;11;4;2;2 bis 5;nein
lemma_33910;Primic;primic;NAM;NAM;ja;Slawisch;3;4;1;2 bis 5;nein
lemma_4752;publicanus;publicanus;NOM;NOM;nein;Lateinisch;5;4;4;2 bis 5;nein
lemma_35152;pulcher;pulcher;ADJ;ADJ;nein;Lateinisch;5;4;3;2 bis 5;nein
lemma_59349;pulvern;pulvern;VRB;VRB;nein;Lateinisch;10;4;3;2 bis 5;nein
lemma_30490;purgare;purgare;VRB;VRB;nein;Lateinisch;6;4;3;2 bis 5;nein
lemma_44886;quadrieren;quadrieren;VRB;VRB;nein;Lateinisch;5;4;2;2 bis 5;nein
lemma_45699;qualis;qualis;ADV;ADV IPA;nein;Lateinisch;4;4;3;2 bis 5;nein
lemma_4782;quinte;quinte;NOM;NOM;nein;Lateinisch;4;4;3;2 bis 5;nein
lemma_10099;refloit;refloit;NOM;NOM;nein;Französisch;3;4;1;2 bis 5;nein
lemma_25590;refulgere;refulgere;VRB;VRB;nein;Lateinisch;3;4;2;2 bis 5;nein
lemma_40220;reminisci;reminisci;VRB;VRB;nein;Lateinisch;4;4;1;2 bis 5;nein
lemma_53512;requirere;requirere;VRB;VRB;nein;Lateinisch;4;4;2;2 bis 5;nein
lemma_43809;respondere;respondere;VRB;VRB;nein;Lateinisch;7;4;3;2 bis 5;nein
lemma_28515;Resus;resus;NAM;NAM;ja;Griechisch;3;4;2;2 bis 5;nein
lemma_62669;Ribal;ribal;NAM;NAM;ja;Griechisch;3;4;1;2 bis 5;nein
lemma_44506;Rocketnitz;rocketnitz;NAM;NAM;ja;Slawisch;2;4;1;2 bis 5;nein
lemma_26363;Rodomerius;rodomerius;NAM;NAM;ja;Griechisch;3;4;1;2 bis 5;nein
lemma_29122;Romærinne;romaerinne;NAM;NAM;ja;Lateinisch;4;4;3;2 bis 5;nein
lemma_22555;rottærinne;rottaerinne;NOM;NOM;nein;Französisch;4;4;1;2 bis 5;nein
lemma_10613;rottenspil;rottenspil;NOM;NOM;nein;Französisch;2;4;2;2 bis 5;nein
lemma_27216;ruber;ruber;ADJ;ADJ;nein;Lateinisch;2;4;3;2 bis 5;nein
lemma_23494;sacrare;sacrare;NOM;NOM VRB;nein;Lateinisch;4;4;3;2 bis 5;nein
lemma_40364;sacrificium;sacrificium;NOM;NOM;nein;Lateinisch;3;4;3;2 bis 5;nein
lemma_27228;sanus;sanus;ADJ;ADJ NOM;nein;Lateinisch;2;4;2;2 bis 5;nein
lemma_16165;Satrapîâ;satrapia;NAM;NAM;ja;Persisch;3;4;2;2 bis 5;nein
lemma_48227;Schahtelacunt;schahtelacunt;NAM;NAM;ja;Französisch;5;4;3;2 bis 5;nein
lemma_28315;Scipio;scipio;NAM;NAM;ja;Lateinisch;3;4;4;2 bis 5;nein
lemma_42275;Sdrahow;sdrahow;NAM;NAM;ja;Slawisch, Tschechisch;5;4;2;2 bis 5;nein
lemma_35038;securus;securus;ADJ;ADJ;nein;Lateinisch;2;4;3;2 bis 5;nein
lemma_31795;Segudaris;segudaris;NAM;NAM;ja;Griechisch;3;4;2;2 bis 5;nein
lemma_47853;Sennacherip;sennacherip;NAM;NAM;ja;Hebräisch;4;4;2;2 bis 5;nein
lemma_18293;Septentrio;septentrio;NAM;NAM;ja;Lateinisch;3;4;4;2 bis 5;nein
lemma_28378;Sergius;sergius;NAM;NAM;ja;Lateinisch;4;4;1;2 bis 5;nein
lemma_28249;similis;similis;ADJ;ADJ;nein;Lateinisch;3;4;2;2 bis 5;nein
lemma_29614;Sisîcâmis;sisicamis;NAM;NAM;ja;Griechisch;3;4;1;2 bis 5;nein
lemma_28324;sitire;sitire;VRB;VRB;nein;Lateinisch;4;4;4;2 bis 5;nein
lemma_44561;Slawnick;slawnick;NAM;NAM;ja;Slawisch;3;4;2;2 bis 5;nein
lemma_44563;Smil;smil;NAM;NAM;ja;Slawisch;3;4;2;2 bis 5;nein
lemma_39372;solvere;solvere;VRB;VRB;nein;Lateinisch;6;4;2;2 bis 5;nein
lemma_35203;soror;soror;NOM;NOM;nein;Lateinisch;5;4;3;2 bis 5;nein
lemma_26444;Sparta;sparta;NAM;NAM;ja;Griechisch;3;4;2;2 bis 5;nein
lemma_45023;specierîe;specierie;NOM;NOM;nein;Lateinisch;8;4;3;2 bis 5;nein
lemma_35147;speciosus;speciosus;ADJ;ADJ;nein;Lateinisch;5;4;4;2 bis 5;nein
lemma_45698;sperare;sperare;VRB;VRB;nein;Lateinisch;4;4;3;2 bis 5;nein
lemma_20439;Stahelmariez;stahelmariez;NAM;NAM;ja;Arabisch;3;4;2;2 bis 5;nein
lemma_44570;Stebno;stebno;NAM;NAM;ja;Slawisch;2;4;1;2 bis 5;nein
lemma_43067;Stracka;stracka;NAM;NAM;ja;Slawisch;3;4;1;2 bis 5;nein
lemma_29760;Strandagoras;strandagoras;NAM;NAM;ja;Griechisch;3;4;1;2 bis 5;nein
lemma_26333;Strâtô;strato;NAM;NAM;ja;Lateinisch;3;4;1;2 bis 5;nein
lemma_30287;suscipere;suscipere;VRB;VRB;nein;Lateinisch;8;4;3;2 bis 5;nein
lemma_9386;swerne;swerne;NEG;NEG PRO;nein;Lateinisch;4;4;3;2 bis 5;nein
lemma_28356;Swerus;swerus;NAM;NAM;ja;Lateinisch;2;4;2;2 bis 5;nein
lemma_43948;Swidnitz;swidnitz;NAM;NAM;ja;Slawisch;3;4;2;2 bis 5;nein
lemma_34735;tamen;tamen;ADV;ADV;nein;Lateinisch;2;4;3;2 bis 5;nein
lemma_6024;Tantalus;tantalus;NAM;NAM;ja;Griechisch, Lateinisch;5;4;4;2 bis 5;nein
lemma_42332;Tecta;tecta;NAM;NAM;ja;Slawisch;3;4;2;2 bis 5;nein
lemma_42335;Tethin;tethin;NAM;NAM;ja;Tschechisch;4;4;2;2 bis 5;nein
lemma_18405;thenar;thenar;NOM;NOM;nein;Griechisch;2;4;4;2 bis 5;nein
lemma_44811;Throni;throni;NAM;NAM;ja;Lateinisch;5;4;4;2 bis 5;nein
lemma_65710;Thuribund;thuribund;NAM;NAM;ja;Griechisch;3;4;1;2 bis 5;nein
lemma_38299;timor;timor;NOM;NOM;nein;Lateinisch;2;4;2;2 bis 5;nein
lemma_44606;Tûst;tust;NAM;NAM;ja;Tschechisch;3;4;2;2 bis 5;nein
lemma_11407;tyrannus;tyrannus;NOM;NOM;nein;Lateinisch;4;4;3;2 bis 5;nein
lemma_30731;unze;unze;NOM;NOM;nein;Lateinisch;5;4;3;2 bis 5;nein
lemma_28508;Urgenius;urgenius;NAM;NAM;ja;Griechisch;3;4;1;2 bis 5;nein
lemma_67888;uter;uter;NOM;NOM;nein;Lateinisch;3;4;1;2 bis 5;nein
lemma_27612;Vestian;vestian;NAM;NAM;ja;Lateinisch;3;4;2;2 bis 5;nein
lemma_70017;vestimentum;vestimentum;NOM;NOM;nein;Lateinisch;2;4;1;2 bis 5;nein
lemma_17592;ville;ville;NOM;NOM;nein;Französisch;2;4;3;2 bis 5;nein
lemma_31535;visamente;visamente;NOM;NOM;nein;Lateinisch;8;4;4;2 bis 5;nein
lemma_31403;Vitalis;vitalis;NAM;NAM;ja;Lateinisch;4;4;4;2 bis 5;nein
lemma_31850;vrai;vrai;ADJ;ADJ;nein;Französisch;2;4;1;2 bis 5;nein
lemma_44618;Welis;welis;NAM;NAM;ja;Slawisch;2;4;2;2 bis 5;nein
lemma_44960;wîler;wiler;NOM;NOM;nein;Französisch;4;4;3;2 bis 5;nein
lemma_43065;Woien;woien;NAM;NAM;ja;Slawisch;2;4;2;2 bis 5;nein
lemma_28501;Xantippos;xantippos;NAM;NAM;ja;Griechisch;3;4;1;2 bis 5;nein
lemma_16195;zediuten;zediuten;PRP;PRP VRB;nein;Einzelsprachen;8;4;2;2 bis 5;nein
lemma_33756;abeschrift;abeschrift;NOM;NOM;nein;Lateinisch;5;3;3;2 bis 5;nein
lemma_38340;abire;abire;VRB;VRB;nein;Lateinisch;4;3;1;2 bis 5;nein
lemma_28864;Abisue;abisue;NAM;NAM;ja;Griechisch, Hebräisch;5;3;2;2 bis 5;nein
lemma_41390;abît;abit;NOM;NOM;nein;Lateinisch;5;3;2;2 bis 5;nein
lemma_29542;Abner;abner;NAM;NAM;ja;Hebräisch;4;3;2;2 bis 5;nein
lemma_26524;Abûlites;abulites;NAM;NAM;ja;Griechisch;3;3;1;2 bis 5;nein
lemma_36322;academia;academia;NOM;NOM;nein;Lateinisch;2;3;3;2 bis 5;nein
lemma_20981;Achanes;achanes;NAM;NAM;ja;Griechisch;3;3;3;2 bis 5;nein
lemma_28861;Achitob;achitob;NAM;NAM;ja;Hebräisch;4;3;1;2 bis 5;nein
lemma_61629;adhoc;adhoc;ADV;ADV;nein;Lateinisch;3;3;2;2 bis 5;nein
lemma_45996;adlegatio;adlegatio;NOM;NOM;nein;Lateinisch;6;3;1;2 bis 5;nein
lemma_45795;admittere;admittere;VRB;VRB;nein;Lateinisch;7;3;2;2 bis 5;nein
lemma_31695;Adonis;adonis;NAM;NAM;ja;Griechisch, Hebräisch;6;3;3;2 bis 5;nein
lemma_66272;adversitas;adversitas;NOM;NOM;nein;Lateinisch;6;3;1;2 bis 5;nein
lemma_37929;adversus;adversus;ADV;ADV;nein;Lateinisch;6;3;1;2 bis 5;nein
lemma_25433;aestivo;aestivo;ADJ;ADJ;nein;Lateinisch;3;3;2;2 bis 5;nein
lemma_38414;aetas;aetas;NOM;NOM;nein;Lateinisch;3;3;3;2 bis 5;nein
lemma_15405;Agaton;agaton;NAM;NAM;ja;Griechisch;3;3;2;2 bis 5;nein
lemma_20545;Agrimanz;agrimanz;NAM;NAM;ja;Griechisch;3;3;1;2 bis 5;nein
lemma_23753;Agyris;agyris;NAM;NAM;ja;Griechisch;3;3;2;2 bis 5;nein
lemma_16271;alaterre;alaterre;ART;ART NOM PRP;nein;Französisch;3;3;1;2 bis 5;nein
lemma_34864;albus;albus;ADJ;ADJ;nein;Lateinisch;2;3;2;2 bis 5;nein
lemma_11027;alchimist;alchimist;NOM;NOM;nein;Arabisch;3;3;3;2 bis 5;nein
lemma_3861;alebar;alebar;ADV;ADV;nein;Französisch;7;3;3;2 bis 5;nein
lemma_27325;allium;allium;NOM;NOM;nein;Lateinisch;4;3;2;2 bis 5;nein
lemma_56508;almuosenære;almuosenaere;NOM;NOM;nein;Griechisch, Lateinisch;7;3;3;2 bis 5;nein
lemma_144;Almustri;almustri;NAM;NAM;ja;Arabisch;2;3;2;2 bis 5;nein
lemma_30059;amalo;amalo;NOM;NOM PRP;nein;Lateinisch;4;3;1;2 bis 5;nein
lemma_65408;Ambros;ambros;NAM;NAM;ja;Griechisch;3;3;1;2 bis 5;nein
lemma_21553;Amos;amos;NAM;NAM;ja;Hebräisch;4;3;2;2 bis 5;nein
lemma_23439;Anaximenes;anaximenes;NAM;NAM;ja;Griechisch;4;3;1;2 bis 5;nein
lemma_19120;Andrômachus;andromachus;NAM;NAM;ja;Griechisch;3;3;1;2 bis 5;nein
lemma_31097;animal;animal;NOM;NOM;nein;Lateinisch;2;3;2;2 bis 5;nein
lemma_15685;Antipus;antipus;NAM;NAM;ja;Griechisch;3;3;2;2 bis 5;nein
lemma_35951;apotêkenpulver;apotekenpulver;NOM;NOM;nein;Lateinisch;5;3;3;2 bis 5;nein
lemma_45055;apparatus;apparatus;NOM;NOM;nein;Lateinisch;5;3;1;2 bis 5;nein
lemma_23443;Araxes;araxes;NAM;NAM;ja;Griechisch;4;3;1;2 bis 5;nein
lemma_29900;Arbasones;arbasones;NAM;NAM;ja;Griechisch;3;3;2;2 bis 5;nein
lemma_25221;Archôs;archos;NAM;NAM;ja;Griechisch;2;3;3;2 bis 5;nein
lemma_16052;ardentus;ardentus;ADJ;ADJ ADV;nein;Lateinisch;4;3;2;2 bis 5;nein
lemma_29005;Aridus;aridus;NAM;NAM;ja;Griechisch;3;3;1;2 bis 5;nein
lemma_26184;Aristônîcus;aristonicus;NAM;NAM;ja;Griechisch;3;3;1;2 bis 5;nein
lemma_24611;Arras;arras;NAM;NAM;ja;Griechisch;3;3;1;2 bis 5;nein
lemma_64189;Artanna;artanna;NAM;NAM;ja;Griechisch;3;3;1;2 bis 5;nein
lemma_31693;ascensio;ascensio;NOM;NOM;nein;Lateinisch;5;3;1;2 bis 5;nein
lemma_23299;assumptio;assumptio;NOM;NOM;nein;Lateinisch;5;3;2;2 bis 5;nein
lemma_26702;Astrolâbîus;astrolabius;NAM;NAM;ja;Griechisch;3;3;1;2 bis 5;nein
lemma_66252;atraversus;atraversus;ADV;ADV;nein;Lateinisch;4;3;1;2 bis 5;nein
lemma_46047;auditor;auditor;NOM;NOM;nein;Lateinisch;8;3;2;2 bis 5;nein
lemma_34881;aureus;aureus;ADJ;ADJ;nein;Lateinisch;6;3;2;2 bis 5;nein
lemma_25530;Bagôfanes;bagofanes;NAM;NAM;ja;Griechisch;3;3;1;2 bis 5;nein
lemma_34351;baptisare;baptisare;NOM;NOM VRB;nein;Lateinisch;5;3;2;2 bis 5;nein
lemma_27285;barrago;barrago;ADJ;ADJ NOM;nein;Lateinisch;3;3;1;2 bis 5;nein
lemma_44254;Bdeck;bdeck;NAM;NAM;ja;Slawisch;3;3;1;2 bis 5;nein
lemma_44255;Bechin;bechin;NAM;NAM;ja;Tschechisch;2;3;1;2 bis 5;nein
lemma_51883;bekroten;bekroten;VRB;VRB;nein;Lateinisch;8;3;2;2 bis 5;nein
lemma_37926;benedictio;benedictio;NOM;NOM;nein;Lateinisch;5;3;2;2 bis 5;nein
lemma_10229;benie;benie;VRB;VRB;nein;Französisch;2;3;1;2 bis 5;nein
lemma_28046;benignitas;benignitas;NOM;NOM;nein;Lateinisch;3;3;2;2 bis 5;nein
lemma_19969;betellium;betellium;NOM;NOM;nein;Lateinisch;5;3;1;2 bis 5;nein
lemma_62795;bezirkeln;bezirkeln;VRB;VRB;nein;Lateinisch;8;3;2;2 bis 5;nein
lemma_44287;Bolko;bolko;NAM;NAM;ja;Slawisch;3;3;2;2 bis 5;nein
lemma_20569;Brûtân;brutan;NAM;NAM;ja;Arabisch;3;3;2;2 bis 5;nein
lemma_44724;buoh;buoh;NOM;NOM;nein;Slawisch;5;3;3;2 bis 5;nein
lemma_10750;Byblis;byblis;NAM;NAM;ja;Griechisch;4;3;3;2 bis 5;nein
lemma_64230;Calabrus;calabrus;NAM;NAM;ja;Griechisch;3;3;1;2 bis 5;nein
lemma_27488;Calpurnia;calpurnia;NAM;NAM;ja;Lateinisch;4;3;3;2 bis 5;nein
lemma_36795;canere;canere;VRB;VRB;nein;Lateinisch;6;3;3;2 bis 5;nein
lemma_25101;Capricornus;capricornus;NAM;NAM;ja;Lateinisch;6;3;1;2 bis 5;nein
lemma_40308;caput;caput;NOM;NOM;nein;Lateinisch;5;3;2;2 bis 5;nein
lemma_25182;Cardes;cardes;NAM;NAM;ja;Griechisch;3;3;1;2 bis 5;nein
lemma_34920;carere;carere;VRB;VRB;nein;Lateinisch;3;3;2;2 bis 5;nein
lemma_24979;castitas;castitas;NOM;NOM;nein;Lateinisch;4;3;3;2 bis 5;nein
lemma_1850;Catus Herculis;catus herculis;NAM;NAM;ja;Lateinisch;3;3;2;2 bis 5;nein
lemma_40431;cedere;cedere;VRB;VRB;nein;Lateinisch;4;3;3;2 bis 5;nein
lemma_30184;Celidus;celidus;NAM;NAM;ja;Griechisch;3;3;1;2 bis 5;nein
lemma_34878;cella;cella;NOM;NOM;nein;Lateinisch;6;3;2;2 bis 5;nein
lemma_29049;Celoniâ;celonia;NAM;NAM;ja;Lateinisch;2;3;1;2 bis 5;nein
lemma_28319;Centurio;centurio;NAM;NAM;ja;Lateinisch;5;3;2;2 bis 5;nein
lemma_7802;ceraun;ceraun;NOM;NOM;nein;Lateinisch;4;3;2;2 bis 5;nein
lemma_45043;Ceremon;ceremon;NAM;NAM;ja;Griechisch;3;3;1;2 bis 5;nein
lemma_50723;Ceres;ceres;NAM;NAM;ja;Griechisch, Lateinisch;5;3;3;2 bis 5;nein
lemma_23705;Chârô;charo;NAM;NAM;ja;Griechisch;3;3;1;2 bis 5;nein
lemma_36499;chiromancia;chiromancia;NOM;NOM;nein;Lateinisch;8;3;3;2 bis 5;nein
lemma_20352;Cicillanor;cicillanor;NAM;NAM;ja;Griechisch;3;3;2;2 bis 5;nein
lemma_37692;cinis;cinis;NOM;NOM;nein;Lateinisch;4;3;2;2 bis 5;nein
lemma_27217;color;color;ADJ;ADJ NOM;nein;Lateinisch;3;3;3;2 bis 5;nein
lemma_29040;columna;columna;NOM;NOM;nein;Lateinisch;3;3;3;2 bis 5;nein
lemma_10228;commander;commander;NOM;NOM VRB;nein;Französisch, Rätoromanisch;3;3;3;2 bis 5;nein
lemma_46089;commissio;commissio;NOM;NOM;nein;Lateinisch;6;3;1;2 bis 5;nein
lemma_46154;confidere;confidere;VRB;VRB;nein;Lateinisch;6;3;2;2 bis 5;nein
lemma_46156;confiteri;confiteri;VRB;VRB;nein;Lateinisch;6;3;3;2 bis 5;nein
lemma_20058;consolare;consolare;VRB;VRB;nein;Lateinisch;5;3;3;2 bis 5;nein
lemma_73028;consolatio;consolatio;NOM;NOM;nein;Lateinisch;4;3;3;2 bis 5;nein
lemma_37953;conspicere;conspicere;VRB;VRB;nein;Lateinisch;6;3;3;2 bis 5;nein
lemma_38415;continare;continare;VRB;VRB;nein;Lateinisch;5;3;3;2 bis 5;nein
lemma_27084;coquere;coquere;VRB;VRB;nein;Lateinisch;2;3;2;2 bis 5;nein
lemma_37698;corbona;corbona;NOM;NOM;nein;Lateinisch;2;3;1;2 bis 5;nein
lemma_28237;cornu;cornu;NOM;NOM;nein;Lateinisch;6;3;1;2 bis 5;nein
lemma_24296;corporâl;corporal;NOM;NOM;nein;Lateinisch;3;3;3;2 bis 5;nein
lemma_17315;Cristina;cristina;NAM;NAM;ja;Lateinisch;4;3;3;2 bis 5;nein
lemma_35296;cunctus;cunctus;ADJ;ADJ;nein;Lateinisch;3;3;3;2 bis 5;nein
lemma_35567;cura;cura;NOM;NOM;nein;Lateinisch;10;3;3;2 bis 5;nein
lemma_47815;Curius;curius;NAM;NAM;ja;Lateinisch;3;3;2;2 bis 5;nein
lemma_20417;Cursalion;cursalion;NAM;NAM;ja;Ungarisch;3;3;1;2 bis 5;nein
lemma_30330;custos;custos;NOM;NOM;nein;Lateinisch;6;3;3;2 bis 5;nein
lemma_1048;Cyrinus;cyrinus;NAM;NAM;ja;Lateinisch;3;3;2;2 bis 5;nein
lemma_45739;Daemon;daemon;NAM;NAM;ja;Griechisch, Lateinisch;7;3;3;2 bis 5;nein
lemma_18297;Dechlôn;dechlon;NAM;NAM;ja;Griechisch;2;3;1;2 bis 5;nein
lemma_28312;Decurio;decurio;NAM;NAM;ja;Lateinisch;4;3;2;2 bis 5;nein
lemma_46097;defendere;defendere;VRB;VRB;nein;Lateinisch;7;3;3;2 bis 5;nein
lemma_29390;delectare;delectare;VRB;VRB;nein;Lateinisch;2;3;3;2 bis 5;nein
lemma_35122;delectatio;delectatio;NOM;NOM;nein;Lateinisch;3;3;2;2 bis 5;nein
lemma_29084;Delon;delon;NAM;NAM;ja;Griechisch;3;3;1;2 bis 5;nein
lemma_1137;dictam;dictam;NOM;NOM;nein;Lateinisch;4;3;3;2 bis 5;nein
lemma_78548;dien;dien;ART;ART NEG;nein;Lateinisch;4;3;3;2 bis 5;nein
lemma_29376;discedere;discedere;VRB;VRB;nein;Lateinisch;7;3;1;2 bis 5;nein
lemma_22916;Dismas;dismas;NAM;NAM;ja;Hebräisch;4;3;3;2 bis 5;nein
lemma_35829;dispensare;dispensare;VRB;VRB;nein;Lateinisch;6;3;3;2 bis 5;nein
lemma_35827;disputatio;disputatio;NOM;NOM;nein;Lateinisch;5;3;3;2 bis 5;nein
lemma_27885;distinguere;distinguere;VRB;VRB;nein;Lateinisch;6;3;2;2 bis 5;nein
lemma_35063;ditare;ditare;VRB;VRB;nein;Lateinisch;3;3;3;2 bis 5;nein
lemma_42901;diutunge;diutunge;NOM;NOM;nein;Einzelsprachen;8;3;2;2 bis 5;nein
lemma_35053;dives;dives;ADJ;ADJ;nein;Lateinisch;2;3;2;2 bis 5;nein
lemma_39334;divinus;divinus;ADJ;ADJ;nein;Lateinisch;2;3;3;2 bis 5;nein
lemma_25214;Dodontôn;dodonton;NAM;NAM;ja;Griechisch;3;3;1;2 bis 5;nein
lemma_41395;dômesdach;domesdach;NOM;NOM;nein;Englisch;6;3;2;2 bis 5;nein
lemma_16121;donare;donare;VRB;VRB;nein;Lateinisch;2;3;3;2 bis 5;nein
lemma_31670;Dorastes;dorastes;NAM;NAM;ja;Griechisch;3;3;2;2 bis 5;nein
lemma_28539;Doroschalcus;doroschalcus;NAM;NAM;ja;Griechisch;3;3;1;2 bis 5;nein
lemma_44335;Doxan;doxan;NAM;NAM;ja;Slawisch;2;3;1;2 bis 5;nein
lemma_20366;Duglas;duglas;NAM;NAM;ja;Griechisch;3;3;2;2 bis 5;nein
lemma_24220;Dulcâmûr;dulcamur;NAM;NAM;ja;Lateinisch;3;3;1;2 bis 5;nein
lemma_27244;eadem;eadem;ADV;ADV;nein;Lateinisch;2;3;2;2 bis 5;nein
lemma_45610;efficere;efficere;VRB;VRB;nein;Lateinisch;4;3;3;2 bis 5;nein
lemma_30895;Egenoê;egenoe;NAM;NAM;ja;Griechisch;3;3;1;2 bis 5;nein
lemma_41825;ehsen;ehsen;VRB;VRB;nein;Lateinisch;6;3;2;2 bis 5;nein
lemma_28863;Eleazar;eleazar;NAM;NAM;ja;Hebräisch;4;3;2;2 bis 5;nein
lemma_23247;eleinoon;eleinoon;VRB;VRB;nein;Griechisch;5;3;1;2 bis 5;nein
lemma_10282;Elicone;elicone;NAM;NAM;ja;Französisch;3;3;2;2 bis 5;nein
lemma_28605;Emaus;emaus;NAM;NAM;ja;Hebräisch;2;3;3;2 bis 5;nein
lemma_31748;eremitage;eremitage;NOM;NOM;nein;Französisch;5;3;2;2 bis 5;nein
lemma_26468;Euboea;euboea;NAM;NAM;ja;Griechisch;3;3;2;2 bis 5;nein
lemma_28527;Eusimacus;eusimacus;NAM;NAM;ja;Griechisch;3;3;1;2 bis 5;nein
lemma_1755;Eustôrius;eustorius;NAM;NAM;ja;Lateinisch;3;3;1;2 bis 5;nein
lemma_52798;exequor;exequor;VRB;VRB;nein;Lateinisch;7;3;3;2 bis 5;nein
lemma_27925;familia;familia;NOM;NOM;nein;Lateinisch;2;3;2;2 bis 5;nein
lemma_68229;femur;femur;NOM;NOM;nein;Lateinisch;2;3;1;2 bis 5;nein
lemma_59830;feri;feri;VRB;VRB;nein;Lateinisch;4;3;3;2 bis 5;nein
lemma_39808;fermentum;fermentum;NOM;NOM;nein;Lateinisch;6;3;2;2 bis 5;nein
lemma_67816;festinare;festinare;VRB;VRB;nein;Lateinisch;4;3;2;2 bis 5;nein
lemma_1791;filou;filou;NOM;NOM;nein;Französisch;2;3;1;2 bis 5;nein
lemma_34440;firmus;firmus;ADJ;ADJ NOM;nein;Lateinisch;6;3;3;2 bis 5;nein
lemma_39848;fixatio;fixatio;NOM;NOM;nein;Lateinisch;4;3;1;2 bis 5;nein
lemma_16594;Floriamor;floriamor;NAM;NAM;ja;Französisch, Lateinisch;4;3;2;2 bis 5;nein
lemma_38499;Focas;focas;NAM;NAM;ja;Lateinisch;3;3;2;2 bis 5;nein
lemma_28452;frequens;frequens;ADJ;ADJ ADV;nein;Lateinisch;2;3;2;2 bis 5;nein
lemma_22011;furie;furie;NOM;NOM;nein;Lateinisch;2;3;3;2 bis 5;nein
lemma_30587;Gabaa;gabaa;NAM;NAM;ja;Hebräisch;3;3;2;2 bis 5;nein
lemma_30586;Gabaon;gabaon;NAM;NAM;ja;Hebräisch;4;3;1;2 bis 5;nein
lemma_58968;gaiol;gaiol;NOM;NOM;nein;Französisch;5;3;1;2 bis 5;nein
lemma_24096;Gale Chalain;gale chalain;NAM;NAM;ja;Französisch;4;3;2;2 bis 5;nein
lemma_13283;Gaviôl;gaviol;NAM;NAM;ja;Französisch;3;3;1;2 bis 5;nein
lemma_36488;geomancia;geomancia;NOM;NOM;nein;Lateinisch;8;3;3;2 bis 5;nein
lemma_28720;Gêometras;geometras;NAM;NAM;ja;Griechisch;3;3;1;2 bis 5;nein
lemma_23271;Gervasius;gervasius;NAM;NAM;ja;Lateinisch;4;3;2;2 bis 5;nein
lemma_45527;gignere;gignere;VRB;VRB;nein;Lateinisch;9;3;2;2 bis 5;nein
lemma_51270;glôrieren;glorieren;VRB;VRB;nein;Lateinisch;8;3;3;2 bis 5;nein
lemma_28110;Gracianus;gracianus;NAM;NAM;ja;Lateinisch;3;3;2;2 bis 5;nein
lemma_12331;gratia vester;gratia vester;INJ;INJ;nein;Lateinisch;3;3;3;2 bis 5;nein
lemma_44365;Gwosdeck;gwosdeck;NAM;NAM;ja;Slawisch;2;3;2;2 bis 5;nein
lemma_45176;habitus;habitus;NOM;NOM;nein;Lateinisch;7;3;3;2 bis 5;nein
lemma_36506;haruspex;haruspex;NOM;NOM;nein;Lateinisch;10;3;3;2 bis 5;nein
lemma_36370;Hermes;hermes;NAM;NAM;ja;Griechisch;4;3;3;2 bis 5;nein
lemma_27701;Herodias;herodias;NAM;NAM;ja;Hebräisch;4;3;2;2 bis 5;nein
lemma_30612;Hesekiel;hesekiel;NAM;NAM;ja;Hebräisch;4;3;3;2 bis 5;nein
lemma_29519;Hesperos;hesperos;NAM;NAM;ja;Griechisch;6;3;3;2 bis 5;nein
lemma_28105;Hircanus;hircanus;NAM;NAM;ja;Hebräisch;4;3;2;2 bis 5;nein
lemma_77609;Hôheporte;hoheporte;NAM;NAM;ja;Lateinisch;4;3;1;2 bis 5;nein
lemma_21556;Hosea;hosea;NAM;NAM;ja;Hebräisch;4;3;3;2 bis 5;nein
lemma_44387;Hron;hron;NAM;NAM;ja;Slawisch;3;3;2;2 bis 5;nein
lemma_22131;Hunes;hunes;NAM;NAM;ja;Griechisch;3;3;1;2 bis 5;nein
lemma_36495;hydromancia;hydromancia;NOM;NOM;nein;Lateinisch;7;3;3;2 bis 5;nein
lemma_28516;Ideus;ideus;NAM;NAM;ja;Griechisch;3;3;1;2 bis 5;nein
lemma_44396;Iesko;iesko;NAM;NAM;ja;Slawisch;3;3;2;2 bis 5;nein
lemma_29712;igitur;igitur;ADV;ADV;nein;Lateinisch;2;3;1;2 bis 5;nein
lemma_19200;Ilioneus;ilioneus;NAM;NAM;ja;Griechisch;3;3;2;2 bis 5;nein
lemma_46229;illic;illic;ADV;ADV;nein;Lateinisch;2;3;2;2 bis 5;nein
lemma_70331;imago;imago;NOM;NOM;nein;Lateinisch;6;3;1;2 bis 5;nein
lemma_69933;immunditia;immunditia;NOM;NOM;nein;Lateinisch;5;3;1;2 bis 5;nein
lemma_19925;imperium;imperium;NOM;NOM;nein;Lateinisch;4;3;2;2 bis 5;nein
lemma_70472;inanis;inanis;ADJ;ADJ;nein;Lateinisch;7;3;2;2 bis 5;nein
lemma_46148;infirmare;infirmare;NEG;NEG VRB;nein;Lateinisch;6;3;1;2 bis 5;nein
lemma_46150;infirmitas;infirmitas;NEG;NEG NOM;nein;Lateinisch;7;3;1;2 bis 5;nein
lemma_53370;ingredi;ingredi;VRB;VRB;nein;Lateinisch;4;3;1;2 bis 5;nein
lemma_41328;interra;interra;NOM;NOM PRP;nein;Lateinisch;3;3;1;2 bis 5;nein
lemma_24471;intus;intus;ADV;ADV;nein;Lateinisch;2;3;3;2 bis 5;nein
lemma_23621;Ipodomia;ipodomia;NAM;NAM;ja;Griechisch;3;3;3;2 bis 5;nein
lemma_28767;Isannes;isannes;NAM;NAM;ja;Griechisch;3;3;1;2 bis 5;nein
lemma_21479;îsenvënster;isenvënster;NOM;NOM;nein;Lateinisch;6;3;1;2 bis 5;nein
lemma_24347;istud;istud;ADJ;ADJ;nein;Lateinisch;2;3;3;2 bis 5;nein
lemma_18916;iugum;iugum;NOM;NOM;nein;Lateinisch;4;3;2;2 bis 5;nein
lemma_30507;Jaldus;jaldus;NAM;NAM;ja;Hebräisch;4;3;1;2 bis 5;nein
lemma_10456;je;je;POS;POS PRO;nein;Französisch;3;3;1;2 bis 5;nein
lemma_26134;Jovînus;jovinus;NAM;NAM;ja;Lateinisch;3;3;2;2 bis 5;nein
lemma_36629;jûsen;jusen;VRB;VRB;nein;Slawisch;4;3;3;2 bis 5;nein
lemma_61377;justificatio;justificatio;NOM;NOM;nein;Lateinisch;3;3;2;2 bis 5;nein
lemma_3172;juven;juven;ADJ;ADJ NOM;nein;Französisch;3;3;2;2 bis 5;nein
lemma_64969;Kamor;kamor;NAM;NAM;ja;Griechisch;2;3;1;2 bis 5;nein
lemma_20728;Kanabus;kanabus;NAM;NAM;ja;Lateinisch;3;3;2;2 bis 5;nein
lemma_42333;Kassa;kassa;NAM;NAM;ja;Tschechisch;3;3;2;2 bis 5;nein
lemma_45164;körperlich;koerperlich;ADJ;ADJ;nein;Lateinisch;4;3;2;2 bis 5;nein
lemma_26848;konkavelite;konkavelite;NOM;NOM;nein;Lateinisch;4;3;2;2 bis 5;nein
lemma_29697;korter;korter;NOM;NOM;nein;Französisch;6;3;1;2 bis 5;nein
lemma_44658;Kourzim;kourzim;NAM;NAM;ja;Tschechisch;2;3;1;2 bis 5;nein
lemma_31872;krap;krap;NOM;NOM;nein;Ungarisch;3;3;2;2 bis 5;nein
lemma_44306;Krock;krock;NAM;NAM;ja;Tschechisch;3;3;1;2 bis 5;nein
lemma_30329;küsterinne;kuesterinne;NOM;NOM;nein;Lateinisch;5;3;2;2 bis 5;nein
lemma_44316;Kunitz;kunitz;NAM;NAM;ja;Slawisch;3;3;1;2 bis 5;nein
lemma_25542;labor;labor;NOM;NOM;nein;Lateinisch;3;3;3;2 bis 5;nein
lemma_46959;labyrinthus;labyrinthus;NOM;NOM;nein;Griechisch;5;3;2;2 bis 5;nein
lemma_17002;Lahfilirost;lahfilirost;NAM;NAM;ja;Französisch;3;3;1;2 bis 5;nein
lemma_28589;Laius;laius;NAM;NAM;ja;Griechisch;3;3;1;2 bis 5;nein
lemma_35055;largitas;largitas;NOM;NOM;nein;Lateinisch;3;3;3;2 bis 5;nein
lemma_3649;Lê;le;NAM;NAM;ja;Französisch;3;3;2;2 bis 5;nein
lemma_34286;lêgiste;legiste;NOM;NOM;nein;Lateinisch;5;3;3;2 bis 5;nein
lemma_16945;Leofax;leofax;NAM;NAM;ja;Lateinisch;3;3;1;2 bis 5;nein
lemma_20085;Leonatus;leonatus;NAM;NAM;ja;Griechisch, Lateinisch;4;3;2;2 bis 5;nein
lemma_11408;liberî;liberi;NOM;NOM;nein;Lateinisch;2;3;1;2 bis 5;nein
lemma_16612;liconte;liconte;ART;ART NOM;nein;Französisch;3;3;1;2 bis 5;nein
lemma_45765;litare;litare;ADV;ADV VRB;nein;Lateinisch;5;3;1;2 bis 5;nein
lemma_16095;litter;litter;NOM;NOM;nein;Lateinisch;2;3;2;2 bis 5;nein
lemma_44459;Loketko;loketko;NAM;NAM;ja;Slawisch;3;3;1;2 bis 5;nein
lemma_26227;Lokrus;lokrus;NAM;NAM;ja;Griechisch;3;3;1;2 bis 5;nein
lemma_25589;lucere;lucere;VRB;VRB;nein;Lateinisch;4;3;3;2 bis 5;nein
lemma_69855;lumbus;lumbus;NOM;NOM;nein;Lateinisch;3;3;1;2 bis 5;nein
lemma_28432;lupus;lupus;NOM;NOM;nein;Lateinisch;3;3;1;2 bis 5;nein
lemma_31094;lûre;lure;NOM;NOM;nein;Lateinisch;11;3;3;2 bis 5;nein
lemma_3868;lûte;lute;NOM;NOM;nein;Arabisch;2;3;3;2 bis 5;nein
lemma_43906;Lutitz;lutitz;NAM;NAM;ja;Slawisch;2;3;2;2 bis 5;nein
lemma_51875;magis;magis;ADJ;ADJ ADV GRA;nein;Lateinisch;3;3;1;2 bis 5;nein
lemma_28421;Malchus;malchus;NAM;NAM;ja;Hebräisch, Lateinisch;5;3;3;2 bis 5;nein
lemma_23995;Mamurtanit;mamurtanit;NAM;NAM;ja;Arabisch;3;3;1;2 bis 5;nein
lemma_58055;manerîe;manerie;NOM;NOM;nein;Lateinisch;4;3;1;2 bis 5;nein
lemma_43458;Maneypicelle;maneypicelle;NAM;NAM;ja;Französisch;3;3;1;2 bis 5;nein
lemma_28212;Marinus;marinus;NAM;NAM;ja;Lateinisch;5;3;2;2 bis 5;nein
lemma_34246;Martinsdorf;martinsdorf;NAM;NAM;ja;Lateinisch;4;3;1;2 bis 5;nein
lemma_44674;Mauth;mauth;NAM;NAM;ja;Slawisch;2;3;1;2 bis 5;nein
lemma_22044;Meliegar;meliegar;NAM;NAM;ja;Griechisch;3;3;2;2 bis 5;nein
lemma_53510;memini;memini;VRB;VRB;nein;Lateinisch;3;3;2;2 bis 5;nein
lemma_25524;memor;memor;ADJ;ADJ;nein;Lateinisch;4;3;3;2 bis 5;nein
lemma_29473;Memrôtes;memrotes;NAM;NAM;ja;Griechisch;4;3;1;2 bis 5;nein
lemma_26460;Menidas;menidas;NAM;NAM;ja;Griechisch;3;3;1;2 bis 5;nein
lemma_18486;merces;merces;NOM;NOM;nein;Lateinisch;4;3;3;2 bis 5;nein
lemma_26096;Metius;metius;NAM;NAM;ja;Lateinisch;3;3;3;2 bis 5;nein
lemma_35041;micare;micare;VRB;VRB;nein;Lateinisch;3;3;3;2 bis 5;nein
lemma_31664;Michol;michol;NAM;NAM;ja;Hebräisch;4;3;2;2 bis 5;nein
lemma_59011;ministrare;ministrare;VRB;VRB;nein;Lateinisch;5;3;2;2 bis 5;nein
lemma_28470;mirabilis;mirabilis;ADJ;ADJ ADV GRA;nein;Lateinisch;4;3;2;2 bis 5;nein
lemma_44470;Miroslaw;miroslaw;NAM;NAM;ja;Slawisch, Tschechisch;4;3;1;2 bis 5;nein
lemma_35040;miser;miser;ADJ;ADJ;nein;Lateinisch;3;3;3;2 bis 5;nein
lemma_31290;Misereiz;misereiz;NAM;NAM;ja;Persisch;3;3;1;2 bis 5;nein
lemma_25360;mobilis;mobilis;ADJ;ADJ;nein;Lateinisch;2;3;3;2 bis 5;nein
lemma_4187;monosceros;monosceros;NOM;NOM;nein;Griechisch, Lateinisch;5;3;2;2 bis 5;nein
lemma_44475;Mstis;mstis;NAM;NAM;ja;Slawisch;3;3;1;2 bis 5;nein
lemma_31038;mundare;mundare;VRB;VRB;nein;Lateinisch;3;3;2;2 bis 5;nein
lemma_64769;Mydoras;mydoras;NAM;NAM;ja;Griechisch;3;3;1;2 bis 5;nein
lemma_47501;Myrrha;myrrha;NAM;NAM;ja;Griechisch;4;3;3;2 bis 5;nein
lemma_24374;Nabal;nabal;NAM;NAM;ja;Hebräisch;4;3;2;2 bis 5;nein
lemma_47626;Nadab;nadab;NAM;NAM;ja;Hebräisch;4;3;3;2 bis 5;nein
lemma_30014;Nastanus;nastanus;NAM;NAM;ja;Persisch;3;3;1;2 bis 5;nein
lemma_21557;Nathanael;nathanael;NAM;NAM;ja;Hebräisch;4;3;2;2 bis 5;nein
lemma_23262;nativitas;nativitas;NOM;NOM;nein;Lateinisch;3;3;3;2 bis 5;nein
lemma_22211;Nausikaa;nausikaa;NAM;NAM;ja;Griechisch;3;3;2;2 bis 5;nein
lemma_58530;neque;neque;CNJ;CNJ;nein;Lateinisch;3;3;2;2 bis 5;nein
lemma_64694;Nerox;nerox;NAM;NAM;ja;Griechisch;3;3;1;2 bis 5;nein
lemma_40244;nescire;nescire;NEG;NEG VRB;nein;Lateinisch;5;3;2;2 bis 5;nein
lemma_64916;Nicomedes;nicomedes;NAM;NAM;ja;Griechisch;3;3;1;2 bis 5;nein
lemma_28090;Nicomedias;nicomedias;NAM;NAM;ja;Griechisch;2;3;3;2 bis 5;nein
lemma_31724;Noemi;noemi;NAM;NAM;ja;Hebräisch;4;3;3;2 bis 5;nein
lemma_69831;nuptia;nuptia;NOM;NOM;nein;Lateinisch;3;3;1;2 bis 5;nein
lemma_69760;obsecrare;obsecrare;VRB;VRB;nein;Lateinisch;7;3;1;2 bis 5;nein
lemma_30357;Occursius;occursius;NAM;NAM;ja;Lateinisch;3;3;1;2 bis 5;nein
lemma_50952;official;official;NOM;NOM;nein;Lateinisch;2;3;1;2 bis 5;nein
lemma_45810;olus;olus;NOM;NOM;nein;Lateinisch;5;3;2;2 bis 5;nein
lemma_45835;optare;optare;VRB;VRB;nein;Lateinisch;4;3;3;2 bis 5;nein
lemma_23158;Ordôphilôn;ordophilon;NAM;NAM;ja;Griechisch;3;3;1;2 bis 5;nein
lemma_24144;Oriombates;oriombates;NAM;NAM;ja;Persisch;3;3;1;2 bis 5;nein
lemma_14779;ornât;ornat;NOM;NOM;nein;Lateinisch;4;3;2;2 bis 5;nein
lemma_36509;ornomancia;ornomancia;NOM;NOM;nein;Lateinisch;8;3;3;2 bis 5;nein
lemma_64677;Orphala;orphala;NAM;NAM;ja;Griechisch;3;3;1;2 bis 5;nein
lemma_26605;Oseês;osees;NAM;NAM;ja;Griechisch;3;3;2;2 bis 5;nein
lemma_44487;Osseck;osseck;NAM;NAM;ja;Tschechisch;3;3;2;2 bis 5;nein
lemma_8611;ouchn;ouchn;CNJ;CNJ NEG;nein;Lateinisch;4;3;3;2 bis 5;nein
lemma_38630;paenitere;paenitere;VRB;VRB;nein;Lateinisch;5;3;2;2 bis 5;nein
lemma_52370;Panthea;panthea;NAM;NAM;ja;Griechisch;4;3;1;2 bis 5;nein
lemma_19226;Panthelamon;panthelamon;NAM;NAM;ja;Griechisch;3;3;1;2 bis 5;nein
lemma_28489;Pantheleus;pantheleus;NAM;NAM;ja;Lateinisch;3;3;1;2 bis 5;nein
lemma_20565;papele;papele;NOM;NOM;nein;Lateinisch;4;3;3;2 bis 5;nein
lemma_51121;parare;parare;VRB;VRB;nein;Lateinisch;5;3;3;2 bis 5;nein
lemma_28893;parentes;parentes;NOM;NOM;nein;Lateinisch;2;3;2;2 bis 5;nein
lemma_34919;parere;parere;VRB;VRB;nein;Lateinisch;5;3;3;2 bis 5;nein
lemma_69836;parire;parire;VRB;VRB;nein;Lateinisch;8;3;1;2 bis 5;nein
lemma_64768;Parmelie;parmelie;NAM;NAM;ja;Griechisch;3;3;1;2 bis 5;nein
lemma_28899;Parmenides;parmenides;NAM;NAM;ja;Griechisch;4;3;2;2 bis 5;nein
lemma_34911;parol;parol;NOM;NOM;nein;Französisch;2;3;2;2 bis 5;nein
lemma_29298;pastor;pastor;NOM;NOM;nein;Lateinisch;3;3;3;2 bis 5;nein
lemma_37625;paucus;paucus;ADJ;ADJ NOM;nein;Lateinisch;2;3;1;2 bis 5;nein
lemma_37940;pectus;pectus;NOM;NOM;nein;Lateinisch;3;3;3;2 bis 5;nein
lemma_36508;pedomancia;pedomancia;NOM;NOM;nein;Lateinisch;10;3;3;2 bis 5;nein
lemma_24999;Pelagius;pelagius;NAM;NAM;ja;Lateinisch;4;3;2;2 bis 5;nein
lemma_24998;Pelagrîn;pelagrin;NAM;NAM;ja;Arabisch;3;3;1;2 bis 5;nein
lemma_25209;Pelêon;peleon;NAM;NAM;ja;Griechisch;2;3;2;2 bis 5;nein
lemma_25202;Pelûsium;pelusium;NAM;NAM;ja;Griechisch;3;3;1;2 bis 5;nein
lemma_28518;Peneleus;peneleus;NAM;NAM;ja;Griechisch;3;3;1;2 bis 5;nein
lemma_35140;penna;penna;NOM;NOM;nein;Lateinisch;2;3;2;2 bis 5;nein
lemma_25416;Pentecoste;pentecoste;NAM;NAM;ja;Lateinisch;3;3;2;2 bis 5;nein
lemma_35268;periculum;periculum;NOM;NOM;nein;Lateinisch;4;3;3;2 bis 5;nein
lemma_27241;pertransire;pertransire;VRB;VRB;nein;Lateinisch;7;3;3;2 bis 5;nein
lemma_29632;Phâsidôn;phasidon;NAM;NAM;ja;Griechisch;2;3;1;2 bis 5;nein
lemma_25533;phasis;phasis;NOM;NOM;nein;Lateinisch;4;3;2;2 bis 5;nein
lemma_26928;Philadelphus;philadelphus;NAM;NAM;ja;Griechisch;4;3;2;2 bis 5;nein
lemma_29207;Phocîdes;phocides;NAM;NAM;ja;Griechisch;2;3;1;2 bis 5;nein
lemma_30081;plantare;plantare;VRB;VRB;nein;Lateinisch;8;3;1;2 bis 5;nein
lemma_28460;pluvia;pluvia;NOM;NOM;nein;Lateinisch;3;3;2;2 bis 5;nein
lemma_31492;pointe;pointe;NOM;NOM;nein;Französisch;3;3;2;2 bis 5;nein
lemma_23746;Policarpus;policarpus;NAM;NAM;ja;Lateinisch;4;3;2;2 bis 5;nein
lemma_45278;pompa;pompa;NOM;NOM;nein;Griechisch, Lateinisch;6;3;3;2 bis 5;nein
lemma_31487;pontifex;pontifex;NOM;NOM;nein;Lateinisch;5;3;1;2 bis 5;nein
lemma_25649;postquam;postquam;ADV;ADV CNJ;nein;Lateinisch;3;3;3;2 bis 5;nein
lemma_31415;Potenziana;potenziana;NAM;NAM;ja;Lateinisch;4;3;2;2 bis 5;nein
lemma_27250;praecedere;praecedere;VRB;VRB;nein;Lateinisch;5;3;2;2 bis 5;nein
lemma_27247;praeter;praeter;ADV;ADV;nein;Lateinisch;4;3;3;2 bis 5;nein
lemma_23936;preciosus;preciosus;ADJ;ADJ NOM;nein;Lateinisch;2;3;3;2 bis 5;nein
lemma_46016;predicatio;predicatio;NOM;NOM;nein;Lateinisch;6;3;3;2 bis 5;nein
lemma_35606;prendere;prendere;VRB;VRB;nein;Italienisch;19;3;3;2 bis 5;nein
lemma_53511;presbyter;presbyter;NOM;NOM;nein;Griechisch, Lateinisch;4;3;1;2 bis 5;nein
lemma_23416;Primus;primus;NAM;NAM;ja;Lateinisch;3;3;2;2 bis 5;nein
lemma_10169;prisanten;prisanten;VRB;VRB;nein;Französisch;4;3;1;2 bis 5;nein
lemma_23987;Prisca;prisca;NAM;NAM;ja;Lateinisch;4;3;2;2 bis 5;nein
lemma_45880;probatio;probatio;NOM;NOM;nein;Lateinisch;10;3;3;2 bis 5;nein
lemma_26632;procedere;procedere;VRB;VRB;nein;Lateinisch;3;3;2;2 bis 5;nein
lemma_75496;procëssenlich;procëssenlich;ADJ;ADJ ADV;nein;Lateinisch;6;3;1;2 bis 5;nein
lemma_45532;propere;propere;VRB;VRB;nein;Lateinisch;3;3;1;2 bis 5;nein
lemma_45900;proprius;proprius;ADJ;ADJ;nein;Lateinisch;4;3;2;2 bis 5;nein
lemma_27691;proselyt;proselyt;NOM;NOM;nein;Griechisch;3;3;2;2 bis 5;nein
lemma_26627;Proserpina;proserpina;NAM;NAM;ja;Griechisch, Lateinisch;5;3;3;2 bis 5;nein
lemma_45282;protonotære;protonotaere;NOM;NOM;nein;Lateinisch;5;3;1;2 bis 5;nein
lemma_69893;proximus;proximus;ADJ;ADJ;nein;Lateinisch;4;3;1;2 bis 5;nein
lemma_21829;psalmodie;psalmodie;NOM;NOM;nein;Griechisch, Hebräisch;5;3;2;2 bis 5;nein
lemma_4753;pucelle;pucelle;NOM;NOM;nein;Französisch;6;3;2;2 bis 5;nein
lemma_36492;pyromancia;pyromancia;NOM;NOM;nein;Lateinisch;7;3;3;2 bis 5;nein
lemma_25413;Quadragesima;quadragesima;NAM;NAM;ja;Lateinisch;3;3;2;2 bis 5;nein
lemma_46609;quadragesimus;quadragesimus;NUM;NUM;nein;Lateinisch;2;3;1;2 bis 5;nein
lemma_45874;qualiter;qualiter;ADV;ADV;nein;Lateinisch;3;3;1;2 bis 5;nein
lemma_25383;quintus;quintus;ADJ;ADJ NUM;nein;Lateinisch;2;3;2;2 bis 5;nein
lemma_48259;quisnam;quisnam;IPA;IPA;nein;Lateinisch;2;3;1;2 bis 5;nein
lemma_38436;quotidianus;quotidianus;ADJ;ADJ ADV;nein;Lateinisch;2;3;1;2 bis 5;nein
lemma_33766;Raebnitz;raebnitz;NAM;NAM;ja;Slawisch;2;3;2;2 bis 5;nein
lemma_62539;ramper;ramper;ADV;ADV VRB;nein;Französisch;4;3;2;2 bis 5;nein
lemma_70432;rapax;rapax;ADJ;ADJ;nein;Lateinisch;3;3;1;2 bis 5;nein
lemma_45552;redire;redire;VRB;VRB;nein;Lateinisch;6;3;3;2 bis 5;nein
lemma_35323;regierer;regierer;NOM;NOM;nein;Lateinisch;5;3;2;2 bis 5;nein
lemma_43805;regio;regio;NOM;NOM;nein;Lateinisch;4;3;3;2 bis 5;nein
lemma_50061;remittere;remittere;VRB;VRB;nein;Lateinisch;9;3;3;2 bis 5;nein
lemma_29591;Rennôn;rennon;NAM;NAM;ja;Arabisch;3;3;1;2 bis 5;nein
lemma_23062;respons;respons;NOM;NOM;nein;Lateinisch;4;3;1;2 bis 5;nein
lemma_45875;retinere;retinere;VRB;VRB;nein;Lateinisch;5;3;2;2 bis 5;nein
lemma_39237;revelatio;revelatio;NOM;NOM;nein;Lateinisch;4;3;2;2 bis 5;nein
lemma_26360;Rhodos;rhodos;NAM;NAM;ja;Griechisch;4;3;3;2 bis 5;nein
lemma_30514;Rufinus;rufinus;NAM;NAM;ja;Lateinisch;5;3;3;2 bis 5;nein
lemma_25844;Rugerus;rugerus;NAM;NAM;ja;Lateinisch;3;3;3;2 bis 5;nein
lemma_17803;Salvatsch deFonte;salvatsch defonte;NAM;NAM;ja;Französisch;2;3;1;2 bis 5;nein
lemma_28050;sanctificare;sanctificare;VRB;VRB;nein;Lateinisch;3;3;3;2 bis 5;nein
lemma_10116;saut;saut;VRB;VRB;nein;Französisch;3;3;1;2 bis 5;nein
lemma_44572;Sderas;sderas;NAM;NAM;ja;Tschechisch;2;3;2;2 bis 5;nein
lemma_44540;Sdik;sdik;NAM;NAM;ja;Slawisch;3;3;1;2 bis 5;nein
lemma_29476;Sedechia;sedechia;NAM;NAM;ja;Hebräisch;3;3;1;2 bis 5;nein
lemma_67899;sedes;sedes;NOM;NOM;nein;Lateinisch;3;3;1;2 bis 5;nein
lemma_23349;Senebalin;senebalin;NAM;NAM;ja;Arabisch;3;3;1;2 bis 5;nein
lemma_46083;sententia;sententia;NOM;NOM;nein;Lateinisch;7;3;2;2 bis 5;nein
lemma_41369;separare;separare;VRB;VRB;nein;Lateinisch;5;3;2;2 bis 5;nein
lemma_28284;Sicheus;sicheus;NAM;NAM;ja;Lateinisch;3;3;2;2 bis 5;nein
lemma_37225;silentium;silentium;NOM;NOM;nein;Lateinisch;5;3;1;2 bis 5;nein
lemma_25059;Simpfiliens;simpfiliens;NAM;NAM;ja;Griechisch;3;3;1;2 bis 5;nein
lemma_28253;Simplicius;simplicius;NAM;NAM;ja;Lateinisch;4;3;3;2 bis 5;nein
lemma_27330;simul;simul;ADV;ADV;nein;Lateinisch;3;3;3;2 bis 5;nein
lemma_16970;singôz;singoz;NOM;NOM;nein;Italienisch;3;3;2;2 bis 5;nein
lemma_29463;Sisenes;sisenes;NAM;NAM;ja;Griechisch;3;3;2;2 bis 5;nein
lemma_34949;sive;sive;CNJ;CNJ;nein;Lateinisch;2;3;3;2 bis 5;nein
lemma_31615;socius;socius;NOM;NOM;nein;Lateinisch;4;3;2;2 bis 5;nein
lemma_66673;solemnitas;solemnitas;NOM;NOM;nein;Lateinisch;6;3;2;2 bis 5;nein
lemma_67614;sollicitus;sollicitus;ADJ;ADJ;nein;Lateinisch;4;3;2;2 bis 5;nein
lemma_11858;spicâ;spica;NOM;NOM;nein;Lateinisch;3;3;2;2 bis 5;nein
lemma_34011;Spislâ;spisla;NAM;NAM;ja;Slawisch;3;3;1;2 bis 5;nein
lemma_20850;Spitâmenes;spitamenes;NAM;NAM;ja;Griechisch;3;3;1;2 bis 5;nein
lemma_68729;spriuwersac;spriuwersac;NOM;NOM;nein;Lateinisch;3;3;2;2 bis 5;nein
lemma_25114;Stâcius;stacius;NAM;NAM;ja;Lateinisch;4;3;1;2 bis 5;nein
lemma_42338;Staditz;staditz;NAM;NAM;ja;Slawisch, Tschechisch;3;3;2;2 bis 5;nein
lemma_45844;sternere;sternere;VRB;VRB;nein;Lateinisch;6;3;1;2 bis 5;nein
lemma_44577;Strzezimir;strzezimir;NAM;NAM;ja;Tschechisch;3;3;1;2 bis 5;nein
lemma_25112;suavis;suavis;ADJ;ADJ;nein;Lateinisch;7;3;3;2 bis 5;nein
lemma_27236;sudor;sudor;NOM;NOM;nein;Lateinisch;2;3;2;2 bis 5;nein
lemma_15824;superbia;superbia;NOM;NOM;nein;Lateinisch;6;3;2;2 bis 5;nein
lemma_37561;supplicare;supplicare;ADV;ADV NOM VRB;nein;Lateinisch;7;3;2;2 bis 5;nein
lemma_10204;symphonie;symphonie;NOM;NOM;nein;Französisch;2;3;3;2 bis 5;nein
lemma_29510;Syrach;syrach;NAM;NAM;ja;Hebräisch;4;3;1;2 bis 5;nein
lemma_28123;tangere;tangere;VRB;VRB;nein;Lateinisch;3;3;3;2 bis 5;nein
lemma_28519;Tereus;tereus;NAM;NAM;ja;Griechisch;3;3;2;2 bis 5;nein
lemma_23092;terme;terme;NOM;NOM;nein;Lateinisch;3;3;2;2 bis 5;nein
lemma_35817;Teschîn;teschin;NAM;NAM;ja;Slawisch;3;3;3;2 bis 5;nein
lemma_23773;Thales;thales;NAM;NAM;ja;Griechisch;4;3;3;2 bis 5;nein
lemma_27307;Thamar;thamar;NAM;NAM;ja;Hebräisch;4;3;2;2 bis 5;nein
lemma_28080;Thelesus;thelesus;NAM;NAM;ja;Griechisch;3;3;1;2 bis 5;nein
lemma_22864;theologia;theologia;NOM;NOM;nein;Lateinisch;2;3;2;2 bis 5;nein
lemma_47055;Theophrastos;theophrastos;NAM;NAM;ja;Griechisch;3;3;1;2 bis 5;nein
lemma_43173;Thyestes;thyestes;NAM;NAM;ja;Griechisch;3;3;3;2 bis 5;nein
lemma_23974;Tiburtius;tiburtius;NAM;NAM;ja;Lateinisch;4;3;2;2 bis 5;nein
lemma_31806;Timbree;timbree;NAM;NAM;ja;Griechisch;2;3;2;2 bis 5;nein
lemma_18899;tinctus;tinctus;ADJ;ADJ;nein;Lateinisch;3;3;3;2 bis 5;nein
lemma_42279;tiutschen;tiutschen;VRB;VRB;nein;Einzelsprachen;4;3;3;2 bis 5;nein
lemma_31868;toi;toi;PRO;PRO;nein;Französisch, Rätoromanisch;3;3;1;2 bis 5;nein
lemma_67976;tribuere;tribuere;VRB;VRB;nein;Lateinisch;4;3;1;2 bis 5;nein
lemma_10083;tristis;tristis;ADJ;ADJ;nein;Französisch, Lateinisch;3;3;2;2 bis 5;nein
lemma_45514;tristitia;tristitia;NOM;NOM;nein;Lateinisch;3;3;2;2 bis 5;nein
lemma_64676;Trunans;trunans;NAM;NAM;ja;Griechisch;2;3;1;2 bis 5;nein
lemma_21819;turris;turris;NOM;NOM;nein;Lateinisch;3;3;2;2 bis 5;nein
lemma_28161;Typotes;typotes;NAM;NAM;ja;Griechisch;3;3;2;2 bis 5;nein
lemma_35292;uber;uber;ADJ;ADJ GRA NOM;nein;Lateinisch;8;3;3;2 bis 5;nein
lemma_35772;Ugram;ugram;NAM;NAM;ja;Ungarisch;3;3;1;2 bis 5;nein
lemma_6420;ulterior;ulterior;PRP;PRP;nein;Lateinisch;2;3;2;2 bis 5;nein
lemma_28887;Ursus;ursus;NAM;NAM;ja;Lateinisch;3;3;2;2 bis 5;nein
lemma_26802;uterus;uterus;NOM;NOM;nein;Lateinisch;4;3;3;2 bis 5;nein
lemma_36498;ûzlegerin;uzlegerin;NOM;NOM;nein;Einzelsprachen;7;3;3;2 bis 5;nein
lemma_65498;Valeria;valeria;NAM;NAM;ja;Griechisch;3;3;1;2 bis 5;nein
lemma_31869;vel;vel;CNJ;CNJ;nein;Lateinisch;3;3;1;2 bis 5;nein
lemma_29105;vene;vene;NOM;NOM;nein;Lateinisch;4;3;2;2 bis 5;nein
lemma_56309;venimen;venimen;NOM;NOM;nein;Lateinisch;6;3;1;2 bis 5;nein
lemma_45641;vertere;vertere;VRB;VRB;nein;Lateinisch;19;3;2;2 bis 5;nein
lemma_15700;viâ;via;INJ;INJ VRB;nein;Lateinisch;2;3;2;2 bis 5;nein
lemma_67372;vidimus;vidimus;NOM;NOM;nein;Lateinisch;4;3;2;2 bis 5;nein
lemma_37928;vindicare;vindicare;VRB;VRB;nein;Lateinisch;5;3;2;2 bis 5;nein
lemma_34433;visitare;visitare;VRB;VRB;nein;Lateinisch;4;3;3;2 bis 5;nein
lemma_45525;voluptas;voluptas;NOM;NOM;nein;Lateinisch;2;3;2;2 bis 5;nein
lemma_44625;Woyn;woyn;NAM;NAM;ja;Slawisch;3;3;2;2 bis 5;nein
lemma_44626;Woyslaw;woyslaw;NAM;NAM;ja;Slawisch;3;3;2;2 bis 5;nein
lemma_28372;Ylarius;ylarius;NAM;NAM;ja;Lateinisch;4;3;2;2 bis 5;nein
lemma_28599;Zalancus;zalancus;NAM;NAM;ja;Griechisch;3;3;1;2 bis 5;nein
lemma_25444;Zefar;zefar;NAM;NAM;ja;Persisch;3;3;2;2 bis 5;nein
lemma_48869;zisenlîn;zisenlin;NOM;NOM;nein;Lateinisch;5;3;2;2 bis 5;nein
lemma_29472;Abas;abas;NAM;NAM;ja;Griechisch;3;2;1;2 bis 5;nein
lemma_26339;Abdalôminus;abdalominus;NAM;NAM;ja;Griechisch;3;2;1;2 bis 5;nein
lemma_45536;abesse;abesse;VRB;VRB;nein;Lateinisch;3;2;2;2 bis 5;nein
lemma_70086;abicere;abicere;VRB;VRB;nein;Lateinisch;7;2;1;2 bis 5;nein
lemma_55791;abominatio;abominatio;NOM;NOM;nein;Lateinisch;3;2;1;2 bis 5;nein
lemma_38065;Abrâ;abra;NAM;NAM;ja;Hebräisch;4;2;1;2 bis 5;nein
lemma_38616;abyss;abyss;NOM;NOM;nein;Griechisch;3;2;2;2 bis 5;nein
lemma_17138;accentrum;accentrum;CNJ;CNJ NOM;nein;Lateinisch;4;2;1;2 bis 5;nein
lemma_52634;accordum;accordum;NOM;NOM;nein;Lateinisch;5;2;1;2 bis 5;nein
lemma_46104;accusare;accusare;VRB;VRB;nein;Lateinisch;3;2;1;2 bis 5;nein
lemma_45662;acer;acer;ADJ;ADJ NOM;nein;Lateinisch;5;2;2;2 bis 5;nein
lemma_51123;acetum;acetum;NOM;NOM;nein;Lateinisch;4;2;1;2 bis 5;nein
lemma_20982;Achalmus;achalmus;NAM;NAM;ja;Lateinisch;3;2;1;2 bis 5;nein
lemma_19296;Acrîsius;acrisius;NAM;NAM;ja;Lateinisch;3;2;1;2 bis 5;nein
lemma_29485;Actorides;actorides;NAM;NAM;ja;Griechisch;3;2;1;2 bis 5;nein
lemma_51129;addere;addere;VRB;VRB;nein;Lateinisch;3;2;1;2 bis 5;nein
lemma_61381;adhaerere;adhaerere;VRB;VRB;nein;Lateinisch;4;2;2;2 bis 5;nein
lemma_31851;adiuvare;adiuvare;VRB;VRB;nein;Lateinisch;4;2;1;2 bis 5;nein
lemma_67815;adme;adme;PRO;PRO PRP;nein;Lateinisch;5;2;1;2 bis 5;nein
lemma_26417;admirabilis;admirabilis;ADJ;ADJ;nein;Lateinisch;3;2;2;2 bis 5;nein
lemma_37572;adulescentulus;adulescentulus;NOM;NOM;nein;Lateinisch;4;2;1;2 bis 5;nein
lemma_44803;æquivox;aequivox;NOM;NOM;nein;Lateinisch;5;2;2;2 bis 5;nein
lemma_72971;affectus;affectus;NOM;NOM;nein;Lateinisch;4;2;2;2 bis 5;nein
lemma_77829;ager;ager;NOM;NOM;nein;Lateinisch;3;2;1;2 bis 5;nein
lemma_23759;Agirtes;agirtes;NAM;NAM;ja;Griechisch;3;2;1;2 bis 5;nein
lemma_67811;agnitio;agnitio;NOM;NOM;nein;Lateinisch;5;2;2;2 bis 5;nein
lemma_25198;Alchimeliar;alchimeliar;NAM;NAM;ja;Griechisch;3;2;1;2 bis 5;nein
lemma_16626;Algorismus;algorismus;NAM;NAM;ja;Arabisch, Lateinisch;5;2;2;2 bis 5;nein
lemma_42620;aliquando;aliquando;ADV;ADV;nein;Lateinisch;2;2;2;2 bis 5;nein
lemma_20363;Almadian;almadian;NAM;NAM;ja;Griechisch;3;2;1;2 bis 5;nein
lemma_70089;alteruter;alteruter;ADJ;ADJ;nein;Lateinisch;2;2;1;2 bis 5;nein
lemma_26586;Amarezur;amarezur;NAM;NAM;ja;Arabisch;3;2;1;2 bis 5;nein
lemma_26670;Amênîdas;amenidas;NAM;NAM;ja;Griechisch;3;2;2;2 bis 5;nein
lemma_21772;Amfileus;amfileus;NAM;NAM;ja;Lateinisch;3;2;1;2 bis 5;nein
lemma_31371;amica;amica;NOM;NOM;nein;Lateinisch;4;2;2;2 bis 5;nein
lemma_21770;Amphiorâus;amphioraus;NAM;NAM;ja;Griechisch, Lateinisch;4;2;2;2 bis 5;nein
lemma_70468;anathema;anathema;NOM;NOM;nein;Lateinisch;10;2;1;2 bis 5;nein
lemma_29653;Anderoch;anderoch;NAM;NAM;ja;Griechisch;3;2;1;2 bis 5;nein
lemma_27315;anethum;anethum;NOM;NOM;nein;Lateinisch;5;2;1;2 bis 5;nein
lemma_67714;angustia;angustia;NOM;NOM;nein;Lateinisch;5;2;1;2 bis 5;nein
lemma_29170;Antaeus;antaeus;NAM;NAM;ja;Griechisch;4;2;2;2 bis 5;nein
lemma_34632;Anthenorides;anthenorides;NAM;NAM;ja;Griechisch;2;2;2;2 bis 5;nein
lemma_14921;Antzîus;antzius;NAM;NAM;ja;Lateinisch;3;2;1;2 bis 5;nein
lemma_30681;anuntiare;anuntiare;NOM;NOM VRB;nein;Lateinisch;4;2;2;2 bis 5;nein
lemma_34661;apoplexia;apoplexia;NOM;NOM;nein;Lateinisch;3;2;1;2 bis 5;nein
lemma_26615;Aquinas;aquinas;NAM;NAM;ja;Lateinisch;4;2;2;2 bis 5;nein
lemma_25219;Archanus;archanus;NAM;NAM;ja;Griechisch;3;2;1;2 bis 5;nein
lemma_18591;archimandrita;archimandrita;NOM;NOM;nein;Lateinisch;3;2;2;2 bis 5;nein
lemma_27641;archisinagôgus;archisinagogus;NOM;NOM;nein;Lateinisch;3;2;1;2 bis 5;nein
lemma_13819;arcticus;arcticus;NOM;NOM;nein;Lateinisch;2;2;2;2 bis 5;nein
lemma_25218;Argraspites;argraspites;NAM;NAM;ja;Griechisch;3;2;1;2 bis 5;nein
lemma_27908;Aristobolus;aristobolus;NAM;NAM;ja;Hebräisch;3;2;1;2 bis 5;nein
lemma_62110;arithmeticus;arithmeticus;NOM;NOM;nein;Lateinisch;6;2;1;2 bis 5;nein
lemma_48044;Arktur;arktur;NAM;NAM;ja;Griechisch;3;2;2;2 bis 5;nein
lemma_31856;Ârôêl;aroel;NAM;NAM;ja;Hebräisch;4;2;1;2 bis 5;nein
lemma_51138;aromatisare;aromatisare;VRB;VRB;nein;Lateinisch;5;2;1;2 bis 5;nein
lemma_16281;artifex;artifex;ADJ;ADJ NOM;nein;Lateinisch;2;2;1;2 bis 5;nein
lemma_23784;Ascalinor;ascalinor;NAM;NAM;ja;Griechisch;3;2;1;2 bis 5;nein
lemma_70662;asinus;asinus;NOM;NOM;nein;Lateinisch;3;2;1;2 bis 5;nein
lemma_37952;aspectus;aspectus;NOM;NOM;nein;Lateinisch;4;2;2;2 bis 5;nein
lemma_69771;aspicere;aspicere;VRB;VRB;nein;Lateinisch;4;2;1;2 bis 5;nein
lemma_35222;aspirare;aspirare;VRB;VRB;nein;Lateinisch;3;2;2;2 bis 5;nein
lemma_67674;assistere;assistere;VRB;VRB;nein;Lateinisch;5;2;2;2 bis 5;nein
lemma_18407;astire;astire;VRB;VRB;nein;Lateinisch;4;2;2;2 bis 5;nein
lemma_11459;astrum;astrum;NOM;NOM;nein;Lateinisch;3;2;2;2 bis 5;nein
lemma_42774;Atanatos;atanatos;NAM;NAM;ja;Griechisch;5;2;2;2 bis 5;nein
lemma_35215;attrahere;attrahere;VRB;VRB;nein;Lateinisch;4;2;2;2 bis 5;nein
lemma_28570;Auditus;auditus;NAM;NAM;ja;Lateinisch;6;2;1;2 bis 5;nein
lemma_17257;Aurelius;aurelius;NAM;NAM;ja;Lateinisch;3;2;1;2 bis 5;nein
lemma_49958;aureolâ;aureola;NOM;NOM;nein;Lateinisch;6;2;2;2 bis 5;nein
lemma_29489;Ausones;ausones;NAM;NAM;ja;Griechisch;3;2;1;2 bis 5;nein
lemma_39156;avamaria;avamaria;INJ;INJ NOM;nein;Lateinisch;2;2;2;2 bis 5;nein
lemma_23598;Avianus;avianus;NAM;NAM;ja;Lateinisch;4;2;1;2 bis 5;nein
lemma_25133;Balacricôs;balacricos;NAM;NAM;ja;Griechisch;3;2;1;2 bis 5;nein
lemma_44738;balsamschrîn;balsamschrin;NOM;NOM;nein;Lateinisch;8;2;1;2 bis 5;nein
lemma_70174;baptismum;baptismum;NOM;NOM;nein;Lateinisch;4;2;1;2 bis 5;nein
lemma_28788;Barcelon;barcelon;NAM;NAM;ja;Spanisch;2;2;2;2 bis 5;nein
lemma_21977;bataljen;bataljen;VRB;VRB;nein;Französisch;4;2;2;2 bis 5;nein
lemma_28334;bdellius;bdellius;NOM;NOM;nein;Lateinisch;7;2;2;2 bis 5;nein
lemma_45836;beare;beare;VRB;VRB;nein;Lateinisch;2;2;1;2 bis 5;nein
lemma_31925;beffa;beffa;NOM;NOM;nein;Italienisch;3;2;1;2 bis 5;nein
lemma_495;Belamis;belamis;NAM;NAM;ja;Französisch, Lateinisch;4;2;1;2 bis 5;nein
lemma_29466;Bêlûn;belun;NAM;NAM;ja;Griechisch;4;2;1;2 bis 5;nein
lemma_18460;bene;bene;ADV;ADV;nein;Lateinisch;6;2;1;2 bis 5;nein
lemma_45861;beneficium;beneficium;NOM;NOM;nein;Lateinisch;6;2;1;2 bis 5;nein
lemma_34273;Benesch;benesch;NAM;NAM;ja;Slawisch, Tschechisch;4;2;2;2 bis 5;nein
lemma_32172;Benevento;benevento;NAM;NAM;ja;Italienisch;2;2;1;2 bis 5;nein
lemma_44259;Beuthen;beuthen;NAM;NAM;ja;Slawisch;3;2;1;2 bis 5;nein
lemma_31871;bezzeg;bezzeg;ADV;ADV;nein;Ungarisch;2;2;1;2 bis 5;nein
lemma_66254;billungs;billungs;ADJ;ADJ ADV;nein;Lateinisch;3;2;1;2 bis 5;nein
lemma_26497;Bîôn;bion;NAM;NAM;ja;Griechisch;3;2;1;2 bis 5;nein
lemma_20146;Blangrîz;blangriz;NAM;NAM;ja;Französisch;3;2;2;2 bis 5;nein
lemma_50143;blaterare;blaterare;VRB;VRB;nein;Lateinisch;4;2;1;2 bis 5;nein
lemma_11770;Bodislaw;bodislaw;NAM;NAM;ja;Slawisch;3;2;2;2 bis 5;nein
lemma_44650;Bohuta;bohuta;NAM;NAM;ja;Slawisch;3;2;1;2 bis 5;nein
lemma_16473;Bonschurne;bonschurne;NAM;NAM;ja;Französisch;3;2;1;2 bis 5;nein
lemma_17497;Borîolus;boriolus;NAM;NAM;ja;Lateinisch;3;2;1;2 bis 5;nein
lemma_44272;Bosick;bosick;NAM;NAM;ja;Slawisch;3;2;1;2 bis 5;nein
lemma_43782;botenge;botenge;NOM;NOM;nein;Italienisch;2;2;1;2 bis 5;nein
lemma_42908;bourre;bourre;NOM;NOM;nein;Französisch;3;2;1;2 bis 5;nein
lemma_62409;breslauisch;breslauisch;ADJ;ADJ;nein;Slawisch;2;2;1;2 bis 5;nein
lemma_44281;Brusinka;brusinka;NAM;NAM;ja;Tschechisch;2;2;1;2 bis 5;nein
lemma_29807;Buterwein;buterwein;NAM;NAM;ja;Lateinisch;5;2;2;2 bis 5;nein
lemma_41592;Bylis;bylis;NAM;NAM;ja;Französisch;3;2;1;2 bis 5;nein
lemma_46042;caecus;caecus;ADJ;ADJ NOM;nein;Lateinisch;6;2;1;2 bis 5;nein
lemma_34389;cæspes;caespes;NOM;NOM;nein;Lateinisch;2;2;2;2 bis 5;nein
lemma_65208;Calaphus;calaphus;NAM;NAM;ja;Griechisch;3;2;1;2 bis 5;nein
lemma_25502;calare;calare;VRB;VRB;nein;Italienisch, Lateinisch;3;2;1;2 bis 5;nein
lemma_58911;calcare;calcare;VRB;VRB;nein;Lateinisch;3;2;1;2 bis 5;nein
lemma_26931;Calixtus;calixtus;NAM;NAM;ja;Lateinisch;4;2;2;2 bis 5;nein
lemma_29212;calor;calor;NOM;NOM;nein;Lateinisch;6;2;2;2 bis 5;nein
lemma_46063;calumnia;calumnia;ADJ;ADJ NOM;nein;Lateinisch;4;2;1;2 bis 5;nein
lemma_25511;Calypso;calypso;NAM;NAM;ja;Griechisch;4;2;2;2 bis 5;nein
lemma_35149;candidus;candidus;ADJ;ADJ;nein;Lateinisch;3;2;2;2 bis 5;nein
lemma_41069;Canille;canille;NAM;NAM;ja;Französisch;3;2;1;2 bis 5;nein
lemma_28482;Canus;canus;NAM;NAM;ja;Lateinisch;3;2;1;2 bis 5;nein
lemma_50044;capitelhûs;capitelhus;NOM;NOM;nein;Lateinisch;5;2;1;2 bis 5;nein
lemma_26386;Carafilîe;carafilie;NAM;NAM;ja;Griechisch;3;2;1;2 bis 5;nein
lemma_26384;Carânus;caranus;NAM;NAM;ja;Griechisch, Lateinisch;4;2;1;2 bis 5;nein
lemma_26381;Câres;cares;NAM;NAM;ja;Griechisch;3;2;1;2 bis 5;nein
lemma_64274;Carmelie;carmelie;NAM;NAM;ja;Griechisch;3;2;1;2 bis 5;nein
lemma_65789;Carmelus;carmelus;NAM;NAM;ja;Griechisch;3;2;1;2 bis 5;nein
lemma_974;Carous;carous;NAM;NAM;ja;Französisch;3;2;2;2 bis 5;nein
lemma_52473;Cassius;cassius;NAM;NAM;ja;Lateinisch;4;2;2;2 bis 5;nein
lemma_24973;Castrâ;castra;NAM;NAM;ja;Lateinisch;4;2;1;2 bis 5;nein
lemma_32792;castra;castra;NOM;NOM;nein;Lateinisch;3;2;2;2 bis 5;nein
lemma_23011;cathedra;cathedra;NOM;NOM;nein;Lateinisch;3;2;2;2 bis 5;nein
lemma_3262;catholicus;catholicus;NOM;NOM;nein;Lateinisch;3;2;2;2 bis 5;nein
lemma_45787;causa;causa;NOM;NOM;nein;Lateinisch;9;2;2;2 bis 5;nein
lemma_61155;Cavart;cavart;NAM;NAM;ja;Französisch;3;2;1;2 bis 5;nein
lemma_36606;celsus;celsus;ADJ;ADJ;nein;Lateinisch;6;2;2;2 bis 5;nein
lemma_30756;Cenopulus;cenopulus;NAM;NAM;ja;Lateinisch;2;2;1;2 bis 5;nein
lemma_33124;Cephalica;cephalica;NAM;NAM;ja;Lateinisch;3;2;2;2 bis 5;nein
lemma_28598;Chalamus;chalamus;NAM;NAM;ja;Griechisch;3;2;1;2 bis 5;nein
lemma_35603;che;che;CNJ;CNJ IPA;nein;Italienisch, Rätoromanisch;4;2;1;2 bis 5;nein
lemma_44392;Chlum;chlum;NAM;NAM;ja;Slawisch, Tschechisch;4;2;1;2 bis 5;nein
lemma_51011;chraglatz;chraglatz;NOM;NOM;nein;Französisch;6;2;1;2 bis 5;nein
lemma_61373;ciere;ciere;VRB;VRB;nein;Lateinisch;4;2;2;2 bis 5;nein
lemma_37688;cinque;cinque;NUM;NUM;nein;Französisch;4;2;2;2 bis 5;nein
lemma_30656;circum;circum;ADV;ADV PRP;nein;Lateinisch;3;2;2;2 bis 5;nein
lemma_18889;circumcidere;circumcidere;VRB;VRB;nein;Lateinisch;8;2;2;2 bis 5;nein
lemma_25163;Clarencius;clarencius;NAM;NAM;ja;Griechisch;3;2;1;2 bis 5;nein
lemma_64391;Clarete;clarete;NAM;NAM;ja;Griechisch;3;2;1;2 bis 5;nein
lemma_20658;Clarjûn;clarjun;NAM;NAM;ja;Französisch;3;2;2;2 bis 5;nein
lemma_40213;claudere;claudere;VRB;VRB;nein;Lateinisch;4;2;1;2 bis 5;nein
lemma_31923;coeur;coeur;NOM;NOM;nein;Französisch;7;2;1;2 bis 5;nein
lemma_45779;cogere;cogere;VRB;VRB;nein;Lateinisch;7;2;2;2 bis 5;nein
lemma_59773;cogitatio;cogitatio;NOM;NOM;nein;Lateinisch;2;2;1;2 bis 5;nein
lemma_29051;Colophon;colophon;NAM;NAM;ja;Griechisch;2;2;1;2 bis 5;nein
lemma_62452;Colosseum;colosseum;NAM;NAM;ja;Lateinisch;2;2;1;2 bis 5;nein
lemma_50018;commendare;commendare;VRB;VRB;nein;Lateinisch;5;2;2;2 bis 5;nein
lemma_27232;commiscere;commiscere;VRB;VRB;nein;Lateinisch;5;2;2;2 bis 5;nein
lemma_46035;commissarius;commissarius;NOM;NOM;nein;Lateinisch;5;2;1;2 bis 5;nein
lemma_31015;communio;communio;NOM;NOM;nein;Lateinisch;3;2;1;2 bis 5;nein
lemma_44314;Como;como;NAM;NAM;ja;Italienisch;2;2;1;2 bis 5;nein
lemma_46103;comparere;comparere;VRB;VRB;nein;Lateinisch;5;2;1;2 bis 5;nein
lemma_30974;compas;compas;NOM;NOM;nein;Französisch, Italienisch;9;2;2;2 bis 5;nein
lemma_25650;complere;complere;VRB;VRB;nein;Lateinisch;6;2;2;2 bis 5;nein
lemma_35540;concipere;concipere;VRB;VRB;nein;Lateinisch;15;2;1;2 bis 5;nein
lemma_43810;conclusio;conclusio;NOM;NOM;nein;Lateinisch;5;2;2;2 bis 5;nein
lemma_28150;conductus;conductus;NOM;NOM;nein;Lateinisch;3;2;2;2 bis 5;nein
lemma_25525;conflare;conflare;VRB;VRB;nein;Lateinisch;6;2;2;2 bis 5;nein
lemma_64733;congregare;congregare;VRB;VRB;nein;Lateinisch;8;2;2;2 bis 5;nein
lemma_40273;conplantare;conplantare;PRP;PRP VRB;nein;Lateinisch;10;2;2;2 bis 5;nein
lemma_45138;consacrare;consacrare;ADV;ADV PRP VRB;nein;Lateinisch;4;2;2;2 bis 5;nein
lemma_69968;consequi;consequi;VRB;VRB;nein;Lateinisch;3;2;1;2 bis 5;nein
lemma_15260;consul;consul;NOM;NOM;nein;Lateinisch;3;2;1;2 bis 5;nein
lemma_70651;consurgere;consurgere;VRB;VRB;nein;Lateinisch;5;2;1;2 bis 5;nein
lemma_45809;contemnere;contemnere;VRB;VRB;nein;Lateinisch;3;2;2;2 bis 5;nein
lemma_52797;contristare;contristare;VRB;VRB;nein;Lateinisch;5;2;2;2 bis 5;nein
lemma_39413;convertere;convertere;VRB;VRB;nein;Lateinisch;7;2;1;2 bis 5;nein
lemma_35297;convivere;convivere;PRP;PRP VRB;nein;Lateinisch;4;2;2;2 bis 5;nein
lemma_35153;coronare;coronare;VRB;VRB;nein;Lateinisch;8;2;2;2 bis 5;nein
lemma_47404;Crassus;crassus;NAM;NAM;ja;Lateinisch;3;2;2;2 bis 5;nein
lemma_31878;crier;crier;VRB;VRB;nein;Französisch;3;2;1;2 bis 5;nein
lemma_35301;crimen;crimen;NOM;NOM;nein;Lateinisch;4;2;2;2 bis 5;nein
lemma_41449;crinâle;crinale;NOM;NOM;nein;Lateinisch;5;2;1;2 bis 5;nein
lemma_28333;crisoprassus;crisoprassus;NOM;NOM;nein;Lateinisch;4;2;2;2 bis 5;nein
lemma_21320;Crispus;crispus;NAM;NAM;ja;Griechisch;3;2;2;2 bis 5;nein
lemma_20779;Cristôbolus;cristobolus;NAM;NAM;ja;Lateinisch;3;2;1;2 bis 5;nein
lemma_27234;cutis;cutis;NOM;NOM;nein;Lateinisch;8;2;1;2 bis 5;nein
lemma_45924;Cyprianus;cyprianus;NAM;NAM;ja;Lateinisch;4;2;2;2 bis 5;nein
lemma_60111;Cyrenaeus;cyrenaeus;NAM;NAM;ja;Griechisch;4;2;1;2 bis 5;nein
lemma_31712;damnare;damnare;VRB;VRB;nein;Lateinisch;5;2;1;2 bis 5;nein
lemma_10455;damoysele;damoysele;NOM;NOM;nein;Französisch;5;2;2;2 bis 5;nein
lemma_47112;Danae;danae;NAM;NAM;ja;Griechisch;4;2;1;2 bis 5;nein
lemma_34595;Daphne;daphne;NAM;NAM;ja;Griechisch;4;2;2;2 bis 5;nein
lemma_26683;Dâtaphernes;dataphernes;NAM;NAM;ja;Griechisch;3;2;1;2 bis 5;nein
lemma_71192;Deborah;deborah;NAM;NAM;ja;Hebräisch;4;2;1;2 bis 5;nein
lemma_34998;decernere;decernere;VRB;VRB;nein;Lateinisch;6;2;2;2 bis 5;nein
lemma_25420;decim;decim;NUM;NUM;nein;Lateinisch;2;2;2;2 bis 5;nein
lemma_18296;Decipeneus;decipeneus;NAM;NAM;ja;Lateinisch;3;2;1;2 bis 5;nein
lemma_51104;decoquere;decoquere;PRP;PRP VRB;nein;Lateinisch;2;2;1;2 bis 5;nein
lemma_35289;decor;decor;ADJ;ADJ NOM;nein;Lateinisch;4;2;2;2 bis 5;nein
lemma_70733;decorare;decorare;VRB;VRB;nein;Lateinisch;7;2;2;2 bis 5;nein
lemma_45547;decus;decus;NOM;NOM;nein;Lateinisch;6;2;1;2 bis 5;nein
lemma_32381;deficere;deficere;VRB;VRB;nein;Lateinisch;17;2;2;2 bis 5;nein
lemma_73053;definitivus;definitivus;ADJ;ADJ;nein;Lateinisch;4;2;1;2 bis 5;nein
lemma_70075;deinde;deinde;ADV;ADV;nein;Lateinisch;4;2;2;2 bis 5;nein
lemma_1112;del;del;ART;ART PRP;nein;Französisch;3;2;1;2 bis 5;nein
lemma_35613;delati;delati;VRB;VRB;nein;Slawisch;4;2;1;2 bis 5;nein
lemma_29388;delictum;delictum;NOM;NOM;nein;Lateinisch;3;2;2;2 bis 5;nein
lemma_29082;Delonis;delonis;NAM;NAM;ja;Griechisch;3;2;1;2 bis 5;nein
lemma_18550;demercie;demercie;NOM;NOM;nein;Französisch;3;2;2;2 bis 5;nein
lemma_15867;Demophon;demophon;NAM;NAM;ja;Griechisch;3;2;1;2 bis 5;nein
lemma_35234;deplorare;deplorare;NOM;NOM VRB;nein;Lateinisch;5;2;1;2 bis 5;nein
lemma_34967;deprecari;deprecari;VRB;VRB;nein;Lateinisch;7;2;2;2 bis 5;nein
lemma_35025;deputare;deputare;VRB;VRB;nein;Lateinisch;2;2;2;2 bis 5;nein
lemma_48378;descriptio;descriptio;NOM;NOM;nein;Lateinisch;3;2;1;2 bis 5;nein
lemma_35206;desiderium;desiderium;NOM;NOM;nein;Lateinisch;3;2;2;2 bis 5;nein
lemma_51056;desteminder;desteminder;ADV;ADV;nein;Lateinisch;5;2;1;2 bis 5;nein
lemma_45812;detrimentum;detrimentum;NOM;NOM;nein;Lateinisch;5;2;2;2 bis 5;nein
lemma_46925;devorare;devorare;VRB;VRB;nein;Lateinisch;5;2;2;2 bis 5;nein
lemma_32274;devotio;devotio;NOM;NOM;nein;Lateinisch;5;2;2;2 bis 5;nein
lemma_67649;dicentetum;dicentetum;NOM;NOM;nein;Lateinisch;5;2;1;2 bis 5;nein
lemma_46197;dilatio;dilatio;NOM;NOM;nein;Lateinisch;5;2;1;2 bis 5;nein
lemma_64734;diligare;diligare;VRB;VRB;nein;Lateinisch;5;2;1;2 bis 5;nein
lemma_35012;dirigere;dirigere;VRB;VRB;nein;Lateinisch;5;2;2;2 bis 5;nein
lemma_48389;discantus;discantus;NOM;NOM;nein;Französisch, Lateinisch;5;2;2;2 bis 5;nein
lemma_61756;dispensatores;dispensatores;NOM;NOM;nein;Lateinisch;6;2;1;2 bis 5;nein
lemma_12333;dobra ytra;dobra ytra;INJ;INJ;nein;Slawisch, Tschechisch;4;2;1;2 bis 5;nein
lemma_31874;dobro;dobro;ADV;ADV;nein;Slawisch;7;2;1;2 bis 5;nein
lemma_37949;doctrina;doctrina;NOM;NOM;nein;Lateinisch;4;2;1;2 bis 5;nein
lemma_66674;domkirche;domkirche;NOM;NOM;nein;Lateinisch;7;2;2;2 bis 5;nein
lemma_28169;Donosdaron;donosdaron;NAM;NAM;ja;Griechisch;3;2;1;2 bis 5;nein
lemma_15934;dormenter;dormenter;NOM;NOM;nein;Lateinisch;4;2;2;2 bis 5;nein
lemma_31674;dormire;dormire;VRB;VRB;nein;Französisch, Lateinisch;4;2;2;2 bis 5;nein
lemma_40352;dormitor;dormitor;NOM;NOM;nein;Lateinisch;3;2;1;2 bis 5;nein
lemma_32140;drâg;drag;ADJ;ADJ;nein;Slawisch;5;2;1;2 bis 5;nein
lemma_44343;Drisimir;drisimir;NAM;NAM;ja;Slawisch;3;2;1;2 bis 5;nein
lemma_53168;drue;drue;NOM;NOM;nein;Französisch;2;2;1;2 bis 5;nein
lemma_70611;duodecimus;duodecimus;NUM;NUM;nein;Lateinisch;2;2;1;2 bis 5;nein
lemma_29575;eburneus;eburneus;NOM;NOM;nein;Lateinisch;5;2;2;2 bis 5;nein
lemma_43657;Echo;echo;NAM;NAM;ja;Griechisch;7;2;2;2 bis 5;nein
lemma_37939;edictare;edictare;VRB;VRB;nein;Lateinisch;5;2;2;2 bis 5;nein
lemma_50872;editare;editare;VRB;VRB;nein;Lateinisch;4;2;2;2 bis 5;nein
lemma_49010;Edlitz;edlitz;NAM;NAM;ja;Slawisch;2;2;1;2 bis 5;nein
lemma_31330;Êdron;edron;NAM;NAM;ja;Griechisch;3;2;1;2 bis 5;nein
lemma_39182;educere;educere;VRB;VRB;nein;Lateinisch;7;2;1;2 bis 5;nein
lemma_55289;effundere;effundere;VRB;VRB;nein;Lateinisch;7;2;2;2 bis 5;nein
lemma_45667;egere;egere;VRB;VRB;nein;Lateinisch;6;2;1;2 bis 5;nein
lemma_31195;Êlîosdros;eliosdros;NAM;NAM;ja;Griechisch;3;2;1;2 bis 5;nein
lemma_27197;Elyacha;elyacha;NAM;NAM;ja;Hebräisch;3;2;1;2 bis 5;nein
lemma_24373;Elymas;elymas;NAM;NAM;ja;Hebräisch;4;2;2;2 bis 5;nein
lemma_41309;eminere;eminere;VRB;VRB;nein;Lateinisch;4;2;2;2 bis 5;nein
lemma_47836;Enchiridion;enchiridion;NAM;NAM;ja;Griechisch;4;2;1;2 bis 5;nein
lemma_28285;Êneide;eneide;NAM;NAM;ja;Lateinisch;2;2;1;2 bis 5;nein
lemma_22974;enkriegen;enkriegen;NEG;NEG VRB;nein;Lateinisch;5;2;2;2 bis 5;nein
lemma_14457;enschrîben;enschriben;NEG;NEG VRB;nein;Lateinisch;8;2;2;2 bis 5;nein
lemma_26056;ensis;ensis;NOM;NOM;nein;Lateinisch;2;2;2;2 bis 5;nein
lemma_42906;Epatica;epatica;NAM;NAM;ja;Lateinisch;3;2;2;2 bis 5;nein
lemma_31244;epiglotis;epiglotis;NOM;NOM;nein;Lateinisch;2;2;1;2 bis 5;nein
lemma_36698;epitalamicum;epitalamicum;NOM;NOM;nein;Lateinisch;6;2;2;2 bis 5;nein
lemma_20355;Ermagoras;ermagoras;NAM;NAM;ja;Griechisch;3;2;1;2 bis 5;nein
lemma_28227;eructare;eructare;VRB;VRB;nein;Lateinisch;5;2;2;2 bis 5;nein
lemma_33630;erzbischoflich;erzbischoflich;ADJ;ADJ;nein;Lateinisch;4;2;2;2 bis 5;nein
lemma_20061;Eselbrecht;eselbrecht;NAM;NAM;ja;Hebräisch;7;2;2;2 bis 5;nein
lemma_26216;Eskilus;eskilus;NAM;NAM;ja;Griechisch;3;2;1;2 bis 5;nein
lemma_30997;Esoras;esoras;NAM;NAM;ja;Griechisch;3;2;1;2 bis 5;nein
lemma_21807;essentiâ;essentia;NOM;NOM;nein;Lateinisch;3;2;2;2 bis 5;nein
lemma_69891;esurire;esurire;VRB;VRB;nein;Lateinisch;6;2;1;2 bis 5;nein
lemma_70048;etenim;etenim;CNJ;CNJ;nein;Lateinisch;3;2;1;2 bis 5;nein
lemma_32262;Ethra;ethra;NAM;NAM;ja;Griechisch;3;2;2;2 bis 5;nein
lemma_43814;Euklid;euklid;NAM;NAM;ja;Griechisch;5;2;2;2 bis 5;nein
lemma_28522;Eumelus;eumelus;NAM;NAM;ja;Griechisch;3;2;1;2 bis 5;nein
lemma_28512;Euritus;euritus;NAM;NAM;ja;Griechisch;3;2;1;2 bis 5;nein
lemma_29061;Eusemes;eusemes;NAM;NAM;ja;Griechisch;3;2;1;2 bis 5;nein
lemma_46180;evidentia;evidentia;NOM;NOM;nein;Lateinisch;3;2;2;2 bis 5;nein
lemma_23665;Exameron;exameron;NAM;NAM;ja;Lateinisch;3;2;1;2 bis 5;nein
lemma_46159;examinare;examinare;VRB;VRB;nein;Lateinisch;7;2;2;2 bis 5;nein
lemma_45168;excommunizieren;excommunizieren;VRB;VRB;nein;Lateinisch;6;2;1;2 bis 5;nein
lemma_30529;Exersus;exersus;NAM;NAM;ja;Griechisch;3;2;1;2 bis 5;nein
lemma_70408;exhibere;exhibere;VRB;VRB;nein;Lateinisch;8;2;2;2 bis 5;nein
lemma_70008;exinanire;exinanire;VRB;VRB;nein;Lateinisch;8;2;1;2 bis 5;nein
lemma_36695;exitus;exitus;NOM;NOM;nein;Lateinisch;4;2;2;2 bis 5;nein
lemma_51128;exprimere;exprimere;VRB;VRB;nein;Lateinisch;5;2;2;2 bis 5;nein
lemma_23669;exprofundus;exprofundus;NOM;NOM PRP;nein;Lateinisch;4;2;1;2 bis 5;nein
lemma_28454;exsequi;exsequi;VRB;VRB;nein;Lateinisch;5;2;2;2 bis 5;nein
lemma_27235;exterior;exterior;ADJ;ADJ ADV;nein;Lateinisch;2;2;2;2 bis 5;nein
lemma_50781;fabellich;fabellich;ADJ;ADJ ADV;nein;Lateinisch;5;2;1;2 bis 5;nein
lemma_39678;faex;faex;NOM;NOM;nein;Lateinisch;4;2;1;2 bis 5;nein
lemma_27821;falsetto;falsetto;NOM;NOM;nein;Italienisch;2;2;2;2 bis 5;nein
lemma_27822;falsus;falsus;ADJ;ADJ;nein;Lateinisch;3;2;2;2 bis 5;nein
lemma_45693;famosus;famosus;ADJ;ADJ;nein;Lateinisch;5;2;1;2 bis 5;nein
lemma_53509;febris;febris;NOM;NOM;nein;Lateinisch;3;2;1;2 bis 5;nein
lemma_1782;Felicissimus;felicissimus;NAM;NAM;ja;Lateinisch;4;2;2;2 bis 5;nein
lemma_27176;felix;felix;ADJ;ADJ ADV GRA;nein;Lateinisch;3;2;2;2 bis 5;nein
lemma_24926;Fenesteus;fenesteus;NAM;NAM;ja;Griechisch;3;2;2;2 bis 5;nein
lemma_45534;fervor;fervor;NOM;NOM VRB;nein;Lateinisch;10;2;1;2 bis 5;nein
lemma_48138;festiglichen;festiglichen;ADJ;ADJ ADV;nein;Lateinisch;4;2;1;2 bis 5;nein
lemma_35774;Fia;fia;NAM;NAM;ja;Ungarisch;1;2;1;2 bis 5;nein
lemma_64488;fînheit;finheit;NOM;NOM;nein;Französisch;2;2;1;2 bis 5;nein
lemma_34986;fistula;fistula;NOM;NOM;nein;Lateinisch;2;2;1;2 bis 5;nein
lemma_23885;flagrans;flagrans;NOM;NOM;nein;Französisch;3;2;1;2 bis 5;nein
lemma_34917;florere;florere;VRB;VRB;nein;Französisch, Lateinisch;4;2;2;2 bis 5;nein
lemma_22223;Florminius;florminius;NAM;NAM;ja;Lateinisch;3;2;1;2 bis 5;nein
lemma_67873;fons;fons;NOM;NOM;nein;Lateinisch;4;2;2;2 bis 5;nein
lemma_26465;Frâdâtes;fradates;NAM;NAM;ja;Griechisch;3;2;1;2 bis 5;nein
lemma_70350;fraternus;fraternus;ADJ;ADJ;nein;Lateinisch;4;2;2;2 bis 5;nein
lemma_45606;fundere;fundere;VRB;VRB;nein;Lateinisch;7;2;2;2 bis 5;nein
lemma_22143;Galain;galain;NAM;NAM;ja;Französisch;3;2;1;2 bis 5;nein
lemma_20503;galaxia;galaxia;NOM;NOM;nein;Lateinisch;3;2;2;2 bis 5;nein
lemma_22150;Galeandris;galeandris;NAM;NAM;ja;Französisch;3;2;2;2 bis 5;nein
lemma_64592;Galoyss;galoyss;NAM;NAM;ja;Griechisch;3;2;1;2 bis 5;nein
lemma_29438;Ganimêdes;ganimedes;NAM;NAM;ja;Griechisch;3;2;1;2 bis 5;nein
lemma_35861;gedê;gede;IPA;IPA;nein;Slawisch;2;2;1;2 bis 5;nein
lemma_28384;Gelasius;gelasius;NAM;NAM;ja;Lateinisch;4;2;1;2 bis 5;nein
lemma_48689;generatio;generatio;NOM;NOM;nein;Lateinisch;4;2;2;2 bis 5;nein
lemma_46301;geometer;geometer;NOM;NOM;nein;Lateinisch;5;2;2;2 bis 5;nein
lemma_75494;gepresseter;gepresseter;ADJ;ADJ;nein;Französisch;5;2;2;2 bis 5;nein
lemma_47627;gespunse;gespunse;NOM;NOM;nein;Lateinisch;8;2;2;2 bis 5;nein
lemma_43455;gevenstert;gevenstert;ADJ;ADJ;nein;Lateinisch;4;2;2;2 bis 5;nein
lemma_14071;Gilot;gilot;NAM;NAM;ja;Französisch;3;2;1;2 bis 5;nein
lemma_54851;gladius;gladius;NOM;NOM;nein;Lateinisch;2;2;1;2 bis 5;nein
lemma_20365;Godeles;godeles;NAM;NAM;ja;Griechisch;3;2;1;2 bis 5;nein
lemma_2458;Gomoret;gomoret;NAM;NAM;ja;Französisch;3;2;2;2 bis 5;nein
lemma_28930;Gosdrôas;gosdroas;NAM;NAM;ja;Persisch;3;2;1;2 bis 5;nein
lemma_22936;Gradazelain;gradazelain;NAM;NAM;ja;Französisch;3;2;1;2 bis 5;nein
lemma_67712;gradi;gradi;VRB;VRB;nein;Lateinisch;3;2;2;2 bis 5;nein
lemma_9586;grammaticus;grammaticus;NOM;NOM;nein;Lateinisch;5;2;2;2 bis 5;nein
lemma_28355;Grassus;grassus;NAM;NAM;ja;Lateinisch;3;2;1;2 bis 5;nein
lemma_20270;Grêûsâ;greusa;NAM;NAM;ja;Griechisch;3;2;1;2 bis 5;nein
lemma_11453;grôpiere;gropiere;NOM;NOM;nein;Französisch;3;2;2;2 bis 5;nein
lemma_45733;guerra;guerra;NOM;NOM;nein;Italienisch, Spanisch;3;2;1;2 bis 5;nein
lemma_27262;gustare;gustare;VRB;VRB;nein;Lateinisch;5;2;2;2 bis 5;nein
lemma_34984;gutta artetica;gutta artetica;NOM;NOM;nein;Lateinisch;3;2;1;2 bis 5;nein
lemma_29439;Hebe;hebe;NAM;NAM;ja;Griechisch;3;2;2;2 bis 5;nein
lemma_34951;herba;herba;ADJ;ADJ NOM;nein;Lateinisch;3;2;2;2 bis 5;nein
lemma_69776;heres;heres;NOM;NOM;nein;Lateinisch;4;2;1;2 bis 5;nein
lemma_15922;himelspêre;himelspere;NOM;NOM;nein;Griechisch, Lateinisch;8;2;2;2 bis 5;nein
lemma_44663;Hnesa;hnesa;NAM;NAM;ja;Tschechisch;3;2;1;2 bis 5;nein
lemma_67692;hodie;hodie;ADV;ADV;nein;Lateinisch;2;2;2;2 bis 5;nein
lemma_35679;homicidium;homicidium;NOM;NOM;nein;Lateinisch;3;2;2;2 bis 5;nein
lemma_69928;hortari;hortari;VRB;VRB;nein;Lateinisch;5;2;2;2 bis 5;nein
lemma_70109;huiusmodi;huiusmodi;ADV;ADV;nein;Lateinisch;5;2;1;2 bis 5;nein
lemma_48045;Hyades;hyades;NAM;NAM;ja;Griechisch;6;2;2;2 bis 5;nein
lemma_25398;ianua;ianua;NOM;NOM;nein;Lateinisch;3;2;2;2 bis 5;nein
lemma_46227;ibidem;ibidem;ADV;ADV;nein;Lateinisch;4;2;2;2 bis 5;nein
lemma_37923;icere;icere;NOM;NOM VRB;nein;Lateinisch;5;2;2;2 bis 5;nein
lemma_69754;idioma;idioma;NOM;NOM;nein;Lateinisch;7;2;2;2 bis 5;nein
lemma_45633;ignorare;ignorare;VRB;VRB;nein;Lateinisch;6;2;2;2 bis 5;nein
lemma_10304;il;il;PRO;PRO;nein;Französisch;2;2;2;2 bis 5;nein
lemma_42992;illuminare;illuminare;VRB;VRB;nein;Lateinisch;12;2;2;2 bis 5;nein
lemma_23620;Ilus;ilus;NAM;NAM;ja;Griechisch;3;2;1;2 bis 5;nein
lemma_69948;imitator;imitator;NOM;NOM;nein;Lateinisch;5;2;1;2 bis 5;nein
lemma_46098;immutare;immutare;VRB;VRB;nein;Lateinisch;4;2;2;2 bis 5;nein
lemma_38300;imoratalitas;imoratalitas;NEG;NEG NOM;nein;Lateinisch;3;2;1;2 bis 5;nein
lemma_70016;imponere;imponere;VRB;VRB;nein;Lateinisch;5;2;1;2 bis 5;nein
lemma_28429;incarnatus;incarnatus;ADJ;ADJ;nein;Lateinisch;5;2;2;2 bis 5;nein
lemma_70129;incidere;incidere;VRB;VRB;nein;Lateinisch;7;2;2;2 bis 5;nein
lemma_48141;indictia;indictia;NOM;NOM;nein;Lateinisch;4;2;1;2 bis 5;nein
lemma_69757;indignus;indignus;ADJ;ADJ NEG;nein;Lateinisch;3;2;1;2 bis 5;nein
lemma_30827;informare;informare;VRB;VRB;nein;Lateinisch;6;2;1;2 bis 5;nein
lemma_28472;infra;infra;ADJ;ADJ GRA;nein;Lateinisch;3;2;2;2 bis 5;nein
lemma_35204;infundere;infundere;NOM;NOM VRB;nein;Lateinisch;4;2;2;2 bis 5;nein
lemma_51671;îngeschriben;ingeschriben;ADJ;ADJ PRP;nein;Lateinisch;8;2;2;2 bis 5;nein
lemma_67892;inpius;inpius;ADJ;ADJ NEG;nein;Lateinisch;4;2;1;2 bis 5;nein
lemma_67753;inregione;inregione;NOM;NOM PRP;nein;Lateinisch;4;2;1;2 bis 5;nein
lemma_35847;inriguus;inriguus;ADJ;ADJ;nein;Lateinisch;2;2;1;2 bis 5;nein
lemma_8476;ins;ins;PRO;PRO PRP;nein;Lateinisch;4;2;2;2 bis 5;nein
lemma_69906;insipiens;insipiens;ADJ;ADJ NOM;nein;Lateinisch;7;2;1;2 bis 5;nein
lemma_69869;instans;instans;ADJ;ADJ;nein;Lateinisch;3;2;1;2 bis 5;nein
lemma_48385;intellegere;intellegere;VRB;VRB;nein;Lateinisch;5;2;2;2 bis 5;nein
lemma_69950;intelligens;intelligens;ADJ;ADJ NOM;nein;Lateinisch;5;2;1;2 bis 5;nein
lemma_78493;intentare;intentare;VRB;VRB;nein;Lateinisch;8;2;1;2 bis 5;nein
lemma_46112;interpellare;interpellare;VRB;VRB;nein;Lateinisch;6;2;2;2 bis 5;nein
lemma_40455;interpretari;interpretari;VRB;VRB;nein;Einzelsprachen, Lateinisch;6;2;2;2 bis 5;nein
lemma_27403;introitus;introitus;NOM;NOM;nein;Lateinisch;4;2;2;2 bis 5;nein
lemma_69756;intueri;intueri;VRB;VRB;nein;Lateinisch;4;2;2;2 bis 5;nein
lemma_39411;invicem;invicem;ADV;ADV;nein;Lateinisch;2;2;2;2 bis 5;nein
lemma_45596;iocundus;iocundus;ADJ;ADJ ADV GRA;nein;Lateinisch;2;2;2;2 bis 5;nein
lemma_27118;Ipomenes;ipomenes;NAM;NAM;ja;Griechisch;3;2;1;2 bis 5;nein
lemma_26403;Isachâ;isacha;NAM;NAM;ja;Hebräisch;4;2;2;2 bis 5;nein
lemma_16432;Iscariot;iscariot;NAM;NAM;ja;Hebräisch;4;2;2;2 bis 5;nein
lemma_42772;Ischiros;ischiros;NAM;NAM;ja;Griechisch;5;2;2;2 bis 5;nein
lemma_3071;Isdex;isdex;NAM;NAM;ja;Französisch;3;2;2;2 bis 5;nein
lemma_32259;iterum;iterum;ADV;ADV;nein;Lateinisch;3;2;1;2 bis 5;nein
lemma_46028;iudex;iudex;NOM;NOM;nein;Lateinisch;3;2;1;2 bis 5;nein
lemma_46164;iuramentum;iuramentum;NOM;NOM;nein;Lateinisch;4;2;1;2 bis 5;nein
lemma_27297;iusquianum;iusquianum;NOM;NOM;nein;Lateinisch;4;2;1;2 bis 5;nein
lemma_46232;iuxta;iuxta;ADV;ADV;nein;Lateinisch;2;2;1;2 bis 5;nein
lemma_34012;Jaetschke;jaetschke;NAM;NAM;ja;Slawisch;3;2;1;2 bis 5;nein
lemma_18840;Jarêt;jaret;NAM;NAM;ja;Hebräisch;4;2;1;2 bis 5;nein
lemma_35571;jassem;jassem;POS;POS PRO VRB;nein;Slawisch;2;2;1;2 bis 5;nein
lemma_35653;Jauer;jauer;NAM;NAM;ja;Slawisch;3;2;2;2 bis 5;nein
lemma_23766;Jesmas;jesmas;NAM;NAM;ja;Hebräisch;4;2;2;2 bis 5;nein
lemma_26598;Jêû;jeu;NAM;NAM;ja;Hebräisch;4;2;1;2 bis 5;nein
lemma_67729;jocunditas;jocunditas;NOM;NOM;nein;Lateinisch;4;2;2;2 bis 5;nein
lemma_33824;jolie;jolie;NOM;NOM;nein;Französisch;2;2;2;2 bis 5;nein
lemma_18841;Jorfalier;jorfalier;NAM;NAM;ja;Französisch;3;2;2;2 bis 5;nein
lemma_32144;jour;jour;NOM;NOM;nein;Französisch;2;2;1;2 bis 5;nein
lemma_28560;jûs;jus;NOM;NOM;nein;Slawisch;3;2;2;2 bis 5;nein
lemma_3170;Justa;justa;NAM;NAM;ja;Lateinisch;3;2;2;2 bis 5;nein
lemma_32151;jámbor;jámbor;ADJ;ADJ;nein;Ungarisch;6;2;1;2 bis 5;nein
lemma_29020;Kaleopacia;kaleopacia;NAM;NAM;ja;Griechisch;3;2;1;2 bis 5;nein
lemma_24085;Kallikrâtides;kallikratides;NAM;NAM;ja;Griechisch;3;2;1;2 bis 5;nein
lemma_25173;Kambyses;kambyses;NAM;NAM;ja;Griechisch;3;2;2;2 bis 5;nein
lemma_17672;Kandos;kandos;NAM;NAM;ja;Griechisch;3;2;2;2 bis 5;nein
lemma_20969;Karas;karas;NAM;NAM;ja;Griechisch;3;2;1;2 bis 5;nein
lemma_20596;Kartân;kartan;NAM;NAM;ja;Arabisch;3;2;1;2 bis 5;nein
lemma_34298;kawerzîn;kawerzin;NOM;NOM;nein;Französisch, Italienisch;6;2;2;2 bis 5;nein
lemma_23739;Kilianus;kilianus;NAM;NAM;ja;Lateinisch;4;2;1;2 bis 5;nein
lemma_35805;Kokoz;kokoz;NAM;NAM;ja;Ungarisch;3;2;1;2 bis 5;nein
lemma_29039;Kolin;kolin;NAM;NAM;ja;Tschechisch;2;2;2;2 bis 5;nein
lemma_44361;Kresomysl;kresomysl;NAM;NAM;ja;Tschechisch;3;2;1;2 bis 5;nein
lemma_44694;Krzesomisl;krzesomisl;NAM;NAM;ja;Tschechisch;3;2;1;2 bis 5;nein
lemma_19948;Kurchar;kurchar;NAM;NAM;ja;Griechisch;3;2;1;2 bis 5;nein
lemma_35293;lactare;lactare;VRB;VRB;nein;Lateinisch;8;2;2;2 bis 5;nein
lemma_28922;lacus;lacus;NOM;NOM;nein;Lateinisch;4;2;2;2 bis 5;nein
lemma_67718;laetitia;laetitia;NOM;NOM;nein;Lateinisch;5;2;1;2 bis 5;nein
lemma_52331;Lais;lais;NAM;NAM;ja;Französisch;3;2;2;2 bis 5;nein
lemma_3582;Laiz;laiz;NAM;NAM;ja;Französisch;3;2;2;2 bis 5;nein
lemma_3601;Lanval;lanval;NAM;NAM;ja;Französisch;3;2;2;2 bis 5;nein
lemma_67630;lapsus;lapsus;NOM;NOM;nein;Lateinisch;4;2;2;2 bis 5;nein
lemma_43225;larva;larva;NOM;NOM;nein;Lateinisch;6;2;2;2 bis 5;nein
lemma_3627;Lascoit;lascoit;NAM;NAM;ja;Französisch;3;2;1;2 bis 5;nein
lemma_29613;latro;latro;NOM;NOM;nein;Lateinisch;8;2;2;2 bis 5;nein
lemma_10059;leal;leal;ADJ;ADJ;nein;Französisch;1;2;1;2 bis 5;nein
lemma_43167;Leander;leander;NAM;NAM;ja;Griechisch;3;2;2;2 bis 5;nein
lemma_3678;Leibenitz;leibenitz;NAM;NAM;ja;Slawisch;2;2;2;2 bis 5;nein
lemma_51549;Leidnitz;leidnitz;NAM;NAM;ja;Slawisch;4;2;1;2 bis 5;nein
lemma_20088;Leon;leon;NAM;NAM;ja;Spanisch;3;2;2;2 bis 5;nein
lemma_17507;Leopolis;leopolis;NAM;NAM;ja;Griechisch;3;2;1;2 bis 5;nein
lemma_28354;Lepidus;lepidus;NAM;NAM;ja;Lateinisch;3;2;1;2 bis 5;nein
lemma_28463;leprosus;leprosus;ADJ;ADJ NOM;nein;Lateinisch;3;2;2;2 bis 5;nein
lemma_25102;Leukosîrî;leukosiri;NAM;NAM;ja;Griechisch;2;2;1;2 bis 5;nein
lemma_21586;Leverzins;leverzins;NAM;NAM;ja;Griechisch;3;2;1;2 bis 5;nein
lemma_44672;Lewa;lewa;NAM;NAM;ja;Slawisch;3;2;1;2 bis 5;nein
lemma_26176;liberalis;liberalis;ADJ;ADJ;nein;Lateinisch;5;2;2;2 bis 5;nein
lemma_55189;libertas;libertas;NOM;NOM;nein;Lateinisch;6;2;1;2 bis 5;nein
lemma_25435;Libra;libra;NAM;NAM;ja;Lateinisch;5;2;1;2 bis 5;nein
lemma_23342;lilium;lilium;NOM;NOM;nein;Lateinisch;2;2;2;2 bis 5;nein
lemma_3781;Lindenitz;lindenitz;NAM;NAM;ja;Slawisch;2;2;2;2 bis 5;nein
lemma_44463;Lodenitz;lodenitz;NAM;NAM;ja;Slawisch;3;2;1;2 bis 5;nein
lemma_34745;Lodomerius;lodomerius;NAM;NAM;ja;Lateinisch;4;2;1;2 bis 5;nein
lemma_36717;lolium;lolium;NOM;NOM;nein;Lateinisch;2;2;2;2 bis 5;nein
lemma_44458;Lomnitz;lomnitz;NAM;NAM;ja;Slawisch, Tschechisch;3;2;2;2 bis 5;nein
lemma_15722;Lucianus;lucianus;NAM;NAM;ja;Lateinisch;3;2;2;2 bis 5;nein
lemma_39790;Lucullus;lucullus;NAM;NAM;ja;Lateinisch;3;2;2;2 bis 5;nein
lemma_50678;luoderîe;luoderie;NOM;NOM;nein;Lateinisch;14;2;1;2 bis 5;nein
lemma_11639;m'amie;m'amie;NOM;NOM POS;nein;Französisch, Lateinisch;5;2;1;2 bis 5;nein
lemma_22035;Machtmin;machtmin;NAM;NAM;ja;Griechisch;3;2;1;2 bis 5;nein
lemma_18367;Madeon;madeon;NAM;NAM;ja;Griechisch;5;2;2;2 bis 5;nein
lemma_70562;major;major;NOM;NOM;nein;Lateinisch;3;2;1;2 bis 5;nein
lemma_3948;Malduz;malduz;NAM;NAM;ja;Französisch;3;2;2;2 bis 5;nein
lemma_26494;Malêôn;maleon;NAM;NAM;ja;Griechisch;3;2;1;2 bis 5;nein
lemma_3953;Maliclisier;maliclisier;NAM;NAM;ja;Französisch;4;2;2;2 bis 5;nein
lemma_35026;malignus;malignus;ADJ;ADJ ADV;nein;Lateinisch;3;2;2;2 bis 5;nein
lemma_42615;malitia;malitia;NOM;NOM;nein;Lateinisch;2;2;2;2 bis 5;nein
lemma_39791;Malquidrachus;malquidrachus;NAM;NAM;ja;Lateinisch;3;2;1;2 bis 5;nein
lemma_20660;Maltrens;maltrens;NAM;NAM;ja;Französisch;3;2;2;2 bis 5;nein
lemma_27662;Mammon;mammon;NAM;NAM;ja;Lateinisch;5;2;1;2 bis 5;nein
lemma_31210;Manbrî;manbri;NAM;NAM;ja;Slawisch;3;2;1;2 bis 5;nein
lemma_51286;mandare;mandare;VRB;VRB;nein;Lateinisch;9;2;2;2 bis 5;nein
lemma_45720;mandatum;mandatum;NOM;NOM;nein;Lateinisch;9;2;2;2 bis 5;nein
lemma_10735;mangerîe;mangerie;NOM;NOM;nein;Französisch;3;2;1;2 bis 5;nein
lemma_46082;manifestare;manifestare;VRB;VRB;nein;Lateinisch;6;2;2;2 bis 5;nein
lemma_42156;mannabrôt;mannabrot;NOM;NOM;nein;Lateinisch;6;2;2;2 bis 5;nein
lemma_28368;Marcellinus;marcellinus;NAM;NAM;ja;Lateinisch;4;2;2;2 bis 5;nein
lemma_18688;Margalîn;margalin;NAM;NAM;ja;Arabisch;3;2;1;2 bis 5;nein
lemma_52075;Maro;maro;NAM;NAM;ja;Lateinisch;5;2;1;2 bis 5;nein
lemma_50591;marsche;marsche;NOM;NOM;nein;Französisch;3;2;1;2 bis 5;nein
lemma_47605;Marsyas;marsyas;NAM;NAM;ja;Griechisch;5;2;1;2 bis 5;nein
lemma_46895;Martia;martia;NAM;NAM;ja;Lateinisch;3;2;1;2 bis 5;nein
lemma_25404;Martianus;martianus;NAM;NAM;ja;Lateinisch;3;2;2;2 bis 5;nein
lemma_31920;Martinsberc;martinsberc;NAM;NAM;ja;Lateinisch;4;2;1;2 bis 5;nein
lemma_10588;marveil;marveil;ADJ;ADJ;nein;Französisch;2;2;2;2 bis 5;nein
lemma_20362;Mathan;mathan;NAM;NAM;ja;Griechisch;3;2;2;2 bis 5;nein
lemma_34465;matrona;matrona;NOM;NOM;nein;Lateinisch;3;2;2;2 bis 5;nein
lemma_25585;matutinus;matutinus;NOM;NOM;nein;Lateinisch;2;2;2;2 bis 5;nein
lemma_30865;Meander;meander;NAM;NAM;ja;Griechisch;3;2;2;2 bis 5;nein
lemma_9365;mêdius;medius;ADJ;ADJ;nein;Lateinisch;4;2;2;2 bis 5;nein
lemma_4041;medus;medus;NOM;NOM;nein;Lateinisch;3;2;2;2 bis 5;nein
lemma_4072;Meljadoc;meljadoc;NAM;NAM;ja;Französisch;3;2;1;2 bis 5;nein
lemma_47159;melwic;melwic;ADJ;ADJ;nein;Lateinisch;10;2;2;2 bis 5;nein
lemma_25427;mensis;mensis;NOM;NOM;nein;Lateinisch;2;2;2;2 bis 5;nein
lemma_10998;metaphysica;metaphysica;NOM;NOM;nein;Griechisch;2;2;2;2 bis 5;nein
lemma_66670;Metellus;metellus;NAM;NAM;ja;Lateinisch;4;2;1;2 bis 5;nein
lemma_46682;Midas;midas;NAM;NAM;ja;Griechisch;4;2;2;2 bis 5;nein
lemma_28609;migrare;migrare;VRB;VRB;nein;Lateinisch;4;2;2;2 bis 5;nein
lemma_59015;ministratio;ministratio;NOM;NOM;nein;Lateinisch;5;2;1;2 bis 5;nein
lemma_34808;minor;minor;ADJ;ADJ;nein;Lateinisch;2;2;2;2 bis 5;nein
lemma_51114;minutus;minutus;ADJ;ADJ;nein;Lateinisch;13;2;2;2 bis 5;nein
lemma_4136;Mirabel;mirabel;NAM;NAM;ja;Spanisch;3;2;2;2 bis 5;nein
lemma_35607;mirare;mirare;VRB;VRB;nein;Lateinisch;5;2;2;2 bis 5;nein
lemma_61393;mirrenberc;mirrenberc;NOM;NOM;nein;Arabisch, Aramäisch, Hebräisch;12;2;1;2 bis 5;nein
lemma_61391;mirrenbüschel;mirrenbueschel;NOM;NOM;nein;Arabisch, Aramäisch, Hebräisch;12;2;1;2 bis 5;nein
lemma_61392;mirrenstûche;mirrenstuche;NOM;NOM;nein;Arabisch, Aramäisch, Hebräisch;12;2;1;2 bis 5;nein
lemma_31295;mistporte;mistporte;NOM;NOM;nein;Lateinisch;3;2;1;2 bis 5;nein
lemma_47088;Mithridates;mithridates;NAM;NAM;ja;Persisch;3;2;2;2 bis 5;nein
lemma_67789;molestus;molestus;ADJ;ADJ;nein;Lateinisch;5;2;2;2 bis 5;nein
lemma_32132;mondani;mondani;VRB;VRB;nein;Ungarisch;3;2;1;2 bis 5;nein
lemma_35580;mores;mores;VEM;VEM VRB;nein;Slawisch;6;2;2;2 bis 5;nein
lemma_31039;munus;munus;NOM;NOM;nein;Lateinisch;7;2;2;2 bis 5;nein
lemma_20430;Mûralan;muralan;NAM;NAM;ja;Arabisch;3;2;2;2 bis 5;nein
lemma_20429;Mûrasel;murasel;NAM;NAM;ja;Arabisch;3;2;1;2 bis 5;nein
lemma_62111;musicus;musicus;NOM;NOM;nein;Lateinisch;7;2;1;2 bis 5;nein
lemma_45756;mutare;mutare;VRB;VRB;nein;Lateinisch;4;2;2;2 bis 5;nein
lemma_40840;mutus;mutus;ADJ;ADJ;nein;Lateinisch;5;2;1;2 bis 5;nein
lemma_34913;mysterium;mysterium;NOM;NOM;nein;Lateinisch;4;2;2;2 bis 5;nein
lemma_45006;nâchgeschriben;nachgeschriben;ADJ;ADJ PRP;nein;Lateinisch;4;2;2;2 bis 5;nein
lemma_31069;nacio;nacio;NOM;NOM;nein;Lateinisch;4;2;2;2 bis 5;nein
lemma_37366;narrare;narrare;VRB;VRB;nein;Lateinisch;3;2;2;2 bis 5;nein
lemma_40233;nasci;nasci;VRB;VRB;nein;Lateinisch;5;2;2;2 bis 5;nein
lemma_28491;Nascius;nascius;NAM;NAM;ja;Lateinisch;3;2;1;2 bis 5;nein
lemma_69894;navicula;navicula;NOM;NOM;nein;Lateinisch;3;2;1;2 bis 5;nein
lemma_25586;nebula;nebula;NOM;NOM;nein;Lateinisch;2;2;2;2 bis 5;nein
lemma_24461;necessarius;necessarius;ADJ;ADJ;nein;Lateinisch;2;2;2;2 bis 5;nein
lemma_45775;necessitas;necessitas;NOM;NOM;nein;Lateinisch;3;2;2;2 bis 5;nein
lemma_46899;Neemias;neemias;NAM;NAM;ja;Lateinisch;4;2;2;2 bis 5;nein
lemma_46158;negare;negare;VRB;VRB;nein;Lateinisch;5;2;2;2 bis 5;nein
lemma_28414;Nepotianus;nepotianus;NAM;NAM;ja;Lateinisch;2;2;1;2 bis 5;nein
lemma_45999;nequaquam;nequaquam;ADV;ADV NEG;nein;Lateinisch;3;2;2;2 bis 5;nein
lemma_40221;nereminisci;nereminisci;NEG;NEG VRB;nein;Lateinisch;4;2;1;2 bis 5;nein
lemma_27872;nervus;nervus;NOM;NOM;nein;Lateinisch;2;2;1;2 bis 5;nein
lemma_22406;Nesteus;nesteus;NAM;NAM;ja;Griechisch;3;2;1;2 bis 5;nein
lemma_26492;Nîcartides;nicartides;NAM;NAM;ja;Griechisch;2;2;1;2 bis 5;nein
lemma_46373;nigra;nigra;ADJ;ADJ;nein;Lateinisch;2;2;2;2 bis 5;nein
lemma_45801;nil;nil;ADV;ADV NEG;nein;Lateinisch;3;2;2;2 bis 5;nein
lemma_42752;nominedomini;nominedomini;ADV;ADV;nein;Lateinisch;6;2;2;2 bis 5;nein
lemma_28278;nonus;nonus;ADV;ADV;nein;Lateinisch;3;2;2;2 bis 5;nein
lemma_26042;Noricus;noricus;NAM;NAM;ja;Lateinisch;4;2;2;2 bis 5;nein
lemma_26267;Nostâdî;nostadi;NAM;NAM;ja;Persisch;3;2;1;2 bis 5;nein
lemma_70471;notum;notum;NOM;NOM;nein;Lateinisch;3;2;1;2 bis 5;nein
lemma_41464;Noyrs;noyrs;NAM;NAM;ja;Französisch;4;2;2;2 bis 5;nein
lemma_69994;nubere;nubere;VRB;VRB;nein;Lateinisch;3;2;1;2 bis 5;nein
lemma_51131;nucleus;nucleus;NOM;NOM;nein;Lateinisch;3;2;1;2 bis 5;nein
lemma_28446;Nuntius;nuntius;NAM;NAM;ja;Lateinisch;3;2;2;2 bis 5;nein
lemma_63728;Nyfran;nyfran;NAM;NAM;ja;Griechisch;3;2;1;2 bis 5;nein
lemma_70009;obedire;obedire;VRB;VRB;nein;Lateinisch;9;2;1;2 bis 5;nein
lemma_29533;Obêth;obeth;NAM;NAM;ja;Hebräisch;4;2;1;2 bis 5;nein
lemma_35037;obsequi;obsequi;VRB;VRB;nein;Lateinisch;3;2;2;2 bis 5;nein
lemma_36611;obstruere;obstruere;VRB;VRB;nein;Lateinisch;3;2;2;2 bis 5;nein
lemma_47507;Ochosias;ochosias;NAM;NAM;ja;Hebräisch;4;2;2;2 bis 5;nein
lemma_24604;octo;octo;NUM;NUM;nein;Lateinisch;2;2;2;2 bis 5;nein
lemma_67611;odor;odor;NOM;NOM;nein;Lateinisch;3;2;1;2 bis 5;nein
lemma_38586;offertorium;offertorium;NOM;NOM;nein;Lateinisch;2;2;2;2 bis 5;nein
lemma_45628;officium;officium;NOM;NOM;nein;Lateinisch;3;2;2;2 bis 5;nein
lemma_44485;Oglio;oglio;NAM;NAM;ja;Italienisch;2;2;2;2 bis 5;nein
lemma_27090;olla;olla;NOM;NOM;nein;Lateinisch;2;2;2;2 bis 5;nein
lemma_47239;Onias;onias;NAM;NAM;ja;Hebräisch;4;2;2;2 bis 5;nein
lemma_45888;operarius;operarius;ADJ;ADJ NOM;nein;Lateinisch;6;2;2;2 bis 5;nein
lemma_58817;oportere;oportere;VRB;VRB;nein;Lateinisch;5;2;1;2 bis 5;nein
lemma_58813;opportunus;opportunus;ADJ;ADJ;nein;Lateinisch;4;2;1;2 bis 5;nein
lemma_35191;opprimere;opprimere;VRB;VRB;nein;Lateinisch;4;2;2;2 bis 5;nein
lemma_35876;oraculum;oraculum;NOM;NOM;nein;Lateinisch;6;2;2;2 bis 5;nein
lemma_30317;orbis;orbis;NOM;NOM;nein;Lateinisch;5;2;2;2 bis 5;nein
lemma_21358;ordinantia;ordinantia;NOM;NOM;nein;Lateinisch;3;2;1;2 bis 5;nein
lemma_45984;Orgus;orgus;NAM;NAM;ja;Lateinisch;4;2;1;2 bis 5;nein
lemma_38619;Orion;orion;NAM;NAM;ja;Griechisch;6;2;2;2 bis 5;nein
lemma_14311;Orphanus;orphanus;NAM;NAM;ja;Lateinisch;4;2;2;2 bis 5;nein
lemma_35214;os;os;NOM;NOM;nein;Lateinisch;5;2;2;2 bis 5;nein
lemma_38808;ostendere;ostendere;VRB;VRB;nein;Lateinisch;6;2;1;2 bis 5;nein
lemma_29305;Otilia;otilia;NAM;NAM;ja;Lateinisch;4;2;2;2 bis 5;nein
lemma_40268;pacificus;pacificus;ADJ;ADJ;nein;Lateinisch;5;2;2;2 bis 5;nein
lemma_31557;pagare;pagare;VRB;VRB;nein;Italienisch;3;2;1;2 bis 5;nein
lemma_30249;Palimunder;palimunder;NAM;NAM;ja;Griechisch;3;2;1;2 bis 5;nein
lemma_13726;Pallus;pallus;NAM;NAM;ja;Lateinisch;3;2;1;2 bis 5;nein
lemma_34885;palma;palma;NOM;NOM;nein;Lateinisch;3;2;2;2 bis 5;nein
lemma_19225;Pandalus;pandalus;NAM;NAM;ja;Griechisch;3;2;1;2 bis 5;nein
lemma_38683;paralellum;paralellum;ADJ;ADJ NOM;nein;Lateinisch;5;2;1;2 bis 5;nein
lemma_23869;Paralipomenon;paralipomenon;NAM;NAM;ja;Griechisch;3;2;1;2 bis 5;nein
lemma_16422;Parcilôt;parcilot;NAM;NAM;ja;Griechisch;3;2;1;2 bis 5;nein
lemma_67691;particeps;particeps;NOM;NOM;nein;Lateinisch;5;2;2;2 bis 5;nein
lemma_35538;participare;participare;VRB;VRB;nein;Lateinisch;4;2;2;2 bis 5;nein
lemma_61352;parvulus;parvulus;ADJ;ADJ;nein;Lateinisch;5;2;2;2 bis 5;nein
lemma_28276;Paschasius;paschasius;NAM;NAM;ja;Lateinisch;4;2;1;2 bis 5;nein
lemma_78528;pasta;pasta;NOM;NOM;nein;Italienisch;2;2;1;2 bis 5;nein
lemma_30164;patria;patria;NOM;NOM;nein;Lateinisch;5;2;1;2 bis 5;nein
lemma_4582;Patricius;patricius;NAM;NAM;ja;Lateinisch;4;2;2;2 bis 5;nein
lemma_29770;Patrônes;patrones;NAM;NAM;ja;Griechisch;3;2;2;2 bis 5;nein
lemma_27087;pecia;pecia;NOM;NOM;nein;Lateinisch;3;2;1;2 bis 5;nein
lemma_26658;Pêkulâus;pekulaus;NAM;NAM;ja;Griechisch;3;2;1;2 bis 5;nein
lemma_25205;Pelegeôn;pelegeon;NAM;NAM;ja;Griechisch;3;2;2;2 bis 5;nein
lemma_45636;perambulare;perambulare;VRB;VRB;nein;Lateinisch;3;2;2;2 bis 5;nein
lemma_48638;Perdix;perdix;NAM;NAM;ja;Griechisch;3;2;2;2 bis 5;nein
lemma_46088;peremtorius;peremtorius;ADJ;ADJ PRP;nein;Lateinisch;6;2;1;2 bis 5;nein
lemma_52928;Perikles;perikles;NAM;NAM;ja;Griechisch;4;2;2;2 bis 5;nein
lemma_32158;permafoi;permafoi;NOM;NOM POS PRP;nein;Französisch, Lateinisch;8;2;1;2 bis 5;nein
lemma_28242;perversus;perversus;ADJ;ADJ;nein;Lateinisch;4;2;2;2 bis 5;nein
lemma_46738;pes;pes;NOM;NOM;nein;Lateinisch;6;2;2;2 bis 5;nein
lemma_39655;pessimus;pessimus;ADJ;ADJ GRA;nein;Lateinisch;4;2;2;2 bis 5;nein
lemma_45276;pestilentia;pestilentia;NOM;NOM;nein;Lateinisch;3;2;2;2 bis 5;nein
lemma_46078;petitio;petitio;ADJ;ADJ NOM;nein;Lateinisch;4;2;1;2 bis 5;nein
lemma_17042;petîtmanger;petitmanger;NOM;NOM;nein;Französisch;5;2;2;2 bis 5;nein
lemma_46741;petra;petra;NOM;NOM;nein;Lateinisch;4;2;1;2 bis 5;nein
lemma_47618;Phalaris;phalaris;NAM;NAM;ja;Griechisch;3;2;1;2 bis 5;nein
lemma_25135;Phaligrus;phaligrus;NAM;NAM;ja;Griechisch;3;2;1;2 bis 5;nein
lemma_26501;Phrâdâtes;phradates;NAM;NAM;ja;Griechisch;3;2;1;2 bis 5;nein
lemma_18446;piere;piere;NOM;NOM;nein;Französisch;2;2;2;2 bis 5;nein
lemma_28531;Pindaros;pindaros;NAM;NAM;ja;Griechisch;4;2;1;2 bis 5;nein
lemma_21222;Piscis;piscis;NAM;NAM;ja;Lateinisch;3;2;2;2 bis 5;nein
lemma_21221;Pîse;pise;NAM;NAM;ja;Griechisch;3;2;1;2 bis 5;nein
lemma_58471;Pittakos;pittakos;NAM;NAM;ja;Griechisch;4;2;1;2 bis 5;nein
lemma_28362;Pius;pius;NAM;NAM;ja;Lateinisch;4;2;2;2 bis 5;nein
lemma_42942;plangen;plangen;VRB;VRB;nein;Lateinisch;4;2;2;2 bis 5;nein
lemma_40362;plebs;plebs;NOM;NOM;nein;Lateinisch;3;2;2;2 bis 5;nein
lemma_31382;Plejaden;plejaden;NAM;NAM;ja;Griechisch, Lateinisch;4;2;2;2 bis 5;nein
lemma_38825;plorare;plorare;VRB;VRB;nein;Lateinisch;4;2;2;2 bis 5;nein
lemma_45663;plurimum;plurimum;ADJ;ADJ NOM;nein;Lateinisch;2;2;1;2 bis 5;nein
lemma_52909;Plutarch;plutarch;NAM;NAM;ja;Griechisch;6;2;1;2 bis 5;nein
lemma_44649;Podiebrad;podiebrad;NAM;NAM;ja;Tschechisch;3;2;1;2 bis 5;nein
lemma_31472;Poestes;poestes;NAM;NAM;ja;Griechisch;3;2;1;2 bis 5;nein
lemma_43807;pôêterî;poeteri;NOM;NOM;nein;Lateinisch;3;2;2;2 bis 5;nein
lemma_8624;poinderstat;poinderstat;NOM;NOM;nein;Lateinisch;4;2;1;2 bis 5;nein
lemma_18081;poisûn;poisun;NOM;NOM;nein;Französisch;6;2;2;2 bis 5;nein
lemma_58557;Polemon;polemon;NAM;NAM;ja;Griechisch;5;2;1;2 bis 5;nein
lemma_25681;Polimenos;polimenos;NAM;NAM;ja;Griechisch;3;2;2;2 bis 5;nein
lemma_26485;Polippus;polippus;NAM;NAM;ja;Griechisch;3;2;1;2 bis 5;nein
lemma_44494;Politschka;politschka;NAM;NAM;ja;Tschechisch;2;2;2;2 bis 5;nein
lemma_19324;Polixinart;polixinart;NAM;NAM;ja;Griechisch;3;2;1;2 bis 5;nein
lemma_28365;Pontianus;pontianus;NAM;NAM;ja;Lateinisch;4;2;2;2 bis 5;nein
lemma_45784;popellus;popellus;NOM;NOM;nein;Lateinisch;4;2;1;2 bis 5;nein
lemma_24902;Porchtatus;porchtatus;NAM;NAM;ja;Griechisch;3;2;1;2 bis 5;nein
lemma_47521;Porcia;porcia;NAM;NAM;ja;Lateinisch;3;2;2;2 bis 5;nein
lemma_44493;Porlitz;porlitz;NAM;NAM;ja;Slawisch, Tschechisch;3;2;1;2 bis 5;nein
lemma_44679;Porschist;porschist;NAM;NAM;ja;Tschechisch;2;2;1;2 bis 5;nein
lemma_29659;Possidamas;possidamas;NAM;NAM;ja;Griechisch;3;2;1;2 bis 5;nein
lemma_28408;Posthumus;posthumus;NAM;NAM;ja;Lateinisch;3;2;1;2 bis 5;nein
lemma_47525;practik;practik;NOM;NOM VRB;nein;Lateinisch;3;2;2;2 bis 5;nein
lemma_36621;praebere;praebere;VRB;VRB;nein;Lateinisch;6;2;2;2 bis 5;nein
lemma_70332;praeesse;praeesse;VRB;VRB;nein;Lateinisch;7;2;2;2 bis 5;nein
lemma_35290;praegustare;praegustare;PRP;PRP VRB;nein;Lateinisch;5;2;1;2 bis 5;nein
lemma_41371;praeparare;praeparare;VRB;VRB;nein;Lateinisch;4;2;1;2 bis 5;nein
lemma_48891;praissel;praissel;NOM;NOM;nein;Slawisch;5;2;1;2 bis 5;nein
lemma_31444;pressiure;pressiure;NOM;NOM;nein;Französisch;6;2;2;2 bis 5;nein
lemma_70376;pressura;pressura;NOM;NOM;nein;Lateinisch;4;2;1;2 bis 5;nein
lemma_45066;Priapus;priapus;NAM;NAM;ja;Griechisch;4;2;1;2 bis 5;nein
lemma_34699;Prilep;prilep;NAM;NAM;ja;Ungarisch;2;2;1;2 bis 5;nein
lemma_70628;primogenitus;primogenitus;ADJ;ADJ;nein;Lateinisch;4;2;1;2 bis 5;nein
lemma_23994;Priseis;priseis;NAM;NAM;ja;Griechisch;3;2;1;2 bis 5;nein
lemma_23037;prius;prius;ADV;ADV;nein;Lateinisch;2;2;2;2 bis 5;nein
lemma_27712;privare;privare;VRB;VRB;nein;Lateinisch;5;2;2;2 bis 5;nein
lemma_45718;procuratorio;procuratorio;NOM;NOM;nein;Lateinisch;9;2;1;2 bis 5;nein
lemma_23668;profundus;profundus;ADJ;ADJ NOM;nein;Lateinisch;3;2;2;2 bis 5;nein
lemma_34793;propitius;propitius;ADJ;ADJ;nein;Lateinisch;7;2;2;2 bis 5;nein
lemma_45870;proprietas;proprietas;NOM;NOM;nein;Lateinisch;2;2;1;2 bis 5;nein
lemma_70506;propterea;propterea;ADV;ADV;nein;Lateinisch;3;2;1;2 bis 5;nein
lemma_44497;Proseck;proseck;NAM;NAM;ja;Tschechisch;2;2;2;2 bis 5;nein
lemma_45843;prosternere;prosternere;PRO;PRO VRB;nein;Lateinisch;4;2;2;2 bis 5;nein
lemma_26630;protegere;protegere;VRB;VRB;nein;Lateinisch;3;2;2;2 bis 5;nein
lemma_46025;protestari;protestari;VRB;VRB;nein;Lateinisch;4;2;1;2 bis 5;nein
lemma_26625;Prous;prous;NAM;NAM;ja;Griechisch;3;2;2;2 bis 5;nein
lemma_48271;prout;prout;ADV;ADV;nein;Lateinisch;2;2;2;2 bis 5;nein
lemma_65108;Prymedes;prymedes;NAM;NAM;ja;Griechisch;3;2;1;2 bis 5;nein
lemma_44498;Przibislawa;przibislawa;NAM;NAM;ja;Tschechisch;3;2;2;2 bis 5;nein
lemma_16103;puella;puella;NOM;NOM;nein;Lateinisch;3;2;2;2 bis 5;nein
lemma_45789;pugnare;pugnare;VRB;VRB;nein;Lateinisch;4;2;2;2 bis 5;nein
lemma_47318;Pygmalion;pygmalion;NAM;NAM;ja;Griechisch;5;2;2;2 bis 5;nein
lemma_31655;Pylades;pylades;NAM;NAM;ja;Griechisch;3;2;2;2 bis 5;nein
lemma_46958;pyramide;pyramide;NOM;NOM;nein;Griechisch;3;2;1;2 bis 5;nein
lemma_15492;quader;quader;NOM;NOM;nein;Lateinisch;3;2;2;2 bis 5;nein
lemma_43800;quadrât;quadrat;NOM;NOM;nein;Lateinisch;4;2;2;2 bis 5;nein
lemma_39124;queri;queri;VRB;VRB;nein;Lateinisch;3;2;1;2 bis 5;nein
lemma_30582;quientieren;quientieren;VRB;VRB;nein;Lateinisch;6;2;1;2 bis 5;nein
lemma_59532;Quinportorentin;quinportorentin;NAM;NAM;ja;Französisch;2;2;1;2 bis 5;nein
lemma_25476;quinque;quinque;NUM;NUM;nein;Lateinisch;2;2;2;2 bis 5;nein
lemma_25475;Quintilis;quintilis;NAM;NAM;ja;Lateinisch;4;2;1;2 bis 5;nein
lemma_36345;quire;quire;VEX;VEX;nein;Lateinisch;4;2;1;2 bis 5;nein
lemma_25673;quisive;quisive;ADV;ADV IPA;nein;Lateinisch;2;2;2;2 bis 5;nein
lemma_43775;quodlibet;quodlibet;NOM;NOM VRB;nein;Lateinisch;3;2;2;2 bis 5;nein
lemma_32146;raccomandare;raccomandare;VRB;VRB;nein;Italienisch;4;2;1;2 bis 5;nein
lemma_44502;Radim;radim;NAM;NAM;ja;Slawisch;3;2;1;2 bis 5;nein
lemma_51110;radix;radix;NOM;NOM;nein;Lateinisch;8;2;2;2 bis 5;nein
lemma_42435;Radka;radka;NAM;NAM;ja;Slawisch;3;2;2;2 bis 5;nein
lemma_67809;rapere;rapere;VRB;VRB;nein;Lateinisch;5;2;2;2 bis 5;nein
lemma_26602;Râsim;rasim;NAM;NAM;ja;Arabisch;3;2;1;2 bis 5;nein
lemma_39805;receptaculum;receptaculum;NOM;NOM;nein;Lateinisch;3;2;1;2 bis 5;nein
lemma_32142;recommissio;recommissio;NOM;NOM;nein;Lateinisch;6;2;1;2 bis 5;nein
lemma_45516;reddere;reddere;VRB;VRB;nein;Lateinisch;5;2;2;2 bis 5;nein
lemma_34821;redemptare;redemptare;VRB;VRB;nein;Lateinisch;5;2;2;2 bis 5;nein
lemma_70334;redimere;redimere;NOM;NOM VRB;nein;Lateinisch;6;2;1;2 bis 5;nein
lemma_23047;reformieren;reformieren;VRB;VRB;nein;Lateinisch;4;2;2;2 bis 5;nein
lemma_48898;regelbir;regelbir;NOM;NOM;nein;Lateinisch;3;2;1;2 bis 5;nein
lemma_52771;regnare;regnare;VRB;VRB;nein;Lateinisch;4;2;2;2 bis 5;nein
lemma_16255;religiôse;religiose;NOM;NOM;nein;Lateinisch;3;2;1;2 bis 5;nein
lemma_70752;reliquus;reliquus;ADJ;ADJ;nein;Lateinisch;3;2;2;2 bis 5;nein
lemma_66631;remissio;remissio;NOM;NOM;nein;Lateinisch;8;2;2;2 bis 5;nein
lemma_46077;renuntiare;renuntiare;VRB;VRB;nein;Lateinisch;5;2;2;2 bis 5;nein
lemma_40366;replere;replere;VRB;VRB;nein;Lateinisch;5;2;2;2 bis 5;nein
lemma_69844;reponere;reponere;VRB;VRB;nein;Lateinisch;4;2;1;2 bis 5;nein
lemma_30802;resonanz;resonanz;NOM;NOM;nein;Lateinisch;4;2;1;2 bis 5;nein
lemma_64270;Ribyan;ribyan;NAM;NAM;ja;Griechisch;3;2;1;2 bis 5;nein
lemma_4902;Riel;riel;NAM;NAM;ja;Französisch;3;2;2;2 bis 5;nein
lemma_28391;Rigidus;rigidus;NAM;NAM;ja;Lateinisch;3;2;2;2 bis 5;nein
lemma_26973;rinôceros;rinoceros;NOM;NOM;nein;Griechisch;3;2;2;2 bis 5;nein
lemma_66800;robâte;robate;NOM;NOM;nein;Slawisch;4;2;1;2 bis 5;nein
lemma_26364;Rodois;rodois;NAM;NAM;ja;Griechisch;3;2;2;2 bis 5;nein
lemma_25415;Rogationes;rogationes;NAM;NAM;ja;Lateinisch;2;2;1;2 bis 5;nein
lemma_67877;ros;ros;NOM;NOM;nein;Lateinisch;3;2;2;2 bis 5;nein
lemma_4981;rotruwange;rotruwange;NOM;NOM;nein;Französisch;2;2;2;2 bis 5;nein
lemma_35150;rubicundus;rubicundus;ADJ;ADJ;nein;Lateinisch;3;2;2;2 bis 5;nein
lemma_24008;Rubrîcus;rubricus;NAM;NAM;ja;Griechisch, Lateinisch;4;2;1;2 bis 5;nein
lemma_5016;rundâte;rundate;NOM;NOM;nein;Französisch;4;2;1;2 bis 5;nein
lemma_34914;sacer;sacer;ADJ;ADJ;nein;Lateinisch;2;2;2;2 bis 5;nein
lemma_75569;sacrierter;sacrierter;ADJ;ADJ;nein;Lateinisch;5;2;1;2 bis 5;nein
lemma_27239;saepe;saepe;ADV;ADV;nein;Lateinisch;2;2;2;2 bis 5;nein
lemma_25467;Sagitarius;sagitarius;NAM;NAM;ja;Lateinisch;6;2;2;2 bis 5;nein
lemma_17804;Salvatsch de Kapidonte;salvatsch de kapidonte;NAM;NAM;ja;Französisch;2;2;1;2 bis 5;nein
lemma_27302;sambucus;sambucus;NOM;NOM;nein;Lateinisch;3;2;1;2 bis 5;nein
lemma_28314;sanctificatio;sanctificatio;NOM;NOM;nein;Lateinisch;4;2;2;2 bis 5;nein
lemma_37948;sanctitas;sanctitas;NOM;NOM;nein;Lateinisch;4;2;2;2 bis 5;nein
lemma_40722;Sanguinus;sanguinus;NAM;NAM;ja;Lateinisch;3;2;1;2 bis 5;nein
lemma_52969;sanguis;sanguis;NOM;NOM;nein;Lateinisch;5;2;1;2 bis 5;nein
lemma_47499;Sappho;sappho;NAM;NAM;ja;Griechisch;4;2;2;2 bis 5;nein
lemma_31847;sarapandratest;sarapandratest;NOM;NOM;nein;Lateinisch;5;2;1;2 bis 5;nein
lemma_20357;Sardineus;sardineus;NAM;NAM;ja;Griechisch;3;2;1;2 bis 5;nein
lemma_34625;Sardus;sardus;NAM;NAM;ja;Griechisch;3;2;2;2 bis 5;nein
lemma_16169;Satâzes;satazes;NAM;NAM;ja;Griechisch;3;2;1;2 bis 5;nein
lemma_16164;Satrôpates;satropates;NAM;NAM;ja;Griechisch;3;2;1;2 bis 5;nein
lemma_44539;Satzka;satzka;NAM;NAM;ja;Slawisch;2;2;1;2 bis 5;nein
lemma_60628;schæhten;schaehten;VRB;VRB;nein;Hebräisch;6;2;1;2 bis 5;nein
lemma_32527;scharmutzel;scharmutzel;NOM;NOM;nein;Italienisch;4;2;1;2 bis 5;nein
lemma_66771;Schelzin;schelzin;NAM;NAM;ja;Slawisch;3;2;1;2 bis 5;nein
lemma_31057;schisma;schisma;NOM;NOM;nein;Lateinisch;6;2;2;2 bis 5;nein
lemma_75629;schrîbendiu;schribendiu;ADJ;ADJ;nein;Lateinisch;4;2;1;2 bis 5;nein
lemma_37835;schuolgeselle;schuolgeselle;NOM;NOM;nein;Lateinisch;4;2;1;2 bis 5;nein
lemma_35218;scientia;scientia;NOM;NOM;nein;Lateinisch;3;2;2;2 bis 5;nein
lemma_40246;scilicet;scilicet;ADV;ADV;nein;Lateinisch;4;2;2;2 bis 5;nein
lemma_30982;Scirocco;scirocco;NAM;NAM;ja;Italienisch;2;2;2;2 bis 5;nein
lemma_44541;Sdislaw;sdislaw;NAM;NAM;ja;Slawisch;3;2;1;2 bis 5;nein
lemma_51113;secare;secare;VRB;VRB;nein;Lateinisch;14;2;2;2 bis 5;nein
lemma_44322;Sedletz;sedletz;NAM;NAM;ja;Tschechisch;3;2;2;2 bis 5;nein
lemma_35792;Sedlitz;sedlitz;NAM;NAM;ja;Slawisch;3;2;2;2 bis 5;nein
lemma_69834;seminare;seminare;VRB;VRB;nein;Lateinisch;5;2;1;2 bis 5;nein
lemma_70560;sensus;sensus;NOM;NOM;nein;Lateinisch;4;2;2;2 bis 5;nein
lemma_69871;sentire;sentire;VRB;VRB;nein;Lateinisch;5;2;1;2 bis 5;nein
lemma_31924;senza;senza;PRP;PRP;nein;Italienisch;3;2;1;2 bis 5;nein
lemma_54949;sepcies;sepcies;ADJ;ADJ ADV;nein;Lateinisch;3;2;1;2 bis 5;nein
lemma_41269;septies;septies;ADV;ADV NUM;nein;Lateinisch;4;2;1;2 bis 5;nein
lemma_25412;Septuagesima;septuagesima;NAM;NAM;ja;Lateinisch;3;2;1;2 bis 5;nein
lemma_41270;septuagies;septuagies;ADV;ADV NUM;nein;Lateinisch;4;2;1;2 bis 5;nein
lemma_36794;serta;serta;NOM;NOM;nein;Lateinisch;3;2;2;2 bis 5;nein
lemma_25477;Sextilis;sextilis;NAM;NAM;ja;Lateinisch;3;2;1;2 bis 5;nein
lemma_48479;si;si;CNJ;CNJ;nein;Lateinisch;4;2;2;2 bis 5;nein
lemma_67651;signaculum;signaculum;NOM;NOM;nein;Lateinisch;4;2;2;2 bis 5;nein
lemma_66269;silex;silex;NOM;NOM;nein;Lateinisch;4;2;2;2 bis 5;nein
lemma_26666;Sîmam;simam;NAM;NAM;ja;Griechisch;3;2;1;2 bis 5;nein
lemma_44692;Slizkow;slizkow;NAM;NAM;ja;Slawisch;2;2;1;2 bis 5;nein
lemma_44562;slovo;slovo;NOM;NOM;nein;Slawisch;2;2;1;2 bis 5;nein
lemma_49270;smant;smant;NOM;NOM;nein;Slawisch;4;2;1;2 bis 5;nein
lemma_47126;smirzeler;smirzeler;NOM;NOM;nein;Rotwelsch;6;2;1;2 bis 5;nein
lemma_42945;Sobor;sobor;NAM;NAM;ja;Slawisch;3;2;2;2 bis 5;nein
lemma_42118;solacium;solacium;NOM;NOM;nein;Lateinisch;4;2;1;2 bis 5;nein
lemma_44709;solamen;solamen;NOM;NOM;nein;Lateinisch;4;2;1;2 bis 5;nein
lemma_35236;solium;solium;NOM;NOM;nein;Lateinisch;4;2;1;2 bis 5;nein
lemma_40354;sollicitudo;sollicitudo;NOM;NOM;nein;Lateinisch;4;2;2;2 bis 5;nein
lemma_47820;Solon;solon;NAM;NAM;ja;Griechisch;4;2;1;2 bis 5;nein
lemma_39802;solutio;solutio;NOM;NOM;nein;Lateinisch;5;2;1;2 bis 5;nein
lemma_51430;sonus;sonus;NOM;NOM;nein;Lateinisch;4;2;2;2 bis 5;nein
lemma_21560;Sophonias;sophonias;NAM;NAM;ja;Griechisch;4;2;2;2 bis 5;nein
lemma_23255;speculum;speculum;NOM;NOM;nein;Lateinisch;4;2;2;2 bis 5;nein
lemma_70490;spernere;spernere;VRB;VRB;nein;Lateinisch;4;2;2;2 bis 5;nein
lemma_45998;spina;spina;NOM;NOM;nein;Lateinisch;3;2;2;2 bis 5;nein
lemma_27279;spinât;spinat;NOM;NOM;nein;Lateinisch;2;2;2;2 bis 5;nein
lemma_46130;spolium;spolium;NOM;NOM;nein;Lateinisch;7;2;2;2 bis 5;nein
lemma_34755;spontaneus;spontaneus;ADJ;ADJ;nein;Lateinisch;2;2;1;2 bis 5;nein
lemma_33679;sqâme;sqame;NOM;NOM;nein;Lateinisch;7;2;2;2 bis 5;nein
lemma_31866;srcê;srce;NOM;NOM;nein;Slawisch;7;2;1;2 bis 5;nein
lemma_44859;stadium;stadium;NOM;NOM;nein;Lateinisch;3;2;2;2 bis 5;nein
lemma_45350;statuere;statuere;VRB;VRB;nein;Lateinisch;7;2;1;2 bis 5;nein
lemma_25588;stellio;stellio;NOM;NOM;nein;Lateinisch;4;2;1;2 bis 5;nein
lemma_28513;Stenelus;stenelus;NAM;NAM;ja;Griechisch;3;2;1;2 bis 5;nein
lemma_31929;steti;steti;ADV;ADV PRO;nein;Rätoromanisch, Slawisch;5;2;1;2 bis 5;nein
lemma_37582;stillemesse;stillemesse;NOM;NOM;nein;Lateinisch;6;2;1;2 bis 5;nein
lemma_42549;stimel;stimel;NOM;NOM;nein;Lateinisch;6;2;1;2 bis 5;nein
lemma_44575;Stodor;stodor;NAM;NAM;ja;Slawisch;2;2;2;2 bis 5;nein
lemma_44689;Stolmir;stolmir;NAM;NAM;ja;Slawisch;2;2;1;2 bis 5;nein
lemma_44576;Strakonitz;strakonitz;NAM;NAM;ja;Slawisch, Tschechisch;3;2;1;2 bis 5;nein
lemma_26215;Strâsagoras;strasagoras;NAM;NAM;ja;Griechisch;3;2;1;2 bis 5;nein
lemma_44634;Strzesislawa;strzesislawa;NAM;NAM;ja;Tschechisch;3;2;2;2 bis 5;nein
lemma_45868;stultus;stultus;ADJ;ADJ NOM;nein;Lateinisch;4;2;2;2 bis 5;nein
lemma_46040;subdelegare;subdelegare;NOM;NOM VRB;nein;Lateinisch;7;2;1;2 bis 5;nein
lemma_34993;subdiaconus;subdiaconus;NOM;NOM PRP;nein;Lateinisch;4;2;2;2 bis 5;nein
lemma_34462;subicere;subicere;NOM;NOM VRB;nein;Lateinisch;4;2;1;2 bis 5;nein
lemma_39241;sublevare;sublevare;VRB;VRB;nein;Lateinisch;7;2;1;2 bis 5;nein
lemma_76537;sublimirunge;sublimirunge;NOM;NOM;nein;Lateinisch;5;2;1;2 bis 5;nein
lemma_53489;suffere;suffere;VRB;VRB;nein;Lateinisch;6;2;1;2 bis 5;nein
lemma_49520;sufficere;sufficere;NOM;NOM VRB;nein;Lateinisch;6;2;2;2 bis 5;nein
lemma_46198;sumere;sumere;VRB;VRB;nein;Lateinisch;4;2;2;2 bis 5;nein
lemma_37560;superexaltare;superexaltare;VRB;VRB;nein;Lateinisch;9;2;2;2 bis 5;nein
lemma_35054;supernus;supernus;ADJ;ADJ;nein;Lateinisch;2;2;1;2 bis 5;nein
lemma_28471;superus;superus;ADJ;ADJ GRA;nein;Lateinisch;3;2;2;2 bis 5;nein
lemma_37562;supervenire;supervenire;PRP;PRP VRB;nein;Lateinisch;4;2;2;2 bis 5;nein
lemma_40247;suscitare;suscitare;VRB;VRB;nein;Lateinisch;4;2;2;2 bis 5;nein
lemma_44453;Sutri;sutri;NAM;NAM;ja;Italienisch;2;2;2;2 bis 5;nein
lemma_44638;Swest;swest;NAM;NAM;ja;Slawisch;3;2;2;2 bis 5;nein
lemma_28291;Synûn;synun;NAM;NAM;ja;Griechisch;3;2;1;2 bis 5;nein
lemma_44889;tabulête;tabulete;NOM;NOM;nein;Lateinisch;5;2;1;2 bis 5;nein
lemma_43949;Tachaw;tachaw;NAM;NAM;ja;Tschechisch;2;2;2;2 bis 5;nein
lemma_45741;taliter;taliter;ADV;ADV;nein;Lateinisch;3;2;2;2 bis 5;nein
lemma_29479;Tamiris;tamiris;NAM;NAM;ja;Griechisch;3;2;2;2 bis 5;nein
lemma_28716;Tarpîde;tarpide;NAM;NAM;ja;Griechisch;3;2;1;2 bis 5;nein
lemma_27838;tekel;tekel;VRB;VRB;nein;Hebräisch;2;2;2;2 bis 5;nein
lemma_28078;Telepolemus;telepolemus;NAM;NAM;ja;Griechisch;3;2;1;2 bis 5;nein
lemma_28086;Telestes;telestes;NAM;NAM;ja;Griechisch;3;2;2;2 bis 5;nein
lemma_15874;Têôdêtus;teodetus;NAM;NAM;ja;Griechisch, Lateinisch;4;2;1;2 bis 5;nein
lemma_44594;Teplitz;teplitz;NAM;NAM;ja;Slawisch;2;2;2;2 bis 5;nein
lemma_32007;Terentianus;terentianus;NAM;NAM;ja;Lateinisch;3;2;1;2 bis 5;nein
lemma_6064;Terre de Labur;terre de labur;NAM;NAM PRP;ja;Französisch;3;2;2;2 bis 5;nein
lemma_28443;Thadaeus;thadaeus;NAM;NAM;ja;Lateinisch;4;2;2;2 bis 5;nein
lemma_34442;Thedida;thedida;NAM;NAM;ja;Griechisch;3;2;1;2 bis 5;nein
lemma_47054;Theokritos;theokritos;NAM;NAM;ja;Griechisch;4;2;2;2 bis 5;nein
lemma_42775;Theos;theos;NAM;NAM;ja;Griechisch;5;2;2;2 bis 5;nein
lemma_45774;thesaurus;thesaurus;NOM;NOM;nein;Lateinisch;5;2;2;2 bis 5;nein
lemma_19128;Tîrîdates;tiridates;NAM;NAM;ja;Griechisch;3;2;1;2 bis 5;nein
lemma_36314;Tirus;tirus;NAM;NAM;ja;Lateinisch;3;2;2;2 bis 5;nein
lemma_44605;Tischnowitz;tischnowitz;NAM;NAM;ja;Slawisch, Tschechisch;4;2;2;2 bis 5;nein
lemma_6096;Tismas;tismas;NAM;NAM;ja;Hebräisch;4;2;2;2 bis 5;nein
lemma_70310;torcular;torcular;NOM;NOM;nein;Lateinisch;5;2;1;2 bis 5;nein
lemma_25534;transitus;transitus;NOM;NOM;nein;Lateinisch;5;2;2;2 bis 5;nein
lemma_44599;Trentschin;trentschin;NAM;NAM;ja;Slawisch;3;2;2;2 bis 5;nein
lemma_38841;tribus;tribus;NOM;NOM;nein;Lateinisch;2;2;2;2 bis 5;nein
lemma_30321;triumphare;triumphare;VRB;VRB;nein;Lateinisch;5;2;2;2 bis 5;nein
lemma_47861;trufieren;trufieren;VRB;VRB;nein;Französisch;6;2;2;2 bis 5;nein
lemma_10235;trëse;trëse;NOM;NOM;nein;Französisch;4;2;2;2 bis 5;nein
lemma_32128;tudom;tudom;VRB;VRB;nein;Ungarisch;6;2;1;2 bis 5;nein
lemma_44309;Tursko;tursko;NAM;NAM;ja;Slawisch;2;2;2;2 bis 5;nein
lemma_32152;tvój;tvój;POS;POS;nein;Slawisch;4;2;1;2 bis 5;nein
lemma_23973;Tybar;tybar;NAM;NAM;ja;Griechisch;3;2;1;2 bis 5;nein
lemma_30296;Tyton;tyton;NAM;NAM;ja;Griechisch;3;2;2;2 bis 5;nein
lemma_47280;unguentum;unguentum;NOM;NOM;nein;Lateinisch;3;2;2;2 bis 5;nein
lemma_22828;unhandelunge;unhandelunge;NEG;NEG NOM;nein;Lateinisch;3;2;1;2 bis 5;nein
lemma_70657;unigenitus;unigenitus;ADJ;ADJ NOM;nein;Lateinisch;3;2;1;2 bis 5;nein
lemma_21487;unitas;unitas;NOM;NOM;nein;Lateinisch;2;2;2;2 bis 5;nein
lemma_34820;universum;universum;ADJ;ADJ NOM;nein;Lateinisch;4;2;2;2 bis 5;nein
lemma_48537;unnatûrlich;unnaturlich;ADJ;ADJ ADV NEG;nein;Lateinisch;7;2;2;2 bis 5;nein
lemma_27163;Uranos;uranos;NAM;NAM;ja;Griechisch;4;2;1;2 bis 5;nein
lemma_28507;Uriolus;uriolus;NAM;NAM;ja;Griechisch;3;2;1;2 bis 5;nein
lemma_45768;utilis;utilis;ADJ;ADJ ADV;nein;Lateinisch;5;2;1;2 bis 5;nein
lemma_45885;uxor;uxor;NOM;NOM;nein;Lateinisch;3;2;2;2 bis 5;nein
lemma_45717;varius;varius;ADJ;ADJ;nein;Lateinisch;9;2;2;2 bis 5;nein
lemma_34879;vasculum;vasculum;NOM;NOM;nein;Lateinisch;2;2;2;2 bis 5;nein
lemma_41398;verkrîen;verkrien;VRB;VRB;nein;Französisch;4;2;2;2 bis 5;nein
lemma_27258;vermis;vermis;NOM;NOM;nein;Lateinisch;2;2;2;2 bis 5;nein
lemma_70108;verumtamen;verumtamen;ADV;ADV;nein;Lateinisch;3;2;2;2 bis 5;nein
lemma_40234;vesci;vesci;VRB;VRB;nein;Lateinisch;3;2;2;2 bis 5;nein
lemma_67711;vestis;vestis;NOM;NOM;nein;Lateinisch;2;2;2;2 bis 5;nein
lemma_27337;vetus;vetus;ADJ;ADJ;nein;Lateinisch;3;2;2;2 bis 5;nein
lemma_38932;vicis;vicis;ADV;ADV;nein;Lateinisch;3;2;1;2 bis 5;nein
lemma_44966;vilicus;vilicus;NOM;NOM;nein;Lateinisch;2;2;1;2 bis 5;nein
lemma_7054;vînæger;vinaeger;NOM;NOM;nein;Französisch;3;2;2;2 bis 5;nein
lemma_45557;vitium;vitium;NOM;NOM;nein;Lateinisch;4;2;2;2 bis 5;nein
lemma_35893;Vîtstac;vitstac;NAM;NAM;ja;Lateinisch;7;2;2;2 bis 5;nein
lemma_40420;vituperare;vituperare;VRB;VRB;nein;Lateinisch;7;2;2;2 bis 5;nein
lemma_70429;vivus;vivus;ADJ;ADJ;nein;Lateinisch;4;2;2;2 bis 5;nein
lemma_40255;vobiscum;vobiscum;PRO;PRO;nein;Lateinisch;2;2;1;2 bis 5;nein
lemma_41696;voire;voire;VRB;VRB;nein;Französisch;4;2;1;2 bis 5;nein
lemma_7162;voisin;voisin;NOM;NOM;nein;Französisch;3;2;2;2 bis 5;nein
lemma_35141;volare;volare;VRB;VRB;nein;Lateinisch;4;2;1;2 bis 5;nein
lemma_28209;votum;votum;NOM;NOM;nein;Lateinisch;2;2;2;2 bis 5;nein
lemma_37805;vrônmesse;vronmesse;NOM;NOM;nein;Lateinisch;3;2;2;2 bis 5;nein
lemma_35866;Wabanic;wabanic;NAM;NAM;ja;Slawisch;3;2;1;2 bis 5;nein
lemma_30654;wazzerlewe;wazzerlewe;NOM;NOM;nein;Lateinisch;5;2;1;2 bis 5;nein
lemma_44630;Wsebor;wsebor;NAM;NAM;ja;Slawisch;3;2;1;2 bis 5;nein
lemma_58558;Xenokrates;xenokrates;NAM;NAM;ja;Griechisch;5;2;1;2 bis 5;nein
lemma_33971;z'abbet;z'abbet;NOM;NOM PRP;nein;Lateinisch;3;2;1;2 bis 5;nein
lemma_11943;zâmîen;zamien;NOM;NOM PRP;nein;Französisch, Lateinisch;5;2;1;2 bis 5;nein
lemma_21922;zêderholz;zederholz;NOM;NOM;nein;Griechisch, Lateinisch;6;2;2;2 bis 5;nein
lemma_31880;zena;zena;NOM;NOM;nein;Slawisch;2;2;1;2 bis 5;nein
lemma_55151;zeNazareth;zenazareth;NAM;NAM PRP;ja;Hebräisch, Lateinisch;4;2;1;2 bis 5;nein
lemma_27879;Zenophilus;zenophilus;NAM;NAM;ja;Griechisch;3;2;1;2 bis 5;nein
lemma_69109;zescharmutzeln;zescharmutzeln;CNJ;CNJ VRB;nein;Italienisch;4;2;2;2 bis 5;nein
lemma_41680;zipresboum;zipresboum;NOM;NOM;nein;Griechisch, Lateinisch;4;2;2;2 bis 5;nein
lemma_7900;Zoroaster;zoroaster;NAM;NAM;ja;Arabisch;4;2;2;2 bis 5;nein
lemma_44698;Zwieretitz;zwieretitz;NAM;NAM;ja;Slawisch, Tschechisch;4;2;1;2 bis 5;nein
lemma_16628;Abacus;abacus;NAM;NAM;ja;Lateinisch;4;1;1;1;nein
lemma_37818;Abba;abba;NOM;NOM;nein;Aramäisch, Lateinisch;6;1;1;1;nein
lemma_66706;abhostium;abhostium;NOM;NOM;nein;Lateinisch;7;1;1;1;nein
lemma_26404;Abigsâ;abigsa;NAM;NAM;ja;Hebräisch;3;1;1;1;nein
lemma_21685;Ablôminus;ablominus;NAM;NAM;ja;Lateinisch;3;1;1;1;nein
lemma_45651;abradere;abradere;VRB;VRB;nein;Lateinisch;3;1;1;1;nein
lemma_54188;abschrîben;abschriben;VRB;VRB;nein;Lateinisch;3;1;1;1;nein
lemma_47110;absentia;absentia;NOM;NOM;nein;Lateinisch;5;1;1;1;nein
lemma_61375;abstergere;abstergere;VRB;VRB;nein;Lateinisch;4;1;1;1;nein
lemma_21370;abstinent;abstinent;ADJ;ADJ NOM;nein;Lateinisch;6;1;1;1;nein
lemma_34676;abstinere;abstinere;VRB;VRB;nein;Lateinisch;2;1;1;1;nein
lemma_67713;acaritas;acaritas;NOM;NOM;nein;Lateinisch;5;1;1;1;nein
lemma_52796;acceptabilis;acceptabilis;ADJ;ADJ ADV;nein;Lateinisch;6;1;1;1;nein
lemma_52639;acceptare;acceptare;NOM;NOM VRB;nein;Lateinisch;6;1;1;1;nein
lemma_52635;accidentia;accidentia;NOM;NOM;nein;Lateinisch;4;1;1;1;nein
lemma_17392;accidiere;accidiere;NOM;NOM;nein;Lateinisch;4;1;1;1;nein
lemma_52638;accingere;accingere;VRB;VRB;nein;Lateinisch;4;1;1;1;nein
lemma_28860;Achimaas;achimaas;NAM;NAM;ja;Hebräisch;4;1;1;1;nein
lemma_24382;Achimanîs;achimanis;NAM;NAM;ja;Griechisch;3;1;1;1;nein
lemma_24384;Achmas;achmas;NAM;NAM;ja;Griechisch;3;1;1;1;nein
lemma_70853;activus;activus;ADJ;ADJ;nein;Lateinisch;2;1;1;1;nein
lemma_13309;acuteiz;acuteiz;VRB;VRB;nein;Französisch;2;1;1;1;nein
lemma_25521;adamare;adamare;VRB;VRB;nein;Lateinisch;6;1;1;1;nein
lemma_26049;Adârîas;adarias;NAM;NAM;ja;Griechisch;3;1;1;1;nein
lemma_70015;adducere;adducere;VRB;VRB;nein;Lateinisch;6;1;1;1;nein
lemma_22579;Adellinus;adellinus;NAM;NAM;ja;Lateinisch;4;1;1;1;nein
lemma_67821;adeo;adeo;PRO;PRO PRP;nein;Lateinisch;5;1;1;1;nein
lemma_28377;Adeodatus;adeodatus;NAM;NAM;ja;Lateinisch;4;1;1;1;nein
lemma_67720;adfabricare;adfabricare;VRB;VRB;nein;Lateinisch;6;1;1;1;nein
lemma_67869;adfaciem;adfaciem;ADV;ADV NOM;nein;Lateinisch;6;1;1;1;nein
lemma_42754;adieu;adieu;INJ;INJ NOM PRP;nein;Französisch;2;1;1;1;nein
lemma_70711;adipisci;adipisci;VRB;VRB;nein;Lateinisch;12;1;1;1;nein
lemma_67689;adire;adire;PRP;PRP VRB;nein;Lateinisch;4;1;1;1;nein
lemma_67813;aditus;aditus;NOM;NOM;nein;Lateinisch;3;1;1;1;nein
lemma_54764;adiutor;adiutor;NOM;NOM;nein;Lateinisch;3;1;1;1;nein
lemma_50051;adiutorium;adiutorium;NOM;NOM;nein;Lateinisch;4;1;1;1;nein
lemma_10230;adjut;adjut;VRB;VRB;nein;Französisch;2;1;1;1;nein
lemma_69758;adjuvare;adjuvare;VRB;VRB;nein;Lateinisch;6;1;1;1;nein
lemma_41512;admirari;admirari;VRB;VRB;nein;Lateinisch;3;1;1;1;nein
lemma_67822;admixtio;admixtio;NOM;NOM;nein;Lateinisch;4;1;1;1;nein
lemma_37571;Adonibezech;adonibezech;NAM;NAM;ja;Hebräisch;4;1;1;1;nein
lemma_37570;adorientem;adorientem;NOM;NOM PRP;nein;Lateinisch;5;1;1;1;nein
lemma_58814;adportam;adportam;NOM;NOM PRP;nein;Lateinisch;5;1;1;1;nein
lemma_45905;adquirere;adquirere;VRB;VRB;nein;Lateinisch;4;1;1;1;nein
lemma_29590;Adrîagnê;adriagne;NAM;NAM;ja;Griechisch;3;1;1;1;nein
lemma_45631;adulatio;adulatio;NOM;NOM;nein;Lateinisch;6;1;1;1;nein
lemma_45837;advena;advena;NOM;NOM;nein;Lateinisch;6;1;1;1;nein
lemma_37931;adversarius;adversarius;NOM;NOM;nein;Lateinisch;5;1;1;1;nein
lemma_35235;advocare;advocare;VRB;VRB;nein;Lateinisch;4;1;1;1;nein
lemma_28338;Aeschilos;aeschilos;NAM;NAM;ja;Griechisch;4;1;1;1;nein
lemma_32155;äti;aeti;PRO;PRO PRP;nein;Französisch, Lateinisch, Rätoromanisch;5;1;1;1;nein
lemma_47586;Aetiolia;aetiolia;NAM;NAM;ja;Griechisch;2;1;1;1;nein
lemma_45598;affabilis;affabilis;ADJ;ADJ;nein;Lateinisch;2;1;1;1;nein
lemma_70695;afferre;afferre;VRB;VRB;nein;Lateinisch;6;1;1;1;nein
lemma_72310;afficere;afficere;VRB;VRB;nein;Lateinisch;7;1;1;1;nein
lemma_71208;affluens;affluens;ADJ;ADJ;nein;Lateinisch;4;1;1;1;nein
lemma_57188;Afrania;afrania;NAM;NAM;ja;Lateinisch;3;1;1;1;nein
lemma_57370;Agalus;agalus;NAM;NAM;ja;Griechisch, Lateinisch;4;1;1;1;nein
lemma_65689;Agaoz;agaoz;NAM;NAM;ja;Griechisch;3;1;1;1;nein
lemma_23742;Agapiter;agapiter;NAM;NAM;ja;Arabisch;3;1;1;1;nein
lemma_23749;Agavus;agavus;NAM;NAM;ja;Lateinisch;3;1;1;1;nein
lemma_65628;Agboys;agboys;NAM;NAM;ja;Griechisch;3;1;1;1;nein
lemma_21554;Aggêus;aggeus;NAM;NAM;ja;Lateinisch;4;1;1;1;nein
lemma_77871;aggregare;aggregare;VRB;VRB;nein;Lateinisch;7;1;1;1;nein
lemma_29481;Agilôn;agilon;NAM;NAM;ja;Griechisch;3;1;1;1;nein
lemma_36942;Agippos;agippos;NAM;NAM;ja;Griechisch;3;1;1;1;nein
lemma_47199;Aglauros;aglauros;NAM;NAM;ja;Griechisch;3;1;1;1;nein
lemma_28361;Agnius;agnius;NAM;NAM;ja;Lateinisch;4;1;1;1;nein
lemma_67791;agon;agon;NOM;NOM;nein;Lateinisch;3;1;1;1;nein
lemma_63731;Agos;agos;NAM;NAM;ja;Griechisch;3;1;1;1;nein
lemma_71668;Aischines;aischines;NAM;NAM;ja;Griechisch;4;1;1;1;nein
lemma_28769;ala;ala;ART;ART PRP;nein;Französisch, Lateinisch;4;1;1;1;nein
lemma_50822;Alacia;alacia;NAM;NAM;ja;Griechisch;3;1;1;1;nein
lemma_26170;Alacrînis;alacrinis;NAM;NAM;ja;Griechisch;3;1;1;1;nein
lemma_26063;Albînes;albines;NAM;NAM;ja;Griechisch;3;1;1;1;nein
lemma_47450;Albinos;albinos;NAM;NAM;ja;Griechisch;4;1;1;1;nein
lemma_23775;Albumasar;albumasar;NAM;NAM;ja;Arabisch;4;1;1;1;nein
lemma_25200;Alcalofius;alcalofius;NAM;NAM;ja;Griechisch;3;1;1;1;nein
lemma_47421;Alchymus;alchymus;NAM;NAM;ja;Arabisch;4;1;1;1;nein
lemma_28559;Alessius;alessius;NAM;NAM;ja;Griechisch;4;1;1;1;nein
lemma_26949;Alexandrinus;alexandrinus;NAM;NAM;ja;Griechisch, Lateinisch;6;1;1;1;nein
lemma_28588;Alfotius;alfotius;NAM;NAM;ja;Lateinisch;3;1;1;1;nein
lemma_25327;Alfraganus;alfraganus;NAM;NAM;ja;Lateinisch;4;1;1;1;nein
lemma_47706;Algier;algier;NAM;NAM;ja;Arabisch;2;1;1;1;nein
lemma_42621;alienus;alienus;ADJ;ADJ;nein;Lateinisch;7;1;1;1;nein
lemma_128;Aligafir;aligafir;NAM;NAM;ja;Arabisch;2;1;1;1;nein
lemma_31194;Âlin;alin;NAM;NAM;ja;Griechisch;3;1;1;1;nein
lemma_39511;alioquin;alioquin;ADV;ADV;nein;Lateinisch;2;1;1;1;nein
lemma_27253;aliquantulus;aliquantulus;ADJ;ADJ ADV;nein;Lateinisch;2;1;1;1;nein
lemma_132;Alkamer;alkamer;NAM;NAM;ja;Arabisch;2;1;1;1;nein
lemma_52910;Alkibiades;alkibiades;NAM;NAM;ja;Griechisch;5;1;1;1;nein
lemma_133;Alkiter;alkiter;NAM;NAM;ja;Arabisch;2;1;1;1;nein
lemma_48434;alklâr;alklar;ADJ;ADJ ADV GRA;nein;Lateinisch;7;1;1;1;nein
lemma_72348;allidere;allidere;VRB;VRB;nein;Lateinisch;6;1;1;1;nein
lemma_46880;allieren;allieren;VRB;VRB;nein;Französisch;3;1;1;1;nein
lemma_52794;alligare;alligare;VRB;VRB;nein;Lateinisch;9;1;1;1;nein
lemma_139;Almaret;almaret;NAM;NAM;ja;Arabisch;2;1;1;1;nein
lemma_35013;almus;almus;ADJ;ADJ;nein;Lateinisch;4;1;1;1;nein
lemma_45047;alnus;alnus;NOM;NOM;nein;Lateinisch;2;1;1;1;nein
lemma_50795;Aloisius;aloisius;NAM;NAM;ja;Lateinisch;4;1;1;1;nein
lemma_52230;alphabetisch;alphabetisch;ADJ;ADJ;nein;Griechisch;5;1;1;1;nein
lemma_20627;Alphonsus;alphonsus;NAM;NAM;ja;Lateinisch;3;1;1;1;nein
lemma_35216;altitudo;altitudo;NOM;NOM;nein;Lateinisch;2;1;1;1;nein
lemma_78499;alumnus;alumnus;NOM;NOM;nein;Lateinisch;2;1;1;1;nein
lemma_45048;alveus;alveus;NOM;NOM;nein;Lateinisch;2;1;1;1;nein
lemma_24863;Alzippus;alzippus;NAM;NAM;ja;Griechisch;3;1;1;1;nein
lemma_26587;Amadryades;amadryades;NAM;NAM;ja;Griechisch;3;1;1;1;nein
lemma_26588;Amakûn;amakun;NAM;NAM;ja;Griechisch;3;1;1;1;nein
lemma_64108;Amande;amande;NAM;NAM;ja;Griechisch;3;1;1;1;nein
lemma_78498;amanu;amanu;ADV;ADV;nein;Lateinisch;4;1;1;1;nein
lemma_26583;Amarcius;amarcius;NAM;NAM;ja;Lateinisch;4;1;1;1;nein
lemma_72008;amaritudo;amaritudo;NOM;NOM;nein;Lateinisch;5;1;1;1;nein
lemma_24806;amarus;amarus;NOM;NOM;nein;Lateinisch;5;1;1;1;nein
lemma_29150;amatores;amatores;NOM;NOM;nein;Lateinisch;3;1;1;1;nein
lemma_45728;ambasicus;ambasicus;NOM;NOM;nein;Lateinisch;2;1;1;1;nein
lemma_29871;ame;ame;PRO;PRO PRP;nein;Französisch, Lateinisch;4;1;1;1;nein
lemma_31373;amicabilis;amicabilis;ADJ;ADJ;nein;Lateinisch;7;1;1;1;nein
lemma_70675;amicire;amicire;VRB;VRB;nein;Lateinisch;3;1;1;1;nein
lemma_31372;Amigdalûr;amigdalur;NAM;NAM;ja;Griechisch;3;1;1;1;nein
lemma_42814;amîsen;amisen;VRB;VRB;nein;Französisch;4;1;1;1;nein
lemma_45740;amittere;amittere;VRB;VRB;nein;Lateinisch;9;1;1;1;nein
lemma_45595;amoenitas;amoenitas;NOM;NOM;nein;Lateinisch;2;1;1;1;nein
lemma_64931;Amorant;amorant;NAM;NAM;ja;Griechisch;3;1;1;1;nein
lemma_23590;Amôrêus;amoreus;NAM;NAM;ja;Griechisch, Lateinisch;4;1;1;1;nein
lemma_29929;amorte;amorte;NOM;NOM PRP;nein;Lateinisch;2;1;1;1;nein
lemma_26423;Ampfidamas;ampfidamas;NAM;NAM;ja;Griechisch;3;1;1;1;nein
lemma_47266;Amphiaros;amphiaros;NAM;NAM;ja;Griechisch;4;1;1;1;nein
lemma_21771;Amphitryon;amphitryon;NAM;NAM;ja;Griechisch;4;1;1;1;nein
lemma_37927;amplecti;amplecti;VRB;VRB;nein;Lateinisch;4;1;1;1;nein
lemma_28456;amplus;amplus;ADJ;ADJ GRA;nein;Lateinisch;4;1;1;1;nein
lemma_198;amûrschaft;amurschaft;NOM;NOM;nein;Französisch, Lateinisch;5;1;1;1;nein
lemma_51132;amygdala;amygdala;NOM;NOM;nein;Griechisch, Lateinisch;3;1;1;1;nein
lemma_58470;Anacharsis;anacharsis;NAM;NAM;ja;Griechisch;4;1;1;1;nein
lemma_63369;Anamor;anamor;NAM;NAM;ja;Griechisch;3;1;1;1;nein
lemma_23671;Anaxagoras;anaxagoras;NAM;NAM;ja;Griechisch;5;1;1;1;nein
lemma_54271;Anaxarch;anaxarch;NAM;NAM;ja;Griechisch;4;1;1;1;nein
lemma_29974;Andramato;andramato;NAM;NAM;ja;Griechisch;3;1;1;1;nein
lemma_26280;Anêpolis;anepolis;NAM;NAM;ja;Griechisch;3;1;1;1;nein
lemma_26105;annales;annales;NOM;NOM;nein;Lateinisch;3;1;1;1;nein
lemma_28277;annojubileo;annojubileo;ADV;ADV;nein;Lateinisch;4;1;1;1;nein
lemma_35000;annotare;annotare;PRP;PRP VRB;nein;Lateinisch;3;1;1;1;nein
lemma_67828;annuere;annuere;VRB;VRB;nein;Lateinisch;5;1;1;1;nein
lemma_23268;annunciatio;annunciatio;NOM;NOM;nein;Lateinisch;6;1;1;1;nein
lemma_63715;Anoxius;anoxius;NAM;NAM;ja;Persisch;3;1;1;1;nein
lemma_64012;Anthisas;anthisas;NAM;NAM;ja;Griechisch;3;1;1;1;nein
lemma_28535;Anthomus;anthomus;NAM;NAM;ja;Griechisch;3;1;1;1;nein
lemma_65536;Anthonax;anthonax;NAM;NAM;ja;Griechisch;3;1;1;1;nein
lemma_35539;anticipare;anticipare;VRB;VRB;nein;Lateinisch;5;1;1;1;nein
lemma_21764;Antides;antides;NAM;NAM;ja;Griechisch;3;1;1;1;nein
lemma_64014;Antidotus;antidotus;NAM;NAM;ja;Griechisch;3;1;1;1;nein
lemma_29169;Antimodus;antimodus;NAM;NAM;ja;Griechisch;3;1;1;1;nein
lemma_29022;Antiopolis;antiopolis;NAM;NAM;ja;Griechisch;3;1;1;1;nein
lemma_44942;Antipatris;antipatris;NAM;NAM;ja;Griechisch;3;1;1;1;nein
lemma_47918;Antiphates;antiphates;NAM;NAM;ja;Griechisch;4;1;1;1;nein
lemma_49938;antiphrasis;antiphrasis;ADJ;ADJ;nein;Griechisch;4;1;1;1;nein
lemma_63990;Antisus;antisus;NAM;NAM;ja;Griechisch;3;1;1;1;nein
lemma_28885;Antoclar;antoclar;NAM;NAM;ja;Griechisch;3;1;1;1;nein
lemma_28883;Antoir;antoir;NAM;NAM;ja;Französisch;3;1;1;1;nein
lemma_36612;antrum;antrum;NOM;NOM;nein;Lateinisch;3;1;1;1;nein
lemma_67768;antvristen;antvristen;VRB;VRB;nein;Einzelsprachen;7;1;1;1;nein
lemma_60648;anvien;anvien;VRB;VRB;nein;Französisch;3;1;1;1;nein
lemma_67825;apeccatis;apeccatis;NOM;NOM PRP;nein;Französisch, Lateinisch;4;1;1;1;nein
lemma_69795;apertus;apertus;ADJ;ADJ;nein;Lateinisch;2;1;1;1;nein
lemma_26659;Apôbêtus;apobetus;NAM;NAM;ja;Griechisch;3;1;1;1;nein
lemma_63354;Apolis;apolis;NAM;NAM;ja;Griechisch;3;1;1;1;nein
lemma_14289;Apollodôrus;apollodorus;NAM;NAM;ja;Lateinisch;3;1;1;1;nein
lemma_48026;apostützer;apostuetzer;NOM;NOM;nein;Lateinisch;5;1;1;1;nein
lemma_40409;appellavitque;appellavitque;CNJ;CNJ VRB;nein;Lateinisch;5;1;1;1;nein
lemma_27324;appetitus;appetitus;NOM;NOM;nein;Lateinisch;3;1;1;1;nein
lemma_19123;Appolonia;appolonia;NAM;NAM;ja;Lateinisch;4;1;1;1;nein
lemma_46246;appostel;appostel;NOM;NOM;nein;Lateinisch;6;1;1;1;nein
lemma_40414;apprehendere;apprehendere;VRB;VRB;nein;Lateinisch;3;1;1;1;nein
lemma_25469;Aquarius;aquarius;NAM;NAM;ja;Lateinisch;4;1;1;1;nein
lemma_59028;aquila;aquila;NOM;NOM;nein;Lateinisch;3;1;1;1;nein
lemma_46036;arbiter;arbiter;NOM;NOM;nein;Lateinisch;6;1;1;1;nein
lemma_45813;arbitrare;arbitrare;VRB;VRB;nein;Lateinisch;5;1;1;1;nein
lemma_273;Arcadius;arcadius;NAM;NAM;ja;Lateinisch;3;1;1;1;nein
lemma_46305;arcere;arcere;VRB;VRB;nein;Lateinisch;4;1;1;1;nein
lemma_47526;Archimedes;archimedes;NAM;NAM;ja;Griechisch;4;1;1;1;nein
lemma_45601;architriclino;architriclino;NOM;NOM;nein;Lateinisch;5;1;1;1;nein
lemma_47163;Archytas;archytas;NAM;NAM;ja;Griechisch;4;1;1;1;nein
lemma_20537;Arciarxes;arciarxes;NAM;NAM;ja;Griechisch, Persisch;4;1;1;1;nein
lemma_45086;Ardalio;ardalio;NAM;NAM;ja;Griechisch;3;1;1;1;nein
lemma_63717;Ardall;ardall;NAM;NAM;ja;Griechisch;3;1;1;1;nein
lemma_49420;areweiʒbluost;areweiʒbluost;NOM;NOM;nein;Lateinisch;3;1;1;1;nein
lemma_50895;areweiʒbrüe;areweiʒbruee;NOM;NOM;nein;Lateinisch;5;1;1;1;nein
lemma_26792;areweiʒmuos;areweiʒmuos;NOM;NOM;nein;Lateinisch;5;1;1;1;nein
lemma_45818;argentum;argentum;NOM;NOM;nein;Lateinisch;4;1;1;1;nein
lemma_69991;arguere;arguere;VRB;VRB;nein;Lateinisch;6;1;1;1;nein
lemma_40650;aridus;aridus;ADJ;ADJ;nein;Lateinisch;4;1;1;1;nein
lemma_26190;Arimespis;arimespis;NAM;NAM;ja;Lateinisch;3;1;1;1;nein
lemma_26189;Arinthos;arinthos;NAM;NAM;ja;Griechisch;3;1;1;1;nein
lemma_27433;Arioth;arioth;NAM;NAM;ja;Hebräisch;4;1;1;1;nein
lemma_26194;Aristarchus;aristarchus;NAM;NAM;ja;Griechisch;5;1;1;1;nein
lemma_26188;Aristes;aristes;NAM;NAM;ja;Griechisch;3;1;1;1;nein
lemma_47817;Aristides;aristides;NAM;NAM;ja;Griechisch;5;1;1;1;nein
lemma_26181;Aristôgitôn;aristogiton;NAM;NAM;ja;Griechisch;3;1;1;1;nein
lemma_34626;Armadian;armadian;NAM;NAM;ja;Griechisch;3;1;1;1;nein
lemma_70509;armatura;armatura;NOM;NOM;nein;Lateinisch;4;1;1;1;nein
lemma_18905;armatus;armatus;NOM;NOM;nein;Lateinisch;3;1;1;1;nein
lemma_70609;armifer;armifer;ADJ;ADJ;nein;Lateinisch;2;1;1;1;nein
lemma_41450;armiure;armiure;NOM;NOM;nein;Französisch;3;1;1;1;nein
lemma_28585;aromatus;aromatus;ADJ;ADJ;nein;Lateinisch;3;1;1;1;nein
lemma_31003;arracada;arracada;NOM;NOM;nein;Spanisch;2;1;1;1;nein
lemma_26260;Arsâmes;arsames;NAM;NAM;ja;Griechisch;3;1;1;1;nein
lemma_78248;Artabânus;artabanus;NAM;NAM;ja;Griechisch;3;1;1;1;nein
lemma_16174;artemisia;artemisia;NOM;NOM;nein;Lateinisch;5;1;1;1;nein
lemma_47873;Artemisia;artemisia;NAM;NAM;ja;Griechisch;3;1;1;1;nein
lemma_20490;Arthemîâ;arthemia;NAM;NAM;ja;Griechisch;4;1;1;1;nein
lemma_46065;articulare;articulare;VRB;VRB;nein;Lateinisch;7;1;1;1;nein
lemma_27231;arvina;arvina;NOM;NOM;nein;Lateinisch;3;1;1;1;nein
lemma_23659;Arxes;arxes;NAM;NAM;ja;Persisch;3;1;1;1;nein
lemma_26660;Arzêpolis;arzepolis;NAM;NAM;ja;Griechisch;3;1;1;1;nein
lemma_18445;arzibiere;arzibiere;NOM;NOM;nein;Französisch;7;1;1;1;nein
lemma_26554;Asarîas;asarias;NAM;NAM;ja;Hebräisch;3;1;1;1;nein
lemma_25215;Ascalîe;ascalie;NAM;NAM;ja;Griechisch;2;1;1;1;nein
lemma_25216;Ascalosius;ascalosius;NAM;NAM;ja;Griechisch;3;1;1;1;nein
lemma_63688;Aschos;aschos;NAM;NAM;ja;Griechisch;3;1;1;1;nein
lemma_26621;Asenaz;asenaz;NAM;NAM;ja;Hebräisch;2;1;1;1;nein
lemma_26676;Asilus;asilus;NAM;NAM;ja;Lateinisch;4;1;1;1;nein
lemma_67879;aspersio;aspersio;NOM;NOM;nein;Lateinisch;3;1;1;1;nein
lemma_27729;Asser;asser;NAM;NAM;ja;Hebräisch;4;1;1;1;nein
lemma_46043;assessor;assessor;NOM;NOM;nein;Lateinisch;5;1;1;1;nein
lemma_70093;assiduus;assiduus;ADJ;ADJ;nein;Lateinisch;4;1;1;1;nein
lemma_70311;assimilare;assimilare;VRB;VRB;nein;Lateinisch;5;1;1;1;nein
lemma_58316;assolieren;assolieren;VRB;VRB;nein;Französisch;5;1;1;1;nein
lemma_70717;assumptus;assumptus;ADJ;ADJ;nein;Lateinisch;5;1;1;1;nein
lemma_16171;assus;assus;ADJ;ADJ NOM;nein;Lateinisch;7;1;1;1;nein
lemma_63730;Astalabus;astalabus;NAM;NAM;ja;Griechisch;3;1;1;1;nein
lemma_36938;Asterius;asterius;NAM;NAM;ja;Lateinisch;4;1;1;1;nein
lemma_66003;astrolabium;astrolabium;NOM;NOM;nein;Lateinisch;3;1;1;1;nein
lemma_64010;Astrolis;astrolis;NAM;NAM;ja;Griechisch;3;1;1;1;nein
lemma_20137;Astropêus;astropeus;NAM;NAM;ja;Lateinisch;3;1;1;1;nein
lemma_45839;asylum;asylum;NOM;NOM;nein;Griechisch, Lateinisch;3;1;1;1;nein
lemma_47503;Atalanta;atalanta;NAM;NAM;ja;Griechisch;4;1;1;1;nein
lemma_26378;Atamûn;atamun;NAM;NAM;ja;Griechisch;3;1;1;1;nein
lemma_32165;Aternantes;aternantes;NAM;NAM;ja;Griechisch;3;1;1;1;nein
lemma_28623;Athamas;athamas;NAM;NAM;ja;Griechisch;3;1;1;1;nein
lemma_50711;Athanatâ;athanata;NAM;NAM;ja;Lateinisch;3;1;1;1;nein
lemma_29225;Athenos;athenos;NAM;NAM;ja;Hebräisch;3;1;1;1;nein
lemma_26292;Atîzies;atizies;NAM;NAM;ja;Griechisch;3;1;1;1;nein
lemma_47119;Atreus;atreus;NAM;NAM;ja;Griechisch;3;1;1;1;nein
lemma_63748;Atris;atris;NAM;NAM;ja;Griechisch;3;1;1;1;nein
lemma_67819;atrium;atrium;NOM;NOM;nein;Lateinisch;3;1;1;1;nein
lemma_70430;attendere;attendere;VRB;VRB;nein;Lateinisch;4;1;1;1;nein
lemma_46255;attentare;attentare;VRB;VRB;nein;Lateinisch;5;1;1;1;nein
lemma_47588;Attica;attica;NAM;NAM;ja;Griechisch;2;1;1;1;nein
lemma_38654;attollere;attollere;VRB;VRB;nein;Lateinisch;6;1;1;1;nein
lemma_37933;auctoritas;auctoritas;NOM;NOM;nein;Lateinisch;4;1;1;1;nein
lemma_31627;Aucumedon;aucumedon;NAM;NAM;ja;Griechisch;3;1;1;1;nein
lemma_327;audere;audere;VRB;VRB;nein;Lateinisch;5;1;1;1;nein
lemma_35298;aula;aula;NOM;NOM;nein;Lateinisch;4;1;1;1;nein
lemma_45549;aura;aura;NOM;NOM;nein;Lateinisch;4;1;1;1;nein
lemma_45817;aurum;aurum;NOM;NOM;nein;Lateinisch;4;1;1;1;nein
lemma_40254;auscultator;auscultator;NOM;NOM;nein;Lateinisch;5;1;1;1;nein
lemma_44646;Ausk;ausk;NAM;NAM;ja;Tschechisch;3;1;1;1;nein
lemma_25436;autumnalis;autumnalis;ADJ;ADJ;nein;Lateinisch;2;1;1;1;nein
lemma_70070;auxilium;auxilium;NOM;NOM;nein;Lateinisch;3;1;1;1;nein
lemma_58128;Avalan;avalan;NAM;NAM;ja;Französisch;3;1;1;1;nein
lemma_10181;avant;avant;INJ;INJ;nein;Französisch;2;1;1;1;nein
lemma_63713;Avanus;avanus;NAM;NAM;ja;Griechisch;3;1;1;1;nein
lemma_45869;avarus;avarus;ADJ;ADJ NOM;nein;Lateinisch;5;1;1;1;nein
lemma_13299;avenanz;avenanz;ADJ;ADJ;nein;Französisch;2;1;1;1;nein
lemma_65531;Avia;avia;NAM;NAM;ja;Griechisch;3;1;1;1;nein
lemma_63353;Avinor;avinor;NAM;NAM;ja;Griechisch;3;1;1;1;nein
lemma_45521;avis;avis;NOM;NOM;nein;Lateinisch;2;1;1;1;nein
lemma_64412;Axela;axela;NAM;NAM;ja;Griechisch;2;1;1;1;nein
lemma_35623;Azael;azael;NAM;NAM;ja;Hebräisch;5;1;1;1;nein
lemma_70028;azymum;azymum;NOM;NOM;nein;Lateinisch;4;1;1;1;nein
lemma_52636;baccalaurius;baccalaurius;NOM;NOM;nein;Lateinisch;4;1;1;1;nein
lemma_69856;baculum;baculum;NOM;NOM;nein;Lateinisch;3;1;1;1;nein
lemma_20056;baculus;baculus;NOM;NOM;nein;Lateinisch;2;1;1;1;nein
lemma_25136;Balacrus;balacrus;NAM;NAM;ja;Griechisch;3;1;1;1;nein
lemma_14313;balsamboum;balsamboum;NOM;NOM;nein;Lateinisch;4;1;1;1;nein
lemma_45071;balsamrîsel;balsamrisel;NOM;NOM;nein;Lateinisch;5;1;1;1;nein
lemma_43854;balsamtrôr;balsamtror;NOM;NOM;nein;Lateinisch;3;1;1;1;nein
lemma_44252;Banow;banow;NAM;NAM;ja;Slawisch;3;1;1;1;nein
lemma_21210;Barancius;barancius;NAM;NAM;ja;Lateinisch;3;1;1;1;nein
lemma_382;Barcinier;barcinier;NAM;NAM;ja;Französisch;3;1;1;1;nein
lemma_383;bardes;bardes;NOM;NOM;nein;Einzelsprachen;2;1;1;1;nein
lemma_29596;Baridach;baridach;NAM;NAM;ja;Griechisch;3;1;1;1;nein
lemma_70588;Barjona;barjona;NAM;NAM;ja;Aramäisch;2;1;1;1;nein
lemma_410;Batewain;batewain;NAM;NAM;ja;Französisch;3;1;1;1;nein
lemma_41584;Bauderons;bauderons;NAM;NAM;ja;Französisch;3;1;1;1;nein
lemma_17947;beafiz;beafiz;NOM;NOM;nein;Französisch, Lateinisch;6;1;1;1;nein
lemma_28383;Bebretus;bebretus;NAM;NAM;ja;Lateinisch;4;1;1;1;nein
lemma_52551;bediutich;bediutich;PRO;PRO VRB;nein;Einzelsprachen;12;1;1;1;nein
lemma_54975;bekrîen;bekrien;VRB;VRB;nein;Französisch;5;1;1;1;nein
lemma_47518;Belides;belides;NAM;NAM;ja;Lateinisch;3;1;1;1;nein
lemma_63388;Belion;belion;NAM;NAM;ja;Griechisch;3;1;1;1;nein
lemma_47504;Bellerophon;bellerophon;NAM;NAM;ja;Griechisch;4;1;1;1;nein
lemma_24014;Benabilon;benabilon;NAM;NAM;ja;Arabisch;3;1;1;1;nein
lemma_24013;Benalas;benalas;NAM;NAM;ja;Arabisch;3;1;1;1;nein
lemma_40696;benedicte;benedicte;NOM;NOM;nein;Lateinisch;2;1;1;1;nein
lemma_56936;benedîunge;benediunge;NOM;NOM;nein;Lateinisch;4;1;1;1;nein
lemma_51140;berberis;berberis;NOM;NOM;nein;Lateinisch;4;1;1;1;nein
lemma_28933;Bethel;bethel;NAM;NAM;ja;Hebräisch;2;1;1;1;nein
lemma_13310;bihonnie;bihonnie;ADV;ADV;nein;Französisch;4;1;1;1;nein
lemma_44264;Binuria;binuria;NAM;NAM;ja;Slawisch;2;1;1;1;nein
lemma_48034;Bion;bion;NAM;NAM;ja;Griechisch;4;1;1;1;nein
lemma_65999;biretum;biretum;NOM;NOM;nein;Lateinisch;2;1;1;1;nein
lemma_39863;biscotto;biscotto;NOM;NOM;nein;Italienisch;2;1;1;1;nein
lemma_49007;bisemblat;bisemblat;NOM;NOM;nein;Lateinisch;7;1;1;1;nein
lemma_44290;Bistritz;bistritz;NAM;NAM;ja;Slawisch;3;1;1;1;nein
lemma_42569;biuxen;biuxen;VRB;VRB;nein;Lateinisch;5;1;1;1;nein
lemma_40278;Blantschol;blantschol;NAM;NAM;ja;Französisch;3;1;1;1;nein
lemma_46000;blasphemare;blasphemare;VRB;VRB;nein;Lateinisch;5;1;1;1;nein
lemma_70691;blasphemia;blasphemia;NOM;NOM;nein;Lateinisch;4;1;1;1;nein
lemma_40339;Blonde;blonde;NAM;NAM;ja;Französisch;3;1;1;1;nein
lemma_44648;Bnatha;bnatha;NAM;NAM;ja;Tschechisch;3;1;1;1;nein
lemma_70618;Boanerges;boanerges;NAM;NAM;ja;Hebräisch;2;1;1;1;nein
lemma_28865;Bocci;bocci;NAM;NAM;ja;Hebräisch;4;1;1;1;nein
lemma_44260;Bösig;boesig;NAM;NAM;ja;Slawisch;2;1;1;1;nein
lemma_44267;Bohraslaw;bohraslaw;NAM;NAM;ja;Slawisch;3;1;1;1;nein
lemma_44268;Bohuslaw;bohuslaw;NAM;NAM;ja;Slawisch;3;1;1;1;nein
lemma_795;Boidurant;boidurant;NAM;NAM;ja;Französisch;3;1;1;1;nein
lemma_26665;Bôlônes;bolones;NAM;NAM;ja;Griechisch;3;1;1;1;nein
lemma_35616;bonaman;bonaman;NOM;NOM;nein;Rätoromanisch;2;1;1;1;nein
lemma_61611;Bonaventura;bonaventura;NAM;NAM;ja;Lateinisch;5;1;1;1;nein
lemma_17946;bonfiz;bonfiz;NOM;NOM;nein;Französisch;6;1;1;1;nein
lemma_34985;Bontadosus;bontadosus;NAM;NAM;ja;Griechisch;3;1;1;1;nein
lemma_48042;Bootes;bootes;NAM;NAM;ja;Griechisch;6;1;1;1;nein
lemma_29531;Booz;booz;NAM;NAM;ja;Hebräisch;4;1;1;1;nein
lemma_45498;Bor;bor;NAM;NAM;ja;Slawisch;3;1;1;1;nein
lemma_44614;Borowsko;borowsko;NAM;NAM;ja;Slawisch;2;1;1;1;nein
lemma_45799;botrys;botrys;NOM;NOM;nein;Lateinisch;3;1;1;1;nein
lemma_44253;Botschek;botschek;NAM;NAM;ja;Slawisch;3;1;1;1;nein
lemma_29526;Bozorgorgias;bozorgorgias;NAM;NAM;ja;Griechisch;3;1;1;1;nein
lemma_38339;bracchium;bracchium;NOM;NOM;nein;Lateinisch;2;1;1;1;nein
lemma_44653;Brada;brada;NAM;NAM;ja;Slawisch;3;1;1;1;nein
lemma_25092;Brandilogus;brandilogus;NAM;NAM;ja;Griechisch;3;1;1;1;nein
lemma_44360;Branislaw;branislaw;NAM;NAM;ja;Slawisch;3;1;1;1;nein
lemma_841;Brantrivier;brantrivier;NAM;NAM;ja;Französisch;3;1;1;1;nein
lemma_69900;bravium;bravium;NOM;NOM;nein;Lateinisch;8;1;1;1;nein
lemma_40333;Brayne;brayne;NAM;NAM;ja;Französisch;3;1;1;1;nein
lemma_40335;Braynons;braynons;NAM;NAM;ja;Französisch;3;1;1;1;nein
lemma_44275;Breck;breck;NAM;NAM;ja;Slawisch;3;1;1;1;nein
lemma_50090;bredigerbruoder;bredigerbruoder;NOM;NOM;nein;Lateinisch;6;1;1;1;nein
lemma_41628;breisiere;breisiere;NOM;NOM;nein;Französisch;4;1;1;1;nein
lemma_44277;Breunau;breunau;NAM;NAM;ja;Slawisch;2;1;1;1;nein
lemma_78452;breviare;breviare;VRB;VRB;nein;Lateinisch;4;1;1;1;nein
lemma_33930;brôhâ;broha;INJ;INJ VRB;nein;Slawisch;3;1;1;1;nein
lemma_45512;bruma;bruma;ADJ;ADJ NOM;nein;Lateinisch;3;1;1;1;nein
lemma_44282;Bruska;bruska;NAM;NAM;ja;Slawisch, Tschechisch;3;1;1;1;nein
lemma_51449;buccella;buccella;NOM;NOM;nein;Lateinisch;3;1;1;1;nein
lemma_48359;Budin;budin;NAM;NAM;ja;Slawisch;2;1;1;1;nein
lemma_44285;Budislaw;budislaw;NAM;NAM;ja;Tschechisch;3;1;1;1;nein
lemma_51372;bulire;bulire;VRB;VRB;nein;Lateinisch;6;1;1;1;nein
lemma_35798;Burdnitz;burdnitz;NAM;NAM;ja;Slawisch;2;1;1;1;nein
lemma_44685;Busowitz;busowitz;NAM;NAM;ja;Slawisch;4;1;1;1;nein
lemma_69852;buturum;buturum;NOM;NOM;nein;Lateinisch;3;1;1;1;nein
lemma_963;Cabcaflir;cabcaflir;NAM;NAM;ja;Französisch;3;1;1;1;nein
lemma_31910;cadere;cadere;VRB;VRB;nein;Lateinisch;2;1;1;1;nein
lemma_35065;caelicus;caelicus;ADJ;ADJ;nein;Lateinisch;2;1;1;1;nein
lemma_35008;caelsitudo;caelsitudo;NOM;NOM;nein;Lateinisch;3;1;1;1;nein
lemma_52708;cagnolo;cagnolo;NOM;NOM;nein;Italienisch, Lateinisch;5;1;1;1;nein
lemma_30991;cajoler;cajoler;VRB;VRB;nein;Französisch;11;1;1;1;nein
lemma_25506;calamitas;calamitas;NOM;NOM;nein;Lateinisch;3;1;1;1;nein
lemma_25520;calathos;calathos;NOM;NOM;nein;Griechisch;2;1;1;1;nein
lemma_58910;calceamentum;calceamentum;NOM;NOM;nein;Lateinisch;2;1;1;1;nein
lemma_39807;calcinire;calcinire;VRB;VRB;nein;Lateinisch;5;1;1;1;nein
lemma_23438;Calestenâ;calestena;NAM;NAM;ja;Griechisch;4;1;1;1;nein
lemma_34623;Calidomas;calidomas;NAM;NAM;ja;Griechisch;3;1;1;1;nein
lemma_27252;calidus;calidus;ADJ;ADJ;nein;Lateinisch;4;1;1;1;nein
lemma_25504;Calistenes;calistenes;NAM;NAM;ja;Griechisch;3;1;1;1;nein
lemma_65535;Calopin;calopin;NAM;NAM;ja;Griechisch;3;1;1;1;nein
lemma_72138;caminus;caminus;NOM;NOM;nein;Lateinisch;5;1;1;1;nein
lemma_47124;Candaules;candaules;NAM;NAM;ja;Griechisch;3;1;1;1;nein
lemma_50679;candela;candela;NOM;NOM;nein;Französisch, Lateinisch;4;1;1;1;nein
lemma_30169;candelabra;candelabra;NOM;NOM;nein;Lateinisch;2;1;1;1;nein
lemma_23610;Canepeus;canepeus;NAM;NAM;ja;Lateinisch;3;1;1;1;nein
lemma_25464;Canis;canis;NAM;NAM;ja;Lateinisch;5;1;1;1;nein
lemma_32283;Canopus;canopus;NAM;NAM;ja;Griechisch;3;1;1;1;nein
lemma_55554;cantor;cantor;NOM;NOM;nein;Lateinisch;3;1;1;1;nein
lemma_64915;Cantula;cantula;NAM;NAM;ja;Griechisch;3;1;1;1;nein
lemma_40226;cantus;cantus;NOM;NOM;nein;Lateinisch;2;1;1;1;nein
lemma_50065;capellaninne;capellaninne;NOM;NOM;nein;Lateinisch;3;1;1;1;nein
lemma_62709;capotus;capotus;NOM;NOM;nein;Lateinisch;4;1;1;1;nein
lemma_70312;capra;capra;NOM;NOM;nein;Lateinisch;4;1;1;1;nein
lemma_30170;Caraceus;caraceus;NAM;NAM;ja;Griechisch;3;1;1;1;nein
lemma_26394;Caratît;caratit;NAM;NAM;ja;Griechisch;3;1;1;1;nein
lemma_55451;carbo;carbo;NOM;NOM;nein;Lateinisch;5;1;1;1;nein
lemma_34994;cardinaldiaconus;cardinaldiaconus;NOM;NOM;nein;Lateinisch;3;1;1;1;nein
lemma_35303;cardo;cardo;NOM;NOM;nein;Lateinisch;2;1;1;1;nein
lemma_30971;cargare;cargare;VRB;VRB;nein;Italienisch;6;1;1;1;nein
lemma_34921;caries;caries;NOM;NOM;nein;Lateinisch;3;1;1;1;nein
lemma_35267;carina;carina;NOM;NOM;nein;Lateinisch;2;1;1;1;nein
lemma_33791;carissima;carissima;NOM;NOM;nein;Lateinisch;4;1;1;1;nein
lemma_38113;carmen;carmen;NOM;NOM;nein;Lateinisch;2;1;1;1;nein
lemma_57149;Carmenta;carmenta;NAM;NAM;ja;Lateinisch;3;1;1;1;nein
lemma_70072;carnalis;carnalis;ADJ;ADJ;nein;Lateinisch;4;1;1;1;nein
lemma_20593;Carnoles;carnoles;NAM;NAM;ja;Arabisch;3;1;1;1;nein
lemma_26393;Carsilôt;carsilot;NAM;NAM;ja;Griechisch;3;1;1;1;nein
lemma_44297;Casa;casa;NAM;NAM;ja;Italienisch;2;1;1;1;nein
lemma_18669;Caspus;caspus;NAM;NAM;ja;Lateinisch;3;1;1;1;nein
lemma_46307;cassare;cassare;VRB;VRB;nein;Lateinisch;4;1;1;1;nein
lemma_34618;Cassilalas;cassilalas;NAM;NAM;ja;Griechisch;3;1;1;1;nein
lemma_44320;Castawa;castawa;NAM;NAM;ja;Tschechisch;3;1;1;1;nein
lemma_72129;castigare;castigare;VRB;VRB;nein;Lateinisch;4;1;1;1;nein
lemma_45648;casus;casus;NOM;NOM;nein;Lateinisch;5;1;1;1;nein
lemma_34997;catalogus;catalogus;NOM;NOM;nein;Lateinisch;4;1;1;1;nein
lemma_50875;catarralus;catarralus;ADJ;ADJ;nein;Lateinisch;3;1;1;1;nein
lemma_70693;catechumenus;catechumenus;NOM;NOM;nein;Lateinisch;4;1;1;1;nein
lemma_69935;catellus;catellus;NOM;NOM;nein;Lateinisch;4;1;1;1;nein
lemma_28590;Cathmus;cathmus;NAM;NAM;ja;Griechisch;3;1;1;1;nein
lemma_47138;Cauterois;cauterois;NAM;NAM;ja;Französisch;3;1;1;1;nein
lemma_70630;cautus;cautus;ADJ;ADJ;nein;Lateinisch;9;1;1;1;nein
lemma_70504;cavere;cavere;VRB;VRB;nein;Lateinisch;4;1;1;1;nein
lemma_7791;celedoneus;celedoneus;NOM;NOM;nein;Lateinisch;4;1;1;1;nein
lemma_28360;Celesperus;celesperus;NAM;NAM;ja;Lateinisch;4;1;1;1;nein
lemma_29052;Celidonias;celidonias;NAM;NAM;ja;Griechisch;3;1;1;1;nein
lemma_67673;centenum;centenum;NOM;NOM NUM;nein;Lateinisch;2;1;1;1;nein
lemma_45137;centesimus;centesimus;ADJ;ADJ NUM;nein;Lateinisch;2;1;1;1;nein
lemma_28534;Centipus;centipus;NAM;NAM;ja;Griechisch;3;1;1;1;nein
lemma_45816;centum;centum;NUM;NUM;nein;Lateinisch;2;1;1;1;nein
lemma_47974;cerastes;cerastes;NOM;NOM;nein;Lateinisch;3;1;1;1;nein
lemma_67792;certamen;certamen;NOM;NOM;nein;Lateinisch;3;1;1;1;nein
lemma_44450;Cervia;cervia;NAM;NAM;ja;Italienisch;2;1;1;1;nein
lemma_39549;cervus;cervus;NOM;NOM;nein;Lateinisch;3;1;1;1;nein
lemma_44449;Cesena;cesena;NAM;NAM;ja;Italienisch;2;1;1;1;nein
lemma_70529;cessare;cessare;VRB;VRB;nein;Lateinisch;8;1;1;1;nein
lemma_43010;Chalangelle;chalangelle;NAM;NAM;ja;Französisch;3;1;1;1;nein
lemma_28347;Chanaus;chanaus;NAM;NAM;ja;Lateinisch;3;1;1;1;nein
lemma_29660;Chandacor;chandacor;NAM;NAM;ja;Griechisch;3;1;1;1;nein
lemma_24139;Chartan;chartan;NAM;NAM;ja;Arabisch;3;1;1;1;nein
lemma_41578;chaus;chaus;ADJ;ADJ ADV;nein;Französisch;5;1;1;1;nein
lemma_31691;Chemôn;chemon;NAM;NAM;ja;Griechisch;3;1;1;1;nein
lemma_25241;Cherippus;cherippus;NAM;NAM;ja;Arabisch;3;1;1;1;nein
lemma_44668;Chiesch;chiesch;NAM;NAM;ja;Tschechisch;2;1;1;1;nein
lemma_31802;Chionan;chionan;NAM;NAM;ja;Griechisch;3;1;1;1;nein
lemma_44389;Chisch;chisch;NAM;NAM;ja;Tschechisch;2;1;1;1;nein
lemma_44656;Choden;choden;NAM;NAM;ja;Slawisch;2;1;1;1;nein
lemma_29696;Chofides;chofides;NAM;NAM;ja;Griechisch;2;1;1;1;nein
lemma_47388;cholera;cholera;NOM;NOM;nein;Lateinisch;4;1;1;1;nein
lemma_26589;Choralius;choralius;NAM;NAM;ja;Griechisch;3;1;1;1;nein
lemma_28718;Chôres;chores;NAM;NAM;ja;Griechisch;3;1;1;1;nein
lemma_44040;chormeister;chormeister;NOM;NOM;nein;Lateinisch;8;1;1;1;nein
lemma_40225;choruscantus;choruscantus;NOM;NOM;nein;Lateinisch;5;1;1;1;nein
lemma_43956;Chotzen;chotzen;NAM;NAM;ja;Slawisch;2;1;1;1;nein
lemma_42939;Chuab;chuab;NAM;NAM;ja;Slawisch;2;1;1;1;nein
lemma_44393;Chusnick;chusnick;NAM;NAM;ja;Tschechisch;2;1;1;1;nein
lemma_44667;Chwal;chwal;NAM;NAM;ja;Tschechisch;3;1;1;1;nein
lemma_59551;Cienque;cienque;NAM;NAM;ja;Französisch;2;1;1;1;nein
lemma_31621;Cîfe;cife;NAM;NAM;ja;Griechisch;3;1;1;1;nein
lemma_20347;Cileus;cileus;NAM;NAM;ja;Lateinisch;3;1;1;1;nein
lemma_34968;cilicium;cilicium;NOM;NOM;nein;Lateinisch;3;1;1;1;nein
lemma_35536;Cipio;cipio;NAM;NAM;ja;Lateinisch;3;1;1;1;nein
lemma_45635;circiter;circiter;ADV;ADV;nein;Lateinisch;5;1;1;1;nein
lemma_17438;Circius;circius;NAM;NAM;ja;Lateinisch;2;1;1;1;nein
lemma_28056;circuitus;circuitus;NOM;NOM;nein;Lateinisch;4;1;1;1;nein
lemma_31710;circumcisio;circumcisio;NOM;NOM;nein;Lateinisch;6;1;1;1;nein
lemma_67902;circumdare;circumdare;VRB;VRB;nein;Lateinisch;7;1;1;1;nein
lemma_30660;circumire;circumire;PRP;PRP VRB;nein;Lateinisch;4;1;1;1;nein
lemma_27693;Cirinus;cirinus;NAM;NAM;ja;Griechisch;3;1;1;1;nein
lemma_67894;cis;cis;PRP;PRP;nein;Lateinisch;3;1;1;1;nein
lemma_28445;Cisiojanus;cisiojanus;NAM;NAM;ja;Lateinisch;4;1;1;1;nein
lemma_44451;Cividale;cividale;NAM;NAM;ja;Italienisch;2;1;1;1;nein
lemma_50062;clamor;clamor;NOM;NOM;nein;Lateinisch;4;1;1;1;nein
lemma_20356;Clareanus;clareanus;NAM;NAM;ja;Griechisch;3;1;1;1;nein
lemma_20659;Clariens;clariens;NAM;NAM;ja;Französisch;3;1;1;1;nein
lemma_50507;Claudianus;claudianus;NAM;NAM;ja;Lateinisch;4;1;1;1;nein
lemma_62410;clemens;clemens;ADJ;ADJ GRA;nein;Lateinisch;5;1;1;1;nein
lemma_37362;clementia;clementia;NOM;NOM;nein;Lateinisch;6;1;1;1;nein
lemma_47704;Clementinus;clementinus;NAM;NAM;ja;Lateinisch;3;1;1;1;nein
lemma_28358;Cletus;cletus;NAM;NAM;ja;Lateinisch;4;1;1;1;nein
lemma_34611;Cleusa;cleusa;NAM;NAM;ja;Griechisch;3;1;1;1;nein
lemma_72143;clipeus;clipeus;NOM;NOM;nein;Lateinisch;3;1;1;1;nein
lemma_29430;Clîre;clire;NAM;NAM;ja;Griechisch;2;1;1;1;nein
lemma_47121;Clodius;clodius;NAM;NAM;ja;Lateinisch;3;1;1;1;nein
lemma_29429;Clymona;clymona;NAM;NAM;ja;Griechisch;3;1;1;1;nein
lemma_47519;Clytemnestra;clytemnestra;NAM;NAM;ja;Griechisch;4;1;1;1;nein
lemma_46288;coaequare;coaequare;VRB;VRB;nein;Lateinisch;4;1;1;1;nein
lemma_1009;coati;coati;NOM;NOM;nein;Einzelsprachen;2;1;1;1;nein
lemma_34627;Codelaus;codelaus;NAM;NAM;ja;Griechisch;3;1;1;1;nein
lemma_77872;codex;codex;NOM;NOM;nein;Lateinisch;3;1;1;1;nein
lemma_36852;coercere;coercere;VRB;VRB;nein;Lateinisch;5;1;1;1;nein
lemma_55793;cognatus;cognatus;ADJ;ADJ;nein;Lateinisch;5;1;1;1;nein
lemma_62449;colere;colere;VRB;VRB;nein;Lateinisch;4;1;1;1;nein
lemma_47398;collâcie;collacie;NOM;NOM;nein;Lateinisch;5;1;1;1;nein
lemma_35263;collaetere;collaetere;VRB;VRB;nein;Lateinisch;5;1;1;1;nein
lemma_47120;Collatinus;collatinus;NAM;NAM;ja;Lateinisch;3;1;1;1;nein
lemma_23165;collatio;collatio;NOM;NOM;nein;Lateinisch;4;1;1;1;nein
lemma_45632;collaudatio;collaudatio;NOM;NOM PRO;nein;Lateinisch;5;1;1;1;nein
lemma_47396;colus;colus;NOM;NOM;nein;Lateinisch;2;1;1;1;nein
lemma_43201;comant;comant;NOM;NOM;nein;Französisch;2;1;1;1;nein
lemma_78464;comma;comma;NOM;NOM;nein;Lateinisch;5;1;1;1;nein
lemma_67808;commiserari;commiserari;VRB;VRB;nein;Lateinisch;6;1;1;1;nein
lemma_45180;communicare;communicare;VRB;VRB;nein;Lateinisch;8;1;1;1;nein
lemma_45639;compaternitas;compaternitas;NOM;NOM PRO;nein;Lateinisch;4;1;1;1;nein
lemma_69773;compeditus;compeditus;NOM;NOM;nein;Lateinisch;7;1;1;1;nein
lemma_45780;compellere;compellere;VRB;VRB;nein;Lateinisch;5;1;1;1;nein
lemma_35294;compensare;compensare;VRB;VRB;nein;Lateinisch;4;1;1;1;nein
lemma_45785;compescere;compescere;VRB;VRB;nein;Lateinisch;4;1;1;1;nein
lemma_50097;componere;componere;VRB;VRB;nein;Lateinisch;10;1;1;1;nein
lemma_45744;compositivus;compositivus;ADJ;ADJ NOM;nein;Lateinisch;7;1;1;1;nein
lemma_46038;compromissum;compromissum;NOM;NOM;nein;Lateinisch;6;1;1;1;nein
lemma_11664;comunîe;comunie;NOM;NOM;nein;Französisch;6;1;1;1;nein
lemma_67228;Conceptio;conceptio;NAM;NAM;ja;Lateinisch;4;1;1;1;nein
lemma_23258;concordanz;concordanz;NOM;NOM;nein;Lateinisch;7;1;1;1;nein
lemma_23257;concordare;concordare;VRB;VRB;nein;Lateinisch;7;1;1;1;nein
lemma_37961;concupiscere;concupiscere;VRB;VRB;nein;Lateinisch;4;1;1;1;nein
lemma_45822;concutere;concutere;VRB;VRB;nein;Lateinisch;2;1;1;1;nein
lemma_67895;condensus;condensus;ADJ;ADJ;nein;Lateinisch;3;1;1;1;nein
lemma_10544;condewierens;condewierens;PRO;PRO VRB;nein;Französisch;4;1;1;1;nein
lemma_51210;condicio;condicio;NOM;NOM;nein;Lateinisch;4;1;1;1;nein
lemma_70368;condignus;condignus;ADJ;ADJ;nein;Lateinisch;6;1;1;1;nein
lemma_45819;confessio;confessio;NOM;NOM;nein;Lateinisch;5;1;1;1;nein
lemma_50024;confessor;confessor;NOM;NOM;nein;Lateinisch;7;1;1;1;nein
lemma_70018;confestim;confestim;ADV;ADV;nein;Lateinisch;3;1;1;1;nein
lemma_52568;conformare;conformare;VRB;VRB;nein;Lateinisch;6;1;1;1;nein
lemma_70508;confortare;confortare;VRB;VRB;nein;Lateinisch;7;1;1;1;nein
lemma_46155;confugere;confugere;VRB;VRB;nein;Lateinisch;7;1;1;1;nein
lemma_45832;confundere;confundere;PRP;PRP VRB;nein;Lateinisch;4;1;1;1;nein
lemma_70551;confusio;confusio;NOM;NOM;nein;Lateinisch;10;1;1;1;nein
lemma_45541;congruere;congruere;VRB;VRB;nein;Lateinisch;5;1;1;1;nein
lemma_25452;coniunctio;coniunctio;NOM;NOM;nein;Lateinisch;9;1;1;1;nein
lemma_69789;conjungere;conjungere;VRB;VRB;nein;Lateinisch;5;1;1;1;nein
lemma_47400;conlegium;conlegium;NOM;NOM;nein;Lateinisch;6;1;1;1;nein
lemma_47399;conlocare;conlocare;VRB;VRB;nein;Lateinisch;5;1;1;1;nein
lemma_67648;conmittere;conmittere;VRB;VRB;nein;Lateinisch;7;1;1;1;nein
lemma_47942;Conniget;conniget;NAM;NAM;ja;Französisch;3;1;1;1;nein
lemma_67719;conpungere;conpungere;VRB;VRB;nein;Lateinisch;4;1;1;1;nein
lemma_48269;conscribere;conscribere;VRB;VRB;nein;Lateinisch;6;1;1;1;nein
lemma_69870;consentiens;consentiens;ADJ;ADJ;nein;Lateinisch;4;1;1;1;nein
lemma_34648;consentire;consentire;VRB;VRB;nein;Lateinisch;3;1;1;1;nein
lemma_70388;consepelire;consepelire;VRB;VRB;nein;Lateinisch;6;1;1;1;nein
lemma_77870;conserere;conserere;VRB;VRB;nein;Lateinisch;6;1;1;1;nein
lemma_23670;consolatrix;consolatrix;NOM;NOM;nein;Lateinisch;5;1;1;1;nein
lemma_45690;consors;consors;ADJ;ADJ;nein;Lateinisch;3;1;1;1;nein
lemma_25531;consortium;consortium;NOM;NOM;nein;Lateinisch;3;1;1;1;nein
lemma_45742;constans;constans;ADJ;ADJ GRA;nein;Lateinisch;5;1;1;1;nein
lemma_16211;constantia;constantia;NOM;NOM;nein;Lateinisch;3;1;1;1;nein
lemma_78459;constructio;constructio;NOM;NOM;nein;Lateinisch;5;1;1;1;nein
lemma_40351;contemplativus;contemplativus;ADJ;ADJ;nein;Lateinisch;3;1;1;1;nein
lemma_61608;contemplator;contemplator;NOM;NOM;nein;Lateinisch;8;1;1;1;nein
lemma_10339;contenanze;contenanze;NOM;NOM;nein;Französisch;2;1;1;1;nein
lemma_45520;conticescere;conticescere;VRB;VRB;nein;Lateinisch;2;1;1;1;nein
lemma_70433;contingere;contingere;VRB;VRB;nein;Lateinisch;7;1;1;1;nein
lemma_70318;continuus;continuus;ADJ;ADJ;nein;Lateinisch;2;1;1;1;nein
lemma_45830;contradicere;contradicere;VRB;VRB;nein;Lateinisch;3;1;1;1;nein
lemma_39795;contrâte;contrate;NOM;NOM;nein;Lateinisch;3;1;1;1;nein
lemma_46105;contumacia;contumacia;NOM;NOM;nein;Lateinisch;4;1;1;1;nein
lemma_46094;contumax;contumax;ADJ;ADJ;nein;Lateinisch;4;1;1;1;nein
lemma_39418;convallis;convallis;ADJ;ADJ NOM;nein;Lateinisch;3;1;1;1;nein
lemma_43532;convectare;convectare;NOM;NOM VRB;nein;Lateinisch;5;1;1;1;nein
lemma_39412;convenientia;convenientia;ADJ;ADJ NOM;nein;Lateinisch;2;1;1;1;nein
lemma_35219;conversare;conversare;VRB;VRB;nein;Lateinisch;3;1;1;1;nein
lemma_45855;conviva;conviva;NOM;NOM;nein;Lateinisch;4;1;1;1;nein
lemma_39414;convocare;convocare;VRB;VRB;nein;Lateinisch;6;1;1;1;nein
lemma_45697;copiosus;copiosus;ADJ;ADJ;nein;Lateinisch;11;1;1;1;nein
lemma_10639;cordieren;cordieren;VRB;VRB;nein;Lateinisch;5;1;1;1;nein
lemma_28235;Cornanciges;cornanciges;NAM;NAM;ja;Griechisch;3;1;1;1;nein
lemma_34622;Corras;corras;NAM;NAM;ja;Griechisch;3;1;1;1;nein
lemma_28230;corripere;corripere;VRB;VRB;nein;Lateinisch;8;1;1;1;nein
lemma_72208;corruere;corruere;VRB;VRB;nein;Lateinisch;4;1;1;1;nein
lemma_31708;corruptio;corruptio;NOM;NOM;nein;Lateinisch;5;1;1;1;nein
lemma_63989;Costris;costris;NAM;NAM;ja;Griechisch;3;1;1;1;nein
lemma_34630;Cothas;cothas;NAM;NAM;ja;Griechisch;2;1;1;1;nein
lemma_30862;Credencus;credencus;NAM;NAM;ja;Griechisch;3;1;1;1;nein
lemma_47506;credentia;credentia;NOM;NOM;nein;Lateinisch;9;1;1;1;nein
lemma_70549;creditor;creditor;NOM;NOM;nein;Lateinisch;6;1;1;1;nein
lemma_48386;credulitas;credulitas;NOM;NOM;nein;Lateinisch;4;1;1;1;nein
lemma_28331;Crelus;crelus;NAM;NAM;ja;Griechisch;3;1;1;1;nein
lemma_28533;Crepeus;crepeus;NAM;NAM;ja;Griechisch;3;1;1;1;nein
lemma_42316;Cresomisl;cresomisl;NAM;NAM;ja;Tschechisch;3;1;1;1;nein
lemma_70500;criminalis;criminalis;ADJ;ADJ;nein;Lateinisch;4;1;1;1;nein
lemma_47270;criminari;criminari;VRB;VRB;nein;Lateinisch;6;1;1;1;nein
lemma_28558;Crisippus;crisippus;NAM;NAM;ja;Griechisch;4;1;1;1;nein
lemma_29276;Crisogonus;crisogonus;NAM;NAM;ja;Lateinisch;3;1;1;1;nein
lemma_20776;Crîsôlâus;crisolaus;NAM;NAM;ja;Lateinisch;3;1;1;1;nein
lemma_46014;crudelis;crudelis;ADJ;ADJ;nein;Lateinisch;4;1;1;1;nein
lemma_27091;crudus;crudus;ADJ;ADJ;nein;Lateinisch;7;1;1;1;nein
lemma_47279;cucullus;cucullus;NOM;NOM;nein;Lateinisch;3;1;1;1;nein
lemma_30150;culpa;culpa;NOM;NOM;nein;Lateinisch;7;1;1;1;nein
lemma_45713;cultus;cultus;ADJ;ADJ NOM;nein;Lateinisch;11;1;1;1;nein
lemma_31723;cuneus;cuneus;NOM;NOM;nein;Lateinisch;3;1;1;1;nein
lemma_45792;cupiditas;cupiditas;NOM;NOM;nein;Lateinisch;5;1;1;1;nein
lemma_70493;cupidus;cupidus;ADJ;ADJ NOM;nein;Lateinisch;5;1;1;1;nein
lemma_1045;Cursaus;cursaus;NAM;NAM;ja;Lateinisch;3;1;1;1;nein
lemma_39576;cursus;cursus;NOM;NOM;nein;Lateinisch;4;1;1;1;nein
lemma_25255;Curtus;curtus;NAM;NAM;ja;Lateinisch;3;1;1;1;nein
lemma_59194;curtus;curtus;ADJ;ADJ;nein;Lateinisch;4;1;1;1;nein
lemma_28541;Curus;curus;NAM;NAM;ja;Griechisch;3;1;1;1;nein
lemma_47395;Cusanus;cusanus;NAM;NAM;ja;Lateinisch;4;1;1;1;nein
lemma_40769;custodire;custodire;VRB;VRB;nein;Lateinisch;5;1;1;1;nein
lemma_20348;Cyneus;cyneus;NAM;NAM;ja;Lateinisch;3;1;1;1;nein
lemma_77032;Cyriacus;cyriacus;NAM;NAM;ja;Griechisch;3;1;1;1;nein
lemma_44321;Czaslau;czaslau;NAM;NAM;ja;Tschechisch;2;1;1;1;nein
lemma_42436;Czastava;czastava;NAM;NAM;ja;Tschechisch;3;1;1;1;nein
lemma_43849;Czenko;czenko;NAM;NAM;ja;Slawisch;3;1;1;1;nein
lemma_66773;Czertlin;czertlin;NAM;NAM;ja;Slawisch;3;1;1;1;nein
lemma_44659;Cziech;cziech;NAM;NAM;ja;Tschechisch;3;1;1;1;nein
lemma_44324;Czirin;czirin;NAM;NAM;ja;Slawisch;2;1;1;1;nein
lemma_23239;Damasius;damasius;NAM;NAM;ja;Lateinisch;4;1;1;1;nein
lemma_44661;Damik;damik;NAM;NAM;ja;Tschechisch;3;1;1;1;nein
lemma_73029;damnatio;damnatio;NOM;NOM;nein;Lateinisch;5;1;1;1;nein
lemma_20367;Damor;damor;NAM;NAM;ja;Griechisch;3;1;1;1;nein
lemma_28688;Dampnus;dampnus;NAM;NAM;ja;Lateinisch;3;1;1;1;nein
lemma_41593;Dantipades;dantipades;NAM;NAM;ja;Französisch;3;1;1;1;nein
lemma_45604;daps;daps;NOM;NOM;nein;Lateinisch;2;1;1;1;nein
lemma_29775;Darchôs;darchos;NAM;NAM;ja;Griechisch;3;1;1;1;nein
lemma_46847;Darion;darion;NAM;NAM;ja;Griechisch;3;1;1;1;nein
lemma_37892;Davelon;davelon;NAM;NAM;ja;Französisch;3;1;1;1;nein
lemma_32029;Dayron;dayron;NAM;NAM;ja;Griechisch;3;1;1;1;nein
lemma_16147;debilis;debilis;ADJ;ADJ NOM;nein;Lateinisch;2;1;1;1;nein
lemma_35036;debilitare;debilitare;VRB;VRB;nein;Lateinisch;3;1;1;1;nein
lemma_70428;debitor;debitor;NOM;NOM;nein;Lateinisch;6;1;1;1;nein
lemma_26608;Dêbora;debora;NAM;NAM;ja;Hebräisch;4;1;1;1;nein
lemma_28413;Decentius;decentius;NAM;NAM;ja;Lateinisch;3;1;1;1;nein
lemma_54948;decies;decies;ADJ;ADJ ADV;nein;Lateinisch;3;1;1;1;nein
lemma_46139;decimarum;decimarum;NOM;NOM;nein;Lateinisch;5;1;1;1;nein
lemma_34620;decimus;decimus;NUM;NUM;nein;Lateinisch;2;1;1;1;nein
lemma_67876;dedicatio;dedicatio;NOM;NOM;nein;Lateinisch;2;1;1;1;nein
lemma_44329;Dedos;dedos;NAM;NAM;ja;Slawisch;2;1;1;1;nein
lemma_28040;deducere;deducere;VRB;VRB;nein;Lateinisch;5;1;1;1;nein
lemma_67613;deesse;deesse;VRB;VRB;nein;Lateinisch;3;1;1;1;nein
lemma_1105;defemius;defemius;ADJ;ADJ;nein;Einzelsprachen;2;1;1;1;nein
lemma_36855;deferre;deferre;VRB;VRB;nein;Lateinisch;6;1;1;1;nein
lemma_35831;definire;definire;VRB;VRB;nein;Lateinisch;5;1;1;1;nein
lemma_52572;deformare;deformare;VRB;VRB;nein;Lateinisch;5;1;1;1;nein
lemma_18519;defuge;defuge;ADV;ADV;nein;Lateinisch;5;1;1;1;nein
lemma_49251;defunctus;defunctus;ADJ;ADJ NOM;nein;Lateinisch;3;1;1;1;nein
lemma_17094;defunde;defunde;NOM;NOM PRP;nein;Lateinisch;3;1;1;1;nein
lemma_67818;degenerare;degenerare;VRB;VRB;nein;Lateinisch;5;1;1;1;nein
lemma_45612;deinceps;deinceps;ADV;ADV;nein;Lateinisch;3;1;1;1;nein
lemma_44128;dela;dela;ART;ART PRP;nein;Französisch, Italienisch;4;1;1;1;nein
lemma_73118;delectabilis;delectabilis;ADJ;ADJ ADV;nein;Lateinisch;2;1;1;1;nein
lemma_46031;delegare;delegare;NOM;NOM VRB;nein;Lateinisch;6;1;1;1;nein
lemma_1113;Delet;delet;NAM;NAM;ja;Französisch, Lateinisch;6;1;1;1;nein
lemma_60148;delfieren;delfieren;VRB;VRB;nein;Französisch;5;1;1;1;nein
lemma_18520;delonge;delonge;ADV;ADV;nein;Lateinisch;3;1;1;1;nein
lemma_29080;Delos;delos;NAM;NAM;ja;Griechisch;4;1;1;1;nein
lemma_34613;Deluris;deluris;NAM;NAM;ja;Griechisch;3;1;1;1;nein
lemma_47451;Demades;demades;NAM;NAM;ja;Griechisch;3;1;1;1;nein
lemma_50801;Demesticus;demesticus;NAM;NAM;ja;Lateinisch;3;1;1;1;nein
lemma_28577;Demestius;demestius;NAM;NAM;ja;Lateinisch;3;1;1;1;nein
lemma_26649;Dêmôkritus;demokritus;NAM;NAM;ja;Griechisch;4;1;1;1;nein
lemma_62170;demolire;demolire;VRB;VRB;nein;Lateinisch;4;1;1;1;nein
lemma_24969;demonstrare;demonstrare;VRB;VRB;nein;Lateinisch;5;1;1;1;nein
lemma_70074;denarius;denarius;NOM;NOM;nein;Lateinisch;5;1;1;1;nein
lemma_46002;denominare;denominare;VRB;VRB;nein;Lateinisch;5;1;1;1;nein
lemma_70633;deportare;deportare;VRB;VRB;nein;Lateinisch;6;1;1;1;nein
lemma_70092;deprecatio;deprecatio;NOM;NOM;nein;Lateinisch;5;1;1;1;nein
lemma_55290;deprofundis;deprofundis;ADJ;ADJ NOM PRP;nein;Lateinisch;3;1;1;1;nein
lemma_45524;depromere;depromere;VRB;VRB;nein;Lateinisch;3;1;1;1;nein
lemma_58532;derelinquere;derelinquere;VRB;VRB;nein;Lateinisch;3;1;1;1;nein
lemma_34619;Deriadoron;deriadoron;NAM;NAM;ja;Griechisch;3;1;1;1;nein
lemma_45745;derivare;derivare;VRB;VRB;nein;Lateinisch;3;1;1;1;nein
lemma_40539;desiderabilis;desiderabilis;ADJ;ADJ;nein;Lateinisch;3;1;1;1;nein
lemma_28424;Desiderius;desiderius;NAM;NAM;ja;Lateinisch;4;1;1;1;nein
lemma_67870;desinare;desinare;VRB;VRB;nein;Lateinisch;6;1;1;1;nein
lemma_45519;desolare;desolare;VRB;VRB;nein;Lateinisch;3;1;1;1;nein
lemma_72268;despicere;despicere;VRB;VRB;nein;Lateinisch;4;1;1;1;nein
lemma_61750;desponsare;desponsare;VRB;VRB;nein;Lateinisch;3;1;1;1;nein
lemma_73120;destilliertez;destilliertez;ADJ;ADJ;nein;Lateinisch;5;1;1;1;nein
lemma_41576;Destraus;destraus;NAM;NAM;ja;Französisch;2;1;1;1;nein
lemma_70071;destruere;destruere;VRB;VRB;nein;Lateinisch;5;1;1;1;nein
lemma_70083;desursum;desursum;ADV;ADV;nein;Lateinisch;3;1;1;1;nein
lemma_45605;deterius;deterius;ADJ;ADJ ADV;nein;Lateinisch;4;1;1;1;nein
lemma_70648;detrahere;detrahere;VRB;VRB;nein;Lateinisch;8;1;1;1;nein
lemma_44331;Deuthe;deuthe;NAM;NAM;ja;Ungarisch;3;1;1;1;nein
lemma_37687;deux;deux;NUM;NUM;nein;Französisch;4;1;1;1;nein
lemma_30319;devincere;devincere;VRB;VRB;nein;Lateinisch;6;1;1;1;nein
lemma_45805;devitare;devitare;VRB;VRB;nein;Lateinisch;5;1;1;1;nein
lemma_43214;devoir;devoir;VEM;VEM;nein;Französisch;8;1;1;1;nein
lemma_48265;devotus;devotus;ADJ;ADJ GRA;nein;Lateinisch;5;1;1;1;nein
lemma_18597;dewart;dewart;NOM;NOM VRB;nein;Lateinisch;5;1;1;1;nein
lemma_45058;Dianisiades;dianisiades;NAM;NAM;ja;Griechisch;3;1;1;1;nein
lemma_36986;dictare;dictare;VRB;VRB;nein;Lateinisch;3;1;1;1;nein
lemma_28752;didragmâ;didragma;NOM;NOM;nein;Lateinisch;3;1;1;1;nein
lemma_44345;Dieditz;dieditz;NAM;NAM;ja;Slawisch, Tschechisch;3;1;1;1;nein
lemma_51825;dieminder;dieminder;ADJ;ADJ ADV;nein;Lateinisch;4;1;1;1;nein
lemma_58089;Diestre;diestre;NAM;NAM;ja;Französisch;3;1;1;1;nein
lemma_44725;dievice;dievice;NOM;NOM;nein;Slawisch;3;1;1;1;nein
lemma_70436;diffamare;diffamare;VRB;VRB;nein;Lateinisch;5;1;1;1;nein
lemma_72168;difficilis;difficilis;ADJ;ADJ ADV;nein;Lateinisch;3;1;1;1;nein
lemma_38615;diffundere;diffundere;VRB;VRB;nein;Lateinisch;6;1;1;1;nein
lemma_47705;digerere;digerere;NOM;NOM VRB;nein;Lateinisch;3;1;1;1;nein
lemma_48306;dignitas;dignitas;NOM;NOM;nein;Lateinisch;4;1;1;1;nein
lemma_47580;Dikearchus;dikearchus;NAM;NAM;ja;Griechisch;5;1;1;1;nein
lemma_46121;dilatare;dilatare;VRB;VRB;nein;Lateinisch;5;1;1;1;nein
lemma_46122;dilatoria;dilatoria;NOM;NOM;nein;Lateinisch;5;1;1;1;nein
lemma_70616;diligens;diligens;ADJ;ADJ;nein;Lateinisch;7;1;1;1;nein
lemma_56270;diligentia;diligentia;NOM;NOM;nein;Lateinisch;6;1;1;1;nein
lemma_28317;diluvium;diluvium;NOM;NOM;nein;Lateinisch;6;1;1;1;nein
lemma_24972;Dimena;dimena;NAM;NAM;ja;Griechisch;3;1;1;1;nein
lemma_70095;dimidium;dimidium;ADJ;ADJ;nein;Lateinisch;3;1;1;1;nein
lemma_28499;Dindîalus;dindialus;NAM;NAM;ja;Griechisch;2;1;1;1;nein
lemma_31331;Dinodaron;dinodaron;NAM;NAM;ja;Griechisch;3;1;1;1;nein
lemma_45144;dioecesanus;dioecesanus;ADJ;ADJ NOM;nein;Griechisch, Lateinisch;4;1;1;1;nein
lemma_28552;Diomeus;diomeus;NAM;NAM;ja;Griechisch;3;1;1;1;nein
lemma_31651;Diores;diores;NAM;NAM;ja;Griechisch;3;1;1;1;nein
lemma_66249;diphtongus;diphtongus;NOM;NOM;nein;Lateinisch;4;1;1;1;nein
lemma_47740;dipsa;dipsa;NOM;NOM;nein;Lateinisch;2;1;1;1;nein
lemma_36857;diruere;diruere;VRB;VRB;nein;Lateinisch;4;1;1;1;nein
lemma_67890;dirumpere;dirumpere;VRB;VRB;nein;Lateinisch;3;1;1;1;nein
lemma_45883;disciplinare;disciplinare;VRB;VRB;nein;Lateinisch;5;1;1;1;nein
lemma_46020;discretio;discretio;NOM;NOM;nein;Lateinisch;5;1;1;1;nein
lemma_31002;disligaides;disligaides;VRB;VRB;nein;Spanisch;4;1;1;1;nein
lemma_34426;disparare;disparare;VRB;VRB;nein;Lateinisch;3;1;1;1;nein
lemma_46236;dispensatio;dispensatio;NOM;NOM;nein;Lateinisch;3;1;1;1;nein
lemma_35828;dispergere;dispergere;VRB;VRB;nein;Lateinisch;5;1;1;1;nein
lemma_52254;dissipare;dissipare;VRB;VRB;nein;Lateinisch;8;1;1;1;nein
lemma_44726;distare;distare;VRB;VRB;nein;Lateinisch;3;1;1;1;nein
lemma_27884;distinctio;distinctio;NOM;NOM;nein;Lateinisch;6;1;1;1;nein
lemma_63290;Distordia;distordia;NAM;NAM;ja;Griechisch;3;1;1;1;nein
lemma_39352;diversus;diversus;ADJ;ADJ;nein;Lateinisch;3;1;1;1;nein
lemma_67875;divisio;divisio;NOM;NOM;nein;Lateinisch;3;1;1;1;nein
lemma_27449;Divus;divus;NAM;NAM;ja;Lateinisch;3;1;1;1;nein
lemma_44332;Diwa;diwa;NAM;NAM;ja;Slawisch;3;1;1;1;nein
lemma_32055;Dluglas;dluglas;NAM;NAM;ja;Griechisch;3;1;1;1;nein
lemma_45499;Dluhomil;dluhomil;NAM;NAM;ja;Slawisch;3;1;1;1;nein
lemma_35575;dober;dober;ADJ;ADJ;nein;Slawisch;9;1;1;1;nein
lemma_53413;doktrinal;doktrinal;NOM;NOM;nein;Lateinisch;4;1;1;1;nein
lemma_24305;Dolamîdes;dolamides;NAM;NAM;ja;Griechisch;3;1;1;1;nein
lemma_20364;Dolodageles;dolodageles;NAM;NAM;ja;Griechisch;3;1;1;1;nein
lemma_45652;dolor;dolor;ADJ;ADJ NOM;nein;Französisch, Lateinisch;4;1;1;1;nein
lemma_45750;dolosus;dolosus;ADJ;ADJ;nein;Lateinisch;3;1;1;1;nein
lemma_60208;domaine;domaine;NOM;NOM;nein;Französisch, Lateinisch;5;1;1;1;nein
lemma_44326;Domaslaw;domaslaw;NAM;NAM;ja;Slawisch;3;1;1;1;nein
lemma_23762;Domerius;domerius;NAM;NAM;ja;Griechisch;3;1;1;1;nein
lemma_27220;domesticus;domesticus;ADJ;ADJ;nein;Lateinisch;4;1;1;1;nein
lemma_48273;domina;domina;NOM;NOM;nein;Lateinisch;8;1;1;1;nein
lemma_35667;dominare;dominare;VRB;VRB;nein;Lateinisch;6;1;1;1;nein
lemma_28166;donatio;donatio;NOM;NOM;nein;Lateinisch;3;1;1;1;nein
lemma_28170;Donion;donion;NAM;NAM;ja;Griechisch;3;1;1;1;nein
lemma_73193;doppler;doppler;NOM;NOM;nein;Französisch, Lateinisch;4;1;1;1;nein
lemma_26255;Dorilus;dorilus;NAM;NAM;ja;Griechisch;3;1;1;1;nein
lemma_28537;Dormus;dormus;NAM;NAM;ja;Griechisch;3;1;1;1;nein
lemma_24238;douce;douce;ADJ;ADJ;nein;Französisch;6;1;1;1;nein
lemma_20147;Dôvel;dovel;NAM;NAM;ja;Französisch;3;1;1;1;nein
lemma_35867;Doym;doym;NAM;NAM;ja;Ungarisch;3;1;1;1;nein
lemma_30570;drachma;drachma;NOM;NOM;nein;Lateinisch;5;1;1;1;nein
lemma_44337;Dragy;dragy;NAM;NAM;ja;Slawisch;2;1;1;1;nein
lemma_44339;Draschitz;draschitz;NAM;NAM;ja;Slawisch;3;1;1;1;nein
lemma_44340;Drebnaw;drebnaw;NAM;NAM;ja;Slawisch;2;1;1;1;nein
lemma_44341;Drewick;drewick;NAM;NAM;ja;Slawisch;2;1;1;1;nein
lemma_30903;Driades;driades;NAM;NAM;ja;Griechisch;2;1;1;1;nein
lemma_26325;Drôpides;dropides;NAM;NAM;ja;Griechisch;3;1;1;1;nein
lemma_26085;Drûsus;drusus;NAM;NAM;ja;Lateinisch;3;1;1;1;nein
lemma_36607;dubius;dubius;ADJ;ADJ;nein;Lateinisch;5;1;1;1;nein
lemma_1254;duchesse;duchesse;NOM;NOM;nein;Französisch;2;1;1;1;nein
lemma_28467;ductare;ductare;VRB;VRB;nein;Lateinisch;5;1;1;1;nein
lemma_45511;dudum;dudum;ADJ;ADJ ADV;nein;Lateinisch;3;1;1;1;nein
lemma_58395;dulcedo;dulcedo;NOM;NOM;nein;Lateinisch;6;1;1;1;nein
lemma_34628;Dulgas;dulgas;NAM;NAM;ja;Griechisch;3;1;1;1;nein
lemma_46069;duplicare;duplicare;VRB;VRB;nein;Lateinisch;4;1;1;1;nein
lemma_39189;dure;dure;ADJ;ADJ;nein;Französisch;5;1;1;1;nein
lemma_24015;Dûzanga;duzanga;NAM;NAM;ja;Arabisch;3;1;1;1;nein
lemma_46924;ebrius;ebrius;ADJ;ADJ;nein;Lateinisch;4;1;1;1;nein
lemma_30326;Ebruîn;ebruin;NAM;NAM;ja;Griechisch;3;1;1;1;nein
lemma_66668;ecclesiasticus;ecclesiasticus;ADJ;ADJ NOM;nein;Lateinisch;4;1;1;1;nein
lemma_43296;echîtes;echites;NOM;NOM;nein;Lateinisch;3;1;1;1;nein
lemma_28422;Ecius;ecius;NAM;NAM;ja;Lateinisch;3;1;1;1;nein
lemma_69936;edere;edere;VRB;VRB;nein;Lateinisch;5;1;1;1;nein
lemma_24339;Efiona;efiona;NAM;NAM;ja;Griechisch;3;1;1;1;nein
lemma_23009;Efranes;efranes;NAM;NAM;ja;Griechisch;3;1;1;1;nein
lemma_44017;egenus;egenus;ADJ;ADJ;nein;Lateinisch;2;1;1;1;nein
lemma_44018;êgeschriben;egeschriben;ADJ;ADJ;nein;Lateinisch;4;1;1;1;nein
lemma_45776;egestas;egestas;NOM;NOM;nein;Lateinisch;4;1;1;1;nein
lemma_28348;Egyptus;egyptus;NAM;NAM;ja;Lateinisch;3;1;1;1;nein
lemma_30986;eiola;eiola;NOM;NOM;nein;Italienisch;2;1;1;1;nein
lemma_1352;eismende;eismende;NOM;NOM;nein;Französisch;3;1;1;1;nein
lemma_69951;ejicere;ejicere;VRB;VRB;nein;Lateinisch;5;1;1;1;nein
lemma_29483;Êlân;elan;NAM;NAM;ja;Griechisch;3;1;1;1;nein
lemma_37955;elanguescere;elanguescere;NOM;NOM VRB;nein;Lateinisch;2;1;1;1;nein
lemma_45613;electio;electio;NOM;NOM;nein;Lateinisch;3;1;1;1;nein
lemma_27200;Eliacus;eliacus;NAM;NAM;ja;Griechisch;3;1;1;1;nein
lemma_27201;Elichar;elichar;NAM;NAM;ja;Griechisch;3;1;1;1;nein
lemma_65546;Elios;elios;NAM;NAM;ja;Griechisch;3;1;1;1;nein
lemma_26517;Ellânîcus;ellanicus;NAM;NAM;ja;Griechisch;3;1;1;1;nein
lemma_34936;eloquia;eloquia;NOM;NOM;nein;Lateinisch;2;1;1;1;nein
lemma_27180;Elst;elst;NAM;NAM;ja;Französisch;3;1;1;1;nein
lemma_27195;Elyasip;elyasip;NAM;NAM;ja;Hebräisch;4;1;1;1;nein
lemma_27196;Elysium;elysium;NAM;NAM;ja;Griechisch;3;1;1;1;nein
lemma_29612;Emâciâ;emacia;NAM;NAM;ja;Lateinisch;2;1;1;1;nein
lemma_31443;Emargalûn;emargalun;NAM;NAM;ja;Griechisch;3;1;1;1;nein
lemma_34624;Emargaras;emargaras;NAM;NAM;ja;Griechisch;3;1;1;1;nein
lemma_28542;Emelcus;emelcus;NAM;NAM;ja;Griechisch;3;1;1;1;nein
lemma_45749;emergere;emergere;VRB;VRB;nein;Lateinisch;5;1;1;1;nein
lemma_22351;Emidalûs;emidalus;NAM;NAM;ja;Lateinisch;3;1;1;1;nein
lemma_52033;Emilia;emilia;NAM;NAM;ja;Griechisch, Lateinisch;4;1;1;1;nein
lemma_28498;Eminêus;emineus;NAM;NAM;ja;Griechisch;4;1;1;1;nein
lemma_65228;Emos;emos;NAM;NAM;ja;Griechisch;3;1;1;1;nein
lemma_67975;emundare;emundare;VRB;VRB;nein;Lateinisch;6;1;1;1;nein
lemma_31829;Ena;ena;NAM;NAM;ja;Griechisch;3;1;1;1;nein
lemma_29658;Enachus;enachus;NAM;NAM;ja;Griechisch;3;1;1;1;nein
lemma_47651;enarrare;enarrare;VRB;VRB;nein;Lateinisch;4;1;1;1;nein
lemma_10240;enbrazieren;enbrazieren;VRB;VRB;nein;Französisch;3;1;1;1;nein
lemma_38599;Endechrist;endechrist;NAM;NAM;ja;Lateinisch;5;1;1;1;nein
lemma_23537;Enelyacas;enelyacas;NAM;NAM;ja;Griechisch;3;1;1;1;nein
lemma_44933;Energetes;energetes;NAM;NAM;ja;Griechisch;3;1;1;1;nein
lemma_39197;enfirmen;enfirmen;ADV;ADV NEG VRB;nein;Lateinisch;3;1;1;1;nein
lemma_28524;Enforbius;enforbius;NAM;NAM;ja;Griechisch;3;1;1;1;nein
lemma_38870;engebrechen;engebrechen;NEG;NEG VRB;nein;Einzelsprachen;9;1;1;1;nein
lemma_38686;enpireus;enpireus;ADJ;ADJ;nein;Lateinisch;4;1;1;1;nein
lemma_50821;Enschelades;enschelades;NAM;NAM;ja;Griechisch;4;1;1;1;nein
lemma_34799;enutrire;enutrire;VRB;VRB;nein;Lateinisch;4;1;1;1;nein
lemma_15622;enwelsch;enwelsch;ADJ;ADJ NEG;nein;Einzelsprachen;2;1;1;1;nein
lemma_8312;enwischenz;enwischenz;NEG;NEG PRO VRB;nein;Lateinisch;5;1;1;1;nein
lemma_51108;eodem;eodem;ADV;ADV;nein;Lateinisch;2;1;1;1;nein
lemma_28292;Eomulus;eomulus;NAM;NAM;ja;Griechisch;3;1;1;1;nein
lemma_47818;Epaminondas;epaminondas;NAM;NAM;ja;Griechisch;3;1;1;1;nein
lemma_36985;epilogus;epilogus;NOM;NOM;nein;Lateinisch;4;1;1;1;nein
lemma_47850;Epirus;epirus;NAM;NAM;ja;Griechisch;3;1;1;1;nein
lemma_31246;Epistroples;epistroples;NAM;NAM;ja;Griechisch;3;1;1;1;nein
lemma_15820;êpitalamitâ;epitalamita;NOM;NOM;nein;Lateinisch;2;1;1;1;nein
lemma_70050;epulari;epulari;VRB;VRB;nein;Lateinisch;4;1;1;1;nein
lemma_1516;Equinot;equinot;NAM;NAM;ja;Französisch;3;1;1;1;nein
lemma_78461;equivocatio;equivocatio;NOM;NOM;nein;Lateinisch;9;1;1;1;nein
lemma_32288;Erigena;erigena;NAM;NAM;ja;Griechisch;3;1;1;1;nein
lemma_44021;erigere;erigere;VRB;VRB;nein;Lateinisch;5;1;1;1;nein
lemma_32268;Erion;erion;NAM;NAM;ja;Griechisch;3;1;1;1;nein
lemma_46888;Eriuch;eriuch;NAM;NAM;ja;Arabisch;3;1;1;1;nein
lemma_58070;Ernons;ernons;NAM;NAM;ja;Französisch;3;1;1;1;nein
lemma_68410;erratum;erratum;NOM;NOM;nein;Lateinisch;3;1;1;1;nein
lemma_45884;erudire;erudire;VRB;VRB;nein;Lateinisch;2;1;1;1;nein
lemma_70020;eruere;eruere;VRB;VRB;nein;Lateinisch;6;1;1;1;nein
lemma_40218;esca;esca;NOM;NOM;nein;Lateinisch;2;1;1;1;nein
lemma_20237;Eschalus;eschalus;NAM;NAM;ja;Lateinisch;3;1;1;1;nein
lemma_28583;esophagus;esophagus;NOM;NOM;nein;Lateinisch;5;1;1;1;nein
lemma_15275;Estelle Sente Mariâ;estelle sente maria;NAM;NAM;ja;Französisch;2;1;1;1;nein
lemma_63312;Estrelon;estrelon;NAM;NAM;ja;Griechisch;3;1;1;1;nein
lemma_1731;estroit;estroit;NOM;NOM;nein;Französisch;2;1;1;1;nein
lemma_1289;Êsus;esus;NAM;NAM;ja;Lateinisch;3;1;1;1;nein
lemma_1748;etre;etre;VEX;VEX;nein;Französisch;3;1;1;1;nein
lemma_28359;Euaristius;euaristius;NAM;NAM;ja;Lateinisch;4;1;1;1;nein
lemma_61312;eucharistia;eucharistia;NOM;NOM;nein;Lateinisch;2;1;1;1;nein
lemma_26102;Eucharius;eucharius;NAM;NAM;ja;Lateinisch;4;1;1;1;nein
lemma_26532;Euctêmôn;euctemon;NAM;NAM;ja;Griechisch;3;1;1;1;nein
lemma_21284;Eufebius;eufebius;NAM;NAM;ja;Lateinisch;3;1;1;1;nein
lemma_70719;euge;euge;INJ;INJ;nein;Lateinisch;3;1;1;1;nein
lemma_28538;Eunuchus;eunuchus;NAM;NAM;ja;Griechisch;3;1;1;1;nein
lemma_38739;euoue;euoue;INJ;INJ;nein;Lateinisch;2;1;1;1;nein
lemma_10232;eure;eure;NOM;NOM;nein;Französisch;2;1;1;1;nein
lemma_29062;Eustatis;eustatis;NAM;NAM;ja;Griechisch;3;1;1;1;nein
lemma_18441;exakorasie;exakorasie;NOM;NOM;nein;Lateinisch;4;1;1;1;nein
lemma_38682;excentrico;excentrico;ADJ;ADJ NOM;nein;Spanisch;3;1;1;1;nein
lemma_46109;excidere;excidere;VRB;VRB;nein;Lateinisch;9;1;1;1;nein
lemma_46110;excludere;excludere;VRB;VRB;nein;Lateinisch;5;1;1;1;nein
lemma_46111;excudere;excudere;VRB;VRB;nein;Lateinisch;7;1;1;1;nein
lemma_67724;exercitus;exercitus;NOM;NOM;nein;Lateinisch;4;1;1;1;nein
lemma_30374;exhortari;exhortari;VRB;VRB;nein;Lateinisch;6;1;1;1;nein
lemma_31704;exhortatio;exhortatio;NOM;NOM;nein;Lateinisch;3;1;1;1;nein
lemma_30204;Exidiaces;exidiaces;NAM;NAM;ja;Griechisch;4;1;1;1;nein
lemma_70555;existere;existere;VRB;VRB;nein;Lateinisch;4;1;1;1;nein
lemma_56749;exoriri;exoriri;VRB;VRB;nein;Lateinisch;5;1;1;1;nein
lemma_70329;expeditus;expeditus;ADJ;ADJ;nein;Lateinisch;4;1;1;1;nein
lemma_46128;expendere;expendere;NOM;NOM VRB;nein;Lateinisch;5;1;1;1;nein
lemma_70328;experimentum;experimentum;NOM;NOM;nein;Lateinisch;7;1;1;1;nein
lemma_45838;expetere;expetere;VRB;VRB;nein;Lateinisch;3;1;1;1;nein
lemma_64732;expurgare;expurgare;VRB;VRB;nein;Lateinisch;8;1;1;1;nein
lemma_51117;exsiccare;exsiccare;VRB;VRB;nein;Lateinisch;4;1;1;1;nein
lemma_67810;exsolvere;exsolvere;VRB;VRB;nein;Lateinisch;5;1;1;1;nein
lemma_48263;exsulare;exsulare;VRB;VRB;nein;Lateinisch;5;1;1;1;nein
lemma_70559;exsuperare;exsuperare;VRB;VRB;nein;Lateinisch;7;1;1;1;nein
lemma_69790;extendere;extendere;VRB;VRB;nein;Lateinisch;4;1;1;1;nein
lemma_27092;extrahere;extrahere;VRB;VRB;nein;Lateinisch;2;1;1;1;nein
lemma_67906;exultare;exultare;VRB;VRB;nein;Lateinisch;4;1;1;1;nein
lemma_43511;fabelierære;fabelieraere;NOM;NOM;nein;Lateinisch;6;1;1;1;nein
lemma_47816;Fabricius;fabricius;NAM;NAM;ja;Lateinisch;3;1;1;1;nein
lemma_28453;facilis;facilis;ADJ;ADJ ADV;nein;Lateinisch;5;1;1;1;nein
lemma_35443;factor;factor;NOM;NOM;nein;Lateinisch;3;1;1;1;nein
lemma_70632;facultas;facultas;NOM;NOM;nein;Lateinisch;4;1;1;1;nein
lemma_43157;faillance;faillance;NOM;NOM;nein;Französisch;2;1;1;1;nein
lemma_35610;faire;faire;VRB;VRB;nein;Französisch;4;1;1;1;nein
lemma_67715;fames;fames;NOM;NOM;nein;Lateinisch;4;1;1;1;nein
lemma_24152;Famileroch;famileroch;NAM;NAM;ja;Arabisch;3;1;1;1;nein
lemma_78470;famulare;famulare;VRB;VRB;nein;Lateinisch;5;1;1;1;nein
lemma_58534;famularumque;famularumque;ADJ;ADJ CNJ;nein;Lateinisch;3;1;1;1;nein
lemma_72408;famulus;famulus;NOM;NOM;nein;Lateinisch;3;1;1;1;nein
lemma_20360;Fanianus;fanianus;NAM;NAM;ja;Griechisch;3;1;1;1;nein
lemma_44349;Fano;fano;NAM;NAM;ja;Italienisch;2;1;1;1;nein
lemma_27097;farina;farina;NOM;NOM;nein;Lateinisch;4;1;1;1;nein
lemma_16044;fasôl;fasol;NOM;NOM;nein;Lateinisch;3;1;1;1;nein
lemma_36623;fastus;fastus;ADJ;ADJ NOM;nein;Lateinisch;5;1;1;1;nein
lemma_46250;fatalia;fatalia;NOM;NOM;nein;Lateinisch;4;1;1;1;nein
lemma_70389;fatua;fatua;NOM;NOM;nein;Lateinisch;11;1;1;1;nein
lemma_78450;fatum;fatum;NOM;NOM;nein;Lateinisch;3;1;1;1;nein
lemma_47387;fatuus;fatuus;ADJ;ADJ NOM;nein;Lateinisch;11;1;1;1;nein
lemma_17437;Favonius;favonius;NAM;NAM;ja;Lateinisch;2;1;1;1;nein
lemma_70721;favus;favus;NOM;NOM;nein;Lateinisch;5;1;1;1;nein
lemma_25401;Februus;februus;NAM;NAM;ja;Lateinisch;2;1;1;1;nein
lemma_35167;fecundare;fecundare;VRB;VRB;nein;Lateinisch;6;1;1;1;nein
lemma_75035;fecundus;fecundus;ADJ;ADJ;nein;Lateinisch;7;1;1;1;nein
lemma_30985;fella;fella;NOM;NOM;nein;Italienisch, Spanisch;3;1;1;1;nein
lemma_45544;femina;femina;ADJ;ADJ NOM;nein;Lateinisch;3;1;1;1;nein
lemma_44350;Ferato;ferato;NAM;NAM;ja;Italienisch;3;1;1;1;nein
lemma_67817;feriare;feriare;VRB;VRB;nein;Lateinisch;4;1;1;1;nein
lemma_44351;Fermo;fermo;NAM;NAM;ja;Italienisch;2;1;1;1;nein
lemma_29774;Fernes;fernes;NAM;NAM;ja;Griechisch;3;1;1;1;nein
lemma_45637;fertilis;fertilis;ADJ;ADJ;nein;Lateinisch;4;1;1;1;nein
lemma_67727;festivitas;festivitas;NOM;NOM;nein;Lateinisch;4;1;1;1;nein
lemma_40789;fidelitas;fidelitas;NOM;NOM;nein;Lateinisch;5;1;1;1;nein
lemma_70473;fiducia;fiducia;NOM;NOM;nein;Lateinisch;11;1;1;1;nein
lemma_64236;Figras;figras;NAM;NAM;ja;Griechisch;3;1;1;1;nein
lemma_64609;figürlich;figuerlich;ADV;ADV;nein;Lateinisch;4;1;1;1;nein
lemma_70353;filiolus;filiolus;NOM;NOM;nein;Lateinisch;5;1;1;1;nein
lemma_1789;Filledâmûr;filledamur;NAM;NAM;ja;Französisch;3;1;1;1;nein
lemma_43564;Filleduoch;filleduoch;NAM;NAM;ja;Französisch;3;1;1;1;nein
lemma_16009;fillirois;fillirois;NOM;NOM;nein;Französisch;4;1;1;1;nein
lemma_45850;filum;filum;NOM;NOM;nein;Lateinisch;2;1;1;1;nein
lemma_59832;finire;finire;VRB;VRB;nein;Lateinisch;6;1;1;1;nein
lemma_29652;Fizcâtor;fizcator;NAM;NAM;ja;Griechisch;3;1;1;1;nein
lemma_71983;flare;flare;VRB;VRB;nein;Lateinisch;3;1;1;1;nein
lemma_26911;flasculum;flasculum;NOM;NOM;nein;Lateinisch;2;1;1;1;nein
lemma_37942;flectere;flectere;VRB;VRB;nein;Lateinisch;4;1;1;1;nein
lemma_28715;Flêmîn;flemin;NAM;NAM;ja;Griechisch;3;1;1;1;nein
lemma_11819;fleur de lis;fleur de lis;NOM;NOM;nein;Französisch;2;1;1;1;nein
lemma_76590;floridus;floridus;ADJ;ADJ;nein;Lateinisch;2;1;1;1;nein
lemma_35848;fluctuus;fluctuus;ADJ;ADJ;nein;Lateinisch;3;1;1;1;nein
lemma_41151;fluere;fluere;VRB;VRB;nein;Lateinisch;4;1;1;1;nein
lemma_50874;flux;flux;NOM;NOM;nein;Lateinisch;5;1;1;1;nein
lemma_32141;foi;foi;NOM;NOM;nein;Französisch;6;1;1;1;nein
lemma_27334;folium;folium;NOM;NOM;nein;Lateinisch;3;1;1;1;nein
lemma_70335;foras;foras;ADV;ADV;nein;Lateinisch;2;1;1;1;nein
lemma_32282;Forenses;forenses;NAM;NAM;ja;Griechisch;3;1;1;1;nein
lemma_43230;foris;foris;ADV;ADV;nein;Lateinisch;3;1;1;1;nein
lemma_18679;formentz;formentz;PRO;PRO VRB;nein;Lateinisch;3;1;1;1;nein
lemma_62420;formosus;formosus;ADJ;ADJ;nein;Lateinisch;4;1;1;1;nein
lemma_46143;formularum;formularum;NOM;NOM;nein;Lateinisch;4;1;1;1;nein
lemma_52571;formung;formung;NOM;NOM;nein;Lateinisch;3;1;1;1;nein
lemma_37943;fornicare;fornicare;VRB;VRB;nein;Lateinisch;4;1;1;1;nein
lemma_44352;Foro;foro;NAM;NAM;ja;Italienisch;2;1;1;1;nein
lemma_67612;forsan;forsan;ADV;ADV;nein;Lateinisch;2;1;1;1;nein
lemma_70268;forstmeister;forstmeister;NOM;NOM;nein;Französisch;7;1;1;1;nein
lemma_25131;Fortinus;fortinus;NAM;NAM;ja;Griechisch;3;1;1;1;nein
lemma_45827;forum;forum;NOM;NOM;nein;Lateinisch;2;1;1;1;nein
lemma_30975;forzen;forzen;VRB;VRB;nein;Italienisch;4;1;1;1;nein
lemma_41961;fossa;fossa;ADJ;ADJ NOM;nein;Lateinisch;2;1;1;1;nein
lemma_25000;Fotînus;fotinus;NAM;NAM;ja;Lateinisch;4;1;1;1;nein
lemma_39448;fovere;fovere;VRB;VRB;nein;Lateinisch;7;1;1;1;nein
lemma_70715;fragmentum;fragmentum;NOM;NOM;nein;Lateinisch;4;1;1;1;nein
lemma_10794;frains;frains;ADJ;ADJ;nein;Französisch;2;1;1;1;nein
lemma_55553;franzoisisch;franzoisisch;ADJ;ADJ;nein;Einzelsprachen, Französisch;5;1;1;1;nein
lemma_26645;Frâtafernes;fratafernes;NAM;NAM;ja;Griechisch;3;1;1;1;nein
lemma_70371;fraternitas;fraternitas;NOM;NOM;nein;Lateinisch;6;1;1;1;nein
lemma_45821;fremere;fremere;VRB;VRB;nein;Lateinisch;4;1;1;1;nein
lemma_24293;frêre;frere;NOM;NOM;nein;Französisch;3;1;1;1;nein
lemma_28349;Frictonius;frictonius;NAM;NAM;ja;Lateinisch;3;1;1;1;nein
lemma_75039;frigere;frigere;VRB;VRB;nein;Lateinisch;4;1;1;1;nein
lemma_45751;frui;frui;VRB;VRB;nein;Lateinisch;11;1;1;1;nein
lemma_27098;frumentum;frumentum;NOM;NOM;nein;Lateinisch;3;1;1;1;nein
lemma_45840;fugare;fugare;VRB;VRB;nein;Lateinisch;5;1;1;1;nein
lemma_66802;Fuknitz;fuknitz;NAM;NAM;ja;Slawisch;2;1;1;1;nein
lemma_34877;fulgens;fulgens;ADJ;ADJ;nein;Lateinisch;3;1;1;1;nein
lemma_39167;fulgere;fulgere;VRB;VRB;nein;Lateinisch;3;1;1;1;nein
lemma_53513;fulgur;fulgur;NOM;NOM;nein;Lateinisch;3;1;1;1;nein
lemma_36727;fulke;fulke;NOM;NOM;nein;Lateinisch;2;1;1;1;nein
lemma_52474;Fulvius;fulvius;NAM;NAM;ja;Lateinisch;3;1;1;1;nein
lemma_70678;fumus;fumus;NOM;NOM;nein;Lateinisch;4;1;1;1;nein
lemma_45650;fundare;fundare;VRB;VRB;nein;Lateinisch;5;1;1;1;nein
lemma_45865;furiosus;furiosus;ADJ;ADJ;nein;Lateinisch;5;1;1;1;nein
lemma_70113;fusilis;fusilis;ADJ;ADJ;nein;Lateinisch;3;1;1;1;nein
lemma_30585;Gabwar;gabwar;NAM;NAM;ja;Arabisch;3;1;1;1;nein
lemma_27728;Gad;gad;NAM;NAM;ja;Hebräisch;4;1;1;1;nein
lemma_1860;Gahillet;gahillet;NAM;NAM;ja;Französisch;3;1;1;1;nein
lemma_57157;Gaia;gaia;NAM;NAM;ja;Lateinisch;3;1;1;1;nein
lemma_1862;Gaîn;gain;NAM;NAM;ja;Französisch;3;1;1;1;nein
lemma_57369;galea;galea;NOM;NOM;nein;Lateinisch;4;1;1;1;nein
lemma_41575;Galerez;galerez;NAM;NAM;ja;Französisch;3;1;1;1;nein
lemma_27221;gallina;gallina;NOM;NOM;nein;Lateinisch;5;1;1;1;nein
lemma_1885;Galopamur;galopamur;NAM;NAM;ja;Französisch;3;1;1;1;nein
lemma_29700;Gangârides;gangarides;NAM;NAM;ja;Griechisch;2;1;1;1;nein
lemma_1909;Gangier;gangier;NAM;NAM;ja;Französisch;3;1;1;1;nein
lemma_59668;Gardazelaim;gardazelaim;NAM;NAM;ja;Französisch;3;1;1;1;nein
lemma_27133;Gardianus;gardianus;NAM;NAM;ja;Lateinisch;4;1;1;1;nein
lemma_65509;Gargas;gargas;NAM;NAM;ja;Griechisch;3;1;1;1;nein
lemma_37894;Gartaz;gartaz;NAM;NAM;ja;Französisch;3;1;1;1;nein
lemma_1941;Gaueros;gaueros;NAM;NAM;ja;Französisch;3;1;1;1;nein
lemma_33912;Gazmer;gazmer;NAM;NAM;ja;Slawisch;3;1;1;1;nein
lemma_70175;gebalsemete;gebalsemete;ADJ;ADJ;nein;Lateinisch;10;1;1;1;nein
lemma_56935;gebenedîunge;gebenediunge;NOM;NOM;nein;Lateinisch;4;1;1;1;nein
lemma_45182;gebrechenhaft;gebrechenhaft;ADJ;ADJ;nein;Einzelsprachen;8;1;1;1;nein
lemma_28647;gediutez;gediutez;PRO;PRO VRB;nein;Einzelsprachen;9;1;1;1;nein
lemma_70390;gehenna;gehenna;NOM;NOM;nein;Griechisch, Hebräisch;8;1;1;1;nein
lemma_25526;gelidus;gelidus;ADJ;ADJ;nein;Lateinisch;4;1;1;1;nein
lemma_18553;gemalvisinet;gemalvisinet;VRB;VRB;nein;Französisch;5;1;1;1;nein
lemma_72288;gemere;gemere;VRB;VRB;nein;Lateinisch;4;1;1;1;nein
lemma_25462;Gemini;gemini;NAM;NAM;ja;Lateinisch;3;1;1;1;nein
lemma_69772;gemitus;gemitus;NOM;NOM;nein;Lateinisch;4;1;1;1;nein
lemma_28603;generascere;generascere;VRB;VRB;nein;Lateinisch;5;1;1;1;nein
lemma_34883;generosus;generosus;ADJ;ADJ;nein;Lateinisch;2;1;1;1;nein
lemma_51006;Genevieve;genevieve;NAM;NAM;ja;Französisch;4;1;1;1;nein
lemma_18406;genitrix;genitrix;ADJ;ADJ;nein;Lateinisch;3;1;1;1;nein
lemma_56750;gens;gens;NOM;NOM;nein;Lateinisch;5;1;1;1;nein
lemma_47058;Gentilis;gentilis;NAM;NAM;ja;Französisch;3;1;1;1;nein
lemma_34439;genus;genus;NOM;NOM;nein;Lateinisch;2;1;1;1;nein
lemma_75490;geparriertez;geparriertez;ADJ;ADJ;nein;Lateinisch;5;1;1;1;nein
lemma_35299;gerere;gerere;VRB;VRB;nein;Lateinisch;6;1;1;1;nein
lemma_62423;germen;germen;NOM;NOM;nein;Lateinisch;2;1;1;1;nein
lemma_24225;Gersiz;gersiz;NAM;NAM;ja;Französisch;3;1;1;1;nein
lemma_55709;gezünge;gezuenge;NOM;NOM;nein;Einzelsprachen;2;1;1;1;nein
lemma_46580;Gilgentac;gilgentac;NAM;NAM;ja;Lateinisch;5;1;1;1;nein
lemma_25286;Glauca;glauca;NAM;NAM;ja;Griechisch;3;1;1;1;nein
lemma_44356;Glawo;glawo;NAM;NAM;ja;Slawisch;3;1;1;1;nein
lemma_32464;Gletechleflors;gletechleflors;NAM;NAM;ja;Französisch;3;1;1;1;nein
lemma_24226;Glibon;glibon;NAM;NAM;ja;Französisch;3;1;1;1;nein
lemma_41595;Gligoras;gligoras;NAM;NAM;ja;Französisch;3;1;1;1;nein
lemma_22073;Glôbârîs;globaris;NAM;NAM;ja;Persisch;3;1;1;1;nein
lemma_55108;globus;globus;NOM;NOM;nein;Lateinisch;7;1;1;1;nein
lemma_59610;Glodoain;glodoain;NAM;NAM;ja;Französisch;3;1;1;1;nein
lemma_34995;glorificare;glorificare;VRB;VRB;nein;Lateinisch;6;1;1;1;nein
lemma_41594;Glotigoran;glotigoran;NAM;NAM;ja;Französisch;3;1;1;1;nein
lemma_44357;Gnewin;gnewin;NAM;NAM;ja;Slawisch;2;1;1;1;nein
lemma_44358;Gödinc;goedinc;NAM;NAM;ja;Slawisch;3;1;1;1;nein
lemma_20757;Gorgatân;gorgatan;NAM;NAM;ja;Griechisch;3;1;1;1;nein
lemma_28440;Gorgonius;gorgonius;NAM;NAM;ja;Lateinisch;4;1;1;1;nein
lemma_20754;Gorgor;gorgor;NAM;NAM;ja;Arabisch;3;1;1;1;nein
lemma_28506;Gormigdalus;gormigdalus;NAM;NAM;ja;Griechisch;3;1;1;1;nein
lemma_30146;Gozpodina;gozpodina;NAM;NAM;ja;Slawisch;7;1;1;1;nein
lemma_39796;graanze;graanze;NOM;NOM;nein;Französisch;4;1;1;1;nein
lemma_28103;Gracto;gracto;NAM;NAM;ja;Griechisch;3;1;1;1;nein
lemma_70511;graeci;graeci;ADJ;ADJ NOM;nein;Lateinisch;3;1;1;1;nein
lemma_16584;gramerzien;gramerzien;VRB;VRB;nein;Französisch;3;1;1;1;nein
lemma_45528;gramineus;gramineus;ADJ;ADJ NOM;nein;Lateinisch;3;1;1;1;nein
lemma_41008;grandmangerîe;grandmangerie;NOM;NOM;nein;Französisch;5;1;1;1;nein
lemma_2496;Grangodoans;grangodoans;NAM;NAM;ja;Französisch;3;1;1;1;nein
lemma_47928;grantner;grantner;NOM;NOM;nein;Rotwelsch;10;1;1;1;nein
lemma_66772;Grazgnodin;grazgnodin;NAM;NAM;ja;Slawisch;3;1;1;1;nein
lemma_35104;Grebnic;grebnic;NAM;NAM;ja;Slawisch;3;1;1;1;nein
lemma_53068;grenze;grenze;NOM;NOM;nein;Slawisch;4;1;1;1;nein
lemma_44363;Griffina;griffina;NAM;NAM;ja;Slawisch;3;1;1;1;nein
lemma_34723;Grolitschâ;grolitscha;NAM;NAM;ja;Slawisch;2;1;1;1;nein
lemma_40345;Gronosis;gronosis;NAM;NAM;ja;Französisch;3;1;1;1;nein
lemma_30987;grosso;grosso;ADJ;ADJ;nein;Italienisch;5;1;1;1;nein
lemma_37891;Guigamiers;guigamiers;NAM;NAM;ja;Französisch;3;1;1;1;nein
lemma_37459;gula;gula;NOM;NOM;nein;Lateinisch;5;1;1;1;nein
lemma_28366;Guncianus;guncianus;NAM;NAM;ja;Lateinisch;4;1;1;1;nein
lemma_11718;Gurdimalander;gurdimalander;NAM;NAM;ja;Griechisch;3;1;1;1;nein
lemma_20361;Gymeanus;gymeanus;NAM;NAM;ja;Griechisch;3;1;1;1;nein
lemma_39851;gypsum;gypsum;NOM;NOM;nein;Lateinisch;4;1;1;1;nein
lemma_35064;habilitare;habilitare;INJ;INJ VRB;nein;Lateinisch;4;1;1;1;nein
lemma_52793;habitaculum;habitaculum;NOM;NOM;nein;Lateinisch;2;1;1;1;nein
lemma_38652;habitatio;habitatio;NOM;NOM;nein;Lateinisch;3;1;1;1;nein
lemma_44366;Habr;habr;NAM;NAM;ja;Slawisch;2;1;1;1;nein
lemma_48974;hackareweiʒ;hackareweiʒ;NOM;NOM;nein;Lateinisch;5;1;1;1;nein
lemma_29423;Hacteâ;hactea;NAM;NAM;ja;Griechisch;2;1;1;1;nein
lemma_26343;Hagis;hagis;NAM;NAM;ja;Griechisch;3;1;1;1;nein
lemma_65497;Haimor;haimor;NAM;NAM;ja;Griechisch;2;1;1;1;nein
lemma_34346;hasard;hasard;NOM;NOM;nein;Französisch;3;1;1;1;nein
lemma_52369;Hasdrubal;hasdrubal;NAM;NAM;ja;Phönizisch-Punisch;4;1;1;1;nein
lemma_2674;Haterel;haterel;NAM;NAM;ja;Französisch;3;1;1;1;nein
lemma_30323;Hêbrêære;hebreaere;NAM;NAM;ja;Hebräisch;2;1;1;1;nein
lemma_24959;Hecontâpîlos;hecontapilos;NAM;NAM;ja;Griechisch;2;1;1;1;nein
lemma_20758;Hêgâtêus;hegateus;NAM;NAM;ja;Griechisch;3;1;1;1;nein
lemma_67909;heiligengel;heiligengel;NOM;NOM;nein;Lateinisch;6;1;1;1;nein
lemma_24196;heimsedel;heimsedel;ADJ;ADJ NOM;nein;Lateinisch;2;1;1;1;nein
lemma_29103;Hekate;hekate;NAM;NAM;ja;Griechisch;4;1;1;1;nein
lemma_34621;Heliastas;heliastas;NAM;NAM;ja;Griechisch;3;1;1;1;nein
lemma_60432;Hellebâsiliscus;hellebasiliscus;NAM;NAM;ja;Lateinisch;6;1;1;1;nein
lemma_2757;Henec;henec;NAM;NAM;ja;Französisch;3;1;1;1;nein
lemma_9841;Hênete;henete;NAM;NAM;ja;Französisch;3;1;1;1;nein
lemma_65530;Heneyda;heneyda;NAM;NAM;ja;Griechisch;3;1;1;1;nein
lemma_25484;hepta;hepta;NUM;NUM;nein;Griechisch;2;1;1;1;nein
lemma_70110;herba fullonum;herba fullonum;NOM;NOM;nein;Lateinisch;3;1;1;1;nein
lemma_28525;Herceclius;herceclius;NAM;NAM;ja;Griechisch;3;1;1;1;nein
lemma_64593;Hercolas;hercolas;NAM;NAM;ja;Griechisch;3;1;1;1;nein
lemma_44662;Hermanitz;hermanitz;NAM;NAM;ja;Slawisch;2;1;1;1;nein
lemma_22273;Hermogenes;hermogenes;NAM;NAM;ja;Griechisch;3;1;1;1;nein
lemma_76866;hernâchgeschriben;hernachgeschriben;ADJ;ADJ ADV;nein;Lateinisch;5;1;1;1;nein
lemma_28174;heros;heros;NOM;NOM;nein;Griechisch;4;1;1;1;nein
lemma_46889;herschengel;herschengel;NOM;NOM;nein;Lateinisch;5;1;1;1;nein
lemma_64790;Heyneas;heyneas;NAM;NAM;ja;Griechisch;3;1;1;1;nein
lemma_26376;Hidarnes;hidarnes;NAM;NAM;ja;Griechisch;3;1;1;1;nein
lemma_70728;hiemps;hiemps;NOM;NOM;nein;Lateinisch;4;1;1;1;nein
lemma_45537;hiems;hiems;NOM;NOM;nein;Lateinisch;3;1;1;1;nein
lemma_50954;hilaris;hilaris;ADJ;ADJ NOM;nein;Lateinisch;2;1;1;1;nein
lemma_31424;Hilarius;hilarius;NAM;NAM;ja;Lateinisch;4;1;1;1;nein
lemma_38901;himelrote;himelrote;NOM;NOM;nein;Französisch;6;1;1;1;nein
lemma_40691;himeltarant;himeltarant;NOM;NOM;nein;Lateinisch;3;1;1;1;nein
lemma_70314;hinnulusque;hinnulusque;CNJ;CNJ NOM;nein;Lateinisch;4;1;1;1;nein
lemma_47180;Hippomenes;hippomenes;NAM;NAM;ja;Griechisch;4;1;1;1;nein
lemma_29104;historiographus;historiographus;NOM;NOM;nein;Lateinisch;6;1;1;1;nein
lemma_44786;hlava;hlava;NOM;NOM;nein;Slawisch, Tschechisch;3;1;1;1;nein
lemma_44380;Hluboka;hluboka;NAM;NAM;ja;Slawisch, Tschechisch;3;1;1;1;nein
lemma_68575;hodiernus;hodiernus;ADJ;ADJ;nein;Lateinisch;2;1;1;1;nein
lemma_42415;Hodka;hodka;NAM;NAM;ja;Slawisch;3;1;1;1;nein
lemma_18822;Hoerninck;hoerninck;NAM;NAM;ja;Slawisch;3;1;1;1;nein
lemma_45933;Hoikon Nikomacheion;hoikon nikomacheion;NAM;NAM;ja;Griechisch;2;1;1;1;nein
lemma_56412;holocaustum;holocaustum;NOM;NOM;nein;Lateinisch;3;1;1;1;nein
lemma_19974;Honestus;honestus;NAM;NAM;ja;Lateinisch;3;1;1;1;nein
lemma_62424;honestus;honestus;ADJ;ADJ;nein;Lateinisch;3;1;1;1;nein
lemma_75208;honorabilis;honorabilis;ADJ;ADJ;nein;Lateinisch;3;1;1;1;nein
lemma_2899;Honoratus;honoratus;NAM;NAM;ja;Lateinisch;4;1;1;1;nein
lemma_75210;honorificare;honorificare;VRB;VRB;nein;Lateinisch;3;1;1;1;nein
lemma_67728;horarius;horarius;ADJ;ADJ;nein;Lateinisch;2;1;1;1;nein
lemma_44702;Horinowes;horinowes;NAM;NAM;ja;Tschechisch;2;1;1;1;nein
lemma_38684;horizon;horizon;NOM;NOM;nein;Lateinisch;5;1;1;1;nein
lemma_47118;Hortensius;hortensius;NAM;NAM;ja;Lateinisch;3;1;1;1;nein
lemma_35220;hortus;hortus;NOM;NOM;nein;Lateinisch;5;1;1;1;nein
lemma_66705;hostis;hostis;NOM;NOM;nein;Lateinisch;7;1;1;1;nein
lemma_63991;Hostras;hostras;NAM;NAM;ja;Griechisch;3;1;1;1;nein
lemma_44381;Hotka;hotka;NAM;NAM;ja;Slawisch, Tschechisch;4;1;1;1;nein
lemma_44383;Hrabisse;hrabisse;NAM;NAM;ja;Slawisch;3;1;1;1;nein
lemma_44388;Hrosnata;hrosnata;NAM;NAM;ja;Tschechisch;3;1;1;1;nein
lemma_47954;hudel;hudel;NOM;NOM;nein;Rotwelsch;7;1;1;1;nein
lemma_47963;hümpeler;huempeler;NOM;NOM;nein;Rotwelsch;10;1;1;1;nein
lemma_46485;humanitas;humanitas;NOM;NOM;nein;Lateinisch;2;1;1;1;nein
lemma_51122;humectare;humectare;VRB;VRB;nein;Lateinisch;4;1;1;1;nein
lemma_27254;humidus;humidus;ADJ;ADJ;nein;Lateinisch;4;1;1;1;nein
lemma_41826;hungerlewe;hungerlewe;NOM;NOM;nein;Lateinisch;7;1;1;1;nein
lemma_47466;Hyacinthus;hyacinthus;NAM;NAM;ja;Griechisch;4;1;1;1;nein
lemma_62771;Hylyon;hylyon;NAM;NAM;ja;Griechisch;3;1;1;1;nein
lemma_52368;Hyppo;hyppo;NAM;NAM;ja;Griechisch;3;1;1;1;nein
lemma_52032;Hypsicratea;hypsicratea;NAM;NAM;ja;Griechisch, Persisch;4;1;1;1;nein
lemma_34797;iacere;iacere;VRB;VRB;nein;Lateinisch;4;1;1;1;nein
lemma_45658;iaculum;iaculum;NOM;NOM;nein;Lateinisch;2;1;1;1;nein
lemma_25396;Ianus;ianus;NAM;NAM;ja;Lateinisch;2;1;1;1;nein
lemma_44666;Iarochneb;iarochneb;NAM;NAM;ja;Tschechisch;3;1;1;1;nein
lemma_47182;Icarus;icarus;NAM;NAM;ja;Griechisch;4;1;1;1;nein
lemma_26557;Idaspis;idaspis;NAM;NAM;ja;Persisch;3;1;1;1;nein
lemma_31500;ideoque;ideoque;ADV;ADV;nein;Lateinisch;2;1;1;1;nein
lemma_24445;îderslange;iderslange;NOM;NOM;nein;Griechisch;4;1;1;1;nein
lemma_23444;Idîoxenus;idioxenus;NAM;NAM;ja;Griechisch;3;1;1;1;nein
lemma_31497;Idippe;idippe;NAM;NAM;ja;Griechisch;3;1;1;1;nein
lemma_31725;idoneus;idoneus;ADJ;ADJ;nein;Lateinisch;3;1;1;1;nein
lemma_25516;idos;idos;NOM;NOM;nein;Griechisch;5;1;1;1;nein
lemma_27331;ieiunus;ieiunus;ADJ;ADJ;nein;Lateinisch;3;1;1;1;nein
lemma_28419;Ignatius;ignatius;NAM;NAM;ja;Lateinisch;4;1;1;1;nein
lemma_19206;Ilâtrûn;ilatrun;NAM;NAM;ja;Griechisch;3;1;1;1;nein
lemma_45759;imitari;imitari;VRB;VRB;nein;Lateinisch;5;1;1;1;nein
lemma_78454;immo;immo;ADJ;ADJ ADV;nein;Lateinisch;3;1;1;1;nein
lemma_70049;immolare;immolare;VRB;VRB;nein;Lateinisch;7;1;1;1;nein
lemma_69837;immundus;immundus;ADJ;ADJ;nein;Lateinisch;5;1;1;1;nein
lemma_44448;Imola;imola;NAM;NAM;ja;Italienisch;2;1;1;1;nein
lemma_45770;impatientia;impatientia;NEG;NEG NOM;nein;Lateinisch;2;1;1;1;nein
lemma_72141;impendere;impendere;VRB;VRB;nein;Lateinisch;4;1;1;1;nein
lemma_43222;imperator;imperator;NOM;NOM;nein;Lateinisch;10;1;1;1;nein
lemma_45551;impetere;impetere;VRB;VRB;nein;Lateinisch;3;1;1;1;nein
lemma_67814;impietas;impietas;NOM;NOM;nein;Lateinisch;5;1;1;1;nein
lemma_40367;implicare;implicare;VRB;VRB;nein;Lateinisch;5;1;1;1;nein
lemma_57789;imprudens;imprudens;ADJ;ADJ NEG NOM;nein;Lateinisch;6;1;1;1;nein
lemma_61613;inaestimabilis;inaestimabilis;ADJ;ADJ;nein;Lateinisch;7;1;1;1;nein
lemma_62714;inastronomîe;inastronomie;NOM;NOM PRP;nein;Lateinisch;3;1;1;1;nein
lemma_48384;inauditus;inauditus;ADJ;ADJ NEG;nein;Lateinisch;3;1;1;1;nein
lemma_70669;incedere;incedere;VRB;VRB;nein;Lateinisch;4;1;1;1;nein
lemma_69901;incertus;incertus;ADJ;ADJ;nein;Lateinisch;3;1;1;1;nein
lemma_35680;incestus;incestus;NOM;NOM;nein;Lateinisch;5;1;1;1;nein
lemma_61308;incipere;incipere;VRB;VRB;nein;Lateinisch;5;1;1;1;nein
lemma_46223;incomptus;incomptus;ADJ;ADJ;nein;Lateinisch;5;1;1;1;nein
lemma_53371;inconfessio;inconfessio;NOM;NOM PRP;nein;Lateinisch;6;1;1;1;nein
lemma_46192;incontinens;incontinens;ADJ;ADJ NEG;nein;Lateinisch;6;1;1;1;nein
lemma_78491;incultus;incultus;ADJ;ADJ;nein;Lateinisch;4;1;1;1;nein
lemma_70631;incumbere;incumbere;VRB;VRB;nein;Lateinisch;6;1;1;1;nein
lemma_46302;indicare;indicare;VRB;VRB;nein;Lateinisch;5;1;1;1;nein
lemma_70248;indigere;indigere;VRB;VRB;nein;Lateinisch;4;1;1;1;nein
lemma_39332;individuus;individuus;ADJ;ADJ;nein;Lateinisch;2;1;1;1;nein
lemma_78492;indocilis;indocilis;ADJ;ADJ;nein;Lateinisch;4;1;1;1;nein
lemma_28053;inducere;inducere;VRB;VRB;nein;Lateinisch;6;1;1;1;nein
lemma_70309;indumentum;indumentum;NOM;NOM;nein;Lateinisch;2;1;1;1;nein
lemma_61651;inebriare;inebriare;VRB;VRB;nein;Lateinisch;5;1;1;1;nein
lemma_67900;ineffabilis;ineffabilis;ADJ;ADJ ADV;nein;Lateinisch;4;1;1;1;nein
lemma_46226;inevitabilis;inevitabilis;ADJ;ADJ NEG;nein;Lateinisch;5;1;1;1;nein
lemma_46041;infamis;infamis;ADJ;ADJ;nein;Lateinisch;4;1;1;1;nein
lemma_46152;infantia;infantia;NOM;NOM;nein;Lateinisch;2;1;1;1;nein
lemma_48379;infernus;infernus;NOM;NOM;nein;Lateinisch;5;1;1;1;nein
lemma_21808;infinîtâ;infinita;ADJ;ADJ;nein;Lateinisch;5;1;1;1;nein
lemma_46218;inflare;inflare;VRB;VRB;nein;Lateinisch;4;1;1;1;nein
lemma_45689;inflectere;inflectere;VRB;VRB;nein;Lateinisch;7;1;1;1;nein
lemma_46147;informatio;informatio;NOM;NOM;nein;Lateinisch;6;1;1;1;nein
lemma_39510;infrequens;infrequens;ADJ;ADJ;nein;Lateinisch;3;1;1;1;nein
lemma_27571;ingenium;ingenium;NOM;NOM;nein;Lateinisch;6;1;1;1;nein
lemma_32483;Ingenuinus;ingenuinus;NAM;NAM;ja;Lateinisch;3;1;1;1;nein
lemma_27570;ingenuus;ingenuus;NOM;NOM;nein;Lateinisch;4;1;1;1;nein
lemma_61380;inhabitare;inhabitare;VRB;VRB;nein;Lateinisch;4;1;1;1;nein
lemma_46101;inhibitio;inhibitio;NOM;NOM;nein;Lateinisch;6;1;1;1;nein
lemma_70516;inire;inire;VRB;VRB;nein;Lateinisch;7;1;1;1;nein
lemma_46133;iniuria;iniuria;NEG;NEG NOM;nein;Lateinisch;4;1;1;1;nein
lemma_40349;iniustus;iniustus;ADJ;ADJ NEG;nein;Lateinisch;3;1;1;1;nein
lemma_70448;injustus;injustus;ADJ;ADJ ADV NEG;nein;Lateinisch;6;1;1;1;nein
lemma_67874;inmolatus;inmolatus;NOM;NOM;nein;Lateinisch;4;1;1;1;nein
lemma_70410;inmunditia;inmunditia;NOM;NOM;nein;Lateinisch;4;1;1;1;nein
lemma_42785;innominedominiamen;innominedominiamen;INJ;INJ NOM PRP;nein;Lateinisch;5;1;1;1;nein
lemma_46254;innovare;innovare;VRB;VRB;nein;Lateinisch;5;1;1;1;nein
lemma_40299;inpalmam;inpalmam;NOM;NOM PRP;nein;Lateinisch;5;1;1;1;nein
lemma_69909;insidiari;insidiari;VRB;VRB;nein;Lateinisch;4;1;1;1;nein
lemma_67750;insinuare;insinuare;VRB;VRB;nein;Lateinisch;4;1;1;1;nein
lemma_48261;inspirare;inspirare;VRB;VRB;nein;Lateinisch;5;1;1;1;nein
lemma_55532;instaurare;instaurare;VRB;VRB;nein;Lateinisch;7;1;1;1;nein
lemma_58396;instola;instola;NOM;NOM PRP;nein;Lateinisch;6;1;1;1;nein
lemma_25461;inTauro;intauro;NAM;NAM PRP;ja;Lateinisch;3;1;1;1;nein
lemma_72132;inte;inte;PRO;PRO PRP;nein;Lateinisch;4;1;1;1;nein
lemma_37935;intellectualis;intellectualis;NOM;NOM;nein;Lateinisch;5;1;1;1;nein
lemma_65411;intempore;intempore;ADV;ADV;nein;Lateinisch;2;1;1;1;nein
lemma_65412;intemptacionem;intemptacionem;NOM;NOM;nein;Lateinisch;5;1;1;1;nein
lemma_72229;intercessio;intercessio;NOM;NOM;nein;Lateinisch;4;1;1;1;nein
lemma_45907;interdum;interdum;ADV;ADV;nein;Lateinisch;2;1;1;1;nein
lemma_69774;interemere;interemere;NOM;NOM VRB;nein;Lateinisch;3;1;1;1;nein
lemma_38342;interire;interire;PRP;PRP VRB;nein;Lateinisch;5;1;1;1;nein
lemma_46222;interlocutio;interlocutio;NOM;NOM;nein;Lateinisch;3;1;1;1;nein
lemma_16159;intestinum;intestinum;NOM;NOM;nein;Lateinisch;6;1;1;1;nein
lemma_67878;intimus;intimus;ADJ;ADJ;nein;Lateinisch;5;1;1;1;nein
lemma_71288;intremere;intremere;VRB;VRB;nein;Lateinisch;4;1;1;1;nein
lemma_70431;intrinsecus;intrinsecus;ADV;ADV;nein;Lateinisch;2;1;1;1;nein
lemma_71048;inunum;inunum;NUM;NUM PRP;nein;Französisch, Italienisch, Lateinisch;6;1;1;1;nein
lemma_55048;inustitia;inustitia;NOM;NOM;nein;Lateinisch;3;1;1;1;nein
lemma_45657;invalescere;invalescere;VRB;VRB;nein;Lateinisch;4;1;1;1;nein
lemma_46224;invectio;invectio;NOM;NOM;nein;Lateinisch;2;1;1;1;nein
lemma_35434;inventor;inventor;NOM;NOM;nein;Lateinisch;5;1;1;1;nein
lemma_38446;invidia;invidia;NOM;NOM;nein;Lateinisch;2;1;1;1;nein
lemma_34431;invisibilis;invisibilis;ADJ;ADJ NEG;nein;Lateinisch;2;1;1;1;nein
lemma_39415;invitare;invitare;VRB;VRB;nein;Lateinisch;3;1;1;1;nein
lemma_55012;invocare;invocare;PRP;PRP VRB;nein;Lateinisch;4;1;1;1;nein
lemma_27209;Iordanich;iordanich;NAM;NAM;ja;Griechisch;3;1;1;1;nein
lemma_26146;Iotharus;iotharus;NAM;NAM;ja;Griechisch;2;1;1;1;nein
lemma_46861;ipocrite;ipocrite;NOM;NOM;nein;Lateinisch;6;1;1;1;nein
lemma_31622;Ippote;ippote;NAM;NAM;ja;Griechisch;3;1;1;1;nein
lemma_45863;ira;ira;NOM;NOM;nein;Lateinisch;2;1;1;1;nein
lemma_70494;irridere;irridere;VRB;VRB;nein;Lateinisch;7;1;1;1;nein
lemma_34916;irrigare;irrigare;VRB;VRB;nein;Lateinisch;2;1;1;1;nein
lemma_70372;irruere;irruere;VRB;VRB;nein;Lateinisch;3;1;1;1;nein
lemma_45797;irrutilare;irrutilare;VRB;VRB;nein;Lateinisch;3;1;1;1;nein
lemma_33453;iruele;iruele;NOM;NOM;nein;Ungarisch;2;1;1;1;nein
lemma_41589;Isnel;isnel;NAM;NAM;ja;Französisch;3;1;1;1;nein
lemma_28510;Isolaus;isolaus;NAM;NAM;ja;Griechisch;3;1;1;1;nein
lemma_30990;isso;isso;ADV;ADV PRO;nein;Italienisch;4;1;1;1;nein
lemma_24977;Istâmenes;istamenes;NAM;NAM;ja;Griechisch;3;1;1;1;nein
lemma_45530;iubar;iubar;NOM;NOM VRB;nein;Lateinisch;2;1;1;1;nein
lemma_47229;Iugurta;iugurta;NAM;NAM;ja;Lateinisch;3;1;1;1;nein
lemma_37245;iumentum;iumentum;NOM;NOM;nein;Lateinisch;4;1;1;1;nein
lemma_45829;iungere;iungere;VRB;VRB;nein;Lateinisch;6;1;1;1;nein
lemma_46053;iurisdictio;iurisdictio;NOM;NOM;nein;Lateinisch;7;1;1;1;nein
lemma_36905;iuvare;iuvare;VRB;VRB;nein;Lateinisch;3;1;1;1;nein
lemma_44446;Ivrea;ivrea;NAM;NAM;ja;Italienisch;2;1;1;1;nein
lemma_33953;Iwantschitz;iwantschitz;NAM;NAM;ja;Slawisch;2;1;1;1;nein
lemma_47303;Ixion;ixion;NAM;NAM;ja;Griechisch;4;1;1;1;nein
lemma_78209;jâchandîn;jachandin;ADJ;ADJ;nein;Lateinisch;5;1;1;1;nein
lemma_28385;Jacinctus;jacinctus;NAM;NAM;ja;Lateinisch;3;1;1;1;nein
lemma_28415;Jairos;jairos;NAM;NAM;ja;Hebräisch;4;1;1;1;nein
lemma_31645;Jamêne;jamene;NAM;NAM;ja;Griechisch;3;1;1;1;nein
lemma_35781;Jazlawiz;jazlawiz;NAM;NAM;ja;Ungarisch;2;1;1;1;nein
lemma_34652;Jednic;jednic;NAM;NAM;ja;Slawisch;2;1;1;1;nein
lemma_25188;Jerechie;jerechie;NAM;NAM;ja;Arabisch;3;1;1;1;nein
lemma_17336;Jeressabel;jeressabel;NAM;NAM;ja;Französisch;3;1;1;1;nein
lemma_3122;jeroffel;jeroffel;NOM;NOM;nein;Französisch;3;1;1;1;nein
lemma_47958;JHWH;jhwh;NAM;NAM;ja;Hebräisch;5;1;1;1;nein
lemma_26137;Jo;jo;NAM;NAM;ja;Griechisch;4;1;1;1;nein
lemma_25273;Jofar;jofar;NAM;NAM;ja;Arabisch;3;1;1;1;nein
lemma_39748;joieuse;joieuse;ADJ;ADJ ADV;nein;Französisch;3;1;1;1;nein
lemma_20144;Jômel;jomel;NAM;NAM;ja;Französisch;3;1;1;1;nein
lemma_26126;Jônâ;jona;NAM;NAM;ja;Griechisch;2;1;1;1;nein
lemma_26145;Joppitê;joppite;NAM;NAM;ja;Griechisch;3;1;1;1;nein
lemma_26135;Jordanus;jordanus;NAM;NAM;ja;Lateinisch;4;1;1;1;nein
lemma_18768;Josuêle;josuele;NAM;NAM;ja;Griechisch;3;1;1;1;nein
lemma_40749;jouer;jouer;VRB;VRB;nein;Französisch;6;1;1;1;nein
lemma_10795;Jovelin;jovelin;NAM;NAM;ja;Französisch;3;1;1;1;nein
lemma_41776;Joyfloris;joyfloris;NAM;NAM;ja;Französisch;2;1;1;1;nein
lemma_26130;Jôzêus;jozeus;NAM;NAM;ja;Griechisch;3;1;1;1;nein
lemma_70492;jubere;jubere;VRB;VRB;nein;Lateinisch;6;1;1;1;nein
lemma_59810;jubilatio;jubilatio;NOM;NOM;nein;Lateinisch;3;1;1;1;nein
lemma_46230;judicialis;judicialis;ADJ;ADJ;nein;Lateinisch;3;1;1;1;nein
lemma_40848;Jugurtus;jugurtus;NAM;NAM;ja;Lateinisch;4;1;1;1;nein
lemma_24108;Junamûr;junamur;NAM;NAM;ja;Französisch;3;1;1;1;nein
lemma_70667;juncteque;juncteque;ADV;ADV CNJ;nein;Lateinisch;3;1;1;1;nein
lemma_30930;junctura;junctura;NOM;NOM;nein;Lateinisch;6;1;1;1;nein
lemma_47921;junen;junen;VRB;VRB;nein;Rotwelsch;5;1;1;1;nein
lemma_57068;juwel;juwel;NOM;NOM;nein;Französisch;3;1;1;1;nein
lemma_28497;Kabaracius;kabaracius;NAM;NAM;ja;Lateinisch;3;1;1;1;nein
lemma_35579;kakô;kako;IPA;IPA;nein;Slawisch;3;1;1;1;nein
lemma_44397;Kalaw;kalaw;NAM;NAM;ja;Slawisch;2;1;1;1;nein
lemma_26930;Kaleph;kaleph;NAM;NAM;ja;Hebräisch;4;1;1;1;nein
lemma_23667;Kalixtus;kalixtus;NAM;NAM;ja;Lateinisch;4;1;1;1;nein
lemma_63716;Kaloys;kaloys;NAM;NAM;ja;Griechisch;3;1;1;1;nein
lemma_42334;Kassin;kassin;NAM;NAM;ja;Tschechisch;2;1;1;1;nein
lemma_77391;katîve;kative;NOM;NOM;nein;Französisch, Lateinisch;7;1;1;1;nein
lemma_31930;kazati;kazati;VRB;VRB;nein;Slawisch;5;1;1;1;nein
lemma_56751;kerrînære;kerrinaere;NOM;NOM;nein;Lateinisch;6;1;1;1;nein
lemma_22458;Killoys;killoys;NAM;NAM;ja;Französisch;3;1;1;1;nein
lemma_46974;kirchregieren;kirchregieren;NOM;NOM VRB;nein;Lateinisch;5;1;1;1;nein
lemma_44300;Kladrup;kladrup;NAM;NAM;ja;Tschechisch;2;1;1;1;nein
lemma_47929;klant;klant;NOM;NOM;nein;Rotwelsch;10;1;1;1;nein
lemma_44669;Klapy;klapy;NAM;NAM;ja;Tschechisch;3;1;1;1;nein
lemma_26209;Klîtemach;klitemach;NAM;NAM;ja;Griechisch;3;1;1;1;nein
lemma_26235;Klîtomedus;klitomedus;NAM;NAM;ja;Griechisch;3;1;1;1;nein
lemma_44398;Koboran;koboran;NAM;NAM;ja;Slawisch;2;1;1;1;nein
lemma_62455;kölnisch;koelnisch;ADJ;ADJ;nein;Lateinisch;2;1;1;1;nein
lemma_42446;Kokorsin;kokorsin;NAM;NAM;ja;Tschechisch;3;1;1;1;nein
lemma_44670;Kokot;kokot;NAM;NAM;ja;Slawisch;3;1;1;1;nein
lemma_42941;koletsch;koletsch;NOM;NOM;nein;Slawisch;3;1;1;1;nein
lemma_50096;kompâninne;kompaninne;NOM;NOM;nein;Französisch;3;1;1;1;nein
lemma_3407;Koralus;koralus;NAM;NAM;ja;Lateinisch;3;1;1;1;nein
lemma_44304;Kostomlat;kostomlat;NAM;NAM;ja;Tschechisch;2;1;1;1;nein
lemma_44651;Kowan;kowan;NAM;NAM;ja;Slawisch;3;1;1;1;nein
lemma_23441;Koxarî;koxari;NAM;NAM;ja;Griechisch;3;1;1;1;nein
lemma_51095;kram;kram;NOM;NOM;nein;Französisch, Lateinisch;4;1;1;1;nein
lemma_14544;kreigiertens;kreigiertens;PRO;PRO VRB;nein;Französisch;8;1;1;1;nein
lemma_20559;Kridôs;kridos;NAM;NAM;ja;Arabisch;3;1;1;1;nein
lemma_40540;krisemhuot;krisemhuot;NOM;NOM;nein;Griechisch, Lateinisch;5;1;1;1;nein
lemma_42738;krisemkleit;krisemkleit;NOM;NOM;nein;Griechisch, Lateinisch;6;1;1;1;nein
lemma_56669;kriuzlich;kriuzlich;ADJ;ADJ;nein;Lateinisch;7;1;1;1;nein
lemma_44311;Kruschina;kruschina;NAM;NAM;ja;Tschechisch;3;1;1;1;nein
lemma_44400;Krziwosud;krziwosud;NAM;NAM;ja;Slawisch;3;1;1;1;nein
lemma_34786;küchengarzûn;kuechengarzun;NOM;NOM;nein;Französisch;8;1;1;1;nein
lemma_44317;Kujawien;kujawien;NAM;NAM;ja;Slawisch;2;1;1;1;nein
lemma_48163;Kumoff;kumoff;NAM;NAM;ja;Slawisch;3;1;1;1;nein
lemma_48038;kurtesan;kurtesan;NOM;NOM;nein;Französisch;6;1;1;1;nein
lemma_64970;kurtoisine;kurtoisine;NOM;NOM;nein;Französisch;6;1;1;1;nein
lemma_67110;kusterîe;kusterie;NOM;NOM;nein;Lateinisch;4;1;1;1;nein
lemma_40342;Labagides;labagides;NAM;NAM;ja;Französisch;3;1;1;1;nein
lemma_38614;labia;labia;NOM;NOM;nein;Lateinisch;3;1;1;1;nein
lemma_69898;laborare;laborare;VRB;VRB;nein;Lateinisch;5;1;1;1;nein
lemma_61376;lacrima;lacrima;NOM;NOM;nein;Lateinisch;6;1;1;1;nein
lemma_45656;lacrimare;lacrimare;VRB;VRB;nein;Lateinisch;4;1;1;1;nein
lemma_47087;Laertes;laertes;NAM;NAM;ja;Griechisch;3;1;1;1;nein
lemma_67907;laetari;laetari;VRB;VRB;nein;Lateinisch;3;1;1;1;nein
lemma_45597;laetus;laetus;ADJ;ADJ;nein;Lateinisch;2;1;1;1;nein
lemma_32068;Laissirander;laissirander;NAM;NAM;ja;Griechisch;3;1;1;1;nein
lemma_48052;Laistrygone;laistrygone;NAM;NAM;ja;Griechisch;3;1;1;1;nein
lemma_35340;lama;lama;NOM;NOM;nein;Lateinisch;1;1;1;1;nein
lemma_56688;lama asabthani;lama asabthani;VRB;VRB;nein;Hebräisch;5;1;1;1;nein
lemma_16122;lamentatio;lamentatio;NOM;NOM;nein;Lateinisch;5;1;1;1;nein
lemma_40548;lamentierlich;lamentierlich;ADJ;ADJ ADV;nein;Lateinisch;5;1;1;1;nein
lemma_23411;Lampus;lampus;NAM;NAM;ja;Griechisch;3;1;1;1;nein
lemma_59531;Landebele;landebele;NOM;NOM;nein;Französisch;2;1;1;1;nein
lemma_28490;Landegus;landegus;NAM;NAM;ja;Lateinisch;3;1;1;1;nein
lemma_45533;languere;languere;VRB;VRB;nein;Lateinisch;5;1;1;1;nein
lemma_41458;Lanoys;lanoys;NAM;NAM;ja;Französisch;3;1;1;1;nein
lemma_10804;lantmassenie;lantmassenie;NOM;NOM;nein;Französisch;4;1;1;1;nein
lemma_70690;lapidare;lapidare;VRB;VRB;nein;Lateinisch;4;1;1;1;nein
lemma_24010;Lâpîs;lapis;NAM;NAM;ja;Lateinisch;4;1;1;1;nein
lemma_34103;Larant;larant;NAM;NAM;ja;Ungarisch;3;1;1;1;nein
lemma_28711;Lareine;lareine;NAM;NAM;ja;Griechisch;3;1;1;1;nein
lemma_45853;largus;largus;ADJ;ADJ;nein;Lateinisch;4;1;1;1;nein
lemma_9273;laschantiure;laschantiure;NOM;NOM;nein;Französisch;2;1;1;1;nein
lemma_70068;later;later;NOM;NOM;nein;Lateinisch;4;1;1;1;nein
lemma_39828;Latricia;latricia;NAM;NAM;ja;Griechisch;3;1;1;1;nein
lemma_40288;latus;latus;ADJ;ADJ;nein;Lateinisch;5;1;1;1;nein
lemma_25245;Laudamanna;laudamanna;NAM;NAM;ja;Griechisch;3;1;1;1;nein
lemma_3637;Laudatia;laudatia;NAM;NAM;ja;Lateinisch;2;1;1;1;nein
lemma_29665;Lauernatos;lauernatos;NAM;NAM;ja;Griechisch;3;1;1;1;nein
lemma_28687;lavare;lavare;VRB;VRB;nein;Lateinisch;3;1;1;1;nein
lemma_3642;Lawis;lawis;NAM;NAM;ja;Lateinisch;3;1;1;1;nein
lemma_32674;Lazamer;lazamer;NAM;NAM;ja;Ungarisch;3;1;1;1;nein
lemma_26326;Lechikrâtes;lechikrates;NAM;NAM;ja;Griechisch;3;1;1;1;nein
lemma_31705;lectio;lectio;NOM;NOM;nein;Lateinisch;5;1;1;1;nein
lemma_31749;Leda;leda;NAM;NAM;ja;Griechisch;3;1;1;1;nein
lemma_60589;Lefue;lefue;NAM;NAM;ja;Französisch;3;1;1;1;nein
lemma_44403;Lemus;lemus;NAM;NAM;ja;Slawisch;2;1;1;1;nein
lemma_45529;lentus;lentus;ADJ;ADJ;nein;Lateinisch;3;1;1;1;nein
lemma_28382;Leobertus;leobertus;NAM;NAM;ja;Lateinisch;4;1;1;1;nein
lemma_20087;Leodomant;leodomant;NAM;NAM;ja;Griechisch;3;1;1;1;nein
lemma_25103;Leôn;leon;NAM;NAM;ja;Griechisch;3;1;1;1;nein
lemma_3716;Lernfras;lernfras;NAM;NAM;ja;Französisch;3;1;1;1;nein
lemma_44405;Leschen;leschen;NAM;NAM;ja;Slawisch;2;1;1;1;nein
lemma_44406;Lesko;lesko;NAM;NAM;ja;Slawisch;3;1;1;1;nein
lemma_44404;Leslaw;leslaw;NAM;NAM;ja;Slawisch;2;1;1;1;nein
lemma_3721;Lespîn;lespin;NAM;NAM;ja;Französisch;3;1;1;1;nein
lemma_26248;Lespus;lespus;NAM;NAM;ja;Griechisch;3;1;1;1;nein
lemma_72368;lessus;lessus;NOM;NOM;nein;Lateinisch;5;1;1;1;nein
lemma_32289;Lestugo;lestugo;NAM;NAM;ja;Griechisch;3;1;1;1;nein
lemma_17335;Lesurant;lesurant;NAM;NAM;ja;Französisch;3;1;1;1;nein
lemma_70732;letare;letare;VRB;VRB;nein;Lateinisch;3;1;1;1;nein
lemma_72370;letum;letum;NOM;NOM;nein;Lateinisch;2;1;1;1;nein
lemma_47500;Leukothoe;leukothoe;NAM;NAM;ja;Griechisch;4;1;1;1;nein
lemma_43360;Levenet;levenet;NAM;NAM;ja;Französisch;3;1;1;1;nein
lemma_27648;levitas;levitas;NOM;NOM;nein;Lateinisch;6;1;1;1;nein
lemma_41288;libenter;libenter;ADV;ADV;nein;Lateinisch;6;1;1;1;nein
lemma_27585;libertinus;libertinus;NOM;NOM;nein;Lateinisch;4;1;1;1;nein
lemma_18573;Liberus;liberus;NAM;NAM;ja;Griechisch, Lateinisch;4;1;1;1;nein
lemma_26375;Lîcaon;licaon;NAM;NAM;ja;Griechisch;3;1;1;1;nein
lemma_30128;Lichmach;lichmach;NAM;NAM;ja;Griechisch;3;1;1;1;nein
lemma_51290;lieferunge;lieferunge;NOM;NOM;nein;Lateinisch;5;1;1;1;nein
lemma_43710;ligamenta;ligamenta;NOM;NOM;nein;Lateinisch;3;1;1;1;nein
lemma_51311;limpfantia;limpfantia;NOM;NOM;nein;Lateinisch;2;1;1;1;nein
lemma_3785;Lingo;lingo;NAM;NAM;ja;Französisch;3;1;1;1;nein
lemma_25532;linquere;linquere;VRB;VRB;nein;Lateinisch;3;1;1;1;nein
lemma_27099;linum;linum;NOM;NOM;nein;Lateinisch;2;1;1;1;nein
lemma_28357;Linus;linus;NAM;NAM;ja;Lateinisch;4;1;1;1;nein
lemma_3787;Linval;linval;NAM;NAM;ja;Französisch;3;1;1;1;nein
lemma_29381;Lios;lios;NAM;NAM;ja;Französisch;3;1;1;1;nein
lemma_44673;Lipnitz;lipnitz;NAM;NAM;ja;Slawisch;2;1;1;1;nein
lemma_31186;Lippatreiz;lippatreiz;NAM;NAM;ja;Griechisch;3;1;1;1;nein
lemma_17574;Lippidus;lippidus;NAM;NAM;ja;Lateinisch;3;1;1;1;nein
lemma_28600;Lisimacus;lisimacus;NAM;NAM;ja;Griechisch;3;1;1;1;nein
lemma_30225;Liso;liso;NAM;NAM;ja;Griechisch;3;1;1;1;nein
lemma_31462;Lîtas;litas;NAM;NAM;ja;Griechisch;3;1;1;1;nein
lemma_70079;livor;livor;NOM;NOM;nein;Lateinisch;5;1;1;1;nein
lemma_42935;Lobist;lobist;NAM;NAM;ja;Slawisch;2;1;1;1;nein
lemma_39892;Loculus;loculus;NAM;NAM;ja;Lateinisch;3;1;1;1;nein
lemma_45848;locutio;locutio;NOM;NOM;nein;Lateinisch;2;1;1;1;nein
lemma_58788;logie;logie;NOM;NOM;nein;Französisch;4;1;1;1;nein
lemma_47453;Lollius;lollius;NAM;NAM;ja;Lateinisch;3;1;1;1;nein
lemma_21115;Longimanus;longimanus;NAM;NAM;ja;Lateinisch, Persisch;4;1;1;1;nein
lemma_48035;longus;longus;ADJ;ADJ;nein;Lateinisch;5;1;1;1;nein
lemma_44461;Lubic;lubic;NAM;NAM;ja;Slawisch;2;1;1;1;nein
lemma_70315;Lucenn;lucenn;NAM;NAM;ja;Slawisch;2;1;1;1;nein
lemma_28597;Lucidarius;lucidarius;NAM;NAM;ja;Lateinisch;2;1;1;1;nein
lemma_46542;Lucientac;lucientac;NAM;NAM;ja;Lateinisch;5;1;1;1;nein
lemma_27679;Lucillus;lucillus;NAM;NAM;ja;Lateinisch;3;1;1;1;nein
lemma_27675;Lucretius;lucretius;NAM;NAM;ja;Lateinisch;4;1;1;1;nein
lemma_45903;lucrum;lucrum;NOM;NOM;nein;Lateinisch;4;1;1;1;nein
lemma_44559;ludibrium;ludibrium;NOM;NOM;nein;Lateinisch;4;1;1;1;nein
lemma_47927;lüßling;lueßling;NOM;NOM;nein;Rotwelsch;3;1;1;1;nein
lemma_44464;Luh;luh;NAM;NAM;ja;Slawisch;2;1;1;1;nein
lemma_44558;Lûna;luna;NAM;NAM;ja;Italienisch;2;1;1;1;nein
lemma_32576;luoderhunt;luoderhunt;NOM;NOM;nein;Lateinisch;5;1;1;1;nein
lemma_24157;Lupindrafort;lupindrafort;NAM;NAM;ja;Französisch;3;1;1;1;nein
lemma_25454;lustrum;lustrum;NOM;NOM;nein;Lateinisch;2;1;1;1;nein
lemma_47881;Lykaon;lykaon;NAM;NAM;ja;Griechisch;4;1;1;1;nein
lemma_29382;Lyochin;lyochin;NAM;NAM;ja;Griechisch;3;1;1;1;nein
lemma_32030;Mabones;mabones;NAM;NAM;ja;Griechisch;3;1;1;1;nein
lemma_29194;Macesô;maceso;NAM;NAM;ja;Griechisch;3;1;1;1;nein
lemma_12282;Machazên;machazen;NAM;NAM;ja;Arabisch;4;1;1;1;nein
lemma_43200;Macherat;macherat;NAM;NAM;ja;Arabisch;3;1;1;1;nein
lemma_25449;machina;machina;NOM;NOM;nein;Lateinisch;3;1;1;1;nein
lemma_61188;Machions;machions;NAM;NAM;ja;Französisch;3;1;1;1;nein
lemma_18923;Machorel;machorel;NAM;NAM;ja;Arabisch;3;1;1;1;nein
lemma_67749;macula;macula;NOM;NOM;nein;Lateinisch;5;1;1;1;nein
lemma_67823;maculare;maculare;VRB;VRB;nein;Lateinisch;6;1;1;1;nein
lemma_26529;Mâdâtes;madates;NAM;NAM;ja;Griechisch;3;1;1;1;nein
lemma_63722;Madrart;madrart;NAM;NAM;ja;Griechisch;3;1;1;1;nein
lemma_28642;Maecenas;maecenas;NAM;NAM;ja;Lateinisch;3;1;1;1;nein
lemma_64848;Magnamus;magnamus;NAM;NAM;ja;Griechisch;3;1;1;1;nein
lemma_28412;Magnentius;magnentius;NAM;NAM;ja;Lateinisch;3;1;1;1;nein
lemma_28436;Magnowaldus;magnowaldus;NAM;NAM;ja;Lateinisch;4;1;1;1;nein
lemma_22816;Mahtis;mahtis;NAM;NAM;ja;Französisch;3;1;1;1;nein
lemma_39191;main;main;NOM;NOM;nein;Französisch;2;1;1;1;nein
lemma_31001;maiplus;maiplus;ADV;ADV;nein;Französisch, Lateinisch, Spanisch;4;1;1;1;nein
lemma_64275;Malagriss;malagriss;NAM;NAM;ja;Griechisch;3;1;1;1;nein
lemma_3949;Maldwîz;maldwiz;NAM;NAM;ja;Französisch;3;1;1;1;nein
lemma_45912;malefactor;malefactor;NOM;NOM;nein;Lateinisch;5;1;1;1;nein
lemma_35611;malfaire;malfaire;VRB;VRB;nein;Französisch;6;1;1;1;nein
lemma_48048;malfortun;malfortun;NOM;NOM;nein;Lateinisch;2;1;1;1;nein
lemma_17676;Malfus;malfus;NAM;NAM;ja;Lateinisch;3;1;1;1;nein
lemma_48228;Malin;malin;NAM;NAM;ja;Slawisch;2;1;1;1;nein
lemma_3954;Malivliôt;malivliot;NAM;NAM;ja;Französisch;3;1;1;1;nein
lemma_18542;malmisiere;malmisiere;NOM;NOM;nein;Französisch;3;1;1;1;nein
lemma_22562;mâlus;malus;ADJ;ADJ NOM;nein;Lateinisch;3;1;1;1;nein
lemma_28557;Manalippus;manalippus;NAM;NAM;ja;Griechisch;3;1;1;1;nein
lemma_34978;Mancinus;mancinus;NAM;NAM;ja;Lateinisch;3;1;1;1;nein
lemma_3967;Maneset;maneset;NAM;NAM;ja;Französisch;3;1;1;1;nein
lemma_19959;mansio;mansio;NOM;NOM;nein;Lateinisch;4;1;1;1;nein
lemma_39574;mansuescere;mansuescere;VRB;VRB;nein;Lateinisch;5;1;1;1;nein
lemma_61755;mansuetudo;mansuetudo;NOM;NOM;nein;Lateinisch;4;1;1;1;nein
lemma_41029;mappa;mappa;NOM;NOM;nein;Lateinisch;8;1;1;1;nein
lemma_28867;Maraioth;maraioth;NAM;NAM;ja;Hebräisch;4;1;1;1;nein
lemma_46668;Marcustac;marcustac;NAM;NAM;ja;Lateinisch;6;1;1;1;nein
lemma_19918;Mare Alfatones;mare alfatones;NAM;NAM;ja;Lateinisch;2;1;1;1;nein
lemma_19915;Mare Arabicum;mare arabicum;NAM;NAM;ja;Lateinisch;2;1;1;1;nein
lemma_19919;Mare Caforte;mare caforte;NAM;NAM;ja;Lateinisch;2;1;1;1;nein
lemma_19921;Mare Persicon;mare persicon;NAM;NAM;ja;Lateinisch;2;1;1;1;nein
lemma_36927;margo;margo;NOM;NOM;nein;Lateinisch;2;1;1;1;nein
lemma_21677;Marherin;marherin;NAM;NAM;ja;Arabisch;3;1;1;1;nein
lemma_42075;marinus;marinus;ADJ;ADJ NOM;nein;Lateinisch;3;1;1;1;nein
lemma_45242;maritimus;maritimus;ADJ;ADJ;nein;Lateinisch;3;1;1;1;nein
lemma_20552;Marsius;marsius;NAM;NAM;ja;Griechisch;3;1;1;1;nein
lemma_28342;Masippus;masippus;NAM;NAM;ja;Griechisch;3;1;1;1;nein
lemma_4019;Mathel;mathel;NAM;NAM;ja;Französisch;3;1;1;1;nein
lemma_18523;Matrius;matrius;NAM;NAM;ja;Lateinisch;3;1;1;1;nein
lemma_41510;matziuwe;matziuwe;NOM;NOM;nein;Französisch;2;1;1;1;nein
lemma_47872;mausoleum;mausoleum;NOM;NOM;nein;Lateinisch;4;1;1;1;nein
lemma_26340;Mâzâzes;mazazes;NAM;NAM;ja;Persisch;3;1;1;1;nein
lemma_28495;Meaus;meaus;NAM;NAM;ja;Französisch, Lateinisch;3;1;1;1;nein
lemma_4039;Mechschin;mechschin;NAM;NAM;ja;Französisch;3;1;1;1;nein
lemma_46303;mederi;mederi;VRB;VRB;nein;Lateinisch;3;1;1;1;nein
lemma_34247;mediator;mediator;NOM;NOM;nein;Lateinisch;4;1;1;1;nein
lemma_20976;Mediatrix;mediatrix;NAM;NAM;ja;Lateinisch;4;1;1;1;nein
lemma_59774;meditatio;meditatio;NOM;NOM;nein;Lateinisch;7;1;1;1;nein
lemma_44467;Mednetz;mednetz;NAM;NAM;ja;Slawisch;2;1;1;1;nein
lemma_41607;Meindres;meindres;NAM;NAM;ja;Französisch;3;1;1;1;nein
lemma_69851;mel;mel;NOM;NOM;nein;Lateinisch;5;1;1;1;nein
lemma_22043;Meliadus;meliadus;NAM;NAM;ja;Lateinisch;3;1;1;1;nein
lemma_66430;melisse;melisse;NOM;NOM;nein;Griechisch;2;1;1;1;nein
lemma_22039;Melon;melon;NAM;NAM;ja;Griechisch;3;1;1;1;nein
lemma_70409;membrum;membrum;NOM;NOM;nein;Lateinisch;4;1;1;1;nein
lemma_70660;memetipsum;memetipsum;NOM;NOM;nein;Lateinisch;4;1;1;1;nein
lemma_29488;Memphîtes;memphites;NAM;NAM;ja;Griechisch;3;1;1;1;nein
lemma_26523;Mendeus;mendeus;NAM;NAM;ja;Griechisch;3;1;1;1;nein
lemma_45777;mendicitas;mendicitas;NOM;NOM;nein;Lateinisch;5;1;1;1;nein
lemma_72773;mendum;mendum;NOM;NOM;nein;Lateinisch;4;1;1;1;nein
lemma_26171;Menecles;menecles;NAM;NAM;ja;Griechisch;3;1;1;1;nein
lemma_36745;menschieren;menschieren;VRB;VRB;nein;Französisch;3;1;1;1;nein
lemma_45845;mentisque;mentisque;CNJ;CNJ NOM;nein;Lateinisch;3;1;1;1;nein
lemma_72309;merens;merens;ADJ;ADJ;nein;Lateinisch;4;1;1;1;nein
lemma_29240;meritus;meritus;NOM;NOM;nein;Lateinisch;5;1;1;1;nein
lemma_36783;Merses;merses;NAM;NAM;ja;Griechisch;3;1;1;1;nein
lemma_29238;mery;mery;NOM;NOM;nein;Lateinisch;4;1;1;1;nein
lemma_10233;merzîen;merzien;VRB;VRB;nein;Französisch;2;1;1;1;nein
lemma_47467;Messalina;messalina;NAM;NAM;ja;Lateinisch;3;1;1;1;nein
lemma_10612;messire;messire;NOM;NOM;nein;Französisch;4;1;1;1;nein
lemma_77830;messis;messis;NOM;NOM;nein;Lateinisch;4;1;1;1;nein
lemma_46372;metaphora;metaphora;NOM;NOM;nein;Lateinisch;3;1;1;1;nein
lemma_70495;metere;metere;VRB;VRB;nein;Lateinisch;5;1;1;1;nein
lemma_46298;methodus;methodus;NOM;NOM;nein;Lateinisch;5;1;1;1;nein
lemma_29435;Metidoz;metidoz;NAM;NAM;ja;Griechisch;2;1;1;1;nein
lemma_70317;metipsis;metipsis;NOM;NOM;nein;Lateinisch;3;1;1;1;nein
lemma_70990;metipsos;metipsos;PRO;PRO PRP;nein;Lateinisch;4;1;1;1;nein
lemma_26270;metrum;metrum;NOM;NOM;nein;Lateinisch;3;1;1;1;nein
lemma_44469;Michelsberc;michelsberc;NAM;NAM;ja;Slawisch;2;1;1;1;nein
lemma_28579;microcosmus;microcosmus;NOM;NOM;nein;Griechisch, Lateinisch;3;1;1;1;nein
lemma_64788;Migaz;migaz;NAM;NAM;ja;Griechisch;3;1;1;1;nein
lemma_44435;Mikusch;mikusch;NAM;NAM;ja;Slawisch;3;1;1;1;nein
lemma_31953;Milceres;milceres;NAM;NAM;ja;Griechisch;3;1;1;1;nein
lemma_43912;Milecz;milecz;NAM;NAM;ja;Slawisch;2;1;1;1;nein
lemma_38583;miles;miles;NOM;NOM;nein;Lateinisch;4;1;1;1;nein
lemma_44476;Milin;milin;NAM;NAM;ja;Slawisch;2;1;1;1;nein
lemma_45661;militia;militia;NOM;NOM;nein;Lateinisch;2;1;1;1;nein
lemma_28411;Milius;milius;NAM;NAM;ja;Lateinisch;3;1;1;1;nein
lemma_9843;Millemargot;millemargot;NAM;NAM;ja;Französisch;3;1;1;1;nein
lemma_15757;millenârîus;millenarius;NOM;NOM;nein;Lateinisch;3;1;1;1;nein
lemma_23772;Millesius;millesius;NAM;NAM;ja;Lateinisch;4;1;1;1;nein
lemma_59013;ministerium;ministerium;NOM;NOM;nein;Lateinisch;5;1;1;1;nein
lemma_20489;Mînôâ;minoa;NAM;NAM;ja;Griechisch;4;1;1;1;nein
lemma_70677;minuere;minuere;VRB;VRB;nein;Lateinisch;7;1;1;1;nein
lemma_45823;mirus;mirus;ADJ;ADJ;nein;Lateinisch;3;1;1;1;nein
lemma_37699;miserabilis;miserabilis;ADJ;ADJ GRA;nein;Lateinisch;2;1;1;1;nein
lemma_23819;Mitrâzênis;mitrazenis;NAM;NAM;ja;Griechisch, Persisch;3;1;1;1;nein
lemma_44471;Mnata;mnata;NAM;NAM;ja;Slawisch, Tschechisch;4;1;1;1;nein
lemma_34616;Modemus;modemus;NAM;NAM;ja;Griechisch, Lateinisch;4;1;1;1;nein
lemma_62461;modernus;modernus;ADJ;ADJ;nein;Lateinisch;2;1;1;1;nein
lemma_62463;modestia;modestia;NOM;NOM;nein;Lateinisch;7;1;1;1;nein
lemma_30231;Modestus;modestus;NAM;NAM;ja;Lateinisch;4;1;1;1;nein
lemma_27660;Moloses;moloses;NAM;NAM;ja;Griechisch;2;1;1;1;nein
lemma_67948;momentum;momentum;NOM;NOM;nein;Lateinisch;3;1;1;1;nein
lemma_24086;Monimus;monimus;NAM;NAM;ja;Griechisch;3;1;1;1;nein
lemma_29257;monstrare;monstrare;VRB;VRB;nein;Lateinisch;6;1;1;1;nein
lemma_4194;Montein;montein;NAM;NAM;ja;Französisch;3;1;1;1;nein
lemma_44474;Montsch;montsch;NAM;NAM;ja;Italienisch;2;1;1;1;nein
lemma_65250;monumentum;monumentum;NOM;NOM;nein;Lateinisch;5;1;1;1;nein
lemma_64956;Morande;morande;NAM;NAM;ja;Griechisch;3;1;1;1;nein
lemma_35166;morari;morari;VRB;VRB;nein;Lateinisch;5;1;1;1;nein
lemma_63749;Morax;morax;NAM;NAM;ja;Persisch;3;1;1;1;nein
lemma_63720;Morchart;morchart;NAM;NAM;ja;Griechisch;3;1;1;1;nein
lemma_47970;Morea;morea;NAM;NAM;ja;Griechisch;3;1;1;1;nein
lemma_48224;Moret;moret;NAM;NAM;ja;Arabisch;5;1;1;1;nein
lemma_63719;Morfan;morfan;NAM;NAM;ja;Griechisch;3;1;1;1;nein
lemma_51135;mortarium;mortarium;NOM;NOM;nein;Lateinisch;3;1;1;1;nein
lemma_38303;mortificatus;mortificatus;ADJ;ADJ;nein;Lateinisch;3;1;1;1;nein
lemma_45630;mos;mos;NOM;NOM;nein;Lateinisch;4;1;1;1;nein
lemma_28859;Mosella;mosella;NAM;NAM;ja;Hebräisch;4;1;1;1;nein
lemma_46923;movere;movere;VRB;VRB;nein;Lateinisch;4;1;1;1;nein
lemma_58536;moxque;moxque;ADV;ADV CNJ;nein;Lateinisch;2;1;1;1;nein
lemma_44644;mudry;mudry;ADJ;ADJ;nein;Slawisch;3;1;1;1;nein
lemma_49016;Muechsnitz;muechsnitz;NAM;NAM;ja;Slawisch;2;1;1;1;nein
lemma_48380;multiplex;multiplex;ADJ;ADJ;nein;Lateinisch;3;1;1;1;nein
lemma_45653;multiplicare;multiplicare;VRB;VRB;nein;Lateinisch;4;1;1;1;nein
lemma_77869;munerare;munerare;VRB;VRB;nein;Lateinisch;5;1;1;1;nein
lemma_65668;murmurare;murmurare;VRB;VRB;nein;Lateinisch;8;1;1;1;nein
lemma_28871;Musas;musas;NAM;NAM;ja;Griechisch;2;1;1;1;nein
lemma_73194;mutier;mutier;NOM;NOM;nein;Französisch, Lateinisch;4;1;1;1;nein
lemma_40842;mutuari;mutuari;VRB;VRB;nein;Lateinisch;4;1;1;1;nein
lemma_40841;mutuus;mutuus;ADJ;ADJ;nein;Lateinisch;2;1;1;1;nein
lemma_47589;Mysia;mysia;NAM;NAM;ja;Griechisch;2;1;1;1;nein
lemma_58472;Mytilini;mytilini;NAM;NAM;ja;Griechisch;4;1;1;1;nein
lemma_60522;mëssekappe;mëssekappe;NOM;NOM;nein;Lateinisch;5;1;1;1;nein
lemma_47904;Nabioch;nabioch;NAM;NAM;ja;Hebräisch;4;1;1;1;nein
lemma_44676;Nachod;nachod;NAM;NAM;ja;Tschechisch;2;1;1;1;nein
lemma_31864;nai;nai;CNJ;CNJ PRP;nein;Slawisch;2;1;1;1;nein
lemma_27727;Naphtali;naphtali;NAM;NAM;ja;Hebräisch;3;1;1;1;nein
lemma_65008;Narilus;narilus;NAM;NAM;ja;Griechisch;3;1;1;1;nein
lemma_71988;naris;naris;NOM;NOM;nein;Lateinisch;4;1;1;1;nein
lemma_28492;Narpus;narpus;NAM;NAM;ja;Lateinisch;3;1;1;1;nein
lemma_33626;Nâsitz;nasitz;NAM;NAM;ja;Slawisch;2;1;1;1;nein
lemma_47410;natio;natio;NOM;NOM;nein;Lateinisch;3;1;1;1;nein
lemma_53710;natûrlîcheit;naturlicheit;NOM;NOM;nein;Lateinisch;9;1;1;1;nein
lemma_21559;Nâûm;naum;NAM;NAM;ja;Hebräisch;4;1;1;1;nein
lemma_46919;navis;navis;NOM;NOM;nein;Lateinisch;2;1;1;1;nein
lemma_47379;nâwe;nawe;NOM;NOM;nein;Lateinisch;2;1;1;1;nein
lemma_23437;Naximeneâ;naximenea;NAM;NAM;ja;Griechisch;4;1;1;1;nein
lemma_30864;Nearchus;nearchus;NAM;NAM;ja;Griechisch;3;1;1;1;nein
lemma_40341;Nebedons;nebedons;NAM;NAM;ja;Französisch;3;1;1;1;nein
lemma_45814;nefas;nefas;NOM;NOM;nein;Lateinisch;3;1;1;1;nein
lemma_77831;neglegere;neglegere;VRB;VRB;nein;Lateinisch;5;1;1;1;nein
lemma_70713;negligere;negligere;VRB;VRB;nein;Lateinisch;6;1;1;1;nein
lemma_70854;negotiosus;negotiosus;ADJ;ADJ;nein;Lateinisch;3;1;1;1;nein
lemma_44481;Neisa;neisa;NAM;NAM;ja;Slawisch;3;1;1;1;nein
lemma_42405;neiswer;neiswer;NEG;NEG PRO;nein;Lateinisch;4;1;1;1;nein
lemma_40344;Nelotrons;nelotrons;NAM;NAM;ja;Französisch;3;1;1;1;nein
lemma_71609;nemelîcheit;nemelicheit;NOM;NOM;nein;Lateinisch;3;1;1;1;nein
lemma_63170;nemorosus;nemorosus;ADJ;ADJ;nein;Lateinisch;3;1;1;1;nein
lemma_45523;nemus;nemus;NOM;NOM;nein;Lateinisch;3;1;1;1;nein
lemma_44454;Nepi;nepi;NAM;NAM;ja;Italienisch;2;1;1;1;nein
lemma_45085;Neptunalia;neptunalia;NAM;NAM;ja;Lateinisch;3;1;1;1;nein
lemma_28528;Nerius;nerius;NAM;NAM;ja;Griechisch;2;1;1;1;nein
lemma_35027;nex;nex;NOM;NOM;nein;Lateinisch;2;1;1;1;nein
lemma_23666;nexus;nexus;NOM;NOM;nein;Lateinisch;4;1;1;1;nein
lemma_25774;Nicolaustac;nicolaustac;NAM;NAM;ja;Griechisch;6;1;1;1;nein
lemma_46398;Nicostrate;nicostrate;NAM;NAM;ja;Griechisch;4;1;1;1;nein
lemma_29209;Nieânor;nieanor;NAM;NAM;ja;Griechisch;2;1;1;1;nein
lemma_44483;Niemtz;niemtz;NAM;NAM;ja;Slawisch;2;1;1;1;nein
lemma_47592;Nigrapont;nigrapont;NAM;NAM;ja;Griechisch, Lateinisch;6;1;1;1;nein
lemma_23176;Nilichter;nilichter;NAM;NAM;ja;Arabisch;3;1;1;1;nein
lemma_38498;Nimia;nimia;NAM;NAM;ja;Lateinisch;2;1;1;1;nein
lemma_34941;nimietas;nimietas;NOM;NOM;nein;Lateinisch;2;1;1;1;nein
lemma_45515;nix;nix;NOM;NOM;nein;Lateinisch;2;1;1;1;nein
lemma_36854;nocere;nocere;VRB;VRB;nein;Lateinisch;4;1;1;1;nein
lemma_38301;non;non;ADJ;ADJ ADV NEG;nein;Französisch, Italienisch, Lateinisch;5;1;1;1;nein
lemma_45271;nonagesimus;nonagesimus;NUM;NUM;nein;Lateinisch;2;1;1;1;nein
lemma_42588;normelôs;normelos;ADJ;ADJ ADV NEG;nein;Lateinisch;6;1;1;1;nein
lemma_39468;noscere;noscere;VRB;VRB;nein;Lateinisch;4;1;1;1;nein
lemma_34999;notare;notare;VRB;VRB;nein;Lateinisch;9;1;1;1;nein
lemma_32145;notte;notte;NOM;NOM;nein;Italienisch;2;1;1;1;nein
lemma_26559;Nôtus;notus;NAM;NAM;ja;Persisch;3;1;1;1;nein
lemma_23981;Novâcius;novacius;NAM;NAM;ja;Lateinisch;4;1;1;1;nein
lemma_45649;novacula;novacula;NOM;NOM;nein;Lateinisch;3;1;1;1;nein
lemma_63114;novale;novale;NOM;NOM;nein;Lateinisch;3;1;1;1;nein
lemma_44445;Novara;novara;NAM;NAM;ja;Italienisch;2;1;1;1;nein
lemma_63113;novare;novare;VRB;VRB;nein;Lateinisch;4;1;1;1;nein
lemma_25478;novem;novem;NUM;NUM;nein;Lateinisch;2;1;1;1;nein
lemma_48387;novies;novies;ADV;ADV;nein;Lateinisch;4;1;1;1;nein
lemma_67716;nuditas;nuditas;NOM;NOM;nein;Lateinisch;3;1;1;1;nein
lemma_29709;nudus;nudus;ADJ;ADJ;nein;Lateinisch;5;1;1;1;nein
lemma_45753;nummus;nummus;NOM;NOM;nein;Lateinisch;5;1;1;1;nein
lemma_70369;numquid;numquid;IPA;IPA;nein;Lateinisch;3;1;1;1;nein
lemma_25515;nundinae;nundinae;NOM;NOM;nein;Lateinisch;3;1;1;1;nein
lemma_42758;Nunkar;nunkar;NAM;NAM;ja;Griechisch;3;1;1;1;nein
lemma_70019;nunquid;nunquid;ADV;ADV IPA;nein;Lateinisch;3;1;1;1;nein
lemma_45659;nuntiare;nuntiare;VRB;VRB;nein;Lateinisch;4;1;1;1;nein
lemma_28593;Nunus;nunus;NAM;NAM;ja;Griechisch;3;1;1;1;nein
lemma_41944;nunzieren;nunzieren;VRB;VRB;nein;Französisch;4;1;1;1;nein
lemma_69992;nuper;nuper;ADV;ADV;nein;Lateinisch;3;1;1;1;nein
lemma_69793;nutrire;nutrire;VRB;VRB;nein;Lateinisch;4;1;1;1;nein
lemma_45607;nutus;nutus;NOM;NOM;nein;Lateinisch;4;1;1;1;nein
lemma_47502;Nyctimene;nyctimene;NAM;NAM;ja;Griechisch;4;1;1;1;nein
lemma_63128;obdormire;obdormire;VRB;VRB;nein;Französisch, Lateinisch;5;1;1;1;nein
lemma_70712;obdurare;obdurare;VRB;VRB;nein;Lateinisch;6;1;1;1;nein
lemma_40790;obedientia;obedientia;NOM;NOM;nein;Lateinisch;3;1;1;1;nein
lemma_69840;oblatio;oblatio;NOM;NOM;nein;Lateinisch;5;1;1;1;nein
lemma_78497;oblator;oblator;NOM;NOM;nein;Lateinisch;7;1;1;1;nein
lemma_45542;oblectatio;oblectatio;NOM;NOM;nein;Lateinisch;3;1;1;1;nein
lemma_47686;observantia;observantia;NOM;NOM;nein;Lateinisch;3;1;1;1;nein
lemma_39552;observare;observare;VRB;VRB;nein;Lateinisch;3;1;1;1;nein
lemma_45910;obstare;obstare;VRB;VRB;nein;Lateinisch;5;1;1;1;nein
lemma_67270;obverschribener;obverschribener;ADJ;ADJ;nein;Lateinisch;5;1;1;1;nein
lemma_45849;occare;occare;VRB;VRB;nein;Lateinisch;3;1;1;1;nein
lemma_69769;occasio;occasio;NOM;NOM;nein;Lateinisch;3;1;1;1;nein
lemma_45638;occasus;occasus;NOM;NOM;nein;Lateinisch;2;1;1;1;nein
lemma_16055;occipitium;occipitium;NOM;NOM;nein;Lateinisch;2;1;1;1;nein
lemma_40453;occisio;occisio;NOM;NOM;nein;Lateinisch;4;1;1;1;nein
lemma_35300;occultare;occultare;NOM;NOM VRB;nein;Lateinisch;4;1;1;1;nein
lemma_69751;occupare;occupare;VRB;VRB;nein;Lateinisch;4;1;1;1;nein
lemma_24599;occurere;occurere;NOM;NOM;nein;Lateinisch;8;1;1;1;nein
lemma_24600;Ocsiater;ocsiater;NAM;NAM;ja;Persisch;3;1;1;1;nein
lemma_34617;octanus;octanus;NUM;NUM;nein;Lateinisch;2;1;1;1;nein
lemma_34612;Odinal;odinal;NAM;NAM;ja;Griechisch;3;1;1;1;nein
lemma_45864;odium;odium;NOM;NOM;nein;Lateinisch;3;1;1;1;nein
lemma_31332;Odônje;odonje;NAM;NAM;ja;Griechisch;3;1;1;1;nein
lemma_71989;odorare;odorare;VRB;VRB;nein;Lateinisch;3;1;1;1;nein
lemma_29440;Oeones;oeones;NAM;NAM;ja;Griechisch;3;1;1;1;nein
lemma_24709;Offasete;offasete;NAM;NAM;ja;Griechisch;3;1;1;1;nein
lemma_48159;offenbarschriber;offenbarschriber;NOM;NOM;nein;Lateinisch;6;1;1;1;nein
lemma_46049;offenschrîbære;offenschribaere;NOM;NOM;nein;Lateinisch;5;1;1;1;nein
lemma_20402;Olifeus;olifeus;NAM;NAM;ja;Griechisch;4;1;1;1;nein
lemma_27294;Ollada;ollada;NAM;NAM;ja;Griechisch;2;1;1;1;nein
lemma_44486;Olsawa;olsawa;NAM;NAM;ja;Slawisch;2;1;1;1;nein
lemma_29788;Omin;omin;NAM;NAM;ja;Griechisch;3;1;1;1;nein
lemma_45546;omnimodus;omnimodus;ADJ;ADJ NOM;nein;Lateinisch;3;1;1;1;nein
lemma_34455;Onee;onee;NAM;NAM;ja;Griechisch;3;1;1;1;nein
lemma_69899;onerare;onerare;VRB;VRB;nein;Lateinisch;5;1;1;1;nein
lemma_20871;Onômastôrides;onomastorides;NAM;NAM;ja;Griechisch;3;1;1;1;nein
lemma_25111;onus;onus;NOM;NOM;nein;Lateinisch;2;1;1;1;nein
lemma_46920;operatio;operatio;NOM;NOM;nein;Lateinisch;4;1;1;1;nein
lemma_67670;operimentum;operimentum;NOM;NOM;nein;Lateinisch;4;1;1;1;nein
lemma_45754;opinari;opinari;VRB;VRB;nein;Lateinisch;4;1;1;1;nein
lemma_4490;Opinâus;opinaus;NAM;NAM;ja;Lateinisch;3;1;1;1;nein
lemma_45101;opobalsamum;opobalsamum;NOM;NOM;nein;Lateinisch;10;1;1;1;nein
lemma_28581;opticus;opticus;NOM;NOM;nein;Lateinisch;3;1;1;1;nein
lemma_40258;opusculum;opusculum;NOM;NOM;nein;Lateinisch;6;1;1;1;nein
lemma_53670;oratorum;oratorum;NOM;NOM;nein;Lateinisch;5;1;1;1;nein
lemma_27109;Orbasius;orbasius;NAM;NAM;ja;Lateinisch;4;1;1;1;nein
lemma_21973;Orcamenis;orcamenis;NAM;NAM;ja;Griechisch;3;1;1;1;nein
lemma_46029;ordinarius;ordinarius;ADJ;ADJ NOM;nein;Lateinisch;5;1;1;1;nein
lemma_29037;Orêades;oreades;NAM;NAM;ja;Griechisch;2;1;1;1;nein
lemma_45862;origo;origo;NOM;NOM;nein;Lateinisch;5;1;1;1;nein
lemma_20260;Ôrilocus;orilocus;NAM;NAM;ja;Griechisch;3;1;1;1;nein
lemma_28553;Orleus;orleus;NAM;NAM;ja;Griechisch;3;1;1;1;nein
lemma_45746;ornare;ornare;VRB;VRB;nein;Lateinisch;4;1;1;1;nein
lemma_31123;ornieren;ornieren;VRB;VRB;nein;Lateinisch;3;1;1;1;nein
lemma_24151;Orpars;orpars;NAM;NAM;ja;Arabisch;3;1;1;1;nein
lemma_21926;Orphalis;orphalis;NAM;NAM;ja;Französisch;3;1;1;1;nein
lemma_23818;Orsilôs;orsilos;NAM;NAM;ja;Griechisch;3;1;1;1;nein
lemma_22133;Ortânes;ortanes;NAM;NAM;ja;Griechisch;3;1;1;1;nein
lemma_69788;os;os;NOM;NOM;nein;Lateinisch;3;1;1;1;nein
lemma_44488;Oslawan;oslawan;NAM;NAM;ja;Tschechisch;3;1;1;1;nein
lemma_52275;ossum;ossum;NOM;NOM;nein;Lateinisch;4;1;1;1;nein
lemma_38806;ostelîe;ostelie;NOM;NOM;nein;Italienisch;5;1;1;1;nein
lemma_70855;otiosus;otiosus;ADJ;ADJ;nein;Lateinisch;3;1;1;1;nein
lemma_28442;Ottmar;ottmar;NAM;NAM;ja;Lateinisch;2;1;1;1;nein
lemma_47762;oximel;oximel;NOM;NOM;nein;Lateinisch;4;1;1;1;nein
lemma_28866;Ozi;ozi;NAM;NAM;ja;Hebräisch;4;1;1;1;nein
lemma_29663;pacientus;pacientus;ADJ;ADJ;nein;Lateinisch;2;1;1;1;nein
lemma_76831;pagamënt;pagamënt;NOM;NOM;nein;Italienisch;3;1;1;1;nein
lemma_41963;paganus;paganus;ADJ;ADJ;nein;Lateinisch;3;1;1;1;nein
lemma_60554;page;page;NOM;NOM;nein;Französisch;3;1;1;1;nein
lemma_51312;pagus;pagus;NOM;NOM;nein;Lateinisch;2;1;1;1;nein
lemma_31737;Palatinus;palatinus;NAM;NAM;ja;Lateinisch;3;1;1;1;nein
lemma_39829;Palatrica;palatrica;NAM;NAM;ja;Griechisch;3;1;1;1;nein
lemma_26619;Palestînus;palestinus;NAM;NAM;ja;Hebräisch;4;1;1;1;nein
lemma_28364;Palexitus;palexitus;NAM;NAM;ja;Lateinisch;4;1;1;1;nein
lemma_38528;palpare;palpare;VRB;VRB;nein;Lateinisch;8;1;1;1;nein
lemma_78469;palponia;palponia;NOM;NOM;nein;Lateinisch;7;1;1;1;nein
lemma_26427;paludamentum;paludamentum;NOM;NOM;nein;Lateinisch;6;1;1;1;nein
lemma_24284;Pamphilomîs;pamphilomis;NAM;NAM;ja;Griechisch;3;1;1;1;nein
lemma_19230;Pandern;pandern;NAM;NAM;ja;Griechisch;3;1;1;1;nein
lemma_19228;Panfigâl;panfigal;NAM;NAM;ja;Griechisch;3;1;1;1;nein
lemma_19229;Panfilôt;panfilot;NAM;NAM;ja;Griechisch;3;1;1;1;nein
lemma_64789;Pannilius;pannilius;NAM;NAM;ja;Griechisch;3;1;1;1;nein
lemma_65533;Panpor;panpor;NAM;NAM;ja;Griechisch;3;1;1;1;nein
lemma_47408;pantofola;pantofola;NOM;NOM;nein;Italienisch;2;1;1;1;nein
lemma_45634;par;par;ADJ;ADJ;nein;Lateinisch;3;1;1;1;nein
lemma_59831;paraclitus;paraclitus;INJ;INJ NOM;nein;Lateinisch;3;1;1;1;nein
lemma_12709;pârâge;parage;NOM;NOM;nein;Französisch;2;1;1;1;nein
lemma_50499;paragraf;paragraf;NOM;NOM;nein;Lateinisch;3;1;1;1;nein
lemma_26672;Pârâmedes;paramedes;NAM;NAM;ja;Griechisch;3;1;1;1;nein
lemma_4563;parân;paran;NOM;NOM;nein;Französisch;3;1;1;1;nein
lemma_28894;pardîsvënster;pardisvënster;NOM;NOM;nein;Lateinisch;6;1;1;1;nein
lemma_36973;parius;parius;NOM;NOM;nein;Lateinisch;3;1;1;1;nein
lemma_59704;parrier;parrier;NOM;NOM;nein;Französisch, Lateinisch;4;1;1;1;nein
lemma_4572;partierære;partieraere;NOM;NOM;nein;Lateinisch;7;1;1;1;nein
lemma_8616;partierens;partierens;PRO;PRO VRB;nein;Lateinisch;10;1;1;1;nein
lemma_45655;parturire;parturire;NOM;NOM VRB;nein;Lateinisch;4;1;1;1;nein
lemma_18532;paruelen;paruelen;VRB;VRB;nein;Französisch;4;1;1;1;nein
lemma_47368;parzivant;parzivant;NOM;NOM;nein;Französisch;4;1;1;1;nein
lemma_55988;passionâl;passional;NOM;NOM;nein;Lateinisch;4;1;1;1;nein
lemma_37950;patefacere;patefacere;VRB;VRB;nein;Lateinisch;8;1;1;1;nein
lemma_51127;patella;patella;NOM;NOM;nein;Lateinisch;4;1;1;1;nein
lemma_35305;patibulum;patibulum;NOM;NOM;nein;Lateinisch;3;1;1;1;nein
lemma_29769;Patriânôs;patrianos;NAM;NAM;ja;Griechisch;3;1;1;1;nein
lemma_63732;Paulanixus;paulanixus;NAM;NAM;ja;Griechisch;3;1;1;1;nein
lemma_24087;Pausippus;pausippus;NAM;NAM;ja;Lateinisch;3;1;1;1;nein
lemma_63723;Pavar;pavar;NAM;NAM;ja;Griechisch;3;1;1;1;nein
lemma_45793;pecunia;pecunia;NOM;NOM;nein;Lateinisch;6;1;1;1;nein
lemma_32267;Pedason;pedason;NAM;NAM;ja;Griechisch;2;1;1;1;nein
lemma_25206;Pelâosôs;pelaosos;NAM;NAM;ja;Griechisch;2;1;1;1;nein
lemma_43376;Pelde;pelde;NAM;NAM;ja;Französisch;3;1;1;1;nein
lemma_24393;Pelifrant;pelifrant;NAM;NAM;ja;Griechisch;3;1;1;1;nein
lemma_24392;Pelimatreis;pelimatreis;NAM;NAM;ja;Griechisch;3;1;1;1;nein
lemma_47581;Pelion;pelion;NAM;NAM;ja;Griechisch;2;1;1;1;nein
lemma_48653;pellelbovir;pellelbovir;NOM;NOM;nein;Lateinisch;5;1;1;1;nein
lemma_25211;Pelopene;pelopene;NAM;NAM;ja;Griechisch;2;1;1;1;nein
lemma_25210;Pelops;pelops;NAM;NAM;ja;Griechisch;4;1;1;1;nein
lemma_42902;pelous;pelous;ADJ;ADJ;nein;Französisch;3;1;1;1;nein
lemma_46253;pendere;pendere;VRB;VRB;nein;Lateinisch;4;1;1;1;nein
lemma_72144;penetrare;penetrare;VRB;VRB;nein;Lateinisch;4;1;1;1;nein
lemma_67824;penitere;penitere;VRB;VRB;nein;Lateinisch;6;1;1;1;nein
lemma_28799;Penoie;penoie;NAM;NAM;ja;Griechisch;2;1;1;1;nein
lemma_14488;penselpixe;penselpixe;NAM;NAM;ja;Lateinisch;3;1;1;1;nein
lemma_25536;penta;penta;NUM;NUM;nein;Griechisch;2;1;1;1;nein
lemma_66449;peonia;peonia;NOM;NOM;nein;Lateinisch;2;1;1;1;nein
lemma_47593;Pera;pera;NAM;NAM;ja;Lateinisch;2;1;1;1;nein
lemma_42900;percier;percier;VRB;VRB;nein;Französisch;6;1;1;1;nein
lemma_50064;percipere;percipere;VRB;VRB;nein;Lateinisch;6;1;1;1;nein
lemma_67832;perdiem;perdiem;NOM;NOM PRP;nein;Lateinisch;2;1;1;1;nein
lemma_75492;perditio;perditio;NOM;NOM;nein;Lateinisch;5;1;1;1;nein
lemma_39183;perducere;perducere;VRB;VRB;nein;Lateinisch;6;1;1;1;nein
lemma_24163;pere;pere;NOM;NOM;nein;Französisch;3;1;1;1;nein
lemma_70082;peregrinus;peregrinus;NOM;NOM;nein;Lateinisch;7;1;1;1;nein
lemma_30873;Pereotestes;pereotestes;NAM;NAM;ja;Griechisch;3;1;1;1;nein
lemma_31441;Perfigal;perfigal;NAM;NAM;ja;Griechisch;3;1;1;1;nein
lemma_45540;perfrui;perfrui;VRB;VRB;nein;Lateinisch;5;1;1;1;nein
lemma_78465;periodus;periodus;NOM;NOM;nein;Lateinisch;5;1;1;1;nein
lemma_35681;periurium;periurium;NOM;NOM;nein;Lateinisch;5;1;1;1;nein
lemma_48388;perlegere;perlegere;VRB;VRB;nein;Lateinisch;6;1;1;1;nein
lemma_31071;permafoia;permafoia;ADV;ADV INJ;nein;Französisch;5;1;1;1;nein
lemma_30813;permare;permare;NOM;NOM PRP;nein;Lateinisch;3;1;1;1;nein
lemma_38438;permedium;permedium;ADV;ADV;nein;Lateinisch;2;1;1;1;nein
lemma_28330;Perminus;perminus;NAM;NAM;ja;Griechisch;3;1;1;1;nein
lemma_35307;peroptatus;peroptatus;ADV;ADV;nein;Lateinisch;2;1;1;1;nein
lemma_35190;perscrutare;perscrutare;NOM;NOM VRB;nein;Lateinisch;5;1;1;1;nein
lemma_30674;persecutio;persecutio;NOM;NOM;nein;Lateinisch;5;1;1;1;nein
lemma_31911;perseverare;perseverare;VRB;VRB;nein;Lateinisch;6;1;1;1;nein
lemma_48390;persona;persona;NOM;NOM;nein;Lateinisch;5;1;1;1;nein
lemma_63930;personet;personet;ADJ;ADJ;nein;Lateinisch;5;1;1;1;nein
lemma_31912;perspicere;perspicere;VRB;VRB;nein;Lateinisch;5;1;1;1;nein
lemma_30256;Pertinax;pertinax;NAM;NAM;ja;Griechisch;3;1;1;1;nein
lemma_44499;Pertschitz;pertschitz;NAM;NAM;ja;Slawisch;2;1;1;1;nein
lemma_27240;perungere;perungere;VRB;VRB;nein;Lateinisch;4;1;1;1;nein
lemma_39548;pervenire;pervenire;VRB;VRB;nein;Lateinisch;6;1;1;1;nein
lemma_28243;pervertere;pervertere;VRB;VRB;nein;Lateinisch;4;1;1;1;nein
lemma_4603;perze;perze;NOM;NOM;nein;Französisch;7;1;1;1;nein
lemma_47639;pêter;peter;NOM;NOM;nein;Lateinisch;8;1;1;1;nein
lemma_46739;Peterbaier;peterbaier;NAM;NAM;ja;Lateinisch;3;1;1;1;nein
lemma_46743;Petronius;petronius;NAM;NAM;ja;Lateinisch;3;1;1;1;nein
lemma_22358;Pfilenor;pfilenor;NAM;NAM;ja;Griechisch;3;1;1;1;nein
lemma_30046;Phaertes;phaertes;NAM;NAM;ja;Griechisch;3;1;1;1;nein
lemma_47181;Phaeton;phaeton;NAM;NAM;ja;Griechisch;4;1;1;1;nein
lemma_47465;Phaidra;phaidra;NAM;NAM;ja;Griechisch;4;1;1;1;nein
lemma_29224;Phala;phala;NAM;NAM;ja;Griechisch;3;1;1;1;nein
lemma_29968;Phanatidas;phanatidas;NAM;NAM;ja;Griechisch;3;1;1;1;nein
lemma_21740;Phêax;pheax;NAM;NAM;ja;Griechisch;3;1;1;1;nein
lemma_21742;Phectetes;phectetes;NAM;NAM;ja;Griechisch;3;1;1;1;nein
lemma_47520;Pheres;pheres;NAM;NAM;ja;Griechisch;4;1;1;1;nein
lemma_26951;Philion;philion;NAM;NAM;ja;Griechisch;3;1;1;1;nein
lemma_20423;Philodant;philodant;NAM;NAM;ja;Griechisch;3;1;1;1;nein
lemma_44936;Philopater;philopater;NAM;NAM;ja;Griechisch;2;1;1;1;nein
lemma_20424;Philôs;philos;NAM;NAM;ja;Griechisch;3;1;1;1;nein
lemma_21205;Phimacus;phimacus;NAM;NAM;ja;Griechisch;3;1;1;1;nein
lemma_65088;Phirrus;phirrus;NAM;NAM;ja;Griechisch;3;1;1;1;nein
lemma_26950;Phiton;phiton;NAM;NAM;ja;Griechisch;3;1;1;1;nein
lemma_28345;Phôcus;phocus;NAM;NAM;ja;Lateinisch;3;1;1;1;nein
lemma_47819;Phokion;phokion;NAM;NAM;ja;Griechisch;3;1;1;1;nein
lemma_31954;Phunas;phunas;NAM;NAM;ja;Griechisch;3;1;1;1;nein
lemma_30045;Physes;physes;NAM;NAM;ja;Griechisch;3;1;1;1;nein
lemma_51712;physiognomia;physiognomia;NOM;NOM;nein;Lateinisch;4;1;1;1;nein
lemma_22582;Physiologus;physiologus;NAM;NAM;ja;Griechisch, Lateinisch;3;1;1;1;nein
lemma_31696;Phytonissâ;phytonissa;NAM;NAM;ja;Griechisch;3;1;1;1;nein
lemma_47941;Pierre;pierre;NAM;NAM;ja;Französisch;3;1;1;1;nein
lemma_20790;Pilêus;pileus;NAM;NAM;ja;Lateinisch;2;1;1;1;nein
lemma_66649;pilus;pilus;NOM;NOM;nein;Lateinisch;3;1;1;1;nein
lemma_45807;pinguis;pinguis;ADJ;ADJ;nein;Lateinisch;3;1;1;1;nein
lemma_20959;Piolplerin;piolplerin;NAM;NAM;ja;Französisch;3;1;1;1;nein
lemma_22623;piraticus;piraticus;NOM;NOM;nein;Lateinisch;7;1;1;1;nein
lemma_34653;piscina;piscina;NOM;NOM;nein;Lateinisch;4;1;1;1;nein
lemma_43932;Pisek;pisek;NAM;NAM;ja;Tschechisch;3;1;1;1;nein
lemma_46855;pistel;pistel;NOM;NOM;nein;Griechisch, Lateinisch;3;1;1;1;nein
lemma_21224;Pistropleus;pistropleus;NAM;NAM;ja;Griechisch;3;1;1;1;nein
lemma_26062;Pitavium;pitavium;NAM;NAM;ja;Griechisch;2;1;1;1;nein
lemma_42779;Pitius;pitius;NAM;NAM;ja;Griechisch;2;1;1;1;nein
lemma_34945;placito;placito;VRB;VRB;nein;Lateinisch;2;1;1;1;nein
lemma_25236;Plafigân;plafigan;NAM;NAM;ja;Griechisch;3;1;1;1;nein
lemma_40275;planus;planus;ADJ;ADJ NOM;nein;Lateinisch;6;1;1;1;nein
lemma_25237;Plastines;plastines;NAM;NAM;ja;Griechisch;3;1;1;1;nein
lemma_30988;plausibile;plausibile;ADV;ADV;nein;Italienisch;4;1;1;1;nein
lemma_10199;plectrun;plectrun;NOM;NOM;nein;Französisch;3;1;1;1;nein
lemma_31379;Plîadêr;pliader;NAM;NAM;ja;Griechisch;3;1;1;1;nein
lemma_44678;Plichta;plichta;NAM;NAM;ja;Slawisch;3;1;1;1;nein
lemma_26652;Plînis;plinis;NAM;NAM;ja;Griechisch;3;1;1;1;nein
lemma_31381;Plistenidas;plistenidas;NAM;NAM;ja;Griechisch;2;1;1;1;nein
lemma_65569;Ploys;ploys;NAM;NAM;ja;Griechisch;3;1;1;1;nein
lemma_40348;pluere;pluere;VRB;VRB;nein;Lateinisch;3;1;1;1;nein
lemma_27921;Plurimanz;plurimanz;NAM;NAM;ja;Griechisch;3;1;1;1;nein
lemma_44492;Podiwin;podiwin;NAM;NAM;ja;Tschechisch;2;1;1;1;nein
lemma_36235;poindercheit;poindercheit;NOM;NOM;nein;Französisch;6;1;1;1;nein
lemma_64595;poindervart;poindervart;NOM;NOM;nein;Französisch;5;1;1;1;nein
lemma_57792;poinen;poinen;VRB;VRB;nein;Französisch;6;1;1;1;nein
lemma_44641;pole;pole;NOM;NOM;nein;Slawisch;3;1;1;1;nein
lemma_26478;Polidius;polidius;NAM;NAM;ja;Griechisch;3;1;1;1;nein
lemma_20878;Polimestor;polimestor;NAM;NAM;ja;Griechisch;3;1;1;1;nein
lemma_26486;Polisenar;polisenar;NAM;NAM;ja;Griechisch;3;1;1;1;nein
lemma_78328;polkan;polkan;NOM;NOM;nein;Slawisch;2;1;1;1;nein
lemma_35881;pomagati;pomagati;VRB;VRB;nein;Slawisch;4;1;1;1;nein
lemma_60288;pomballine;pomballine;NOM;NOM;nein;Persisch;2;1;1;1;nein
lemma_16944;Pomeirus;pomeirus;NAM;NAM;ja;Lateinisch;3;1;1;1;nein
lemma_30140;Pomisl;pomisl;NAM;NAM;ja;Slawisch;3;1;1;1;nein
lemma_44480;Pomuck;pomuck;NAM;NAM;ja;Tschechisch;2;1;1;1;nein
lemma_35295;pomum;pomum;NOM;NOM;nein;Lateinisch;2;1;1;1;nein
lemma_30147;pomyloydô;pomyloydo;INJ;INJ VRB;nein;Slawisch;3;1;1;1;nein
lemma_26177;Ponensen;ponensen;NAM;NAM;ja;Griechisch;3;1;1;1;nein
lemma_31475;Pononius;pononius;NAM;NAM;ja;Lateinisch;4;1;1;1;nein
lemma_47517;Pontia;pontia;NAM;NAM;ja;Lateinisch;3;1;1;1;nein
lemma_45611;pontificatus;pontificatus;ADJ;ADJ NOM;nein;Lateinisch;3;1;1;1;nein
lemma_10563;Pontifier;pontifier;NAM;NAM;ja;Französisch;3;1;1;1;nein
lemma_28580;populeon;populeon;NOM;NOM;nein;Lateinisch;2;1;1;1;nein
lemma_18531;porkideizen;porkideizen;VRB;VRB;nein;Französisch;6;1;1;1;nein
lemma_24903;Porporius;porporius;NAM;NAM;ja;Griechisch;3;1;1;1;nein
lemma_20390;Portaspere;portaspere;NAM;NAM;ja;Arabisch;3;1;1;1;nein
lemma_50089;portenærinne;portenaerinne;NOM;NOM;nein;Lateinisch;4;1;1;1;nein
lemma_40645;portio;portio;NOM;NOM;nein;Lateinisch;4;1;1;1;nein
lemma_24899;portwahtære;portwahtaere;NOM;NOM;nein;Lateinisch;9;1;1;1;nein
lemma_46131;possessorium;possessorium;NOM;NOM;nein;Lateinisch;3;1;1;1;nein
lemma_34667;postulatio;postulatio;NOM;NOM;nein;Lateinisch;5;1;1;1;nein
lemma_45808;potare;potare;VRB;VRB;nein;Lateinisch;5;1;1;1;nein
lemma_46005;praeambula;praeambula;NOM;NOM;nein;Lateinisch;6;1;1;1;nein
lemma_70688;praecingere;praecingere;VRB;VRB;nein;Lateinisch;4;1;1;1;nein
lemma_70724;praecipere;praecipere;VRB;VRB;nein;Lateinisch;9;1;1;1;nein
lemma_46237;praecludere;praecludere;VRB;VRB;nein;Lateinisch;5;1;1;1;nein
lemma_35006;praeconium;praeconium;NOM;NOM;nein;Lateinisch;2;1;1;1;nein
lemma_72139;praeconius;praeconius;NOM;NOM;nein;Lateinisch;2;1;1;1;nein
lemma_46306;præcordia;praecordia;NOM;NOM;nein;Lateinisch;4;1;1;1;nein
lemma_55795;praedestinare;praedestinare;VRB;VRB;nein;Lateinisch;5;1;1;1;nein
lemma_48270;praedicere;praedicere;VRB;VRB;nein;Lateinisch;7;1;1;1;nein
lemma_35269;praeeligere;praeeligere;PRP;PRP VRB;nein;Lateinisch;4;1;1;1;nein
lemma_55792;praegnatio;praegnatio;NOM;NOM;nein;Lateinisch;4;1;1;1;nein
lemma_45820;praeiudicare;praeiudicare;PRP;PRP VRB;nein;Lateinisch;4;1;1;1;nein
lemma_45660;praemittere;praemittere;PRP;PRP VRB;nein;Lateinisch;5;1;1;1;nein
lemma_48272;praenotare;praenotare;VRB;VRB;nein;Lateinisch;4;1;1;1;nein
lemma_45764;praeparatio;praeparatio;NOM;NOM;nein;Lateinisch;4;1;1;1;nein
lemma_45629;praestantia;praestantia;NOM;NOM;nein;Lateinisch;3;1;1;1;nein
lemma_45700;praesul;praesul;NOM;NOM PRP;nein;Lateinisch;8;1;1;1;nein
lemma_32571;Pranczopil;pranczopil;NAM;NAM;ja;Slawisch;4;1;1;1;nein
lemma_45815;prandium;prandium;NOM;NOM;nein;Lateinisch;2;1;1;1;nein
lemma_51315;Prascha;prascha;NAM;NAM;ja;Tschechisch;3;1;1;1;nein
lemma_70725;pravitas;pravitas;NOM;NOM;nein;Lateinisch;4;1;1;1;nein
lemma_78449;preassumere;preassumere;VRB;VRB;nein;Lateinisch;7;1;1;1;nein
lemma_70590;preda;preda;NOM;NOM;nein;Lateinisch;4;1;1;1;nein
lemma_48383;predicator;predicator;NOM;NOM;nein;Lateinisch;5;1;1;1;nein
lemma_70671;prelum;prelum;NOM;NOM;nein;Lateinisch;5;1;1;1;nein
lemma_48305;prerogativus;prerogativus;ADJ;ADJ;nein;Lateinisch;8;1;1;1;nein
lemma_43115;prier;prier;VRB;VRB;nein;Französisch;4;1;1;1;nein
lemma_23984;primula;primula;NOM;NOM;nein;Lateinisch;2;1;1;1;nein
lemma_23982;Prisciliânus;priscilianus;NAM;NAM;ja;Lateinisch;4;1;1;1;nein
lemma_23993;Pristalûn;pristalun;NAM;NAM;ja;Griechisch;3;1;1;1;nein
lemma_46811;Pristinus;pristinus;NAM;NAM;ja;Lateinisch;3;1;1;1;nein
lemma_27713;privatio;privatio;NOM;NOM;nein;Lateinisch;5;1;1;1;nein
lemma_46209;probabilis;probabilis;ADJ;ADJ;nein;Lateinisch;4;1;1;1;nein
lemma_45712;probitas;probitas;NOM;NOM;nein;Lateinisch;4;1;1;1;nein
lemma_34374;problema;problema;NOM;NOM;nein;Lateinisch;4;1;1;1;nein
lemma_67971;probrum;probrum;NOM;NOM;nein;Lateinisch;3;1;1;1;nein
lemma_45686;proclivis;proclivis;ADJ;ADJ PRP;nein;Lateinisch;3;1;1;1;nein
lemma_47514;Procne;procne;NAM;NAM;ja;Griechisch;4;1;1;1;nein
lemma_56609;Procula;procula;NAM;NAM;ja;Lateinisch;4;1;1;1;nein
lemma_67609;proemium;proemium;NOM;NOM;nein;Griechisch, Lateinisch;6;1;1;1;nein
lemma_48268;proficere;proficere;VRB;VRB;nein;Lateinisch;8;1;1;1;nein
lemma_26637;Profiliar;profiliar;NAM;NAM;ja;Griechisch;3;1;1;1;nein
lemma_38346;progignere;progignere;VRB;VRB;nein;Lateinisch;3;1;1;1;nein
lemma_70652;projicere;projicere;VRB;VRB;nein;Lateinisch;4;1;1;1;nein
lemma_47498;Prokris;prokris;NAM;NAM;ja;Griechisch;4;1;1;1;nein
lemma_64735;prolongare;prolongare;VRB;VRB;nein;Lateinisch;5;1;1;1;nein
lemma_72768;promere;promere;VRB;VRB;nein;Lateinisch;5;1;1;1;nein
lemma_45755;promittere;promittere;VRB;VRB;nein;Lateinisch;6;1;1;1;nein
lemma_67831;propeccatum;propeccatum;NOM;NOM;nein;Lateinisch;3;1;1;1;nein
lemma_35880;propendere;propendere;VRB;VRB;nein;Lateinisch;6;1;1;1;nein
lemma_46003;propinquus;propinquus;ADJ;ADJ;nein;Lateinisch;4;1;1;1;nein
lemma_70533;propior;propior;ADJ;ADJ ADV GRA;nein;Lateinisch;2;1;1;1;nein
lemma_72188;propitiare;propitiare;VRB;VRB;nein;Lateinisch;3;1;1;1;nein
lemma_69989;propitiatio;propitiatio;NOM;NOM;nein;Lateinisch;8;1;1;1;nein
lemma_70727;propitiatorium;propitiatorium;NOM;NOM;nein;Lateinisch;5;1;1;1;nein
lemma_55808;propugnator;propugnator;NOM;NOM;nein;Lateinisch;4;1;1;1;nein
lemma_46118;prorogare;prorogare;VRB;VRB;nein;Lateinisch;8;1;1;1;nein
lemma_69755;prorumpere;prorumpere;VRB;VRB;nein;Lateinisch;5;1;1;1;nein
lemma_45914;proselitus;proselitus;ADJ;ADJ;nein;Lateinisch;3;1;1;1;nein
lemma_23452;Protesilax;protesilax;NAM;NAM;ja;Griechisch;3;1;1;1;nein
lemma_47376;protestatio;protestatio;NOM;NOM;nein;Lateinisch;4;1;1;1;nein
lemma_26640;Prothacus;prothacus;NAM;NAM;ja;Griechisch;3;1;1;1;nein
lemma_23272;Prothasius;prothasius;NAM;NAM;ja;Lateinisch;4;1;1;1;nein
lemma_26638;Protheis;protheis;NAM;NAM;ja;Griechisch;4;1;1;1;nein
lemma_26641;Prothoilus;prothoilus;NAM;NAM;ja;Griechisch;3;1;1;1;nein
lemma_44279;Protiwen;protiwen;NAM;NAM;ja;Tschechisch;3;1;1;1;nein
lemma_31425;Protus;protus;NAM;NAM;ja;Lateinisch;4;1;1;1;nein
lemma_35109;providere;providere;VRB;VRB;nein;Lateinisch;3;1;1;1;nein
lemma_45600;providus;providus;ADJ;ADJ;nein;Lateinisch;3;1;1;1;nein
lemma_52954;Prudentius;prudentius;NAM;NAM;ja;Lateinisch;4;1;1;1;nein
lemma_44500;Przipeck;przipeck;NAM;NAM;ja;Slawisch;2;1;1;1;nein
lemma_35852;prósim;prósim;VRB;VRB;nein;Slawisch;4;1;1;1;nein
lemma_21831;psalmîgraphus;psalmigraphus;NOM;NOM;nein;Griechisch, Hebräisch, Lateinisch;9;1;1;1;nein
lemma_44501;Psowan;psowan;NAM;NAM;ja;Slawisch;2;1;1;1;nein
lemma_46231;publicare;publicare;VRB;VRB;nein;Lateinisch;6;1;1;1;nein
lemma_35288;publicus;publicus;ADJ;ADJ NOM;nein;Lateinisch;4;1;1;1;nein
lemma_75497;pulchrieren;pulchrieren;VRB;VRB;nein;Lateinisch;6;1;1;1;nein
lemma_27301;puleginum;puleginum;NOM;NOM;nein;Lateinisch;4;1;1;1;nein
lemma_46885;pulmentum;pulmentum;NOM;NOM;nein;Lateinisch;4;1;1;1;nein
lemma_32154;puräti;puraeti;PRO;PRO PRP;nein;Französisch, Lateinisch, Rätoromanisch;6;1;1;1;nein
lemma_48381;purgatorium;purgatorium;NOM;NOM;nein;Lateinisch;6;1;1;1;nein
lemma_37626;putare;putare;VRB;VRB;nein;Lateinisch;6;1;1;1;nein
lemma_29579;Pûvival;puvival;NAM;NAM;ja;Griechisch;3;1;1;1;nein
lemma_28543;Pystropus;pystropus;NAM;NAM;ja;Griechisch;3;1;1;1;nein
lemma_47452;Pythias;pythias;NAM;NAM;ja;Griechisch;3;1;1;1;nein
lemma_25546;quadam;quadam;DET;DET;nein;Lateinisch;2;1;1;1;nein
lemma_40343;Quadoqueneys;quadoqueneys;NAM;NAM;ja;Französisch;3;1;1;1;nein
lemma_46071;quadruplicare;quadruplicare;VRB;VRB;nein;Lateinisch;4;1;1;1;nein
lemma_72228;quaesere;quaesere;VRB;VRB;nein;Lateinisch;5;1;1;1;nein
lemma_20226;qualitas;qualitas;NOM;NOM;nein;Lateinisch;3;1;1;1;nein
lemma_45804;quamvis;quamvis;ADV;ADV;nein;Lateinisch;3;1;1;1;nein
lemma_78455;quandoque;quandoque;CNJ;CNJ;nein;Lateinisch;2;1;1;1;nein
lemma_69853;quandoquidem;quandoquidem;CNJ;CNJ;nein;Lateinisch;2;1;1;1;nein
lemma_51136;quantus;quantus;ADJ;ADJ;nein;Lateinisch;3;1;1;1;nein
lemma_69753;quapropter;quapropter;ADV;ADV;nein;Lateinisch;2;1;1;1;nein
lemma_59552;Quarmadans;quarmadans;NAM;NAM;ja;Französisch;3;1;1;1;nein
lemma_28279;quartnonus;quartnonus;ADV;ADV;nein;Lateinisch;3;1;1;1;nein
lemma_28458;quatenus;quatenus;ADJ;ADJ;nein;Lateinisch;3;1;1;1;nein
lemma_40358;Quebelleplus;quebelleplus;NAM;NAM;ja;Französisch, Lateinisch;4;1;1;1;nein
lemma_39128;Querquoys;querquoys;NAM;NAM;ja;Französisch;3;1;1;1;nein
lemma_31711;questio;questio;NOM;NOM;nein;Lateinisch;4;1;1;1;nein
lemma_69838;quietus;quietus;ADJ;ADJ;nein;Lateinisch;7;1;1;1;nein
lemma_39129;Quinas;quinas;NAM;NAM;ja;Französisch;3;1;1;1;nein
lemma_39127;Quinoquoys;quinoquoys;NAM;NAM;ja;Französisch;3;1;1;1;nein
lemma_41518;Quinotfiers;quinotfiers;NAM;NAM;ja;Französisch;3;1;1;1;nein
lemma_45284;quinquagesimus;quinquagesimus;NOM;NOM;nein;Lateinisch;2;1;1;1;nein
lemma_45767;quintuplex;quintuplex;ADJ;ADJ NUM;nein;Lateinisch;3;1;1;1;nein
lemma_72428;quique;quique;CNJ;CNJ;nein;Lateinisch;4;1;1;1;nein
lemma_69752;quisque;quisque;ADJ;ADJ ADV;nein;Lateinisch;2;1;1;1;nein
lemma_44835;quittieren;quittieren;VRB;VRB;nein;Lateinisch;3;1;1;1;nein
lemma_56456;quodcunque;quodcunque;CNJ;CNJ;nein;Lateinisch;4;1;1;1;nein
lemma_70512;quum;quum;CNJ;CNJ;nein;Lateinisch;3;1;1;1;nein
lemma_29532;Raap;raap;NAM;NAM;ja;Hebräisch;3;1;1;1;nein
lemma_35015;Radê;rade;NAM;NAM;ja;Ungarisch;3;1;1;1;nein
lemma_34884;radiare;radiare;VRB;VRB;nein;Lateinisch;3;1;1;1;nein
lemma_67722;radius;radius;NOM;NOM;nein;Lateinisch;5;1;1;1;nein
lemma_44682;Radomir;radomir;NAM;NAM;ja;Slawisch;3;1;1;1;nein
lemma_28674;Ramnes;ramnes;NAM;NAM;ja;Griechisch;3;1;1;1;nein
lemma_55450;ramus;ramus;NOM;NOM;nein;Lateinisch;3;1;1;1;nein
lemma_40289;rana;rana;NOM;NOM;nein;Lateinisch;2;1;1;1;nein
lemma_42834;Rankar;rankar;NAM;NAM;ja;Griechisch;3;1;1;1;nein
lemma_70617;rapina;rapina;NOM;NOM;nein;Lateinisch;4;1;1;1;nein
lemma_48316;raptare;raptare;NOM;NOM VRB;nein;Lateinisch;6;1;1;1;nein
lemma_13107;Ratebor;ratebor;NAM;NAM;ja;Slawisch;3;1;1;1;nein
lemma_51116;recedere;recedere;VRB;VRB;nein;Lateinisch;5;1;1;1;nein
lemma_47934;Rechab;rechab;NAM;NAM;ja;Hebräisch;4;1;1;1;nein
lemma_58459;reclinare;reclinare;ADJ;ADJ;nein;Lateinisch;5;1;1;1;nein
lemma_58458;recogitare;recogitare;VRB;VRB;nein;Lateinisch;4;1;1;1;nein
lemma_78500;recommentor;recommentor;VRB;VRB;nein;Lateinisch;5;1;1;1;nein
lemma_41028;reconciliare;reconciliare;VRB;VRB;nein;Lateinisch;7;1;1;1;nein
lemma_46145;reconvenire;reconvenire;NOM;NOM VRB;nein;Lateinisch;7;1;1;1;nein
lemma_58462;recordari;recordari;VRB;VRB;nein;Lateinisch;6;1;1;1;nein
lemma_52609;recreare;recreare;VRB;VRB;nein;Lateinisch;6;1;1;1;nein
lemma_58460;recubare;recubare;VRB;VRB;nein;Lateinisch;3;1;1;1;nein
lemma_58461;recumbere;recumbere;VRB;VRB;nein;Lateinisch;3;1;1;1;nein
lemma_72328;redigere;redigere;VRB;VRB;nein;Lateinisch;5;1;1;1;nein
lemma_39650;reducere;reducere;VRB;VRB;nein;Lateinisch;8;1;1;1;nein
lemma_72369;referre;referre;VRB;VRB;nein;Lateinisch;5;1;1;1;nein
lemma_52570;reformare;reformare;VRB;VRB;nein;Lateinisch;5;1;1;1;nein
lemma_45553;refovere;refovere;VRB;VRB;nein;Lateinisch;5;1;1;1;nein
lemma_23045;refrigerium;refrigerium;NOM;NOM;nein;Lateinisch;3;1;1;1;nein
lemma_44447;Reggio;reggio;NAM;NAM;ja;Italienisch;2;1;1;1;nein
lemma_46973;regiererin;regiererin;NOM;NOM;nein;Lateinisch;5;1;1;1;nein
lemma_70308;regredi;regredi;VRB;VRB;nein;Lateinisch;5;1;1;1;nein
lemma_75509;regulieren;regulieren;VRB;VRB;nein;Lateinisch;5;1;1;1;nein
lemma_52773;regulus;regulus;NOM;NOM;nein;Lateinisch;7;1;1;1;nein
lemma_28438;Reicherus;reicherus;NAM;NAM;ja;Lateinisch;4;1;1;1;nein
lemma_43159;reiʒeluoder;reiʒeluoder;NOM;NOM;nein;Lateinisch;5;1;1;1;nein
lemma_25595;relatio;relatio;NOM;NOM;nein;Lateinisch;4;1;1;1;nein
lemma_71993;religare;religare;VRB;VRB;nein;Lateinisch;5;1;1;1;nein
lemma_28321;religio;religio;NOM;NOM;nein;Lateinisch;4;1;1;1;nein
lemma_70087;religiosus;religiosus;ADJ;ADJ NOM;nein;Lateinisch;4;1;1;1;nein
lemma_66630;remedic;remedic;ADJ;ADJ;nein;Lateinisch;4;1;1;1;nein
lemma_66632;remisereri;remisereri;VRB;VRB;nein;Lateinisch;3;1;1;1;nein
lemma_46004;remotus;remotus;ADJ;ADJ;nein;Lateinisch;4;1;1;1;nein
lemma_26296;Reômitres;reomitres;NAM;NAM;ja;Griechisch;3;1;1;1;nein
lemma_39313;repagula;repagula;NOM;NOM;nein;Lateinisch;4;1;1;1;nein
lemma_46093;repentinus;repentinus;ADJ;ADJ;nein;Lateinisch;3;1;1;1;nein
lemma_46066;replicatio;replicatio;NOM;NOM;nein;Lateinisch;4;1;1;1;nein
lemma_70726;repperire;repperire;VRB;VRB;nein;Lateinisch;4;1;1;1;nein
lemma_67690;reserare;reserare;VRB;VRB;nein;Lateinisch;4;1;1;1;nein
lemma_69794;resistere;resistere;VRB;VRB;nein;Lateinisch;7;1;1;1;nein
lemma_38852;responsorium;responsorium;NOM;NOM;nein;Lateinisch;5;1;1;1;nein
lemma_55533;restaurare;restaurare;VRB;VRB;nein;Lateinisch;3;1;1;1;nein
lemma_70411;reste;reste;NOM;NOM;nein;Französisch;4;1;1;1;nein
lemma_69781;restituere;restituere;VRB;VRB;nein;Lateinisch;5;1;1;1;nein
lemma_46168;resumere;resumere;VRB;VRB;nein;Lateinisch;4;1;1;1;nein
lemma_46308;resuscitare;resuscitare;VRB;VRB;nein;Lateinisch;4;1;1;1;nein
lemma_62254;rethoricalis;rethoricalis;ADJ;ADJ;nein;Griechisch, Lateinisch;4;1;1;1;nein
lemma_61378;retributio;retributio;NOM;NOM;nein;Lateinisch;7;1;1;1;nein
lemma_45640;retro;retro;ADV;ADV;nein;Lateinisch;3;1;1;1;nein
lemma_39239;revelare;revelare;VRB;VRB;nein;Lateinisch;4;1;1;1;nein
lemma_30883;reverere;reverere;VRB;VRB;nein;Lateinisch;3;1;1;1;nein
lemma_77388;revocare;revocare;VRB;VRB;nein;Lateinisch;7;1;1;1;nein
lemma_21756;Rhea;rhea;NAM;NAM;ja;Griechisch;4;1;1;1;nein
lemma_47875;Rhodope;rhodope;NAM;NAM;ja;Griechisch;4;1;1;1;nein
lemma_26055;rhythmus;rhythmus;NOM;NOM;nein;Lateinisch;3;1;1;1;nein
lemma_10231;riant;riant;VRB;VRB;nein;Französisch;3;1;1;1;nein
lemma_34832;Riccerius;riccerius;NAM;NAM;ja;Lateinisch;3;1;1;1;nein
lemma_34306;Rîfnitz;rifnitz;NAM;NAM;ja;Slawisch;2;1;1;1;nein
lemma_63712;Rimalus;rimalus;NAM;NAM;ja;Griechisch;3;1;1;1;nein
lemma_28402;Riomus;riomus;NAM;NAM;ja;Griechisch;3;1;1;1;nein
lemma_34269;rirer;rirer;VRB;VRB;nein;Französisch;6;1;1;1;nein
lemma_44523;Ritschan;ritschan;NAM;NAM;ja;Slawisch;2;1;1;1;nein
lemma_57833;rivern;rivern;VRB;VRB;nein;Französisch;4;1;1;1;nein
lemma_34940;rivuus;rivuus;NOM;NOM;nein;Lateinisch;2;1;1;1;nein
lemma_30161;robâten;robaten;VRB;VRB;nein;Slawisch;5;1;1;1;nein
lemma_24307;Rodamolus;rodamolus;NAM;NAM;ja;Lateinisch;3;1;1;1;nein
lemma_30273;Rodone;rodone;NAM;NAM;ja;Griechisch;3;1;1;1;nein
lemma_44520;Rokitzan;rokitzan;NAM;NAM;ja;Tschechisch;3;1;1;1;nein
lemma_51115;rorare;rorare;VRB;VRB;nein;Lateinisch;4;1;1;1;nein
lemma_40139;rosam;rosam;ADJ;ADJ ADV;nein;Lateinisch;4;1;1;1;nein
lemma_26318;Roscalcus;roscalcus;NAM;NAM;ja;Griechisch;3;1;1;1;nein
lemma_26305;roseus;roseus;ADJ;ADJ;nein;Lateinisch;2;1;1;1;nein
lemma_44518;Rostislaw;rostislaw;NAM;NAM;ja;Slawisch;3;1;1;1;nein
lemma_19758;rottære;rottaere;NOM;NOM;nein;Französisch;4;1;1;1;nein
lemma_8644;rottez;rottez;ART;ART NOM;nein;Französisch;7;1;1;1;nein
lemma_47335;rotwalsch;rotwalsch;ADJ;ADJ NOM;nein;Einzelsprachen;4;1;1;1;nein
lemma_42904;rous;rous;ADJ;ADJ;nein;Französisch;3;1;1;1;nein
lemma_44684;Royen;royen;NAM;NAM;ja;Slawisch;3;1;1;1;nein
lemma_43802;rubinen;rubinen;VRB;VRB;nein;Lateinisch;4;1;1;1;nein
lemma_51139;rubus;rubus;ADJ;ADJ NOM;nein;Lateinisch;4;1;1;1;nein
lemma_24006;Rubuwar;rubuwar;NAM;NAM;ja;Arabisch;3;1;1;1;nein
lemma_47920;rübling;ruebling;NOM;NOM;nein;Rotwelsch;4;1;1;1;nein
lemma_35266;ruina;ruina;NOM;NOM;nein;Lateinisch;5;1;1;1;nein
lemma_39542;rumpere;rumpere;VRB;VRB;nein;Lateinisch;5;1;1;1;nein
lemma_46091;rusticus;rusticus;ADJ;ADJ;nein;Lateinisch;5;1;1;1;nein
lemma_42137;ruta;ruta;NOM;NOM VRB;nein;Lateinisch;3;1;1;1;nein
lemma_27309;rûtensaft;rutensaft;NOM;NOM;nein;Lateinisch;7;1;1;1;nein
lemma_35430;rutilus;rutilus;ADJ;ADJ;nein;Lateinisch;3;1;1;1;nein
lemma_25001;Sabellius;sabellius;NAM;NAM;ja;Lateinisch;4;1;1;1;nein
lemma_62269;sacramentaliter;sacramentaliter;ADJ;ADJ ADV;nein;Lateinisch;4;1;1;1;nein
lemma_55789;sacramentlich;sacramentlich;ADJ;ADJ ADV;nein;Lateinisch;2;1;1;1;nein
lemma_46809;sacrilegium;sacrilegium;NOM;NOM;nein;Lateinisch;4;1;1;1;nein
lemma_45737;saevire;saevire;VRB;VRB;nein;Lateinisch;5;1;1;1;nein
lemma_63992;Sagar;sagar;NAM;NAM;ja;Griechisch;3;1;1;1;nein
lemma_48101;sages;sages;ADJ;ADJ NOM;nein;Französisch;5;1;1;1;nein
lemma_10133;sainte;sainte;ADJ;ADJ;nein;Französisch;3;1;1;1;nein
lemma_27094;sal;sal;NOM;NOM;nein;Lateinisch;4;1;1;1;nein
lemma_30281;salire;salire;VRB;VRB;nein;Lateinisch;3;1;1;1;nein
lemma_27096;salsare;salsare;VRB;VRB;nein;Lateinisch;4;1;1;1;nein
lemma_28068;salvete;salvete;INJ;INJ PRO VRB;nein;Lateinisch;5;1;1;1;nein
lemma_21540;Samias;samias;NAM;NAM;ja;Griechisch;3;1;1;1;nein
lemma_5095;Samsi;samsi;NAM;NAM;ja;Arabisch;2;1;1;1;nein
lemma_70080;sanare;sanare;VRB;VRB;nein;Lateinisch;5;1;1;1;nein
lemma_35892;Sanctusvitus;sanctusvitus;NAM;NAM;ja;Lateinisch;5;1;1;1;nein
lemma_31955;Sanias;sanias;NAM;NAM;ja;Griechisch;3;1;1;1;nein
lemma_50871;sanitas;sanitas;NOM;NOM;nein;Lateinisch;2;1;1;1;nein
lemma_71469;sap;sap;NOM;NOM;nein;Lateinisch;2;1;1;1;nein
lemma_70548;sapere;sapere;VRB;VRB;nein;Lateinisch;5;1;1;1;nein
lemma_26275;Saptesî;saptesi;NAM;NAM;ja;Persisch;3;1;1;1;nein
lemma_24941;Saridên;sariden;NAM;NAM;ja;Griechisch;3;1;1;1;nein
lemma_24947;Saroch;saroch;NAM;NAM;ja;Arabisch;3;1;1;1;nein
lemma_24950;Sarsencius;sarsencius;NAM;NAM;ja;Griechisch;3;1;1;1;nein
lemma_67868;satagere;satagere;VRB;VRB;nein;Lateinisch;2;1;1;1;nein
lemma_41600;satîn;satin;NOM;NOM;nein;Französisch;2;1;1;1;nein
lemma_57874;satis;satis;ADV;ADV;nein;Lateinisch;3;1;1;1;nein
lemma_36631;sator;sator;NOM;NOM;nein;Lateinisch;4;1;1;1;nein
lemma_57875;saturare;saturare;VRB;VRB;nein;Lateinisch;4;1;1;1;nein
lemma_44686;Sazk;sazk;NAM;NAM;ja;Slawisch;2;1;1;1;nein
lemma_8664;sbâruckes;sbaruckes;ART;ART NOM;nein;Arabisch;3;1;1;1;nein
lemma_28582;scaurus;scaurus;NOM;NOM;nein;Lateinisch;3;1;1;1;nein
lemma_62196;Schardin;schardin;NAM;NAM;ja;Französisch;3;1;1;1;nein
lemma_41517;scharrote;scharrote;NOM;NOM;nein;Französisch;2;1;1;1;nein
lemma_14974;schavelîn;schavelin;NOM;NOM;nein;Französisch;2;1;1;1;nein
lemma_31335;Schelopfîs;schelopfis;NAM;NAM;ja;Griechisch;3;1;1;1;nein
lemma_60970;schenieren;schenieren;VRB;VRB;nein;Französisch;6;1;1;1;nein
lemma_44690;Scherotin;scherotin;NAM;NAM;ja;Tschechisch;2;1;1;1;nein
lemma_56419;Schlussvers;schlussvers;NOM;NOM;nein;Lateinisch;4;1;1;1;nein
lemma_47919;schoechelboß;schoechelboß;NOM;NOM;nein;Jiddisch, Rotwelsch;5;1;1;1;nein
lemma_28943;schrîbestû;schribestu;PRO;PRO VRB;nein;Lateinisch;8;1;1;1;nein
lemma_36971;schrîbetz;schribetz;PRO;PRO VRB;nein;Lateinisch;8;1;1;1;nein
lemma_36972;schrîbgadem;schribgadem;NOM;NOM;nein;Lateinisch;4;1;1;1;nein
lemma_46044;schriftwîs;schriftwis;ADJ;ADJ;nein;Lateinisch;8;1;1;1;nein
lemma_53377;schuolsac;schuolsac;NOM;NOM;nein;Lateinisch;4;1;1;1;nein
lemma_49927;schuolunge;schuolunge;NOM;NOM;nein;Lateinisch;3;1;1;1;nein
lemma_37837;schuolzuht;schuolzuht;NOM;NOM;nein;Lateinisch;3;1;1;1;nein
lemma_45806;scire;scire;VRB;VRB;nein;Lateinisch;5;1;1;1;nein
lemma_27083;scitari;scitari;VRB;VRB;nein;Lateinisch;3;1;1;1;nein
lemma_27708;Sclâvus;sclavus;NAM;NAM;ja;Lateinisch;3;1;1;1;nein
lemma_40249;scorpenangel;scorpenangel;NOM;NOM;nein;Griechisch, Lateinisch;4;1;1;1;nein
lemma_46309;scrutare;scrutare;VRB;VRB;nein;Lateinisch;5;1;1;1;nein
lemma_23116;Sebaldus;sebaldus;NAM;NAM;ja;Lateinisch;3;1;1;1;nein
lemma_44655;Sebin;sebin;NAM;NAM;ja;Slawisch;3;1;1;1;nein
lemma_29600;Secana;secana;NAM;NAM;ja;Griechisch;2;1;1;1;nein
lemma_69934;secedere;secedere;VRB;VRB;nein;Lateinisch;5;1;1;1;nein
lemma_69768;secretus;secretus;ADJ;ADJ;nein;Lateinisch;6;1;1;1;nein
lemma_70663;secum;secum;ADV;ADV;nein;Lateinisch;4;1;1;1;nein
lemma_70373;secus;secus;ADV;ADV;nein;Lateinisch;5;1;1;1;nein
lemma_70751;secutusque;secutusque;CNJ;CNJ VRB;nein;Lateinisch;13;1;1;1;nein
lemma_44860;Seelau;seelau;NAM;NAM;ja;Slawisch;3;1;1;1;nein
lemma_45517;segnitia;segnitia;NOM;NOM;nein;Lateinisch;6;1;1;1;nein
lemma_26599;Sellum;sellum;NAM;NAM;ja;Griechisch;3;1;1;1;nein
lemma_69835;semetipse;semetipse;ADJ;ADJ;nein;Lateinisch;2;1;1;1;nein
lemma_63711;Semöss;semoess;NAM;NAM;ja;Griechisch;3;1;1;1;nein
lemma_24346;sempiternus;sempiternus;ADJ;ADJ;nein;Lateinisch;2;1;1;1;nein
lemma_44452;Senigallia;senigallia;NAM;NAM;ja;Italienisch;2;1;1;1;nein
lemma_64228;Sennor;sennor;NAM;NAM;ja;Griechisch;3;1;1;1;nein
lemma_39349;sensitivus;sensitivus;ADJ;ADJ;nein;Lateinisch;4;1;1;1;nein
lemma_78489;sententialis;sententialis;ADJ;ADJ;nein;Lateinisch;8;1;1;1;nein
lemma_70620;senus;senus;NUM;NUM;nein;Lateinisch;2;1;1;1;nein
lemma_48317;separatio;separatio;NOM;NOM;nein;Lateinisch;5;1;1;1;nein
lemma_67880;serere;serere;VRB;VRB;nein;Lateinisch;4;1;1;1;nein
lemma_78467;serio;serio;ADJ;ADJ ADV;nein;Lateinisch;4;1;1;1;nein
lemma_70076;serus;serus;ADJ;ADJ;nein;Lateinisch;2;1;1;1;nein
lemma_45889;servitium;servitium;NOM;NOM;nein;Lateinisch;6;1;1;1;nein
lemma_39551;servitudo;servitudo;NOM;NOM;nein;Lateinisch;6;1;1;1;nein
lemma_26678;sesamum;sesamum;NOM;NOM;nein;Lateinisch;5;1;1;1;nein
lemma_44556;Sesema;sesema;NAM;NAM;ja;Slawisch;3;1;1;1;nein
lemma_45513;severitas;severitas;NOM;NOM;nein;Lateinisch;3;1;1;1;nein
lemma_21595;Sicamor;sicamor;NAM;NAM;ja;Griechisch;3;1;1;1;nein
lemma_64011;Sicrass;sicrass;NAM;NAM;ja;Griechisch;3;1;1;1;nein
lemma_78457;sicubi;sicubi;ADV;ADV;nein;Lateinisch;3;1;1;1;nein
lemma_45323;sidus;sidus;NOM;NOM;nein;Lateinisch;2;1;1;1;nein
lemma_64691;Siegesfest;siegesfest;NOM;NOM;nein;Lateinisch;8;1;1;1;nein
lemma_34958;Siena;siena;NAM;NAM;ja;Italienisch;2;1;1;1;nein
lemma_19456;Sigisgambis;sigisgambis;NAM;NAM;ja;Griechisch;3;1;1;1;nein
lemma_55809;signator;signator;NOM;NOM;nein;Lateinisch;3;1;1;1;nein
lemma_50712;Silarine;silarine;NAM;NAM;ja;Griechisch;3;1;1;1;nein
lemma_47599;Silenus;silenus;NAM;NAM;ja;Griechisch;4;1;1;1;nein
lemma_45324;silva;silva;NOM;NOM;nein;Lateinisch;3;1;1;1;nein
lemma_44560;Silvana;silvana;NAM;NAM;ja;Lateinisch;2;1;1;1;nein
lemma_28410;Silvanus;silvanus;NAM;NAM;ja;Lateinisch;3;1;1;1;nein
lemma_28375;Silverius;silverius;NAM;NAM;ja;Lateinisch;4;1;1;1;nein
lemma_24836;Silvîâne;silviane;NAM;NAM;ja;Griechisch;3;1;1;1;nein
lemma_52256;simplex;simplex;ADJ;ADJ;nein;Lateinisch;5;1;1;1;nein
lemma_48262;simplicitas;simplicitas;NOM;NOM;nein;Lateinisch;4;1;1;1;nein
lemma_34450;simulacrum;simulacrum;NOM;NOM;nein;Lateinisch;8;1;1;1;nein
lemma_25060;simulieren;simulieren;VRB;VRB;nein;Lateinisch;2;1;1;1;nein
lemma_51105;sinapis;sinapis;NOM;NOM;nein;Lateinisch;5;1;1;1;nein
lemma_45701;sinceritas;sinceritas;NOM;NOM;nein;Lateinisch;4;1;1;1;nein
lemma_16057;sinciput;sinciput;NOM;NOM;nein;Lateinisch;2;1;1;1;nein
lemma_25625;sinderesis;sinderesis;NOM;NOM;nein;Lateinisch;3;1;1;1;nein
lemma_52528;sine;sine;ADV;ADV;nein;Lateinisch;2;1;1;1;nein
lemma_72050;sinister;sinister;ADJ;ADJ;nein;Lateinisch;6;1;1;1;nein
lemma_34614;Sintilenus;sintilenus;NAM;NAM;ja;Griechisch, Lateinisch;4;1;1;1;nein
lemma_72448;sinus;sinus;NOM;NOM;nein;Lateinisch;3;1;1;1;nein
lemma_29615;Sisileus;sisileus;NAM;NAM;ja;Griechisch;3;1;1;1;nein
lemma_67752;sistere;sistere;VRB;VRB;nein;Lateinisch;4;1;1;1;nein
lemma_29611;sistrum;sistrum;NOM;NOM;nein;Lateinisch;2;1;1;1;nein
lemma_47304;Sisyphus;sisyphus;NAM;NAM;ja;Griechisch;4;1;1;1;nein
lemma_26668;Sitalces;sitalces;NAM;NAM;ja;Griechisch;3;1;1;1;nein
lemma_78451;situari;situari;VRB;VRB;nein;Lateinisch;3;1;1;1;nein
lemma_78466;situatio;situatio;NOM;NOM;nein;Lateinisch;4;1;1;1;nein
lemma_28379;Sizmerus;sizmerus;NAM;NAM;ja;Lateinisch;4;1;1;1;nein
lemma_26653;Skôlôpêtus;skolopetus;NAM;NAM;ja;Griechisch;3;1;1;1;nein
lemma_44657;Skuchrow;skuchrow;NAM;NAM;ja;Slawisch;2;1;1;1;nein
lemma_48072;slendrianus;slendrianus;NOM;NOM;nein;Lateinisch;4;1;1;1;nein
lemma_27904;slozporte;slozporte;NOM;NOM;nein;Lateinisch;3;1;1;1;nein
lemma_35576;sluzba;sluzba;NOM;NOM;nein;Slawisch, Tschechisch;5;1;1;1;nein
lemma_44564;Sobebor;sobebor;NAM;NAM;ja;Slawisch;3;1;1;1;nein
lemma_45871;societas;societas;NOM;NOM;nein;Lateinisch;2;1;1;1;nein
lemma_13303;sodalis;sodalis;NOM;NOM;nein;Lateinisch;3;1;1;1;nein
lemma_35244;solaris;solaris;ADJ;ADJ NOM;nein;Lateinisch;6;1;1;1;nein
lemma_41606;Solaz;solaz;NAM;NAM;ja;Französisch;3;1;1;1;nein
lemma_65469;soldanîe;soldanie;NOM;NOM;nein;Arabisch;7;1;1;1;nein
lemma_46052;solidus;solidus;ADJ;ADJ;nein;Lateinisch;4;1;1;1;nein
lemma_50479;solitan;solitan;ADJ;ADJ ADV;nein;Französisch;5;1;1;1;nein
lemma_45539;solitus;solitus;ADJ;ADJ;nein;Lateinisch;2;1;1;1;nein
lemma_70532;somnus;somnus;NOM;NOM;nein;Lateinisch;2;1;1;1;nein
lemma_31104;sonieren;sonieren;VRB;VRB;nein;Lateinisch;5;1;1;1;nein
lemma_70552;sonitus;sonitus;NOM;NOM;nein;Lateinisch;2;1;1;1;nein
lemma_52408;Sophidius;sophidius;NAM;NAM;ja;Griechisch;3;1;1;1;nein
lemma_52329;Sophokles;sophokles;NAM;NAM;ja;Griechisch;2;1;1;1;nein
lemma_28371;Sorimus;sorimus;NAM;NAM;ja;Lateinisch;4;1;1;1;nein
lemma_45846;sors;sors;NOM;NOM;nein;Lateinisch;5;1;1;1;nein
lemma_47094;sortes;sortes;NOM;NOM;nein;Griechisch, Lateinisch;3;1;1;1;nein
lemma_47050;Sotades;sotades;NAM;NAM;ja;Griechisch;4;1;1;1;nein
lemma_38653;soter;soter;NOM;NOM;nein;Lateinisch;4;1;1;1;nein
lemma_70948;spargere;spargere;VRB;VRB;nein;Lateinisch;6;1;1;1;nein
lemma_45752;spatiosus;spatiosus;ADJ;ADJ;nein;Lateinisch;3;1;1;1;nein
lemma_57169;spatium;spatium;NOM;NOM;nein;Lateinisch;2;1;1;1;nein
lemma_49734;species;species;NOM;NOM;nein;Lateinisch;4;1;1;1;nein
lemma_37954;spectaculum;spectaculum;NOM;NOM;nein;Lateinisch;6;1;1;1;nein
lemma_46106;spectantia;spectantia;NOM;NOM;nein;Lateinisch;6;1;1;1;nein
lemma_59749;speculatio;speculatio;NOM;NOM;nein;Lateinisch;4;1;1;1;nein
lemma_9412;speculâtor;speculator;NOM;NOM;nein;Lateinisch;3;1;1;1;nein
lemma_35572;speranza;speranza;NOM;NOM;nein;Italienisch;3;1;1;1;nein
lemma_77868;spica;spica;NOM;NOM;nein;Lateinisch;4;1;1;1;nein
lemma_24951;Spichêr;spicher;NAM;NAM;ja;Persisch;3;1;1;1;nein
lemma_16056;spicnardi;spicnardi;NOM;NOM;nein;Lateinisch;3;1;1;1;nein
lemma_51137;spissus;spissus;ADJ;ADJ;nein;Lateinisch;3;1;1;1;nein
lemma_44565;Spitimir;spitimir;NAM;NAM;ja;Slawisch;3;1;1;1;nein
lemma_46723;spititus;spititus;ADJ;ADJ;nein;Lateinisch;3;1;1;1;nein
lemma_40237;splendescere;splendescere;VRB;VRB;nein;Lateinisch;4;1;1;1;nein
lemma_45599;stabilis;stabilis;ADJ;ADJ;nein;Lateinisch;9;1;1;1;nein
lemma_70374;stagnum;stagnum;NOM;NOM;nein;Lateinisch;2;1;1;1;nein
lemma_35574;stati;stati;VRB;VRB;nein;Slawisch;10;1;1;1;nein
lemma_69832;statim;statim;ADV;ADV;nein;Lateinisch;2;1;1;1;nein
lemma_45479;statirunge;statirunge;NOM;NOM;nein;Lateinisch;3;1;1;1;nein
lemma_50508;Statius;statius;NAM;NAM;ja;Lateinisch;4;1;1;1;nein
lemma_40647;statua;statua;NOM;NOM;nein;Lateinisch;5;1;1;1;nein
lemma_45614;statura;statura;NOM;NOM;nein;Lateinisch;3;1;1;1;nein
lemma_31384;Stelophîs;stelophis;NAM;NAM;ja;Griechisch;3;1;1;1;nein
lemma_78495;sterilis;sterilis;ADJ;ADJ;nein;Lateinisch;6;1;1;1;nein
lemma_26207;Stesichêr;stesicher;NAM;NAM;ja;Griechisch;3;1;1;1;nein
lemma_34942;stillicidium;stillicidium;NOM;NOM;nein;Lateinisch;3;1;1;1;nein
lemma_78496;stipula;stipula;NOM;NOM;nein;Lateinisch;7;1;1;1;nein
lemma_67898;stirps;stirps;NOM;NOM;nein;Lateinisch;4;1;1;1;nein
lemma_57889;Stoiker;stoiker;NAM;NAM;ja;Griechisch;4;1;1;1;nein
lemma_41866;stomaticum;stomaticum;NOM;NOM;nein;Lateinisch;5;1;1;1;nein
lemma_47582;Strabo;strabo;NAM;NAM;ja;Griechisch;5;1;1;1;nein
lemma_44693;Strachkwas;strachkwas;NAM;NAM;ja;Tschechisch;3;1;1;1;nein
lemma_50713;stratum;stratum;ADV;ADV NOM;nein;Lateinisch;4;1;1;1;nein
lemma_44567;Strzies;strzies;NAM;NAM;ja;Slawisch;3;1;1;1;nein
lemma_50950;stubenvënster;stubenvënster;NOM;NOM;nein;Lateinisch;5;1;1;1;nein
lemma_69841;suavitas;suavitas;NOM;NOM;nein;Lateinisch;4;1;1;1;nein
lemma_34459;subdere;subdere;VRB;VRB;nein;Lateinisch;7;1;1;1;nein
lemma_39681;sublimare;sublimare;VRB;VRB;nein;Lateinisch;6;1;1;1;nein
lemma_78502;subridere;subridere;VRB;VRB;nein;Lateinisch;6;1;1;1;nein
lemma_46054;substituere;substituere;VRB;VRB;nein;Lateinisch;6;1;1;1;nein
lemma_36241;subtilicheit;subtilicheit;NOM;NOM;nein;Lateinisch;2;1;1;1;nein
lemma_39575;subtrahere;subtrahere;VRB;VRB;nein;Lateinisch;5;1;1;1;nein
lemma_78456;succidere;succidere;VRB;VRB;nein;Lateinisch;5;1;1;1;nein
lemma_70510;succingere;succingere;VRB;VRB;nein;Lateinisch;5;1;1;1;nein
lemma_27336;succus;succus;NOM;NOM;nein;Lateinisch;4;1;1;1;nein
lemma_5870;suctellois;suctellois;ADJ;ADJ;nein;Französisch;3;1;1;1;nein
lemma_45668;sudare;sudare;VRB;VRB;nein;Lateinisch;3;1;1;1;nein
lemma_44695;Sudeck;sudeck;NAM;NAM;ja;Slawisch;3;1;1;1;nein
lemma_53490;suffulcire;suffulcire;VRB;VRB;nein;Lateinisch;3;1;1;1;nein
lemma_26472;Summachus;summachus;NAM;NAM;ja;Lateinisch;4;1;1;1;nein
lemma_27685;sunderkrîe;sunderkrie;NOM;NOM;nein;Französisch;5;1;1;1;nein
lemma_34817;sundermurmeln;sundermurmeln;NOM;NOM VRB;nein;Lateinisch;6;1;1;1;nein
lemma_31732;Sunom;sunom;NAM;NAM;ja;Griechisch;3;1;1;1;nein
lemma_31669;Supacias;supacias;NAM;NAM;ja;Griechisch;3;1;1;1;nein
lemma_46427;superabundare;superabundare;NOM;NOM VRB;nein;Lateinisch;5;1;1;1;nein
lemma_37564;superare;superare;VRB;VRB;nein;Lateinisch;7;1;1;1;nein
lemma_46430;superbire;superbire;VRB;VRB;nein;Lateinisch;7;1;1;1;nein
lemma_45872;superbus;superbus;ADJ;ADJ NOM;nein;Lateinisch;9;1;1;1;nein
lemma_35039;superferre;superferre;VRB;VRB;nein;Lateinisch;2;1;1;1;nein
lemma_46429;superordinare;superordinare;ADV;ADV VRB;nein;Lateinisch;7;1;1;1;nein
lemma_45834;supplex;supplex;ADJ;ADJ;nein;Lateinisch;2;1;1;1;nein
lemma_46119;suspendere;suspendere;VRB;VRB;nein;Lateinisch;5;1;1;1;nein
lemma_52274;suspendium;suspendium;NOM;NOM;nein;Lateinisch;5;1;1;1;nein
lemma_78460;suspensivus;suspensivus;ADJ;ADJ;nein;Lateinisch;5;1;1;1;nein
lemma_44697;Swetlick;swetlick;NAM;NAM;ja;Tschechisch;3;1;1;1;nein
lemma_30346;Swînitz;swinitz;NAM;NAM;ja;Slawisch;2;1;1;1;nein
lemma_24840;Sylilous;sylilous;NAM;NAM;ja;Griechisch;3;1;1;1;nein
lemma_64571;Syloys;syloys;NAM;NAM;ja;Griechisch;3;1;1;1;nein
lemma_78463;synonymatio;synonymatio;NOM;NOM;nein;Lateinisch;4;1;1;1;nein
lemma_48049;Syrtis;syrtis;NAM;NAM;ja;Griechisch, Lateinisch;4;1;1;1;nein
lemma_26699;Sysileus;sysileus;NAM;NAM;ja;Griechisch;3;1;1;1;nein
lemma_28601;Syteus;syteus;NAM;NAM;ja;Griechisch;3;1;1;1;nein
lemma_28496;Tabarentius;tabarentius;NAM;NAM;ja;Lateinisch;3;1;1;1;nein
lemma_48040;tabelmarin;tabelmarin;NOM;NOM;nein;Lateinisch;5;1;1;1;nein
lemma_47759;tabernieren;tabernieren;VRB;VRB;nein;Lateinisch;5;1;1;1;nein
lemma_46921;tabescere;tabescere;VRB;VRB;nein;Lateinisch;4;1;1;1;nein
lemma_29584;Tabrôn;tabron;NAM;NAM;ja;Griechisch;3;1;1;1;nein
lemma_45622;taciturnitas;taciturnitas;NOM;NOM;nein;Lateinisch;4;1;1;1;nein
lemma_46006;tactus;tactus;NOM;NOM;nein;Lateinisch;5;1;1;1;nein
lemma_11951;talfinette;talfinette;NOM;NOM;nein;Französisch;4;1;1;1;nein
lemma_29607;Talomon;talomon;NAM;NAM;ja;Griechisch;2;1;1;1;nein
lemma_28370;Tamasus;tamasus;NAM;NAM;ja;Lateinisch;4;1;1;1;nein
lemma_57189;Tanaquil;tanaquil;NAM;NAM;ja;Lateinisch;3;1;1;1;nein
lemma_18498;Tanchrête;tanchrete;NAM;NAM;ja;Griechisch;3;1;1;1;nein
lemma_78494;tandem;tandem;ADV;ADV;nein;Lateinisch;2;1;1;1;nein
lemma_31736;Tannâ;tanna;NAM;NAM;ja;Griechisch;3;1;1;1;nein
lemma_31860;Tantamides;tantamides;NAM;NAM;ja;Griechisch;3;1;1;1;nein
lemma_28494;Taradius;taradius;NAM;NAM;ja;Lateinisch;3;1;1;1;nein
lemma_31751;Tares;tares;NAM;NAM;ja;Griechisch;3;1;1;1;nein
lemma_29772;Tartanôs;tartanos;NAM;NAM;ja;Griechisch;3;1;1;1;nein
lemma_25460;Taurus;taurus;NAM;NAM;ja;Lateinisch;5;1;1;1;nein
lemma_62872;tavelbein;tavelbein;NOM;NOM;nein;Lateinisch;3;1;1;1;nein
lemma_29465;Teamaniur;teamaniur;NAM;NAM;ja;Griechisch;2;1;1;1;nein
lemma_37790;Teciâ;tecia;NAM;NAM;ja;Lateinisch;3;1;1;1;nein
lemma_47458;Teiresias;teiresias;NAM;NAM;ja;Griechisch;3;1;1;1;nein
lemma_43952;Teltsch;teltsch;NAM;NAM;ja;Tschechisch;2;1;1;1;nein
lemma_46208;temerarius;temerarius;ADJ;ADJ;nein;Lateinisch;4;1;1;1;nein
lemma_45550;tempestas;tempestas;NOM;NOM;nein;Lateinisch;3;1;1;1;nein
lemma_24491;Temphores;temphores;NAM;NAM;ja;Griechisch;3;1;1;1;nein
lemma_65414;temporalia;temporalia;NOM;NOM;nein;Lateinisch;2;1;1;1;nein
lemma_72230;tendere;tendere;VRB;VRB;nein;Lateinisch;5;1;1;1;nein
lemma_63168;tentorium;tentorium;NOM;NOM;nein;Lateinisch;5;1;1;1;nein
lemma_51124;tenuis;tenuis;ADJ;ADJ;nein;Lateinisch;4;1;1;1;nein
lemma_36907;ter;ter;NUM;NUM;nein;Lateinisch;2;1;1;1;nein
lemma_45325;terminare;terminare;VRB;VRB;nein;Lateinisch;3;1;1;1;nein
lemma_24334;Terpetis;terpetis;NAM;NAM;ja;Griechisch;3;1;1;1;nein
lemma_44328;Tetschen;tetschen;NAM;NAM;ja;Slawisch;2;1;1;1;nein
lemma_28350;Teulucus;teulucus;NAM;NAM;ja;Griechisch;3;1;1;1;nein
lemma_48258;teutonicus;teutonicus;ADJ;ADJ;nein;Lateinisch;4;1;1;1;nein
lemma_64968;Thabal;thabal;NAM;NAM;ja;Griechisch;2;1;1;1;nein
lemma_47522;Thais;thais;NAM;NAM;ja;Griechisch;3;1;1;1;nein
lemma_47596;thalamus;thalamus;NOM;NOM;nein;Lateinisch;4;1;1;1;nein
lemma_63993;Thebires;thebires;NAM;NAM;ja;Griechisch;3;1;1;1;nein
lemma_28083;Thelaneis;thelaneis;NAM;NAM;ja;Griechisch;2;1;1;1;nein
lemma_37898;Theloneus;theloneus;NAM;NAM;ja;Griechisch, Lateinisch;4;1;1;1;nein
lemma_32271;Themisa;themisa;NAM;NAM;ja;Griechisch;3;1;1;1;nein
lemma_54072;Themistios;themistios;NAM;NAM;ja;Griechisch;5;1;1;1;nein
lemma_64068;Theoborus;theoborus;NAM;NAM;ja;Griechisch;3;1;1;1;nein
lemma_41613;theorica;theorica;NOM;NOM;nein;Lateinisch;3;1;1;1;nein
lemma_64876;Therbund;therbund;NAM;NAM;ja;Griechisch;3;1;1;1;nein
lemma_32281;Thesaris;thesaris;NAM;NAM;ja;Griechisch;3;1;1;1;nein
lemma_29462;Thesidas;thesidas;NAM;NAM;ja;Griechisch;2;1;1;1;nein
lemma_29458;Thespis;thespis;NAM;NAM;ja;Griechisch;3;1;1;1;nein
lemma_32273;Theuces;theuces;NAM;NAM;ja;Griechisch;3;1;1;1;nein
lemma_44593;Thineck;thineck;NAM;NAM;ja;Slawisch;2;1;1;1;nein
lemma_45831;thorax;thorax;NOM;NOM;nein;Lateinisch;2;1;1;1;nein
lemma_67829;tiaboleo;tiaboleo;PRO;PRO VRB;nein;Lateinisch;6;1;1;1;nein
lemma_31747;Tindarius;tindarius;NAM;NAM;ja;Griechisch;3;1;1;1;nein
lemma_57215;tiranne;tiranne;NOM;NOM;nein;Griechisch, Lateinisch;4;1;1;1;nein
lemma_19127;Tîriotes;tiriotes;NAM;NAM;ja;Griechisch;3;1;1;1;nein
lemma_43955;Tirzow;tirzow;NAM;NAM;ja;Tschechisch;2;1;1;1;nein
lemma_42138;tistre;tistre;NOM;NOM;nein;Französisch;3;1;1;1;nein
lemma_44455;Tivoli;tivoli;NAM;NAM;ja;Italienisch;2;1;1;1;nein
lemma_35887;tlôg;tlog;NOM;NOM PRP;nein;Slawisch;3;1;1;1;nein
lemma_70619;tonitruus;tonitruus;NOM;NOM;nein;Lateinisch;3;1;1;1;nein
lemma_63408;topasieren;topasieren;VRB;VRB;nein;Lateinisch;4;1;1;1;nein
lemma_30867;Toranus;toranus;NAM;NAM;ja;Griechisch;3;1;1;1;nein
lemma_36974;tormentum;tormentum;NOM;NOM;nein;Lateinisch;4;1;1;1;nein
lemma_37554;torris;torris;NOM;NOM;nein;Lateinisch;2;1;1;1;nein
lemma_45824;torsum;torsum;NOM;NOM;nein;Lateinisch;5;1;1;1;nein
lemma_48973;torte;torte;NOM;NOM;nein;Lateinisch;4;1;1;1;nein
lemma_30119;trachea;trachea;NOM;NOM;nein;Lateinisch;3;1;1;1;nein
lemma_46304;transcendere;transcendere;VRB;VRB;nein;Lateinisch;5;1;1;1;nein
lemma_70349;transferre;transferre;VRB;VRB;nein;Lateinisch;6;1;1;1;nein
lemma_70501;transfretare;transfretare;VRB;VRB;nein;Lateinisch;6;1;1;1;nein
lemma_67769;transmigratio;transmigratio;NOM;NOM;nein;Lateinisch;7;1;1;1;nein
lemma_72113;transportare;transportare;VRB;VRB;nein;Lateinisch;5;1;1;1;nein
lemma_34521;tre;tre;NUM;NUM;nein;Italienisch;2;1;1;1;nein
lemma_44595;Trebnitz;trebnitz;NAM;NAM;ja;Slawisch;3;1;1;1;nein
lemma_44596;Trebowan;trebowan;NAM;NAM;ja;Slawisch;2;1;1;1;nein
lemma_44597;Trezzo;trezzo;NAM;NAM;ja;Italienisch;3;1;1;1;nein
lemma_40531;triên;trien;INJ;INJ;nein;Französisch;2;1;1;1;nein
lemma_27328;triginta;triginta;NUM;NUM;nein;Lateinisch;2;1;1;1;nein
lemma_40530;triôs;trios;INJ;INJ;nein;Französisch;2;1;1;1;nein
lemma_70561;tripartitus;tripartitus;ADJ;ADJ;nein;Lateinisch;5;1;1;1;nein
lemma_10993;triplex;triplex;ADJ;ADJ NUM;nein;Lateinisch;2;1;1;1;nein
lemma_46070;triplicare;triplicare;VRB;VRB;nein;Lateinisch;4;1;1;1;nein
lemma_34880;tripudium;tripudium;NOM;NOM;nein;Lateinisch;4;1;1;1;nein
lemma_40532;trisô;triso;INJ;INJ;nein;Französisch;2;1;1;1;nein
lemma_55529;tristari;tristari;VRB;VRB;nein;Französisch, Lateinisch;4;1;1;1;nein
lemma_28738;Troas;troas;NAM;NAM;ja;Griechisch;3;1;1;1;nein
lemma_6233;Troimar;troimar;NAM;NAM;ja;Französisch;3;1;1;1;nein
lemma_35507;tropaeum;tropaeum;NOM;NOM;nein;Lateinisch;2;1;1;1;nein
lemma_34631;Troyana;troyana;NAM;NAM;ja;Griechisch;2;1;1;1;nein
lemma_44603;Trstawa;trstawa;NAM;NAM;ja;Slawisch;3;1;1;1;nein
lemma_44700;Trubka;trubka;NAM;NAM;ja;Slawisch;3;1;1;1;nein
lemma_10636;trutamis;trutamis;NOM;NOM;nein;Französisch, Lateinisch;5;1;1;1;nein
lemma_25190;Tshilis;tshilis;NAM;NAM;ja;Arabisch;3;1;1;1;nein
lemma_49264;tuba;tuba;NOM;NOM;nein;Lateinisch;5;1;1;1;nein
lemma_6275;tubieren;tubieren;VRB;VRB;nein;Französisch;5;1;1;1;nein
lemma_23873;Tuffran;tuffran;NAM;NAM;ja;Arabisch;3;1;1;1;nein
lemma_32519;Tugat;tugat;NAM;NAM;ja;Arabisch;3;1;1;1;nein
lemma_24039;Tuntanîs;tuntanis;NAM;NAM;ja;Arabisch;3;1;1;1;nein
lemma_18010;Turbalitus;turbalitus;NAM;NAM;ja;Lateinisch;3;1;1;1;nein
lemma_46922;turbare;turbare;VRB;VRB;nein;Lateinisch;8;1;1;1;nein
lemma_45703;tutor;tutor;NOM;NOM VRB;nein;Lateinisch;6;1;1;1;nein
lemma_47943;tutz;tutz;NOM;NOM;nein;Rotwelsch;5;1;1;1;nein
lemma_63718;Tybalis;tybalis;NAM;NAM;ja;Griechisch;3;1;1;1;nein
lemma_28624;Tytides;tytides;NAM;NAM;ja;Griechisch;3;1;1;1;nein
lemma_66988;tërraʒ;tërraʒ;NOM;NOM;nein;Lateinisch;3;1;1;1;nein
lemma_35885;tù;tù;PRP;PRP;nein;Slawisch;3;1;1;1;nein
lemma_69759;ubicumque;ubicumque;ADV;ADV;nein;Lateinisch;2;1;1;1;nein
lemma_31731;Ucalegon;ucalegon;NAM;NAM;ja;Griechisch;2;1;1;1;nein
lemma_52284;übernatûrlich;uebernaturlich;ADJ;ADJ ADV;nein;Lateinisch;5;1;1;1;nein
lemma_6390;überparlieren;ueberparlieren;PRP;PRP VRB;nein;Französisch;4;1;1;1;nein
lemma_67748;ullus;ullus;ADJ;ADJ;nein;Lateinisch;2;1;1;1;nein
lemma_35306;ultimus;ultimus;ADJ;ADJ;nein;Lateinisch;4;1;1;1;nein
lemma_45826;ultio;ultio;NOM;NOM;nein;Lateinisch;7;1;1;1;nein
lemma_69318;umbenâmen;umbenamen;INJ;INJ;nein;Lateinisch;3;1;1;1;nein
lemma_69791;umquam;umquam;ADV;ADV;nein;Lateinisch;2;1;1;1;nein
lemma_70370;unanimis;unanimis;ADJ;ADJ;nein;Lateinisch;3;1;1;1;nein
lemma_45467;unda;unda;NOM;NOM;nein;Lateinisch;2;1;1;1;nein
lemma_70291;undecimus;undecimus;NUM;NUM;nein;Lateinisch;2;1;1;1;nein
lemma_45692;undique;undique;ADV;ADV;nein;Lateinisch;5;1;1;1;nein
lemma_51257;unform;unform;NEG;NEG NOM;nein;Lateinisch;3;1;1;1;nein
lemma_16393;ungevelieret;ungevelieret;ADV;ADV NEG;nein;Französisch;5;1;1;1;nein
lemma_70554;unicuique;unicuique;NOM;NOM;nein;Lateinisch;2;1;1;1;nein
lemma_77828;unire;unire;VRB;VRB;nein;Lateinisch;4;1;1;1;nein
lemma_20771;unmortlîche;unmortliche;ADJ;ADJ ADV NEG;nein;Lateinisch;4;1;1;1;nein
lemma_78530;unzelieren;unzelieren;VRB;VRB;nein;Lateinisch;5;1;1;1;nein
lemma_34685;uram;uram;NOM;NOM;nein;Ungarisch;4;1;1;1;nein
lemma_44957;urbs;urbs;NOM;NOM;nein;Lateinisch;2;1;1;1;nein
lemma_67968;urere;urere;VRB;VRB;nein;Lateinisch;6;1;1;1;nein
lemma_48043;Ursa;ursa;NAM;NAM;ja;Griechisch, Lateinisch;5;1;1;1;nein
lemma_28465;ursus;ursus;NOM;NOM;nein;Lateinisch;4;1;1;1;nein
lemma_44284;Uska;uska;NAM;NAM;ja;Slawisch;3;1;1;1;nein
lemma_58531;usquequo;usquequo;ADV;ADV IPA;nein;Lateinisch;3;1;1;1;nein
lemma_18451;usus;usus;NOM;NOM;nein;Lateinisch;3;1;1;1;nein
lemma_78490;utcumque;utcumque;ADV;ADV;nein;Lateinisch;3;1;1;1;nein
lemma_45758;uti;uti;VRB;VRB;nein;Lateinisch;6;1;1;1;nein
lemma_45732;utilitas;utilitas;NOM;NOM;nein;Lateinisch;6;1;1;1;nein
lemma_39594;uva;uva;NOM;NOM;nein;Lateinisch;6;1;1;1;nein
lemma_36497;ûzleger;uzleger;NOM;NOM;nein;Einzelsprachen;8;1;1;1;nein
lemma_60855;ûzschrîben;uzschriben;VRB;VRB;nein;Lateinisch;6;1;1;1;nein
lemma_70716;vacare;vacare;VRB;VRB;nein;Lateinisch;6;1;1;1;nein
lemma_35846;vacuus;vacuus;ADJ;ADJ;nein;Lateinisch;3;1;1;1;nein
lemma_73928;vælestû;vaelestu;PRO;PRO VRB;nein;Französisch;5;1;1;1;nein
lemma_45847;vagus;vagus;NOM;NOM;nein;Lateinisch;6;1;1;1;nein
lemma_17345;Valencia;valencia;NAM;NAM;ja;Spanisch;3;1;1;1;nein
lemma_70665;valens;valens;ADJ;ADJ NOM;nein;Lateinisch;6;1;1;1;nein
lemma_44437;Vallis;vallis;NAM;NAM;ja;Lateinisch;2;1;1;1;nein
lemma_6725;vâls;vals;NOM;NOM;nein;Französisch;2;1;1;1;nein
lemma_35035;vanus;vanus;ADJ;ADJ;nein;Lateinisch;3;1;1;1;nein
lemma_34938;varie;varie;ADV;ADV;nein;Lateinisch;2;1;1;1;nein
lemma_58315;vavasor;vavasor;NOM;NOM;nein;Französisch;6;1;1;1;nein
lemma_29633;Vectigâl;vectigal;NAM;NAM;ja;Hebräisch;3;1;1;1;nein
lemma_28397;Vedastus;vedastus;NAM;NAM;ja;Lateinisch;4;1;1;1;nein
lemma_28428;Veitlinus;veitlinus;NAM;NAM;ja;Lateinisch;4;1;1;1;nein
lemma_48926;Veitspharre;veitspharre;NAM;NAM;ja;Lateinisch;6;1;1;1;nein
lemma_28459;vellus;vellus;NOM;NOM;nein;Lateinisch;5;1;1;1;nein
lemma_46027;velox;velox;ADJ;ADJ ADV;nein;Lateinisch;5;1;1;1;nein
lemma_49710;veltkümel;veltkuemel;NOM;NOM;nein;Lateinisch;5;1;1;1;nein
lemma_72140;vendicare;vendicare;VRB;VRB;nein;Lateinisch;3;1;1;1;nein
lemma_29106;venenum;venenum;NOM;NOM;nein;Lateinisch;2;1;1;1;nein
lemma_34996;venerari;venerari;NOM;NOM VRB;nein;Lateinisch;3;1;1;1;nein
lemma_45538;ver;ver;NOM;NOM;nein;Lateinisch;3;1;1;1;nein
lemma_47922;veralchen;veralchen;ADV;ADV VRB;nein;Rotwelsch;4;1;1;1;nein
lemma_78488;verbalis;verbalis;ADJ;ADJ;nein;Lateinisch;8;1;1;1;nein
lemma_44444;Vercelli;vercelli;NAM;NAM;ja;Italienisch;2;1;1;1;nein
lemma_46678;verfirmen;verfirmen;VRB;VRB;nein;Lateinisch;9;1;1;1;nein
lemma_52468;vermartern;vermartern;VRB;VRB;nein;Lateinisch;7;1;1;1;nein
lemma_71990;vernihtecheit;vernihtecheit;NEG;NEG NOM;nein;Lateinisch;2;1;1;1;nein
lemma_25393;vernus;vernus;ADJ;ADJ NOM;nein;Lateinisch;3;1;1;1;nein
lemma_33822;verquîten;verquiten;VRB;VRB;nein;Lateinisch;4;1;1;1;nein
lemma_42540;vertolken;vertolken;VRB;VRB;nein;Einzelsprachen;3;1;1;1;nein
lemma_62796;verzirkeln;verzirkeln;VRB;VRB;nein;Lateinisch;9;1;1;1;nein
lemma_27259;vesica;vesica;NOM;NOM;nein;Lateinisch;5;1;1;1;nein
lemma_18900;vestribus;vestribus;ADJ;ADJ NOM;nein;Lateinisch;2;1;1;1;nein
lemma_67889;veter;veter;ADJ;ADJ;nein;Lateinisch;3;1;1;1;nein
lemma_47931;vetzer;vetzer;NOM;NOM;nein;Rotwelsch;6;1;1;1;nein
lemma_44611;Vialata;vialata;NAM;NAM;ja;Lateinisch;3;1;1;1;nein
lemma_69779;viaticum;viaticum;NOM;NOM;nein;Lateinisch;4;1;1;1;nein
lemma_48382;viciis;viciis;NOM;NOM;nein;Lateinisch;3;1;1;1;nein
lemma_45691;vicinus;vicinus;ADJ;ADJ NOM;nein;Lateinisch;3;1;1;1;nein
lemma_35499;victima;victima;NOM;NOM;nein;Lateinisch;2;1;1;1;nein
lemma_9341;vie;vie;NOM;NOM;nein;Französisch;4;1;1;1;nein
lemma_34512;viegga;viegga;NOM;NOM VRB;nein;Rätoromanisch;4;1;1;1;nein
lemma_44390;vîgegarte;vigegarte;NOM;NOM;nein;Lateinisch;5;1;1;1;nein
lemma_70316;vigilare;vigilare;VRB;VRB;nein;Lateinisch;7;1;1;1;nein
lemma_28839;vinculum;vinculum;NOM;NOM;nein;Lateinisch;3;1;1;1;nein
lemma_44263;Viniacato;viniacato;NAM;NAM;ja;Italienisch;2;1;1;1;nein
lemma_46210;violentus;violentus;ADJ;ADJ;nein;Lateinisch;3;1;1;1;nein
lemma_38170;virago;virago;NOM;NOM;nein;Lateinisch;3;1;1;1;nein
lemma_36605;virere;virere;VRB;VRB;nein;Lateinisch;3;1;1;1;nein
lemma_48724;Virgiliae;virgiliae;NAM;NAM;ja;Lateinisch;2;1;1;1;nein
lemma_61730;virginal;virginal;NOM;NOM;nein;Lateinisch;2;1;1;1;nein
lemma_61729;virginitas;virginitas;NOM;NOM;nein;Lateinisch;5;1;1;1;nein
lemma_52970;visamî;visami;NOM;NOM;nein;Lateinisch;4;1;1;1;nein
lemma_24023;viscomte;viscomte;NOM;NOM;nein;Französisch;2;1;1;1;nein
lemma_34430;viscus;viscus;NOM;NOM;nein;Lateinisch;6;1;1;1;nein
lemma_72769;visere;visere;VRB;VRB;nein;Lateinisch;4;1;1;1;nein
lemma_28469;visibilis;visibilis;ADJ;ADJ;nein;Lateinisch;2;1;1;1;nein
lemma_34428;visierer;visierer;NOM;NOM;nein;Lateinisch;7;1;1;1;nein
lemma_24497;visio;visio;NOM;NOM;nein;Lateinisch;3;1;1;1;nein
lemma_31709;visitatio;visitatio;NOM;NOM;nein;Lateinisch;4;1;1;1;nein
lemma_66348;visur;visur;NOM;NOM;nein;Französisch, Lateinisch;4;1;1;1;nein
lemma_45626;vitreus;vitreus;ADJ;ADJ;nein;Lateinisch;5;1;1;1;nein
lemma_32098;vivificare;vivificare;VRB;VRB;nein;Lateinisch;4;1;1;1;nein
lemma_35663;viztuomambahte;viztuomambahte;NOM;NOM;nein;Lateinisch;5;1;1;1;nein
lemma_69932;vocal;vocal;NOM;NOM;nein;Lateinisch;3;1;1;1;nein
lemma_16069;vocâles;vocales;NOM;NOM;nein;Lateinisch;3;1;1;1;nein
lemma_7161;voie;voie;NOM;NOM;nein;Französisch;2;1;1;1;nein
lemma_70333;volatilis;volatilis;ADJ;ADJ NOM;nein;Lateinisch;3;1;1;1;nein
lemma_42702;voloir;voloir;VEM;VEM VRB;nein;Französisch;5;1;1;1;nein
lemma_7185;volontiers;volontiers;ADV;ADV;nein;Französisch, Lateinisch;3;1;1;1;nein
lemma_39356;voluntarius;voluntarius;ADJ;ADJ ADV;nein;Lateinisch;5;1;1;1;nein
lemma_28393;Volusianus;volusianus;NAM;NAM;ja;Lateinisch;3;1;1;1;nein
lemma_67709;volvere;volvere;VRB;VRB;nein;Lateinisch;4;1;1;1;nein
lemma_50686;volzirkeln;volzirkeln;VRB;VRB;nein;Lateinisch;7;1;1;1;nein
lemma_67052;vornennen;vornennen;VRB;VRB;nein;Lateinisch;6;1;1;1;nein
lemma_57953;vorvesperzît;vorvesperzit;NOM;NOM;nein;Lateinisch;5;1;1;1;nein
lemma_44628;Vrein;vrein;NAM;NAM;ja;Slawisch;3;1;1;1;nein
lemma_41915;vrêt;vret;NOM;NOM;nein;Lateinisch;2;1;1;1;nein
lemma_29677;vruomursel;vruomursel;NOM;NOM;nein;Französisch;5;1;1;1;nein
lemma_44902;vulnus;vulnus;NOM;NOM;nein;Lateinisch;2;1;1;1;nein
lemma_30047;vënsterbloch;vënsterbloch;NOM;NOM;nein;Lateinisch;5;1;1;1;nein
lemma_23604;wânamîs;wanamis;NOM;NOM;nein;Französisch, Lateinisch;8;1;1;1;nein
lemma_34516;waniadat;waniadat;NOM;NOM PRO PRP VRB;nein;Rätoromanisch;4;1;1;1;nein
lemma_46837;wânprophete;wanprophete;NOM;NOM;nein;Griechisch;5;1;1;1;nein
lemma_34731;weiwode;weiwode;NOM;NOM;nein;Slawisch;3;1;1;1;nein
lemma_43961;Welhartitz;welhartitz;NAM;NAM;ja;Slawisch;2;1;1;1;nein
lemma_44619;Welislaw;welislaw;NAM;NAM;ja;Slawisch;3;1;1;1;nein
lemma_44623;Welnan;welnan;NAM;NAM;ja;Slawisch;2;1;1;1;nein
lemma_77528;werporte;werporte;NOM;NOM;nein;Lateinisch;5;1;1;1;nein
lemma_43960;Wewerzi;wewerzi;NAM;NAM;ja;Tschechisch;2;1;1;1;nein
lemma_54979;widerbredigen;widerbredigen;VRB;VRB;nein;Lateinisch;6;1;1;1;nein
lemma_45452;widermurmeler;widermurmeler;NOM;NOM;nein;Lateinisch;5;1;1;1;nein
lemma_45454;widerschrîben;widerschriben;VRB;VRB;nein;Lateinisch;4;1;1;1;nein
lemma_44631;Wilemow;wilemow;NAM;NAM;ja;Slawisch;2;1;1;1;nein
lemma_77950;wilon;wilon;VRB;VRB;nein;Lateinisch;6;1;1;1;nein
lemma_33951;Wischasor;wischasor;NAM;NAM;ja;Griechisch;3;1;1;1;nein
lemma_42170;Wizlaw;wizlaw;NAM;NAM;ja;Slawisch;3;1;1;1;nein
lemma_44622;Wizplitza;wizplitza;NOM;NOM;nein;Slawisch;2;1;1;1;nein
lemma_66151;wochenmesse;wochenmesse;NOM;NOM;nein;Lateinisch;4;1;1;1;nein
lemma_43003;wokursim;wokursim;VRB;VRB;nein;Tschechisch;3;1;1;1;nein
lemma_30440;Wonawitz;wonawitz;NAM;NAM;ja;Slawisch;3;1;1;1;nein
lemma_42417;Wradka;wradka;NAM;NAM;ja;Slawisch;3;1;1;1;nein
lemma_44629;Wratzka;wratzka;NAM;NAM;ja;Slawisch;3;1;1;1;nein
lemma_44652;Wrzesow;wrzesow;NAM;NAM;ja;Slawisch;2;1;1;1;nein
lemma_44632;Wysoka;wysoka;NAM;NAM;ja;Slawisch;2;1;1;1;nein
lemma_34633;Xantus;xantus;NAM;NAM;ja;Griechisch;2;1;1;1;nein
lemma_36906;Xenophon;xenophon;NAM;NAM;ja;Griechisch;4;1;1;1;nein
lemma_64071;Ybrot;ybrot;NAM;NAM;ja;Griechisch;3;1;1;1;nein
lemma_65149;Ydroges;ydroges;NAM;NAM;ja;Griechisch;3;1;1;1;nein
lemma_29348;Yerapolin;yerapolin;NAM;NAM;ja;Griechisch;3;1;1;1;nein
lemma_31807;Ylia;ylia;NAM;NAM;ja;Griechisch;2;1;1;1;nein
lemma_39190;Yllec;yllec;NAM;NAM;ja;Französisch;2;1;1;1;nein
lemma_40338;Yrone;yrone;NAM;NAM;ja;Französisch;3;1;1;1;nein
lemma_52250;z'Vespasiano;z'vespasiano;NAM;NAM;ja;Lateinisch;3;1;1;1;nein
lemma_44323;Zeitz;zeitz;NAM;NAM;ja;Slawisch;2;1;1;1;nein
lemma_56610;zeJesu;zejesu;NAM;NAM PRP;ja;Hebräisch, Lateinisch;5;1;1;1;nein
lemma_35883;zelèn;zelèn;ADJ;ADJ;nein;Slawisch;3;1;1;1;nein
lemma_38159;Zentinus;zentinus;NAM;NAM;ja;Lateinisch;4;1;1;1;nein
lemma_26198;Zêrastes;zerastes;NAM;NAM;ja;Griechisch;3;1;1;1;nein
lemma_46483;zirkelzeichen;zirkelzeichen;NOM;NOM;nein;Lateinisch;6;1;1;1;nein
lemma_63721;Ziropol;ziropol;NAM;NAM;ja;Griechisch;3;1;1;1;nein
lemma_44691;Zittau;zittau;NAM;NAM;ja;Slawisch;3;1;1;1;nein
lemma_26223;Zîzicus;zizicus;NAM;NAM;ja;Griechisch;2;1;1;1;nein
lemma_44635;Zlasan;zlasan;NAM;NAM;ja;Slawisch;2;1;1;1;nein
lemma_25189;Zolegarab;zolegarab;NAM;NAM;ja;Arabisch;3;1;1;1;nein
lemma_26656;Zôlus;zolus;NAM;NAM;ja;Griechisch;3;1;1;1;nein
lemma_44436;Zwesteck;zwesteck;NAM;NAM;ja;Slawisch;3;1;1;1;nein
lemma_49579;úberclar;úberclar;ADJ;ADJ ADV;nein;Lateinisch;8;1;1;1;nein
lemma_67830;abolere;abolere;VRB;VRB;nein;Lateinisch;6;0;0;0;nein
lemma_55790;abominari;abominari;VRB;VRB;nein;Lateinisch;5;0;0;0;nein
lemma_46426;abundare;abundare;VRB;VRB;nein;Lateinisch;5;0;0;0;nein
lemma_58402;adulescens;adulescens;ADJ;ADJ NOM;nein;Lateinisch;3;0;0;0;nein
lemma_44802;æquus;aequus;ADJ;ADJ;nein;Lateinisch;2;0;0;0;nein
lemma_34515;al;al;PRO;PRO;nein;Rätoromanisch;3;0;0;0;nein
lemma_30978;alabanda;alabanda;ART;ART NOM PRP;nein;Italienisch;5;0;0;0;nein
lemma_33839;Alamania;alamania;NAM;NAM;ja;Spanisch;2;0;0;0;nein
lemma_62139;albe;albe;NOM;NOM;nein;Lateinisch;3;0;0;0;nein
lemma_73141;angulus;angulus;NOM;NOM;nein;Lateinisch;3;0;0;0;nein
lemma_48082;anti;anti;ADV;ADV;nein;Griechisch;4;0;0;0;nein
lemma_51100;arans;arans;NOM;NOM;nein;Französisch, Lateinisch;5;0;0;0;nein
lemma_25222;Archilôcra;archilocra;NAM;NAM;ja;Griechisch;2;0;0;0;nein
lemma_40648;arrîânî;arriani;NOM;NOM;nein;Lateinisch;3;0;0;0;nein
lemma_78448;assumere;assumere;VRB;VRB;nein;Lateinisch;6;0;0;0;nein
lemma_34380;au;au;ART;ART PRP;nein;Französisch;3;0;0;0;nein
lemma_30979;banda;banda;NOM;NOM;nein;Italienisch;5;0;0;0;nein
lemma_34513;bani;bani;NOM;NOM;nein;Rätoromanisch;3;0;0;0;nein
lemma_35577;bas;bas;ADV;ADV;nein;Slawisch;3;0;0;0;nein
lemma_30977;bassare;bassare;VRB;VRB;nein;Italienisch;5;0;0;0;nein
lemma_66255;bellus;bellus;ADJ;ADJ;nein;Lateinisch;3;0;0;0;nein
lemma_35287;benignus;benignus;ADJ;ADJ;nein;Lateinisch;4;0;0;0;nein
lemma_43579;beque;beque;NOM;NOM;nein;Französisch;4;0;0;0;nein
lemma_45003;beta;beta;NOM;NOM;nein;Griechisch;2;0;0;0;nein
lemma_40276;Blant;blant;NAM;NAM;ja;Französisch;3;0;0;0;nein
lemma_62509;boleslavensisch;boleslavensisch;ADJ;ADJ;nein;Slawisch, Tschechisch;5;0;0;0;nein
lemma_78453;brevis;brevis;ADJ;ADJ;nein;Lateinisch;3;0;0;0;nein
lemma_26624;Broses;broses;NAM;NAM;ja;Griechisch;2;0;0;0;nein
lemma_46766;buticula;buticula;NOM;NOM;nein;Lateinisch;2;0;0;0;nein
lemma_45136;canonisare;canonisare;VRB;VRB;nein;Lateinisch;4;0;0;0;nein
lemma_64588;Cardall;cardall;NAM;NAM;ja;Griechisch;2;0;0;0;nein
lemma_56768;carena;carena;NOM;NOM;nein;Lateinisch;4;0;0;0;nein
lemma_29041;celestis;celestis;ADJ;ADJ;nein;Lateinisch;4;0;0;0;nein
lemma_30904;Cêres;ceres;NAM;NAM;ja;Griechisch;2;0;0;0;nein
lemma_43537;ceros;ceros;NOM;NOM;nein;Griechisch;3;0;0;0;nein
lemma_51012;char;char;NOM;NOM;nein;Französisch;4;0;0;0;nein
lemma_46295;Chimära;chimaera;NAM;NAM;ja;Griechisch;5;0;0;0;nein
lemma_43510;chorda;chorda;NOM;NOM;nein;Lateinisch;2;0;0;0;nein
lemma_47660;chère;chère;NOM;NOM;nein;Französisch;7;0;0;0;nein
lemma_30657;cidere;cidere;VRB;VRB;nein;Lateinisch;2;0;0;0;nein
lemma_45687;clivus;clivus;NOM;NOM;nein;Lateinisch;3;0;0;0;nein
lemma_29048;Colabiâ;colabia;NAM;NAM;ja;Lateinisch;2;0;0;0;nein
lemma_78458;construere;construere;VRB;VRB;nein;Lateinisch;6;0;0;0;nein
lemma_46191;continens;continens;ADJ;ADJ;nein;Lateinisch;5;0;0;0;nein
lemma_46144;convenire;convenire;VRB;VRB;nein;Lateinisch;6;0;0;0;nein
lemma_39408;convivium;convivium;NOM;NOM;nein;Lateinisch;3;0;0;0;nein
lemma_1023;Cordoba;cordoba;NAM;NAM;ja;Spanisch;2;0;0;0;nein
lemma_62093;cotte;cotte;NOM;NOM;nein;Französisch;3;0;0;0;nein
lemma_1046;curt;curt;NOM;NOM;nein;Französisch;2;0;0;0;nein
lemma_32130;de;de;ADV;ADV CNJ;nein;Ungarisch;2;0;0;0;nein
lemma_34514;de;de;VRB;VRB;nein;Rätoromanisch;3;0;0;0;nein
lemma_67669;delicius;delicius;ADJ;ADJ;nein;Lateinisch;2;0;0;0;nein
lemma_55794;destinare;destinare;VRB;VRB;nein;Lateinisch;4;0;0;0;nein
lemma_62112;dîaleticus;dialeticus;NOM;NOM;nein;Griechisch, Lateinisch;7;0;0;0;nein
lemma_46019;discriminare;discriminare;VRB;VRB;nein;Lateinisch;4;0;0;0;nein
lemma_70674;dixitque;dixitque;CNJ;CNJ VRB;nein;Lateinisch;3;0;0;0;nein
lemma_41396;dôm;dom;NOM;NOM;nein;Englisch;5;0;0;0;nein
lemma_62173;dominator;dominator;NOM;NOM;nein;Lateinisch;9;0;0;0;nein
lemma_31873;drzati;drzati;VRB;VRB;nein;Slawisch;5;0;0;0;nein
lemma_57916;Echidna;echidna;NAM;NAM;ja;Griechisch;6;0;0;0;nein
lemma_34511;ega;ega;NOM;NOM;nein;Rätoromanisch;2;0;0;0;nein
lemma_26228;Elladâ;ellada;NAM;NAM;ja;Griechisch;2;0;0;0;nein
lemma_46087;emendare;emendare;VRB;VRB;nein;Lateinisch;5;0;0;0;nein
lemma_23332;empereur;empereur;NOM;NOM;nein;Französisch;5;0;0;0;nein
lemma_8308;enwernz;enwernz;NEG;NEG PRO VRB;nein;Lateinisch;5;0;0;0;nein
lemma_8309;enwertenz;enwertenz;NEG;NEG PRO VRB;nein;Lateinisch;4;0;0;0;nein
lemma_15276;estelle;estelle;NOM;NOM;nein;Französisch;2;0;0;0;nein
lemma_58399;Estolapios;estolapios;NAM;NAM;ja;Griechisch;4;0;0;0;nein
lemma_26432;Ethiopus;ethiopus;NAM;NAM;ja;Lateinisch;3;0;0;0;nein
lemma_58384;êven;even;VRB;VRB;nein;Hebräisch;4;0;0;0;nein
lemma_46225;evitabilis;evitabilis;ADJ;ADJ;nein;Lateinisch;5;0;0;0;nein
lemma_72978;exercitium;exercitium;NOM;NOM;nein;Lateinisch;4;0;0;0;nein
lemma_67721;fabricare;fabricare;VRB;VRB;nein;Lateinisch;4;0;0;0;nein
lemma_58533;famularis;famularis;ADJ;ADJ;nein;Lateinisch;3;0;0;0;nein
lemma_34510;fe;fe;VRB;VRB;nein;Rätoromanisch;4;0;0;0;nein
lemma_69531;fel;fel;ADJ;ADJ;nein;Lateinisch;3;0;0;0;nein
lemma_27175;felicitas;felicitas;NOM;NOM;nein;Lateinisch;3;0;0;0;nein
lemma_48226;fille;fille;NOM;NOM;nein;Französisch;3;0;0;0;nein
lemma_37925;fingere;fingere;VRB;VRB;nein;Lateinisch;3;0;0;0;nein
lemma_39193;Fliez;fliez;NAM;NAM;ja;Französisch;3;0;0;0;nein
lemma_69949;fornicatio;fornicatio;NOM;NOM;nein;Lateinisch;3;0;0;0;nein
lemma_53452;fort;fort;ADJ;ADJ NOM;nein;Französisch;6;0;0;0;nein
lemma_17093;fundus;fundus;NOM;NOM;nein;Lateinisch;3;0;0;0;nein
lemma_58382;geîsôtet;geisotet;ADJ;ADJ;nein;Französisch;3;0;0;0;nein
lemma_70629;generare;generare;VRB;VRB;nein;Lateinisch;4;0;0;0;nein
lemma_27781;Genezareth;genezareth;NAM;NAM;ja;Hebräisch;3;0;0;0;nein
lemma_58385;gêvet;gevet;ADJ;ADJ;nein;Hebräisch;4;0;0;0;nein
lemma_49466;glans;glans;NOM;NOM;nein;Lateinisch;7;0;0;0;nein
lemma_37125;glossa;glossa;NOM;NOM;nein;Lateinisch;5;0;0;0;nein
lemma_62178;Gorgo;gorgo;NAM;NAM;ja;Griechisch;3;0;0;0;nein
lemma_21830;graphus;graphus;NOM;NOM;nein;Lateinisch;5;0;0;0;nein
lemma_67710;gregare;gregare;VRB;VRB;nein;Lateinisch;5;0;0;0;nein
lemma_41308;hemi;hemi;ADJ;ADJ;nein;Griechisch;3;0;0;0;nein
lemma_71992;heri;heri;ADV;ADV;nein;Lateinisch;2;0;0;0;nein
lemma_70313;hinnulus;hinnulus;NOM;NOM;nein;Lateinisch;4;0;0;0;nein
lemma_47962;hümpelen;huempelen;VRB;VRB;nein;Rotwelsch;13;0;0;0;nein
lemma_48694;îdrus;idrus;NOM;NOM;nein;Griechisch;4;0;0;0;nein
lemma_31881;ime;ime;INJ;INJ;nein;Ungarisch;3;0;0;0;nein
lemma_67896;inde;inde;ADV;ADV;nein;Lateinisch;5;0;0;0;nein
lemma_46100;inhibere;inhibere;VRB;VRB;nein;Lateinisch;6;0;0;0;nein
lemma_48558;innocens;innocens;ADJ;ADJ;nein;Lateinisch;4;0;0;0;nein
lemma_35604;io;io;PRO;PRO;nein;Italienisch, Rätoromanisch;3;0;0;0;nein
lemma_35608;jamais;jamais;ADV;ADV;nein;Französisch;3;0;0;0;nein
lemma_35568;jaz;jaz;PRO;PRO;nein;Slawisch;2;0;0;0;nein
lemma_23291;Jesuschristus;jesuschristus;NAM;NAM;ja;Lateinisch;4;0;0;0;nein
lemma_65534;Jubel;jubel;NAM;NAM;ja;Griechisch;3;0;0;0;nein
lemma_17978;juljene;juljene;NOM;NOM;nein;Lateinisch;3;0;0;0;nein
lemma_70668;junctus;junctus;ADJ;ADJ;nein;Lateinisch;3;0;0;0;nein
lemma_35578;kâjti;kajti;ADJ;ADJ ADV;nein;Slawisch;3;0;0;0;nein
lemma_47420;Kore;kore;NAM;NAM;ja;Griechisch;3;0;0;0;nein
lemma_31569;kusch;kusch;INJ;INJ;nein;Französisch;5;0;0;0;nein
lemma_14613;lâbor;labor;NOM;NOM;nein;Lateinisch;4;0;0;0;nein
lemma_59868;lambere;lambere;VRB;VRB;nein;Lateinisch;3;0;0;0;nein
lemma_24088;Lazedêmônje;lazedemonje;NAM;NAM;ja;Griechisch;2;0;0;0;nein
lemma_31066;lege;lege;NOM;NOM;nein;Italienisch;3;0;0;0;nein
lemma_46979;li Granz;li granz;ART;ART NAM;ja;Französisch;3;0;0;0;nein
lemma_46841;libum;libum;NOM;NOM;nein;Lateinisch;4;0;0;0;nein
lemma_46079;lis;lis;NOM;NOM;nein;Lateinisch;4;0;0;0;nein
lemma_50826;lît;lit;NOM;NOM;nein;Französisch;3;0;0;0;nein
lemma_46059;litigare;litigare;NOM;NOM;nein;Lateinisch;5;0;0;0;nein
lemma_35886;lôg;log;NOM;NOM;nein;Slawisch;3;0;0;0;nein
lemma_45621;loquacitas;loquacitas;NOM;NOM;nein;Lateinisch;3;0;0;0;nein
lemma_45979;lorica;lorica;NOM;NOM;nein;Lateinisch;3;0;0;0;nein
lemma_31852;ló;ló;NOM;NOM;nein;Ungarisch;3;0;0;0;nein
lemma_31000;mai;mai;ADV;ADV;nein;Französisch, Italienisch, Spanisch;4;0;0;0;nein
lemma_47940;maître;maitre;NOM;NOM;nein;Französisch;7;0;0;0;nein
lemma_47743;Malfer;malfer;NAM;NAM;ja;Arabisch;3;0;0;0;nein
lemma_45603;mandrinus;mandrinus;NOM;NOM;nein;Lateinisch;6;0;0;0;nein
lemma_19920;Mare Caspion;mare caspion;NAM;NAM;ja;Lateinisch;2;0;0;0;nein
lemma_19916;Mare Rubrun;mare rubrun;NAM;NAM;ja;Lateinisch;2;0;0;0;nein
lemma_21668;marschant;marschant;NOM;NOM;nein;Französisch;4;0;0;0;nein
lemma_35612;men;men;POS;POS;nein;Slawisch;2;0;0;0;nein
lemma_35882;mene;mene;PRP;PRP;nein;Slawisch;2;0;0;0;nein
lemma_46764;meta;meta;PRP;PRP;nein;Griechisch;2;0;0;0;nein
lemma_69889;metiri;metiri;VRB;VRB;nein;Lateinisch;6;0;0;0;nein
lemma_41189;micro;micro;ADJ;ADJ;nein;Griechisch, Lateinisch;5;0;0;0;nein
lemma_31879;mîl;mil;ADJ;ADJ;nein;Slawisch;7;0;0;0;nein
lemma_45063;Miltena;miltena;NAM;NAM;ja;Griechisch;2;0;0;0;nein
lemma_51106;miscere;miscere;VRB;VRB;nein;Lateinisch;5;0;0;0;nein
lemma_18543;misere;misere;NOM;NOM;nein;Französisch;3;0;0;0;nein
lemma_62462;modestus;modestus;ADJ;ADJ;nein;Lateinisch;7;0;0;0;nein
lemma_43536;mono;mono;ADJ;ADJ ADV;nein;Griechisch, Lateinisch;3;0;0;0;nein
lemma_58535;mox;mox;ADV;ADV;nein;Lateinisch;2;0;0;0;nein
lemma_32127;nem;nem;ADV;ADV NEG;nein;Ungarisch;2;0;0;0;nein
lemma_35614;on;on;DET;DET;nein;Slawisch;2;0;0;0;nein
lemma_12923;pasque;pasque;NOM;NOM;nein;Französisch;2;0;0;0;nein
lemma_46113;pellere;pellere;VRB;VRB;nein;Lateinisch;4;0;0;0;nein
lemma_26285;perdere;perdere;VRB;VRB;nein;Lateinisch;6;0;0;0;nein
lemma_78288;Perse;perse;NAM;NAM;ja;Griechisch;4;0;0;0;nein
lemma_54670;petschat;petschat;NOM;NOM;nein;Slawisch;3;0;0;0;nein
lemma_46777;phanai;phanai;VRB;VRB;nein;Griechisch;5;0;0;0;nein
lemma_46765;pherein;pherein;VRB;VRB;nein;Griechisch;2;0;0;0;nein
lemma_20788;Pilo;pilo;NAM;NAM;ja;Griechisch;2;0;0;0;nein
lemma_62249;piscis;piscis;NOM;NOM;nein;Lateinisch;2;0;0;0;nein
lemma_45654;plicare;plicare;VRB;VRB;nein;Lateinisch;3;0;0;0;nein
lemma_44995;polis;polis;NOM;NOM;nein;Griechisch;2;0;0;0;nein
lemma_18619;pont;pont;NOM;NOM;nein;Französisch;2;0;0;0;nein
lemma_47969;pontus;pontus;NOM;NOM;nein;Lateinisch;2;0;0;0;nein
lemma_44479;Pordenone;pordenone;NAM;NAM;ja;Italienisch;2;0;0;0;nein
lemma_31474;Porphirius;porphirius;NAM;NAM;ja;Lateinisch;3;0;0;0;nein
lemma_64013;Portus;portus;NAM;NAM;ja;Griechisch;3;0;0;0;nein
lemma_31867;pour;pour;PRO;PRO;nein;Französisch, Rätoromanisch;3;0;0;0;nein
lemma_55810;praedestinatio;praedestinatio;NOM;NOM;nein;Lateinisch;4;0;0;0;nein
lemma_46199;praesumere;praesumere;VRB;VRB;nein;Lateinisch;5;0;0;0;nein
lemma_35853;pregare;pregare;VRB;VRB;nein;Italienisch;4;0;0;0;nein
lemma_46081;producere;producere;VRB;VRB;nein;Lateinisch;8;0;0;0;nein
lemma_59072;Promission;promission;NAM;NAM;ja;Lateinisch;4;0;0;0;nein
lemma_72131;ps;ps;PRP;PRP VRB;nein;Lateinisch;5;0;0;0;nein
lemma_59350;pulverlîche;pulverliche;ADJ;ADJ ADV;nein;Lateinisch;11;0;0;0;nein
lemma_52894;pûren;puren;VRB;VRB;nein;Lateinisch;6;0;0;0;nein
lemma_39123;quam;quam;ADV;ADV;nein;Lateinisch;2;0;0;0;nein
lemma_46072;quattuor;quattuor;NUM;NUM;nein;Lateinisch;2;0;0;0;nein
lemma_40410;que;que;CNJ;CNJ;nein;Lateinisch;3;0;0;0;nein
lemma_28049;quesumus;quesumus;IPA;IPA VRB;nein;Lateinisch;4;0;0;0;nein
lemma_39512;Quine;quine;NAM;NAM;ja;Französisch;3;0;0;0;nein
lemma_50914;Rabi Moyses;rabi moyses;NAM;NAM;ja;Hebräisch;4;0;0;0;nein
lemma_46146;re;re;ADV;ADV;nein;Lateinisch;3;0;0;0;nein
lemma_48899;regelboum;regelboum;NOM;NOM;nein;Lateinisch;3;0;0;0;nein
lemma_52611;Rete;rete;NAM;NAM;ja;Griechisch;5;0;0;0;nein
lemma_62113;rethoricus;rethoricus;NOM;NOM;nein;Griechisch, Lateinisch;4;0;0;0;nein
lemma_78503;ridere;ridere;VRB;VRB;nein;Lateinisch;7;0;0;0;nein
lemma_35889;rompre;rompre;VRB;VRB;nein;Französisch;4;0;0;0;nein
lemma_34915;rora;rora;NOM;NOM;nein;Lateinisch;3;0;0;0;nein
lemma_53690;rotunde;rotunde;ADJ;ADJ NOM;nein;Französisch, Lateinisch;4;0;0;0;nein
lemma_31861;Sapiens;sapiens;NAM;NAM;ja;Lateinisch;3;0;0;0;nein
lemma_45707;satiare;satiare;VRB;VRB;nein;Lateinisch;3;0;0;0;nein
lemma_64090;scena;scena;NOM;NOM;nein;Lateinisch;2;0;0;0;nein
lemma_61752;Schadrapa;schadrapa;NAM;NAM;ja;Persisch;3;0;0;0;nein
lemma_47926;schöchel;schoechel;NOM;NOM;nein;Rotwelsch;8;0;0;0;nein
lemma_35569;sem;sem;VEX;VEX VRB;nein;Slawisch;2;0;0;0;nein
lemma_28426;seniorus;seniorus;ADJ;ADJ NOM;nein;Lateinisch;3;0;0;0;nein
lemma_41268;septuagesimus;septuagesimus;NUM;NUM;nein;Lateinisch;2;0;0;0;nein
lemma_47128;slucke;slucke;NOM;NOM;nein;Rotwelsch;5;0;0;0;nein
lemma_47960;smirzeln;smirzeln;VRB;VRB;nein;Rotwelsch;6;0;0;0;nein
lemma_45893;specere;specere;VRB;VRB;nein;Lateinisch;3;0;0;0;nein
lemma_46107;spectare;spectare;VRB;VRB;nein;Lateinisch;6;0;0;0;nein
lemma_35566;sprimi;sprimi;VRB;VRB;nein;Slawisch;5;0;0;0;nein
lemma_31928;ste;ste;ADV;ADV;nein;Slawisch;4;0;0;0;nein
lemma_40371;Surben;surben;NAM;NAM;ja;Slawisch;2;0;0;0;nein
lemma_78462;synonymum;synonymum;NOM;NOM;nein;Lateinisch;4;0;0;0;nein
lemma_34734;tam;tam;ADV;ADV;nein;Lateinisch;2;0;0;0;nein
lemma_31846;testen;testen;VRB;VRB;nein;Lateinisch;4;0;0;0;nein
lemma_31639;Teucer;teucer;NAM;NAM;ja;Griechisch;3;0;0;0;nein
lemma_28625;Tisiphone;tisiphone;NAM;NAM;ja;Griechisch;3;0;0;0;nein
lemma_58401;tolerare;tolerare;VRB;VRB;nein;Lateinisch;5;0;0;0;nein
lemma_42541;tolken;tolken;VRB;VRB;nein;Einzelsprachen;3;0;0;0;nein
lemma_44443;Tortona;tortona;NAM;NAM;ja;Italienisch;2;0;0;0;nein
lemma_35888;total;total;ADJ;ADJ;nein;Französisch;2;0;0;0;nein
lemma_38343;trans;trans;PRP;PRP;nein;Lateinisch;2;0;0;0;nein
lemma_66253;traversus;traversus;ADJ;ADJ;nein;Lateinisch;4;0;0;0;nein
lemma_45602;triclinium;triclinium;NOM;NOM;nein;Lateinisch;4;0;0;0;nein
lemma_31926;tutto;tutto;ADV;ADV;nein;Italienisch, Rätoromanisch;3;0;0;0;nein
lemma_35570;tvoje;tvoje;POS;POS;nein;Slawisch;3;0;0;0;nein
lemma_39513;unusquisque;unusquisque;NUM;NUM PRO;nein;Lateinisch;2;0;0;0;nein
lemma_55368;val;val;NOM;NOM;nein;Französisch;3;0;0;0;nein
lemma_63169;valles;valles;NOM;NOM;nein;Lateinisch;2;0;0;0;nein
lemma_27819;Valois;valois;NAM;NAM;ja;Französisch;2;0;0;0;nein
lemma_48654;velum;velum;NOM;NOM;nein;Lateinisch;9;0;0;0;nein
lemma_42956;vert;vert;ADJ;ADJ;nein;Französisch;3;0;0;0;nein
lemma_52290;viriliter;viriliter;ADV;ADV;nein;Lateinisch;3;0;0;0;nein
lemma_9366;vîta;vita;NOM;NOM;nein;Lateinisch;4;0;0;0;nein
lemma_70084;voluntarie;voluntarie;ADV;ADV;nein;Lateinisch;5;0;0;0;nein
