form	match_type	count	candidate_lemmas	sample_context	resolved_lemma	confidence	note
tŏte	unmatched	10		vindest den tŏte man vor			
vorsliesse	unmatched	6		varbe so vorsliesse in der			
rissen	unmatched	5		ist zu rissen durch dich			
Scribat	unmatched	5		das sein Scribat Genesis Genesis			
ŏrl	unmatched	5		vnd funfczig ŏrl oder slingel			
LEUI	unmatched	5		das buch LEUI der priesterschaft			
TICUS	unmatched	5		das kalp TICUS vor vnserm			
LEUIT	unmatched	5		den nir LEUIT lein Und			
NUMERI	unmatched	5		dem menschen NUMERI PRIMUS LIBRUM			
vorkeren	unmatched	4		PROLOGUS gar vorkeren Also wil			
entsprussen	unmatched	4		der ekker entsprussen Vnd e			
kvnst	unmatched	4		holcze der kvnst gutes vnd			
bozes	unmatched	4		gutes vnd bozes sal tu			
enpfenknusse	unmatched	4		vnd deine enpfenknusse In wetagen			
vordristen	unmatched	4		von den vordristen seiner hert			
gerechter	unmatched	4		ein g gerechter vnd ein			
dovme	unmatched	4		in einer dovme elen saltu			
czweinczigisten	unmatched	4		siben vnd czweinczigisten tage des			
susicheit	unmatched	4		ruch der susicheit vnd sprach			
sibenczick	unmatched	4		Und lebte sibenczick iare vnd			
vlohen	unmatched	4		bliben die vlohen vf die			
egiptische	unmatched	4		c GENE egiptische meit die			
vorsmehte	unmatched	4		hette do vorsmehte sie ire			
wander	ambiguous	4	lemma_18635|lemma_9000	almechtiger got wander vor mir			
setczen	unmatched	4		ich wil setczen meinen frid			
gesprochn	unmatched	4		das er gesprochn hat Und			
gene	unmatched	4		pflagen wenne gene Und taten			
vorsuchte	unmatched	4		geschach do vorsuchte got vnde			
sant	ambiguous	4	lemma_18884|lemma_5090|lemma_5107|lemma_5396|lemma_79089	als den sant der do			
czwiualdige	unmatched	4		gebe die czwiualdige gruft die			
vmbringe	unmatched	4		in dem vmbringe abraamen zu			
ouswendig	unmatched	4		het gestalt ouswendig der stat			
schapfte	unmatched	4		sie wasser schapfte vnd schapfte			
vorstopfet	unmatched	4		do hetten vorstopfet etwenne die			
grosern	unmatched	4		svne dem grosern Und sprach			
werd	ambiguous	4	lemma_7489|lemma_7500|lemma_9266	segent der werd mit segen			
kvndigte	unmatched	4		endlich vnd kvndigte das irem			
entkegen	unmatched	4		er im entkegen vnd vil			
enpfienk	unmatched	4		Und die enpfienk vnd geperte			
weiczes	unmatched	4		snite des weiczes ouf den			
Worvmbe	unmatched	4		sprach zu Worvmbe hastu also			
czweinczik	unmatched	4		ich dorumbe czweinczik iar gewesen			
gepilgereimet	unmatched	4		hab ich gepilgereimet vnd bin			
svnderte	unmatched	4		geslief do svnderte er ous			
Worczu	unmatched	4		Er antworte Worczu suchestu meinen			
erschreksal	unmatched	4		begreiffe das erschreksal gotes die			
bant	ambiguous	4	lemma_375|lemma_376|lemma_709	an die bant im die			
vorweser	unmatched	4		einer was vorweser der schenken			
geprufet	unmatched	4		warheit wurde geprufet Und doch			
wuchsen	unmatched	4		eher die wuchsen ous einem			
czirde	unmatched	4		siben eher czirde vnd ł			
czouberern	unmatched	4		zu allen czouberern in vnd			
setunge	unmatched	4		ny keiner setunge spor svnder			
geczeigt	unmatched	4		hat er geczeigt Siben schone			
egiptischer	unmatched	4		in aller egiptischer erden Noch			
setcze	unmatched	4		der do setcze ł probste			
vorkarte	unmatched	4		erden Und vorkarte seinen namen			
svndigt	unmatched	4		nicht Nicht svndigt in das			
laset	unmatched	4		bruder einen laset ir bei			
geczeuge	unmatched	4		ste ein geczeuge XLU SIS			
gepeut	unmatched	4		erden Und gepeut in ouch			
heis	unmatched	4		besten stat heis sie wonen			
samte	unmatched	4		den selben samte her alles			
rvnnen	unmatched	4		vns zu rvnnen Den antworte			
steet	unmatched	4		die do steet vber den			
ousseczig	unmatched	4		her si ousseczig her wider			
werkes	unmatched	4		des herten werkes Und ł			
vorwandeln	unmatched	4		wirt sich vorwandeln in ein			
czouberei	unmatched	4		in irr czouberei taten also			
vorhertet	unmatched	4		also Und vorhertet wart das			
wissest	unmatched	4		das du wissest wenne ich			
vorseret	unmatched	4		alle Und vorseret wart die			
vortirbet	unmatched	4		DUS teſnícht vortirbet von den			
ew̆ern	unmatched	4		herlichn in ew̆ern geslechten ewiges			
slaher	unmatched	4		czihen den slaher in ewer			
tovsent	unmatched	4		sechs hunderstunt tovsent an kinder			
vlisende	unmatched	4		die erde vlisende mit milch			
svndern	unmatched	4		saltu ous svndern alles das			
esils	unmatched	4		erstgeborne des esils saltu wechsiln			
erstegeburt	unmatched	4		Aber alle erstegeburt des menschen			
vŏr	unmatched	4		waren in vŏr ein mawer			
gesetet	unmatched	4		mit broten gesetet Und werdet			
cloubten	unmatched	4		taten vnd cloubten einer mere			
hunderter	unmatched	4		tousenter vnd hunderter vnd funfcziger			
besuchet	unmatched	4		der do besuchet die svnde			
peinige	unmatched	4		betruben noch peinige in nicht			
geverbte	unmatched	4		vnd rot geverbte widers heute			
veinem	unmatched	4		in mit veinem golde vnd			
czweien	unmatched	4		Ringelein vnder czweien stengiln an			
pilder	unmatched	4		noch dem pilder als dir			
leineinen	unmatched	4		sneweissem weichen leineinen czwir DUS			
geneter	unmatched	4		die mit geneter kunst mancherlei			
iacincte	unmatched	4		vbirdecke von iacincte geverbten heuten			
velcze	unmatched	4		tafeln czwen velcze mit den			
a	ambiguous	4	lemma_1|lemma_2|lemma_37325	W e a thoho bzde			
genetem	unmatched	4		gebleichet mit genetem wercke mancherlei			
vorhanges	unmatched	4		Des selbin vorhanges funfczehen doum			
hŏen	unmatched	4		in irn hŏen czu beiden			
gewurchte	unmatched	4		Und das gewurchte vnd alles			
iacinctischen	unmatched	4		humerals mit iacinctischen bendlein so			
vorlouben	unmatched	4		in der vorlouben des geczeldis			
thimiamische	unmatched	4		das ewige thimiamische puluer in			
puluers	unmatched	4		des thimiamischen puluers Und den			
vornunft	unmatched	4		vnd mit vornunft mit kunst			
werfe	unmatched	4		ich ous werfe den vnd			
wonern	unmatched	4		mit den wonern der selbin			
sneiden	unmatched	4		vnd von sneiden Die hochczeit			
iacinct	unmatched	4		sie kanten iacinct purpir vnd			
vnderscheiden	unmatched	4		gevŏgiltem werke vnderscheiden Und vir			
grebil	unmatched	4		vnd die grebil des geczeldis			
vmrink	unmatched	4		in den vmrink des alters			
turkiltouben	unmatched	4		herren von turkiltouben keuchiln Und			
rure	unmatched	4		svnde Und rure die h			
vorgisset	unmatched	4		sei vnd vorgisset seiner vnreinikeit			
eph	unmatched	4		do heisset eph Nicht tu			
vngemeiligten	unmatched	4		svnde einen vngemeiligten wider von			
vorczern	unmatched	4		die lasen vorczern bis VI			
geheiligte	unmatched	4		stirn das geheiligte guldeine blech			
gepirt	unmatched	4		ein meidel gepirt so bleibt			
glencze	unmatched	4		ein leuchtende glencze ist an			
vorvrteile	unmatched	4		vorkart so vorvrteile her in			
sperling	unmatched	4		Und einen sperling tote her			
gevrteilet	unmatched	4		wirt her gevrteilet dem gebrechen			
vormeiligen	unmatched	4		so sie vormeiligen mein geczelt			
pocke	unmatched	4		andern eim pocke eym ous			
vorpruen	unmatched	4		vnd in vorpruen in dem			
moloch	unmatched	4		ab got moloch noch meilige			
aptgote	unmatched	4		samen dem aptgote moloch des			
geheiligten	unmatched	4		namen der geheiligten mir di			
erstlingen	unmatched	4		von den erstlingen sol sie			
veierliche	unmatched	4		wirt der veierliche tack der			
gelosen	unmatched	4		man das gelosen ouch in			
povm	unmatched	4		vnd die povm werden mit			
giengt	unmatched	4		das ir giengt ouf gericht			
vorczeren	unmatched	4		euch werden vorczeren vnd ewer			
vorworfen	unmatched	4		das sie vorworfen haben mein			
Icliche	unmatched	4		zu sprechende Icliche svnderlich noch			
iacincteiner	unmatched	4		ein vberdecke iacincteiner heute vnd			
weihrouches	unmatched	4		scoten voller weihrouches einen ochsen			
opfer;	unmatched	4		der heilicheit opfer; ein guldein			
weirouchs	unmatched	4		scot voller weirouchs einen ochsen			
vmmegangen	unmatched	4		lant heten vmmegangen vnd qua			
vleusset	unmatched	4		werlicher dinge vleusset von milch			
vrisset	unmatched	4		vmmegangen die vrisset ire inwoner			
vorsuchet	unmatched	4		vnd haben vorsuchet ouch zu			
vorwuste	unmatched	4		die nv vorwuste das fewer			
vnmeslicher	unmatched	4		entkegen mit vnmeslicher menige vnd			
veldunge	unmatched	4		in der veldunge erden von			
vmmeringe	unmatched	4		in ewerm vmmeringe sint Wenne			
bouches	unmatched	4		frucht deines bouches vnd der			
vortirbest	unmatched	4		du gar vortirbest als die			
new̆komen	unmatched	4		DEUTRO der new̆komen der mit			
wirbel	unmatched	4		ouf den wirbel Fure dich			
geczugen	unmatched	4		sie vber geczugen do sprach			
zudnischen	unmatched	4		von dem zudnischen teile das			
magscheften	unmatched	4		noch irn magscheften besiczunge der			
vorleuset	unmatched	3		arbeit er vorleuset Wenne also			
sendest	unmatched	3		das du sendest mir Deiner			
kern	ambiguous	3	lemma_3266|lemma_3288	rechter tugende kern Brinnet als			
slechten	unmatched	3		mit gleichen slechten dingen In			
vorslant	unmatched	3		erde lebending vorslant In aller			
vorwese	unmatched	3		das es vorwese dem tage			
krichende	unmatched	3		die wasser krichende tyr lebendiges			
kreuchet	unmatched	3		das do kreuchet auf der			
wissende	unmatched	3		die gote wissende gutes vnd			
vorbarg	unmatched	3		tage Do vorbarg sich vnd			
antlitcze	unmatched	3		vor dem antlitcze vnsers herren			
eisereine	unmatched	3		ereine vnd eisereine werck Aber			
nevnczig	unmatched	3		lebte vorwar nevnczig iar vnd			
sechczick	unmatched	3		czwei vnd sechczick iar vnd			
dovmelen	unmatched	3		sie Dreihundert dovmelen sol haben			
funfczick	unmatched	3		archen vnd funfczick dovmelen ir			
hohe	ambiguous	3	lemma_2866|lemma_2882	elen ir hohe Ein venster			
vortilgt	unmatched	3		sint werden vortilgt Und ich			
ergussen	unmatched	3		der flute ergussen auf der			
vierczick	unmatched	3		auf erden vierczick tage vnd			
spiczen	unmatched	3		erschinen die spiczen an den			
toube	unmatched	3		aus die toube noch im			
vorgeusset	unmatched	3		der do vorgeusset menschlich blut			
cleinem	unmatched	3		vnd in cleinem der erden			
begreiffen	unmatched	3		sie nicht begreiffen also das			
geczelen	unmatched	3		mag yemant geczelen vnder den			
bewegte	unmatched	3		geben Dorūmbe bewegte sein geczelt			
dreiczehenden	unmatched	3		in dem dreiczehenden iare SIS			
gehorte	ambiguous	3	lemma_2885|lemma_2903	speise GEN gehorte vnd czogen			
czele	unmatched	3		himel vnd czele die sterne			
besitczest	unmatched	3		du sie besitczest Und her			
tuestu	unmatched	3		sprach zu tuestu gegen mir			
pflagte	unmatched	3		Und dorumbe pflagte sie vnd			
czwischn	unmatched	3		meinen frid czwischn mir vnd			
besneidunge	unmatched	3		czeit seiner besneidunge Des selben			
geczeldes	unmatched	3		tur seines geczeldes vnd neigte			
voraldent	unmatched	3		Nu ich voraldent bin vnd			
vorhelen	unmatched	3		mag ich vorhelen das ich			
wirftu	unmatched	3		vierczig was wirftu tvn Er			
vorterbest	unmatched	3		samt in vorterbest in der			
gesundigt	unmatched	3		Was wir gesundigt in dich			
geperten	unmatched	3		vnd sie geperten Wenne got			
rittermeister	unmatched	3		vnd der rittermeister seines heres			
silbereiner	unmatched	3		vir hundert silbereiner schot scot			
cziren	unmatched	3		ŏrringe zu cziren ir antlicze			
knite	unmatched	3		diener do knite er ouf			
Ŭmb	unmatched	3		gar mude Ŭmb dise geschicht			
ne	ambiguous	3	lemma_1404|lemma_4377	wen ESIS ne wir Und			
geweitet	unmatched	3		vnser herre geweitet vnd wachsende			
kvndigten	unmatched	3		knechte vnd kvndigten im von			
etheers	unmatched	3		tochter des etheers ł Und			
czickel	unmatched	3		czwei gute czickel das ich			
erstgeborner	unmatched	3		bins dein erstgeborner svn Ich			
nyme	unmatched	3		sprach Nicht nyme dir ein			
ŏhems	unmatched	3		tern deines ŏhems Got aber			
gelies	unmatched	3		in nv gelies do czoch			
vorchtlich	unmatched	3		ey wie vorchtlich s sprach			
trenkte	unmatched	3		selben brvnne trenkte man die			
einerlei	unmatched	3		do waren einerlei varbe weisser			
weisser	unmatched	3		einerlei varbe weisser vnd swarczer			
vormischunge	unmatched	3		hitcze irr vormischunge an sahen			
gereichet	unmatched	3		czeit vnd gereichet wart der			
begreiffe	unmatched	3		tage vnd begreiffe in ouf			
hertlichen	unmatched	3		du icht hertlichen zu redist			
gerichten	unmatched	3		nicht ouf gerichten mag Wenne			
Ew̆er	unmatched	3		ander brawtschaft Ew̆er tŏchter gebt			
vnczimlichen	unmatched	3		menschen das vnczimlichen vnd schande			
eichen	unmatched	3		vnder einer eichen die do			
pilgereimunge	unmatched	3		erde irr pilgereimunge mocht sie			
Czeige	unmatched	3		suche ich Czeige mir wo			
bevoln	unmatched	3		im hette bevoln Und vnser			
pecken	unmatched	3		ander der pecken V Und			
rittermeisters	unmatched	3		kercker des rittermeisters in dem			
ouslegunge	unmatched	3		gotis die ouslegunge Saget mir			
gepflogen	unmatched	3		vor hast gepflogen Nur alleine			
reissen	unmatched	3		vleisch zu reissen vnd von			
grvne	unmatched	3		SIS die grvne abrupften Und			
betrubsal	unmatched	3		vns dicz betrubsal Und einer			
beheglichn	unmatched	3		in euch beheglichn das er			
gebracht	unmatched	3		haben wider gebracht Sunder ouch			
trvnken	unmatched	3		trat Nu trvnken vnd assen			
vordrucken	unmatched	3		das do vordrucken wirt meinen			
gegenwortige	unmatched	3		an dise gegenwortige czeit beide			
czeite	unmatched	3		der bluenden czeite was es			
czimet	unmatched	3		Nicht also czimet es vater			
amorren	unmatched	3		ous des amorren hant in			
nazareer	unmatched	3		seiner spicze nazareer vnder seinen			
kvnnen	unmatched	3		sie in kvnnen helfen E			
vessil	unmatched	3		ein sinewelles vessil von czeinen			
czagel	unmatched	3		bei dem czagel Nu rakte			
egestern	unmatched	3		vnd von egestern vnd sint			
hec	ambiguous	3	lemma_2690|lemma_29102	ir ჻ hec dicit Jeremia			
cloubt	unmatched	3		Geet vnd cloubt sie also			
Worumme	unmatched	3		herren sprechende Worumme tustu also			
geraktem	unmatched	3		in ouf geraktem arme vnd			
gerakt	unmatched	3		der do gerakt hat sein			
gesteen	unmatched	3		mochten nicht gesteen vor vor			
Uru	unmatched	3		sprach zu Uru stee ouff			
bedakten	unmatched	3		Und sie bedakten alle die			
erstegepurt	unmatched	3		alle DUS erstegepurt in der			
achsiln	unmatched	3		ouf ire achsiln vnd taten			
permuter	unmatched	3		tut die permuter vnd das			
sechshundert	unmatched	3		Und name sechshundert auserwelten wegen			
reitende	unmatched	3		in seine reitende v Und			
sammenten	unmatched	3		stunde sich sammenten die abgrunde			
de	ambiguous	3	lemma_1098|lemma_1119|lemma_1139|lemma_3141|lemma_6065	machen DUS de wunder Ous			
geczihe	unmatched	3		bis fur geczihe dein volk			
beheldest	unmatched	3		gepoten vnd beheldest alle sein			
genvk	unmatched	3		das sie genvk haben so			
gecloubt	unmatched	3		vor haben gecloubt alle tage			
gemurmelt	unmatched	3		czweiuelden habt gemurmelt wider vns			
eynode	unmatched	3		in der eynode zu mulet			
besich	unmatched	3		tvn Uor besich aber ous			
tousenter	unmatched	3		ous in tousenter vnd hunderter			
funfcziger	unmatched	3		hunderter vnd funfcziger vnd czehender			
czehender	unmatched	3		funfcziger vnd czehender die das			
teilende	unmatched	3		dir das teilende in ander			
gesteigen	unmatched	3		mag nicht gesteigen ouf Wenne			
dierne	unmatched	3		als ein dierne ous pfliget			
knechtis	unmatched	3		ouge deines knechtis oder seiner			
manslacht	unmatched	3		hat her manslacht begangen vnd			
leidigt	unmatched	3		das ymant leidigt ekker oder			
sethimisch	unmatched	3		heute vnd sethimisch holcz ŏle			
vorgulde	unmatched	3		halbe Und vorgulde sie mit			
cherub	unmatched	3		tafel Ein cherub sol sein			
bettafel	unmatched	3		die EXO bettafel vnd sullen			
ma	ambiguous	3	lemma_10456|lemma_3958	golde vnd ma DUS che			
geteilten	unmatched	3		crone mit geteilten slechten veldungen			
leuchters	unmatched	3		gewichte des leuchters mit allen			
sneweissem	unmatched	3		mache von sneweissem weichen leineinen			
weichen	ambiguous	3	lemma_7447|lemma_7448|lemma_7520	von sneweissem weichen leineinen czwir			
gebleicht	unmatched	3		czwir DUS gebleicht Und von			
czangen	unmatched	3		enpfahen vnd czangen vnd -			
crewel	unmatched	3		vnd - crewel vnd des			
necze	unmatched	3		als ein necze An des			
ergrabnusse	unmatched	3		noch dem ergrabnusse edler steine			
heklein	unmatched	3		in die heklein Mache ouch			
racionals	unmatched	3		seiten des racionals henge an			
humerals	unmatched	3		seiten des humerals das do			
vingerleinen	unmatched	3		mit seinen vingerleinen mit den			
gurtil	unmatched	3		ouch einen gurtil von genetem			
gerŏst	unmatched	3		in ol gerŏst Und mache			
vorbru	unmatched	3		den mist vorbru ousserhalb den			
hawe	unmatched	3		wider zu hawe in stucke			
gebrouchet	unmatched	3		des do gebrouchet das sullen			
czehenteil	unmatched	3		abendes Ein czehenteil semil besprengt			
wende	ambiguous	3	lemma_17788|lemma_7397|lemma_7479	als die wende vmb vnd			
hengt	unmatched	3		der do hengt vor der			
legunge	unmatched	3		zu houf legunge noch opfer			
nochkvmlinge	unmatched	3		durch seine nochkvmlinge Und vnser			
schreiende	unmatched	3		des volkes schreiende vnd sprach			
reiczende	unmatched	3		ein geschrei reiczende zu streit			
vorczeuhest	unmatched	3		selbir nicht vorczeuhest nicht fure			
steineiner	unmatched	3		czwu tafeln steineiner gleich den			
besicze	unmatched	3		missetat vnd besicze vns Do			
vorchtliche	unmatched	3		bist das vorchtliche werk des			
vnkeuschen	unmatched	3		wenne sie vnkeuschen ł mit			
snites	unmatched	3		des weicz snites Und di			
gehurnet	unmatched	3		nicht das gehurnet was sein			
rigeln	unmatched	3		tisch mit rigeln vnd mit			
gevese	unmatched	3		vnd mit gevese mit broten			
iacinten	unmatched	3		do hatte iacinten vnd purpir			
wenden	ambiguous	3	lemma_7397|lemma_7479	Vnd mit wenden vnd hŏrnern			
humeralis	unmatched	3		werke des humeralis von golde			
gebrouchten	unmatched	3		die priester gebrouchten in der			
enczundet	unmatched	3		dem man enczundet den weirouch			
gewulken	unmatched	3		bedakte ein gewulken das geczelt			
vmmerink	unmatched	3		des alters vmmerink Und ouf			
sweret	unmatched	3		die do sweret vnd ous			
gesvndigt	unmatched	3		einen werren gesvndigt hat in			
vorsmeht	unmatched	3		svndigt vnd vorsmeht vnsern herren			
salbte	unmatched	3		mit dem salbte her das			
suzem	unmatched	3		was in suzem ruche des			
vorterbit	unmatched	3		oder ir vorterbit Wenne das			
indrucket	unmatched	3		cla vnd indrucket in dem			
hulczeine	unmatched	3		also wol hulczeine vas als			
anderlei	unmatched	3		vas als anderlei vas vnd			
welchis	unmatched	3		gewant Und welchis man des			
priester;	unmatched	3		zu dem priester; Wenne der			
schrvnden	unmatched	3		vnd die schrvnden tvnkil Und			
geweschet	unmatched	3		das gewant geweschet so reisse			
breuten	unmatched	3		mit b breuten vnd die			
wŭstenunge	unmatched	3		in der wŭstenunge so keret			
czigenpok	unmatched	3		vnd der czigenpok die ł			
hurheit	unmatched	3		gib zu hurheit LEUITICUS dein			
schŏffil	unmatched	3		ein gerechter schŏffil vnd ein			
vnkeuschte	unmatched	3		das her vnkeuschte von seinem			
begangen;	unmatched	3		haben sie begangen; ir blut			
vnczimlichkeit	unmatched	3		habn sie vnczimlichkeit begangen; des			
herren;	unmatched	3		haben vnserm herren; an dem			
kv	unmatched	3		Aber die kv oder das			
ousgenomenlich	unmatched	3		yclichen tages ousgenomenlich der veier			
povmen	unmatched	3		vnd von povmen este dicker			
pechen	unmatched	3		von den pechen Und vrewet			
gewechsilt	unmatched	3		werden sie gewechsilt vor vnserm			
geczihet	unmatched	3		ir ein geczihet in die			
besneide	unmatched	3		sechs iar besneide deinen weingarten			
weinlesen	unmatched	3		clouben als weinlesen wenne das			
nevkvmen	unmatched	3		Und dem nevkvmen der do			
vreiunge	unmatched	3		iar der vreiunge vnd das			
betrube	unmatched	3		im nicht betrube deinen bruder			
vorchtende	unmatched	3		der setunge vorchtende keines gepot			
Ŭmme	unmatched	3		selen vorczern Ŭmme sust werdet			
eiserein	unmatched	3		recht sam eiserein vnd die			
pŏse	unmatched	3		noch das pŏse noch mit			
Wenn̆	unmatched	3		werden die Wenn̆ meyn ist			
magschafte	unmatched	3		gerete Die magschafte wir haben			
vberdecke	unmatched	3		legen ein vberdecke iacincteiner heute			
reiczet	unmatched	3		des hasses reiczet den man			
vorvluchte	unmatched	3		mit vorbannen vorvluchte hat gesamment			
vorvluchet	unmatched	3		die ich vorvluchet gehouffent Ist			
nazareers	unmatched	3		hende des nazareers noch dem			
czehn	unmatched	3		morserl wegende czehn scot voller			
madianiten	unmatched	3		svne dem madianiten seinem neuen			
werklichen	unmatched	3		mein rede werklichen wirt erfullet			
weissaget	unmatched	3		alles volk weissaget vnd vnser			
trevme	unmatched	3		oder durch trevme rede ich			
vorgienk	unmatched	3		die wolken vorgienk die do			
gemowert	unmatched	3		die stete gemowert oder ane			
spehten	unmatched	3		do durch spehten sie die			
gemowerte	unmatched	3		stete vnd gemowerte Das geslechte			
vleuset	unmatched	3		die do vleuset mit milch			
gepeine	unmatched	3		oder sein gepeine oder sein			
Gesvndigt	unmatched	3		vnd sprachen Gesvndigt hab wir			
vorderbnusse	unmatched	3		zu der vorderbnusse vnd besasen			
gekvndigt	unmatched	3		hatten im gekvndigt alle wort			
eusristen	unmatched	3		in den eusristen enden seines			
orientischen	unmatched	3		von den orientischen pergen Kvm			
hubeln	unmatched	3		vnd von hubeln werde ich			
vluchen	unmatched	3		sprach Czu vluchen meinen veinden			
erstgeporne	unmatched	3		ist der erstgeporne Des svn			
vorgeende	unmatched	3		das ł vorgeende seine kinder			
vierczik	unmatched	3		czal was vierczik tousent funf			
gegeen	unmatched	3		do mag gegeen durch die			
funfczik	unmatched	3		hundert vnd funfczik scot Wenne			
vnmesliche	unmatched	3		sie ein vnmesliche habe Und			
vorspehen	unmatched	3		NUM zu vorspehen die erde			
vnderworfen	unmatched	3		erde wirt vnderworfen gebt in			
legirten	unmatched	3		sie vnd legirten sich zu			
anderweidunge	unmatched	3		buch der anderweidunge der e			
veldis	unmatched	3		steten des veldis die in			
؞	unmatched	3		mag nicht ؞ toho ؞			
vnderscheide	unmatched	3		pilgereim kein vnderscheide sol an			
vortilgten	unmatched	3		von vnd vortilgten vnd wonten			
gesnicztes	unmatched	3		machet ein gesnicztes gleichnusse oder			
gepflanczet	unmatched	3		nicht hast gepflanczet vnd wirst			
vorgessest	unmatched	3		du icht vorgessest deines herren			
gegnoten	unmatched	3		in deinen gegnoten die czehenden			
enkennest	unmatched	3		du nicht enkennest N Nicht			
dorv̆mme	unmatched	3		die klaen dorv̆mme vnrein werden			
lesest	unmatched	3		sie vrei lesest geen wenne			
vornemen	unmatched	3		mag ich vornemen das wort			
vberkerunge	unmatched	3		besagende vmme vberkerunge sten werden			
vortrewet	unmatched	3		der im vortrewet hat ein			
powe	unmatched	3		abe vnd powe hantwerk vncz			
vortregt	unmatched	3		der nicht vortregt ł den			
Geczeugen	unmatched	3		zu besiczen Geczeugen rufe ich			
Creftige	unmatched	3		allem volke Creftige dich vnd			
erschrik	unmatched	3		dich noch erschrik Und also			
geiaget	unmatched	3		einer hat geiaget tousent vnd			
steigende	unmatched	3		Den ouf steigende wirstu gefuget			
streitender	unmatched	3		tousent ł streitender durch ire			
ŏstnischen	unmatched	3		gegen dem ŏstnischen teile der			
busovnten	unmatched	3		siben busovnen busovnten vor der			
vlihende	unmatched	3		die rucke vlihende Und wurden			
holes	unmatched	3		mvnt des holes vnd seczet			
gegint	unmatched	3		liget der gegint asedoth vncz			
czevhet	unmatched	3		von danne czevhet es zu			
nydristen	unmatched	3		creissen der nydristen vnd Und			
bit	ambiguous	2	lemma_10651|lemma_4172|lemma_687|lemma_722	von sinnen bit bit keiner			
entsliesse	unmatched	2		Und mir entsliesse meinen mvnt			
vorlihen	unmatched	2		mir Hast vorlihen brenge dir			
vromen	ambiguous	2	lemma_7274|lemma_7275|lemma_7276	abenttewer Dem vromen herren der			
intrewen	unmatched	2		sich lest intrewen schowen zu			
geleit	ambiguous	2	lemma_2057|lemma_3674|lemma_3692	selbir dein geleit Wenn wir			
Uinden	unmatched	2		keinen Buchen Uinden keiner minne			
sase	unmatched	2		in gleicher sase Bawen des			
bekvmmert	unmatched	2		do mit bekvmmert wesen Das			
anevanck	unmatched	2		der werlde anevanck Uon dem			
gegenwurticheit	unmatched	2		Mit seiner gegenwurticheit getrost Gespracht			
grunende	unmatched	2		die erde grunende wurcze vnd			
machende	unmatched	2		wurcze vnd machende samen Und			
saczste	unmatched	2		stern vnd saczste sie an			
gevogeln	unmatched	2		vnd den gevogeln des himels			
wechst	unmatched	2		das golt wechst Vnd das			
Is	ambiguous	2	lemma_1762|lemma_2979|lemma_5432	der sprach Is ist nicht			
formte	unmatched	2		herre dorumbe formte alle tyre			
habist	unmatched	2		seist du habist denne von			
Uorfluchet	unmatched	2		soldest essen Uorfluchet sei die			
lebendingen	unmatched	2		was aller lebendingen Und got			
vorfluchet	unmatched	2		nv wirstu vorfluchet auf der			
vorfluchtig	unmatched	2		irre vnd vorfluchtig vf der			
nevnczick	unmatched	2		funf und nevnczick iar vnd			
czweinczick	unmatched	2		tage werden czweinczick vnd hundert			
hŏlczern	unmatched	2		ł gefugen hŏlczern wonunglein mache			
gienck	unmatched	2		Und ein gienck ł vnd			
hundersten	unmatched	2		Im sechs hundersten iare des			
vorslos	unmatched	2		vnser herre vorslos in dorinne			
czweinczigsten	unmatched	2		siben vnd czweinczigsten tage des			
krichent	unmatched	2		die do krichent auf der			
enczvntes	unmatched	2		opferte gancz enczvntes opfer auf			
svmer	unmatched	2		vnd wirme svmer vnd winter			
pflanczte	unmatched	2		erde vnd pflanczte einen weingarten			
bedackten	unmatched	2		hinderwert vnd bedackten ires vaters			
cap̄	unmatched	2		kinder X cap̄ GENE vnd			
kuntscheften	unmatched	2		noch iren kuntscheften vnd czungen			
vorneme	unmatched	2		yclicher nicht vorneme die czunge			
geperung	unmatched	2		sint die geperung geperte vnd			
snvre	unmatched	2		vnd sein snvre die hausvrow			
sibenczic	unmatched	2		funf vnd sibenczic iar alt			
vnderganck	unmatched	2		svnnen ł vnderganck vnd die			
dir;	unmatched	2		ist vor dir; czeuch von			
czuden	unmatched	2		vnd gen czuden gen ŏsten			
wiltnusse	unmatched	2		in der wiltnusse Und karten			
kundigte	unmatched	2		entran vnd kundigte ł das			
achtczehen	unmatched	2		drihundert vnd achtczehen vnd czoch			
hŏhsten	unmatched	2		priester des hŏhsten gotis vnd			
hŏchste	unmatched	2		sei der hŏchste der do			
Uorware	unmatched	2		vierhundert iare Uorware ydoch das			
pete	ambiguous	2	lemma_615|lemma_722	do irr pete gehengte do			
gehengte	unmatched	2		irr pete gehengte do brachte			
czymt	unmatched	2		als wol czymt Und dorumbe			
eynot	unmatched	2		in der eynot der do			
gekouften	unmatched	2		als die gekouften vnd die			
volvarnes	unmatched	2		vnd wol volvarnes alders Und			
herous	unmatched	2		fur ich herous zu euch			
beschuczunge	unmatched	2		schaten meiner beschuczunge Und sie			
vrteiln	unmatched	2		nv soltu vrteiln Dorumb dich			
slussen	unmatched	2		ein vnd slussen die tur			
wenick	unmatched	2		sie nicht wenick so nv			
pilgereimte	unmatched	2		vnd vnd pilgereimte hin zu			
voderte	unmatched	2		aber ous voderte er vnd			
czuhest	unmatched	2		du hin czuhest so gedencke			
beuche	unmatched	2		vorslossen alle beuche des houses			
besuchte	unmatched	2		vnser herre besuchte als er			
hŏrende	unmatched	2		sie Welcher hŏrende geloubte des			
wuchse	unmatched	2		im der wuchse vnd bleib			
hermeister	unmatched	2		vnd sein hermeister zu Got			
bovman	unmatched	2		- ESIS bovman der philistischen			
satilte	unmatched	2		nacht vnd satilte seinen esil			
hornern	unmatched	2		mit den hornern den nam			
slafweip	unmatched	2		bruder Sein slafweip vorwar die			
horche	unmatched	2		svnder mer horche das ich			
iuncvrow̆	unmatched	2		ein schŏne iuncvrow̆ SIS vnd			
wugen	unmatched	2		ŏrringe die wugen czwei scot			
iuncvrow	unmatched	2		vnd die iuncvrow die do			
housvrow̆	unmatched	2		sei ein housvrow̆ deines herren			
mvter	unmatched	2		vnd irr mvter gab her			
Laset	unmatched	2		vnd sprach Laset mich das			
slafvrowen	unmatched	2		kindern der slafvrowen gabe er			
vormochte	unmatched	2		iare vnd vormochte sich nicht			
wor	ambiguous	2	lemma_7325|lemma_7338|lemma_7505	tig was wor czu ist			
kvmlingen	unmatched	2		deynen noch kvmlingen alle dise			
vorwente	unmatched	2		housvrowen vnd vorwente sich das			
eczliche	unmatched	2		vorgangen waren eczliche tage vnd			
mŏchte	unmatched	2		getan Es mŏchte yemant ous			
gevehest	unmatched	2		dem geieide gevehest so mache			
bedackte	unmatched	2		des halses bedackte sie im			
getrug	unmatched	2		die ein getrug zu dem			
vorvlucht	unmatched	2		der sei vorvlucht Der dir			
vordrungen	unmatched	2		geheissen wenne vordrungen hat er			
nymt	unmatched	2		eyn housvrowe nymt von dem			
tŏch	unmatched	2		von den tŏch XXVIII GENE			
brufte	unmatched	2		gegen do brufte er das			
erfulle	unmatched	2		bis ich erfulle alles das			
wost	unmatched	2		vnd ich wost sein nicht			
treibe	unmatched	2		schaf ein treibe zu den			
gebrouchte	unmatched	2		do er gebrouchte der begirlichen			
weisest	unmatched	2		antworte Du weisest wol wie			
gestreifter	unmatched	2		mancherlei vnd gestreifter wolle sint			
hitcze	unmatched	2		in der hitcze irr vormischunge			
gewandilt	unmatched	2		lon czehenstunt gewandilt Und got			
vorstoln	unmatched	2		die gŏte vorstoln Und also			
vor menige	unmatched	2		meres der vor menige nicht mag			
senftmutigen	unmatched	2		in nv senftmutigen mit gabe			
vordorte	unmatched	2		zu hant vordorte sie im			
rŏte	unmatched	2		die morgen rŏte Und antworte			
Czihe	unmatched	2		einem tage Czihe vor mir			
stakte	unmatched	2		hous vnd stakte seine geczelt			
vordrukte	unmatched	2		mit gewalde vordrukte er die			
wortig	unmatched	2		nicht gegen wortig svnder sie			
maitumes	unmatched	2		hette irs maitumes die tochter			
vnbesniten	unmatched	2		swester einem vnbesniten menschen das			
bouleute	unmatched	2		vnd bedarf bouleute Ire tŏchter			
gehenge	unmatched	2		dem einem gehenge wir in			
hurn	unmatched	2		sam einer hurn vnser swester			
hebamme	unmatched	2		sprach die hebamme Nicht vŏrchte			
czwelfe	unmatched	2		kinder warn czwelfe Die kinder			
horren	unmatched	2		svne des horren des †lantmannes†			
Hŏret	unmatched	2		zu in Hŏret meinen trovm			
hŏrn	unmatched	2		hab sie hŏrn sprechende Gee			
vorgiessen	unmatched	2		sele noch vorgiessen sein blut			
geselle	ambiguous	2	lemma_2213|lemma_2216	slafen vnd geselle dich ir			
gebrouchest	unmatched	2		das du gebrouchest meines beislafens			
hant;	unmatched	2		ir die hant; an die			
herrens	unmatched	2		house seines herrens der wol			
bŏsen	unmatched	2		gehengen den bŏsen vnczimlichen wercken			
ynne	unmatched	2		ge vangen ynne hutte Und			
weinstok	unmatched	2		mir einen weinstok an dem			
kŏrbe	unmatched	2		hette drei kŏrbe meles ouf			
ouslegers	unmatched	2		das des ouslegers warheit wurde			
vrasen	unmatched	2		ochsen die vrasen gene siben			
dvnner	unmatched	2		halm gar dvnner vnd mit			
veistes	unmatched	2		vnd vbir veistes vleisches die			
vrassen	unmatched	2		gesehen die vrassen die vordersten			
vordersten	unmatched	2		vrassen die vordersten vnd gaben			
vordrukt	unmatched	2		dem slafe vordrukt vnd sach			
fruchtbercheit	unmatched	2		mit groser fruchtbercheit kvmen in			
scheunen	unmatched	2		in die scheunen Und alles			
wŏsten	unmatched	2		knyten vnd wŏsten in einen			
fruchtberkeit	unmatched	2		quam die fruchtberkeit der siben			
schevnen	unmatched	2		in die schevnen Ouch alle			
gebetet	unmatched	2		heten an gebetet recht als			
gedenkken	unmatched	2		diener noch gedenkken nichtesnicht vbels			
czwiualdiges	unmatched	2		mandelfrucht Und czwiualdiges gelt tragt			
Fried	unmatched	2		schaffer antworte Fried sei euch			
minster	unmatched	2		das ewer minster bruder von			
enthilt	unmatched	2		fur vnd enthilt sich vnd			
hebreern	unmatched	2		mit den hebreern vnd vorworffen			
silbereinen	unmatched	2		Aber meinen silbereinen pecher Vnd			
czurissen	unmatched	2		Und gene czurissen ir gewant			
weissagunge	unmatched	2		kunst der weissagunge Czu dem			
amplik	unmatched	2		ir mein amplik nicht Do			
erkenten	unmatched	2		ein ander erkenten Nu hub			
kvne	unmatched	2		wurden sie kvne zu reden			
chananitidis	unmatched	2		vrowen svn chananitidis Die svne			
abczihen	unmatched	2		Ich wil abczihen vnd wil			
heisest	unmatched	2		du vns heisest sein deine			
beseet	unmatched	2		samen vnd beseet ewer eckir			
vorwandilte	unmatched	2		was Und vorwandilte die hende			
czukvnftig	unmatched	2		was euch czukvnftig ist in			
nes	unmatched	2		dei SIS nes vaters Du			
siczende	unmatched	2		starker esil siczende czwischen den			
clahen	unmatched	2		beissende die clahen des rosses			
valle	ambiguous	2	lemma_6733|lemma_6741	ouf steiger valle hinder sich			
wachsender	unmatched	2		schone Ein wachsender svn ein			
hubel	unmatched	2		der ewigen hubel Es werden			
schindunge	unmatched	2		her die schindunge Alle dise			
etheer	unmatched	2		von dem etheer zu eyner			
gewurczet	unmatched	2		leit do gewurczet Und do			
erhube	unmatched	2		her mich erhube als irs			
peinigten	unmatched	2		sie sie peinigten vnd maurten			
drukten	unmatched	2		sie sie drukten dester mer			
fleuset	unmatched	2		die do fleuset mit milch			
fleusset	unmatched	2		die do fleusset von milch			
enhoren	unmatched	2		dir noch enhoren die rede			
czeichens	unmatched	2		des ersten czeichens so gelouben			
geschŏpfet	unmatched	2		wer hat geschŏpfet den stvmmen			
ppherr	unmatched	2		dicit Jeremia ppherr ჻ EXO			
gehŏrn	unmatched	2		got an gehŏrn Und dise			
czeichn	unmatched	2		der du czeichn tvn wirst			
spreu	unmatched	2		in furbas spreu zu machen			
musik	unmatched	2		sie geen musik vnd dorumbe			
Sprev	unmatched	2		Also spricht Sprev gebe ł			
anstunden	unmatched	2		der werk anstunden sprech e			
steineinen	unmatched	2		als in steineinen Und es			
geslug	unmatched	2		die wasser geslug CAPITULUM UIII			
crŏten	unmatched	2		ende mit crŏten vnd quellen			
czihn	unmatched	2		sie werden czihn von dir			
geswolne	unmatched	2		swern vnd geswolne blasen in			
strewte	unmatched	2		hern Und strewte die in			
nichtesnichte	unmatched	2		das ir nichtesnichte wirt erscheinen			
gebeten	ambiguous	2	lemma_1961|lemma_1965|lemma_722	ouch ir gebeten Und alczu			
vorwustende	unmatched	2		der erden vorwustende alle dink			
grousame	unmatched	2		es wurden grousame vinsternuss in			
vorherte	unmatched	2		vnser herre vorherte das hercze			
erscheinest	unmatched	2		mir mer erscheinest so wirstu			
frvnde	unmatched	2		von seinem frvnde vnd ein			
erstgepurt	unmatched	2		Und alle erstgepurt des vihes			
selbben	unmatched	2		noch dem selbben siten sult			
vngesaurtes	unmatched	2		few̆er vnd vngesaurtes brot mit			
latich	unmatched	2		mit wilden latich Nicht werdet			
endlichn	unmatched	2		sult essen endlichn Wenne es			
czeychen	unmatched	2		in ein czeychen in ewern			
gesaurteigtes	unmatched	2		ewern heusern gesaurteigtes welcher gesauerteigtes			
gesauerteigtes	unmatched	2		gesaurteigtes welcher gesauerteigtes isset des			
tvnket	unmatched	2		gebundel ysops tvnket in das			
slahende	unmatched	2		heuser in slahende di vnd			
osterlammes	unmatched	2		dienst des osterlammes Ein yclicher			
vleischs	unmatched	2		tragen seines vleischs her ous			
entsleusset	unmatched	2		die do entsleusset den bouch			
gepotscheftet	unmatched	2		also Und gepotscheftet wart dem			
furtest	unmatched	2		vns ous furtest von Ist			
sen	ambiguous	2	lemma_5366|lemma_5397|lemma_5401	wis DUS sen wenne ich			
gegrŏset	unmatched	2		ist her gegrŏset das ros			
oufsteiger	unmatched	2		vnd den oufsteiger ł hat			
pouken	unmatched	2		hant ein pouken vnd ous			
sank	ambiguous	2	lemma_2192|lemma_5488	pouken den sank sie vor			
cloub	unmatched	2		volk vnd cloub alle tage			
Tretet	unmatched	2		aller samenunge Tretet vor vnsern			
nunge	unmatched	2		der wuste nunge Und secht			
vorvoulte	unmatched	2		wurme vnd vorvoulte Und czornig			
corianders	unmatched	2		der same corianders vnd sein			
fulle	unmatched	2		vnser herre fulle die vas			
getrincket	unmatched	2		das volk getrincket Und tat			
siczest	unmatched	2		volke worumb siczest du alleine			
czeigest	unmatched	2		sprichet Und czeigest dem volke			
plicczen	unmatched	2		hŏrn vnd plicczen begonden erschĭnen			
vnnuczlich	unmatched	2		herren gotes vnnuczlich Wenne vnser			
heiligest	unmatched	2		heiligen tack heiligest Sechs tage			
Ere	ambiguous	2	lemma_1281|lemma_1282|lemma_25157|lemma_5454|lemma_57649	in geheiligt Ere vater vnd			
deube	unmatched	2		Nicht tu deube Nicht sprich			
ho	ambiguous	2	lemma_22402|lemma_2866	sprach tho ho bzde thoho			
vŏrchtet	unmatched	2		volke Nicht vŏrchtet euch Wenne			
hebist	unmatched	2		das du hebist dein messir			
koufest	unmatched	2		XXI CAPITULUM koufest einen hebraischen			
ŏre	unmatched	2		im sein ŏre mit ei			
ei	ambiguous	2	lemma_11821|lemma_1324|lemma_24470	ŏre mit ei W EXO			
vorbreutet	unmatched	2		seinem svne vorbreutet noch dem			
buse	unmatched	2		lebit der buse sol er			
heischet	unmatched	2		von im heischet vnd die			
blabslak	unmatched	2		vmb wunde blabslak vmb EXO			
hŏrnern	unmatched	2		mit den hŏrnern stŏset einen			
fen	unmatched	2		erwer DUS fen wer do			
grebt	unmatched	2		cistern oder grebt vnd bedecket			
crank	unmatched	2		oder wirt crank oder sich			
breutet	unmatched	2		wer do breutet mit einem			
vorblenden	unmatched	2		wenne gabe vorblenden ouch die			
ŏlgerten	unmatched	2		in deinen ŏlgerten Sechs tage			
coche	unmatched	2		gotis Nicht coche das cziklein			
fressende	unmatched	2		wachsen dorinne fressende wilt Meclichen			
halbeteil	unmatched	2		nam das halbeteil des blutes			
Alls	ambiguous	2	lemma_106|lemma_148	Die sprachen Alls das vnser			
sprengte	unmatched	2		blut vnd sprengte das in			
bedeckende	unmatched	2		wonhaft vber bedeckende den mit			
nebils	unmatched	2		mitte des nebils vnd steig			
thymiamischen	unmatched	2		salben vnd thymiamischen puluer czu			
stos	unmatched	2		golde vnd stos die durch			
gehemerte	unmatched	2		czwen guldeine gehemerte cherubin zu			
rouchuas	unmatched	2		vnd trinkuas rouchuas vnd giskopfe			
kŏpfe	unmatched	2		seine stengel kŏpfe vnd ringel			
ringil	unmatched	2		Und die ringil dorumb vnd			
schuret	unmatched	2		man abe schuret vorlesche sullen			
vorlesche	unmatched	2		abe schuret vorlesche sullen werden			
orlein	unmatched	2		hangen Iacinctische orlein oder slinglein			
slinglein	unmatched	2		orlein oder slinglein mache an			
slingel	unmatched	2		ŏrl oder slingel an dem			
halbenteil	unmatched	2		Uon des halbenteil bedecke ł			
rotgeverbten	unmatched	2		vbirdecke von rotgeverbten widers heuten			
vorgulden	unmatched	2		tafeln saltu vorgulden vnd senke			
tŏpfe	unmatched	2		DUS ereine tŏpfe die die			
geneet	unmatched	2		hande varbe geneet gevogiltes werkis			
gevogiltes	unmatched	2		varbe geneet gevogiltes werkis vier			
pflokke	unmatched	2		wol sein pflokke als seine			
clares	unmatched	2		brengen gar clares ŏl von			
vbunge	unmatched	2		Ewig wirt vbunge in ir			
gegrabnem	unmatched	2		ordenunge mit gegrabnem werke noch			
hekil	unmatched	2		Und mache hekil von golde			
ketelin	unmatched	2		vnd czwei ketelin von reinem			
eckecht	unmatched	2		gebleichet Uier eckecht sol das			
czeil	unmatched	2		der ersten czeil sol sein			
ligur	unmatched	2		dritten der ligur vnd der			
ametist	unmatched	2		vnd der ametist In der			
nidristen	unmatched	2		gestalt der nidristen fugen das			
bendlein	unmatched	2		mit iacinctischen bendlein so das			
keppil	unmatched	2		werden ein keppil vnd sein			
pvnikisch	unmatched	2		vnd ein pvnikisch apfel vnd			
pendlein	unmatched	2		mit pfelleinen pendlein vnd houben			
rokke	unmatched	2		mache leineine rokke vnd gurtel			
geweihest	unmatched	2		wenne du geweihest ire hende			
ousserhalb	unmatched	2		mist vorbru ousserhalb den purgen			
geslechst	unmatched	2		du den geslechst so heb			
laganisch	unmatched	2		besprenget Und laganisch brot in			
anevenge	unmatched	2		vnd die anevenge von den			
geweiht	unmatched	2		dem Und geweiht sullen werden			
geweiten	unmatched	2		bleibt des geweiten vleisches oder			
sethimisschem	unmatched	2		mache ous sethimisschem holcze vnd			
vorstŏret	unmatched	2		der wirt vorstŏret ous seinem			
gebrouche	unmatched	2		seines ruches gebrouche der wirt			
putil	unmatched	2		schreien einen putil mit groser			
op	ambiguous	2	lemma_6330|lemma_9329	vru vnd op DUS ferten			
erczurne	unmatched	2		mein czorne erczurne wider sie			
hertneckig	unmatched	2		volk ist hertneckig vnd hertes			
gepeutest	unmatched	2		herren Du gepeutest also das			
czubrochen	unmatched	2		du hast czubrochen Bis bereit			
steigest	unmatched	2		zu hant steigest ouf den			
geduldiger	unmatched	2		vnd senftmutiger geduldiger vnd vil			
legist	unmatched	2		zu sammen legist fruntschaft die			
tŏchtern	unmatched	2		von iren tŏchtern deinen svnen			
humerale	unmatched	2		cziren das humerale vnd das			
iacinctisch	unmatched	2		heute vnd iacinctisch geverbte heute			
weihten	unmatched	2		Alle williclychen weihten das vnserm			
new̆e	unmatched	2		vinden ouch new̆e Nu machte			
geuerbet	unmatched	2		rotem czwir geuerbet vnd mancher			
vmmehenge	unmatched	2		Und funf vmmehenge fugte her			
vmmehanges	unmatched	2		sovme eines vmmehanges zu beiden			
vberdecken	unmatched	2		her eilf vberdecken von czigen			
besvnderlich	unmatched	2		zu sammen besvnderlich Und machte			
nestilte	unmatched	2		zu samen nestilte Und funfczig			
vberhank	unmatched	2		ein ander vberhank machte her			
getefel	unmatched	2		mitte der getefel von einem			
gevogilter	unmatched	2		von geneter gevogilter kvnst Und			
vbirlegte	unmatched	2		erein vnd vbirlegte sie mit			
becleidte	unmatched	2		halbe Und becleidte ł die			
gehemertem	unmatched	2		cherubin ous gehemertem golde die			
vmmelegte	unmatched	2		selben rigel vmmelegte er mit			
virunge	unmatched	2		in seyner virunge zu yclicher			
hantreichunge	unmatched	2		des few̆ers hantreichunge Und seinen			
wachten	unmatched	2		die aldo wachten in der			
sevmel	unmatched	2		Und czwei sevmel die zu			
pendil	unmatched	2		ein iacinctisch pendil das sie			
A	ambiguous	2	lemma_1|lemma_2|lemma_37325	gepoten hette A Auch machten			
hank	unmatched	2		vor DUS hank die arche			
dorvbir	unmatched	2		die wolken dorvbir so bliben			
Leuiticus	unmatched	2		genant ist Leuiticus vnd heist			
ingesneite	unmatched	2		mit dem ingesneite vnd mit			
vngesowerte	unmatched	2		besprenget vnd vngesowerte so zu			
vngemeiligt	unmatched	2		her opfert vngemeiligt sullen sie			
Levitici	unmatched	2		svnde IIII Levitici LEUIT ein			
schepfe	unmatched	2		vnd ł schepfe von dem			
krichendes	unmatched	2		welcherlei anders krichendes tir das			
vornymet	unmatched	2		vnd dornach vornymet sein vorlasenheit			
schŏpfe	unmatched	2		priester Der schŏpfe do von			
reinigende	unmatched	2		in vnd reinigende in das			
loukent	unmatched	2		herren vnd loukent seinem nehsten			
reisset	unmatched	2		etwas ous reisset oder im			
yclichs	unmatched	2		vorgeben ein yclichs das er			
svndende	unmatched	2		das er svndende hat getan			
semiln	unmatched	2		teil der semiln sol essen			
heilichet	unmatched	2		opfer der heilichet der priester			
tenneine	unmatched	2		Aber das tenneine vas in			
kraczen	unmatched	2		sol man kraczen vnd waschen			
beheldet	unmatched	2		opfertir der beheldet sein hout			
opfertyres	unmatched	2		e des opfertyres der fridsamen			
czimlich	unmatched	2		ist es czimlich was aber			
vbirkerunge	unmatched	2		meiligt der vbirkerunge der geheisse			
gemeiligte	unmatched	2		das Die gemeiligte sele die			
leineinem	unmatched	2		mit dem leineinem hemde vnd			
tvnkte	unmatched	2		blute vnd tvnkte dor ein			
gereinigte	unmatched	2		her den gereinigte vnd geheiligte			
scheiblecht	unmatched	2		den alter scheiblecht vmme Die			
enczvnte	unmatched	2		die svnde enczvnte her ouf			
opfertyr	unmatched	2		Und das opfertyr zu hieb			
veisten	unmatched	2		mit irem veisten vnd das			
vorczerte	unmatched	2		herren vnd vorczerte das gancz			
mŏcht	unmatched	2		sichst wie mŏcht ich sie			
sprinczel	unmatched	2		greifen di sprinczel den weihen			
strousen	unmatched	2		gestalt; den strousen die eule			
calidrot	unmatched	2		valken den calidrot noch seinem			
widhopfen	unmatched	2		geslechte; Den widhopfen die vledermaus			
selbenlei	unmatched	2		treit der selbenlei totes as			
cisternen	unmatched	2		vorwar vnd cisternen vnd allerlei			
geperenden	unmatched	2		die der geperenden vrowen Ein			
entspreusset	unmatched	2		vnd hout entspreusset eyn mancherhand			
gevrteilt	unmatched	2		wirt das gevrteilt vnd ein			
vorsliessen	unmatched	2		ir nicht vorsliessen wenne es			
gevnreiniget	unmatched	2		priesters vrteil gevnreiniget vnd vnder			
swerens	unmatched	2		stat des swerens ein weise			
tvnkil	unmatched	2		die schrvnden tvnkil Und nicht			
schrvnde	unmatched	2		es eine schrvnde des swerens			
besehn	unmatched	2		die ousseczikeit besehn sol sie			
weislecht	unmatched	2		das gehere weislecht vnd cleiner			
meiligunge	unmatched	2		stat der meiligunge gleich sein			
meilikeit	unmatched	2		ist die meilikeit vnd das			
glenczende	unmatched	2		der vindet glenczende ein vorborgne			
glenczenden	unmatched	2		mail einer glenczenden varbe Und			
erhebit	unmatched	2		varbe sich erhebit so vorvrteile			
czweiuel	unmatched	2		yn; ane czweiuel ist her			
kalheit	unmatched	2		in der kalheit Welcher dorumme			
wulleins	unmatched	2		purgen Ein wulleins gewant oder			
leineins	unmatched	2		oder ein leineins das do			
housratis	unmatched	2		vnd alles housratis der velle			
ousseczigen	unmatched	2		recht des ousseczigen so man			
sperlinge	unmatched	2		sich czwen sperlinge lebendinge die			
czimlichn	unmatched	2		zu essen czimlichn sint vnd			
tenneinen	unmatched	2		in einem tenneinen vasse ouf			
sperlinges	unmatched	2		des toten sperlinges blute vnd			
linke	unmatched	2		in sein linke hant vnd			
rechticlich	unmatched	2		mensch wirt rechticlich gereiniget Und			
eusriste	unmatched	2		ouf das eusriste teil seines			
enczvntem	unmatched	2		zu gancz enczvntem opfer mit			
mage	ambiguous	2	lemma_26595|lemma_3905|lemma_4240	nicht gehaben mage alles zu			
platern	unmatched	2		schisenden - platern vnd der			
veuchte	unmatched	2		die vngeneme veuchte Alle sein			
flusse	unmatched	2		von dem flusse seines samens			
abscheiden	unmatched	2		man die abscheiden Ein yclicher			
blutflusses	unmatched	2		czeit des blutflusses vnreine wirt			
vliessen	unmatched	2		ouf czu vliessen also lange			
lasende	unmatched	2		des geczeuknusse lasende ouf sie			
Welchis	unmatched	2		die svnde Welchis los aber			
weschet	unmatched	2		aldo vnd weschet sein vleisch			
vorbruet	unmatched	2		welcher si vorbruet der wasche			
rastunge	unmatched	2		tag der rastunge ist es			
schuldig;	unmatched	2		wirt er schuldig; Recht als			
vridsame	unmatched	2		sie toten vridsame opfertir dem			
housvrowen;	unmatched	2		deines svnes housvrowen; nicht decke			
vormische	unmatched	2		einem knechte vormische dich nicht			
povman	unmatched	2		als der povman der do			
sneidest	unmatched	2		Wenne du sneidest die sat			
sneide	unmatched	2		erden nicht sneide das gar			
vorsernusse	unmatched	2		k kein vorsernusse svnder vŏrchte			
wirde	ambiguous	2	lemma_7489|lemma_7500|lemma_7644	nehsten Nicht wirde ein schender			
frvnt	unmatched	2		purger Deinen frvnt hab liep			
vormischen	unmatched	2		lasen sich vormischen mit tiren			
czoubern	unmatched	2		in vogiln czoubern noch in\u0020trovme			
preutet	unmatched	2		einem schaf preutet des todis			
vnczimlich	unmatched	2		bruders ein vnczimlich dink habn			
svnde;	unmatched	2		beide ire svnde; an kinder			
vnmenschet	unmatched	2		Und vor vnmenschet hab ich			
pŏze	unmatched	2		noch kein pŏze zu hurheit			
tritet	unmatched	2		do zu tritet zu den			
gehei	unmatched	2		die do gehei ligt sint			
mitlink	unmatched	2		vnd der mitlink essen nicht			
geslagne	unmatched	2		oder abe geslagne glider habn			
gesneidet	unmatched	2		irr ab gesneidet die sat			
ganczenczuntis	unmatched	2		sult opfern ganczenczuntis opfer vnserm			
nevnden	unmatched	2		Uon dem nevnden tage des			
frŭchte	unmatched	2		gesamment alle frŭchte ewerr erden			
gelubdis	unmatched	2		geczelde des gelubdis Und seczen			
czenden	unmatched	2		hab czwen czenden vnd lege			
erwurfen	unmatched	2		purgen vnd erwurfen in mit			
powleute	unmatched	2		vnd meine powleute Dorvmme alles			
besiczer	unmatched	2		dem ersten besiczer Welcher do			
lŏset	unmatched	2		vormag er lŏset sich Achtende			
rechnunge	unmatched	2		iare vnd rechnunge des dienstes			
Uallen	unmatched	2		czehen tousent Uallen werden ewer			
irresal	unmatched	2		zu einem irresal furet mein			
widerwerticlichen	unmatched	2		Und ouch widerwerticlichen wil ich			
veiertagen	unmatched	2		in den veiertagen irr wustenunge			
vligenden	unmatched	2		rousch eines vligenden blatis vnd			
leidende	unmatched	2		heiligen tagen leidende wustenunge durch			
geloset	unmatched	2		mag nicht geloset werden von			
lŏsen	unmatched	2		aber wŏlle lŏsen seinen czehenden			
edilsten	unmatched	2		sint die edilsten fursten der			
besvnderlichen	unmatched	2		yclicher houbt besvnderlichen alles das			
cz	unmatched	2		geslechte von cz czweinczig iaren			
diensten	unmatched	2		in seinen diensten vnd in			
czig	unmatched	2		Nui NUM czig tousent vier			
leczsten	unmatched	2		an dem leczsten sullen sie			
hantreichen	unmatched	2		sie ym hantreichen vnd wachen			
Czele	unmatched	2		in sprechende Czele die kinder			
erstgepurden	unmatched	2		von den erstgepurden funf scot			
heiligtumes;	unmatched	2		mase des heiligtumes; ein -			
vorwindeln	unmatched	2		sullen sie vorwindeln mit einer			
׀	unmatched	2		heilicheit sei ׀ e sie			
heissende	unmatched	2		des dienstes; heissende vnd seine			
geczeuknŭsse	unmatched	2		gelubdes des geczeuknŭsse Das sint			
ebrechens	unmatched	2		opfer des ebrechens Opfern sol			
geswellende	unmatched	2		׀ vnd geswellende deinen bouch			
hassunge	unmatched	2		e der hassunge Und ist			
vladen	unmatched	2		vnd vngesowerte vladen gesalbet mit			
tŭ	unmatched	2		hat also tŭ her zu			
volkvmenheit	unmatched	2		zu der volkvmenheit seiner heiligunge			
gekresmet	unmatched	2		als her gekresmet wart Und			
besunderlichen	unmatched	2		fursten an besunderlichen tagen sullen			
seczest	unmatched	2		Wenne du seczest die siben			
capitulum	unmatched	2		vber ix capitulum ix Numeri			
heilikeiten	unmatched	2		alle seinen heilikeiten vnd seynen			
gerechtikeiten	unmatched	2		vnd seynen gerechtikeiten Und gepot			
inlendigen	unmatched	2		als dem inlendigen An dem			
vorlase	unmatched	2		sprach her vorlase vns wenne			
entspros	unmatched	2		I des entspros ein murmeln			
Besammen	unmatched	2		sprach zu Besammen mir sibenczig			
weissagten	unmatched	2		in do weissagten sie noch			
erreiczet	unmatched	2		herren wart erreiczet in das			
brengt	unmatched	2		euch vnd brengt vns von			
men	ambiguous	2	lemma_3921|lemma_3958|lemma_4078	qua ERI men zu vnd			
murmelten	unmatched	2		nacht vnd murmelten wider vnd			
bekvmet	unmatched	2		nicht wol bekvmet Nicht czihet			
iagten	unmatched	2		vnd vallende iagten sie sie			
hochczeiten	unmatched	2		in ewern hochczeiten enczundende suzen			
yclichn	unmatched	2		opfertir zu yclichn lemmern Und			
friedsame	unmatched	2		gelubde oder friedsame opfertir so			
vorgessenheit	unmatched	2		volkis von vorgessenheit V Vnd			
sevme	unmatched	2		in machen sevme durch di			
ousgefurt	unmatched	2		du vns ousgefurt hast von			
vorgeenden	unmatched	2		geschrei der vorgeenden sprechende Das			
gestreusse	unmatched	2		sich ein gestreusse erhub vnd			
gegiengen	unmatched	2		in das gegiengen do bedakt			
pressen	unmatched	2		von den pressen vnd aller			
sprengwasser	unmatched	2		in ein sprengwasser Wenne vmme			
gesetit	unmatched	2		das sie gesetit werden vnd			
mŭge	unmatched	2		dem steine mŭge wir euch			
vngeloubig	unmatched	2		das er vngeloubig ist gewesen			
chananeer	unmatched	2		hette der chananeer der kvnig			
fewereine	unmatched	2		das volk fewereine natern Uon			
mvde	unmatched	2		bis zu mvde sint sie			
lantschaft	unmatched	2		besasen sein lantschaft et cetera			
ousgeczogen	unmatched	2		sprechen Sich ousgeczogen ist das			
siczenden	unmatched	2		der erden siczenden wider mich			
vorhette	unmatched	2		wenne her vorhette gesant Und			
bloses	unmatched	2		habende ein bloses swert in			
hende;	unmatched	2		in der hende; Und her			
anpette	unmatched	2		Und her anpette neigende ouf			
vorbanne	unmatched	2		her vnd vorbanne NUM Wie			
ersteet	unmatched	2		das volk ersteet alls ein			
veuchten	unmatched	2		als die veuchten gerten bei			
vorgesaczt	unmatched	2		deine stat vorgesaczt hatte ich			
groslich	unmatched	2		dich mir groslich zu eren			
boses	unmatched	2		gutes oder boses vorbrenge ous			
sterklichen	unmatched	2		v wirt sterklichen tvn Uon			
gelgen	unmatched	2		sie an gelgen gegen der			
madianitischen	unmatched	2		zu einer madianitischen huren das			
garczal	unmatched	2		ist die garczal die geczalt			
Gebet	ambiguous	2	lemma_1961|lemma_1965	einen svn Gebet vns besiczunge			
vorheissen	unmatched	2		sie hat vorheissen vnd gelobt			
gleicheit	unmatched	2		teile in gleicheit den roup			
vorkeret	unmatched	2		alhie Worumme vorkeret ir die			
vorkarten	unmatched	2		reich do vorkarten sie die			
kvnicreich	unmatched	2		svnes das kvnicreich des kvnigs			
negil	unmatched	2		als die negil in den			
gesteige	unmatched	2		vber das gesteige der scorpionen			
magschefte	unmatched	2		noch irr magschefte czal vnd			
vorheuser	unmatched	2		vnd haben vorheuser iren schafen			
beschirmvnge	unmatched	2		sein zu beschirmvnge den vluchtigen			
manslechtigen	unmatched	2		sol den manslechtigen tŏten zu			
manslechtige	unmatched	2		wonungen Der manslechtige vnder geczeugen			
preuten	unmatched	2		gepoten vnd preuten vnd vnd			
Deutronomius	unmatched	2		das buch Deutronomius das do			
libanischen	unmatched	2		vnd des libanischen pergis vncz			
quemet	unmatched	2		bis ir quemet an dise			
vleissiclichen	unmatched	2		Dorvmme sehet vleissiclichen das ir			
stappen	unmatched	2		einen fuz stappen wenne zu			
wuftenunge	unmatched	2		zu der wuftenunge Und vnser			
vorterbende	unmatched	2		kvnige von vorterbende alle stete			
vmmeligenden	unmatched	2		vnd ir vmmeligenden creisse vncz			
creftige	unmatched	2		gepent vnd creftige in vnd			
vorterbt	unmatched	2		Wie her vorterbt hat alle			
vorsecze	unmatched	2		ich heute vorsecze vor deinen			
vorgis	unmatched	2		sele Nicht vorgis der wort			
enynkel	unmatched	2		Und deine enynkel den tag			
geuellen	unmatched	2		zu den geuellen des pergis			
vinsternŭsse	unmatched	2		im waren vinsternŭsse vnd wolken			
anpetest	unmatched	2		du sie anpetest vnd vor			
vorczerendes	unmatched	2		got ein vorczerendes fewer ist			
holczern	unmatched	2		sint gemachet holczern vnd steinen			
vorchtlichen	unmatched	2		armen vnd vorchtlichen gesichten noch			
rŭ	unmatched	2		das ist rŭ deines herren			
behieldest	unmatched	2		das du behieldest den veier			
schreibe	unmatched	2		ougen vnd schreibe die ouf			
gefŭret	unmatched	2		dich ein gefŭret dein herre			
olgerten	unmatched	2		weingerten vnd olgerten die du			
groserr	unmatched	2		geslechte vil groserr czal wenne			
behutende	unmatched	2		getrewer vnd behutende fride vnd			
vorchtlicher	unmatched	2		got vnd vorchtlicher der wirt			
growe	unmatched	2		Wenne ein growe ist es			
vorvnmenschet	unmatched	2		vormeiligunge vnd vorvnmenschet soltu das			
vorsage	unmatched	2		yczunt ł vorsage ich dir			
knvtschet	unmatched	2		sie zu knvtschet vnd vortilget			
gedroet	unmatched	2		hette DEUTRO gedroet Und betende			
vorhout	unmatched	2		dorvmme die vorhout der schame			
vorchtsamer	unmatched	2		mechtiger vnd vorchtsamer der die			
anhengen	unmatched	2		Im soltu anhengen vnd sweren			
steest	unmatched	2		dich vnd steest vf schreib			
anhenget	unmatched	2		der himel anhenget der erden			
hevte	unmatched	2		ich euch hevte gepite; Den			
enwisset	unmatched	2		ir nicht enwisset Uorware ł			
vreier	unmatched	2		vnd von vreier willekure opfern			
vorlasest	unmatched	2		du icht vorlasest den NOMIUS			
erweitet	unmatched	2		herre gote erweitet deine creisse			
weinpresse	unmatched	2		von deiner weinpresse in den			
gesowerteigtes	unmatched	2		dor an gesowerteigtes brot Siben			
kvmene	unmatched	2		der new kvmene vnd der			
waise	unmatched	2		vnd der waise vnd die			
vodrist	unmatched	2		vberhaben Czu vodrist wenne ewer			
gepuret	unmatched	2		noch steunge gepuret Wenne du			
gleiche	ambiguous	2	lemma_2065|lemma_2066	in drei gleiche teil aller			
vorderpnusse	unmatched	2		von der vorderpnusse Und die			
gehessigen	unmatched	2		vorgeseczen der gehessigen svn Svnder			
iuncvrowlichkeit	unmatched	2		czeichen irr iuncvrowlichkeit zu den			
breiten	ambiguous	2	lemma_846|lemma_847	tochter Vnd breiten ouf das			
buchil	unmatched	2		ir das buchil der vortreibunge			
vortreibunge	unmatched	2		buchil der vortreibunge vnd gebe			
czogt	unmatched	2		do ir czogt von Wenne			
lisest	unmatched	2		die frucht lisest deiner olpovm			
vngerechtikeit	unmatched	2		vrteilen der vngerechtikeit Ist aber			
leset	unmatched	2		vnd NOMIUS leset ir hant			
geczeuhest	unmatched	2		du ein geczeuhest in die			
cistel	unmatched	2		ein czeineine cistel vnd czeuch			
erfullest	unmatched	2		Wenne du erfullest den czehenden			
geschreiben	unmatched	2		dor an geschreiben alle wort			
vngepolirten	unmatched	2		steinen vnd vngepolirten vnd NOMIUS			
schevne	unmatched	2		Gesegent dein schevne vnd gesegent			
vlussiclich	unmatched	2		vorchten Ubir vlussiclich habende wirt			
czeret	unmatched	2		dich vor czeret von der			
vordrucket	unmatched	2		wirst du vordrucket noch en			
kvmmer	unmatched	2		in allem kvmmer vnd wirt			
vorwustenunge	unmatched	2		vnd in vorwustenunge in der			
hangende	unmatched	2		recht als hangende vor dir			
gepetit	unmatched	2		haben an gepetit das leicht			
vorleset	unmatched	2		vnd er vorleset dich nicht			
vorpergen	unmatched	2		wil ich vorpergen vor im			
gesterbe	unmatched	2		so ich gesterbe Besamment zu			
gepetet	unmatched	2		haben an gepetet ire veter			
gepitet	unmatched	2		ir die gepitet ewern kindern			
gerechtisten	unmatched	2		Bei dem gerechtisten wirt der			
sudnischen	unmatched	2		zu dem sudnischen teile Und			
creftig	unmatched	2		vnd bis creftig wenne du			
vorpark	unmatched	2		man vnd vorpark sie vnd			
vlusses	unmatched	2		vber seines vlusses vnd die			
vlussen	unmatched	2		der wustnunge vlussen sie das			
eingank	unmatched	2		vorchtende den eingank Czu den			
Schreiet	unmatched	2		euch spreche Schreiet vnd wuchczet			
eisereiner	unmatched	2		v vnd eisereiner dem herre			
czunten	unmatched	2		was an czunten sie an			
westnische	unmatched	2		menige das westnische teile der			
kvnik	unmatched	2		lebendink den kvnik der stat			
gesteiges	unmatched	2		wek des gesteiges vnd slug			
vorderpnus	unmatched	2		in die vorderpnus Und von			
vmligende	unmatched	2		alle ir vmligende stete slug			
aseroth	unmatched	2		veldis vnd aseroth mit iren			
gepirgen	unmatched	2		in den gepirgen vnd in			
asedoth	unmatched	2		der gegint asedoth vncz bis			
bleiblingen	unmatched	2		von den bleiblingen der do			
ei­ner	unmatched	2		kvnic von ei­ner Der kvnic			
geginten	unmatched	2		vnd ire geginten Und das			
czeuht	unmatched	2		zu vnd czeuht zu der			
czinshaft	unmatched	2		disen tak czinshaft nd XUII			
beschreiben	unmatched	2		erde vnd beschreiben sie noch			
beschreibet	unmatched	2		siben teil beschreibet Und do			
ousgenge	unmatched	2		Und sein ousgenge sint gegen			
gradis	unmatched	2		des nydristen gradis Und den			
stiftende	unmatched	2		herren got stiftende einen alter			
sandunge	unmatched	2		fursten der sandunge Der starcke			
kan	ambiguous	1	lemma_29233|lemma_3400|lemma_3538	wol geschaffen kan An dich			
vorkeuset	unmatched	1		er die vorkeuset Sein arbeit			
sp	unmatched	1		Wenne also sp spricht dein			
stew̆er	unmatched	1		Deiner gnaden stew̆er Des heiligen			
durchfeuchte	unmatched	1		mein sinne durchfeuchte Und mein			
erleuchte	unmatched	1		mein sele erleuchte Und mir			
mvze	unmatched	1		Das ich mvze czu aller			
abenttewer	unmatched	1		diser lieben abenttewer Dem vromen			
getrewen	ambiguous	1	lemma_2278|lemma_2282	Dem werden getrewen diener dein			
beuget	unmatched	1		deinen dienst beuget Vnd manch			
czeuget	unmatched	1		gut testament czeuget Vnd meret			
Muze	ambiguous	1	lemma_4226|lemma_4238	werke gut Muze volfuren in			
loze	unmatched	1		allen cziten loze Recht als			
rose	ambiguous	1	lemma_26308|lemma_4951	ein werde rose Sterck vnd			
vollekumenheit	unmatched	1		Sterck vnd vollekumenheit Das sie			
nota bene	unmatched	1		ersterbe = nota bene PROLOGUS Bis			
gevalle	ambiguous	1	lemma_2292|lemma_6741	leben also gevalle den touben			
czuchticlich	unmatched	1		si muze czuchticlich furen in			
geseczet	unmatched	1		vns han geseczet vor Aufsliessen			
Aufsliessen	unmatched	1		geseczet vor Aufsliessen deiner schrifte			
tor	ambiguous	1	lemma_6113|lemma_9255	deiner schrifte tor Die manchem			
vorsperret	unmatched	1		manchem noch vorsperret sein So			
vorirret	unmatched	1		betoubet vnd vorirret Und von			
lieb	ambiguous	1	lemma_3756|lemma_3765	stunt Ewer lieb mir slafen			
stramen	unmatched	1		heiligen minne stramen Hilffe das			
muzzent	unmatched	1		ioch also muzzent tragen Das			
vaters­	unmatched	1		reich des vaters­ mein Das			
meitlich	unmatched	1		tagen Cristum meitlich hat getragen			
lasent	unmatched	1		sich intrewen lasent vinden Und			
minnen	ambiguous	1	lemma_4130|lemma_4133	heilige schrift minnen Vnd do			
hŏrent	unmatched	1		sie gerne hŏrent lesen Oder			
vorlegen	unmatched	1		ich Hie vorlegen fruntlich Der			
v­	unmatched	1		deutsche czunge v­ vnd sprache			
prologo	unmatched	1		in disen prologo Wenne wer			
schreibet	unmatched	1		als vns schreibet da Der			
trencken	unmatched	1		mit vreuden trencken DIses buches			
buches	ambiguous	1	lemma_912|lemma_933|lemma_936	trencken DIses buches ausganck Ist			
ertrenckte	unmatched	1		Bei gar ertrenckte Und den			
schenckte	unmatched	1		Und den schenckte Swebil vnd			
Ertrenkte	unmatched	1		mere czu Ertrenkte vnd alle			
vbirmut	unmatched	1		In irem vbirmut ł vnd			
hon	ambiguous	1	lemma_12662|lemma_2598|lemma_2866|lemma_2961	ł vnd hon Die erde			
ný	unmatched	1		diener kein ný kein leit			
Svn¬	unmatched	1		kein leit Svn¬ der alle			
sorgen	ambiguous	1	lemma_5613|lemma_5615	aus allen sorgen erlost Mit			
Gespracht	unmatched	1		gegenwurticheit getrost Gespracht mit in			
kunde	ambiguous	1	lemma_3501|lemma_3503|lemma_3535|lemma_3538|lemma_3542	hie nicht kunde Bis czu			
suʒen	unmatched	1		vnd ir suʒen wort Der			
durchluchtigisten	unmatched	1		Und der durchluchtigisten sein Den			
schepfunge	unmatched	1		buche der schepfunge mit sulchen			
creauit	unmatched	1		IN principio creauit worten deus			
etterram	unmatched	1		deus celum etterram Terra autem			
vacua	unmatched	1		inanis et vacua et tenebre			
abyssi	unmatched	1		super faciem abyssi etspiritus domini			
etspiritus	unmatched	1		faciem abyssi etspiritus domini ferebatur			
ferebatur	unmatched	1		etspiritus domini ferebatur sup aquas			
sup	unmatched	1		domini ferebatur sup aquas Dixit			
aquas	unmatched	1		ferebatur sup aquas Dixit quoque			
quod esset bona	unmatched	1		vidit lucem quod esset bona = =			
vnnucz̆	unmatched	1		was aber vnnucz̆ vnd lere			
nan­te	unmatched	1		Und got nan­te das firmament			
Gebere	ambiguous	1	lemma_1953|lemma_1964	Und sprach Gebere die erde			
ŏpfeltragendes	unmatched	1		Und ein ŏpfeltragendes holcz vnd			
furbrachte	unmatched	1		allso Und furbrachte die erde			
in czeichen	unmatched	1		vnd sint in czeichen vnd in			
in tag	unmatched	1		czeit vnd in tag vnd in			
erleuchten	unmatched	1		firmament vnd erleuchten die erde			
furbrengen	unmatched	1		sprach got furbrengen die wasser			
waluische	unmatched	1		grose GENESIS waluische vnd alle			
furbrachten	unmatched	1		die do furbrachten die wasser			
furbrenge	unmatched	1		got sprach furbrenge die erde			
bilde;	unmatched	1		czu seinem bilde; czu gotes			
vnderwerft	unmatched	1		GENESIS vnd vnderwerft sie vnd			
brengent	unmatched	1		die do brengent samen vf			
Uolkvmen	unmatched	1		II CAPITULUM Uolkvmen sint dorumbe			
czirlichkeit	unmatched	1		alle ir czirlichkeit Und got			
volente	unmatched	1		Und got volente des sibenden			
geschepnusse	unmatched	1		sint die geschepnusse himels und			
entsprengte	unmatched	1		der erden entsprengte wenne got			
gereggent	unmatched	1		dennoch nicht gereggent hette auf			
ergiessende	unmatched	1		der erden ergiessende vber alle			
bilte	unmatched	1		erden Nu bilte dorumbe got			
blize	unmatched	1		erden vnd blize im in			
Gepflanczet	unmatched	1		lebendige sele Gepflanczet hett aber			
erfuchten	unmatched	1		der czu erfuchten das Das			
bedellium	unmatched	1		GENESIS man bedellium den edeln			
onichiun	unmatched	1		edeln stein onichiun Vnd der			
vmbfluzzet	unmatched	1		das do vmbfluzzet alle die			
mensschen	unmatched	1		herre den mensschen vnd satste			
satste	unmatched	1		mensschen vnd satste in in			
benante	unmatched	1		name Und benante alle tyr			
mennynne	unmatched	1		geheissen ein mennynne wenne sie			
arglistiger	unmatched	1		die was arglistiger allen tyren			
worvmbe	unmatched	1		dem weibe worvmbe hat euch			
anruren	unmatched	1		das nicht anruren das wir			
gelustig	unmatched	1		czu sehen gelustig vnd nam			
nakkent	unmatched	1		das si nakkent waren do			
bvnden	unmatched	1		waren do bvnden sie czusammen			
czusammen	unmatched	1		bvnden sie czusammen von feigbovm			
feigbovm	unmatched	1		czusammen von feigbovm laup vnd			
qwesten	unmatched	1		in do qwesten Und do			
Vorfluchet	unmatched	1		hast getan Vorfluchet wirstu sein			
sl=	unmatched	1		brust wirstu sl= slingen vnd			
slingen	ambiguous	1	lemma_5545|lemma_5546	wirstu sl= slingen vnd wirdest			
knullen	unmatched	1		wirt czu knullen dein houbt			
geberen	ambiguous	1	lemma_1954|lemma_1964	GENESIS wirdestu geberen deine svne			
Dŏrner	unmatched	1		deines lebens Dŏrner vnd disteln			
wierst	unmatched	1		tragen vnd wierst essen die			
sweisse	unmatched	1		In dem sweisse deines antlitczes			
antlitczes	unmatched	1		sweisse deines antlitczes wirstu essen			
rŏkke	unmatched	1		aus heuten rŏkke vnd tat			
kunnende	unmatched	1		aus vns kunnende gutes vnd			
stiesse	unmatched	1		Und aus stiesse in got			
fewrin	unmatched	1		vnd ein fewrin swert vnd			
reutling	unmatched	1		vnd einen reutling des weges			
schafhirte	unmatched	1		ein s schafhirte vnd ein			
fr	unmatched	1		von den fr fruchten der			
veistesten	unmatched	1		von iren veistesten Und vnser			
vorwandelte	unmatched	1		sein antlicze vorwandelte sich Und			
czornige	unmatched	1		Worumb bistu czornige Und worumb			
vorvellet	unmatched	1		Und worumb vorvellet dein antlicze			
nymestu	unmatched	1		tust das nymestu Ist das			
weiss	unmatched	1		antworte Ich weiss nicht herre			
hirtman	unmatched	1		meines bruders hirtman Und her			
schriet	ambiguous	1	lemma_5310|lemma_5318	deines bruders schriet zu mir			
vfgetan	unmatched	1		die do vfgetan hat iren			
munt	ambiguous	1	lemma_4250|lemma_4252	hat iren munt Vnd hat			
Uorfluchtig	unmatched	1		nicht geben Uorfluchtig vnd irre			
vordiene	unmatched	1		ich rewe vordiene Sich heute			
enpfinc	unmatched	1		wip di enpfinc vnd gebar			
herpfen	ambiguous	1	lemma_10196|lemma_2663	sungen vf herpfen vnd auf			
Sibenueldige	unmatched	1		meinem swerte Sibenueldige rache wirt			
czigstunt	unmatched	1		siben GENESIS czigstunt sibenstunt Und			
geberunge	unmatched	1		buch der geberunge in dem			
geberte	unmatched	1		iar vnd geberte einen svn			
enos	ambiguous	1	lemma_23305|lemma_38173	vnd geperte enos Und lebte			
fvne	unmatched	1		vnd geperte fvne vnd tochter			
achczick	unmatched	1		czwei vnd achczick iare vnd			
trosten	ambiguous	1	lemma_25896|lemma_6223	wirt vns trosten von den			
gerperte	unmatched	1		alt do gerperte er vnd			
iaphet	unmatched	1		er vnd iaphet UI CAPITULUM			
vorrmerten	unmatched	1		werlde die vorrmerten man Aber			
bŏsten	unmatched	1		zu dem bŏsten alle czeit			
zukvnft	unmatched	1		in die zukvnft vnd wart			
erden;	unmatched	1		antlicze der erden; von dem			
volkvmner	unmatched	1		vnd ein volkvmner man in			
vormeiliget	unmatched	1		gesehen das vormeiliget was die			
wonunglein	unmatched	1		gefugen hŏlczern wonunglein mache in			
innewendick	unmatched	1		smier sie innewendick vnd auswendig			
auswendig	unmatched	1		innewendick vnd auswendig Und allso			
Dreihundert	unmatched	1		mache sie Dreihundert dovmelen sol			
wert;	unmatched	1		seiten hinder wert; Muzheuser vnd			
Muzheuser	unmatched	1		hinder wert; Muzheuser vnd drilch			
gekamerte	unmatched	1		vnd drilch gekamerte heuser mache			
zufuren	unmatched	1		ich wil zufuren di wasser			
archen;	unmatched	1		in die archen; du vnd			
y̆ngeen	unmatched	1		yeclichem sulln y̆ngeen mit dir			
wil ich	unmatched	1		siben tage wil ich reggen auf			
gevŏggeln	unmatched	1		aus allen gevŏggeln vnd aus			
sibenczenden	unmatched	1		an dem sibenczenden tage des			
vorborgene	unmatched	1		vnd alle vorborgene schawer wasser			
gelide	ambiguous	1	lemma_3730|lemma_3797	In dem gelide des selben			
vligendes	unmatched	1		ein yeclichs vligendes noch seinem			
si und er	unmatched	1		eyngangen Sie si und er aus allem			
virczick	unmatched	1		ein flute virczick tage vnd			
hŏher	unmatched	1		das wasser hŏher vber die			
gevŏgils	unmatched	1		erden Des gevŏgils der tir			
behielden	unmatched	1		di wasser behielden die erde			
arch	ambiguous	1	lemma_272|lemma_282	Und die arch bestund in			
intruckenten	unmatched	1		die wasser intruckenten vf der			
geraste	unmatched	1		ir fuze geraste do karte			
vienck	unmatched	1		hant vnd vienck sie vnd			
sibentag	unmatched	1		dornach anderr sibentag vnd liesse			
ei¬	unmatched	1		abent tragende ei¬ nen holczweig			
holczweig	unmatched	1		ei¬ nen holczweig mit grunen			
vorname	unmatched	1		Do von vorname das auf			
getruckent	unmatched	1		des menedis getruckent was die			
roch	ambiguous	1	lemma_16892|lemma_31613|lemma_4901|lemma_4956|lemma_4957|lemma_63228	vnser herre roch den ruch			
vorrfluche	unmatched	1		nichte nicht vorrfluche ich furbas			
bŏzem	unmatched	1		herczens zu bŏzem geneiget sint			
sehens	ambiguous	1	lemma_10366|lemma_8679	der erden sehens vnd sneidens			
sneidens	unmatched	1		sehens vnd sneidens kelde vnd			
reget	unmatched	1		das sich reget vnd lebt			
brvders	unmatched	1		vnd seines brvders wil ich			
vŏgeln	unmatched	1		wol in vŏgeln als in			
reisende	unmatched	1		flut zu reisende die erde			
vberczihe	unmatched	1		wenne ich vberczihe mit IX			
cap	unmatched	1		mit IX cap ̄ GENE			
̄	unmatched	1		IX cap ̄ GENE wolken			
voRwar	ambiguous	1	lemma_7014|lemma_8989	vnd vnd voRwar ist ein			
Uorflucht	unmatched	1		sprache her Uorflucht sei das			
Breite	ambiguous	1	lemma_846|lemma_847	sein knecht Breite got vnd			
grŏsseren	unmatched	1		bruder des grŏsseren Dicz sint			
geslechtwn	unmatched	1		in iren geslechtwn Dicz ist			
flūte	unmatched	1		noch der flūte CAPITULUM XI			
Absteig	unmatched	1		alle erden Absteig aber vnser			
bauten	unmatched	1		den do bauten die kinder			
enlasen	unmatched	1		angehaben noch enlasen nicht von			
strew̆te	unmatched	1		danne zu strew̆te sie vnser			
dreissic	unmatched	1		er geperte dreissic vnd virhundert			
achtczehn	unmatched	1		hundert vnd achtczehn iare vnd			
hausvrov	unmatched	1		der name hausvrov was Und			
melcha	unmatched	1		vaters vnd melcha vnd des			
grŏsen	unmatched	1		vnd wil grŏsen deinen namen			
aufganck	unmatched	1		der svnnen aufganck vnd stifte			
gestweise	unmatched	1		were aldo gestweise wenne der			
hausvrow̆	unmatched	1		vnd sein hausvrow̆ vnd alles			
feuchtet	unmatched	1		gar durch feuchtet wart e			
ýeclicher	unmatched	1		ein ander ýeclicher von seinem			
gegnŏten	unmatched	1		in den gegnŏten bei dem			
Dorūmbe	unmatched	1		sie geben Dorūmbe bewegte sein			
leimbrvnne	unmatched	1		hette vil leimbrvnne Und also			
entran	ambiguous	1	lemma_1465|lemma_1470	einer der entran vnd kundigte			
amorrers	unmatched	1		tal des amorrers vnd bruder			
Slahunge	unmatched	1		von der Slahunge Vnd der			
geschep	unmatched	1		do hat geschep ESIS fet			
fet	unmatched	1		geschep ESIS fet himel vnd			
besitczer	unmatched	1		der ein besitczer ist des			
schaffers	unmatched	1		meines houses schaffers svn ist			
turckel	unmatched	1		sei ein turckel touben vnd			
vŏgil	unmatched	1		Aber die vŏgil teilte er			
vorvleugte	unmatched	1		as vnd vorvleugte sie vnd			
vndergieng	unmatched	1		die svnne vndergieng do vil			
vndergienge	unmatched	1		ein vinstere vndergienge yn vnd			
vorenlenden	unmatched	1		samen sich vorenlenden wirt in			
vnderwerfen	unmatched	1		zu dienste vnderwerfen vnd wirt			
vsczihen	unmatched	1		werden sie vsczihen mit grosem			
rauchender	unmatched	1		erscheine ein rauchender bakouen Und			
teilungen	unmatched	1		czwisschen den teilungen An dem			
Saray	unmatched	1		I CAPITULUM Saray do von			
meit	ambiguous	1	lemma_3926|lemma_4112	GENE egiptische meit die hiesse			
eýn	unmatched	1		gepern Gee eýn czu meiner			
vorsmehnusse	unmatched	1		mich in vorsmehnusse Richte got			
Richte	ambiguous	1	lemma_4875|lemma_4912|lemma_4913	in vorsmehnusse Richte got czwischen			
gebruche	unmatched	1		deiner hant gebruche ir als			
kvmestu	unmatched	1		mait wanne kvmestu oder wo			
demutige	unmatched	1		SIS vnd demutige dich vnder			
vormenige	unmatched	1		geczalt werden vormenige Und sprach			
betrubnusse	unmatched	1		hat dein betrubnusse Dieser wirt			
grymmiger	unmatched	1		wirt ein grymmiger mensche sein			
Sechsvndnevnczig	unmatched	1		seinen namen Sechsvndnevnczig iar alt			
grŏslich	unmatched	1		dich wachsende grŏslich vnd wil			
pilgereinunge	unmatched	1		erden deiner pilgereinunge alle die			
dor̆umbe	unmatched	1		Vnd du dor̆umbe wirst behuten			
entspreissen	unmatched	1		volkes werden entspreissen vz im			
wenestu	unmatched	1		seynem herczen wenestu das dem			
nevnczic	unmatched	1		geborn vnd nevnczic iar alt			
vorschame	unmatched	1		vleisch irr vorschame Czu hant			
funden habe	unmatched	1		ich genade funden habe in deinen			
furgee	unmatched	1		ougen nicht furgee deinen diener			
fūrbas	unmatched	1		dornach geet fūrbas Wenne worumbe			
mische	ambiguous	1	lemma_19436|lemma_4138	Eile vnd mische drei maz			
maz	ambiguous	1	lemma_11184|lemma_3913|lemma_4031|lemma_4110	mische drei maz semel meles			
geczeltes	unmatched	1		tur des geczeltes wenne sie			
vnmugliche	unmatched	1		ichtes icht vnmugliche Noch dem			
loukente	unmatched	1		svn Nu loukente = vnd			
beleitende	unmatched	1		mit in beleitende sie Und			
zufure	unmatched	1		so das zufure der herre			
tŏtest	unmatched	1		das du tŏtest den gerechten			
vngerechte	unmatched	1		als der vngerechte Das ist			
vrteilet	unmatched	1		der do vrteilet alle werlt			
funfer	unmatched	1		Ist das funfer mynner sint			
vnmut	unmatched	1		Nicht habe vnmut sprach er			
dreisick	unmatched	1		do vinde dreisick Wenne zu			
czurnest	unmatched	1		du nichte czurnest ob ich			
tustv	unmatched	1		spreche Was tustv denne ob			
osterspeise	unmatched	1		kochte in osterspeise vnd sie			
vmblegten	unmatched	1		stat vnd vmblegten das hous			
Herous	unmatched	1		sie erkennen Herous gieng zu			
gebruchet	unmatched	1		euch vnd gebruchet der wie			
Eyngegangen	unmatched	1		sprachen sie Eyngegangen bistu als			
oussen	unmatched	1		die dort oussen waren slugen			
eidemen	unmatched	1		zu seinen eidemen die do			
Steet	unmatched	1		vnd sprach Steet ouf vnd			
vorsahen	unmatched	1		vnd sie vorsahen sich des			
schimpfte	unmatched	1		als er schimpfte mit in			
gegrŏzet	unmatched	1		vnd hast gegrŏzet dein barmherczicheit			
heiltest	unmatched	1		das du heiltest mein sele			
grunte	unmatched	1		das do grunte in dem			
vfsteigen	unmatched	1		Und sach vfsteigen die vseln			
vseln	unmatched	1		vfsteigen die vseln von der			
rauch	ambiguous	1	lemma_31613|lemma_4990	als einen rauch von einem			
vmbkerunge	unmatched	1		von der vmbkerunge der stete			
Kume	ambiguous	1	lemma_3400|lemma_3494	aller werld Kume dan mache			
grŏsere	unmatched	1		Vnd die grŏsere gienk ein			
dez	ambiguous	1	lemma_1119|lemma_8030	stund Und dez andern tages			
grosere	unmatched	1		sprach die grosere zu der			
gr̆osere	unmatched	1		gepar die gr̆osere einen svn			
suden	unmatched	1		lant gegen suden vnd wonte			
svndigest	unmatched	1		du icht svndigest in mich			
. XX . c	unmatched	1		pzde toho . XX . c GENE Nu			
werlich	ambiguous	1	lemma_7356|lemma_7493	housvrowe Und werlich aber sie			
sloyer	unmatched	1		- einem sloyer deiner ougen			
hŏrt	unmatched	1		wer das hŏrt der wirt			
lachen	ambiguous	1	lemma_17108|lemma_18926|lemma_18929|lemma_3571	der wirt lachen mit mir			
seugte	unmatched	1		des das seugte einen svn			
entwenung	unmatched	1		tage seiner entwenung Vnd do			
Hertlich	unmatched	1		meinem svne Hertlich enpfieng das			
vorczerten	unmatched	1		do sie vorczerten das wasser			
geschiessen	unmatched	1		bogen mag geschiessen wenne sie			
wustnusse	unmatched	1		in der wustnusse vnd wart			
schutcze	unmatched	1		ein iunger schutcze vnd wonte			
ochozat	unmatched	1		sein eidem ochozat vnd sein			
schadest	unmatched	1		mir ichte schadest vnd meinen			
tan	ambiguous	1	lemma_6018|lemma_6301	hat ge tan sunder vnd			
ochozath	unmatched	1		stund vnd ochozath sein eidem			
philistischen	unmatched	1		bovman der philistischen erden vil			
hovfen	unmatched	1		ouf den hovfen des holczes			
derwischte	unmatched	1		hant vnd derwischte das swert			
entv	unmatched	1		kint noch entv im nichtes			
dornech	unmatched	1		dem pusch dornech hangen mit			
angeczun	unmatched	1		in ganczem angeczun ESIS ten			
sẹị́den	unmatched	1		Und nante sẹị́den namen der			
gebotschepft	unmatched	1		do wart gebotschepft so das			
vvon	unmatched	1		ouf gestund vvon dem ampte			
beigrafte	unmatched	1		recht der beigrafte mit euch			
begrebst	unmatched	1		seinem grabe begrebst du in			
eusersten	unmatched	1		an dem eusersten teil seines			
vmbsteunge	unmatched	1		in der vmbsteunge des volkes			
begrab	unmatched	1		vnd also begrab ich meinen			
schot	ambiguous	1	lemma_5291|lemma_5292	hundert silbereiner schot scot wert			
scoth	unmatched	1		Uier hundert scoth silbereiner vnd			
vorsuchter	unmatched	1		silbereiner vnd vorsuchter offenbarr mvncze			
offenbarr	unmatched	1		vnd vorsuchter offenbarr mvncze Und			
mvncze	unmatched	1		vorsuchter offenbarr mvncze Und bestetigt			
vn̄	unmatched	1		die gruft vn̄ alle sein			
bŏvme	unmatched	1		alle sein bŏvme in allen			
abraamen	unmatched	1		dem vmbringe abraamen zu einer			
houseˢ	unmatched	1		knechte seines houseˢ SIS der			
vormvnd	unmatched	1		der do vormvnd was alles			
getranck	ambiguous	1	lemma_6175|lemma_6207	do er getranck do sprach			
gelucklich	unmatched	1		vnser herre gelucklich het seinen			
futers	unmatched	1		mer Und futers vnd hew̆es			
hew̆es	unmatched	1		futers vnd hew̆es ist zu			
hof	ambiguous	1	lemma_13469|lemma_2688|lemma_2886|lemma_51143	ein weiter hof zu bleiben			
abgebrochen	unmatched	1		der nicht abgebrochen hat sein			
gleiches	unmatched	1		vnd mich gleiches weges hat			
steestu	unmatched	1		herren worumb steestu hie vor			
houˢ	unmatched	1		bereitet das houˢ vnd die			
entsatilte	unmatched	1		herwerge vnd entsatilte die camelen			
heymelichen	unmatched	1		mir selben heymelichen wandelte do			
trinkken	unmatched	1		ein wenig trinkken Und sie			
trenckte	unmatched	1		tranck ouch trenckte sie die			
serm	unmatched	1		vn GEN serm herren got			
gliches	unmatched	1		der mich gliches weges hat			
wier	ambiguous	1	lemma_25294|lemma_47631|lemma_7643|lemma_9079	dise rede wier mugen nicht			
meýnem	unmatched	1		czihe zu meýnem herren Do			
delboram	unmatched	1		sein geselschafft delboram vnd wunschten			
besitcze	unmatched	1		tousent vnd besitcze dein same			
bedechte	unmatched	1		er sichs bedechte ouf dem			
hulte	unmatched	1		mantil vnd hulte sich Aber			
gelindet	unmatched	1		von wart gelindet etcetera XXV			
volfurter	unmatched	1		mit wol volfurter czeit und			
benentnussen	unmatched	1		in iren benentnussen vnd in			
casteln	unmatched	1		in irn casteln vnd in			
leidigten	unmatched	1		irm leibe leidigten sich an			
zukunf	unmatched	1		es also zukunf SIS tig			
tig	unmatched	1		zukunf SIS tig was wor			
enpfahens	unmatched	1		ist denne enpfahens notdurft gewesen			
czwinlingel	unmatched	1		secht czwei czwinlingel wurden in			
rouhes	unmatched	1		als ein rouhes vel vnd			
Sechczic	unmatched	1		sie in Sechczic iar alt			
gewuchsen	unmatched	1		die nv gewuchsen do ward			
Uorkoufe	unmatched	1		so sprach Uorkoufe mir dein			
mus	ambiguous	1	lemma_4222|lemma_4238|lemma_4261	das linsen mus vnd as			
ringewegende	unmatched	1		gink hin ringewegende das er			
vnfruchbercheit	unmatched	1		noch der vnfruchbercheit die do			
geheis	unmatched	1		behutet mein geheis vnd meyn			
ermorten	unmatched	1		leichte icht ermorten durch irr			
veldige	unmatched	1		iare hundert veldige frucht Und			
vorfulten	unmatched	1		gegraben die vorfulten sie im			
vorhet	unmatched	1		sein vater vorhet genant Und			
leidigte	unmatched	1		dich icht leidigte sunder mit			
gasen	unmatched	1		do sie gasen vnd getruncken			
vorserten	unmatched	1		alle beide vorserten vnd betrubten			
vortunkelt	unmatched	1		waren im vortunkelt vnd mochte			
getreist	unmatched	1		hin ein getreist vnd er			
czicklein	unmatched	1		von den czicklein stalte sie			
blŏse	unmatched	1		vnd die blŏse des halses			
sitcze	unmatched	1		ouf vnd sitcze vnd is			
mochtestu	unmatched	1		svne Wie mochtestu das also			
greife	unmatched	1		dich an greife meyn svn			
brufe	unmatched	1		das ich brufe ob du			
beczeichenten	unmatched	1		svnes gleichnusse beczeichenten Nu gesegente			
getrank	unmatched	1		Do er getrank do sprach			
zusen	unmatched	1		des gewandes zusen ruch do			
taw̆	unmatched	1		von dem taw̆ des himels			
ŏles	unmatched	1		weines vnd ŏles vnd die			
peten	ambiguous	1	lemma_621|lemma_722	geslecht an peten dich vnd			
Kovm	unmatched	1		segen erfullet Kovm hete seine			
bistus	ambiguous	1	lemma_8005|lemma_8006	im Wer bistus ̃ Er			
erschrecksal	unmatched	1		mit grosem erschrecksal vnd mere			
quemest	unmatched	1		e du quemest Und ich			
geczukt	unmatched	1		mir velschlich geczukt meinen segen			
czeuh	unmatched	1		ouf vnd czeuh vnd fleuch			
vorgesse	unmatched	1		vngunst Und vorgesse des das			
vordreuset	unmatched	1		zu Mich vordreuset meines lebens			
tern	unmatched	1		XXVIII GENE tern deines ŏhems			
volkkes	unmatched	1		scharen des volkkes vnd gebe			
pilgereimvnge	unmatched	1		erden deiner pilgereimvnge die er			
gehorcht	unmatched	1		das het gehorcht dem vater			
gern	ambiguous	1	lemma_2174|lemma_2175|lemma_25749	vater nicht gern an sehe			
vor hette	unmatched	1		die er vor hette tochter abrahams			
slefest	unmatched	1		der du slefest die wil			
huter	unmatched	1		wil dein huter sein wo			
anczihe	unmatched	1		das ich anczihe vnd das			
geluclichen	unmatched	1		wider kvme geluclichen zu dem			
bedacket	unmatched	1		brvnne was bedacket mit einem			
gesamten	unmatched	1		alle dar gesamten so wegten			
trenkten	unmatched	1		brvnne vnd trenkten die schaf			
getrencken	unmatched	1		die schaf getrencken Und noch			
blŏde	unmatched	1		hete aber blŏde vnd trifende			
trifende	unmatched	1		blŏde vnd trifende ougen was			
schonerr	unmatched	1		was aber schonerr gestalt vnd			
ersamers	unmatched	1		gestalt vnd ersamers angesichtes Die			
gewŏnlichen	unmatched	1		het als gewŏnlichen ist Und			
hochczit	unmatched	1		zu der hochczit Erfulle die			
Erfulle	unmatched	1		der hochczit Erfulle die tage			
zulegunge	unmatched	1		wochen diser zulegunge Und vber			
zulegen	unmatched	1		geben vnd zulegen Umb ein			
entslos	unmatched	1		vorsmehte do entslos er iren			
demuticheit	unmatched	1		gesehen mein demuticheit Nu wirt			
voreinen	unmatched	1		mit mir voreinen do von			
loben	ambiguous	1	lemma_3830|lemma_3849	bekennen vnd loben vnsern herren			
neit	ambiguous	1	lemma_4348|lemma_4350|lemma_4377	was vnd neit ir swester			
czorniclich	unmatched	1		antworte ir czorniclich vnd sprach			
beravbet	unmatched	1		der dich beravbet hat der			
bouchs	unmatched	1		fruchte deines bouchs Und sie			
erhŏret	unmatched	1		hat mich erhŏret vnd hat			
Gleichet	unmatched	1		den sprach Gleichet hat mich			
snite	ambiguous	1	lemma_5594|lemma_5595	in dem snite des weiczes			
Gnade	ambiguous	1	lemma_2110|lemma_2111	zu im Gnade muz ich			
muz	ambiguous	1	lemma_4222|lemma_4226|lemma_4238	im Gnade muz ich vinden			
bequemliche	unmatched	1		wenne ein bequemliche czeit kvmt			
deubstrafe	unmatched	1		fleckecht do deubstrafe mich vmbe			
sunderte	unmatched	1		bitest Und sunderte des selben			
swarczer	unmatched	1		weisser vnd swarczer wolle die			
albereine	unmatched	1		dorumbe nam albereine gerten grune			
mandeleine	unmatched	1		grune vnd mandeleine vnd ohorneine			
ohorneine	unmatched	1		mandeleine vnd ohorneine vnd eines			
schelte	ambiguous	1	lemma_5201|lemma_5203|lemma_5204	eines teiles schelte her sie			
geczoch	unmatched	1		rinden ab geczoch do schinen			
vngeschelet	unmatched	1		aber noch vngeschelet was das			
fleckechte	unmatched	1		geperten alle fleckechte schaf vnd			
zulas	unmatched	1		der spete zulas was vnd			
spetlingen	unmatched	1		das die spetlingen waren vnd			
czehenstunt	unmatched	1		meinen lon czehenstunt gewandilt Und			
mar	ambiguous	1	lemma_10906|lemma_4034	steigen die mar ouf dise			
mancherleie	unmatched	1		do waren mancherleie vnd fleckecht			
vbriges	unmatched	1		wir mere vbriges von dem			
stal	ambiguous	1	lemma_5717|lemma_5721|lemma_5749	vnd die stal ires vaters			
gepotscheft	unmatched	1		Do wart gepotscheft herren an			
sern	unmatched	1		vn GENE sern herren Hute			
gevarn	ambiguous	1	lemma_2295|lemma_2296|lemma_6761	hastu also gevarn das du			
treibest	unmatched	1		mir vorholn treibest weck meine			
poucken	unmatched	1		vnd mit poucken vnd mit			
harpfen	ambiguous	1	lemma_10196|lemma_2663	vnd mit harpfen Du hast			
gehengit	unmatched	1		hast nicht gehengit das ich			
Tŏrlichen	unmatched	1		meine tochter Tŏrlichen hastu getan			
begertest	unmatched	1		Do du begertest zu den			
deupstrafest	unmatched	1		mich aber deupstrafest Bei welchem			
Suche	ambiguous	1	lemma_11369|lemma_5903	vnsern brudern Suche was du			
enwost	unmatched	1		Das sprechende enwost er nicht			
suchens	unmatched	1		sorge meines suchens GENE Und			
vnmutig	unmatched	1		Und wart vnmutig vnd sprach			
czukten	unmatched	1		die wolf czukten hab ich			
Uirczehen	unmatched	1		dir gedienet Uirczehen iar vmbe			
Tŏchter	unmatched	1		antworte im Tŏchter vnd kinder			
geczeuges	unmatched	1		Grap des geczeuges Und sprach			
vbirtrittest	unmatched	1		Oder du vbirtrittest mir gedenckende			
meinen herren	unmatched	1		zu dir meinen herren also das			
yordan	unmatched	1		vbir disen yordan vnd nv			
Erlŏse	unmatched	1		her wider Erlŏse herre mich			
bŏcke	unmatched	1		vnd czweinczig bŏcke Czweihundert vnd			
Czweihundert	unmatched	1		czweinczig bŏcke Czweihundert vnd czweinczig			
Sougende	unmatched	1		czweinczig wider Sougende camelen mit			
keuchlein	unmatched	1		mit iren keuchlein dreissick Uierczig			
Uierczig	unmatched	1		keuchlein dreissick Uierczig ku vnd			
den herden, sprechend	unmatched	1		noch volgten den herden, sprechend Semliche wort			
frve	unmatched	1		her gar frve was ouf			
gefurte	unmatched	1		das vber gefurte das zu			
ranck	unmatched	1		ein man ranck mit im			
suchestu	unmatched	1		antworte Worczu suchestu meinen namen			
huffalczte	unmatched	1		Her vorwar huffalczte mit dem			
nehnte	unmatched	1		zu im nehnte sein bruder			
vmbehalste	unmatched	1		enkegen vnd vmbehalste in vnd			
kniten	unmatched	1		kinder vnd kniten vor in			
pit dich	unmatched	1		mein bruder pit dich sunder hab			
Kovme	unmatched	1		alle dinck Kovme betwang in			
vlehende	unmatched	1		der bruder vlehende Und er			
mecklich	unmatched	1		wil volgen mecklich noch seinem			
an dem selben wege	unmatched	1		selben tages an dem selben wege hin wider			
bowte	unmatched	1		gegen Und bowte do ein			
"vnd nante der selben stat namen Sochot
                           das ist geczelt"	unmatched	1		"seine geczelt vnd nante der selben stat namen Sochot
                           das ist geczelt vnd czoch"			
gegnŏt	unmatched	1		bei der gegnŏt vnd koufte			
gestakt	unmatched	1		dem er gestakt hette die			
beschowte	unmatched	1		das sie beschowte die vrowen			
euei	unmatched	1		die ersach euei svn der			
czuckte	unmatched	1		haben vnd czuckte sie vnd			
troste	ambiguous	1	lemma_6221|lemma_6223	suzer rede troste her sie			
vnczimlichs	unmatched	1		hette ein vnczimlichs werck begangen			
anhengit	unmatched	1		svnes sele anhengit ewer tochter			
brawtschaft	unmatched	1		ein ander brawtschaft Ew̆er tŏchter			
bow̆t	unmatched	1		ewerr gewalt bow̆t sie vnd			
koufslagit	unmatched	1		sie vnd koufslagit Und besitczet			
besitczet	unmatched	1		koufslagit Und besitczet sie Sunder			
noczogin	unmatched	1		vmb das noczogin ir swester			
gefrunden	unmatched	1		wir vns gefrunden mit euch			
iungelinck	unmatched	1		noch der iungelinck vor czoch			
friedsam	unmatched	1		die sint friedsam vnd wŏllen			
koufslagen	unmatched	1		vns Sie koufslagen in der			
uolk	unmatched	1		den ein uolk Nu volgten			
kvnlich	unmatched	1		die stat kvnlich vnd erslugen			
noczogens	unmatched	1		rache des noczogens Ire schaf			
czŏrniclichen	unmatched	1		Do sprach czŏrniclichen czu vnd			
gehessick	unmatched	1		habt mich gehessick gemachet den			
sold	ambiguous	1	lemma_5608|lemma_5609	Nu wie sold her gebrouchen			
vlohst	unmatched	1		do du vlohst deinen bruder			
Werft	unmatched	1		vnd sprach Werft von euch			
betrubnuss	unmatched	1		tage meiner betrubnuss vnd was			
vmbligenden	unmatched	1		die ł vmbligenden stete das			
dorvm	unmatched	1		weck czogen dorvm quam gegen			
stackte	unmatched	1		fur vnd stackte aldo sein			
vnvorswigen	unmatched	1		im nicht vnvorswigen Aber der			
Selphe	unmatched	1		Die kinder Selphe der meide			
achtczig	unmatched	1		iar vnd achtczig iar vnd			
euehers	unmatched	1		svnes des euehers Und die			
thamma	unmatched	1		ein slafweip thamma die geperte			
erstgebornes	unmatched	1		svne des erstgebornes svnes Der			
†lantmannes†	unmatched	1		horren des †lantmannes† der selben			
geherscht	unmatched	1		die do geherscht han in			
reichende	unmatched	1		w wart reichende der svn			
gepitunge;	unmatched	1		erden irr gepitunge; das ist			
seýnen	unmatched	1		schaf mit seýnen brudern noch			
besagte	unmatched	1		Und her besagte seine bruder			
gemengtin	unmatched	1		im einen gemengtin rock von			
sehunge	unmatched	1		neides groste sehunge Und her			
vmbsteende	unmatched	1		ewer garben vmbsteende an beten			
neide	ambiguous	1	lemma_4348|lemma_4350	vnd irem neide Einen andern			
silnde	unmatched	1		wech GENE silnde wider ein			
trovmer	unmatched	1		Secht der trovmer der kumet			
den geenckelten vnd	unmatched	1		im abe den geenckelten vnd den gemengten			
gemengten	unmatched	1		den geenckelten vnd den gemengten ł SIS			
weguertige	unmatched	1		sahen sie weguertige komen von			
mýrren	unmatched	1		harcz vnd mýrren gegen Dorumbe			
vromet	unmatched	1		brudern was vromet vns ist			
czohen	unmatched	1		rede vnd czohen in ous			
furgeenden	unmatched	1		vnd den furgeenden den koufleuten			
koufleuten	unmatched	1		furgeenden den koufleuten vorkouften sie			
tvnkten	unmatched	1		v vnd tvnkten den in			
beweinende	unmatched	1		herein gewant beweinende seynen svn			
besamten	unmatched	1		czeit Nu besamten sich zu			
senften	ambiguous	1	lemma_5404|lemma_5408	das sie senften des vaters			
absteigen	unmatched	1		Ich wil absteigen zu meinem			
odollamitischen	unmatched	1		zu einem odollamitischen manne der			
erwekkest	unmatched	1		das du erwekkest einen samen			
vorgos	unmatched	1		slafen vnd vorgos den samen			
erflug	unmatched	1		Und dorumbe erflug in vnser			
gewechset	unmatched	1		mein svn gewechset wenne er			
scherern	unmatched	1		zu den scherern seiner schaf			
odollamite	unmatched	1		vnd der odollamite der schafmeister			
schafmeister	unmatched	1		odollamite der schafmeister seiner hert			
witwetums	unmatched	1		gewant des witwetums vnd nam			
wandilte	unmatched	1		vnd SIS wandilte ir geperde			
steiges	unmatched	1		an des steiges wegscheide do			
vorhutert	unmatched	1		ir ougen vorhutert das man			
erkente	unmatched	1		sie nicht erkente Nu ł			
beislafens	unmatched	1		gebrouchest meines beislafens Her sprach			
gesendest	unmatched	1		mir das gesendest das du			
pfande	ambiguous	1	lemma_4624|lemma_4632	gebe zu pfande ̃ Und			
beislafen	unmatched	1		mit einem beislafen enpfienk das			
witwetum	unmatched	1		an ir witwetum gewant GENE			
odollamiten	unmatched	1		bei dem odollamiten so das			
lugstrafen	unmatched	1		doch nicht lugstrafen ich hab			
Gevnkeuscht	unmatched	1		man sprechende Gevnkeuscht hat dein			
vorbrue	unmatched	1		man sie vorbrue Do man			
pein	ambiguous	1	lemma_4664|lemma_471	zu der pein Do sante			
czwiling	unmatched	1		do erscheinen czwiling in irem			
netcze	unmatched	1		dich das netcze Und vmbe			
tuchil	unmatched	1		das rote tuchil was; den			
was;	unmatched	1		rote tuchil was; den nante			
purckherr	unmatched	1		koufte der purckherr der hermeister			
egiptisch	unmatched	1		hermeister ein egiptisch man ous			
schŏnes	unmatched	1		aber was schŏnes antliczes vnd			
czirlicher	unmatched	1		antliczes vnd czirlicher angesicht Und			
svnderliches	unmatched	1		werkis hette svnderliches vnd heimliches			
heimliches	unmatched	1		svnderliches vnd heimliches zu schicken			
slicze	unmatched	1		bei dem slicze des mantels			
slife	unmatched	1		bei mir slife vnd do			
geloubens	unmatched	1		geczeugnusse ires geloubens den behabten			
hebraische	unmatched	1		mir der hebraische knecht den			
vorspotte	unmatched	1		er mich vorspotte Und do			
vorslozzen	unmatched	1		er ynne vorslozzen Aber vnser			
kerckers	unmatched	1		fursten des kerckers der gab			
svndigten	unmatched	1		vnd diener svndigten der schencke			
kvnigis	unmatched	1		schencke des kvnigis zu egipten			
pecke	unmatched	1		vnd der pecke irem herren			
geuangen	unmatched	1		ouch den geuangen diente Eczliche			
Eczliche	unmatched	1		geuangen diente Eczliche czeit gienk			
ouslegung in	unmatched	1		einer bequemlichen ouslegung in Czu den			
trourig	unmatched	1		vil GENE trourig Do vragte			
ouslege	unmatched	1		vns sie ouslege Und der			
gemehlich	unmatched	1		wurffen ous gemehlich loup vnd			
czeitigen	unmatched	1		die weintrouben czeitigen Und den			
ratest	unmatched	1		das du ratest SIS gutlichen			
deuplichn	unmatched	1		ich bin deuplichn ab getragen			
vnschuldiclichen	unmatched	1		Und hie vnschuldiclichen in den			
vornvnfticlichn	unmatched	1		den trovm vornvnfticlichn hett entslossen			
entslossen	unmatched	1		vornvnfticlichn hett entslossen vnd sprach			
obriste	unmatched	1		der allir obriste tragen allirlei			
bakwerk	unmatched	1		machet ous bakwerk vnd sach			
kreucz	unmatched	1		an ein kreucz hengen vnd			
gepurtliche	unmatched	1		was der gepurtliche tack hern			
schenkin	ambiguous	1	lemma_5206|lemma_5208	an der schenkin meister vnd			
galgin	unmatched	1		an den galgin so das			
gase	unmatched	1		ergangen vor gase seines troumes			
ICAPITULUM	unmatched	1		troumes ouslegers ICAPITULUM nOch czwein			
nOch	ambiguous	1	lemma_14402|lemma_4281|lemma_4415	ouslegers ICAPITULUM nOch czwein iaren			
hulbigen	unmatched	1		weide an hulbigen steten Und			
oufstunden	unmatched	1		siben ochsen oufstunden ous dem			
vngenemer	unmatched	1		wasser gar vngenemer vnd vorkrankt			
vorkrankt	unmatched	1		vngenemer vnd vorkrankt an durre			
grvnen	unmatched	1		wassers an grvnen vnd an			
fruchtbern	unmatched	1		vnd an fruchtbern stetin vnd			
wunderschŏne	unmatched	1		veiste vnd wunderschŏne waren Nu			
laden	ambiguous	1	lemma_3572|lemma_3573	vnd hies laden die zu			
ouslegte	unmatched	1		im den ouslegte Und zu			
schenkken	unmatched	1		leczten der schenkken meister gedachte			
beweist	unmatched	1		dinge zukunft beweist Ich wart			
wandilten	unmatched	1		vnd ł wandilten im seine			
ouslegen	unmatched	1		gar weislichen ouslegen antworte An			
abrupften	unmatched	1		die grvne abrupften Und sich			
ŏchsen	unmatched	1		ander siben ŏchsen gar vngestalterr			
vngestalterr	unmatched	1		ŏchsen gar vngestalterr vnd magerr			
magerr	unmatched	1		vngestalterr vnd magerr das ich			
vngestalter	unmatched	1		ich ny vngestalter in lande			
vnvletikeit	unmatched	1		in sulcher vnvletikeit vnd magerheit			
magerheit	unmatched	1		vnvletikeit vnd magerheit also vorsochten			
vorsochten	unmatched	1		magerheit also vorsochten sie vnd			
dorten	unmatched	1		sie vnd dorten Nu erwachte			
entsliessen	unmatched	1		den nicht entsliessen antworte Des			
fruchbere	unmatched	1		eher siben fruchbere iar sint			
syn	ambiguous	1	lemma_1517|lemma_5432|lemma_5484	behalten einen syn Und siben			
cranke	unmatched	1		Und siben cranke ochsen vnd			
magre	unmatched	1		ochsen vnd magre die do			
winden	ambiguous	1	lemma_42396|lemma_7630|lemma_7631|lemma_7638	mit durren winden erslagen sint			
denunge	unmatched	1		or GENE denunge werden volbracht			
teure	unmatched	1		ander siben teure iare vnd			
vnfruchtbere	unmatched	1		iare vnd vnfruchtbere vnd also			
Uorczern	unmatched	1		vnd genuge Uorczern wirt der			
vornunftigen	unmatched	1		einen steten vornunftigen vnd secze			
fruchtberen	unmatched	1		siben guten fruchtberen iaren die			
zukvnftig	unmatched	1		die nv zukvnftig sint sammen			
teuren	unmatched	1		zukunftigen siben teuren iaren die			
derbe	unmatched	1		icht vor derbe daz lant			
gevile	unmatched	1		hunger Nu gevile der rat			
etwenn̆	unmatched	1		Muge wir etwenn̆ vinden einen			
sneweissen	unmatched	1		mit einem sneweissen seideinen gewande			
golnir	unmatched	1		ein guldein golnir vmb seinen			
butil	unmatched	1		schreien einen butil das sie			
gleichet	unmatched	1		des meres gleichet Und die			
vbirwunne	unmatched	1		Und die vbirwunne vbir trat			
Uorgessen	unmatched	1		namen sprechende Uorgessen hat mich			
wachssende	unmatched	1		her sprechende wachssende hat mich			
genugsamkeit	unmatched	1		iare der genugsamkeit die do			
kouffen	unmatched	1		czogen zu kouffen wenne hunger			
hertlicher	unmatched	1		er in hertlicher zu vnd			
Wanne	ambiguous	1	lemma_5933|lemma_9209	SIS sie Wanne seit ir			
besehet	unmatched	1		Das ir besehet die vnbewarten			
vnbewarten	unmatched	1		besehet die vnbewarten slos des			
landes;	unmatched	1		slos des landes; dorumb seit			
eins	ambiguous	1	lemma_1331|lemma_1336	sei wir eins mannes kinder			
vngemaurten	unmatched	1		anders Die vngemaurten stete diser			
gebrufe	unmatched	1		bis ich gebrufe was ir			
gekouffet	unmatched	1		das ir gekouffet habt in			
geprufen	unmatched	1		rede war geprufen muge das			
schulden	ambiguous	1	lemma_5332|lemma_5336	Uon rechten schulden leide wir			
heimlichen	ambiguous	1	lemma_2714|lemma_58908	sein diener heimlichen das sie			
weicze	unmatched	1		secke mit weicze vnd das			
czeren	unmatched	1		zu vor czeren Die taten			
Waz	ambiguous	1	lemma_5941|lemma_7343|lemma_7505	sprachen wechsilnde Waz ist nv			
vorretnusse	unmatched	1		keiner hand vorretnusse C Czwelf			
minnest	ambiguous	1	lemma_4133|lemma_4134	vns Der minnest ist bei			
prufe	unmatched	1		Also GENE prufe ich euch			
Ew̆err	unmatched	1		fridsam seit Ew̆err bruder einen			
cziht	unmatched	1		notdurft vnd cziht hin vnd			
Ane	ambiguous	1	lemma_13|lemma_199|lemma_210	alle sprach Ane kinder macht			
vert	ambiguous	1	lemma_15623|lemma_6761|lemma_6763|lemma_6913	icht wider vert in der			
czerten	unmatched	1		vor SIS czerten die spise			
beschow̆et	unmatched	1		eides Ir beschow̆et nicht mein			
vngemache	unmatched	1		Czu meinem vngemache habt ir			
ŏrdenlich	unmatched	1		vragte vns ŏrdenlich noch ein			
gevorschet	unmatched	1		vnd er gevorschet hett Nu			
vorczihenusse	unmatched	1		nicht das vorczihenusse hie czwischen			
stackt	unmatched	1		dem bovme stackt die tropfen			
storar	unmatched	1		dem bovme storar das ous			
terevent	unmatched	1		dem bovme terevent Und ein			
mandelfrucht	unmatched	1		honigs vnd mandelfrucht Und czwiualdiges			
obleichte	unmatched	1		hin wider obleichte do von			
vorweiset	unmatched	1		werd als vorweiset ane kinder			
werffe	unmatched	1		gewalde vnder werffe seinem dienste			
beigurtil	unmatched	1		in vnser beigurtil Und GENE			
dermer	unmatched	1		alle seine dermer vber seinen			
twug	unmatched	1		Und wider twug er sein			
gelegte	unmatched	1		man ouf gelegte Do saczte			
vorworffen	unmatched	1		hebreern vnd vorworffen vnd schande			
wirtschafte	unmatched	1		sie die wirtschafte ł sein			
Fulle	unmatched	1		vnd sprach Fulle ire secke			
vach	ambiguous	1	lemma_6722|lemma_6728	noch vnd vach sie vnd			
bŏzes	unmatched	1		Gar ein bŏzes dinck habt			
endliche	unmatched	1		Und also endliche legten sie			
xljjj	unmatched	1		suchte her xljjj GENE Und			
sakke	unmatched	1		in dem sakke Und gene			
also tvn	unmatched	1		wŏlt ir also tvn Oder wisset			
kvnlichen	unmatched	1		der trat kvnlichen hin czu			
Leset	unmatched	1		er das Leset so stirbet			
min̆ster	unmatched	1		das vnser min̆ster bruder mit			
eigentlich	unmatched	1		der Ich eigentlich bin dein			
trew̆	unmatched	1		ouf mein trew̆ hab genomen			
vngemaches	unmatched	1		ich des vngemaches das do			
erschreknus	unmatched	1		vorchten des erschreknus mochten im			
vŏrcht	unmatched	1		in Nicht vŏrcht euch noch			
geackern	unmatched	1		ł weder geackern mag noch			
gesneiden	unmatched	1		mag noch gesneiden Und vorsant			
vorsant	unmatched	1		gesneiden Und vorsant hat mich			
hungeriger	unmatched	1		iar werden hungeriger das du			
terbest	unmatched	1		vor SIS terbest vnd dein			
Botscheftet	unmatched	1		czu euch Botscheftet meinem vater			
hofe	ambiguous	1	lemma_13469|lemma_2886	des kvniges hofe GENE Kumen			
gebute	unmatched	1		das her gebute seinen brudern			
marck	ambiguous	1	lemma_38867|lemma_3990|lemma_3991	esset das marck der erden			
schirste	unmatched	1		ir aller schirste muget Noch			
enlaset	unmatched	1		muget Noch enlaset do nichtesnicht			
reichtume	unmatched	1		wenne aller reichtume des egiptischen			
funflei	unmatched	1		silbereine vnd funflei gewant also			
hovses	unmatched	1		selen des hovses hern die			
czuge	unmatched	1		im entkegen czuge gegen Und			
vmbevink	unmatched	1		hals vnd vmbevink in vnd			
vroli	unmatched	1		sterbe ich vroli Genesis chen			
heit	unmatched	1		kint Genesis heit bis an			
vnwirdigten	unmatched	1		die vor vnwirdigten die hirten			
bruer	unmatched	1		Und seiner bruer funfe die			
hantwerkis	unmatched	1		her Was hantwerkis seit ir			
vornunftige	unmatched	1		weise vnd vornunftige man die			
drisick	unmatched	1		lebens sint drisick vnd hundert			
bŏse	unmatched	1		wenig vnd bŏse Und sint			
vaterˢ	unmatched	1		alles seines vaterˢ hous vnd			
koufern	unmatched	1		do den koufern des lones			
ran	ambiguous	1	lemma_4864|lemma_4923	lones zu ran do quamen			
Brenget	unmatched	1		antworte her Brenget her ewer			
enhabt	unmatched	1		geldes nicht enhabt Do sie			
gebrachten	unmatched	1		sie das gebrachten do gab			
vorwandellunge	unmatched	1		vmb die vorwandellunge des vihes			
enhaben	unmatched	1		ecker nichtesnicht enhaben worumbe sterb			
kvniclichem	unmatched	1		vns in kvniclichem dienste vnd			
ekkir	unmatched	1		alle egiptische ekkir vorkoufende ein			
hindristen	unmatched	1		den ł hindristen egiptischen enden			
eusrigsten	unmatched	1		zu iren eusrigsten enden An			
gesaczte	unmatched	1		man ouch gesaczte speise ous			
barn	ambiguous	1	lemma_393|lemma_542	offen SIS barn scheunen gab			
eckir	unmatched	1		beseet ewer eckir das ir			
nehenden	unmatched	1		her sach nehenden den tack			
bestate	unmatched	1		erden vnd bestate vnd wurcze			
geheisen	unmatched	1		du hast geheisen Und der			
gebotscheftet	unmatched	1		do wart gebotscheftet herren das			
gesterkket	unmatched	1		her wart gesterkket vnd sas			
gepirst	unmatched	1		die du gepirst noch in			
zvne	unmatched	1		sint meine zvne die mir			
tunkkil	unmatched	1		ougen waren tunkkil vor grosem			
klerlich	unmatched	1		alder vnd klerlich mocht her			
anbette	unmatched	1		vaters do anbette ł GENE			
vorvienk	unmatched	1		houbt vnd vorvienk das swerlichn			
swerlichn	unmatched	1		vorvienk das swerlichn vnd begreiffe			
ist;	unmatched	1		mein svn ist; ich weis			
minnester	unmatched	1		Aber sein minnester bruder wirt			
kvnde	unmatched	1		ich euch kvnde was euch			
wetagens	unmatched	1		anevanck meines wetagens Der erste			
gebitunge	unmatched	1		in der gebitunge Ous gegossen			
Teilen	ambiguous	1	lemma_6041|lemma_6042	ist herte Teilen wil ich			
Loben	ambiguous	1	lemma_3830|lemma_3849	dich werden Loben deine bruder			
rastende	unmatched	1		ouf gestigen rastende hastu an			
czepter	unmatched	1		gehaben das czepter von vnd			
peitunge	unmatched	1		wirt ein peitunge der heiden			
Bindende	unmatched	1		der heiden Bindende an den			
garten	ambiguous	1	lemma_18941|lemma_1925|lemma_2179|lemma_2188	den wein garten sein keuchel			
stallunge	unmatched	1		in der stallunge der schif			
gehurnte	unmatched	1		wege ein gehurnte nater an			
beissende	unmatched	1		dem steige beissende die clahen			
heiles	ambiguous	1	lemma_2706|lemma_2711	sich Deines heiles beite ich			
gesanter	unmatched	1		ein vz gesanter hirs vnd			
erczurnten	unmatched	1		mawer vnd erczurnten in vnd			
entlost	unmatched	1		bogen vnd entlost synt die			
begirung	unmatched	1		queme die begirung der ewigen			
czuckender	unmatched	1		brudern ein czuckender wolf der			
czwelue	unmatched	1		den geslechten czwelue Das sprach			
larte	ambiguous	1	lemma_3575|lemma_3656	den her larte seine kinder			
wurczten	unmatched	1		seinen vater wurczten Die erfulten			
wurczte	unmatched	1		die man wurczte Und die			
rinder;	unmatched	1		vnd ir rinder; die liessen			
leichczeichen	unmatched	1		sie das leichczeichen mit groser			
vorgessist	unmatched	1		das du vorgessist der missetat			
vorgebist	unmatched	1		deinem vater vorgebist dise missetat			
gegenn	unmatched	1		als irs gegenn orticlichen schowet			
orticlichen	unmatched	1		irs gegenn orticlichen schowet ł			
trŏste	unmatched	1		kindlein vnd trŏste sie vnd			
lindlichen	unmatched	1		sprach in lindlichen vnd gutlichen			
fŭnf	unmatched	1		Genesis der fŭnf buch ein			
ousvarte	unmatched	1		buch der ousvarte von etcetera			
icz	unmatched	1		etcetera D icz sint die			
grvnende	unmatched	1		recht sam grvnende wurden sie			
ensteet	unmatched	1		ein streit ensteet gegen vns			
werckmeister	unmatched	1		her in werckmeister also das			
maurten	unmatched	1		peinigten vnd maurten stete der			
pflogten	unmatched	1		von vnd pflogten sie spottende			
no	ambiguous	1	lemma_4415|lemma_4432	des kvniges no ʒbohem nv			
behilten	unmatched	1		svnder sie behilten die knechtil			
behildet	unmatched	1		das ir behildet die kinder			
bow̆te	unmatched	1		vorchten dorumbe bow̆te her in			
werffet	unmatched	1		wirt die werffet in die			
meidlin	unmatched	1		DUS was meidlin sint die			
vorbarck	unmatched	1		was vnd vorbarck es drei			
sinewelles	unmatched	1		sie ein sinewelles vessil von			
czeinen	unmatched	1		vessil von czeinen gevlochten vnd			
smyrte	unmatched	1		gevlochten vnd smyrte ł das			
leyme	unmatched	1		das mit leyme vnd mit			
gestreute	unmatched	1		in ein gestreute steende verre			
czukvnft	unmatched	1		der dinge czukvnft Und secht			
wusche	unmatched	1		sie sich wusche in dem			
ſer	unmatched	1		dem was ſer vnd die			
pimbsen	unmatched	1		in den pimbsen do sante			
nymanden	unmatched	1		vnd sach nymanden do bei			
slechstu	unmatched	1		tat Worumbe slechstu deinen nehsten			
ter	ambiguous	1	lemma_1119|lemma_36907	tŏch EXO ter die quamen			
schĕpfen	unmatched	1		quamen wasser schĕpfen vnd fulten			
ſchepfet	unmatched	1		er ge ſchepfet mit vns			
ersufczten	unmatched	1		kinder von ersufczten durch die			
et\u0020cetera	unmatched	1		et cetera et\u0020cetera III CAPITULUM			
busches	unmatched	1		mitte des busches Und her			
busch	ambiguous	1	lemma_916|lemma_957	das der busch brante vnd			
pusches	unmatched	1		mitte des pusches Der antworte			
Lŏse	unmatched	1		her czu Lŏse deine schuh			
vorbarge	unmatched	1		vnd got vorbarge sein antlicz			
herticheit	unmatched	1		durch ir herticheit der die			
seym	ambiguous	1	lemma_1517|lemma_16515	mit honik seym zu den			
gefurest	unmatched	1		du ous gefurest mein volk			
besammen	unmatched	1		Gee vnd besammen die alden			
Besuchende	unmatched	1		got sprechende Besuchende besucht habe			
nachtgebourinnen	unmatched	1		von irn nachtgebourinnen vnd von			
wirtinnen	unmatched	1		von irn wirtinnen silbereine vas			
ca	unmatched	1		er m ca thoho pzde			
geliz	unmatched	1		her sie geliz in die			
schoz	ambiguous	1	lemma_15061|lemma_5235|lemma_5277	in di schoz vnd her			
czweyen	unmatched	1		denne den czweyen - czeichen			
schepfest	unmatched	1		was du schepfest ous der			
geredick	unmatched	1		bin nicht geredick von gestern			
gehinderter	unmatched	1		ich bin gehinderter vnd tregir			
stvmmen	unmatched	1		geschŏpfet den stvmmen vnd den			
Leuit	unmatched	1		sprach der Leuit ł dein			
geredig	unmatched	1		das er geredig ist Sich			
vorsein	unmatched	1		wirdest im vorsein in den			
abbil	unmatched	1		hec dicit abbil DUS nen			
geczeigten	unmatched	1		alle meine geczeigten wunder die			
machst	ambiguous	1	lemma_3917|lemma_4240	deine hant machst vor herren			
woldist	unmatched	1		vnd du woldist in nicht			
vorvleisch	unmatched	1		besneit das vorvleisch ires svnes			
brevtigam	unmatched	1		sprach Ein brevtigam des blutes			
breutigam	unmatched	1		gesprochen hette breutigam des blutes			
Yra	unmatched	1		hec dicit Yra has ppherr			
nily	unmatched	1		e thoho nily boze EXO			
peinigunge	unmatched	1		gesehen ire peinigunge vnd an			
vorwesern	unmatched	1		vnd den vorwesern der wercke			
heischern	unmatched	1		den vngerechten heischern des volkes			
stuppil	unmatched	1		vnd clouben stuppil vnd die			
enmynnert	unmatched	1		sie noch enmynnert der nichtesnicht			
gehorchen	unmatched	1		sie nicht gehorchen den lugenlichen			
heischer	unmatched	1		die vngerechten heischer zu dem			
sprev	unmatched	1		zu clouben sprev Und die			
gegeisilt	unmatched	1		spreu Und gegeisilt wurden die			
geschosnemern	unmatched	1		von den geschosnemern herren sprechende			
Sprew	unmatched	1		deine knechte Sprew gibt man			
geisiln	unmatched	1		man mit geisiln vnd vnrecht			
gere	ambiguous	1	lemma_1948|lemma_1949|lemma_2174|lemma_2408	facit n gere qui nt			
nt	unmatched	1		gere qui nt laborare ppter			
laborare	unmatched	1		qui nt laborare ppter hoc			
ppter	unmatched	1		nt laborare ppter hoc Rex			
emp	unmatched	1		pharao con emp quod nox			
gewŏnliche	unmatched	1		vnd die gewŏnliche czal der			
prŏbste	unmatched	1		sahen die prŏbste sich sein			
nichstesnicht	unmatched	1		zu in nichstesnicht sol gemynnert			
czigeln	unmatched	1		von den czigeln alle tage			
getwanksal	unmatched	1		ous dem getwanksal der vnd			
erhabn	unmatched	1		die ich erhabn habe mein			
gehengten	unmatched	1		DUS die gehengten im des			
vnbesnitner	unmatched	1		ich bin vnbesnitner lebsen Und			
amram	unmatched	1		Die kinder amram EXO vnd			
drisik	unmatched	1		drei vnd drisik Die kinder			
vnbesnitnes	unmatched	1		herren Sich vnbesnitnes mundes bin			
gebite	ambiguous	1	lemma_1974|lemma_44092|lemma_687	ich dir gebite Und iener			
czeigunge	unmatched	1		meiner wunder czeigunge in der			
Czeigt	unmatched	1		euch sprichet Czeigt vns czeichen			
eczlicher	unmatched	1		ouch mit eczlicher heimlicher egiptischer			
czou	unmatched	1		heimlicher egiptischer czou DUS berei			
berei	unmatched	1		czou DUS berei gleicher weise			
vorfaulen	unmatched	1		sterben vnd vorfaulen werden die			
phtu	unmatched	1		est quod phtu xxx EXO			
pfutczen	unmatched	1		brvnne vnd pfutczen vnd alle			
vissche	unmatched	1		vnd die vissche die do			
vorfaulten	unmatched	1		das wasser vorfaulten vnd die			
getrinkken	unmatched	1		wassers nicht getrinkken vnd blut			
bachen	ambiguous	1	lemma_12136|lemma_345	von den bachen Und erfullet			
hovz	unmatched	1		in dein hovz vnd in			
bettis	unmatched	1		leger deines bettis vnd ouf			
bleibelinge	unmatched	1		in die bleibelinge deiner speise			
krŏten	unmatched	1		geen die krŏten Vnd toho			
vorfleuget	unmatched	1		so das vorfleuget werden di			
vnmessige	unmatched	1		samen in vnmessige houfen vnd			
vorfulte	unmatched	1		houfen vnd vorfulte die erde			
beswerte	unmatched	1		geben vnd beswerte sein hercze			
czoubereie	unmatched	1		mit irr czoubereie taten also			
taget	unmatched	1		so es taget vnd ste			
opfere	unmatched	1		es mir opfere Und ist			
teillunge	unmatched	1		ich ein teillunge czwischen deinem			
vorworfene	unmatched	1		vnd das vorworfene der opfern			
betreug	unmatched	1		furbas nicht betreug das du			
lasest	unmatched	1		du nicht lasest das volk			
vorsmehest	unmatched	1		das noch vorsmehest vnd sie			
heldest	unmatched	1		vnd sie heldest Sich meyn			
teſnícht	unmatched	1		nich DUS teſnícht vortirbet von			
vordarb	unmatched	1		tyren vorwar vordarb gar nichtesnicht			
strew̆	unmatched	1		ouen vnd strew̆ die in			
kvnd	unmatched	1		das ich kvnd meinen namen			
heldestu	unmatched	1		erden noch heldestu mein volk			
hagils	unmatched	1		vil groses hagils des glich			
gegewortige	unmatched	1		an dise gegewortige czeit Sende			
vorsoumte	unmatched	1		der do vorsoumte gotes wort			
plikczen	unmatched	1		vnd loufende plikczen ouf die			
gerste	unmatched	1		das die gerste grvne was			
knŏpil	unmatched	1		lein nv knŏpil ous sproste			
sproste	unmatched	1		knŏpil ous sproste Aber der			
korn	ambiguous	1	lemma_3302|lemma_3385|lemma_3409	das DUS korn wurden nicht			
spetig	unmatched	1		sie waren spetig Und ous			
kvndest	unmatched	1		das k kvndest in die			
ŏren	unmatched	1		in die ŏren deiner kinder			
widersteest	unmatched	1		das du widersteest vnd sie			
sy̆nen	unmatched	1		mit vnsern sy̆nen vnd mit			
czweiuelt	unmatched	1		kinden wer czweiuelt dor an			
bozlichen	unmatched	1		das ir bozlichen gedencket Nicht			
vnczellich	unmatched	1		vnd sasen vnczellich in allen			
Gevressen	unmatched	1		alle dink Gevressen wart dorumbe			
grvnes	unmatched	1		wart gelasen grvnes ouf den			
Um̆be	unmatched	1		in allen Um̆be die sache			
vorgebt	unmatched	1		ouch nv vorgebt mir die			
hevschrecken	unmatched	1		Noch ein hevschrecken bleib ny			
licht	ambiguous	1	lemma_3732|lemma_3759	do was licht Und rufte			
vŏrdrist	unmatched	1		vnd zu vŏrdrist wenne wir			
beschowest	unmatched	1		du icht beschowest mein angesichte			
vrow̆e	unmatched	1		ein ycliche vrow̆e von irr			
nachgebenrinne	unmatched	1		von irr nachgebenrinne silbereine vas			
erstporn	unmatched	1		von dem erstporn hern der			
erheuln	unmatched	1		ein hunt erheuln von dem			
enlis	unmatched	1		noch her enlis nicht czihen			
anvank	unmatched	1		anevank der anvank der mened			
vierczenden	unmatched	1		an den vierczenden tag des			
rohes	unmatched	1		essen kein rohes noch gekochtes			
gekochtes	unmatched	1		rohes noch gekochtes mit wasser			
vorbrennet	unmatched	1		wirt das vorbrennet in dem			
furczug	unmatched	1		ist der furczug des herren			
strew̆ende	unmatched	1		nicht zu strew̆ende wenne ich			
gesourteigtes	unmatched	1		heusern Welcher gesourteigtes isset des			
gehŏrt	unmatched	1		zu essen gehŏrt vnd halden			
gebundel	unmatched	1		Und ein gebundel ysops tvnket			
ysops	unmatched	1		ein gebundel ysops tvnket in			
leidigen	unmatched	1		heuser vnd leidigen euch D			
⫶	unmatched	1		wil geben ⫶ als her			
furczuges	unmatched	1		tyr des furczuges vnsers herren			
Ulihet	unmatched	1		vnd sprach Ulihet vnd czihet			
begossens	unmatched	1		hub ouf begossens mel e			
gesourteigte	unmatched	1		man das gesourteigte vnd bant			
schinten	unmatched	1		lihen vnd schinten die vnd			
gemuschtes	unmatched	1		gemeines vnd gemuschtes volk czoch			
cochten	unmatched	1		vil Nu cochten sie das			
begosne	unmatched	1		sie das begosne mel das			
gesowerteigen	unmatched	1		es nicht gesowerteigen also triben			
beheltliche	unmatched	1		nacht die beheltliche vnsers herren			
gemiete	unmatched	1		vnd der gemiete knecht essen			
knechtelin	unmatched	1		alle seine knechtelin Und denne			
sit	ambiguous	1	lemma_5366|lemma_5432|lemma_5434|lemma_5435|lemma_5505	ous geczogen sit von vnd			
honigsaim	unmatched	1		vnd mit honigsaim so saltu			
Oster	ambiguous	1	lemma_4450|lemma_4452	die hochczeit Oster brot sult			
gesowirteigtes	unmatched	1		dir keinerlei gesowirteigtes noch in			
gesaczten	unmatched	1		an der gesaczten czeit von			
knechtleins	unmatched	1		du hast knechtleins geslechte das			
wechsiln	unmatched	1		esils saltu wechsiln mit einem			
lŏsen	unmatched	1		nicht wilt lŏsen so vorterbe			
vrogit	unmatched	1		svn morgen vrogit was ist			
angehangens	unmatched	1		als etwas angehangens zu einer			
wenende	unmatched	1		nehste ist wenende das sies			
berew̆te	unmatched	1		leichte icht berew̆te wenne sie			
sewereinen	unmatched	1		in einer sewereinen seulen vnd			
gebrach	ambiguous	1	lemma_1979|lemma_843	Nimmer nicht gebrach der seule			
vorherten	unmatched	1		wustenunge vnd vorherten wil ich			
endienen	unmatched	1		vns nicht endienen Czu bereiten			
triten	unmatched	1		den fuz triten den vorczihenden			
vorczihenden	unmatched	1		triten den vorczihenden do begriffen			
geritene	unmatched	1		Und alle geritene vnd wegen			
Michels	ambiguous	1	lemma_4117|lemma_4118	den M Michels bessir wer			
grŏze	unmatched	1		secht die grŏze der wunder			
y̆czunt	unmatched	1		die ir y̆czunt secht mit			
sweigen	ambiguous	1	lemma_5947|lemma_5974	ir werdet sweigen Und vnser			
schreist	unmatched	1		zu Was schreist du zu			
wis	ambiguous	1	lemma_7505|lemma_7537|lemma_7538|lemma_7540|lemma_7549|lemma_7659	alle werden wis DUS sen			
erleuchtende	unmatched	1		vinster vnd erleuchtende die nacht			
mettenczeit	unmatched	1		wache der mettenczeit Und secht			
vewers	unmatched	1		seule des vewers vnd der			
vmkarte	unmatched	1		her vnd vmkarte die reder			
vichtet	unmatched	1		der herre vichtet vor sie			
vorwindilte	unmatched	1		vnser herre vorwindilte sie mitten			
geczogt	unmatched	1		volgende ein geczogt was in			
lŏste	unmatched	1		vnser herre lŏste an dem			
gevbet	unmatched	1		vnser herre gevbet hette wider			
sanck	ambiguous	1	lemma_2192|lemma_5488|lemma_5489	CAPITULUM XU sanck einen newen			
lob	ambiguous	1	lemma_3830|lemma_3849	vnd mein lob ist mein			
ouserwelten	unmatched	1		mer Sein ouserwelten fursten sint			
vorsenkit	unmatched	1		fursten sint vorsenkit in dem			
gesuncken	unmatched	1		sie bedakt gesuncken sint sie			
gegroset	unmatched	1		herre ist gegroset in stercke			
abgesaczt	unmatched	1		eren hastu abgesaczt meinen wider			
stuppel	unmatched	1		als ein stuppel vnd in			
Entplosen	unmatched	1		mein sele Entplosen wil ich			
vorsenket	unmatched	1		das mer vorsenket sint sie			
strengmutig	unmatched	1		starken von strengmutig wurden alle			
Ualle	unmatched	1		die woner Ualle ouf sie			
Unbeweglich	unmatched	1		deiner stercke Unbeweglich sullen sie			
reicht	ambiguous	1	lemma_4842|lemma_4875	vnser herre reicht ewiclich vnd			
in\u0020seiner	unmatched	1		die trucken in\u0020seiner mitte N			
weissaginne	unmatched	1		dorumbe die weissaginne die swester			
scherecht	unmatched	1		noch ir scherecht mit pouken			
erlichn	unmatched	1		herren wenne erlichn ist her			
funczehenden	unmatched	1		an dem funczehenden tage des			
eynod	unmatched	1		in der eynod vnd zu			
tŏpfen	unmatched	1		ouf den tŏpfen vleisches vnd			
seticheit	unmatched	1		brot in seticheit Worumb habt			
czweiuelden	unmatched	1		das ir czweiuelden habt gemurmelt			
murmlunge	unmatched	1		gehort die murmlunge EXO Sprich			
mulet	unmatched	1		eynode zu mulet vnd als			
stŏsil	unmatched	1		mit einem stŏsil zu stosen			
reif	unmatched	1		gleich einem reif ouf der			
Manhu	unmatched	1		ein ander Manhu das ist			
Cloube	unmatched	1		vnser herre Cloube do von			
schŏffils	unmatched	1		vierteil vnsers schŏffils noch der			
czusmalcz	unmatched	1		worden so czusmalcz es An			
Rue	ambiguous	1	lemma_4937|lemma_5034	gesprochen hat Rue des heiligen			
kochet	unmatched	1		ist das kochet Was aber			
veierte	unmatched	1		das volk veierte des sibenden			
czukunftigen	unmatched	1		in die czukunftigen hindern geslechte			
wustenung	unmatched	1		in der wustenung do ir			
manna	ambiguous	1	lemma_14606|lemma_33093	Aber as manna vierczig iar			
wonliche	unmatched	1		in die wonliche erde Mit			
anrurten	unmatched	1		bis sie anrurten die EXO			
ephi	unmatched	1		ist genant ephi etcetera Nu			
kriegte	unmatched	1		trinken Do kriegte das volk			
kriegt	unmatched	1		sprach Was kriegt ir wider			
murmulte	unmatched	1		wassers vnd murmulte wider sprechende			
vorterbist	unmatched	1		vns durstes vorterbist vnd vnser			
vlissen	unmatched	1		dorous wirt vlissen wasser das			
vorsuchten	unmatched	1		wenne sie vorsuchten vnserm heren			
gespro	unmatched	1		tat als gespro thoho bzde			
hubels	unmatched	1		spicze des hubels Und wenne			
sanften	unmatched	1		wechsilnde mit sanften worten vnd			
vrew̆te	unmatched	1		Und der vrew̆te sich DUS			
uerticlichen	unmatched	1		sie hoch uerticlichen taten wider			
begink	unmatched	1		das her begink vnder dem			
torleicher	unmatched	1		tustu Mit torleicher arbeit wirstu			
gesecze	unmatched	1		volke die gesecze der heiligen			
geiticheit	unmatched	1		do hassen geiticheit vnd setcze			
mynneste	unmatched	1		das ł mynneste vnd ringer			
ringer	ambiguous	1	lemma_17124|lemma_40952|lemma_4918	mynneste vnd ringer wirt dir			
sweristen	unmatched	1		aber des sweristen was das			
ringste	unmatched	1		vnd das ringste nvr alleine			
ousczogis	unmatched	1		manden des ousczogis von in			
stacte	unmatched	1		Und aldo stacte sein geczelt			
adlares	unmatched	1		habe ouf adlares vlugeln vnd			
vlugeln	unmatched	1		ouf adlares vlugeln vnd hab			
busovne	unmatched	1		wirt die busovne denne so			
erschĭnen	unmatched	1		plicczen begonden erschĭnen vnd ein			
rouchte	unmatched	1		der gancze rouchte do von			
meclich	unmatched	1		busovnen wuchs meclich ýe lenger			
geczeuget	unmatched	1		du hast geczeuget vnd hast			
Setcze	unmatched	1		geheissen sprechende Setcze in czil			
nýme	unmatched	1		gebot Nicht nýme den namen			
helt	ambiguous	1	lemma_2629|lemma_2755	vnser herre helt den nicht			
vnschlerdig	unmatched	1		den nicht vnschlerdig der do			
vnnuczlichen	unmatched	1		gotes namen vnnuczlichen Gedencke das			
wirkestu	unmatched	1		Sechs tage wirkestu vnd tust			
morde	ambiguous	1	lemma_10598|lemma_10599	geben Nicht morde ł DUS			
rouchen	unmatched	1		den perk rouchen vnd erschraken			
zustosen	unmatched	1		wurden sie zustosen vnd stunden			
wolln	unmatched	1		vnd wir wolln dich hŏren			
prufte	unmatched	1		euch got prufte so ist			
svndigte	unmatched	1		ir nicht svndigte Und das			
friedsames	unmatched	1		vnd ewer friedsames opfer tir			
bow̆e	unmatched	1		machest nicht bow̆e den mit			
messir	unmatched	1		hebist dein messir doruber so			
vrei;	unmatched	1		ous geen vrei; so sol			
studil	unmatched	1		dem tvr studil Vnd durch			
keusscheit	unmatched	1		lon irr keusscheit nicht vorsagen			
WWer	unmatched	1		vlihen sol WWer mit neitlicher			
neitlicher	unmatched	1		WWer mit neitlicher begerunge verterbet			
lagunge	unmatched	1		vnd mit lagunge Von meinem			
chet	unmatched	1		flu DUS chet seinem vater			
nehesten	unmatched	1		slecht seinen nehesten mit einem			
erczte	unmatched	1		in die erczte gelde Wer			
vorworfens	unmatched	1		sie ein vorworfens kint gepere			
bleibit	unmatched	1		svnder sie bleibit leben der			
gekornen	unmatched	1		vnd die gekornen ratleute vrteilen			
ratleute	unmatched	1		die gekornen ratleute vrteilen Ist			
volgit	unmatched	1		tot noch volgit so gebe			
wund	ambiguous	1	lemma_7720|lemma_7729	vmb brant wund vmb wunde			
wunde	ambiguous	1	lemma_7720|lemma_7721|lemma_7729	wund vmb wunde blabslak vmb			
ougecht	unmatched	1		sie ein ougecht der lase			
stŏset	unmatched	1		den hŏrnern stŏset einen man			
erstŏset	unmatched	1		vnd her erstŏset einen man			
pesserunge	unmatched	1		das im pesserunge wirt gesaczt			
stŏsset	unmatched	1		das horn stŏsset gleich sulchem			
erwer	unmatched	1		mit steinen erwer DUS fen			
vorwundet	unmatched	1		andern ochsen vorwundet Und her			
vorkovfe	unmatched	1		stirbt so vorkovfe man den			
hirnig	unmatched	1		her toben hirnig ist gewesen			
gehut	unmatched	1		sein nicht gehut so gelde			
cetera͛	unmatched	1		her et cetera͛ Wer XXII			
grebit	unmatched	1		oder ein grebit vnd enpfehet			
deub	unmatched	1		vor die deub gebe so			
gerakit	unmatched	1		hant nicht gerakit habe in			
vntrewe	unmatched	1		begeen kein vntrewe Und also			
bevilht	unmatched	1		das ymant bevilht seinem nehsten			
zein	ambiguous	1	lemma_7786|lemma_9131	ł habe zein hant zu			
deuplich	unmatched	1		das es deuplich gestolen wirt			
gemitet	unmatched	1		her das gemitet hat vmme			
enpfurt	unmatched	1		ein iuncvrow̆ enpfurt die noch			
vortrew̆et	unmatched	1		nicht ist vortrew̆et vnd slefet			
morgengaben	unmatched	1		be EXO morgengaben vnd im			
leihest	unmatched	1		du gelt leihest dem weisen			
vngelter	unmatched	1		als ein vngelter noch drucke			
nimest	unmatched	1		du pfant nimest von deinem			
gibe	ambiguous	1	lemma_1839|lemma_1961	vnder geet gibe im das			
schreiet	unmatched	1		zu mir schreiet ich erhore			
vorczeuch	unmatched	1		gepurt nicht vorczeuch czu opfern			
valde	ambiguous	1	lemma_6747|lemma_6749|lemma_6792	noch EXO valde deine hende			
geczeugnus	unmatched	1		ł valsch geczeugnus Nicht volge			
missetretist	unmatched	1		der warheit missetretist vnd des			
geenden	ambiguous	1	lemma_1402|lemma_1844	dem irre geenden ochsen oder			
hassers	unmatched	1		esil deines hassers sihest ligen			
furge	unmatched	1		burden nicht furge in svnder			
bŏzen	unmatched	1		sage dem bŏzen Nicht nim			
vmbekeren	unmatched	1		clugen vnd vmbekeren ł die			
rven	unmatched	1		in vnd rven las yn			
wirke	unmatched	1		Sechs tage wirke in dem			
dirkule	unmatched	1		vnd das dirkule der svn			
seest	unmatched	1		das du seest ouf den			
sammest	unmatched	1		so du sammest alle dein			
gesauertes	unmatched	1		opfern ouf gesauertes brot das			
hohczeit	unmatched	1		opfers meiner hohczeit vncz bis			
cziklein	unmatched	1		coche das cziklein in der			
vortreit	unmatched	1		wenne her vortreit nicht wenne			
svndest	unmatched	1		wenne du svndest Und mein			
bowe	ambiguous	1	lemma_910|lemma_917	gŏte noch bowe ir nicht			
bow̆o	unmatched	1		nicht Nicht bow̆o ir werk			
stŏre	unmatched	1		werk svnder stŏre sie vnd			
vnberhafte	unmatched	1		Nicht wird vnberhafte vnd vnfruchtber			
vorczuk	unmatched	1		in deinen vorczuk vnd wil			
vorterbn	unmatched	1		vnd wil vorterbn das volk			
Meclichen	unmatched	1		fressende wilt Meclichen wil ich			
vberschrifte	unmatched	1		vnd czwelf vberschrifte durch die			
opfernte	unmatched	1		opfer Ouch opfernte sie des			
vorhaldne	unmatched	1		nam das vorhaldne blut vnd			
fusen	unmatched	1		vnder seinen fusen als ein			
zaphirischen	unmatched	1		werck eynes zaphirischen steines vnd			
entspreuset	unmatched	1		etewas vrage entspreuset brenget das			
brinnendes	unmatched	1		was als brinnendes few̆er ouf			
sneweis	unmatched	1		geverbet Und sneweis leinein czigen			
iacinctein	unmatched	1		heute vnd iacinctein das ist			
sethiniischen	unmatched	1		arche von sethiniischen holcze e			
gleicherweise	unmatched	1		dovm elen gleicherweise v vnd			
sethymischen	unmatched	1		rigel von sethymischen holcze vnd			
ringen	ambiguous	1	lemma_17124|lemma_4917|lemma_4918|lemma_4920	den - ringen noch sullen			
oufreckende	unmatched	1		sie bedecken oufreckende ire flugel			
behullende	unmatched	1		flugel vnd behullende die EXO			
gekarten	unmatched	1		ansehen mit gekarten amplicken in			
amplicken	unmatched	1		mit gekarten amplicken in die			
sethimisschen	unmatched	1		tisch von sethimisschen holcze der			
che	unmatched	1		ma DUS che im einen			
Bereite	ambiguous	1	lemma_526|lemma_527	den tisch Bereite ouch geneme			
trinkuas	unmatched	1		vas vnd trinkuas rouchuas vnd			
giskopfe	unmatched	1		rouchuas vnd giskopfe von reinem			
fursaczes	unmatched	1		brot des fursaczes in meiner			
gehemerten	unmatched	1		ouch eynen gehemerten leuchter von			
ringlein	unmatched	1		nvs vnd ringlein an yclichen			
Ringelein	unmatched	1		vnd lilgen Ringelein vnder czweien			
stengiln	unmatched	1		vnder czweien stengiln an dreien			
gleichs	unmatched	1		steten der gleichs sechse werden			
vmbehenge	unmatched	1		also Czehen vmbehenge mache von			
gemengtes	unmatched	1		mancherlei varbe gemengtes werkis Die			
vmbhanges	unmatched	1		lenge eines vmbhanges sol haben			
gelencke	unmatched	1		semlichen gleichen gelencke sullen an			
Iacinctische	unmatched	1		ander hangen Iacinctische orlein oder			
hou	unmatched	1		sie zu hou e EXO			
fe	unmatched	1		e EXO fe muge gespanne			
gespanne	unmatched	1		fe muge gespanne Funfczig orlein			
vmbhank	unmatched	1		sol eyn vmbhank haben zu			
vmhank	unmatched	1		man einen vmhank dem andern			
angehengen	unmatched	1		andern muge angehengen ł Mach			
vorhenge	unmatched	1		den die vorhenge der vmhenge			
hereine	unmatched	1		ouch eilf hereine vbir decken			
bedekken	unmatched	1		decken zu bedekken das dach			
vbirdekken	unmatched	1		sein alle vbirdekken Ous den			
czwiualdigest	unmatched	1		des daches czwiualdigest Mache ouch			
savme	unmatched	1		an dem savme einer vbirdecke			
gespannen	ambiguous	1	lemma_2240|lemma_5647	samen muge gespannen Und funfczig			
vbirdache	unmatched	1		gemachet dem vbirdache das ist			
beschirmende	unmatched	1		vbirdecken lenge beschirmende des geczel			
geczel	unmatched	1		beschirmende des geczel beide seiten			
grvnde	unmatched	1		ir silbereine grvnde achtczehen ł			
riegel	unmatched	1		Mache ouch riegel von sethimischem			
senke	ambiguous	1	lemma_14614|lemma_5412	vorgulden vnd senke dor ein			
getefil	unmatched	1		die das getefil halten die			
weissem	unmatched	1		von sne weissem weichem leinein			
weichem	unmatched	1		sne weissem weichem leinein czwir			
vorgult	unmatched	1		sullen seyn vorgult vnd sullen			
einlasen	unmatched	1		fuze Aber einlasen sol man			
geczeugnusses	unmatched	1		arche des geczeugnusses Und mit			
furhange	unmatched	1		bzde EXO furhange das heiligtum			
heiligtums	unmatched	1		heiligtum des heiligtums werden geteilet			
furhangs	unmatched	1		ouserhalb des furhangs vnd gegen			
leuhter	unmatched	1		tische den leuhter in der			
leineim	unmatched	1		ł weichen leineim czwir gebleichet			
hantreich	unmatched	1		vnd zu hantreich DUS ereine			
smide	ambiguous	1	lemma_46824|lemma_5576	Alle vas smide ous ere			
elterl	unmatched	1		vnder das elterl des alters			
furhenge	unmatched	1		suln sein furhenge von geczwilichter			
geczwilichter	unmatched	1		furhenge von geczwilichter pfelle Hundert			
ellen	ambiguous	1	lemma_1372|lemma_1376	Hundert dovm ellen sol sein			
seuln	unmatched	1		Und czweinczig seuln mit also			
miternacht	unmatched	1		seiten gegen miternacht in die			
berutten	unmatched	1		lenge sol berutten das grose			
doume	unmatched	1		geczelt hundert doume elen vnd			
geczwilichtem	unmatched	1		werden von geczwilichtem pfelle Und			
stŏseln	unmatched	1		bovmen mit stŏseln zu stosen			
ouserthalbe	unmatched	1		des geczeuknusses ouserthalbe des vorhanges			
vorgespannen	unmatched	1		vberal ist vorgespannen dem geczeuknusse			
nochkumlinge	unmatched	1		in ir nochkumlinge von etcetera			
raconnal	unmatched	1		machen ein raconnal vnd ein			
enges	unmatched	1		vnd ein enges vnderhemde einen			
vnderhemde	unmatched	1		ein enges vnderhemde einen hut			
hut	ambiguous	1	lemma_2863|lemma_2939|lemma_2942|lemma_2962|lemma_2963	vnderhemde einen hut vnd ein			
seideine	unmatched	1		golt vnd seideine iacincten vnd			
geworchter	unmatched	1		hande varbe geworchter kunst Czwei			
houfgefugte	unmatched	1		Czwei zu houfgefugte seumel sol			
seumel	unmatched	1		zu houfgefugte seumel sol das			
gepurtlichen	unmatched	1		noch irr gepurtlichen ordenunge mit			
Grabe	ambiguous	1	lemma_2479|lemma_2483|lemma_2486|lemma_2500	edler steine Grabe sie mit			
sleus	unmatched	1		selbin ketelin sleus in die			
gesichtes	unmatched	1		racional des gesichtes noch geworchtem			
geworchtem	unmatched	1		gesichtes noch geworchtem gemengtem werke			
gemengtem	unmatched	1		noch geworchtem gemengtem werke noch			
humerales	unmatched	1		gewurchte des humerales ous golde			
sardins	unmatched	1		der stein sardins vnd topasius			
carbunkl	unmatched	1		andern der carbunkl vnd der			
svnderlichen	unmatched	1		steine mit svnderlichen namen der			
sovmlein	unmatched	1		an iren sovmlein vnd der			
drumer	unmatched	1		selben keten drumer soltu sliessen			
oussern	unmatched	1		an die oussern teil des			
soumlein	unmatched	1		an die soumlein die do			
fugen	ambiguous	1	lemma_7282|lemma_7314	der nidristen fugen das man			
seideinem	unmatched	1		sei von seideinem ia DUS			
cincten	unmatched	1		ia DUS cincten in des			
busein	unmatched	1		vnd sein busein sol sein			
drumern	unmatched	1		den endlisten drumern des gewandes			
rokkes	unmatched	1		des selben rokkes fuzen vmb			
punikische	unmatched	1		vmb als punikische ŏpfel von			
seideynem	unmatched	1		ŏpfel von seideynem iacincte vnd			
pfelleinen	unmatched	1		rok mit pfelleinen pendlein vnd			
wate	ambiguous	1	lemma_7342|lemma_7353|lemma_7417	leineine nider wate das sie			
dihern	unmatched	1		von den dihern bis an			
dinen	ambiguous	1	lemma_1145|lemma_1242	sie mir dinen in der			
vngesow̆erteigtes	unmatched	1		Und ein vngesow̆erteigtes crustilbrot das			
crustilbrot	unmatched	1		ein vngesow̆erteigtes crustilbrot das do			
laganich	unmatched	1		ŏle Und laganich osterbrot in			
weiczeim	unmatched	1		alles von weiczeim mele vnd			
mele	ambiguous	1	lemma_29098|lemma_4067	von weiczeim mele vnd lege			
geweschist	unmatched	1		du nv geweschist den vater			
rŏcke	unmatched	1		die leinein rŏcke vnd gurte			
hald	unmatched	1		hende so hald ouch hin			
kalpes	unmatched	1		blute des kalpes vnd leg			
hawene	unmatched	1		das zu hawene vleisch vnd			
suser	unmatched	1		daz ein suser des siges			
cruftel	unmatched	1		brotis vnd cruftel brot mit			
geweite	unmatched	1		ouch die geweite bruft vnd			
bruft	unmatched	1		die geweite bruft vnd die			
Uorbru	unmatched	1		v vru Uorbru die bleiblinge			
slehest	unmatched	1		so du slehest der reinigunge			
Czweiierige	unmatched	1		dem alter Czweiierige lemmer saltu			
stosnem	unmatched	1		ŏl zu stosnem ŏl das			
gevierwinkelt	unmatched	1		breite das gevierwinkelt vnd czwu			
richenden	unmatched	1		ouf wol richenden weirouche des			
weirouche	unmatched	1		wol richenden weirouche des morgens			
opser	unmatched	1		des siges opser tyr noch			
genymest	unmatched	1		Wenne du genymest die gar			
tempils	unmatched	1		mase des tempils Ein scot			
halbn	unmatched	1		zu einem halbn scot Der			
enpfangne	unmatched	1		Und das enpfangne gelt das			
geswurchte	unmatched	1		in das geswurchte des geczeldis			
opfnern	unmatched	1		das sie opfnern dorouf thimiamisches			
thimiamisches	unmatched	1		opfnern dorouf thimiamisches puluer dem			
smirnischen	unmatched	1		der besten smirnischen wurcze vnd			
ousderwelter	unmatched	1		wurcze vnd ousderwelter funf hundert			
cynomin	unmatched	1		scot vnd cynomin halb also			
calamisch	unmatched	1		scot vnd calamisch wurcze gleich			
cassische	unmatched	1		scot Und cassische pfeifen funf			
ŏlpoumen	unmatched	1		ŏl von ŏlpoumen ein mase			
houfgelegte	unmatched	1		ein czu houfgelegte salbe noch			
Menschen	ambiguous	1	lemma_4082|lemma_44421	ewer geperunge Menschen vleisch sol			
galbanum	unmatched	1		v vnd galbanum des susen			
wĭrouch	unmatched	1		gar liechten wĭrouch gleicher wage			
zuhoufgelegte	unmatched	1		mache ein zuhoufgelegte thimiamisch confect			
confect	unmatched	1		zuhoufgelegte thimiamisch confect noch dem			
vleisichchen	unmatched	1		der salben vleisichchen gemischet vnd			
gestosest	unmatched	1		cleinem puluer gestosest so secze			
kouftelegunge	unmatched	1		sulche zu kouftelegunge sult ir			
sun	ambiguous	1	lemma_22456|lemma_5608|lemma_5863|lemma_5883|lemma_5899	namen den sun des svnes			
smidens	unmatched	1		erdenken ł smidens was man			
mermil	unmatched	1		vnd von mermil vnd von			
gege	unmatched	1		hab im gege volke EXO			
thimiam	unmatched	1		das puluer thimiam in der			
cwu	unmatched	1		volbrachte ouff cwu steineine tafeln			
giessendem	unmatched	1		forme noch giessendem werke vnd			
ferten	unmatched	1		op DUS ferten gancz enczuntes			
geduldige	unmatched	1		opfer vnd geduldige opfer tir			
hertenekig	unmatched	1		ist vnd hertenekig Las mich			
Uelschlich	unmatched	1		sprechen die Uelschlich hat er			
streites	unmatched	1		clage eines streites hŏret man			
treibende	unmatched	1		kein ruf treibende zu der			
Steigen	unmatched	1		groze svnde Steigen wil ich			
Enczweder	unmatched	1		guldeine gŏte Enczweder vorgib in			
vorgib	unmatched	1		gŏte Enczweder vorgib in dise			
vortilg	unmatched	1		nicht so vortilg mich ous			
strew̆e	unmatched	1		icht zu strew̆e an dem			
woran	unmatched	1		stat Wenne woran muge wir			
magest	unmatched	1		her Du magest nicht gesehen			
behib	unmatched	1		Und her behib ander czwu			
vorwarn	unmatched	1		als sie vorwarn Und bei			
anrufende	unmatched	1		mit im anrufende den namen			
Herscher	ambiguous	1	lemma_21574|lemma_2683	sprach her Herscher herregot barmhercziger			
senftmutiger	unmatched	1		barmhercziger vnd senftmutiger geduldiger vnd			
anbete	unmatched	1		erde vnd anbete in vnd			
czihest	unmatched	1		das du czihest mit vns			
hertnekig	unmatched	1		volk ist hertnekig vnd eines			
Czorniger	unmatched	1		fremden gote Czorniger herre ist			
gevnkeuschen	unmatched	1		wenne sie gevnkeuschen machen ouch			
Gegosne	unmatched	1		DUS gŏte Gegosne gŏte saltu			
hochczeite	unmatched	1		machen Die hochczeite der ostern			
Sibn	unmatched	1		soltu behuten Sibn tage soltu			
lŏse	unmatched	1		deiner svne lŏse noch erschein			
widerkerunge	unmatched	1		in der widerkerunge des iares			
derscheinen	unmatched	1		deine knechtil derscheinen in der			
geheb	unmatched	1		ł ouf geheb die heiden			
gesewertes	unmatched	1		opfer ouf gesewertes brot das			
qamen	unmatched	1		redt do qamen zu im			
williger	ambiguous	1	lemma_32749|lemma_7621	Ein yclicher williger von seines			
Iacincten	unmatched	1		vnd er Iacincten vnd purpur			
rotgeverbte	unmatched	1		hare Und rotgeverbte widers heute			
iacinctische	unmatched	1		heute vnd iacinctische geverbte heute			
olliecht	unmatched	1		holcze vnd olliecht zu bereiten			
racionale	unmatched	1		vnd das racionale Welcher vnder			
getesil	unmatched	1		ringe vnd getesil mit rigelpflocke			
rigelpflocke	unmatched	1		getesil mit rigelpflocke vnd grunde			
thimiamischs	unmatched	1		ŏl vnd thimiamischs puluer von			
Umbhenge	unmatched	1		seinen grunt Umbhenge die turn			
Pflŏcke	unmatched	1		der vorlouben Pflŏcke zu dem			
bereitem	unmatched	1		mit willigem bereitem vnd andechtigem			
gerŏte	unmatched	1		har vnd gerŏte widers heute			
allerleier	unmatched	1		Silber vnd allerleier opferten sie			
gewurmeltes	unmatched	1		purpir vnd gewurmeltes vnd pfelle			
freiem	unmatched	1		dar mit freiem willen Die			
vorwor	unmatched	1		Die fursten vorwor opferten oniknien			
salb	ambiguous	1	lemma_5069|lemma_5385|lemma_67911	enczunden vnd salb zu bereiten			
innigem	unmatched	1		vrowen mit innigem herczen so			
williclychen	unmatched	1		hant Alle williclychen weihten das			
erffullet	unmatched	1		hat in erffullet mit dem			
czimmer	unmatched	1		vnd in czimmer werk Was			
czymmer	unmatched	1		kvnnen machen czymmer werk gemengt			
geworchtes	unmatched	1		werk gemengt geworchtes werk vnd			
smidende	unmatched	1		sie konden smidende wirken was			
gelarte	unmatched	1		vnd alle gelarte man den			
eigenwillen	unmatched	1		von irem eigenwillen sich dorzu			
butils	unmatched	1		dorvmme mit butils stimme rufen			
licheit	unmatched	1		hei DUS licheit Und also			
vberflussik	unmatched	1		was vnd vberflussik hetten Und			
gemengter	unmatched	1		werk vnd gemengter kunft Der			
Eine	ambiguous	1	lemma_119|lemma_1331|lemma_1337	breite vire Eine mas hatten			
iacintische	unmatched	1		machte her iacintische ŏrl an			
clingel	unmatched	1		das die clingel gegen ein			
seumil	unmatched	1		an dem seumil der andern			
ereyne	unmatched	1		Und funfczig ereyne heftil do			
heftil	unmatched	1		funfczig ereyne heftil do mit			
behield	unmatched	1		ein halbe behield ir breite			
czudin	unmatched	1		mittages gegen czudin mit vierczig			
bereinen	unmatched	1		sil DUS bereinen grunden Czwene			
gestosen	unmatched	1		rigel mochte gestosen Und die			
houbten	unmatched	1		mit den houbten vorgulte giessende			
purpern	unmatched	1		vnd von purpern vnd von			
hovbten	unmatched	1		mit irn hovbten die her			
reckende	unmatched	1		tafeln ous reckende ire flugel			
vmlegte	unmatched	1		halbe Und vmlegte yn mit			
lebse	unmatched	1		einen guldeinen lebse vm vnd			
ger	ambiguous	1	lemma_1948|lemma_1949|lemma_2174|lemma_2408	graben vir ger hoch vnd			
Geneme	ambiguous	1	lemma_2115|lemma_4330	des tisches Geneme vas trinkvas			
gieskopfe	unmatched	1		vas trinkvas gieskopfe vnd DUS			
schurscheren	unmatched	1		mit iren schurscheren vnd lesch			
lesch	unmatched	1		schurscheren vnd lesch vassen in			
seyten	ambiguous	1	lemma_5378|lemma_5435	zu yclicher seyten hette ein			
vnd̄	unmatched	1		giengen hŏrner vnd̄ vmmelegte den			
confecten	unmatched	1		siten der confecten et cetera			
chte	unmatched	1		ma DUS chte her allerlei			
neczes	unmatched	1		gestalt eines neczes machte her			
elterlin	unmatched	1		alters ein elterlin giessende vir			
rostes	unmatched	1		enden des rostes zu lasen			
spigeln	unmatched	1		von vrowen spigeln die aldo			
funfczehn	unmatched	1		des geczeldis funfczehn doum elen			
vorhanck	unmatched	1		her einen vorhanck mit genetem			
czimmermeister	unmatched	1		ein hŏer czimmermeister vnd ein			
webir	unmatched	1		vnd ein webir wirkende mancher			
wirkende	unmatched	1		ein webir wirkende mancher hande			
neter	unmatched	1		Und ein neter von iacinten			
thho	unmatched	1		thoho bzde thho thoho bzde			
vorworcht	unmatched	1		das do vorworcht wart in			
funfhunderten	unmatched	1		hundert tousenten funfhunderten vnd funfczic			
funfczic	unmatched	1		funfhunderten vnd funfczic wepnern Nu			
wepnern	unmatched	1		vnd funfczic wepnern Nu waren			
centneren	unmatched	1		ous hundert centneren yclicher centener			
gemengtis	unmatched	1		gebleichter pfelle gemengtis werkes Und			
dvnte	unmatched	1		vnd zu dvnte sie in			
vedem	unmatched	1		sie in vedem so das			
gewirken	unmatched	1		gedringen oder gewirken oder geneen			
geneen	unmatched	1		gewirken oder geneen mit der			
wenil	unmatched	1		vorigen varb wenil Und czwei			
exodi	unmatched	1		er xxxix exodi EXO czwen			
gementes	unmatched	1		ein racional gementes werkis noch			
topasins	unmatched	1		sardius vnd topasins vnd der			
vmmegeben	unmatched	1		der berillus vmmegeben vnd ein			
ordenungen	unmatched	1		in iren ordenungen vnd die			
ketlein	unmatched	1		dem racional ketlein die an			
ragten	unmatched	1		humeralis ous ragten dise beide			
wekilten	unmatched	1		slaffende icht wekilten vnd wurden			
iacinctisschein	unmatched	1		alczu male iacinctisschein vnd ein			
kepil	unmatched	1		vnd ein kepil oben in			
innersten	unmatched	1		an dem innersten teile des			
rokkis	unmatched	1		teile des rokkis vm vnd			
geworchtis	unmatched	1		leineine rocke geworchtis werkis vnd			
kronlein	unmatched	1		mit iren kronlein ous pfelle			
gewurmeltm	unmatched	1		purpir von gewurmeltm czwir geverbt			
erunge	unmatched	1		der heiligen erunge von reinem			
Uolkomen	unmatched	1		het gepoten Uolkomen ist dorvmme			
bower	unmatched	1		allen seinen bower rat Die			
rigil	unmatched	1		tafeln di rigil die seulen			
gerŏten	unmatched	1		von den gerŏten widers heuten			
confecte	unmatched	1		die thimiamisch confecte von wurczen			
grebiln	unmatched	1		mit den grebiln Nichtesnicht was			
oufrichten	unmatched	1		menedis saltu oufrichten das geczelt			
czeuknusses	unmatched	1		xl EXO czeuknusses vnd secze			
vmhengen	unmatched	1		mit seinen vmhengen vnd seinen			
bunge	unmatched	1		sal DUS bunge bekvme in			
bekvme	unmatched	1		DUS bunge bekvme in die			
vberpreite	unmatched	1		seulen vnd vberpreite das dach			
vberdeckin	unmatched	1		vber die vberdeckin als vnser			
saczes	unmatched	1		des vor saczes Ouch saczte			
eute	unmatched	1		vorhange vnd eute dor ouf			
vorhang	unmatched	1		gange einen vorhang Aber do			
vorlies	unmatched	1		das geczelt vorlies so czogen			
nser	unmatched	1		Leuiticus U nser herre rufte			
glit	unmatched	1		Und die glit die zu			
ordenlichn	unmatched	1		howen sint ordenlichn dorouf legen			
keuchiln	unmatched	1		von turkiltouben keuchiln Und die			
vorrenke	unmatched	1		alter vnd vorrenke ir das			
cropfel	unmatched	1		alters Das cropfel vorwar des			
flugelein	unmatched	1		her sein flugelein vnd sol			
suzes	unmatched	1		ein opfer suzes ruches vnserm			
heilcheit	unmatched	1		opfert der heilcheit opfer vnserm			
Semil	unmatched	1		vnserm herren Semil wirt sein			
vngesowertes	unmatched	1		bakouen als vngesowertes brot mit			
besmirt	unmatched	1		mit ol besmirt Ist das			
dvnne	unmatched	1		teile sie dvnne vnd geusse			
sowerteiges	unmatched	1		noch nichtesnicht sowerteiges noch honigs			
salcze	unmatched	1		mache mit salcze noch heb			
nir	unmatched	1		mit den nir LEUIT lein			
nirleinen	unmatched	1		mit den nirleinen vnd mit			
nyrl	unmatched	1		Und beide nyrl mit der			
neczlin	unmatched	1		mit dem neczlin das do			
getunke	unmatched	1		her ein getunke den vinger			
genemsten	unmatched	1		weirouches des genemsten vnserm herren			
schutet	unmatched	1		aschen hin schutet sullen werden			
vnvornvnft	unmatched	1		vnd von vnvornvnft das tut			
vornvmen	unmatched	1		Und dornach vornvmen hat seine			
kalbis	unmatched	1		ouf des kalbis houbte vor			
gekrezsemt	unmatched	1		do ist gekrezsemt von seinem			
vornimet	unmatched	1		vnd dornach vornimet sein svnde			
pflugt	unmatched	1		enczunten opfertir pflugt zu slahen			
veistischeit	unmatched	1		grunt sein veistischeit vorwar enczunde			
einczwedir	unmatched	1		ein geczeug einczwedir das her			
vorbrenget	unmatched	1		irem mvnde vorbrenget so das			
vorrenkende	unmatched	1		die svnde vorrenkende im das			
vederlein	unmatched	1		zu den vederlein also das			
trifen	unmatched	1		las her trifen an seinen			
semýl	unmatched	1		die svnde semýl das czehende			
vbirtrittet	unmatched	1		ein sele vbirtrittet die heilicheit			
gekoufen	unmatched	1		man mag gekoufen vmbe czwei			
vorgebn	unmatched	1		wirt im vorgebn wenne her			
vorlornes	unmatched	1		oder ein vorlornes dink vindet			
vsiln	unmatched	1		LEUITICUS zu vsiln Aber das			
werfende	unmatched	1		sol neren werfende holcz dor			
czunden	unmatched	1		wirt an czunden die veisticheit			
gesowert	unmatched	1		es nicht gesowert werden wenne			
kresemunge	unmatched	1		tage der kresemunge Das czehende			
ereines	unmatched	1		es ein ereines vas ist			
nyrlein	unmatched	1		die czwei nyrlein vnd die			
weyrouch	unmatched	1		alter Der weyrouch ist das			
pekt	unmatched	1		das man pekt in dem			
saggunge	unmatched	1		gnaden dink saggunge so sol			
laganische	unmatched	1		mit ol laganische ostir vlecken			
ostir	unmatched	1		ol laganische ostir vlecken besalbet			
gedreiekte	unmatched	1		semil vnd gedreiekte cleine semil			
gemischtem	unmatched	1		mit zu gemischtem ŏle besprengt			
gesowerteigte	unmatched	1		besprengt Und gesowerteigte brot mit			
geusset	unmatched	1		der do geusset des opfertyres			
wise	ambiguous	1	lemma_7537|lemma_7538|lemma_7540|lemma_7659	opfertir gleicher wise sol man			
eczwas	unmatched	1		aber das eczwas vbir bleibt			
frvmet	unmatched	1		opfer noch frvmet nicht dem			
opfernden	unmatched	1		nicht dem opfernden Wenne vil			
vewer	unmatched	1		svnder mit vewer vorbant Der			
vorbant	unmatched	1		mit vewer vorbant Der do			
greiffet	unmatched	1		do an greiffet vnreinikeit des			
gevnreinigen	unmatched	1		die do gevnreinigen mugen vnd			
veisti	unmatched	1		zu Die veisti LEUITICUS keit			
keit	unmatched	1		veisti LEUITICUS keit des ochsens			
Halden	ambiguous	1	lemma_2620|lemma_2629	opfer speise Halden sol her			
erhebunge	unmatched	1		der ouf erhebunge vnd die			
cleidte	unmatched	1		hette do cleidte ł her			
twingende	unmatched	1		das humerale twingende das mit			
heiligende	unmatched	1		do her heiligende besprenget hette			
weihte	unmatched	1		in vnd weihte in Und			
gesneiten	unmatched	1		den in gesneiten vnd das			
smerlein	unmatched	1		mit irem smerlein enczunte her			
hib	unmatched	1		den wider hib her in			
geweide	unmatched	1		das in geweide vnd die			
getotten	unmatched	1		blvte des getotten widers het			
nirl	unmatched	1		die czwei nirl vnd die			
schit	ambiguous	1	lemma_14997|lemma_5196|lemma_5328	rechte schulder schit her do			
gedreiektis	unmatched	1		vnd ein gedreiektis semil brot			
gehuben	unmatched	1		das ouf gehuben vor vnserm			
hers	ambiguous	1	lemma_14004|lemma_14005|lemma_2761	do nam hers wider ous			
Cochet	unmatched	1		in sprechende Cochet das vleisch			
isra	unmatched	1		gepurt von isra LEUITICUS hel			
hel	ambiguous	1	lemma_2734|lemma_2741	isra LEUITICUS hel Und sprach			
Trit	ambiguous	1	lemma_6188|lemma_6211	sprach her Trit zu zu			
getŏtest	unmatched	1		wenne du getŏtest das opfertir			
vmbrink	unmatched	1		des alters vmbrink Und das			
glidern	unmatched	1		mit allen glidern opferten sie			
erhebende	unmatched	1		schuldern svnderte erhebende sie vor			
rŏcken	unmatched	1		mit leineinen rŏcken vnd wurfen			
entplŏssen	unmatched	1		ir nicht entplŏssen vnd ewer			
ysrahelischs	unmatched	1		vnd alles ysrahelischs hous sullen			
clagen	ambiguous	1	lemma_3337|lemma_3341	hous sullen clagen das anczvnden			
anczvnden	unmatched	1		clagen das anczvnden das vnser			
erwekt	unmatched	1		herre hat erwekt Aber ir			
trunkken	unmatched	1		das do trunkken mag gemachen			
erkentnusse	unmatched	1		kunst der erkentnusse vnder dem			
vnheiligen	unmatched	1		vnd dem vnheiligen vnder dem			
sawerteig	unmatched	1		das an sawerteig bei dem			
bbrust	unmatched	1		vnd die bbrust vnd die			
cleglichem	unmatched	1		rechten mit cleglichem herczen Do			
buze	ambiguous	1	lemma_18306|lemma_920|lemma_943	her seine buze XI Und			
gespaldne	unmatched	1		hat ein gespaldne cla vnd			
yndrucket	unmatched	1		Was do yndrucket vnd hat			
vngespalden	unmatched	1		klaen aber vngespalden sam das			
ygel	unmatched	1		achten Der ygel der do			
enspeldet	unmatched	1		claen nicht enspeldet ist vnreine			
hase	ambiguous	1	lemma_2670|lemma_78908	Und der hase wenne her			
indruket	unmatched	1		her ouch indruket svnder der			
sov	unmatched	1		vnd die sov wenne sie			
indrukt	unmatched	1		aber sie indrukt nicht Diser			
essen;	unmatched	1		czimlich zu essen; alles das			
gestalt;	unmatched	1		in seiner gestalt; den strousen			
tovcher	unmatched	1		howen den tovcher den storchen			
onocrotil	unmatched	1		swanen den onocrotil den pellican			
vledermaus	unmatched	1		widhopfen die vledermaus alles das			
keuer	unmatched	1		vnd die keuer vnd der			
athak	unmatched	1		vnd der athak vnd der			
opimak	unmatched	1		vnd der opimak Und allirlei			
vierfusig	unmatched	1		die do vierfusig geen wirt			
cocodril	unmatched	1		maus der cocodril noch seinem			
hermil	unmatched	1		geslechte; Das hermil vnd der			
cameleon	unmatched	1		vnd der cameleon der femol			
femol	unmatched	1		cameleon der femol vnd die			
eudechse	unmatched	1		vnd die eudechse vnd der			
tahneine	unmatched	1		das - tahneine vas dor			
nasses	unmatched	1		Und alles nasses das man			
gedreifuste	unmatched	1		ouen oder gedreifuste topfe so			
begeusset	unmatched	1		mit wasser begeusset vnd dornach			
tregit	unmatched	1		oder es tregit der schol			
slinget	unmatched	1		vier fuzen slinget oder hat			
sleppet	unmatched	1		fuze oder sleppet sich ouf			
vnreinigt	unmatched	1		vnrein Nicht vnreinigt ewer selen			
enruret	unmatched	1		selen noch enruret nichtesnicht der			
blutsuchte	unmatched	1		abscheidunge der blutsuchte Und an			
reinunge	unmatched	1		tage ir reinunge Ist aber			
flusses	unmatched	1		siten des flusses der seuche			
turkilteubel	unmatched	1		oder ein turkilteubel vmme die			
turkiltŏubil	unmatched	1		sie czwei turkiltŏubil oder czwei			
blater	unmatched	1		oder ein blater oder etwas			
leuchtendes	unmatched	1		oder etwas leuchtendes das ist			
leuchtende	unmatched	1		das ein leuchtende glencze ist			
tvnkler	unmatched	1		ousseczikeit ist tvnkler vnd hat			
schurf	unmatched	1		ist der schurf Vnd waschen			
vorvrteilt	unmatched	1		vnreinikeit werden vorvrteilt Der slac			
priefter	unmatched	1		zu dem priefter der beschowe			
vortvmen	unmatched	1		vnd also vortvmen sol in			
bluet	ambiguous	1	lemma_770|lemma_775	im ous bluet ein loufende			
ousseczige	unmatched	1		ein loufende ousseczige varbe an			
oussecziket	unmatched	1		iunger reiner oussecziket sol her			
bedekt	unmatched	1		weisse vnd bedekt gar den			
schrunde	unmatched	1		ein weise schrunde erscheinet oder			
rotet	unmatched	1		oder durch rotet so fure			
schrunden	unmatched	1		in der schrunden ist entsprossen			
ousseczicheit	unmatched	1		gestalt der ousseczicheit ist tvnkil			
vortvme	unmatched	1		ousseczikeit so vortvme er in			
brvnst	unmatched	1		schrvnde der brvnst LEUITICUS ist			
slagis	unmatched	1		stat des slagis gleich dem			
benden	unmatched	1		dem si benden tage steende			
bare	ambiguous	1	lemma_30352|lemma_339|lemma_377|lemma_542	ist offen bare vnrein Ist			
kvntlichen	unmatched	1		worden vnd kvntlichen sage her			
vorborgne	unmatched	1		glenczende ein vorborgne weisse so			
reisen	ambiguous	1	lemma_10470|lemma_4883|lemma_4893	die har reisen oder vallen			
yn;	unmatched	1		vorvrteile her yn; ane czweiuel			
ousgesaczt	unmatched	1		vnd wirt ousgesaczt noch dem			
getrentes	unmatched	1		habn ouf getrentes gewant vnd			
vortumet	unmatched	1		vorstopfet vnd vortumet vnd vnrein			
beschreien	unmatched	1		her sich beschreien alle czeite			
wefil	unmatched	1		an dem wefil oder vel			
rotlechte	unmatched	1		weislecht oder rotlechte dor an			
vorsleusset	unmatched	1		ist vnd vorsleusset das anderr			
vbiral	unmatched	1		ist oder vbiral die ousseczikeit			
vorporgner	unmatched	1		das si vorporgner wirt die			
vorvngemeiligt	unmatched	1		steten die vorvngemeiligt waren so			
fligende	unmatched	1		es ein fligende vnd ein			
warfis	unmatched	1		leineins des warfis vnd wefels			
gewurmeltis	unmatched	1		holcz vnd gewurmeltis vnd ysop			
scher	ambiguous	1	lemma_21408|lemma_50523|lemma_989	tage so scher her ab			
wimbrauen	unmatched	1		vnd die wimbrauen vnd alles			
opferspeisen;	unmatched	1		mit seinen opferspeisen; Und der			
turtiltŏubel	unmatched	1		vnd czwei turtiltŏubel oder czwei			
oles;	unmatched	1		den sechster oles; das her			
ŏls	unmatched	1		Aber des ŏls ein teil			
sprengt	unmatched	1		hant vnd sprengt gegen vnserm			
ŏlis	unmatched	1		teil des ŏlis das do			
gereinigten	unmatched	1		houbt des gereinigten LEUITICUS so			
turtiltoubil	unmatched	1		Und das turtiltoubil oder das			
toubenkeuchil	unmatched	1		oder das toubenkeuchil opfer her			
ouseczigen	unmatched	1		opfer des ouseczigen der do			
ousseczigheit	unmatched	1		slac der ousseczigheit ist in			
velbe	unmatched	1		vlecke mit velbe oder mit			
gestifte	ambiguous	1	lemma_2256|lemma_5771	dem andern gestifte so gee			
kraczens	unmatched	1		des ab kraczens ous der			
nomen	ambiguous	1	lemma_13988|lemma_4306|lemma_4330	sint ge nomen vnd mit			
cleiben	unmatched	1		anderm kote cleiben das hous			
bestendige	unmatched	1		es ein bestendige ousseczikeit vnd			
gecleibet	unmatched	1		anderweit ist gecleibet so reinig			
reinig	unmatched	1		gecleibet so reinig her das			
gewurmiltes	unmatched	1		holcz vnd gewurmiltes vnd ysop			
sperlinc	unmatched	1		den lebendigen sperlinc vnd tvnke			
getŏtten	unmatched	1		blut des getŏtten sperlinges Und			
sperlings	unmatched	1		blute des sperlings als in			
gewurmilten	unmatched	1		vnd dem gewurmilten Und wenne			
lesit	unmatched	1		sperling vrei lesit vligen ouf			
schisenden	unmatched	1		der ouf schisenden - platern			
slefit	unmatched	1		dorinne her slefit wirt vnrein			
wassche	unmatched	1		vleisch der wassche sein gewant			
gewasschen	unmatched	1		vnd er gewasschen in wasser			
seinlicher	unmatched	1		der ein seinlicher ist vnd			
vorgetwagen	unmatched	1		hat nicht vorgetwagen seine hende			
le	ambiguous	1	lemma_3648|lemma_3649	so cze le her siben			
turtiltovben	unmatched	1		her czwu turtiltovben oder czwei			
keuchil	unmatched	1		czwei touben keuchil vnd kvme			
worinne	unmatched	1		abende Und worinne sie slefet			
sitczet	unmatched	1		slefet oder sitczet in den			
turtiltouben	unmatched	1		priester czwu turtiltouben oder czwei			
vnflat	unmatched	1		in irem vnflat so sie			
bedackit	unmatched	1		mit der bedackit wirt die			
betetafeln	unmatched	1		ouf der betetafeln es sei			
offer	unmatched	1		Ein kalp offer er vor			
cleiden	ambiguous	1	lemma_3341|lemma_3348|lemma_3352	her sich cleiden vnd mit			
wetin	unmatched	1		in nider wetin sol her			
vorhullen	unmatched	1		sein scheinde vorhullen vnd schol			
gewaschn	unmatched	1		so her gewaschn wirt sol			
gebitet	unmatched	1		kalp vnd gebitet vor sich			
poten;	unmatched	1		ous gesanten poten; vnd ouf			
ousgesanten	unmatched	1		pocke dem ousgesanten poten den			
houfgelegten	unmatched	1		des zu houfgelegten thymiamischen puluers			
sterbe;	unmatched	1		her icht sterbe; vnd heb			
ostin	unmatched	1		tafeln gegen ostin Und wenne			
gepotin	unmatched	1		als do gepotin ist von			
geczeuknvs	unmatched	1		geczelde des geczeuknvs das do			
gesteckit	unmatched	1		do ist gesteckit vnder in			
czigenpockes	unmatched	1		vnd des czigenpockes Und giesse			
sprengende	unmatched	1		vmme vnd sprengende mit dem			
peichtige	unmatched	1		houbt vnd peichtige alle die			
wŭnschet	unmatched	1		svnde Die wŭnschet her seinem			
getregt	unmatched	1		czigen pok getregt alle ire			
wŭste	unmatched	1		in eine wŭste erde Und			
Gen\u0020er	unmatched	1		dem alter Gen\u0020er vor war			
menede	unmatched	1		dem sibenden menede an dem			
inlendige	unmatched	1		wol der inlendige als der			
pilgereymet	unmatched	1		der do pilgereymet vnder euch			
sprehende	unmatched	1		gepoten hat sprehende Ein yclich			
suzikkeit	unmatched	1		ruche der suzikkeit vnserm herren			
gevnkeuschet	unmatched	1		sie habn gevnkeuschet Ein ewiges			
nochkvmlingen	unmatched	1		vnd iren nochkvmlingen Und sprechet			
enfuret	unmatched	1		geczeuknusses nicht enfuret so das			
Herten	ambiguous	1	lemma_13697|lemma_2787|lemma_2789|lemma_2795	isset blut Herten wil ich			
giesset	unmatched	1		das gutlich giesset ouf meinen			
vorgiesse	unmatched	1		sein blut vorgiesse her vnd			
sie;	unmatched	1		muter ist sie; nicht enplecke			
ousen	unmatched	1		heime oder ousen sei geporn			
vnczucht	unmatched	1		fruntschaft ist vnczucht Die swester			
trugenschaft	unmatched	1		zu einer trugenschaft noch enplecke			
vndewen	unmatched	1		sie ous vndewen wirt ir			
vorwasenunge	unmatched	1		alle dise vorwasenunge habn getan			
povleute	unmatched	1		getan di povleute diser erden			
worchtet	unmatched	1		semeliche werk worchtet als sie			
grausamen	unmatched	1		von den grausamen ichtesicht vorgeen			
abgŏten	unmatched	1		zu den abgŏten Noch machet			
gegosne	unmatched	1		machet euch gegosne gŏte Ich			
vorbranter	unmatched	1		wirt ein vorbranter vnd der			
vnge	unmatched	1		vnd der vnge nemikeit schuldig			
nemikeit	unmatched	1		der vnge nemikeit schuldig der			
cloube	unmatched	1		lebenden eher cloube nicht ouf			
speierl	unmatched	1		die trouben speierl vnd die			
kŏrner	unmatched	1		ab gevallen kŏrner saltu nicht			
vordrucke	unmatched	1		mit gewalt vordrucke in Nichte			
gemiten	unmatched	1		lon deines gemiten knechtis bei			
vngeleichlich	unmatched	1		tu das vngeleichlich ist noch			
Rechticlichen	unmatched	1		des mechtigen Rechticlichen saltu richten			
rouner	unmatched	1		LEUITICUS ein rouner in dem			
vngleichem	unmatched	1		nicht mit vngleichem samen Das			
czweierlei	unmatched	1		das ous czweierlei geworcht ist			
freiheit	unmatched	1		noch der freiheit gegeben zu			
pelczet	unmatched	1		erde vnd pelczet dor ein			
lŏblich	unmatched	1		werden geheiligt lŏblich vnserm herren			
in\u0020trovme	unmatched	1		czoubern noch in\u0020trovme gelouben Ir			
schopf	ambiguous	1	lemma_12070|lemma_12603	scheiblecht ewern schopf besneiden noch			
lŏcher	unmatched	1		noch gebranter lŏcher an euch			
gevnreinigt	unmatched	1		ir icht gevnreinigt werdet von			
graen	unmatched	1		Uor dem graen houbte stee			
psone	unmatched	1		ere die psone des alden			
wenne\u0020ir	unmatched	1		euch selber wenne\u0020ir seit ouch			
vngleicheit	unmatched	1		gote Keinerlei vngleicheit sult ir			
vorlasset	unmatched	1		das das vorlasset das volk			
ringwegende	unmatched	1		recht sam ringwegende mein gepot			
gehengt	unmatched	1		der im gehengt hat so			
molochen	unmatched	1		got mit molochen Die sele			
betriger	unmatched	1		an die betriger vnd an			
vnkeusschet	unmatched	1		czouberer vnd vnkeusschet mit in			
vnkeuschet	unmatched	1		das ymant vnkeuschet mit eines			
begeet	unmatched	1		e brechen begeet mit der			
weiplichem	unmatched	1		noch w weiplichem orden beide			
vnderleget	unmatched	1		die sich vnderleget einem yclichen			
beschovt	unmatched	1		sie ouch beschovt die schemde			
prevtet	unmatched	1		Wer do prevtet mit einem			
offent	unmatched	1		sie selbir offent den brvnne			
mvmen	unmatched	1		schemde deiner mvmen vnd deiner			
enplecken;	unmatched	1		saltu nicht enplecken; wer das			
enplŏset	unmatched	1		LEUITICUS her enplŏset ane kinder			
bleibn	unmatched	1		ane kinder bleibn sie Behutet			
Besiczet	unmatched	1		spreche ich Besiczet ir die			
Svndert	unmatched	1		andern volken Svndert ouch dorvmme			
weissagender	unmatched	1		dem ein weissagender valscher geist			
sterben;	unmatched	1		sol her sterben; mit steinen			
frvnden	unmatched	1		an seinen frvnden vnd an			
bescherren	unmatched	1		das houbt bescherren noch den			
snicz	unmatched	1		sullen keinen snicz machen an			
thohe	unmatched	1		weirouch W thohe bzde thoho			
ousgesaczet	unmatched	1		zu hurheit ousgesaczet sol her			
werden;	unmatched	1		nicht gemeiligt werden; noch sol			
cresmunge	unmatched	1		der heiligen cresmunge seines gotis			
vortribne	unmatched	1		vnd ein vortribne vnd ein			
vormeiligte	unmatched	1		vnd ein vormeiligte vnd ein			
pouil	unmatched	1		magschaft dem pouil seines volkis			
vlecten	unmatched	1		einer zu vlecten nasen oder			
tri	unmatched	1		oder mit tri LEUITICUS fenden			
hŏkrecht	unmatched	1		ougen oder hŏkrecht Ist das			
vortirbt	unmatched	1		vnreinikeit der vortirbt vor vnserm			
angreifunge	unmatched	1		vnreines des angreifunge ist vnrein			
Sturblinge	unmatched	1		ist es Sturblinge vnd was			
geheiligten;	unmatched	1		von den geheiligten; Das ingesinde			
kovfet	unmatched	1		der priester kovfet vnd der			
gebreutet	unmatched	1		volk wirt gebreutet von den			
czigen;	unmatched	1		vnd vz czigen; ist das			
ore	ambiguous	1	lemma_4447|lemma_48398	dem das ore oder der			
opfern;	unmatched	1		man das opfern; aber das			
vorkurczte	unmatched	1		brochen oder vorkurczte oder vorhowene			
vorhowene	unmatched	1		vorkurczte oder vorhowene oder abe			
ouslendigen	unmatched	1		hant eines ouslendigen sullet ir			
vorserit	unmatched	1		Und wenne vorserit vnd vormeiligt			
danksagunge	unmatched	1		der genaden danksagunge vnserm herren			
tvn;	unmatched	1		nicht doran tvn; der heilige			
veierlicher	unmatched	1		tag wirt veierlicher vnd heiliger			
sneidet	unmatched	1		wenne ir sneidet die sat			
gebundil	unmatched	1		sol das gebundil erheben vor			
vngemeiligtis	unmatched	1		toten ein vngemeiligtis ieriges lamp			
semilmvs	unmatched	1		vnd ein semilmvs vnd groupen			
groupen	unmatched	1		semilmvs vnd groupen Nicht sult			
erfullunge	unmatched	1		tag der erfullunge der sibenden			
gesowerteigter	unmatched	1		czwein czehenden gesowerteigter semeln; die			
semeln;	unmatched	1		czehenden gesowerteigter semeln; die sult			
erscholnen	unmatched	1		gedechtnusse mit erscholnen bu sovnen			
sovnen	unmatched	1		erscholnen bu sovnen vnd wirt			
werkliches	unmatched	1		herren alles werkliches werk zu			
sibn	unmatched	1		der geczelt sibn tage vnserm			
dienstliches	unmatched	1		sammenunge Alles dienstliches werk sult			
tag;	unmatched	1		wirt veier tag; das ist			
povmes	unmatched	1		eines schonen povmes vnd palmczweige			
palmczweige	unmatched	1		povmes vnd palmczweige vnd von			
czweige	unmatched	1		este dicker czweige vnd weiden			
herren\u0020gote	unmatched	1		vor ewerm herren\u0020gote Und veiern			
olpovmen	unmatched	1		ŏle von olpovmen reines vnd			
gefluchet	unmatched	1		vnd im gefluchet der wart			
fluchet	unmatched	1		der do fluchet seinem gote			
volkis;	unmatched	1		menge des volkis; Her sei			
anders;	unmatched	1		geb ein anders; das ist			
Czan	unmatched	1		vmme ouge Czan vmme czan			
euch;	unmatched	1		sei vnder euch; Es svnde			
mitlinge	unmatched	1		deinem ł mitlinge Und dem			
ekern	unmatched	1		ouf den ekern Die vordriste			
vordriste	unmatched	1		ekern Die vordriste frucht deines			
weinlesens	unmatched	1		frucht deines weinlesens soltu nicht			
wechsset	unmatched	1		also vil wechsset ouch das			
czelet	unmatched	1		der iare czelet also vil			
seet	unmatched	1		fruchte Und seet des achten			
ald	ambiguous	1	lemma_117|lemma_155	esset die ald frucht bis			
nevnde	unmatched	1		in das nevnde iare vncz			
vorarmet	unmatched	1		dein bruder vorarmet vnd vorkoufet			
erbil	unmatched	1		vorkoufet sein erbil vnd ist			
gevinden	unmatched	1		das lon gevinden zu ledigen			
loube	ambiguous	1	lemma_3856|lemma_3863	sol haben loube das zu			
gena	unmatched	1		in dem gena LEVITICUS den			
hŏue	unmatched	1		den Ir hŏue vor der			
sochender	unmatched	1		wirt vnd sochender hant vnd			
enpfehest	unmatched	1		vnd du enpfehest in sam			
Vŏrchte	unmatched	1		hast gegeben Vŏrchte deinen got			
louf	ambiguous	1	lemma_3858|lemma_3860	getreides vber louf soltu nicht			
sein;	unmatched	1		her dir sein; vncz bis			
gnadenreichen	unmatched	1		zu dem gnadenreichen iare sol			
nochkvmelingen	unmatched	1		zu ewern nochkvmelingen vnd sult			
vormugende	unmatched	1		Ist das vormugende wirt bei			
pilgereimes	unmatched	1		oder des pilgereimes vnd dein			
gefrunter	unmatched	1		vnd sein gefrunter nehster Und			
vormag	unmatched	1		es selbir vormag er lŏset			
Achtende	unmatched	1		lŏset sich Achtende also vil			
koufer	unmatched	1		gebe dem koufer das do			
vorgedienet	unmatched	1		im hat vorgedienet abgeslagen nicht			
freuelichn	unmatched	1		in peinigen freuelichn in deiner			
czeichenlichen	unmatched	1		noch keinen czeichenlichen stein legt			
czeitliche	unmatched	1		ich euch czeitliche regen geben			
ŏpfeln	unmatched	1		werden mit ŏpfeln erfullet Vnd			
sneidunge	unmatched	1		wirt der sneidunge snit das			
snit	ambiguous	1	lemma_26723|lemma_5594	der sneidunge snit das weinlesen			
bekvmmern	unmatched	1		weinlesen wirt bekvmmern das seen			
Uortilgen	unmatched	1		wirt erschrecken Uortilgen wil ich			
vor\u0020euch	unmatched	1		werden vallen vor\u0020euch Jagen wer			
wachsende;	unmatched	1		euch machen wachsende; gemeret werdet			
dienecht	unmatched	1		ir icht dienecht Und der			
vorwerfet	unmatched	1		das ir vorwerfet meine r			
gevressen	unmatched	1		veinden wirt gevressen Mein anblik			
anblik	unmatched	1		gevressen Mein anblik wil ich			
czuchtigunge	unmatched	1		e ewer czuchtigunge sibenveldiclich durch			
sibenveldiclich	unmatched	1		ewer czuchtigunge sibenveldiclich durch ewer			
Uorczert	unmatched	1		erde erein Uorczert wirt vnnuczlich			
veldiclich	unmatched	1		in siben veldiclich durch ewer			
werticlichen	unmatched	1		wandert wider werticlichen mir Und			
vlihet	unmatched	1		wenne ir vlihet in die			
strafen	ambiguous	1	lemma_5795|lemma_9414	wil euch strafen mit siben			
vorvunmenschen	unmatched	1		aptgote Und vorvunmenschen wirt euch			
vorkere	unmatched	1		ewer stete vorkere in ein			
enplosen	unmatched	1		vnd wil enplosen noch euch			
rousch	unmatched	1		wirt die rousch eines vligenden			
blatis	unmatched	1		eines vligenden blatis vnd also			
Uorterben	unmatched	1		wider steen Uorterben werdet ir			
gepflagt	unmatched	1		werden sie gepflagt vncz bis			
vnbesnitens	unmatched	1		wirt ir vnbesnitens hercze Und			
vorturben	unmatched	1		sie gar vorturben vnd irre			
sechczigsten	unmatched	1		czu dem sechczigsten iare gebe			
fŭnfczig	unmatched	1		gebe er fŭnfczig scot silbers			
meidil	unmatched	1		vor das meidil drei Uon			
vormuge	unmatched	1		das her vormuge zu geben			
gewechsiln	unmatched	1		heilig vnd gewechsiln mag her			
nicht;	unmatched	1		her das nicht; das ist			
posers	unmatched	1		noch ein posers mit einem			
wechsilt	unmatched	1		das er wechsilt vnd das			
poze	unmatched	1		ob es poze oder gut			
achtvnge	unmatched	1		teil der achtvnge hin vber			
schŏffeln	unmatched	1		mit dreissik schŏffeln beseet die			
gegelden	unmatched	1		als her gegelden mag als			
gnedigen	unmatched	1		zu dem gnedigen iare vnd			
geheiligter	unmatched	1		wirt ein geheiligter tag vnserm			
geho	unmatched	1		vnsern herren geho TICUS ret			
geachten	unmatched	1		mans mag geachten Alles das			
vlehunge	unmatched	1		Und alle vlehunge die man			
LIBRUM	unmatched	1		NUMERI PRIMUS LIBRUM svnder des			
funftes	unmatched	1		zu ir funftes teil Allerlei			
hirtens	unmatched	1		ruten des hirtens geen des			
wechselt	unmatched	1		andern vor wechselt Und das			
vorwechsilt	unmatched	1		das do vorwechsilt ist das			
leuiticus	unmatched	1		genant ist leuiticus ein ende			
Buch	ambiguous	1	lemma_14784|lemma_21151|lemma_912|lemma_936	czungen ein Buch der priesterschaft			
svnderliche	unmatched	1		vnd ir svnderliche namen was			
czelende	unmatched	1		andern menedis czelende sie durch			
ousczihende	unmatched	1		hin vber ousczihende zu streit			
ycleicher	unmatched	1		fint mit ycleicher namen von			
czalten	unmatched	1		die do czalten vnd vnd			
geslech	unmatched	1		in den geslech NUM ten			
geturmen	unmatched	1		noch seinen geturmen vnd scharen			
wachn	unmatched	1		menige Und wachn sullen sie			
hutten	ambiguous	1	lemma_2942|lemma_2947	in iren hutten des geczeldis			
svnderlich	unmatched	1		sprechende Icliche svnderlich noch iren			
sibenczigtousent	unmatched	1		vier vnd sibenczigtousent vnd sechs			
2ᵐraᵐ	unmatched	1		vnd funf 2ᵐraᵐ ii Nui			
Nui	unmatched	1		2ᵐraᵐ ii Nui NUM czig			
gestecken	unmatched	1		im haben gestecken die geczelt			
erstgeporner	unmatched	1		svne Sein erstgeporner dornach vnd			
gebroucht	unmatched	1		kinder vnd gebroucht vnd der			
Halt	ambiguous	1	lemma_2628|lemma_2629|lemma_2743	zu sprechende Halt zu dir			
ouswendiger	unmatched	1		priesterschaft Ein ouswendiger der zu			
gepurde	unmatched	1		die ersten gepurde in der			
mein;	unmatched	1		sint sie mein; ich herre			
gerson	unmatched	1		Die svne gerson vnd Die			
sinde	ambiguous	1	lemma_5432|lemma_5867	ge NUM sinde Die vnd			
vorhenget	unmatched	1		den man vorhenget in dem			
mande	ambiguous	1	lemma_3910|lemma_3966	von eynem mande vnd hin			
semlichs	unmatched	1		vnd alles semlichs gerete Aber			
wacher	unmatched	1		vber di wacher der hute			
beczelden	unmatched	1		seulen Und beczelden sullen sie			
czweivndczweinczig	unmatched	1		vber werden czweivndczweinczig tousent Und			
gepurte	unmatched	1		Die ersten gepurte vnd der			
sibenczigen	unmatched	1		drei vnd sibenczigen die do			
geczeuk	unmatched	1		arche des geczeuk NUMERI nusse			
gies	unmatched	1		morser vnd gies kopfe vnd			
vberhange	unmatched	1		mit einem vberhange von iacincten			
sul	ambiguous	1	lemma_5608|lemma_5855	mit dem sul len sie			
leschvassen	unmatched	1		czangen vnd leschvassen Und mit			
lucern	unmatched	1		anrichten der lucern notdurft sint			
vberdeke	unmatched	1		dorvber ein vberdeke iacincteiner heute			
purpureine	unmatched	1		in eine purpureine wat Und			
gebrouchet;	unmatched	1		seinem dienste gebrouchet; das ist			
fewerschirben	unmatched	1		haken vnd fewerschirben Alle vas			
vmhange	unmatched	1		mit einem vmhange iacincteiner heute			
gewinden	unmatched	1		nv ein gewinden vnd seine			
houflegunge	unmatched	1		die zu houflegunge des weirouches			
steticlichn	unmatched	1		das man steticlichn opfert vnd			
vnfer	unmatched	1		sint Und vnfer herre redte			
entscheiden	unmatched	1		vnd suln entscheiden yclicher werk			
iaren;	unmatched	1		zu funfczig iaren; czele alle			
dienstes;	unmatched	1		vas des dienstes; heissende vnd			
gepeude	unmatched	1		czu dem gepeude des gelubdes			
powrat	unmatched	1		vas vnd powrat an der			
fiten	unmatched	1		erfullen die fiten des geczeldis			
geender	unmatched	1		iare ein geender zu dem			
wonenden	unmatched	1		wenne sie wonenden sein mit			
vorsavmnŭsse	unmatched	1		vnd mit vorsavmnŭsse vbir treten			
peichtigen	unmatched	1		vnd vorlasen peichtigen sullen sie			
genomenlich	unmatched	1		priesters Ous genomenlich des widers			
ebrechn	unmatched	1		svnder das ebrechn ist vorporgen			
geczigen	unmatched	1		wanes wirt geczigen so fure			
vor\u0020sie	unmatched	1		vnd opfer vor\u0020sie das czehende			
gersteines	unmatched	1		czehende teil gersteines meles einer			
spurendes	unmatched	1		vnd ein spurendes opfer des			
heilieges	unmatched	1		sol her heilieges wasser in			
tennein	unmatched	1		in ein tennein vas vnd			
estreiche	unmatched	1		von dem estreiche des geczeldis			
vorbannen	unmatched	1		her mit vorbannen vorvluchte hat			
Vorkisende	unmatched	1		gemeiligt bist Vorkisende des mannes			
gehouffent	unmatched	1		ich vorvluchet gehouffent Ist aber			
vlŭchen	unmatched	1		manne den vlŭchen w wirstu			
Voulende	unmatched	1		seinem volke Voulende mache her			
vorvoule	unmatched	1		bouch geswellende vorvoule deine brust			
pŭchil	unmatched	1		in ein pŭchil die vorvluchten			
abtilgen	unmatched	1		sol sie abtilgen mit den			
vorfluchten	unmatched	1		her die vorfluchten hat gehoufent			
gehoufent	unmatched	1		vorfluchten hat gehoufent vnd geb			
enczŭnde	unmatched	1		opfert vnd enczŭnde das ouf			
vorsmehende	unmatched	1		ist vnd vorsmehende den man			
blasnem	unmatched	1		mit czu blasnem bouche vorvoulet			
vorvoulet	unmatched	1		blasnem bouche vorvoulet ir die			
wegit	unmatched	1		man der wegit von dem			
Essik	unmatched	1		sich enthalden Essik von weine			
gedrukt	unmatched	1		der weintrouben gedrukt wirt sullen			
Urische	unmatched	1		nicht trinken Urische weintrouben vnd			
trukne	unmatched	1		weintrouben vnd trukne sullen sie			
geheiliget;	unmatched	1		herren werden geheiliget; was von			
weinhŭlsen	unmatched	1		an die weinhŭlsen sullen sie			
gehlingen	unmatched	1		das ymant gehlingen vor im			
sibendes	unmatched	1		wider des sibendes tagis an			
ŏsterlichen	unmatched	1		korp mit ŏsterlichen broten die			
Opfernde	unmatched	1		vnserm herren Opfernde ouch do			
gesowerteigten	unmatched	1		vnd einen gesowerteigten kuchen ous			
sunen	ambiguous	1	lemma_5863|lemma_5883|lemma_5899	vnd seinen sunen Also sult			
licze	unmatched	1		ant ERI licze vnd erparme			
Wende	ambiguous	1	lemma_17788|lemma_7397|lemma_7479	dein W Wende vnser herre			
Anrufen	unmatched	1		dir fried Anrufen werden sie			
kresemte	unmatched	1		richte vnd kresemte vnd heiligte			
vordakte	unmatched	1		wurden Sechs vordakte wegen NUM			
pŭrden	unmatched	1		dienen Und pŭrden ouf iren			
Besvnderlich	unmatched	1		sprach zu Besvnderlich die fursten			
mŏrser	unmatched	1		Einen guldein mŏrser von czehen			
mŏrserl	unmatched	1		ein guldein mŏrserl das do			
ierigs	unmatched	1		vnd ein ierigs lamp zu			
schok	unmatched	1		vnd hundert schok scot ein			
weihrou	unmatched	1		scot voller weihrou ERI ches			
gewich	unmatched	1		an dem gewich NUM te			
czigenpoke	unmatched	1		wider funf czigenpoke funf ierige			
svnea	unmatched	1		opfer des svnea An dem			
heilicheit;	unmatched	1		opfer der heilicheit; ein guldein			
czwelften	unmatched	1		An dem czwelften tage der			
scot;	unmatched	1		vnd hundert scot; Czwelf ochsen			
weihung	unmatched	1		in der weihung des alters			
ratvregte	unmatched	1		so das ratvregte die bettafel			
winde	ambiguous	1	lemma_7630|lemma_7631|lemma_7638	gegen dem winde borea vber			
borea	unmatched	1		dem winde borea vber sehen			
mitterste	unmatched	1		wol der mitterste povm als			
ouswachsende	unmatched	1		der stengil ouswachsende ist Noch			
lauterunge	unmatched	1		wasser der lauterunge vnd sullen			
peuche	unmatched	1		alle weibes peuche in nym			
wuschen	unmatched	1		sie vnd wuschen ir gewant			
virczehnden	unmatched	1		an dem virczehnden tage des			
geratvragen	unmatched	1		das wir geratvragen w was			
osterbroten	unmatched	1		abende mit osterbroten vnd mit			
vberbleiben	unmatched	1		nicht lasen vberbleiben vncz bis			
rein	ambiguous	1	lemma_13912|lemma_21088|lemma_4835|lemma_4843|lemma_4848|lemma_4881	welcher aber rein ist vnd			
pilge	unmatched	1		Und der pilge ERI reime			
nevkumen	unmatched	1		vnd der nevkumen ob sie			
stackten	unmatched	1		seinem gepot stackten sie das			
doruf	unmatched	1		czeit bleib doruf so waren			
anbrechunge	unmatched	1		in der anbrechunge des tages			
purge;	unmatched	1		sie die purge; noch dem			
busovnest	unmatched	1		bewegit Und busovnest mit den			
erschellest	unmatched	1		einem male erschellest so sullen			
erschellunge	unmatched	1		das die erschellunge lenger vnd			
lout	ambiguous	1	lemma_3864|lemma_3867	dem andern lout vnd semelichem			
semelichem	unmatched	1		lout vnd semelichem clange der			
hellende	unmatched	1		andern tvn hellende die busovnen			
valdige	unmatched	1		das ein valdige volk der			
silouten	unmatched	1		vellen sullen silouten Die svne			
heulende	unmatched	1		sullet ir heulende mit den			
mane	ambiguous	1	lemma_3909|lemma_3957|lemma_3958|lemma_3961|lemma_3966|lemma_47314	einen newen mane habet busovnen			
ordenungen;	unmatched	1		vnd ir ordenungen; der furste			
oufrichtunge	unmatched	1		stat der oufrichtunge Die purge			
czihunge	unmatched	1		vnd die czihunge der durch			
geben;	unmatched	1		vns wil geben; kvm mit			
hunderte	unmatched	1		vorbrant das hunderte te teil			
anczundunge	unmatched	1		stat namen anczundunge do von			
gemischte	unmatched	1		das gemeine gemischte volke das			
begirunge	unmatched	1		in der begirunge des vleisches			
gesellende	unmatched	1		vnd weinte gesellende sich gleich			
kurbs	unmatched	1		vns die kurbs vnd pfeben			
pfeben	unmatched	1		kurbs vnd pfeben lauch vnd			
lauch	ambiguous	1	lemma_21803|lemma_3770	vnd pfeben lauch vnd czwiual			
dur	ambiguous	1	lemma_1258|lemma_8055	die ist dur ERI re			
bedellisch	unmatched	1		varbe als bedellisch harcz Und			
cloubte	unmatched	1		vmme vnd cloubte das vnd			
cochte	unmatched	1		morser vnd cochte das ī\u0020einem			
ī\u0020einem	unmatched	1		cochte das ī\u0020einem topfe vnd			
kuchelin	unmatched	1		dorous k kuchelin des smackes			
geŏltis	unmatched	1		smackes sam geŏltis brot Und			
trag	ambiguous	1	lemma_6169|lemma_6171	zu mir trag sie in			
Gibe	ambiguous	1	lemma_1839|lemma_1961	sie sprechende Gibe vns vleisch			
dvncket	unmatched	1		das anders dvncket so bite			
pŏsem	unmatched	1		also vil pŏsem icht werde			
absteige	unmatched	1		das ich absteige v vnd			
czehne	unmatched	1		funfe oder czehne noch czweinczig			
fuzgeende	unmatched	1		hundert tousent fuzgeende sint dises			
vnmugende	unmatched	1		vnsers herren vnmugende erst nv			
samende	unmatched	1		vnsers herren samende sibenczig man			
man;	unmatched	1		purgen czwen man; der eine			
beraste	unmatched	1		ouf den beraste der geist			
marithim	unmatched	1		erwelter ous marithim sprach M			
vorpent	unmatched	1		Mein herre vorpent vns Und			
sprachch	unmatched	1		Und was sprachch her hassestu			
hassestu	unmatched	1		sprachch her hassestu vor mich			
langes	ambiguous	1	lemma_32849|lemma_3595	purge also langes weges als			
trukenten	unmatched	1		mucken vnd trukenten sie in			
mŏrinne	unmatched	1		housvrowe die mŏrinne vnd sprachen			
gutigiste	unmatched	1		der aller gutigiste mensch vber			
gewulkens	unmatched	1		seule des gewulkens vnd stund			
semelicher	unmatched	1		nicht ein semelicher ist als			
getrewste	unmatched	1		ist der getrewste wenne von			
ratsal	unmatched	1		nicht durch ratsal vnd bei			
tŏrlichen	unmatched	1		di wir tŏrlichen habn begangen			
ouswurflink	unmatched	1		als ein ouswurflink das do			
gespeiet	unmatched	1		ir vater gespeiet in ir			
schamrote	unmatched	1		tage mit schamrote vnder gossen			
;	unmatched	1		geben wil ; y einen			
scepters	unmatched	1		geslechte des scepters der svn			
bese	unmatched	1		sante zu bese hen die			
vberczeitige	unmatched	1		man nv vberczeitige trouben mochte			
sniten	ambiguous	1	lemma_5593|lemma_5594	trouben Abe sniten si ein			
weinrebe	unmatched	1		si ein weinrebe mit irr			
trouben;	unmatched	1		mit irr trouben; die trugen			
czeigten	unmatched	1		aller menge czeigten sie die			
werlicher	ambiguous	1	lemma_7356|lemma_7493	gesant die werlicher dinge vleusset			
gesweigete	unmatched	1		Under des gesweigete des volkes			
schenten	unmatched	1		vns Und schenten die erde			
heunischem	unmatched	1		kinder von heunischem geslechte gegen			
gegleichet	unmatched	1		den wir gegleichet wurden gesehen			
preiten	unmatched	1		in diser preiten wustenunge O			
vmmegeczogen	unmatched	1		ouch heten vmmegeczogen die erde			
widerspennig	unmatched	1		Nicht seit widerspennig gegen vnserm			
vns;	unmatched	1		ist mit vns; nicht vorchtet			
erworffen	unmatched	1		steinen han erworffen Do erschein			
enczeuhet	unmatched	1		zu Worvmme enczeuhet mir das			
sterkers	unmatched	1		vnd ein sterkers wenne das			
Gegroset	unmatched	1		der wustenunge Gegroset werde dorvmme			
oufhebende	unmatched	1		vil barmherczicheit oufhebende die missetat			
vorlasende	unmatched	1		svnde vnd vorlasende keinen vnschuldigen			
Uorgib	unmatched	1		vierde geslechte Uorgib des bite			
enczogen	unmatched	1		die mir enczogen haben wirt			
talen	unmatched	1		in den talen morgen beweget			
leichnam;	unmatched	1		ewer toten leichnam; alle die			
mich;	unmatched	1		gemurmelt wider mich; nicht wert			
murmelnde	unmatched	1		hetten gemacht murmelnde alle menige			
schendende	unmatched	1		vnsern herren schendende die erde			
Bereit	ambiguous	1	lemma_526|lemma_527	vnd sprachen Bereit sei wir			
vbirtretit	unmatched	1		sprach Worvmme vbirtretit ir das			
vorplendet	unmatched	1		Und dise vorplendet czugen ouf			
vreiem	unmatched	1		oder von vreiem willen opfernde			
enczundende	unmatched	1		ewern hochczeiten enczundende suzen ruch			
bz	unmatched	1		opfern thoho bz de e			
sŭzem	unmatched	1		zu einem sŭzem ruche vnserm			
pŏcke	unmatched	1		lemmer vnd pŏcke also wol			
mvsen	unmatched	1		den zu mvsen sult ir			
gessenheit	unmatched	1		vor ERI gessenheit vbirtreit ichtesicht			
vbirtreit	unmatched	1		ERI gessenheit vbirtreit ichtesicht der			
irretum	unmatched	1		von irem irretum Und wirt			
frem	unmatched	1		als den frem NUM den			
spenig	unmatched	1		der wider spenig gewesen vorterben			
gemachet;	unmatched	1		her irre gemachet; dorvmme wirt			
wŭstnunge	unmatched	1		in der wŭstnunge vnd heten			
cloubende	unmatched	1		einen menschen cloubende holcz an			
vorslussen	unmatched	1		menige die vorslussen in in			
mentil	unmatched	1		winkel der mentil vnd legen			
iacincteine	unmatched	1		dor an iacincteine pendil Wen			
Wen	ambiguous	1	lemma_5933|lemma_5961|lemma_7355|lemma_7385|lemma_7427	iacincteine pendil Wen ERI ne			
vnkeuschende	unmatched	1		iren ougen vnkeuschende an mancherlei			
zvnen	unmatched	1		von den zvnen erstunden wider			
erstunden	unmatched	1		den zvnen erstunden wider vnd			
Lat	ambiguous	1	lemma_3567|lemma_3573	sprachen sie Lat euch genvgen			
Worzu	unmatched	1		vnser herre Worzu erhebit ir			
schŏpfet	unmatched	1		rat vnd schŏpfet fewer morgen			
stundet	unmatched	1		Und ERI stundet vor der			
dientet	unmatched	1		vnd im dientet Hat her			
heisen	unmatched	1		dich dorvmme heisen czu im			
rŭfte	unmatched	1		das her rŭfte vnd die			
tŏttest	unmatched	1		du vns tŏttest in der			
wurdest	unmatched	1		wŭstenunge vnd wurdest vber vns			
Werlicher	ambiguous	1	lemma_7356|lemma_7493	herschen NUM Werlicher dinge ein			
vleŭset	unmatched	1		do - vleŭset mit pechen			
honigseimes	unmatched	1		milch vnd honigseimes vnd hast			
weihrouch	unmatched	1		legt dorouf weihrouch opfernde vnserm			
rouchvasse	unmatched	1		vnd funfczig rouchvasse Und ouch			
gehoufet	unmatched	1		vnd heten gehoufet wider sie			
nei	unmatched	1		Die vilen nei ERI gende			
ergrimmet	unmatched	1		alles volke ergrimmet Und vnser			
nochvolgende	unmatched	1		zu vnd nochvolgende im die			
vorstrikt	unmatched	1		ir icht vorstrikt werdet in			
ousgeende	unmatched	1		geczelden vnd ousgeende stunden in			
vorgetragen	unmatched	1		dise han vorgetragen Ist das			
vorslindet	unmatched	1		mvnt vnd vorslindet sie vnd			
gehonet	ambiguous	1	lemma_2877|lemma_2884	das sie gehonet haben vnsern			
vorslinde	unmatched	1		icht ouch vorslinde die erde			
tŏden	unmatched	1		in den tŏden der svnder			
hemerte	unmatched	1		Und zu hemerte die in			
hynnach	unmatched	1		sie hetten hynnach mit den			
ergremset	unmatched	1		pflage hat ergremset Und do			
vorterpnusse	unmatched	1		do das vorterpnusse was gestillet			
entschuten	unmatched	1		von mir entschuten die clage			
gegrunet	unmatched	1		vant das gegrunet hett die			
knopfel	unmatched	1		het gewunnen knopfel vnd ousgesprosset			
ousgesprosset	unmatched	1		knopfel vnd ousgesprosset blute vnd			
pletir	unmatched	1		vnd ire pletir breite sie			
Uŏr	unmatched	1		mandil kern Uŏr trug dorvmme			
Trag	ambiguous	1	lemma_6169|lemma_6171	sprach zu Trag wider die			
widertraczenden	unmatched	1		czeichen der widertraczenden ERI vnd			
vorgenknvsse	unmatched	1		in die vorgenknvsse sey wir			
entreten	unmatched	1		alter nicht entreten das sie			
Wacht	unmatched	1		zu euch Wacht in der			
entspriesse	unmatched	1		das icht entspriesse ein czorn			
vmmehange	unmatched	1		vnder dem vmmehange sint durch			
mark	ambiguous	1	lemma_38867|lemma_3990	Alles das mark des oles			
lŏsunge	unmatched	1		losen Des lŏsunge sol werden			
Eyn	ambiguous	1	lemma_1331|lemma_2975|lemma_3028	des heiligtumes Eyn scot hat			
sŭzen	unmatched	1		in einem sŭzen ruche vnserm			
genugende	unmatched	1		sie besiczen genugende im an			
enpeute	unmatched	1		leuiten vnd enpeute in Wenne			
ousgescheiden	unmatched	1		dem herren ousgescheiden sullen sie			
schŏnste	unmatched	1		ir das schŏnste vnd das			
peste	ambiguous	1	lemma_594|lemma_597	vnd das peste opfert ous			
iochs	unmatched	1		noch nicht iochs hab getragen			
vorpru	unmatched	1		geceldis Und vorpru die das			
rotis	unmatched	1		ysop vnd rotis czwir geverbit			
NVM	unmatched	1		vnd wirt NVM vnrein bis			
schŭten	unmatched	1		sol sie schŭten ouserhalb den			
gewescht	unmatched	1		sein gewant gewescht der der			
vberliet	unmatched	1		hat ein vberliet noch kein			
vorpindunge	unmatched	1		noch kein vorpindunge doruber wirt			
vorbruvnge	unmatched	1		aschen der vorbruvnge v vnd			
ysop;	unmatched	1		ein reines ysop; der besprenge			
bemeiligunge	unmatched	1		mit semlicher bemeiligunge vorvnreinet Und			
vorvnreinet	unmatched	1		semlicher bemeiligunge vorvnreinet Und mit			
wasschen	unmatched	1		sprenget sol wasschen sein gewant			
czweivnge	unmatched	1		in eine czweivnge vnd sprachen			
geern	unmatched	1		man nicht geern mag; die			
mag;	unmatched	1		nicht geern mag; die wedir			
wedir	ambiguous	1	lemma_7434|lemma_7557	mag; die wedir veigen gepirt			
ŏpfel	unmatched	1		noch granat ŏpfel vnd vberal			
Herre\u0020got	unmatched	1		vnd sprachen Herre\u0020got erhore das			
murmelunge	unmatched	1		hore ir murmelunge Und vnsers			
sammete	unmatched	1		gepot vnd sammete die menige			
krigenden	unmatched	1		ir wider krigenden vnd ir			
vngeloubigen	unmatched	1		vnd ir vngeloubigen wenne ous			
ousgefuren	unmatched	1		wir euch ousgefuren wasser Und			
kislink	unmatched	1		czwir den kislink do giengen			
begriffen;	unmatched	1		vns hat begriffen; wie vnser			
czyme	unmatched	1		das vns czyme czu NUM			
gebente	unmatched	1		Durch die gebente strase wolle			
lone;	unmatched	1		an dem lone; nvr gar			
pitenden	unmatched	1		gehengen dem pitenden so das			
vorlihe	unmatched	1		das her vorlihe in zu			
enplosest	unmatched	1		wenne du enplosest den vater			
enploset	unmatched	1		her hette enploset seiner wat			
vorpant	unmatched	1		in Und vorpant sich in			
stŭrben	unmatched	1		das wir stŭrben in der			
wullet	unmatched	1		Unserr sele wullet nv vbir			
leichste	unmatched	1		dise aller leichste speise Umme			
Bite	ambiguous	1	lemma_687|lemma_722	wider dich Bite das her			
czeichen;	unmatched	1		zu einem czeichen; welcher do			
natir	unmatched	1		ein ereine natir vnd saczte			
esron	unmatched	1		der wustenunge esron vnd liget			
geneigen	unmatched	1		haben sich geneigen so das			
sesen	unmatched	1		in vnd sesen in den			
gegrabn	unmatched	1		brvnne den gegrabn habn die			
stebin	unmatched	1		in iren stebin Und sie			
lantstrase	unmatched	1		In der lantstrase wolle wir			
geczihn	unmatched	1		bis wir geczihn durch deine			
stetlin	unmatched	1		in irn stetlin Die stat			
sprichworte	unmatched	1		in einem sprichworte Kvmet dan			
Vewer	unmatched	1		die stat Vewer ist komen			
Uorgangen	unmatched	1		We dir Uorgangen bistu volke			
in;	unmatched	1		Nicht vorchte in; Wenne in			
sturm	ambiguous	1	lemma_48340|lemma_5847	vnd seinen sturm nicht gehalten			
pflucken	unmatched	1		abe zu pflucken Aber her			
bedeckit	unmatched	1		von das bedeckit die angesicht			
Kvme	unmatched	1		wider mich Kvme dorvmme vnd			
ousgetreiben	unmatched	1		ł das ousgetreiben muge ous			
vlŭche	unmatched	1		den du vlŭche h houfenst			
houfenst	unmatched	1		vlŭche h houfenst Nu czogen			
voriagen	unmatched	1		muge sie voriagen Und got			
czwiuelnde	unmatched	1		Nicht sovme czwiuelnde kvmen zu			
levte	unmatched	1		sint dise levte sto ste			
sto	unmatched	1		dise levte sto ste ouf			
vmmevangen;	unmatched	1		weingerten waren vmmevangen; den sach			
eslinge	unmatched	1		sach die eslinge vnd fugte			
geweichen	unmatched	1		lincken mochte geweichen vnd stund			
siczeres	unmatched	1		ires ouf siczeres Und her			
knvttil	unmatched	1		mit einem knvttil Und vnser			
slehstu	unmatched	1		sich worvmme slehstu mich zu			
vordienet	unmatched	1		es hast vordienet vnd hast			
vorspot	unmatched	1		hast mich vorspot O vnd			
erslŭge	unmatched	1		ich dich erslŭge Und die			
semeliches	unmatched	1		y hab semeliches getan Und			
worumme	unmatched	1		der engil worumme hastu zu			
steenden	unmatched	1		dem wider steenden dich hette			
stvndest	unmatched	1		das du stvndest wider mich			
eusseristen	unmatched	1		in den eusseristen der stat			
quamestu	unmatched	1		rufte Worvmme quamestu nicht zu			
zukvnfte	unmatched	1		ich deiner zukvnfte lon nicht			
er\u0020gabe	unmatched	1		do sante er\u0020gabe zu vnd			
fŭrt	unmatched	1		wart do fŭrt er in			
leiten	ambiguous	1	lemma_19575|lemma_3674|lemma_3692	rede do leiten sie mit			
gegienk	unmatched	1		hin ERI gegienk do gienk			
vorvluch	unmatched	1		NUM Wie vorvluch ich dem			
vorbannet	unmatched	1		herre nicht vorbannet Uon den			
vorvluchtest	unmatched	1		Das du vorvluchtest meinen veinden			
czuntem	unmatched	1		en ERI czuntem opfer vncz			
erfullit	unmatched	1		das nicht erfullit Czu gesegen			
gefurt;	unmatched	1		her zu gefurt; den segen			
czouberlist	unmatched	1		noch kein czouberlist in NUM			
vluchst	unmatched	1		Weder du vluchst noch gesegenst			
gepute	unmatched	1		mir got gepute Und sprach			
anderstat	unmatched	1		an ein anderstat ob leichte			
vluchest	unmatched	1		von danne vluchest Und do			
hŏrer	unmatched	1		hat der hŏrer der rede			
weldechtin	unmatched	1		als die weldechtin tal als			
cedirpovm	unmatched	1		als die cedirpovm neben dem			
wasservasse	unmatched	1		Ous seinem wasservasse vleusset wasser			
Uressen	unmatched	1		ein horne Uressen werden die			
geschossen	ambiguous	1	lemma_2205|lemma_5235	stechen mit geschossen Leinende hat			
Leinende	unmatched	1		mit geschossen Leinende hat her			
gewecken	unmatched	1		nymant tar gewecken Wer dir			
benvmten	unmatched	1		beroubt der benvmten eren Und			
vbirtreten	unmatched	1		mag ich vbirtreten die rede			
vorbrenge	unmatched	1		oder boses vorbrenge ous meinem			
horer	unmatched	1		hat der horer der rede			
Entspriessen	unmatched	1		aber nahen Entspriessen wirt ein			
geuellet	unmatched	1		Das erbe geuellet seinen veinden			
Anevank	unmatched	1		vnd sprach Anevank der heiden			
nest	ambiguous	1	lemma_4281|lemma_4337	seczest dein nest vnd wirst			
geruderten	unmatched	1		in drilch geruderten schiffen von			
srahel	unmatched	1		CAPITULUM ERI srahel aber in			
abkere	unmatched	1		so das abkere mein czorn			
Uorterbe	unmatched	1		den richtern Uorterbe ein yclicher			
israhelischn	unmatched	1		noch dem israhelischn manne in			
her͛re	unmatched	1		Und vnser her͛re sprach zu			
geczurnet	unmatched	1		her hat geczurnet vmme seinen			
getŏtit	unmatched	1		do wart getŏtit mit der			
madianitinne	unmatched	1		mit der madianitinne was der			
madianitische	unmatched	1		Vorwar das madianitische wip die			
abtgotis	unmatched	1		lagen des abtgotis vnd in			
XXUICAPITULUM	unmatched	1		a ber XXUICAPITULUM dornach do			
Czelet	unmatched	1		des priesters Czelet alle iarczal			
entstunden	unmatched	1		die do entstunden gegen vnd			
geczenke	unmatched	1		in dem geczenke do sie			
allerczal	unmatched	1		geslechte der allerczal was czwei			
magschaft;	unmatched	1		durch ire magschaft; von dem			
svne;	unmatched	1		der hette svne; von dem			
magescheften	unmatched	1		in iren magescheften von dem			
benentnusse	unmatched	1		czal der benentnusse zu\u0020iren erben			
zu\u0020iren	unmatched	1		der benentnusse zu\u0020iren erben D			
leui	unmatched	1		die gesinde leui Das gesinde			
geczencke	unmatched	1		in dem geczencke das do			
rechtis	unmatched	1		im Ein rechtis dink heischen			
brvder	unmatched	1		ist dein brvder Wenne ir			
enwoldet	unmatched	1		nige noch enwoldet mich nicht			
Uorbesehe	unmatched	1		Dem antworte Uorbesehe im got			
eeuerte	unmatched	1		houbt vnd eeuerte alles das			
Ungemeiligter	unmatched	1		opfern sullet Ungemeiligter ieriger lemmer			
stetliche	unmatched	1		ist das stetliche ganczenczunte opfer			
geuset	unmatched	1		von rechte geuset in allen			
ganczenczvntem	unmatched	1		opfern zu ganczenczvntem opfer dem			
Ganczenczuntes	unmatched	1		yclichem lamme Ganczenczuntes opfer des			
vmgeenden	unmatched	1		in dem vmgeenden iare noch			
ganczenczvntes	unmatched	1		ir weirouch ganczenczvntes opfer dem			
gutige	unmatched	1		das her gutige den herren			
stetlichen	unmatched	1		das ir stetlichen opfert Also			
Ungemeiligt	unmatched	1		opfer speise Ungemeiligt sult ir			
opferspeisen	unmatched	1		mit iren opferspeisen etcetera uch			
dienstlichs	unmatched	1		heilig Alles dienstlichs werck sult			
dirklengunge	unmatched	1		tack der dirklengunge vnd der			
busov	unmatched	1		vnd der busov ERI nen			
selbenden	unmatched	1		tak des selbenden manden wirt			
svunde	unmatched	1		vor die svunde an die			
zu\u0020den	unmatched	1		widern vnd zu\u0020den schafen sult			
vierczehehen	unmatched	1		vngemeiligter lemmer vierczehehen vnd yclicher			
veiern;	unmatched	1		ir richticlichen veiern; Und czigen			
richticlich	unmatched	1		sult ir richticlich halden Und			
iuncvrowlichem	unmatched	1		noch in iuncvrowlichem wesen; Ist			
wesen;	unmatched	1		in iuncvrowlichem wesen; Ist das			
vorsaczt	unmatched	1		dem sie vorsaczt hat ir			
hovse	unmatched	1		in dem hovse ires mannes			
vasten	ambiguous	1	lemma_6768|lemma_6769	sie mit vasten oder mit			
enthaldunge	unmatched	1		mit anderlei enthaldunge peinige ire			
vorczeuhet	unmatched	1		tak das vorczeuhet das vrteil			
iuncvroulichn	unmatched	1		in dem iuncvroulichn wesen ist			
Rich	ambiguous	1	lemma_4823|lemma_4872|lemma_4913	zu sprechende Rich zu dem			
bereiter	unmatched	1		geslechten ous bereiter zu dem			
castellen	unmatched	1		vnd ire castellen vorbrante das			
tousentern	unmatched	1		heres den tousentern vnd den			
hundertern	unmatched	1		vnd den hundertern die do			
derkant	unmatched	1		do man derkant haben in			
erwurgit	unmatched	1		slafen die erwurgit Aber die			
palgen	unmatched	1		von czigen palgen vnd von			
czyn	unmatched	1		eisen vnd czyn vnd blei			
achczigtousent	unmatched	1		tousent vnd achczigtousent schaf vnd			
sibenczik	unmatched	1		funf vnd sibenczik schaf; Und			
schaf;	unmatched	1		vnd sibenczik schaf; Und von			
sibenczik;	unmatched	1		czwen vnd sibenczik; Uon den			
gevilen	unmatched	1		tousent menschen gevilen zu teile			
gewesen;	unmatched	1		streite waren gewesen; Uon dem			
dreisik	unmatched	1		siben vnd dreisik tousenten vnd			
funfczigiste	unmatched	1		nam das funfczigiste houbt vnd			
Bein	ambiguous	1	lemma_4664|lemma_471	mochten vinden Bein gespan achsil			
armgespan	unmatched	1		vingerlein vnd armgespan vnd kethlein			
kethlein	unmatched	1		armgespan vnd kethlein so das			
yclicer	unmatched	1		scot Wenne yclicer was her			
genvgsames	unmatched	1		vnser herre genvgsames landes ist			
cenezyn	unmatched	1		svn den cenezyn vnd den			
derstanden	unmatched	1		ir seit derstanden vor ewer			
vorlest	unmatched	1		der wustenunge vorlest er das			
czymmern	unmatched	1		wolle wir czymmern vnd stelle			
vnbeschuldet	unmatched	1		werdet ir vnbeschuldet bei dem			
entvt	unmatched	1		vnd nicht entvt nymant sei			
enczihen	unmatched	1		euch nicht enczihen wollen in			
bowten	unmatched	1		vmringe Dorvmme bowten di kinder			
powten	unmatched	1		kinder vorwar powten vnd vnd			
meon	unmatched	1		baal vnd meon vnd vorkarten			
bekvmmerte	unmatched	1		czoch vnd bekvmmerte ire dorfer			
auothair	unmatched	1		nante er auothair das ist			
vorwandelten	unmatched	1		geheisse gotis vorwandelten Ous czogen			
herre;	unmatched	1		geslagen vnser herre; Wenne ouch			
stacten	unmatched	1		sie vnd stacten ire geczelt			
belsatim	unmatched	1		bis zu belsatim an den			
ebuisten	unmatched	1		an den ebuisten steten der			
einczihen	unmatched	1		vber den einczihen in die			
weitiste	unmatched	1		geben das weitiste vnd den			
sudenische	unmatched	1		geen das sudenische teil vber			
scorpionen	unmatched	1		gesteige der scorpionen also das			
heiset	unmatched	1		das do heiset vnd werden			
mitternachte	unmatched	1		an der mitternachte teil von			
geczilt	unmatched	1		danne werden geczilt die ende			
daphen	unmatched	1		dem brvnne daphen Uon danne			
bekvmen	unmatched	1		Uon danne bekvmen sie gegen			
geslosse	unmatched	1		den si geslosse Dise erde			
in steten	unmatched	1		sie ouch in steten bleiben vnd			
schrite	ambiguous	1	lemma_5310|lemma_5313|lemma_5316	verre tousent schrite reichen Gegen			
cziles	unmatched	1		teil semliches cziles wirt Und			
freivnge	unmatched	1		gesundert zu freivnge den vlŭchtigen			
vlŭchtigen	unmatched	1		freivnge den vlŭchtigen so das			
vorgeuset	unmatched	1		der do vorgeuset blut Und			
gemenlich	unmatched	1		Und ous gemenlich der anderr			
czwuvnd	unmatched	1		der anderr czwuvnd virczig stete;			
stete;	unmatched	1		czwuvnd virczig stete; das ist			
vluchtige	unmatched	1		wenne der vluchtige vleuhet der			
frŭnt	unmatched	1		vleuhet der frŭnt des vorderbten			
vorderbten	unmatched	1		frŭnt des vorderbten mag in			
gesteet	unmatched	1		bis her gesteet in die			
wurf	ambiguous	1	lemma_7490|lemma_7734	vnd der wurf totet gleicher			
slahers	unmatched	1		mit des slahers blut wirt			
gerochen	ambiguous	1	lemma_4823|lemma_4901	wirt her gerochen Der nehste			
ersla	unmatched	1		nehste des ersla W e			
tŏten	unmatched	1		den manslechtigen tŏten zu hant;			
manslechte	unmatched	1		wirt der manslechte schuldig des			
ervorschet	unmatched	1		vrage wirt ervorschet erledigt sol			
rachers	unmatched	1		ous des rachers hende vnd			
vorterber	unmatched	1		das der vorterber ous den			
enlenden	unmatched	1		die den enlenden sint benvmet			
vlŭchtige	unmatched	1		solde der vlŭchtige vncz bis			
bischoues	unmatched	1		tot des bischoues in der			
slechtige	unmatched	1		der man slechtige wider keren			
blutes;	unmatched	1		ist des blutes; Czu hant			
sterbn	unmatched	1		her ouch sterbn Die vortribnen			
vortribnen	unmatched	1		sterbn Die vortribnen vnd die			
mŭgen	unmatched	1		mit nichte mŭgen gekeren wider			
vnschuldigem	unmatched	1		die mit vnschuldigem blute wirt			
teiltest	unmatched	1		dem los teiltest die erde			
benvmtes	unmatched	1		gebist ir benvmtes erbe Dise			
vmteilunge	unmatched	1		schanden die vmteilunge der los			
gepitende	unmatched	1		den vnd gepitende im der			
Breuten	unmatched	1		ist geoffenbart Breuten sullen sie			
vormischet	unmatched	1		das icht vormischet werde die			
weibesnam	unmatched	1		vnd alle weibesnam man sullen			
vetters	unmatched	1		svnen irs vetters von dem			
berichten	unmatched	1		an zu berichten die e			
vornvnftige	unmatched	1		man vnd vornvnftige v Und			
Tousenter	unmatched	1		zu fursten Tousenter vnd h			
⫶ten	unmatched	1		euch ler ⫶ten ycliche dink			
potscheften	unmatched	1		vns wider potscheften durch welchen			
beschowten	unmatched	1		weintrouben vnd beschowten die erde			
fruchtperkeit	unmatched	1		erczeigten ire fruchtperkeit vnd brachten			
Gut	ambiguous	1	lemma_2551|lemma_2573	vnd sprachen Gut ist die			
murmmelte	unmatched	1		herren gotes murmmelte ir in			
risen	ambiguous	1	lemma_4882|lemma_4883|lemma_4884|lemma_4928	kinder die risen hab wir			
svnel	unmatched	1		sein cleines svnel in allem			
beczilet	unmatched	1		vnd hat beczilet die stat			
czeigende	unmatched	1		des nachtes czeigende euch den			
bŏsen	unmatched	1		leuten dicz bŏsen geslechtes die			
gevolgt	unmatched	1		hat noch gevolgt dem herren			
wŭrden	unmatched	1		sie gevangen wŭrden gefurt vnd			
czoget	unmatched	1		in wapen czoget ouf den			
enstreitet	unmatched	1		ouf noch enstreitet wenne ich			
widerwertik	unmatched	1		horen svnder widerwertik dem gepot			
pinen	ambiguous	1	lemma_4664|lemma_4665	iagen die pinen vnd slug			
weintet	unmatched	1		quamet vnd weintet vor vnserm			
saset	unmatched	1		gehengen Nu saset ir dorvmme			
IICAPᵐ	unmatched	1		czeit nd IICAPᵐ von danne			
vicht	ambiguous	1	lemma_6784|lemma_7614	mir Nicht vicht wider die			
czŭgen	unmatched	1		das wir czŭgen vber die			
vberczuge	unmatched	1		zu dem vberczuge der bach			
streitest	unmatched	1		dv icht streitest wider sie			
vorwenen	unmatched	1		ist sie vorwenen vnd in			
vortilgende	unmatched	1		wonen zu vortilgende die do			
cittern	unmatched	1		geperenden dir cittern vnd mit			
roubenden	unmatched	1		wart den roubenden vnd die			
enpflŭhe	unmatched	1		vnsern henden enpflŭhe Unser herregot			
etcetera͛	unmatched	1		herre got etcetera͛ nd III			
slŭgen	unmatched	1		vnd wir slŭgen sie vncz			
kvnicreiches	unmatched	1		reich des kvnicreiches zu Alle			
vngemowerte	unmatched	1		rigeln an vngemowerte merckte vngeczalter			
vngeczalter	unmatched	1		vngemowerte merckte vngeczalter die nicht			
czweir	unmatched	1		lant von czweir kvnige handen			
sarion	unmatched	1		die nennen sarion vnd die			
sanir	unmatched	1		vnd die sanir Alle stete			
eiserens	unmatched	1		vnd sein eiserens pette czeigt			
czeigt	unmatched	1		eiserens pette czeigt man d			
besase	unmatched	1		die erde besase wir in			
Gewapent	ambiguous	1	lemma_7328|lemma_9689	czu erbe Gewapent vorczihet ewern			
vorczihet	unmatched	1		erbe Gewapent vorczihet ewern brudern			
her\u0020allen	unmatched	1		also tu her\u0020allen reichen zu			
grŏse	unmatched	1		czeigen deine grŏse vnd deine			
gegleichen	unmatched	1		vnd sich gegleichen deiner sterke			
czŭrnte	unmatched	1		der herre czŭrnte mir durch			
ŏsten	unmatched	1		vnd gegen ŏsten sich wenne			
gepent	unmatched	1		disen Svnder gepent vnd creftige			
tei	unmatched	1		wirt in tei NOMIUS len			
anpeter	unmatched	1		alle seine anpeter ous ewer			
vortigen	unmatched	1		disen gegen vortigen tack lebte			
vornvnft	unmatched	1		vnd ewer vornvnft vor den			
vornvnftiges	unmatched	1		volk vnd vornvnftiges gros geslechte			
sorgueldiclich	unmatched	1		dich selben sorgueldiclich vnd deine			
veierlichen	unmatched	1		die elichen veierlichen gepot vnd			
sorgueldiclichen	unmatched	1		besiczen Behutet sorgueldiclichen ewer selen			
gleichnŭsse	unmatched	1		oder allirlei gleichnŭsse des vihes			
gevŏgels	unmatched	1		himel des gevŏgels oder krichender			
krichender	unmatched	1		gevŏgels oder krichender tir die			
hebest	unmatched	1		leichte ouf hebest deine ougen			
geschopfet	unmatched	1		do hat geschopfet dein herre			
eisereinen	unmatched	1		ous dem eisereinen ofen DEUTRO			
ofen	ambiguous	1	lemma_27916|lemma_4536	dem eisereinen ofen DEUTRO der			
czŭge	unmatched	1		noch ein czŭge in die			
vberczihen	unmatched	1		werdet dor vberczihen vnd werdet			
vorgestest	unmatched	1		etwenne icht vorgestest des frides			
gleichnvs	unmatched	1		machet etwas gleichnvs volprengende poses			
volprengende	unmatched	1		etwas gleichnvs volprengende poses vor			
vberczihende	unmatched	1		die ir vberczihende den werdet			
richen	ambiguous	1	lemma_4823|lemma_4872|lemma_4875|lemma_51788	essen noch richen Und aldo			
kvnt	unmatched	1		y worden kvnt so das			
vorsuchunge	unmatched	1		heiden mit vorsuchunge vnd mit			
gesichten	unmatched	1		vnd vorchtlichen gesichten noch allem			
wŏstest	unmatched	1		das du wŏstest wenne der			
ŏstenischen	unmatched	1		gegen dem ŏstenischen teile so			
wŏllende	unmatched	1		do nicht wŏllende der sluge			
vorgelegt	unmatched	1		e die vorgelegt hat vor			
mitler	unmatched	1		vnd ein mitler czwischen got			
gegrabne	unmatched	1		mache dir gegrabne pilde noch			
vnnvczlich	unmatched	1		namen gotis vnnvczlich wenne nicht			
vngepeinigt	unmatched	1		bleibt her vngepeinigt der vber			
vnnvcze	unmatched	1		der vber vnnvcze dink nennet			
almechticheit	unmatched	1		got sein almechticheit vnd seine			
geprŭfet	unmatched	1		haben heute geprŭfet das redende			
vorwarste	unmatched	1		geczelt Du vorwarste hie mit			
UICAPITULUM	unmatched	1		ewer besitczunge UICAPITULUM ᵐ as			
ᵐ	unmatched	1		besitczunge UICAPITULUM ᵐ as sint			
vberczihet	unmatched	1		der ir vberczihet die zu			
enynkeln	unmatched	1		vnd deinen enynkeln alle die			
u	ambiguous	1	lemma_2|lemma_56117	honikseim Hŏre u Unser herre			
hŭte	unmatched	1		gesetet so hŭte d dich			
vorsuchen	unmatched	1		Nicht soltu vorsuchen deinen herren			
proutschaft	unmatched	1		mit in proutschaft Dein tochter			
betrenget	unmatched	1		wenne sie betrenget deinen svn			
vorhowe	unmatched	1		ire welde vorhowe vnd ire			
vorbrŭet	unmatched	1		ire pilde vorbrŭet wenne du			
behŭt	unmatched	1		vnd hat behŭt den eit			
czustrewe	unmatched	1		er sie czustrewe vnd lenger			
vorczihe	unmatched	1		lenger nicht vorczihe rischlich in			
rischlich	unmatched	1		nicht vorczihe rischlich in gebende			
vordienen	unmatched	1		das sie vordienen Behute dorvmme			
gehorst	unmatched	1		Wenne du gehorst die gerichte			
vnfruchtbers	unmatched	1		bei dir vnfruchtbers ous beiden			
gegaten	unmatched	1		ous beiden gegaten also wol			
bŏse	unmatched	1		die gar bŏse seuchen der			
einfŭren	unmatched	1		her nicht einfŭren dir svnder			
Vressen	unmatched	1		deinen veinden Vressen wirstu als			
oufgerakten	unmatched	1		vnd einen oufgerakten arme so			
meklich	unmatched	1		deiner angesicht meklich vnd mit			
muschest	unmatched	1		gar zu muschest Ire pild			
vorsere	unmatched	1		dir noch vorsere dich dorvmme			
nichtefnicht	unmatched	1		Noch trage nichtefnicht ein von			
vormeiligunge	unmatched	1		als ein vormeiligunge vnd vorvnmenschet			
vleisiclich	unmatched	1		gepite behute vleisiclich das du			
wostest	unmatched	1		nicht en wostest Und du			
wast	ambiguous	1	lemma_11843|lemma_7704	du behullet wast mit nichte			
ab;	unmatched	1		nam das ab; dein fus			
vndertreten	unmatched	1		wart nicht vndertreten Nu sich			
virczigste	unmatched	1		sich das virczigste iare ist			
behal	unmatched	1		das du behal NOMIUS dest			
opfel	unmatched	1		vnd granat opfel vnd ŏlgerten			
vbervlussicheit	unmatched	1		aller dinge vbervlussicheit gebrouchest des			
geseggenst	unmatched	1		sat wirdest geseggenst deinem herren			
Behald	unmatched	1		hat gegeben Behald vnd behute			
vorsoumest	unmatched	1		gotes vnd vorsoumest sein gepot			
gissest	unmatched	1		wenne du gissest vnd wirst			
gepowest	unmatched	1		schone heuser gepowest in in			
bruende	unmatched	1		natern waren bruende mit blasen			
scorpion	unmatched	1		blasen vnd scorpion vnd durst			
necerl	unmatched	1		vnd durst necerl Vnd gar			
speiste	unmatched	1		steinen vnd speiste euch mit			
gepflagte	unmatched	1		her dich gepflagte vnd vorsuchte			
vorgissest	unmatched	1		das du vorgissest deines herren			
nachvolgest	unmatched	1		gotes vnd nachvolgest fremden goten			
Ore	ambiguous	1	lemma_4447|lemma_48398	gotes etcetera Ore CAPITULUM Du			
hoes	unmatched	1		volk vnd hoes die k			
vressendes	unmatched	1		dir ein vressendes fewer vnd			
besese	unmatched	1		die erde besese wenne durch			
czeuhestu	unmatched	1		deines herczens czeuhestu ein so			
hertneckigs	unmatched	1		bist ein hertneckigs volk eines			
hălses	unmatched	1		gar herten hălses Gedenke vnd			
gekriegt	unmatched	1		habt ir gekriegt Und ouch			
dofur	unmatched	1		was Und dofur quamen virczig			
hielde	unmatched	1		des gelubdes hielde in beiden			
zumischte	unmatched	1		zu stucken zumischte ich das			
vlehelichen	unmatched	1		ich in vlehelichen bat das			
vorstŏre	unmatched	1		got nicht vorstŏre dein volk			
gerakten	unmatched	1		deinem ouf gerakten arme etcetera			
Polire	unmatched	1		zu mir Polire dir anderr			
tabeln	unmatched	1		anderr czwu tabeln steineiner als			
wasserbeche	unmatched	1		erden der wasserbeche Czu der			
vorgee	unmatched	1		Gee vnd vorgee dem volke			
Besneidet	unmatched	1		wirt geprufet Besneidet dorvmme die			
herschenden	unmatched	1		herre der herschenden groser got			
ousge	unmatched	1		vnd sein ousge NOMIUS rakten			
czeiche	unmatched	1		rakten arme czeiche vnd werk			
bovmgerten	unmatched	1		vnd noch bovmgerten siten wasser			
pergecht	unmatched	1		veuchten svnder pergecht vnd veldecht			
veldecht	unmatched	1		pergecht vnd veldecht von himel			
peitende	unmatched	1		von himel peitende der regen			
eulenden	unmatched	1		Und seine eulenden sint dorinne			
czeitlichn	unmatched	1		ewerr erden czeitlichn vnd speten			
speten	unmatched	1		czeitlichn vnd speten so das			
anpetet	unmatched	1		vnd die anpetet Und czornig			
legest	unmatched	1		wege vnd legest dich vnd			
vorstoret	unmatched	1		im so vorstoret der herre			
trittet	unmatched	1		die do trittet ewer fuz			
vluch;	unmatched	1		vnd den vluch; Den segen			
gepite;	unmatched	1		euch hevte gepite; Den vluch			
angepetet	unmatched	1		heiden haben angepetet ire gote			
czweigechten	unmatched	1		vnder allem czweigechten holcze Czu			
Czustŏret	unmatched	1		zu slahet Czustŏret ire namen			
fridlichen	unmatched	1		vnd ewer fridlichen opfer tir			
zurue	unmatched	1		ir kvmen zurue vnd zu			
ị́ṇ̣	unmatched	1		gelobt habet ị́ṇ̣ dem herren			
hyn¬	unmatched	1		do du hyn¬ rekkest deine			
rekkest	unmatched	1		du hyn¬ rekkest deine hant			
doꝛv̆mme	unmatched	1		sele Und doꝛv̆mme soltu nicht			
volgst	unmatched	1		icht noch volgst dor nach			
grousamkeit	unmatched	1		wenne alle grousamkeit die do			
vorpruende	unmatched	1		tŏchter vnd vorpruende sie in			
met	ambiguous	1	lemma_4103|lemma_4172	ku NOMIUS met das her			
trovmers	unmatched	1		noch des trovmers wenne euch			
vorkerte	unmatched	1		her euch vorkerte von ewerm			
anvange	unmatched	1		Uon dem anvange vncz bis			
gehorche	unmatched	1		veter nicht gehorche im noch			
vortrage	unmatched	1		in noch vortrage im dein			
vorhelest	unmatched	1		erbarmest vnd vorhelest in svnder			
sorgiclichen	unmatched	1		enwisset suche sorgiclichen vnd vleissiclichen			
czunde	unmatched	1		der stat czunde das an			
vorczerest	unmatched	1		alles das vorczerest deinem herren			
vorsneidet	unmatched	1		gotis Nicht vorsneidet euch noch			
czinses	unmatched	1		seines erb czinses ous allen			
wisent	ambiguous	1	lemma_7540|lemma_7660	steinbock den wisent den pigar			
pigar	unmatched	1		wisent den pigar vnd den			
orix	unmatched	1		vnd den orix vnd den			
camelebart	unmatched	1		vnd den camelebart Alle tir			
inczwei	unmatched	1		tir die inczwei spalden die			
drukken	unmatched	1		vnd in drukken sult ir			
camele	unmatched	1		essen Den camele den hasen			
indrucken	unmatched	1		wenne sie indrucken vnd teilent			
teilent	unmatched	1		indrucken vnd teilent NOMIUS nicht			
sow	unmatched	1		Und die sow wenne die			
rvren	unmatched	1		totes an rvren Dise sult			
ixon	unmatched	1		sprinczel den ixon den geier			
lar	ambiguous	1	lemma_11761|lemma_3575	vnd den lar vnd den			
toucher	unmatched	1		storchen den toucher den pellican			
vledirmous	unmatched	1		vnd die vledirmous vnd alles			
tŏdlink	unmatched	1		welches ein tŏdlink ist von			
vorwandel	unmatched	1		in gelt vorwandel das vnd			
gesetic	unmatched	1		vnd werden gesetic so das			
gebunge	unmatched	1		vor DEUTRO gebunge die des			
geveiert	unmatched	1		ordens schol geveiert werden Wem			
gevordern	unmatched	1		her nicht gevordern wenne es			
petler	unmatched	1		kein ł petler wirt sein			
leihende	unmatched	1		gib im leihende das du			
bŏser	unmatched	1		velschlich rate bŏser gedancke vnd			
vorgebvnge;	unmatched	1		iar der vorgebvnge; vnd wendest			
erclichn	unmatched	1		tu nichtesnicht erclichn in seinen			
notdurftikeiten	unmatched	1		in seinen notdurftikeiten vf zu			
lesist	unmatched	1		die du lesist deine hant			
hebreinne	unmatched	1		oder ein hebreinne vnd dir			
wegestewer	unmatched	1		im eyn wegestewer von deiner			
ousgeen	unmatched	1		wil nicht ousgeen do von			
ale	ambiguous	1	lemma_22020|lemma_22573	nym ein ale vnd durch			
hinkende	unmatched	1		oder sei hinkende oder blint			
sewer	unmatched	1		pflage der sewer Wenne in			
ousczihunge	unmatched	1		tages deiner ousczihunge von alle			
getŏtet	unmatched	1		das do getŏtet ist des			
ousczogist	unmatched	1		do du ousczogist von vnd			
besammenunge	unmatched	1		ist die besammenunge deines herren			
besammest	unmatched	1		Wenne du besammest von dem			
new̆	unmatched	1		vnd der new̆ kvmene vnd			
osterlichn	unmatched	1		In der osterlichn hochczeit vnd			
Uolge	unmatched	1		der gerechten Uolge dem nach			
pflancze	unmatched	1		got Nicht pflancze welde noch			
vngenemes	unmatched	1		oder ichtesicht vngenemes wenne ein			
czeugen	unmatched	1		hende der czeugen sullen anheben			
oufheben	unmatched	1		das si oufheben das pŏse			
czweiuelndes	unmatched	1		sweres oder czweiuelndes gerichte bei			
hochuertigt	unmatched	1		Welcher aber hochuertigt wollende nicht			
hantreichet	unmatched	1		der czeit hantreichet deinem herren			
blehe	unmatched	1		sich zu blehe in hochvart			
vorwerren	unmatched	1		betrigen vnd vorwerren seinen mvt			
vnmeclichen	unmatched	1		noch goldes vnmeclichen last Dor			
last	ambiguous	1	lemma_3567|lemma_3629	goldes vnmeclichen last Dor nach			
gesiczet	unmatched	1		her nv gesiczet ouf dem			
geſlechtes	unmatched	1		des leuitischen geſlechtes vnd wirt			
opferunge	unmatched	1		vnd sein opferunge werden sie			
beuchil	unmatched	1		vnd das beuchil Die erstlinge			
bescherunge	unmatched	1		von aller bescherunge Wenne in			
steunge	unmatched	1		veterlicher noch steunge gepuret Wenne			
czoubrer	unmatched	1		der do czoubrer bevorsche vnd			
bevorsche	unmatched	1		do czoubrer bevorsche vnd halde			
ratvrage	unmatched	1		geiste Noch ratvrage die valschen			
Uolkumen	unmatched	1		ewerm eingange Uolkumen wirstu sein			
geweiset	unmatched	1		anders an geweiset Einen propheten			
besammet	unmatched	1		die sammenunge besammet ł was			
sweigender	unmatched	1		das du sweigender gedancken antwortest			
antwortest	unmatched	1		sweigender gedancken antwortest wie mag			
nămen	unmatched	1		in dem nămen des herren			
enkvmet	unmatched	1		das nicht enkvmet das hat			
vbirmvte	unmatched	1		von dem vbirmvte seines mutes			
hevsern	unmatched	1		in irn hevsern Drei stete			
bereitende	unmatched	1		zu besiczunge bereitende vleissiclich den			
vluchtig	unmatched	1		der do vluchtig ist durch			
einveldiclich	unmatched	1		geprufet svnder einveldiclich mit im			
abhovunge	unmatched	1		in der abhovunge des holczes			
gegliten	unmatched	1		vnd das gegliten von dem			
helb	unmatched	1		von dem helb geslăgen hat			
geslăgen	unmatched	1		dem helb geslăgen hat seinen			
ḍ̣ẹṛ	unmatched	1		der vor ḍ̣ẹṛ vorgesprochen stete			
vorhabende	unmatched	1		gegen im vorhabende der ist			
beczeiget	unmatched	1		ist wirt beczeiget Dorvmme so			
teilest	unmatched	1		czwischen in teilest Wenne aber			
laget	ambiguous	1	lemma_15339|lemma_3770	nehsten vnd laget seinem leben			
vleuht	unmatched	1		stirbt vnd vleuht zu der			
ny̆m	unmatched	1		sei Nicht ny̆m vnd ous			
ymanden	unmatched	1		geczeug wider ymanden welcherlei die			
lugenhaftiger	unmatched	1		steet ein lugenhaftiger geczeug wider			
besagende	unmatched	1		menschen in besagende vmme vberkerunge			
vleissiclichn	unmatched	1		sie vorschende vleissiclichn der vinden			
erschrecke	unmatched	1		streit nicht erschrecke ewer hercze			
vorschreien	unmatched	1		here sullen vorschreien welcher der			
angehabn	unmatched	1		do hat angehabn zu bowen			
new̆es	unmatched	1		bowen ein new̆es hous vnd			
volbrenge	unmatched	1		ein anderr volbrenge das welcher			
gemăchet	unmatched	1		noch nicht gemăchet sei gemeine			
vorchtsamen	unmatched	1		vnd eynes vorchtsamen herczen der			
bestreite	unmatched	1		streit so bestreite sie Und			
beligest	unmatched	1		Wenne du beligest ein stat			
werungen	unmatched	1		vnd mit werungen sie vmmeringest			
vmmeringest	unmatched	1		werungen sie vmmeringest so das			
slahest	unmatched	1		sie ous slahest n nicht			
eksin	unmatched	1		noch mit eksin soltu nicht			
hantwerk	unmatched	1		vnd powe hantwerk vncz bis			
grŏsern	unmatched	1		geen die grŏsern der gepurt			
pflukschar	unmatched	1		mit der pflukschar vnd furen			
schrouechtis	unmatched	1		in ein schrouechtis vnd steinechtis			
steinechtis	unmatched	1		schrouechtis vnd steinechtis tal das			
hengit	unmatched	1		iren worten hengit alles geschefte			
vorkou	unmatched	1		vrei nicht vorkou NOMIUS fen			
hassende	unmatched	1		vnd der hassende svn ist			
vorgeseczen	unmatched	1		erstgepornen vnd vorgeseczen der gehessigen			
czwiueldiclich	unmatched	1		hat alle czwiueldiclich Diser ist			
grevlichen	unmatched	1		vnd einen grevlichen der do			
Begreiffen	unmatched	1		sein vorsmehet Begreiffen sullen sie			
widerspenik	unmatched	1		diser ist widerspenik stolczirnde vnd			
stolczirnde	unmatched	1		ist widerspenik stolczirnde vnd hochuertig			
hochuertig	unmatched	1		stolczirnde vnd hochuertig vnser geheisse			
vnkeuschheit	unmatched	1		vnd der vnkeuschheit vnd honiln			
honiln	unmatched	1		vnkeuschheit vnd honiln geet er			
vormeilige	unmatched	1		mit nichte vormeilige dein erde			
nahner	unmatched	1		sei dein nahner bruder noch			
vorsovme	unmatched	1		vindest nicht vorsovme das als			
vremdis	unmatched	1		als ein vremdis Ist das			
grousam	unmatched	1		gewant Wenne grousam ist bei			
vogilnest	unmatched	1		erden ein vogilnest vnd die			
eiern	unmatched	1		oder vber eiern nicht soltu			
powest	unmatched	1		Wenne du powest ein newes			
gleitende	unmatched	1		vnd trege gleitende einem andern			
wulleinem	unmatched	1		sint ous wulleinem vnd ous			
Snvrlein	unmatched	1		ous leineinem Snvrlein soltu machen			
mantils	unmatched	1		winkel deines mantils mit dem			
werworter	unmatched	1		vnd suchet werworter dorvmme her			
vorpusen	unmatched	1		dor vber vorpusen mit hundert			
magtum	unmatched	1		ist der magtum ous sullen			
măn	unmatched	1		stat Den măn dorvmme das			
gedemutigt	unmatched	1		das her gedemutigt hat die			
pfadhouch	unmatched	1		sam ein pfadhouch der do			
bedeckunge	unmatched	1		decken sein bedeckunge etcetera icht			
muschten	unmatched	1		mit zu muschten oder ous			
gesnitenem	unmatched	1		mit abe gesnitenem czagil in			
vorvnmenschen	unmatched	1		Nicht soltu vorvnmenschen den wenne			
newkvmner	unmatched	1		bist ein newkvmner gewesen in			
voderunge	unmatched	1		zu der voderunge der naturen			
naturen	ambiguous	1	lemma_14755|lemma_4318	voderunge der naturen tragende einen			
gesiczest	unmatched	1		wenne du gesiczest so grabe			
gegeest	unmatched	1		zv stule gegeest so bedecke			
ken	ambiguous	1	lemma_2007|lemma_3538	wer DEUTRO ken in der			
vodert	unmatched	1		wenne das vodert dein herre			
wirstv	unmatched	1		mvnde das wirstv halden vnd			
vnreinlichkeit	unmatched	1		durch etliche vnreinlichkeit so schreibe			
ny̆mt	unmatched	1		ist vnd ny̆mt einen andern			
vorfurende	unmatched	1		ein mensch vorfurende seinen bruder			
vallest	unmatched	1		du icht vallest in den			
sorgveldiclich	unmatched	1		erfulle das sorgveldiclich Gedenket was			
voderst	unmatched	1		keinerlei dink voderst das her			
bedurfenden	unmatched	1		lon dem bedurfenden deines armen			
newkvmen	unmatched	1		dem NOMIUS newkvmen der mit			
stewert	unmatched	1		von dem stewert her sein			
vorgessende	unmatched	1		acker vnd vorgessende lesest ligen			
olpovm	unmatched	1		lisest deiner olpovm was do			
olper	unmatched	1		bleibet DEUTRO olper ouf den			
bleibenden	unmatched	1		sammen die bleibenden weinkorner svnder			
weinkorner	unmatched	1		die bleibenden weinkorner svnder si			
vircziger	unmatched	1		die czal vircziger slege nicht			
vorpinden	unmatched	1		Nicht soltu vorpinden den mvnt			
trettet	unmatched	1		tenne zu trettet dein getreide			
bevrage	unmatched	1		stat vnd bevrage die grosten			
speie	unmatched	1		fuze vnd speie im vnder			
entschuchten	unmatched	1		Hous des entschuchten Ist das			
sterkern	unmatched	1		hant des sterkern vnd NOMIUS			
grŏsers	unmatched	1		gewichte ein grŏsers vnd ein			
grŏserr	unmatched	1		sein ein grŏserr schŏffil vnd			
minnerr	unmatched	1		vnd ein minnerr in deinem			
gerechtis	unmatched	1		soltu haben gerechtis vnd warhaftis			
warhaftis	unmatched	1		gerechtis vnd warhaftis vnd ein			
warhaftir	unmatched	1		vnd ein warhaftir so das			
czogist	unmatched	1		du ous czogist von wie			
vorkrancket	unmatched	1		mit arbeit vorkrancket vnd vorchten			
gewirfet	unmatched	1		dir vnder gewirfet in deinem			
czeineine	unmatched	1		in ein czeineine cistel vnd			
bekennende	unmatched	1		leiste gehorsam bekennende heute vor			
echte	ambiguous	1	lemma_1323|lemma_95	gotis Der echte meinen vater			
Blicke	ambiguous	1	lemma_756|lemma_757	hast gepoten Blicke herre von			
scheflich	unmatched	1		seist sein scheflich volk als			
einczihest	unmatched	1		das du einczihest in die			
vngeformten	unmatched	1		vnd von vngeformten steinen vnd			
slechtlich	unmatched	1		diser e slechtlich vnd vornemlich			
vornemlich	unmatched	1		slechtlich vnd vornemlich Und vnd			
lauter	ambiguous	1	lemma_3867|lemma_3870	mannen mit lauter stimme Vorvluchet			
Vorvluchet	unmatched	1		lauter stimme Vorvluchet sei der			
hantwercker	unmatched	1		hende der hantwercker vnd seczet			
krechse	unmatched	1		tregt die krechse seines nehsten			
vorkert	unmatched	1		der do vorkert das gerichte			
pettes	unmatched	1		decke seines pettes vnd sprechen			
enbleibet	unmatched	1		der nicht enbleibet in den			
volbrenget	unmatched	1		mit werken volbrenget Vnd sprechen			
Erwekken	unmatched	1		wirst nemen Erwekken wirt dich			
bovches	unmatched	1		fruchte deines bovches vihes der			
neigest	unmatched	1		dich nicht neigest von in			
rinderhert	unmatched	1		erden Die rinderhert deiner ochsen			
Uorvlucht	unmatched	1		deiner schaf Uorvlucht wirstu ous			
Senden	ambiguous	1	lemma_5396|lemma_69474	ein geende Senden wirt v			
tevrunge	unmatched	1		vber dich tevrunge vnd hunger			
eynczeuhest	unmatched	1		der du eynczeuhest sie zu			
Sla	ambiguous	1	lemma_5523|lemma_5525	zu besiczen Sla DEUTRO hen			
czitterns	unmatched	1		mit armute czitterns vnd vrostes			
dorrens	unmatched	1		vrostes vnd dorrens vnd lechczens			
lechczens	unmatched	1		dorrens vnd lechczens vnd mit			
pŏser	unmatched	1		vnd mit pŏser luft vnd			
trittest	unmatched	1		die du trittest sei eiserein			
vordewet	unmatched	1		mist wirt vordewet Und mit			
grinde	unmatched	1		Und mit grinde vnd mit			
rouden	unmatched	1		vnd mit rouden also das			
vnsinnikeit	unmatched	1		herre mit vnsinnikeit vnd mit			
tastest	unmatched	1		d du tastest zu mittem			
musestu	unmatched	1		Alle czeit musestu leiden valsche			
besa	unmatched	1		leiden valsche besa NOMIUS gunge			
gunge	unmatched	1		besa NOMIUS gunge vnd mit			
vorczagende	unmatched	1		ougen vnd vorczagende zu irr			
erschreckende	unmatched	1		tage vnd erschreckende zu irem			
erschreknusse	unmatched	1		zu irem erschreknusse die do			
waden	ambiguous	1	lemma_32942|lemma_7418	in den waden Vnd heil			
enweist	unmatched	1		du nichte enweist vnd dienen			
wurmet	unmatched	1		vorwustet mit wurmet Ŏlgerten wirstu			
Ŏlgerten	unmatched	1		mit wurmet Ŏlgerten wirstu haben			
vrolichkeit	unmatched	1		vnd in vrolichkeit deines herczens			
vbirvlussikeit	unmatched	1		durch die vbirvlussikeit aller deiner			
naktum	unmatched	1		vnd in naktum vnd in			
adilares	unmatched	1		eines vligenden adilares mit sturme			
arkheftiges	unmatched	1		macht ein arkheftiges volk geslechte			
schafhert	unmatched	1		hert vnd schafhert bis her			
strew̆et	unmatched	1		dich czu strew̆et vnd vorterbet			
hattest	unmatched	1		die dv hattest hoffenunge in			
czarter	unmatched	1		veint Ein czarter mensch seines			
vnkeuscher	unmatched	1		gar ein vnkeuscher wirt hassen			
czarte	unmatched	1		vnd ein czarte die ouf			
fuztrit	unmatched	1		noch ein fuztrit nicht geseczen			
geseczen	unmatched	1		fuztrit nicht geseczen durch ir			
voulen	unmatched	1		vber die voulen vnreinen neczil			
beligunge	unmatched	1		in der beligunge vnd der			
werhafte	unmatched	1		pflage vnd werhafte gar pose			
gevorchtet	unmatched	1		du hast gevorchtet vnd die			
czumuschet	unmatched	1		her dich czumuschet vnd werdet			
vormenge	unmatched	1		der himel vormenge Wenne ir			
strewende	unmatched	1		vrewen zu strewende euch vnd			
vmmekerende	unmatched	1		euch vnd vmmekerende so das			
fuztriten	unmatched	1		rue deinen fuztriten wenne geben			
vorchtsames	unmatched	1		got ein vorchtsames hercze vnd			
riben	ambiguous	1	lemma_4925|lemma_9507	wirst czu riben vnd das			
vornemendes	unmatched	1		herre ein vornemendes hercze vnd			
vortorben	unmatched	1		nicht sint vortorben ewer gewant			
wŏstet	unmatched	1		das ir wŏstet wenne her			
vornemet	unmatched	1		das ir vornemet alles das			
holczhower	unmatched	1		genomen die holczhower vnd die			
erwekke	unmatched	1		her dich erwekke im zu			
bestetige	unmatched	1		eide ich bestetige svnder alle			
czweik	unmatched	1		vnder ein czweik geperende galle			
geperende	unmatched	1		ein czweik geperende galle vnd			
trvnkene	unmatched	1		neme die trvnkene den durstigen			
enpfecht	unmatched	1		wie groslich enpfecht sein czorn			
vorczere	unmatched	1		himel vnd vorczere in in			
pflaget	unmatched	1		den die pflaget vnser herre			
vorbruende	unmatched	1		vnser herre vorbruende die ł			
grvnnendes	unmatched	1		noch keinerlei grvnnendes gepiret In			
gepiret	unmatched	1		keinerlei grvnnendes gepiret In ein			
vmkerunge	unmatched	1		beispel der vmkerunge vnd vnd			
enwosten	unmatched	1		ł nicht enwosten Und den			
vnmute	unmatched	1		in grosem vnmute vnd geworfen			
Orvmme	unmatched	1		XXX CAPITULUM Orvmme wenne ouf			
gehorchest	unmatched	1		im vnd gehorchest seiner gepitunge			
herrczen	unmatched	1		ganczem deinem herrczen vnd in			
gesegende	unmatched	1		behalden vnd gesegende dir; groserr			
Besneiden	unmatched	1		deine veter Besneiden wirt vnser			
wenn̆e	unmatched	1		dinge mildicheit wenn̆e wider DEUTRO			
bekerest	unmatched	1		geschriben vnd bekerest dich zu			
werclich	unmatched	1		das vnd werclich volbringen das			
sachest	unmatched	1		das du sachest vnd sprechest			
einczeuhest	unmatched	1		der du einczeuhest si zu			
betest	unmatched	1		irresal betrogen betest an vremde			
vorgest	unmatched	1		das du vorgest vnd kurcze			
Keuse	unmatched	1		den vluch Keuse dorvmme das			
czweynczik	unmatched	1		bin ich czweynczik vnd hundert			
vorgebbunge	unmatched	1		iares der vorgebbunge in der			
rende	unmatched	1		ho DEUTRO rende in vnd			
ersteen	unmatched	1		volk wirt ersteen vnd wirt			
vorczerunge	unmatched	1		in ein vorczerunge Uinden wirt			
helen	ambiguous	1	lemma_2736|lemma_2753	vnd vor helen meyn antlicz			
gedechticlich	unmatched	1		sie es gedechticlich halden vnd			
gefure	unmatched	1		sie ein gefure in die			
geschreib	unmatched	1		do her geschreib di wort			
widerspeniclichen	unmatched	1		ir steticlich widerspeniclichen getan wider			
Besamment	unmatched	1		ich gesterbe Besamment zu mir			
ge¬	unmatched	1		durch ewer ge¬ ł slechte			
ạṇ	unmatched	1		himel vnd ạṇ ̣ erden			
̣	unmatched	1		vnd ạṇ ̣ erden Wenne			
Ŏret	unmatched	1		er das Ŏret ir himel			
mvndes	unmatched	1		wort meines mvndes Wachse in			
vliesse	unmatched	1		mein lere vliesse als der			
gekose	ambiguous	1	lemma_18760|lemma_3386	taw mein gekose als ein			
volkvmen	unmatched	1		werk sint volkvmen vnd alle			
richtig	unmatched	1		gerecht vnd richtig Gesvndigt haben			
torechtis	unmatched	1		herren du torechtis volk vnd			
vnweises	unmatched	1		vnd du vnweises Ist her			
wusten	ambiguous	1	lemma_7672|lemma_7705	in der wusten erden an			
growens	unmatched	1		stat des growens vnd in			
ougapfel	unmatched	1		als den ougapfel seines ougens			
vleuget	unmatched	1		keuchel vnd vleuget vbir sie			
vlugel	unmatched	1		vnd seine vlugel zu breite			
eese	unmatched	1		das her eese die fruchte			
czigenpŏcke	unmatched	1		Und die czigenpŏcke mit dem			
marcke	ambiguous	1	lemma_10010|lemma_38867|lemma_3990	mit dem marcke des weiczes			
cleriste	unmatched	1		das allir cleriste blut der			
kalczet	unmatched	1		hat wider kalczet gemestet geveistet			
geveistet	unmatched	1		kalczet gemestet geveistet vnd geweitet			
Vorlasen	unmatched	1		vnd geweitet Vorlasen hat her			
Gereiczet	unmatched	1		seinem heile Gereiczet haben sie			
grousamen	unmatched	1		vnd in grousamen svnden zu			
vrische	unmatched	1		Newe vnd vrische sint komen			
schŏpfers	unmatched	1		herren deines schŏpfers Der herre			
Uorpergen	unmatched	1		seine tochter Uorpergen wil ich			
merkken	unmatched	1		vnd wil merkken ire leczten			
eitelkeiten	unmatched	1		in iren eitelkeiten Und ich			
reiczen	unmatched	1		wil sie reiczen an dem			
torechten	unmatched	1		in einem torechten volke wil			
pruen	ambiguous	1	lemma_26715|lemma_900	das wirt pruen vncz bis			
herben	unmatched	1		einem gar herben bisse Die			
reissender	unmatched	1		Die czene reissender tyr wil			
sleppende	unmatched	1		grymme sie sleppende ouf der			
Ouswendig	unmatched	1		der natern Ouswendig wirt sie			
sougenden	unmatched	1		iuncvrowe den sougenden mit dem			
vorczogen	unmatched	1		ich das vorczogen das leicht			
dorvm̆me	unmatched	1		Uor war dorvm̆me wenne ir			
gallen	ambiguous	1	lemma_15516|lemma_15517|lemma_1878|lemma_1879|lemma_28409	weinper der gallen vnd allirherbiste			
allirherbiste	unmatched	1		gallen vnd allirherbiste trouben Trachen			
vnheiliche	unmatched	1		wein vnd vnheiliche natern gift			
gift	ambiguous	1	lemma_1961|lemma_2394	vnheiliche natern gift Sint die			
geczeichent	unmatched	1		mir vnd geczeichent in meinen			
horden	ambiguous	1	lemma_2903|lemma_2908	in meinen horden Mein ist			
gleite	unmatched	1		ir fuz gleite Bei ist			
vorczaget	unmatched	1		vorslossen sint vorczaget vnd die			
nŏten	unmatched	1		in ewern nŏten Sehet das			
Trunken	ambiguous	1	lemma_21607|lemma_6207	wider gelden Trunken wil ich			
gevenknus	unmatched	1		von der gevenknus des enplosten			
richet	ambiguous	1	lemma_4823|lemma_4875	seiner diener richet her vnd			
geschribn	unmatched	1		alle die geschribn sint in			
kartet	unmatched	1		ir vber kartet wider mich			
heili	unmatched	1		lere dem heili DEUTRO gen			
vngevrteilt	unmatched	1		vorsuchet hast vngevrteilt czu den			
widersagens	unmatched	1		wassern des widersagens Der do			
gekŏse	unmatched	1		behutet dein gekŏse vnd deinen			
Legen	ambiguous	1	lemma_16149|lemma_3674|lemma_3770	e o Legen werden sie			
epfiln	unmatched	1		von den epfiln des himels			
vnderligenden	unmatched	1		von der vnderligenden apgrunde von			
opfiln	unmatched	1		von den opfiln der fruchte			
ŏpfiln	unmatched	1		Uon den ŏpfiln der ewigen			
fewereinen	unmatched	1		in dem fewereinen pusche erschein			
Einhornes	unmatched	1		seine schŏne Einhornes horner sint			
vbergus	unmatched	1		die den vbergus des meres			
vorporgin	unmatched	1		vnd die vorporgin hŏrde des			
hŏrde	unmatched	1		die vorporgin hŏrde des sandes			
sandes	unmatched	1		hŏrde des sandes Und zu			
geschuhe	unmatched	1		ere sein geschuhe als die			
vordirb	unmatched	1		wirt sprechen vordirb wirt wonen			
genibelt	unmatched	1		towe werden genibelt Selig bistu			
pukler	unmatched	1		vnd der pukler deiner helfe			
Louken	unmatched	1		deiner eren Louken werden dein			
stĕig	unmatched	1		etcetera dorvmme stĕig ouf von			
podem	unmatched	1		allen den podem die erde			
preite	unmatched	1		Und die preite des veldis			
vortunkelten	unmatched	1		starp Nicht vortunkelten im seine			
Γ	unmatched	1		et cetera Γ \\\\\\\\\\\\\\\\\\\ alhie			
\\\\\\\\\\\\\\\\\\\	unmatched	1		cetera Γ \\\\\\\\\\\\\\\\\\\ alhie hat			
Pucher	unmatched	1		die funf Pucher des dieners			
fuses	unmatched	1		trit ewers fuses wil ich			
rechtliche	unmatched	1		tust alle rechtliche e die			
leitestu	unmatched	1		dorinne Denne leitestu deinen wek			
vornymest	unmatched	1		wek vnd vornymest in Sich			
Ioſue	unmatched	1		zu besiczen Ioſue W e			
vechtet	unmatched	1		hant vnd vechtet vor sie			
widersprichet	unmatched	1		deinem mvnde widersprichet vnd nicht			
gehorchet	unmatched	1		vnd nicht gehorchet aller deiner			
menlichn	unmatched	1		vnd tv menlichn Nu II			
vorporgenlich	unmatched	1		svn von vorporgenlich czwen man			
vrowenhous	unmatched	1		in einer vrowenhous einer huren			
sŏler	unmatched	1		in den sŏler ires houses			
stuppeln	unmatched	1		sie mit stuppeln die aldo			
vorte	ambiguous	1	lemma_7201|lemma_7208	zu dem vorte des Und			
Lagen	ambiguous	1	lemma_15339|lemma_3770	die do Lagen vorholn Und			
sochende	unmatched	1		vns vnd sochende sint worden			
getrukkent	unmatched	1		der herre getrukkent hab die			
sochet	unmatched	1		ser hercze sochet noch nicht			
vorretest	unmatched	1		vns nicht vorretest Und wenne			
besamme	unmatched	1		dein geslechte besamme in dein			
melden	ambiguous	1	lemma_18428|lemma_4070	du vns melden wollest vnd			
red	ambiguous	1	lemma_4826|lemma_4830	vnd dise red brengen vnder			
reyne	ambiguous	1	lemma_4848|lemma_4881	die mitte reyne werde wir			
strank	unmatched	1		den roten strank an das			
Jene	unmatched	1		das venster Jene vorwar wandernde			
vberczogen	unmatched	1		vnd den vberczogen heten IOSUE			
gegeet	unmatched	1		ir ein gegeet ein teil			
nidrist	unmatched	1		die zu nidrist sint werden			
vorvliessen	unmatched	1		sint werden vorvliessen vnd vorgeen			
besteen	unmatched	1		werden sie besteen Ous czoch			
getvnket	unmatched	1		eines teiles getvnket heten in			
gehorsamen	unmatched	1		durch die gehorsamen wasser czoch			
steckit	unmatched	1		diser nacht steckit die geczelt			
Vorgangen	ambiguous	1	lemma_67213|lemma_6851	in antworten Vorgangen waren die			
vŏrchten	unmatched	1		si in vŏrchten als sie			
trevgende	unmatched	1		czoch den trevgende vnser herre			
trukkente	unmatched	1		das her trukkente vncz bis			
OꝚ	unmatched	1		et cetera OꝚ U CAPITULUM			
getrvkkent	unmatched	1		herre hette getrvkkent den vlus			
besneid	unmatched	1		herre vnd besneid in der			
vmmeczihunge	unmatched	1		gar lange vmmeczihunge der wege			
geporen	ambiguous	1	lemma_1953|lemma_1964	als sie geporen waren in			
vnbesneidunge	unmatched	1		in der vnbesneidunge sie waren			
gemuze	unmatched	1		brot vnd gemuze des selben			
gebrouchunge	unmatched	1		busovnen der gebrouchunge ist in			
brochner	unmatched	1		vnd zu brochner vnd in			
dirreiset	unmatched	1		ewer oren dirreiset so schol			
gewapente	unmatched	1		vnd alles gewapente h her			
wuchczet	unmatched	1		Schreiet vnd wuchczet Nu vmme			
busovnende	unmatched	1		geende vnd busovnende Und das			
anmerkunge	unmatched	1		an der anmerkunge des tagis			
geschicket	ambiguous	1	lemma_2203|lemma_5231	es was geschicket sibenstvnt Und			
sibenstvnt	unmatched	1		was geschicket sibenstvnt Und do			
erclengten	unmatched	1		die busovnen erclengten do sprach			
ereiner	unmatched	1		sei vnd ereiner vas v			
erhale	unmatched	1		der menige erhale vnd schreiende			
mow̆ern	unmatched	1		volk di mow̆ern der stat			
spehern	unmatched	1		die zu spehern wurden gesant			
vorpunden	unmatched	1		eide habet vorpunden Und ein			
schaczkamer	unmatched	1		in die schaczkamer vnsers herren			
heiligten	unmatched	1		vnsers herren heiligten vorwar die			
powet	unmatched	1		vnd wider powet die stat			
ire\u0020teil	unmatched	1		secze er ire\u0020teil Nu was			
vberkarten	unmatched	1		ber CAPITULUM vberkarten brechende das			
brechende	unmatched	1		CAPITULUM vberkarten brechende das gepot			
vorspehet	unmatched	1		ouf vnd vorspehet die erde			
vorspehten	unmatched	1		gepot vnd vorspehten vnd IOSUE			
czihent	unmatched	1		tousent man czihent vnd vortilgen			
gepfotiget	unmatched	1		vmme sust gepfotiget wider gar			
strouchende	unmatched	1		zu vnd strouchende vilen sie			
vorlurest	unmatched	1		vnd sie vorlurest O were			
Hŏren	unmatched	1		rucke keren Hŏren werden das			
voreynet	unmatched	1		werden sie voreynet vnd werden			
vmmeringen	unmatched	1		werden vns vmmeringen vnd werden			
Gesvndet	unmatched	1		der erden Gesvndet hat vnd			
vorvluchtis	unmatched	1		got Ein vorvluchtis ist in			
vortvmet	unmatched	1		her ist vortvmet in den			
besvnderliche	unmatched	1		her in besvnderliche man vnd			
vorpirge	unmatched	1		getan nicht vorpirge das Und			
steinten	unmatched	1		vnd in steinten alles volk			
welte	ambiguous	1	lemma_7474|lemma_7494	gegen Und welte ous dreissik			
nochia	unmatched	1		bis sie nochia verre von			
wenen	ambiguous	1	lemma_7355|lemma_7480	sie vns wenen als vor			
nochiagende	unmatched	1		vnd iene nochiagende sult ir			
gevahet	unmatched	1		ir sie gevahet so czundet			
czundet	unmatched	1		gevahet so czundet sie an			
vmmeringet	unmatched	1		heres vnd vmmeringet sie mit			
vŏrchtende	unmatched	1		erczeigten sich vŏrchtende vnd vlohen			
nochvolgte	unmatched	1		der nicht nochvolgte als sie			
lagten	unmatched	1		die do lagten stvnden ouf			
nachiagten	unmatched	1		die do nachiagten blikten vmme			
iagende	unmatched	1		gewant sie iagende sterklichen Und			
lebendink	unmatched	1		sie ouch lebendink den kvnik			
vorwar\u0020czoch	unmatched	1		der stat vorwar\u0020czoch nicht zu			
gerecket	unmatched	1		hoe hett gerecket vncz bis			
czvnte	unmatched	1		herre Der czvnte an die			
vngerurt	unmatched	1		lies her vngerurt svnder sie			
euerte	unmatched	1		sie alle euerte her vor			
wontem	unmatched	1		die do wontem bei dem			
arglisticlich	unmatched	1		gedachten ł arglisticlich vnd namen			
brochne	unmatched	1		vnd zu brochne weinkufil vnd			
weinkufil	unmatched	1		zu brochne weinkufil vnd gepestilte			
gepestilte	unmatched	1		weinkufil vnd gepestilte vnd gar			
schue	unmatched	1		gar alde schue die zu			
scheine	ambiguous	1	lemma_5226|lemma_5229	zu einem scheine der voraldunge			
voraldunge	unmatched	1		scheine der voraldunge waren gevlickit			
gevlickit	unmatched	1		voraldunge waren gevlickit becleidet mit			
aldem	unmatched	1		becleidet mit aldem gewande Und			
elde	unmatched	1		von vbriger elde zu vallen			
weinkufel	unmatched	1		vallen Die weinkufel fulte wir			
entrennet	ambiguous	1	lemma_13604|lemma_1465	czubrochen vnd entrennet Das gewant			
langen	ambiguous	1	lemma_3595|lemma_3602	lenge des langen wegis sint			
zukuntig	unmatched	1		vnder yn zukuntig weren Und			
hower	unmatched	1		geslechte holcz hower vnd wasser			
Gekundigt	unmatched	1		Die antworten Gekundigt wart vns			
vorbesehen	unmatched	1		vnd haben vorbesehen vnsern selen			
holden	ambiguous	1	lemma_2620|lemma_2629|lemma_2893	weren ire holden do vorchte			
houbtstetin	unmatched	1		von den houbtstetin vnd groser			
spre	unmatched	1		kvnige von spre rrym IOSUE			
rrym	unmatched	1		von spre rrym IOSUE chende			
chende	unmatched	1		rrym IOSUE chende Czihet her			
Gesamment	unmatched	1		vnd zu Gesamment dorvmme ouf			
bestreitende	unmatched	1		sich bei bestreitende sie Aber			
betrubte	unmatched	1		vnser herre betrubte sie von			
gesleppe	unmatched	1		in dem gesleppe do sante			
vechtende	unmatched	1		menschen vnd vechtende vor U			
loussende	unmatched	1		funf kvnige loussende in der			
Walget	unmatched	1		vnd sprach Walget grose steine			
lat	ambiguous	1	lemma_3567|lemma_3573	slahet Nicht lat sie ein			
erschreien	unmatched	1		wider torste erschreien Und gepot			
kvni	unmatched	1		die funf kvni IOSUE ge			
loussen	unmatched	1		die dorinne loussen Und di			
Creftigt	unmatched	1		noch erschrecket Creftigt euch vnd			
vndergienk	unmatched	1		die svnne vndergienk do gepot			
gegenwortikeit	unmatched	1		in dise gegenwortikeit Des selben			
stellende	unmatched	1		gegen vnd stellende das her			
vorczerende	unmatched	1		ir vant vorczerende mit dem			
geedmen	unmatched	1		das do geedmen mochte vorterbte			
kvnicreiche	unmatched	1		alle ire kvnicreiche vienk er			
nŏrdnischen	unmatched	1		zu den nŏrdnischen kvnigen die			
ceneroth	unmatched	1		mittem tage ceneroth vnd in			
gevellen	ambiguous	1	lemma_6741|lemma_6792	an den gevellen des pergis			
vorwunden	unmatched	1		dise czu vorwunden in der			
knyadirn	unmatched	1		wirstu die knyadirn vorsneiden vnd			
vorsneiden	unmatched	1		die knyadirn vorsneiden vnd ir			
entedir	unmatched	1		Ire ros entedir IOSUE te			
furstentvm	unmatched	1		hielt das furstentvm Und her			
anczvnte	unmatched	1		Die andern anczvnte nvr alleine			
Uilczeit	unmatched	1		sie U Uilczeit vacht wider			
ergebe	unmatched	1		sich nicht ergebe an die			
vordienten	unmatched	1		vilen vnd vordienten k kein			
genedicheit	unmatched	1		k kein genedicheit vnd vorgiengen			
ŏstnisches	unmatched	1		Und alles ŏstnisches teil das			
geherschit	unmatched	1		zu hat geherschit von die			
wuste­nunge	unmatched	1		mer der wuste­nunge das do			
gesalczniste	unmatched	1		das aller gesalczniste mer gegen			
geherschet	unmatched	1		vnd hat geherschet ouf dem			
in\u0020salacha	unmatched	1		perge vnd in\u0020salacha vnd in			
ouffczeuhet	unmatched	1		des teil ouffczeuhet gegen Und			
einer;	unmatched	1		kvnic von einer; Aller kvnige			
Uoraldent	unmatched	1		zu im Uoraldent bistu vnd			
truben	ambiguous	1	lemma_15282|lemma_6251|lemma_6252	Uon dem truben wasser das			
durchveuchtet	unmatched	1		wasser das durchveuchtet vncz bis			
kvnigel	unmatched	1		in funf kvnigel der teilet			
czeuhst	unmatched	1		du ein czeuhst zu Aller			
entlosten	unmatched	1		waren geczogen entlosten das hercze			
funfvnd	unmatched	1		gegenwortigen tak funfvnd virczig iare			
euseriste	unmatched	1		an das euseriste teil des			
reichet	ambiguous	1	lemma_4842|lemma_4875	kinder vnd reichet bis zu			
vecht	unmatched	1		sleht vnd vecht sie dem			
ersufczte	unmatched	1		Und sie ersufczte als si			
sudnische	unmatched	1		segen Die sudnische erde vnd			
veuch	unmatched	1		ouch ein veuch IOSUE te			
mageschafte	unmatched	1		durch ire mageschafte Und es			
hura	unmatched	1		vnd vnd hura vnd hvmy			
hvmy	unmatched	1		hura vnd hvmy vnd vnd			
kreis	unmatched	1		sein k kreis Und ouf			
archiataroth	unmatched	1		den creis archiataroth vnd steiget			
besiczung	unmatched	1		ist di besiczung des geslechtis			
czehene	unmatched	1		die snvre czehene an die			
asermachmathar	unmatched	1		was von asermachmathar das do			
brvnnes	unmatched	1		wonern des brvnnes Und wenne			
ousgank	unmatched	1		vnd sein ousgank czeuhet zu			
vorsleust	unmatched	1		die beide vorsleust das mer			
nofeth	unmatched	1		der stat nofeth Noch nicht			
erstarckten	unmatched	1		Do sie erstarckten do vnderworfen			
W­	unmatched	1		perge gesteigen W­ Wenne eisereiner			
besiczende	unmatched	1		dorfern vnd besiczende halben wek			
how­en	unmatched	1		dir ab how­en vnd reinigen			
weithaft	unmatched	1		vnd reinigen weithaft czu wonen			
gekerest	unmatched	1		du vmme gekerest den den			
vndertenik	unmatched	1		was yn vndertenik aber bliben			
Ⱡ	unmatched	1		sprach Wie Ⱡ lange dorret			
vordrossenheit	unmatched	1		ir in vordrossenheit vnd geet			
Dirwelet	unmatched	1		hat gegeben Dirwelet ous yclichem			
mittelste	unmatched	1		nŏrden Die mittelste erde czwischen			
schreibende	unmatched	1		siben teile schreibende das in			
besesen	unmatched	1		das sie besesen ein erde			
kvmende	unmatched	1		gepirge vnd kvmende in die			
nydersten	unmatched	1		tage der nydersten vnd neigt			
neigt	unmatched	1		nydersten vnd neigt sich vmme			
affrico	unmatched	1		gegen gegen affrico Und sein			
ous­genge	unmatched	1		Und sein ous­genge sint zu			
ku­met	unmatched	1		zuden vnd ku­met zu dem			
creise	unmatched	1		durch seine creise vnd sein			
bethularma	unmatched	1		vnd vnd bethularma vnd vnd			
balatberrameth	unmatched	1		bis zu balatberrameth gegen dem			
anphar	unmatched	1		gegen Und anphar vnd vnd			
neamar	unmatched	1		vnd vnd neamar vnd vnd			
Czwuvndczweinczic	unmatched	1		vnd C Czwuvndczweinczic stete vnd			
helon	unmatched	1		creis vnd helon ł vnd			
oufgank	unmatched	1		der svnnen oufgank gar wol			
gemaw̆erte	unmatched	1		gar wol gemaw̆erte stete vnd			
nevnczehen	unmatched	1		vnd vnd nevnczehen stete vnd			
sleusset	unmatched	1		mit ende sleusset her sich			
dŏrfer	unmatched	1		vnd ir dŏrfer Und do			
Svnderte	unmatched	1		zu in Svnderte die stete			
gevleuhet	unmatched	1		stete einer gevleuhet vnd steen			
beweren	ambiguous	1	lemma_653|lemma_661	die yn beweren vnschuldig Und			
veltlichen	unmatched	1		in der veltlichen wustenunge von			
rechen	ambiguous	1	lemma_21266|lemma_4822|lemma_4823|lemma_4824|lemma_4825|lemma_4872	blut zu rechen vncz bis			
ouslegende	unmatched	1		dem volke ouslegende seine sache			
piesters	unmatched	1		svnen des piesters die vlucht			
caath	unmatched	1		die gesinde caath IOSUE des			
vluchtstat	unmatched	1		geslechte die vluchtstat mit iren			
vorheuseren	unmatched	1		mit iren vorheuseren vier stete			
vluchtstete	unmatched	1		geslechte di vluchtstete in vnd			
chisor	unmatched	1		der wustenunge chisor Und ieser			
ieser	unmatched	1		chisor Und ieser vnd iesson			
iesson	unmatched	1		ieser vnd iesson vnd maspha			
maspha	unmatched	1		iesson vnd maspha vier stete			
gepytunge	unmatched	1		noch der gepytunge vnsers herren			
pze	unmatched	1		e toho pze toho e			
enczihet	unmatched	1		geselleschaft nicht enczihet stiftende einen			
Ubirtrat	unmatched	1		herren gotis Ubirtrat nicht der			
vbermute	unmatched	1		in keinem vbermute gestiftet habn			
wirs	ambiguous	1	lemma_7650|lemma_9087|lemma_9089	Und das wirs in der			
meinunge	unmatched	1		in der meinunge habn getan			
Bowe	ambiguous	1	lemma_910|lemma_917	vnd sprachen Bowe wir vns			
powende	unmatched	1		volgende lasen powende einen alter			
kerunge	unmatched	1		diser vber kerunge vnd habt			
vndergeworfen	unmatched	1		vnd het vndergeworfen yn in			
aldentist	unmatched	1		vnd vor aldentist alders do			
vorgangnes	unmatched	1		voraldent vnd vorgangnes alders bin			
strew̆en	unmatched	1		sie zu strew̆en vnd ouf			
sorguellik	unmatched	1		vnd seit sorguellik so das			
petet	unmatched	1		in vnd petet sie svnder			
vfheben	unmatched	1		denne wirt vfheben vnser herre			
in ewerr	unmatched	1		herre got in ewerr angesicht grose			
broutschaft	unmatched	1		in mischen broutschaft vnd vruntschaft			
vorleihen	unmatched	1		hat czu vorleihen nicht ist			
hingegangen	unmatched	1		ist eines hingegangen zu vnnucze			
vnnucze	unmatched	1		hingegangen zu vnnucze Dorvmme als			
her­ren	unmatched	1		fried ewers her­ren gotis den			
besammete	unmatched	1		nd CAPITULUM besammete alle geslechte			
mei­ster	unmatched	1		vnd die mei­ster Und sie			
genhalben	unmatched	1		wonhaft was genhalben des Und			
besaset	unmatched	1		in vnd besaset seine erde			
pogen	ambiguous	1	lemma_50841|lemma_790	in deinem pogen Und gegeben			
volkumenem	unmatched	1		im mit volkumenem vnd warhaftigem			
warhaftigem	unmatched	1		volkumenem vnd warhaftigem herczen vnd			
Erwelet	ambiguous	1	lemma_1699|lemma_57797	man euch Erwelet euch heute			
vorleihet	unmatched	1		dir nv vorleihet gut Und			
eiche	unmatched	1		vnder die eiche die do			
louken	unmatched	1		des wollet louken vnd ligen			
akkers	unmatched	1		teil des akkers den do			
latinischer	unmatched	1		ist in latinischer sprache aber			
