TITLE;AUTHOR;EDITION;DESCRIPTION;LINECODE;IMAGE;TYPE;TITLEEXTENTION;ORIGIN;EDITIONINFO;VOLUMEID;VOLUMETITEL;ID;PUBYEAR;PUBFREE;Kapitel in Edition?;Zerlegung erforderlich?;Spalte1;Datum Zitat GND;Datum Zitat VL;Stellenangabe VL;Datum von;Datum bis;Datum Abweichung;Norm Werk WikiData;Norm Werk GND;MWB-Sigle;Norm Bibl DND;Norm Bibl Google Books;Norm Bibl ÖNB
Buch von Akkon;104;Seemüller, Josef: Monumenta Germaniae Historica. Deutsche Chroniken. 5,1 u. 5,2 Ottokars Österreichische Reimchronik. Nach den Abschriften Franz Lichtensteins. Unveränderter Nachdruck der 1890-1893 bei der Hahnschen Buchhandlung, Hannover, erschienenen Ausgabe.  München: Monumenta Germaniae Historica, 1980, S. 578-720. Elektronischer Text vorbereitet von Bettina Hatheyer.;"Lemmatisiert, aber noch nicht disambiguiert.

Ausschnitt aus der etwa zwischen 1301 und 1319 entstandenen Österreichischen (od. Steirischen) Reimchronik: Vers 44579 bis 53866 beinhalten einen in sich geschlossenen Erzählkomplex über die Zerstörung Akkons im Jahre 1291 durch die Sarazenen. Von den acht aus dem späten 14. und 15. Jh. stammenden Handschriften überliefern sechs das Buch von Akkon; davon sind drei Fragmente, drei vollständige Ausgaben: Cod. Vindob. 15359 (Fragment), Cod Ser. nov. 4002 (Fragment), Cod. Vindob. 3047, Cod. Admont. 19 (Fragment), Cod. Geulf. 291 (Fragment), Cod. Sangall. 658, Cod. rec. adj. f. 3. Die beiden Erstgenannten gehörten ursprünglich zur gleichen Gesamtausgabe.

Die Groß-/Kleinschreibung entspricht aus technischen Gründen nur teilweise der Edition.";00000000000000-----;;41;Steirische Reimchronik, Ausschnitt;;"St. Gallen, Stiftsbibliothek, Cod. Sang. 658;St. Gallen, 1465

Ottokar von Steiermark, Österreichische Reimchronik, Verse 44597-53579: Die Belagerung und Zerstörung Akkons, 1281-1291 (p. 166-285) Links zu der jeweils entsprechenden Handschriftenseite sind neben den ausgegebenen Textzeilen durch Klicken auf der Hs.-Ikone erreichbar.";;;AK;;;Ja;Nein;;;etwa 1301 bis 1319;;1301;1319;5;n;4482775-1;n;997036869, 366893394;0X4ZnQEACAAJ ;
Der von Kürenberg;124;Des Minnesangs Frühling. Unter Benutzung der Ausgaben von Karl Lachmann und Moriz Haupt, Friedrich Vogt und Carl von Kraus bearbeitet von Hugo Moser und Helmut Tervooren. 36., neugestaltete und erweiterte Auflage. Stuttgart: S. Hirzel Verlag 1977.;"Lemmatisiert, aber noch nicht disambiguiert

Auszug aus MF nach einzelnen Abschnitten/Autoren. 

Verschiedene Überlieferungen sind als große fortlaufende Kapitelnummer vor dem jeweils ersten Lied gekennzeichnet. Beispiel: Die AC-Überlieferung bei Spervogel ist als Kapitel 1, die J-Überlieferung als Kapitel 2 gekennzeichnet. 

Soll der gesamte MF durchsucht werden, müssen alle dazugehörenden Abschnitte (MNL=MF Namenlose Lieder; MAD= MF Engelhart von Adelnburg) angeleuchtet werden. 

Die Groß-/Kleinschreibung entspricht aus technischen Gründen nur teilweise der Edition.";000000000000cddss--;;81;Minnesangs Frühling;;;MSF;Minnesangs Frühling;MKB;;;Ja;Ja;;;um 1150/60-1170;;1150;1170;10;n;n;n;780045017;LslbAAAAMAAJ;
Alexius;1;Konrad von Würzburg, ALEXIUS. In: Die Legenden II, hrsg. von Paul Gereke, Halle 1926.;"Die Ligatur von oe wurde aufgelöst.



Lemmatisiert aber nicht disambiguiert.

Die Groß-/Kleinschreibung entspricht aus technischen Gründen nur teilweise der Edition.";000000000000000----;;4;;"Die Legende der Weltentsagung vom hl. Alexius hat ihren Ursprung in der edessenischen Lokalerzählung und geht zurück auf eine syrische Vita. Die Entwicklung dieser Lebensbeschreibung  zur byzantinischen Legende erfolgte wahrsch. im 9. Jh. Sie fand Verbreitung bei allen abendländ. Völkern. Das älteste franz. Alexiuslied wurde 1040 in der Normandie verfasst (11.Jh.). Auch englische, italienische und spanische Darstellungen sind bekannt.

In Deutschland wird die Legende seit dem 12.Jh. poetisch bearbeitet.

Konrad von Würzburg hat sein Werk auf Anregung der beiden Baseler Brüder Johannes von Bermeswil und Heinrich Isenlin geschrieben (vgl. V. 1388ff.). Aufgrund der Vermerke der Brüder im Baseler Urkundenbuch muss Konrads Text vor Juni 1275 gedichtet worden sein.";"Konrads Dichtung ist in drei Hs. erhalten: A (Straßburger Stadtbibliothek, 18. Jh.), I (Ferdinandeum in Innsbruck, ca. 1425) und S (Sarn, Frauenkloster St. Andreas, aufbew. in Engelberg, 1478).

M. Haupt brachte Ende des 19. Jh. eine kritische Edition heraus, erklärte I jedoch als sehr schlechte Hs. und benutzte sie kaum. 1880 wurde  Hs. S gefunden, woraufhin Henczynski Konrads Werk 1898 neu herausgab (mit Bevorzugung von A).

Gerekes Edition folgt nun v.a. Henczynski, kennzeichnet jedoch abweichende Lesarten von Haupt, Schröder und Rosenhagen. ""Rein orthografische Eigentümlichkeiten"" (Gereke) der Hs. sind im Allgemeinen nicht berücksichtigt worden.";;;AX;1926;1;Ja;Nein;;;In Basel hatte K. sich wohl in den 1260er Jahren niedergelassen;;1260;1270;5;;4576130-9;KvWAlex;580431355;FRDcAQAACAAJ;
Moriz von Craûn;;Hg. Ulrich Pretzel, 4.Aufl., Tübingen, 1973(=ATB 45);"Voll lemmatisiert und disambiguiert.

Der Text ist ohne Satzzeichen gespeichert.





Die Groß-/Kleinschreibung entspricht aus technischen Gründen nur teilweise der Edition.";000000000000000----;;63;;;;;;CR;;;Nein;Nein;;;Eine ‘Spätdatierung’ in die 20er oder 30er Jahre des 13. Jh.s scheint so insgesamt eher möglich als eine ‘Frühdatierung’ in die 80er Jahre des 12. Jh.s (so zuletzt Thomas). Eine untere Grenze (‘13. Jh.’) ergibt sich aus den Beobachtungen zum Alter von Rieds Vorlage und zur Sprache des Textes (Schröder, 2Ausg., S. 5–7).;;1190;1220;10;Q1771750;4170556-7;Craun;730273784;HivzAAAAMAAJ;
Frauendienst (Büech.);5;Hg. Reinhold Bechstein, Leipzig, 1888.;"Voll lemmatisiert und fast vollständig disambiguiert.



Die Zeilenzählung beginnt mit der Nummer des Büechlîns (1 - 3) gefolgt von der Zeilennummer.

Die Groß-/Kleinschreibung entspricht aus technischen Gründen nur teilweise der Edition.";00000000000000c----;;62;Büechlîn, Bechstein;;;;;FH;;;Nein;Nein?;;;Datiert gewöhnlich auf 1255;;1255;1255;5;Q1451651;4558793-0;UvLFrd;n;n;
Frauenbuch (Lachmann);5;Hg. Karl Lachmann, Berlin 1841, Nachdr. Hildeshm./N.Y. 1974.;"Voll lemmatisiert, aber nur teilweise disambiguiert. 

Der Text ist ohne Satzzeichen und beginnt auf S. 594.

Die Groß-/Kleinschreibung entspricht aus technischen Gründen nur teilweise der Edition.";0000000000000ppp0--;;244;;;;;;FB;;;Nein;Nein?;;;Datiert gewöhnlich auf 1255;;1255;1255;5;Q1451651;4558793-0;UvLFrd;n;azFZAAAAcAAJ;
Heinrich von Kempten;1;Heinrich von Kempten. Konrad von Würzburg. In: Kleinere Dichtungen Konrads von Würzburg. Hrsg.: E. Schröder. 10. Aufl. 1970.;"Voll lemmatisiert und disambiguiert.

Die Groß-/Kleinschreibung entspricht aus technischen Gründen nur teilweise der Edition.";0000000000000000---;;3;;;"Cologny, Fondation Martin Bodmer, Cod. Bodmer 72(f. 242r-247r);

Nordwestböhmen/Oberfranken/südl.

Vogtland, Erstes Viertel 14.Jahrhundert";;;HK;1970;1;Ja;Ja?;;;Die chronologische Einordnung der Werke ohne Gönnernamen ist unsicher. ‘W. L.’ und ‘H.’ gelten in der Forschung als Frühwerke;;1260;1270;5;Q1563703;4221005-7;KvWHvK;800356403;JhsrAAAAMAAJ;
Die Klage der Kunst;1;Konrad von Würzburg. Die Klage der Kunst. In: Kleinere Dichtgg. K.v.Würzbgs. III, Hg. Edward Schröder, unverändt. Nachdr. Dublin/Zürich 1970.;"Voll lemmatisiert und disambiguiert.

Die Groß-/Kleinschreibung entspricht aus technischen Gründen nur teilweise der Edition.";0000000000000000ss-;;3;;;;;;KK;1970;1;Ja;Nein;;;"die Leichs, Minnelieder und Sangsprüche als Dichtungen der Basler Zeit, ebenso die ‘G. Schm.’. ‘E.’ und ‘Kl.’ werden teilweise für Frühwerke (vgl. de Boor, 1967, Brunner, Genealog. Phantasien, 1981; de Boor, LG III, 1, S. 50), teilweise für Schöpfungen der Basler Zeit gehalten";;1260;1270;5;n;4568295-1;KvWKlage;800356438;JhsrAAAAMAAJ;
Lanzelet;6;Ulrich von Zatzikhoven: Lanzelet. Hg. K.A. Hahn, Frankfurt/M. 1845, Nachdr. Berlin 1965.;"Voll lemmatisiert, aber nicht disambiguiert.



Entstanden ca. 1195

Die Groß-/Kleinschreibung entspricht aus technischen Gründen nur teilweise der Edition.";000000000000000----;;16;;;;;;LZ;1845;1;Nein;Nein;;erschienen: 1194;Die Angaben über seine Vorlage weisen auf die Zeit nach 1194/95 und legen Verbindungen zum Stauferhof nahe (s. u. II. 3.). Der Sprache des Werks nach war U. Alemanne (s. Combridge, S. 43). Die Forschung identifizierte ihn mit einem 1214 urkundlich belegten Plebanus von Lommis (in der Nähe von Zezikon im Kanton Thurgau gelegen).;;1200;1210;10;Q842457;4131829-8;UvZLanz;455155186;Nlo4AQAAIAAJ;
Pantaleon;1;Pantaleon. Konrad von Würzburg. Hrsg. v. W. Wösler, 2.Aufl. Tübingen 1974.;"Voll lemmatisiert, aber nicht disambiguiert.





Die Groß-/Kleinschreibung entspricht aus technischen Gründen nur teilweise der Edition.";000000000000000----;;4;;;;;;PT;1974;1;Nein;Nein;;um 1270 entstanden;;;1270;1270;10;n;7618650-7;KvWPant;750056363;mekIAQAAIAAJ;AC01011925 
Silvester;1;Silvester. In: Konrad von Würzburg. Die Legenden 1, Hg. Paul Gereke. Halle/Saale 1925.;"Lemmatisiert, aber nicht disambiguiert.

Die Groß-/Kleinschreibung entspricht aus technischen Gründen nur teilweise der Edition.";000000000000000----;;4;;;;;;SL;1925;1;Ja;Nein;;ca. 1265 entstanden;;;1265;1265;10;n;4661322-5;KvWSilv;580431347;FRDcAQAACAAJ;
Willehalm (Wolfram);7;Wolfram von Eschenbach: Willehalm. Nach der gesamten Überlieferung kritisch hrsg. v. Werner Schröder. Berlin, New York 1978.;"Lemmatisiert, aber nicht disambiguiert.

Die Groß-/Kleinschreibung entspricht aus technischen Gründen nur teilweise der Edition.";00000000000000ppp--;;7;;;;;;WH;1978;1;Nein;Nein;;;Im ‘Wh.’ wird die Kaiserkrönung Ottos IV., die 1209 stattfand, erwähnt. Die Nennung des Landgrafen Hermann am Schluß des ‘Wh.’ (417,22) scheint dessen Tod vorauszusetzen. Hermann ist 1217 gestorben. Der ‘Wh.’ wird meistens 1210-1220 datiert.;;1210;1220;2;Q2576669;4117689-3;Wh;790071274;VIEcNAAACAAJ;
Pfaffe Amis;4;Des Strickers Pfaffe Amis. Hrsg. von Kin'ichi Kamihara. Göppingen 1978.(=Göppinger Arbeiten zur Germanistik, Nr. 233);"Text enthält keine Längungszeichen.

Lemmatisiert, aber noch nicht disambiguiert.

Die Groß-/Kleinschreibung entspricht aus technischen Gründen nur teilweise der Edition.";000000000000000----;;13;;;;;;AMI;;;Nein;Nein;;;äußert unklar. Vgl. langen Abschnitt VL;;1220;1250;10;Q1196189;4226431-5;StrAmis;780449681;FWwbAAAAYAAJ ;
Wigalois, der Ritter mit dem Rade;36;Wigalois der Ritter mit dem Rade, von Wirnt von Gravenberc, hrsg. v. J.M.N. Kapteyn, Bonn 1926.;"Lemmatisiert, aber nicht disambiguiert.



Der Text enthält Einschübe.

Die Groß-/Kleinschreibung entspricht aus technischen Gründen nur teilweise der Edition.";0000000000000-----i;;16;;;;;;WGL;1926;1;Nein;Nein;;;"Früheste denkbare Datierung in dem zwischen 1204 und spätestens 1230 gesetzten Rahmen ist daher zwischen 1210 und 1220; zu erwägen ist eine spätere Datierung zwischen 1217 und 1228 (nach dem ‘Willehalm’, vor dem Tod des Markgrafen Heinrich). Wahrscheinlicher ist dann wohl, wegen der größeren Nähe zum beklagten Tod des Andechser vürsten, eine Datierung näher an 1210 als an 1220.";;1210;1220;10;Q2569730;4131828-6;Wig;363248498;uE4LAAAAMAAJ;
Der guote Gêrhart;11;Rudolf von Ems: Der guote Gêrhart.Hrsg. v. John A. Asher. Tübingen 1971. (= Altdeutsche Textbibliothek, Nr. 56).;"Lemmatisiert, aber noch nicht disambiguiert.

Die Groß-/Kleinschreibung entspricht aus technischen Gründen nur teilweise der Edition.";000000000000000----;;4;;;;;;GER;1971;1;Nein;Nein;;;Unter der Perspektive der Werkreihe vom ‘GG’ an bis hin zur ‘Wchr’ ist damit R.s literarische Aktivität von etwa 1220 bis in die Mitte der fünfziger Jahre hinein belegt;;1220;1250;10;Q42190653;4115801-5;n;720039061;ONhTygAACAAJ ;
Helmbrecht;43;Wernher der Gartenaere: Helmbrecht. Hrsg. v. Friedrich Panzer. 8. neubearb. Auflage besorgt von Kurt Ruh. Tübingen 1968. (= ATB 11);"Insgesamt 1934 Verszeilen beginnend mit Vers 1.



Lemmatisiert, aber nicht disambiguiert.



Der Text weist Überschriften und Einschübe nach den Versen (44;740) auf.

Die Groß-/Kleinschreibung entspricht aus technischen Gründen nur teilweise der Edition.";0000000000000----ih;;63;;;;;;HBR;1968;1;Nein;Nein;;; Als Eckdaten für die Abfassung der Versnovelle stehen nur der Tod des Lyrikers → Neidhart (v. 217) nach 1237 und vor 1246 (?) und das XV. Gedicht des sog. ‘Seifried → Helbling’ von 1291/99, das auf den ‘H.’ anspielt, zur Verfügung. (Anklänge im XIV. Gedicht von 1282/83 lassen sich nur vage vermuten, mit besseren Gründen solche im I. Gedicht, das aber auch erst nach 1291 entstanden ist.) Die Gründe für eine Festlegung auf die Zeit Herzog Albrechts I. sind aber überaus schwach, so daß die Datierung ins Interregnum (bis 1273/78/82) immer noch das meiste für sich hat.;;1240;1280;10;Q1755381;4192248-7;Helmbr;458622311;n;
Nibelungenlied (C);;Das Nibelungenlied nach der Handschrift C, hrsg.v. Ursula Hennig. Tübingen 1977.;"Lemmatisiert und teilweise disambiguiert.



Der Text weist Überschriften auf.



Links zur Karlsruher Hs.

Die Groß-/Kleinschreibung entspricht aus technischen Gründen nur teilweise der Edition.";0000000000000ssss-h;;2;Hs. C;;;;;NLC;1977;1;Nein;Nein;; erschienen: 1180-1210;;;1190;1200;10;Q131554;4042046-2;NibC;1105088375;t4cVMQAACAAJ;
Salman und Morolf (Forts.);;Fortsetzung des Morolff im Strassburger Druck (78303ff);"Lemmatisiert, aber noch nicht disambiguiert.





Die Groß-/Kleinschreibung entspricht aus technischen Gründen nur teilweise der Edition.";0000000000000000---;;2;Fortsetzung;;;;;SAT;;;Nein;Nein;;;;;;;;n;n;SalMor;n;n;
Herzog Ernst (Hs.D, strophig);;Herzog Ernst. Strophische Bearbeitung. (= D) In: Herzog Ernst.Hrsg. v. Karl Bartsch. Wien 1869. S.187-225.;"Lemmatisiert, aber noch nicht disambiguiert.

Die Groß-/Kleinschreibung entspricht aus technischen Gründen nur teilweise der Edition.";000000000000000ss--;;304;;;;;;ERD;1869;1;Ja;Nein;;n;vermutlich in der 2. Hälfte des 13. Jh.s verfaßt;;1250;1300;10;Q1615222;4159677-8, 4159682-1;ErnstD;456973044;cpStbZTdu5AC ;
Alexander (U.v.E);12;Ulrich von Eschenbach: Alexander, hrsg. v. Wendelin Toischer. Tübingen 1888. (=Bibliothek des litterarischen Vereins in Stuttgart, Bd. CLXXXIII.);"Bestehend aus 28000 Verszeilen beginnend mit Vers 1.

Noch nicht lemmatisiert und nicht disambiguiert.

Die Groß-/Kleinschreibung entspricht aus technischen Gründen nur teilweise der Edition.";00000000000000-----;;10;Ulrich von Etzenbach;Ulrichs Alexanderroman ist vermutlich zwischen 1270-84 entstanden.;;;;AXU;1888;1;Nein;Nein;;n;unter Přemysl Ottokar II. (1253-1278) und Wenzel II. (1283-1305) längere Zeit am Königshof;;1250;1300;10;n;4219319-9;UvEtzAlex;362923884;eDtAAQAAMAAJ;
Frauendienst Lieder;5;Hg. Reinhold Bechstein. Leipzig, 1888.;"Lemmatisiert, aber nicht disambiguiert.

Die Groß-/Kleinschreibung entspricht aus technischen Gründen nur teilweise der Edition.";0000000000000dds--h;;5;Bechstein;;;;;FLD;;;Nein;Ja;;;;;;;;;;n;n;nnUDrgEACAAJ;
Dietrich und Wenezlan;;(Bruchstücke von) Dietrich und Wenezlan. In: Dietrichs Abenteuer von Albrecht von Kemenaten. Nebst den Bruchstücken von Dietrich und Wenezlan. Hrsg. v. Julius Zupitza. Berlin 1870. (= Deutsches Helden;"Lemmatisiert, aber nicht disambiguiert.

Die Groß-/Kleinschreibung entspricht aus technischen Gründen nur teilweise der Edition.";0000000000000000---;;2;;;;;;WEN;;;Ja;Nein;;Um 1250 entstandenes fragmentar., mittelhochdeutsches Epos;;;1250;1250;10;Q1224116;7565864-1;Wenzl;n;OsJTAAAAcAAJ;
Der Wunderer;;Etzels Hofhaltung/Der Wunderer. In: Der Helden Buch in der Ursprache. Hrsg. v. Friedrich Heinrich von der Hagen u. Alois Primisser. Berlin 1825.;"Lemmatisiert. Noch nicht disambiguiert.

Die Groß-/Kleinschreibung entspricht aus technischen Gründen nur teilweise der Edition.";00000000000000sss0-;;2;;;;;;WND;;;Ja;Ja?;;15. Jahrhundert;;;1400;1499;10;n;4149155-5;n;n;1Vw_AAAAcAAJ;
Wilhelm von Österreich;48;Johanns von Würzburg: Wilhelm von Österreich, aus der Gothaer Handschrift. Hrsg. v. Ernst Regel. Berlin 1906.;"Lemmatisiert, noch nicht disambiguiert.



Der Text enthält einen längeren Einschub nach Zeile 567.

Die Groß-/Kleinschreibung entspricht aus technischen Gründen nur teilweise der Edition.";000000000000-----ii;;1;;;;;;WVO;;;Nein;Nein;;n;Das Werk, das er im Mai 1314 abschließt;;1290;1314;10;n;4233754-9;WhvÖst;970274211;b7xLAQAAMAAJ;AC09993037
Alpharts Tod;;ALPHARTS TOD. In: Deutsches Heldenbuch, zweiter Teil. Hrsg. v. Ernst Martin. Berlin 1866. S.3 - 54.;"Text ist in langzeilige Strophen gegliedert und beginnt erst mit der 4. Zeile von Strophe 1.

Lemmatisiert, nicht disambiguiert.

Text weist Lücken auf.

Die Groß-/Kleinschreibung entspricht aus technischen Gründen nur teilweise der Edition.";000000000000000sss-;;2;;;;;;AT;;;Ja;Nein;;;;;;;;;;;;;
Tristrant (Hs. D);42;Eilhart von Oberg: Tristrant. Hrsg. von Hadumod Bussmann. Tübingen 1969. (= ATB 70. [Nachfolgend: Ergänzungen aus der Handschrift D.];"Der Text beginnt mit Vers 1608.

Lemmatisiert, aber noch nicht disambiguiert.

Text weist Lücken(1 - 1607;1624-1654;1680-1725) auf.

Die Groß-/Kleinschreibung entspricht aus technischen Gründen nur teilweise der Edition.";00000000000000----i;;16;;;;;;EID;;;Nein;Nein;;;;;;;;;;;;;
Neidhart-Lieder Hs. c (Bennewitz);64;"Neidhart: Die Berliner Neidhart-Handschrift c (mgf 779).

Hrsg. v.Ingrid Bennewitz-Behr. (=Göppinger Arbeiten zur Germanistik, Bd. 356); mit editorischen Abweichungen (s. Description)

In der Reihe ""Neidhart-Materialien"", Bd. I, hrsg. v. Ulrich Müller u. Franz Viktor Spechtler, Göppingen 1981.";"Lemmatisiert und disambiguiert. 

Die Transkription von Ingrid Bennewitz wurde um die Konjekturen der Salzburger Neidhart-Edition ergänzt. Der multifunktionale Akzent über Vokalen wurde entweder als Diphthong oder als Umlaut aufgelöst.

Der Text beginnt mit Seite 1, Lied 1, Zeile 1 (10101)

Die Lieder haben Überschriften. Sie erscheinen als letzte Ziffer im Zeilenkode, d.h., eine entsprechende Überschrift erscheint gewissermassen als Einschub nach der letzten Zeile des vorhergehenden Liedes.

Der Text dieser Ausgabe enthält keine Interpunktion. 

Die Groß-/Kleinschreibung entspricht aus technischen Gründen nur teilweise der Edition.";00000000000dddss--h;1716;5;;;;;;NEI;;;Nein;Ja;;;;;;;;;;;;;
Eckenlied;;Eckenlied. Fassung L. Herausgegeben von Martin Wierschin. Tübingen, M. Niemeyer, 1974.(= ATB, Nr. 78);"Lemmatisiert, aber noch nicht disambiguiert.

Der Text ist am Ende unvollständig.



Der Herausgeber schreibt den Anfangsbuchstaben des ersten Wortes einer Strophe jeweils gross; die Hs. L schreibt nur klein. Der Hrsg. schreibt

alle Namen mit grossem Anfangsbuchstaben; die Hs. L verfährt unterschiedlich.



Die Groß-/Kleinschreibung entspricht aus technischen Gründen nur teilweise der Edition.";0000000000000sss--h;;2;Fassung L.;;;;;EKL;;;Nein;Nein;;;;;;;;;;;;;
Erec;2;Hartmann von Aue. Erec. Hg. nach Albert Leitzmann, 3.Aufl. v. Ludwig Wolff, Tübingen 1963.;"Voll lemmatisiert, aber nicht disambiguiert.



Der Text hat einen Einschub von 57 Zeilen nach Vers 4629 und weist eine Lücke (V.1675) auf.



Entstanden ca. 1185.

Die Groß-/Kleinschreibung entspricht aus technischen Gründen nur teilweise der Edition.";000000000000-----ii;;16;;;;;;ER;1963;1;Nein;Nein;;;;;;;;;;;;;
Koninc Ermenrîkes Dôt;;"Koninc Ermenrîkes Dôt.Ein niederdeutsches Lied zur Dietrichsage.

Hrsg. v. Jacob Grimm. Hannover 1851.";"Lemmatisiert, aber nicht disambiguiert.



Die arabischen Ziffern im Text werden aus programmtechnischen Gründen 

als römische Ziffern geführt.



Die Groß-/Kleinschreibung entspricht aus technischen Gründen nur teilweise der Edition.";000000000000000ss-h;;2;;;;;;ERM;;;Nein;Nein;;;;;;;;;;;;;
Frauendienst (Bechst.);5;Hg. Reinhold Bechstein, Leipzig 1888.;"Voll lemmatisiert und teilweise disambiguiert.



Keine Satzzeichen.



Eingeschobene Lieder, Buechlîn und Briefe sind als jeweils separate Texte gefu.hrt.

Die Groß-/Kleinschreibung entspricht aus technischen Gründen nur teilweise der Edition.";0000000000000ssss0-;;62;Epik, Bechstein;;;;;FD;1888;1;Nein;Nein;;;;;;;;;;;;;
Goldemar;15;"Goldemar. In: Dietrichs Abenteuer von Albrecht von Kemenaten. Nebst den Bruchstücken von Dietrich und Wenezlan. Hrsg. v. Julius Zupitza. Berlin 1870. (=Deutsches Heldenbuch, BD.5 )

S.203/4.";"Lemmatisiert, aber nicht disambiguiert.

Die Groß-/Kleinschreibung entspricht aus technischen Gründen nur teilweise der Edition.";000000000000000ss--;;2;;;;;;GOL;;;Ja;Nein;;;;;;;;;;;;;
Meleranz;32;Der Pleier: Meleranz. Hrsg. v. Karl Bartsch. Stuttgart 1861.;"Der Text besteht aus 12841 Verszeilen beginnend mit Vers 1.



Lemmatisiert, aber nicht disambiguiert.



Der Text weist nach den Versen (6314;10942) Einschübe auf.



Anmerkungen des Herausgebers:

""Der Herausgeber hat versucht,dem Original möglichst nahezukommen. Dazu

hat er Vergleiche zu den anderen Werken Pleiers unternommen, da diese z.T. in älteren Hss. überliefert sind. Bartsch hat einige Stellen und unterschiedliche Schreibweisen vereinheitlicht, Abweichungen sind von mir in den Anmerkungen unter dem Text sowie am Ende der Ausgabe verzeichnet und entsprechend berücksichtigt worden.""



Die Groß-/Kleinschreibung entspricht aus technischen Gründen nur teilweise der Edition.";0000000000000-----i;;16;;"Der Meleranz ist nur in einer einzigen Hs. erhalten: Donaueschinger Hs.

Nr. 87 (Fürstlich Fürstenbergische Bibliothek zu Donaueschingen) aus dem

Jahre 1480.";;;;MEL;1861;1;Nein;Nein;;;;;;;;;;;;;
Nibelungenlied (B/C);;Das Nibelungenlied. Nach der Ausg. von Karl Bartsch, hrsg. von Helmut de Boor. Wiesbaden, Brockhaus, 1967. (= Deutsche Klassiker des Mittelalters, Bd. 3);"Die Ausgabe, die ursprünglich als Edition der Hs.B ausgegeben war, basiert in Wirklichkeit auf einer Mischung der Hss. B und C.





Zur Gänze lemmatisiert und weitgehend disambiguiert.



Die Groß-/Kleinschreibung entspricht aus technischen Gründen nur teilweise der Edition.";00000000000000ssss-;;2;Bartsch/deBoor;;;;;NLB;1967;1;Nein;Nein;;;;;;;;;;;;;
Das Turnier von Nantes;1;Konrad von Würzburg: Das Turnier von Nantes. In: Kleinere Dichtungen Konrads von Würzburg II, hrsg. v. Edward Schröder, o.O., 5.Auflage 1974, 42-75.;"Voll lemmatisiert, aber nicht disambiguiert.

Die Groß-/Kleinschreibung entspricht aus technischen Gründen nur teilweise der Edition.";000000000000000----;;1;;;;;;NT;1974;1;Ja;Nein;;;;;;;;;;;;;
Die Rabenschlacht;;Die Rabenschlacht. In: Deutsches Heldenbuch, Bd. 2. Hrsg. v.Ernst Martin. 3.Auflage (unveränderter Nachdruck der 1. Auflage, Berlin 1866). O.O. 1975.;"Lemmatisiert, aber nicht disambiguiert.



Der Text besteht aus 1140 Strophen mit je 6 Versen beginnend mit Vers 1/1.



Der Text weist nach den Versen (80/6;100/6;142/6;165/6;213/6;276/6;333/6;375/6;464/6;554/6;868/6;974/6;

1026/6) Einschübe auf.



Entstanden um 1270. Vermutlich existierte ein älteres Rabenschlachtepos. Die historische Grundlage sieht man in der Schlacht am Nedao (454 n.C.).

Die Groß-/Kleinschreibung entspricht aus technischen Gründen nur teilweise der Edition.";0000000000000ssss-i;;2;;;;;;RAB;;;Ja;Nein;;;;;;;;;;;;;
Meinloh von Sevelingen;125;Des Minnesangs Frühling. Unter Benutzung der Ausgaben von Karl Lachmann und Moriz Haupt, Friedrich Vogt und Carl von Kraus bearbeitet von Hugo Moser und Helmut Tervooren. 36., neugestaltete und erweiterte Auflage. Stuttgart: S. Hirzel Verlag 1977.;"Lemmatisiert, aber noch nicht disambiguiert

Auszug aus MF nach einzelnen Abschnitten/Autoren. 

Verschiedene Überlieferungen sind als große fortlaufende Kapitelnummer vor dem jeweils ersten Lied gekennzeichnet. Beispiel: Die AC-Überlieferung bei Spervogel ist als Kapitel 1, die J-Überlieferung als Kapitel 2 gekennzeichnet. 

Soll der gesamte MF durchsucht werden, müssen alle dazugehörenden Abschnitte (MNL=MF Namenlose Lieder; MAD= MF Engelhart von Adelnburg) angeleuchtet werden. 

Die Groß-/Kleinschreibung entspricht aus technischen Gründen nur teilweise der Edition.";000000000000cddss--;;81;Minnesangs Frühling;;;MSF;Minnesangs Frühling;MMS;;;Ja;Ja;;;;;;;;;;;;;
Burggraf von Regensburg;126;Des Minnesangs Frühling. Unter Benutzung der Ausgaben von Karl Lachmann und Moriz Haupt, Friedrich Vogt und Carl von Kraus bearbeitet von Hugo Moser und Helmut Tervooren. 36., neugestaltete und erweiterte Auflage. Stuttgart: S. Hirzel Verlag 1977.;"Lemmatisiert, aber noch nicht disambiguiert

Auszug aus MF nach einzelnen Abschnitten/Autoren. 

Verschiedene Überlieferungen sind als große fortlaufende Kapitelnummer vor dem jeweils ersten Lied gekennzeichnet. Beispiel: Die AC-Überlieferung bei Spervogel ist als Kapitel 1, die J-Überlieferung als Kapitel 2 gekennzeichnet. 

Soll der gesamte MF durchsucht werden, müssen alle dazugehörenden Abschnitte (MNL=MF Namenlose Lieder; MAD= MF Engelhart von Adelnburg) angeleuchtet werden. 

Die Groß-/Kleinschreibung entspricht aus technischen Gründen nur teilweise der Edition.";000000000000cddss--;;81;Minnesangs Frühling;;;MSF;Minnesangs Frühling;MBR;;;Ja;Ja;;;;;;;;;;;;;
Burggraf von Rietenburg;127;Des Minnesangs Frühling. Unter Benutzung der Ausgaben von Karl Lachmann und Moriz Haupt, Friedrich Vogt und Carl von Kraus bearbeitet von Hugo Moser und Helmut Tervooren. 36., neugestaltete und erweiterte Auflage. Stuttgart: S. Hirzel Verlag 1977.;"Lemmatisiert, aber noch nicht disambiguiert

Auszug aus MF nach einzelnen Abschnitten/Autoren. 

Verschiedene Überlieferungen sind als große fortlaufende Kapitelnummer vor dem jeweils ersten Lied gekennzeichnet. Beispiel: Die AC-Überlieferung bei Spervogel ist als Kapitel 1, die J-Überlieferung als Kapitel 2 gekennzeichnet. 

Soll der gesamte MF durchsucht werden, müssen alle dazugehörenden Abschnitte (MNL=MF Namenlose Lieder; MAD= MF Engelhart von Adelnburg) angeleuchtet werden. 

Die Groß-/Kleinschreibung entspricht aus technischen Gründen nur teilweise der Edition.";000000000000cddss--;;81;Minnesangs Frühling;;;MSF;Minnesangs Frühling;MRB;;;Ja;Ja;;;;;;;;;;;;;
Herger;144;Des Minnesangs Frühling. Unter Benutzung der Ausgaben von Karl Lachmann und Moriz Haupt, Friedrich Vogt und Carl von Kraus bearbeitet von Hugo Moser und Helmut Tervooren. 36., neugestaltete und erweiterte Auflage. Stuttgart: S. Hirzel Verlag 1977.;"Lemmatisiert, aber noch nicht disambiguiert

Auszug aus MF nach einzelnen Abschnitten/Autoren. 

Verschiedene Überlieferungen sind als große fortlaufende Kapitelnummer vor dem jeweils ersten Lied gekennzeichnet. Beispiel: Die AC-Überlieferung bei Spervogel ist als Kapitel 1, die J-Überlieferung als Kapitel 2 gekennzeichnet. 

Soll der gesamte MF durchsucht werden, müssen alle dazugehörenden Abschnitte (MNL=MF Namenlose Lieder; MAD= MF Engelhart von Adelnburg) angeleuchtet werden. 

Die Groß-/Kleinschreibung entspricht aus technischen Gründen nur teilweise der Edition.";000000000000cddss--;;81;Minnesangs Frühling;;;MSF;Minnesangs Frühling;MHG;;;Ja;Ja;;;;;;;;;;;;;
Heinrich von Veldeke;41;Des Minnesangs Frühling. Unter Benutzung der Ausgaben von Karl Lachmann und Moriz Haupt, Friedrich Vogt und Carl von Kraus bearbeitet von Hugo Moser und Helmut Tervooren. 36., neugestaltete und erweiterte Auflage. Stuttgart: S. Hirzel Verlag 1977.;"Ab Lied 34 sind die weiteren Lieder in der Edition als ""Pseudo-Veldeke"" ausgewiesen.

Lemmatisiert, aber noch nicht disambiguiert

Auszug aus MF nach einzelnen Abschnitten/Autoren. 

Verschiedene Überlieferungen sind als große fortlaufende Kapitelnummer vor dem jeweils ersten Lied gekennzeichnet. 

Die Groß-/Kleinschreibung entspricht aus technischen Gründen nur teilweise der Edition.";000000000000cddss--;;81;Minnesangs Frühling;;;MSF;Minnesangs Frühling;MHV;;;Ja;Ja;;;;;;;;;;;;;
Dietmar von Eist;145;Des Minnesangs Frühling. Unter Benutzung der Ausgaben von Karl Lachmann und Moriz Haupt, Friedrich Vogt und Carl von Kraus bearbeitet von Hugo Moser und Helmut Tervooren. 36., neugestaltete und erweiterte Auflage. Stuttgart: S. Hirzel Verlag 1977.;"Lemmatisiert, aber noch nicht disambiguiert

Auszug aus MF nach einzelnen Abschnitten/Autoren. 

Verschiedene Überlieferungen sind als große fortlaufende Kapitelnummer vor dem jeweils ersten Lied gekennzeichnet. Beispiel: Die AC-Überlieferung bei Spervogel ist als Kapitel 1, die J-Überlieferung als Kapitel 2 gekennzeichnet. 

Soll der gesamte MF durchsucht werden, müssen alle dazugehörenden Abschnitte (MNL=MF Namenlose Lieder; MAD= MF Engelhart von Adelnburg) angeleuchtet werden. 

Die Groß-/Kleinschreibung entspricht aus technischen Gründen nur teilweise der Edition.";000000000000cddss--;;81;Minnesangs Frühling;;;MSF;Minnesangs Frühling;MDE;;;Ja;Ja;;;;;;;;;;;;;
Kaiser Heinrich;164;Des Minnesangs Frühling. Unter Benutzung der Ausgaben von Karl Lachmann und Moriz Haupt, Friedrich Vogt und Carl von Kraus bearbeitet von Hugo Moser und Helmut Tervooren. 36., neugestaltete und erweiterte Auflage. Stuttgart: S. Hirzel Verlag 1977.;"Lemmatisiert, aber noch nicht disambiguiert

Auszug aus MF nach einzelnen Abschnitten/Autoren. 

Verschiedene Überlieferungen sind als große fortlaufende Kapitelnummer vor dem jeweils ersten Lied gekennzeichnet. Beispiel: Die AC-Überlieferung bei Spervogel ist als Kapitel 1, die J-Überlieferung als Kapitel 2 gekennzeichnet. 

Soll der gesamte MF durchsucht werden, müssen alle dazugehörenden Abschnitte (MNL=MF Namenlose Lieder; MAD= MF Engelhart von Adelnburg) angeleuchtet werden. 

Die Groß-/Kleinschreibung entspricht aus technischen Gründen nur teilweise der Edition.";000000000000cddss--;;81;Minnesangs Frühling;;;MSF;Minnesangs Frühling;MKH;;;Ja;Ja;;;;;;;;;;;;;
Friedrich von Hausen;165;Des Minnesangs Frühling. Unter Benutzung der Ausgaben von Karl Lachmann und Moriz Haupt, Friedrich Vogt und Carl von Kraus bearbeitet von Hugo Moser und Helmut Tervooren. 36., neugestaltete und erweiterte Auflage. Stuttgart: S. Hirzel Verlag 1977.;"Lemmatisiert, aber noch nicht disambiguiert

Auszug aus MF nach einzelnen Abschnitten/Autoren. 

Verschiedene Überlieferungen sind als große fortlaufende Kapitelnummer vor dem jeweils ersten Lied gekennzeichnet. Beispiel: Die AC-Überlieferung bei Spervogel ist als Kapitel 1, die J-Überlieferung als Kapitel 2 gekennzeichnet. 

Soll der gesamte MF durchsucht werden, müssen alle dazugehörenden Abschnitte (MNL=MF Namenlose Lieder; MAD= MF Engelhart von Adelnburg) angeleuchtet werden. 

Die Groß-/Kleinschreibung entspricht aus technischen Gründen nur teilweise der Edition.";000000000000cddss--;;81;Minnesangs Frühling;;;MSF;Minnesangs Frühling;MFH;;;Ja;Ja;;;;;;;;;;;;;
Ezzolied;;"Ezzo: ""CANTILENA DE MIRACULIS CHRISTI"" (Handschrift V). Aus: Althochdeutsches Lesebuch, 16. Aufl., hrsg. v.W. Braune/ A. Ebbinghaus. Tübingen 1979.";"Lemmatisiert, aber noch nicht disambiguiert.

Die Groß-/Kleinschreibung entspricht aus technischen Gründen nur teilweise der Edition.";0000000000000000---;;4;Hs. V;;;;;EZZ;;;Ja;Nein;;;;;;;;;;;;;
Frauenbuch (Spechtler);5;Frauenbuch / Ulrich von Liechtenstein. Hrsg. v. Franz Viktor Spechtler. Göppingen: Kümmerle, 1989. (= Göppinger Arbeiten zur Germanistik, Nr. 520);"Lemmatisiert, aber noch nicht disambiguiert.

Die Groß-/Kleinschreibung entspricht aus technischen Gründen nur teilweise der Edition.";000000000000000----;;244;;;;;;FBS;1989;1;Nein;Nein;;;;;;;;;;;;;
Frauendienst (Spechtler);5;Frauendienst / Ulrich von Liechtenstein. Hrsg. v. Franz Viktor Spechtler. Göppingen: Kümmerle, 1987. (= Göppinger Arbeiten zur Germanistik, Nr. 485);"Lemmatisiert, aber noch nicht disambiguiert.



Kommentarzeilen deuten auf den Einschub der Lieder. 



Eingeschobene Lieder, Buechlîn und Briefe sind als jeweils separate Texte gefu.hrt.

Die Groß-/Kleinschreibung entspricht aus technischen Gründen nur teilweise der Edition.";000000000000ssss00-;;62;Epik, Spechtler;;;;;FDS;1987;1;Nein;Nein;;;;;;;;;;;;;
Flore und Blanscheflur;40;Konrad Fleck: Flore und Blanscheflur. Hrsg. v. Emil Sommer. Quedlinburg und Leipzig 1846.;"Lemmatisiert, aber nicht disambiguiert.

Die Groß-/Kleinschreibung entspricht aus technischen Gründen nur teilweise der Edition.";000000000000000----;;14;;;;;;FLO;;;Nein;Nein;;;;;;;;;;;;;
Garel von dem blüenden Tal;32;Garel von dem blüenden Tal von dem Pleier, hrsg. v. Wolfgang Herles, Wien 1981. (=Wiener Arbeiten z. germ. Altertumskunde und Philologie 17);"Noch nicht lemmatisiert und disambiguiert.



Der Text weist Einschübe nach den Versen (71;178;293;564;579;1124;1243;1362;

2146;2233;3109;3604;4990;5423;6227;

6985;7230;7674;7717;7824;9185;10486;13685;13742;14609;14618;18381;18758;19087;19296) auf.



Enstanden ca. 1260-1270.

Die Groß-/Kleinschreibung entspricht aus technischen Gründen nur teilweise der Edition.";0000000000000-----i;;16;;;;;;GAR;;;Nein;Nein;;;;;;;;;;;;;
Gregorius;2;Hartmann von Aue: Gregorius. Hrsg. v. Hermann Paul. 13., neu bearbeitete Auflage, besorgt von Burghart Wachinger, Tübingen 1984. (= ATB 2);"Lemmatisiert, aber nicht disambiguiert.

Die Groß-/Kleinschreibung entspricht aus technischen Gründen nur teilweise der Edition.";000000000000000----;;4;;;"Cologny, Fondation Martin Bodmer, Cod. Bodmer 62(f. 7v-44v);

Südostdeutscher Raum, Zweite Hälfte 14. Jahrhundert.";;;GR;1984;1;Nein;Nein;;;;;;;;;;;;;
Der heilige Georg;14;"Reinbot von Durne: Der heilige Georg.

Nach sämtl. Handschriften hrsg. v. Carl von Kraus. Heidelberg 1907.(= Germanist. Bibl. Dritte Abt. Kritische Ausgaben Altdeutscher Texte, Band 1)";"Lemmatisiert, aber nicht disambiguiert.



Der Text weist Überschriften auf.

Die Groß-/Kleinschreibung entspricht aus technischen Gründen nur teilweise der Edition.";00000000000000----h;;4;;;;;;GRG;;;Nein;Nein;;;;;;;;;;;;;
Karl der Grosse;4;"Stricker: Karl der Grosse. Hrsg. v. Karl Bartsch. In: Texte des Mittelalters"" hrsg. v. Karl Stackmann.Quedlinburg/ Leipzig 1857.(= Bibl. der ges. dt. Nationallit., Bd. 35)";"Lemmatisiert, aber noch nicht disambiguiert.





Die Groß-/Kleinschreibung entspricht aus technischen Gründen nur teilweise der Edition.";00000000000000-----;;7;;;;;;KAR;1857;1;Ja;Nein;;;;;;;;;;;;;
Die Klage;;"Der Nibelunge Noth und Die Klage. Nach der ältesten Überl. mit Bez. des Unechten und mit den Abweichungen d. gem. Lesart hrsg. v. Karl Lachmann.

6. Ausg. Berlin 1960. S. 303 - 370.";"Lemmatisiert, aber nicht disambiguiert.



Text weist Überschriften auf.

Die Groß-/Kleinschreibung entspricht aus technischen Gründen nur teilweise der Edition.";00000000000000----h;1396;2;;"Zur Datierung der 'Klage' gibt es unterschiedliche Auffassungen, die zwischen 1200 und 1230 variieren, die aktuelle Forschung (z.B. Henkel, siehe Literaturverzeichnis) vermutet frühen Zeitpunkt innerhalb dieses Rahmens, da die zurückverfolgbare schriftliche Überlieferung der Klage immer an das 'Lied' gekoppelt war. Als Entstehungsort wird heute allgemein das heutige Österreich oder Ostbayern angenommen. Konkret scheint vieles für Passau als Ort der Entstehung sowohl des Liedes als auch der Klage zu sprechen. Außerdem scheint es, dass Lied und Klage von zwei unterschiedlichen Dichtern verfasst wurden. Beide sind allerdings anonym geblieben. Die Art und Weise der Klagedichtung lässt annehmen, dass es sich bei dem Dichter um einen Kleriker gehandelt hat. Tradiert sind verschiedene Fassungen der 'Klage' nebeneinander, die C-Fassungen von Nibelungenklage und Nibelungenlied galten vermutlich als die beliebteste Version (vgl. Henkel 2005, S. 213).



Obwohl eine enge Verbindung zwischen Nibelungenlied und –klage zu bestehen scheint, hat sie in der neuzeitlichen Germanistik nie dasselbe Interesse gefunden wie das Nibelungenlied. In der Forschung wird die Klage allgemein als nicht so hochrangig und bedeutsam wie das Lied angesehen, vor allem, weil die Klage eine größere Fülle an Einzelheiten hinsichtlich Personen und Ereignissen aufweist.



Die Klage besteht aus vierhebigen Paarreimversen und bedient sich damit der verbreiteten Form der historischen Epik und des höfischen Romans, d.h. der Vorleseepik, während das Lied in sangbaren vierzeiligen Strophen gedichtet ist (Sangversepik). Eine eindeutige Gattungszuordnung ist nicht möglich, was insbesondere die Germanistik des 19. Jahrhunderts dazu veranlasste, die 'Klage' als minderwertige Literatur einzustufen.

(http://de.wikipedia.org/wiki/Nibelungenklage)";;;;KLA;;;Nein;Nein;;;;;;;;;;;;;
Kudrun;;Kudrun. Hrsg. v. Karl Bartsch. 5. Aufl. u.berarb. und neu eingel. v. Karl Stackmann. Wiesbaden 1965.(= Deutsche Klassiker des Mittelalters);"Lemmatisiert, aber nicht disambiguiert.

Die Groß-/Kleinschreibung entspricht aus technischen Gründen nur teilweise der Edition.";00000000000000ssss-;;2;;;;;;KU;;;Nein;Nein;;;;;;;;;;;;;
Ortnit;;"Ortnit. Aus: Ortnit und die Wolfdietrich. Hrsg. v. Arthur Amelung u. Oskar Jaenicke, Berlin 1871. (=Deutsches Heldenbuch, 3 = Ortnit Und Die

Wolfdietriche)";"Nicht lemmatisiert und disambiguiert.



Der Text weist U.berschriften auf.

Die Groß-/Kleinschreibung entspricht aus technischen Gründen nur teilweise der Edition.";00000000000000sss-h;;2;;;;;;ORT;;;;;;;;;;;;;;;;;
Partonopier und Meliur;1;Konrad von Würzburg: Partonopier und Meliur. Hrsg. v. Karl Bartsch. Berlin 1970.;"Lemmatisiert, aber noch nicht disambiguiert.

Die Groß-/Kleinschreibung entspricht aus technischen Gründen nur teilweise der Edition.";00000000000000-----;;14;;;;;;PRT;1970;1;;;;;;;;;;;;;;;
Rennewart;34;Ulrich von Türheim: Rennewart. Aus der Berliner und Heidelberger Handschrift, hrsg. v. Alfred Hübner. Berlin 1938. (=Deutsche Texte des Mittelalters, hrsg. v. der Preuss. Akad. der Wiss., Bd. 39;"Noch nicht lemmatisiert und disambiguiert.



Der Text hat 36519 Verszeilen, beginnend mit Vers 1 und weist nach den folgenden Zeilen (986;2226;15236; 16973;21152;25188;26006;30798;34980) Einschübe auf.





Die Groß-/Kleinschreibung entspricht aus technischen Gründen nur teilweise der Edition.";0000000000000-----i;;7;;;;;;REN;;;;;;;;;;;;;;;;;
Salman und Morolf;;"Salman und Morolf, hrsg. v. Alfred Karnein, Tübingen 1979 (=Altdeutsche 

Textbibliothek; Nr.85)";"Lemmatisiert, aber noch nicht disambiguiert.



Der Text weist Einschübe auf.



Entstanden um 1180/90. Stammt vermutlich von einem rheinfränk. Dichter.

Die Groß-/Kleinschreibung entspricht aus technischen Gründen nur teilweise der Edition.";0000000000000sss--i;;304;;;;;;SAL;1979;0;;;;;;;;;;;;;;;
Sigenot;;"Sigenot. Abgedruckt In: Dietrichs Abenteuer von Albrecht von Kemenaten.

Nebst den Bruchstücken von Dietrich und Wenezlan. Hrsg v. Julius Zupitza. Berlin 1870.(= Deutsches Heldenbuch, Bd. 5)";"Lemmatisiert, aber nicht disambiguiert.





Die Groß-/Kleinschreibung entspricht aus technischen Gründen nur teilweise der Edition.";000000000000000ss--;;2;;;;;;SIG;;;;;;;;;;;;;;;;;
Der Schwanritter;1;In: Kleinere Dichtgg. Konrad von Würzburgs. II. Hrsg. v. Edward Schröder, o.O. 5.Aufl. 1974;"Text beginnt mit Zeile 141.



Lemmatisiert, aber nicht disambiguiert.

Die Groß-/Kleinschreibung entspricht aus technischen Gründen nur teilweise der Edition.";000000000000000----;;3;;;;;;SW;1974;1;;;;;;;;;;;;;;;
Virginal;;"Virginal. In: Dietrichs Abenteuer von Albrecht von Kemenaten. Nebst den Bruchstücken von Dietrich und Wenezlan. Hrsg. v. Julius Zupitza. Berlin 1870. (=Deutsches Heldenbuch, Bd.5)

S.1-200.";"Lemmatisiert, aber nicht disambiguiert.

Die Groß-/Kleinschreibung entspricht aus technischen Gründen nur teilweise der Edition.";0000000000000ssss--;1478;2;;"Die vollständig erhaltenen Handschriften enthalten selbständige Textversionen, darum unterscheidet man zwischen Heidelberger, Dresdner und Wiener Virginal. Neben diesen vollständigen Handschriften gibt es noch 10 Fragmente, die im Wesentlichen mit der Heidelberger Virginal übereinstimmen.



Im Heidelberger Virginal (Cpg 324; Papierhandschrift, um 1440, 1097 Strophen) ziehen Hildebrand und Dietrich ins Waldgebirge von Tirol, um gegen den Heiden Orkise zu kämpfen, der in das Land der Königin Virginal eingefallen ist. 



Im Dresdner Virginal (Mscr. M 201; Papier, 1472, Teil des Dresdner Heldenbuches, 130 Strophen) fehlt der Muter-Teil. Im Arona-Teil kommt Fürst Libertin von Palerne nach Arona, fordert Dietrich zum Zweikampf, wird besiegt und schließt mit ihm Freundschaft. Hildebrand, Helferich, Rentwin sowie Libertin werden auf dem Weg von Arona nach Jeraspunt von Janapas, dem Sohn Orkises, nach Burg Orteneck eingeladen. Dort geraten sie in einen Hinterhalt, müssen mit Löwen, Janapas und seinen Leuten kämpfen und können drei weitere Mädchen befreien, die Orkise als Tribut nach Orteneck gebracht hatte. Dietrich hat unterdessen einen Eber erlegt, doch muss er gegen einen Riesen kämpfen, der das Jagdrecht in diesem Gebiet in Anspruch nimmt. Dietrich besiegt ihn und nimmt ihn gefangen. Dann ziehen sie nach Jeraspunt, das Fest dort endet mit der Heirat von Dietrich und Virginal.



Die Wiener Virginal (ÖNB, Cod. 15478; Papier, 1480/90, 866 Strophen) ist ein Mischtext aus Heidelberger- und Dresdner Virginal. Sie enthält auch die Libertin- und Janapas-Episode, Dietrichs Eberjagd mit Riesenkampf und seine Hochzeit mit Virginal. (http://de.wikipedia.org/wiki/Virginal_(Dietrichepik))";;;;VIR;;;;;;;;;;;;;;;;;
Titurel;7;Wolfram von Eschenbach: Titurel. In: Wolfram von Eschenbach.  Hrsg. v. Albert Leitzmann. Heft 5. 4. Auflage, Tübingen 1956.;"Lemmatisiert, aber noch nicht disambiguiert.



Der Text enthält Überschriften.

Die Groß-/Kleinschreibung entspricht aus technischen Gründen nur teilweise der Edition.";0000000000000sss0-h;;16;;;;;;TIT;1956;1;;;;;;;;;;;;;;;
Herzmaere;1;"Heinrich von Kempten. Konrad von Würzburg. In: Kleinere Dichtungen

Konrads von Würzburg. Hrsg.: E. Schröder. 10. Aufl. 1970.";"Voll lemmatisiert und disambiguiert.

Die Groß-/Kleinschreibung entspricht aus technischen Gründen nur teilweise der Edition.";0000000000000000---;;3;;;"Cologny, Fondation Martin Bodmer, Cod. Bodmer 72(f. 166r); Nordwestböhmen/Oberfranken/südl.

Vogtland, Erstes Viertel 14.Jahrhundert";;;HZ;1970;1;;;;;;;;;;;;;;;
Der Welt Lohn;1;In: Kleinere Dichtgg. Konrad von Würzburgs. II. Hrsg. v. Edward Schröder, o.O. 5.Aufl. 1974.;"Vollständig lemmatisiert und disambiguiert.

Die Groß-/Kleinschreibung entspricht aus technischen Gründen nur teilweise der Edition.";0000000000000000---;;3;;;"Cologny, Fondation Martin Bodmer, Cod. Bodmer 72(f. 240v-242r);

Nordwestböhmen/Oberfranken/südl.

Vogtland, Erstes Viertel 14.Jahrhundert";;;WL;1974;1;;;;;;;;;;;;;;;
Wolfdietrich (Hs. A);;Wolfdietrich A. In: Ortnit und die Wolfdietriche, hrsg. v. Arthur Amelung und Oskar Jänicke, Berlin 1871 (Deutsches Heldenbuch, 3).;"Lemmatisiert, aber nicht disambiguiert.

Die Groß-/Kleinschreibung entspricht aus technischen Gründen nur teilweise der Edition.";000000000000000sss-;;2;;;;;;WDA;;;;;;;;;;;;;;;;;
Das Rolandslied;44;Konrad (der Pfaffe): Das Rolandslied (des Pfaffen Konrad). Hrsg. v. Carl Wesle. 3., durchgesehene Auflage besorgt von Peter Wapnewski. Tübingen 1985. (= ATB 69);"Noch nicht lemmatisiert und disambiguiert.



Ein über 'u' geschriebenes 'o' ist zu 'uo' aufgelöst und steht für iu, i, uo oder o.



Die Groß-/Kleinschreibung entspricht aus technischen Gründen nur teilweise der Edition.";000000000000000----;;7;;;;;;ROL;;;;;;;;;;;;;;;;;
Tandareis und Flordibel;32;Hrsg. v. Ferdinand Khull, Graz 1885.;"Lemmatisiert, aber nicht disambiguiert.

Die Groß-/Kleinschreibung entspricht aus technischen Gründen nur teilweise der Edition.";0000000000000-----i;;16;;;;;;TAN;1885;1;;;;;;;;;;;;;;;
Der Trojanische Krieg;1;Konrad von Würzburg: Der Trojanische Krieg. Hrsg. v. Adelbert von Keller. Stuttgart 1858.;"Noch nicht lemmatisiert und disambiguiert.

Die Groß-/Kleinschreibung entspricht aus technischen Gründen nur teilweise der Edition.";00000000000000-----;;10;;;;;;TRO;1858;1;;;;;;;;;;;;;;;
Heinrich von Morungen;244;Des Minnesangs Frühling. Unter Benutzung der Ausgaben von Karl Lachmann und Moriz Haupt, Friedrich Vogt und Carl von Kraus bearbeitet von Hugo Moser und Helmut Tervooren. 36., neugestaltete und erweiterte Auflage. Stuttgart: S. Hirzel Verlag 1977.;"Überlieferung als Kapitel 2 gekennzeichnet. 

Will man den gesamten MF durchsuchen, müssen bei den Einzeltexten entweder alle dazugehörenden Abschnitte (MNL=MF Namenlose Lieder - MAD= MF Engelhart von Adelnburg)angeleuchtet oder ""Texttypen"" angeklickt und  ""Lyrik (Minnesangs Frühling)"" ausgewählt werden. 

Die Groß-/Kleinschreibung entspricht aus technischen Gründen nur teilweise der Edition.";000000000000cddss--;;81;Minnesangs Frühling;;;MSF;Minnesangs Frühling;MHM;;;;;;;;;;;;;;;;;
Graf Rudolf;;"Graf Rudolf. Hrsg. von Peter F. Ganz.

Berlin: E.Schmidt Verlag, 1964. 

(= Philologische Studien und Quellen; Heft 19)";"Lemmatisiert, aber nicht disambiguiert.



Anmerkung zur Versnummerierung: 

Die ersten beiden Stellen bezeichnen die eigene Seitenzahl des Herausgebers, die beiden darauffolgenden die Nummer des Abschnitts und die letzten beiden die Versnummer im Abschnitt.



Die Groß-/Kleinschreibung entspricht aus technischen Gründen nur teilweise der Edition.";0000000000000ppaa--;;14;;;;;;RUD;;;;;;;;;;;;;;;;;
Tristan und Isold;8;Gottfried von Strassburg. Tristan und Isold. Hrsg. von Friedrich Ranke, Berlin 1958.;"Lemmatisiert, aber nicht disambiguiert.

Die Groß-/Kleinschreibung entspricht aus technischen Gründen nur teilweise der Edition.";00000000000000-----;;16;;;;;;TR;1958;1;;;;;;;;;;;;;;;
Tristan;33;Heinrich von Freiberg. Tristan. Hrsg. von Alois Bernt. Halle 1906.;"Lemmatisiert, noch nicht disambiguiert.



Der Text enthält Einschübe.

Die Groß-/Kleinschreibung entspricht aus technischen Gründen nur teilweise der Edition.";00000000000000----i;;16;H. v. F.;;;;;TRH;1906;1;;;;;;;;;;;;;;;
Tristan;34;Ulrich von Türheim: Tristan. Hrsg. von Thomas Kerth. Tübingen 1979. (= ATB Nr. 89);"Lemmatisiert, aber nicht disambiguiert.



Der Text enthält Überschriften und Einschübe.

Die Groß-/Kleinschreibung entspricht aus technischen Gründen nur teilweise der Edition.";0000000000000----ih;;16;U. v. T.;;;;;TRU;1979;1;;;;;;;;;;;;;;;
Wigamur;;Wigamur. In: Deutsche Gedichte des Mittelalters. Hrsg. v. Friedrich Heinrich von der Hagen und Johann Gustav Büsching, 1. Bd., Berlin 1808.;"Noch nicht lemmatisiert und disambiguiert.



Der Text enthält Überschriften.

Die Groß-/Kleinschreibung entspricht aus technischen Gründen nur teilweise der Edition.";00000000000000----h;;16;;;;;;WGM;;;;;;;;;;;;;;;;;
Wilhelm von Wenden;12;Ulrich von Etzenbach: Wilhelm von Wenden. Hrsg. v. Hans-Friedrich Rosenfeld. Berlin 1957. (= Deutsche Texte des Mittelalters);"Lemmatisiert, aber noch nicht disambiguiert.

Die Groß-/Kleinschreibung entspricht aus technischen Gründen nur teilweise der Edition.";000000000000000----;;4;;;;;;WVW;1957;1;;;;;;;;;;;;;;;
Gottes Zukunft;45;"In: Heinrichs von Neustadt ""Apollonius von Tyrland"", n. d. Gothaer Hs., ""Gottes Zukunft"" und ""Visio Philiberti"", n. d. Heidelberger Hs., S. 329-452.  Hrsg. v. S. Singer.";"Noch nicht lemmatisiert und disambiguiert.



Der Text enthält Überschriften und Einschübe.



P = Heidelberger Handschrift

G = Gothaer Handschrift

M = Münchener Handschrift

D = Zwei Fragmente die Verse 2037-2190, 3545-3656 umfassend, abgedruckt bei 

    Bartsch, Beiträge zur Quellenkunde der altdeutschen Litteratur 207ff.

E = Münchener Fragment

F = St. Galler Fragment



Die Groß-/Kleinschreibung entspricht aus technischen Gründen nur teilweise der Edition.";0000000000000----ih;;4;;;;;;ZUK;0;1;;;;;;;;;;;;;;;
Alexander (R. v. E.);11;Rudolf von Ems: Alexander. Ein höfischer Roman des 13. Jahrhunderts. Hrsg.v. Victor Junk. (= Bibliothek des literarischen Vereins in Stuttgart, Bd. 272) In 2 Bänden, Leipzig 1928.;"Text weist Einschübe, Überschriften in Form von Abschnittseinteilungen in römischen Ziffern und Lücken auf.

Einschub nach Zeile 20604.

Die Groß-/Kleinschreibung entspricht aus technischen Gründen nur teilweise der Edition.";000000000000-----ih;;10;Rudolf von Ems;;;;;AXR;1928;1;;;;;;;;;;;;;;;
Der Jüngere Titurel;84;"Albrechts von Scharfenberg Jüngerer Titurel. Nach den ältesten und besten Handschriften kritisch herausgegeben von Werner Wolf (Band I und II/1,II/2); nach den Grundsätzen von Werner Wolf hrsg. v. Kurt Nyholm (Band III/1,III/2). (=Deutsche Texte des Mittelalters, Bände XLV, LV, LXI, LXXIII, LXXVII; Berlin 1955-1992)";"Voll lemmatisiert und disambiguiert.



Der Text weist Einschübe nach den Versen(374/4;439/4;499/4;1172/4; 1988/4;3363/4;4292/4;6327/4;6328/1) auf.



Enstanden ca. 1260-1275.

Die Groß-/Kleinschreibung entspricht aus technischen Gründen nur teilweise der Edition.";00000000000ssss-iii;;16;;;;;;JT;;;;;;;;;;;;;;;;;
Alexius (Fassung K);1;"Eine mittelhochdeutsche Alexiuslegende (Fassung K)

Textgrundlage: Hans-Friedrich Rosenfeld: Eine mittelhochdeutsche Alexiuslegende (K). In: Festschrift Walter Baetke dargebracht zu seinem 80.

Geburtstag am 28. März 1964. Hg. von Kurt Rudolph, Rolf Heller und Ernst Walter. Weimar 1966, 284-297. 

Digitale Fassung: Thomas Gloning, VIII/2001.";"Besteht aus 284 Versen beginnend mit Vers 1.





Lemmatisiert, aber nicht disambiguiert.







Die Groß-/Kleinschreibung entspricht aus technischen Gründen nur teilweise der Edition.";0000000000000000---;;4;;;"Handschrift Georg 224 der Universitäts-und Landesbibliothek Sachsen-Anhalt, Zweigstelle Dessau; geschrieben wohl 1422 in Trier (Rosenfeld S. 286). --""Die Schreibung des Textes wurde nach den Reimen geregelt. Wo diese keinen Anhaltspunkt boten, konnte sie sich an die moselfränkische Hs. anschließen, nur daß die unverschobenen Formen der Pronomina einzusetzen waren, da der Text eher in den Norden als in den Süden des Moselfränkischen zu gehören scheint"" (Rosenfeld S. 290). -- Bitte ggf. den Apparat der gedruckten Ausgabe berücksichtigen!";;;AXK;1964;1;;;;;;;;;;;;;;;
Namenlose Lieder;;Des Minnesangs Frühling. Unter Benutzung der Ausgaben von Karl Lachmann und Moriz Haupt, Friedrich Vogt und Carl von Kraus bearbeitet von Hugo Moser und Helmut Tervooren. 36., neugestaltete und erweiterte Auflage. Stuttgart: S. Hirzel Verlag 1977.;"Lemmatisiert, aber noch nicht disambiguiert

Auszug aus MF nach einzelnen Abschnitten/Autoren. 

Verschiedene Überlieferungen sind als große fortlaufende Kapitelnummer vor dem jeweils ersten Lied gekennzeichnet. Beispiel: Die AC-Überlieferung bei Spervogel ist als Kapitel 1, die J-Überlieferung als Kapitel 2 gekennzeichnet. 

Soll der gesamte MF durchsucht werden, müssen alle dazugehörenden Abschnitte (MNL=MF Namenlose Lieder; MAD= MF Engelhart von Adelnburg) angeleuchtet werden. 

Die Groß-/Kleinschreibung entspricht aus technischen Gründen nur teilweise der Edition.";000000000000cddss--;;81;Minnesangs Frühling;;;MSF;Minnesangs Frühling;MNL;;;;;;;;;;;;;;;;;
Die Maße;;Kleinere mittelhochdeutsche Erzählungen, Fabeln und Lehrgedichte. III. Die Heidelberger Handschrift Cod. Pal. Germ. 341. Hrsg. v. Gustav Rosenhagen, Dublin/Zürich: Weidmann 1970. (= Deutsche Texte des Mittelalters Bd. XVII). Der elektronische Text basiert zum Teil auf dem vom Electronic Text Center der University of Virginia / dem Kompetenzzentrum für elektronische Erschließungs- und Publikationsverfahren in den Geisteswissenschaften an der Universität Trier erstellten Text, revidiert von Lesley C. Pleasant and Cindy Filer Speer.;"Die vorgeschriebene Abschnittnummer 129 entspricht der Nummer des Kleingedichtes in der Ausgabe. Übergeschriebene Vokale wurden aufgelöst.

Noch nicht disambiguiert.

Die Groß-/Kleinschreibung entspricht aus technischen Gründen nur teilweise der Edition.";000000000000aaa---h;;3;;;;KMH;Kleinere mittelhochdeutsche Erzählungen, Fabeln und Lehrgedichte;DMA;;;;;;;;;;;;;;;;;
Das Katzenauge;;Kleinere mittelhochdeutsche Erzählungen, Fabeln und Lehrgedichte. III. Die Heidelberger Handschrift Cod. Pal. Germ. 341. Hrsg. v. Gustav Rosenhagen, Dublin/Zürich: Weidmann 1970. (= Deutsche Texte des Mittelalters Bd. XVII). Der elektronische Text basiert zum Teil auf dem vom Electronic Text Center der University of Virginia / Kompetenzzentrum für elektronische Erschließungs- und Publikationsverfahren in den Geisteswissenschaften an der Universität Trier erstellten Text, revidiert von Lesley C. Pleasant and Cindy Filer Speer.;"Die vorgeschriebene Abschnittnummer 147 entspricht der Nummer des Kleingedichtes in der Ausgabe. Übergeschriebene Vokale wurden aufgelöst.

Noch nicht disambiguiert.

Die Groß-/Kleinschreibung entspricht aus technischen Gründen nur teilweise der Edition.";000000000000aaa---h;;3;;;;KMH;Kleinere mittelhochdeutsche Erzählungen, Fabeln und Lehrgedichte;DKA;;;;;;;;;;;;;;;;;
Der Tor und das Feuer;4;Kleinere mittelhochdeutsche Erzählungen, Fabeln und Lehrgedichte. III. Die Heidelberger Handschrift Cod. Pal. Germ. 341. Hrsg. v. Gustav Rosenhagen, Dublin/Zürich: Weidmann 1970. (= Deutsche Texte des Mittelalters Bd. XVII). Der elektronische Text basiert zum Teil auf dem vom Electronic Text Center der University of Virginia / dem Kompetenzzentrum für elektronische Erschließungs- und Publikationsverfahren in den Geisteswissenschaften an der Universität Trier erstellten Text, revidiert von Lesley C. Pleasant and Cindy Filer Speer.;"Die vorgeschriebene Abschnittnummer 151 entspricht der Nummer des Kleingedichtes in der Ausgabe. Übergeschriebene Vokale wurden aufgelöst.

Noch nicht disambiguiert.

Die Groß-/Kleinschreibung entspricht aus technischen Gründen nur teilweise der Edition.";000000000000aaa---h;;3;;;;KMH;Kleinere mittelhochdeutsche Erzählungen, Fabeln und Lehrgedichte;DTF;;;;;;;;;;;;;;;;;
Der Juden Abgott;4;Kleinere mittelhochdeutsche Erzählungen, Fabeln und Lehrgedichte. III. Die Heidelberger Handschrift Cod. Pal. Germ. 341. Hrsg. v. Gustav Rosenhagen, Dublin/Zürich: Weidmann 1970. (= Deutsche Texte des Mittelalters Bd. XVII). Der elektronische Text basiert zum Teil auf dem vom Electronic Text Center der University of Virginia / Kompetenzzentrum für elektronische Erschließungs- und Publikationsverfahren in den Geisteswissenschaften an der Universität Trier erstellten Text, revidiert von Lesley C. Pleasant and Cindy Filer Speer.;"Die vorgeschriebene Abschnittnummer 153 entspricht der Nummer des Kleingedichtes in der Ausgabe. Übergeschriebene Vokale wurden aufgelöst.

Noch nicht disambiguiert.

Die Groß-/Kleinschreibung entspricht aus technischen Gründen nur teilweise der Edition.";000000000000aaa---h;;3;;;;KMH;Kleinere mittelhochdeutsche Erzählungen, Fabeln und Lehrgedichte;DJA;;;;;;;;;;;;;;;;;
Der Ratgeber;;Kleinere mittelhochdeutsche Erzählungen, Fabeln und Lehrgedichte. III. Die Heidelberger Handschrift Cod. Pal. Germ. 341. Hrsg. v. Gustav Rosenhagen, Dublin/Zürich: Weidmann 1970. (= Deutsche Texte des Mittelalters Bd. XVII). Der elektronische Text basiert zum Teil auf dem vom Electronic Text Center der University of Virginia / dem Kompetenzzentrum für elektronische Erschließungs- und Publikationsverfahren in den Geisteswissenschaften an der Universität Trier erstellten Text, revidiert von Lesley C. Pleasant and Cindy Filer Speer.;"Die vorgeschriebene Abschnittnummer 157 entspricht der Nummer des Kleingedichtes in der Ausgabe. Übergeschriebene Vokale wurden aufgelöst.

Noch nicht disambiguiert.

Die Groß-/Kleinschreibung entspricht aus technischen Gründen nur teilweise der Edition.";000000000000aaa---h;;3;;;;KMH;Kleinere mittelhochdeutsche Erzählungen, Fabeln und Lehrgedichte;DRA;;;;;;;;;;;;;;;;;
Oswald Lieder;364;Die Lieder Oswalds von Wolkenstein. Unter Mitwirkung von Walter Weiß und Notburga Wolf hrsg. von Karl Kurt Klein. Musikanhang von Walter Salmen. 3., neubearb. u. erweit. Aufl., hrsg. von Hans Moser, Norbert R. Wolf u. Notburga Wolf. Tübingen: Niemeyer 1987 (ATB 57).;"Die Abbreviaturen in den Liedern der Streuberlieferung sind der besseren Lesbarkeit und Auffindbarkeit halber aufgeloest.

Die Hauptueberlieferung ist als ""Kapitel 1"", die Strophen- bzw. Liedvarianten der Parallelberlieferung sind als Folgekapitel markiert.

Vollstaendig lemmatisiert, aber noch nicht disambiguiert. 

Die Groß-/Kleinschreibung entspricht aus technischen Gründen nur teilweise der Edition.";000000000cdddss---h;;5;;;;;;OVW;1987;0;;;;;;;;;;;;;;;
Wolfram Lieder;7;"Die Große Heidelberger Liederhandschrift

Hrsg. F. Pfaff, Heidelberg 1899/1909.

Deutsche Liederdichter des 13. Jahrhunderts. Hrsg. C. von Kraus, Tübingen 1952";"Lemmatisiert, aber nicht disambiguiert.

Die Groß-/Kleinschreibung entspricht aus technischen Gründen nur teilweise der Edition.";000000000000000ds--;;5;;;;;;WEL;;;;;;;;;;;;;;;;;
Von der Abgeschiedenheit;445;"Meister Eckhart: Die deutschen und lateinischen Werke. Hrsg. v. d. DFG. Die deutschen Werke. Fünfter Band: Meister Eckarts Traktate. Hg. und übersetzt von Josef Quint. Stuttgart 1963, 377-468 (Text, Anmerkungen, Nachtrag) und 539-547 (Übersetzung). 

-- Digitale Fassung: Thomas Gloning, 1/2002.";"Der Text beginnt mit S. 400 und endet mit S. 434.



Noch nicht disambiguiert.

Die Groß-/Kleinschreibung entspricht aus technischen Gründen nur teilweise der Edition.";00000000000000ppp--;;121;Meister Eckhart;;;;;ABG;1963;1;;;;;;;;;;;;;;;
Der Heller der armen Frau;;Kleinere mittelhochdeutsche Erzählungen, Fabeln und Lehrgedichte. III. Die Heidelberger Handschrift Cod. Pal. Germ. 341. Hrsg. v. Gustav Rosenhagen, Dublin/Zürich: Weidmann 1970. (= Deutsche Texte des Mittelalters Bd. XVII). Der elektronische Text basiert zum Teil auf dem vom Electronic Text Center der University of Virginia u. dem Kompetenzzentrum für elektronische Erschließungs- und Publikationsverfahren in den Geisteswissenschaften an der Universität Trier erstellten Text, revidiert von Lesley C. Pleasant and Cindy Filer Speer.;"Die vorgeschriebene Abschnittnummer 34 entspricht der Nummer des Kleingedichtes in der Ausgabe. Übergeschriebene Vokale wurden aufgelöst.

Noch nicht disambiguiert.

Die Groß-/Kleinschreibung entspricht aus technischen Gründen nur teilweise der Edition.";0000000000000aa---h;;3;;;;KMH;Kleinere mittelhochdeutsche Erzählungen, Fabeln und Lehrgedichte;HAF;;;;;;;;;;;;;;;;;
Der Kummer;;Kleinere mittelhochdeutsche Erzählungen, Fabeln und Lehrgedichte. III. Die Heidelberger Handschrift Cod. Pal. Germ. 341. Hrsg. v. Gustav Rosenhagen, Dublin/Zürich: Weidmann 1970. (= Deutsche Texte des Mittelalters Bd. XVII). Der elektronische Text basiert zum Teil auf dem vom Electronic Text Center der University of Virginia u. dem Kompetenzzentrum für elektronische Erschließungs- und Publikationsverfahren in den Geisteswissenschaften an der Universität Trier erstellten Text, revidiert von Lesley C. Pleasant and Cindy Filer Speer.;"Die vorgeschriebene Abschnittnummer 40 entspricht der Nummer des Kleingedichtes in der Ausgabe. Übergeschriebene Vokale wurden aufgelöst.



Noch nicht disambiguiert.

Die Groß-/Kleinschreibung entspricht aus technischen Gründen nur teilweise der Edition.";0000000000000aa---h;;3;;;;KMH;Kleinere mittelhochdeutsche Erzählungen, Fabeln und Lehrgedichte;KMR;;;;;;;;;;;;;;;;;
Der verflogene Falke;4;Kleinere mittelhochdeutsche Erzählungen, Fabeln und Lehrgedichte. III. Die Heidelberger Handschrift Cod. Pal. Germ. 341. Hrsg. v. Gustav Rosenhagen, Dublin/Zürich: Weidmann 1970. (= Deutsche Texte des Mittelalters Bd. XVII). Der elektronische Text basiert zum Teil auf dem vom Electronic Text Center der University of Virginia / dem Kompetenzzentrum für elektronische Erschließungs- und Publikationsverfahren in den Geisteswissenschaften an der Universität Trier erstellten Text, revidiert von Lesley C. Pleasant and Cindy Filer Speer.;"Die vorgeschriebene Abschnittnummer 169  entspricht der Nummer des Kleingedichtes in der Ausgabe. Übergeschriebene Vokale wurden aufgelöst.

Noch nicht disambiguiert.

Die Groß-/Kleinschreibung entspricht aus technischen Gründen nur teilweise der Edition.";000000000000aaa---h;;3;;;;KMH;Kleinere mittelhochdeutsche Erzählungen, Fabeln und Lehrgedichte;DVF;;;;;;;;;;;;;;;;;
Das wilde Roß;4;Kleinere mittelhochdeutsche Erzählungen, Fabeln und Lehrgedichte. III. Die Heidelberger Handschrift Cod. Pal. Germ. 341. Hrsg. v. Gustav Rosenhagen, Dublin/Zürich: Weidmann 1970. (= Deutsche Texte des Mittelalters Bd. XVII). Der elektronische Text basiert zum Teil auf dem vom Electronic Text Center der University of Virginia / dem Kompetenzzentrum für elektronische Erschließungs- und Publikationsverfahren in den Geisteswissenschaften an der Universität Trier erstellten Text, revidiert von Lesley C. Pleasant and Cindy Filer Speer.;"Die vorgeschriebene Abschnittnummer 174  entspricht der Nummer des Kleingedichtes in der Ausgabe. Übergeschriebene Vokale wurden aufgelöst.

Noch nicht disambiguiert.

Die Groß-/Kleinschreibung entspricht aus technischen Gründen nur teilweise der Edition.";000000000000aaa---h;;3;;;;KMH;Kleinere mittelhochdeutsche Erzählungen, Fabeln und Lehrgedichte;DWR;;;;;;;;;;;;;;;;;
Die milde Königin;4;Kleinere mittelhochdeutsche Erzählungen, Fabeln und Lehrgedichte. III. Die Heidelberger Handschrift Cod. Pal. Germ. 341. Hrsg. v. Gustav Rosenhagen, Dublin/Zürich: Weidmann 1970. (= Deutsche Texte des Mittelalters Bd. XVII). Der elektronische Text basiert zum Teil auf den vom Electronic Text Center der University of Virginia erstellten Text, revidiert von Lesley C. Pleasant and Cindy Filer Speer.;"Die vorgeschriebene Abschnittnummer 175  entspricht der Nummer des Kleingedichtes in der Ausgabe. Übergeschriebene Vokale wurden aufgelöst.

Lemmatisiert, noch nicht disambiguiert.

Die Groß-/Kleinschreibung entspricht aus technischen Gründen nur teilweise der Edition.";000000000000aaa---h;;3;;;;KMH;Kleinere mittelhochdeutsche Erzählungen, Fabeln und Lehrgedichte;MKN;;;;;;;;;;;;;;;;;
Ehre und Seelenheil;4;Kleinere mittelhochdeutsche Erzählungen, Fabeln und Lehrgedichte. III. Die Heidelberger Handschrift Cod. Pal. Germ. 341. Hrsg. v. Gustav Rosenhagen, Dublin/Zürich: Weidmann 1970. (= Deutsche Texte des Mittelalters Bd. XVII). Der elektronische Text basiert zum Teil auf dem vom Electronic Text Center der University of Virginia u. dem Kompetenzzentrum für elektronische Erschließungs- und Publikationsverfahren in den Geisteswissenschaften an der Universität Trier erstellten Text, revidiert von Lesley C. Pleasant and Cindy Filer Speer.;"Die vorgeschriebene Abschnittnummer 1751=175a  entspricht der Nummer des Kleingedichtes in der Ausgabe. Übergeschriebene Vokale wurden aufgelöst.

Noch nicht disambiguiert.

Die Groß-/Kleinschreibung entspricht aus technischen Gründen nur teilweise der Edition.";000000000000aaaa---;;3;;;;KMH;Kleinere mittelhochdeutsche Erzählungen, Fabeln und Lehrgedichte;ESH;;;;;;;;;;;;;;;;;
Der Ackermann und der Tod (Genzmer 1984/Harsch 1998);726;"Johann von Tepl, Der Ackermann und der Tod. Hrsg.v. F. Genzmer, Suttgart:Reclam 1984.



Digitale Version:

Ulrich Harsch 1998

http://www.fh-augsburg.de/~harsch/germanica/Chronologie/15Jh/Tepl/tep_tod.html

[weist viele Abweichungen von der gedruckten Edition auf]";Die Groß-/Kleinschreibung entspricht aus technischen Gründen nur teilweise der Edition.;00000000000000pp--h;1738;121;;;;;;AC3;;;;;;;;;;;;;;;;;
Von üblen Weibern;4;Kleinere mittelhochdeutsche Erzählungen, Fabeln und Lehrgedichte. III. Die Heidelberger Handschrift Cod. Pal. Germ. 341. Hrsg. v. Gustav Rosenhagen, Dublin/Zürich: Weidmann 1970. (= Deutsche Texte des Mittelalters Bd. XVII). Der elektronische Text basiert zum Teil auf dem vom Electronic Text Center der University of Virginia u. dem Kompetenzzentrum für elektronische Erschließungs- und Publikationsverfahren in den Geisteswissenschaften an der Universität Trier erstellten Text, revidiert von Lesley C. Pleasant and Cindy Filer Speer.;"Die vorgeschriebene Abschnittnummer 97 entspricht der Nummer des Kleingedichtes in der Ausgabe. Übergeschriebene Vokale wurden aufgelöst.

Noch nicht disambiguiert.

Die Groß-/Kleinschreibung entspricht aus technischen Gründen nur teilweise der Edition.";0000000000000aa---h;;3;;;;KMH;Kleinere mittelhochdeutsche Erzählungen, Fabeln und Lehrgedichte;VUB;;;;;;;;;;;;;;;;;
Die sechs Teufelsscharen;;Kleinere mittelhochdeutsche Erzählungen, Fabeln und Lehrgedichte. III. Die Heidelberger Handschrift Cod. Pal. Germ. 341. Hrsg. v. Gustav Rosenhagen, Dublin/Zürich: Weidmann 1970. (= Deutsche Texte des Mittelalters Bd. XVII). Der elektronische Text basiert zum Teil auf dem vom Electronic Text Center der University of Virginia / dem Kompetenzzentrum für elektronische Erschließungs- und Publikationsverfahren in den Geisteswissenschaften an der Universität Trier erstellten Text, revidiert von Lesley C. Pleasant and Cindy Filer Speer.;"Die vorgeschriebene Abschnittnummer 105 entspricht der Nummer des Kleingedichtes in der Ausgabe. Übergeschriebene Vokale wurden aufgelöst.

Noch nicht disambiguiert.

Die Groß-/Kleinschreibung entspricht aus technischen Gründen nur teilweise der Edition.";000000000000aaa---h;;3;;;;KMH;Kleinere mittelhochdeutsche Erzählungen, Fabeln und Lehrgedichte;DST;;;;;;;;;;;;;;;;;
Ein Beispiel Salomos;4;Kleinere mittelhochdeutsche Erzählungen, Fabeln und Lehrgedichte. III. Die Heidelberger Handschrift Cod. Pal. Germ. 341. Hrsg. v. Gustav Rosenhagen, Dublin/Zürich: Weidmann 1970. (= Deutsche Texte des Mittelalters Bd. XVII). Der elektronische Text basiert zum Teil auf dem vom Electronic Text Center der University of Virginia u. dem Kompetenzzentrum für elektronische Erschließungs- und Publikationsverfahren in den Geisteswissenschaften an der Universität Trier erstellten Text, revidiert von Lesley C. Pleasant and Cindy Filer Speer.;"Die vorgeschriebene Abschnittnummer 106 entspricht der Nummer des Kleingedichtes in der Ausgabe. Übergeschriebene Vokale wurden aufgelöst.

Lemmatisiert, noch nicht disambiguiert.

Die Groß-/Kleinschreibung entspricht aus technischen Gründen nur teilweise der Edition.";000000000000aaa---h;;3;;;;KMH;Kleinere mittelhochdeutsche Erzählungen, Fabeln und Lehrgedichte;EBS;;;;;;;;;;;;;;;;;
Das Glück im Traum;;Kleinere mittelhochdeutsche Erzählungen, Fabeln und Lehrgedichte. III. Die Heidelberger Handschrift Cod. Pal. Germ. 341. Hrsg. v. Gustav Rosenhagen, Dublin/Zürich: Weidmann 1970. (= Deutsche Texte des Mittelalters Bd. XVII). Der elektronische Text basiert zum Teil auf dem vom Electronic Text Center der University of Virginia u. dem Kompetenzzentrum für elektronische Erschließungs- und Publikationsverfahren in den Geisteswissenschaften an der Universität Trier erstellten Text, revidiert von Lesley C. Pleasant and Cindy Filer Speer.;"Die vorgeschriebene Abschnittnummer 113 entspricht der Nummer des Kleingedichtes in der Ausgabe. Übergeschriebene Vokale wurden aufgelöst.

Noch nicht disambiguiert.

Die Groß-/Kleinschreibung entspricht aus technischen Gründen nur teilweise der Edition.";0000000000000aaa---;;3;;;;KMH;Kleinere mittelhochdeutsche Erzählungen, Fabeln und Lehrgedichte;GIT;;;;;;;;;;;;;;;;;
Der Kater als Freier;4;Kleinere mittelhochdeutsche Erzählungen, Fabeln und Lehrgedichte. III. Die Heidelberger Handschrift Cod. Pal. Germ. 341. Hrsg. v. Gustav Rosenhagen, Dublin/Zürich: Weidmann 1970. (= Deutsche Texte des Mittelalters Bd. XVII). Der elektronische Text basiert zum Teil auf dem vom Electronic Text Center der University of Virginia / Kompetenzzentrum für elektronische Erschließungs- und Publikationsverfahren in den Geisteswissenschaften an der Universität Trier erstellten Text, revidiert von Lesley C. Pleasant and Cindy Filer Speer.;"Die vorgeschriebene Abschnittnummer 145 entspricht der Nummer des Kleingedichtes in der Ausgabe. Übergeschriebene Vokale wurden aufgelöst.

Noch nicht disambiguiert.

Die Groß-/Kleinschreibung entspricht aus technischen Gründen nur teilweise der Edition.";000000000000aaa---h;;3;;;;KMH;Kleinere mittelhochdeutsche Erzählungen, Fabeln und Lehrgedichte;DKF;;;;;;;;;;;;;;;;;
Das Wildpret;4;Kleinere mittelhochdeutsche Erzählungen, Fabeln und Lehrgedichte. III. Die Heidelberger Handschrift Cod. Pal. Germ. 341. Hrsg. v. Gustav Rosenhagen, Dublin/Zürich: Weidmann 1970. (= Deutsche Texte des Mittelalters Bd. XVII). Der elektronische Text basiert zum Teil auf dem vom Electronic Text Center der University of Virginia / dem Kompetenzzentrum für elektronische Erschließungs- und Publikationsverfahren in den Geisteswissenschaften an der Universität Trier erstellten Text, revidiert von Lesley C. Pleasant and Cindy Filer Speer.;"Die vorgeschriebene Abschnittnummer 144 entspricht der Nummer des Kleingedichtes in der Ausgabe. Übergeschriebene Vokale wurden aufgelöst.

Noch nicht disambiguiert.

Die Groß-/Kleinschreibung entspricht aus technischen Gründen nur teilweise der Edition.";000000000000aaa---h;;3;;;;KMH;Kleinere mittelhochdeutsche Erzählungen, Fabeln und Lehrgedichte;DWP;;;;;;;;;;;;;;;;;
Der Gärtner;4;Kleinere mittelhochdeutsche Erzählungen, Fabeln und Lehrgedichte. III. Die Heidelberger Handschrift Cod. Pal. Germ. 341. Hrsg. v. Gustav Rosenhagen, Dublin/Zürich: Weidmann 1970. (= Deutsche Texte des Mittelalters Bd. XVII). Der elektronische Text basiert zum Teil auf dem vom Electronic Text Center der University of Virginia / Kompetenzzentrum für elektronische Erschließungs- und Publikationsverfahren in den Geisteswissenschaften an der Universität Trier erstellten Text, revidiert von Lesley C. Pleasant and Cindy Filer Speer.;"Die vorgeschriebene Abschnittnummer 142 entspricht der Nummer des Kleingedichtes in der Ausgabe. Übergeschriebene Vokale wurden aufgelöst.

Noch nicht disambiguiert.

Die Groß-/Kleinschreibung entspricht aus technischen Gründen nur teilweise der Edition.";000000000000aaa---h;;3;;;;KMH;Kleinere mittelhochdeutsche Erzählungen, Fabeln und Lehrgedichte;DGR;;;;;;;;;;;;;;;;;
Die Sommerlatte;;Kleinere mittelhochdeutsche Erzählungen, Fabeln und Lehrgedichte. III. Die Heidelberger Handschrift Cod. Pal. Germ. 341. Hrsg. v. Gustav Rosenhagen, Dublin/Zürich: Weidmann 1970. (= Deutsche Texte des Mittelalters Bd. XVII). Der elektronische Text basiert zum Teil auf dem vom Electronic Text Center der University of Virginia / dem Kompetenzzentrum für elektronische Erschließungs- und Publikationsverfahren in den Geisteswissenschaften an der Universität Trier erstellten Text, revidiert von Lesley C. Pleasant and Cindy Filer Speer.;"Die vorgeschriebene Abschnittnummer 149 entspricht der Nummer des Kleingedichtes in der Ausgabe. Übergeschriebene Vokale wurden aufgelöst.

Noch nicht disambiguiert.

Die Groß-/Kleinschreibung entspricht aus technischen Gründen nur teilweise der Edition.";000000000000aaa---h;;3;;;;KMH;Kleinere mittelhochdeutsche Erzählungen, Fabeln und Lehrgedichte;DSL;;;;;;;;;;;;;;;;;
Die Gäuhühner;4;Kleinere mittelhochdeutsche Erzählungen, Fabeln und Lehrgedichte. III. Die Heidelberger Handschrift Cod. Pal. Germ. 341. Hrsg. v. Gustav Rosenhagen, Dublin/Zürich: Weidmann 1970. (= Deutsche Texte des Mittelalters Bd. XVII). Der elektronische Text basiert zum Teil auf dem vom Electronic Text Center der University of Virginia / Kompetenzzentrum für elektronische Erschließungs- und Publikationsverfahren in den Geisteswissenschaften an der Universität Trier erstellten Text, revidiert von Lesley C. Pleasant and Cindy Filer Speer.;"Die vorgeschriebene Abschnittnummer 150 entspricht der Nummer des Kleingedichtes in der Ausgabe. Übergeschriebene Vokale wurden aufgelöst.

Noch nicht disambiguiert.

Die Groß-/Kleinschreibung entspricht aus technischen Gründen nur teilweise der Edition.";000000000000aaa---h;;3;;;;KMH;Kleinere mittelhochdeutsche Erzählungen, Fabeln und Lehrgedichte;DGH;;;;;;;;;;;;;;;;;
Der nackte Ritter;4;"Die Kleindichtung des Strickers: Gesamtausg. in 5 Bd. hrsg. von Wolfgang Wilfried Moelleken  

Publish info Göppingen: Kümmerle, 1973-1978.";"lemmatisiert, nicht disambiguiert.

Die Groß-/Kleinschreibung entspricht aus technischen Gründen nur teilweise der Edition.";0000000000000000---;;3;;;;;;SNR;;;;;;;;;;;;;;;;;
Konrad von Würzburg Lyrik;1;Kleinere Dichtungen Konrads von Würzburg. Hrsg. v. Edward Schröder mit einem Nachwort von Ludwig Wolff, 3. Aufl. Berlin 1924/59.;"Die oe-Ligaturen wurden aufgelöst. Die vom Herausgeber eingesetzten Zäsuren, die Wörter mit Bindestrich unterbrechen, wurden nicht mit berücksichtigt.



Lemmatisiert aber noch nicht disambiguiert.

Die Groß-/Kleinschreibung entspricht aus technischen Gründen nur teilweise der Edition.";00000000000000dd---;;5;;;;;;KWL;1924;1;;;;;;;;;;;;;;;
Engeltaler Schwesternbuch;385;"Der Nonne von Engelthal Büchlein von der Genaden Uberlast. Hrsg. v. Karl Schröder (Bibliothek des litterarischen Vereins in Stuttgart, CVIII; 25 Jahr/108,109). Tübingen 1971, S. 1-44.

Die digitale Version stützt sich teilweise auf jene von Thomas Gloning,  1997.";"Lemmatisiert, aber noch nicht disambiguiert.

Die Groß-/Kleinschreibung entspricht aus technischen Gründen nur teilweise der Edition.";000000000000000pp--;;4;;;;;;ESB;;;;;;;;;;;;;;;;;
Das Häslein;;"Novellistik des Mittelalters. Märendichtung. Hrsg. übers. und kommentiert v. Klaus Grubmüller. Frankfurt/Main: Dt. Klassiker-Verlag, 1996, S. 590-612. (= Bibliothek des Mittelalters; 23; Bibliothek dt. Klassiker; 138) Elektronische Fassung von Maurice Sprague.";"Lemmatisiert.

Noch nicht disambiguiert.

Die Groß-/Kleinschreibung entspricht aus technischen Gründen nur teilweise der Edition.";0000000000000000---;;3;;Autor unbekannt. Lokalisierung und Datierung ergeben sich aus der Überlieferung und der Sprache: vermutlich frühestens Ende 13. Jh. auf alem. Gebiet entstanden.;Text basiert auf einer einzigen Hs. S, die 1870 verbrannt ist. Abdruck bei Christoph Heinrich Myller. Sammlung deutscher Gedichte III (1785), p. XXI-XXIV. Später normalisierte und emendierte Fassung bei von der Hagens 'Gesamtabenteuer II, S. 5-18.;NDM;Novellistik des Mittelalters. Märendichtung;HSL;;;;;;;;;;;;;;;;;
Gottfried von Straßburg;8;Des Minnesangs Frühling. Unter Benutzung der Ausgaben von Karl Lachmann und Moriz Haupt, Friedrich Vogt und Carl von Kraus bearbeitet von Hugo Moser und Helmut Tervooren. 36., neugestaltete und erweiterte Auflage. Stuttgart: S. Hirzel Verlag 1977.;"Lemmatisiert, aber noch nicht disambiguiert

Auszug aus MF nach einzelnen Abschnitten/Autoren. 

Verschiedene Überlieferungen sind als große fortlaufende Kapitelnummer vor dem jeweils ersten Lied gekennzeichnet. Beispiel: Die AC-Überlieferung bei Spervogel ist als Kapitel 1, die J-Überlieferung als Kapitel 2 gekennzeichnet. 

Soll der gesamte MF durchsucht werden, müssen alle dazugehörenden Abschnitte (MNL=MF Namenlose Lieder; MAD= MF Engelhart von Adelnburg) angeleuchtet werden. 

Die Groß-/Kleinschreibung entspricht aus technischen Gründen nur teilweise der Edition.";000000000000cddss--;;81;Minnesangs Frühling;;;MSF;Minnesangs Frühling;MGS;;;;;;;;;;;;;;;;;
Wolfram von Eschenbach;7;Des Minnesangs Frühling. Unter Benutzung der Ausgaben von Karl Lachmann und Moriz Haupt, Friedrich Vogt und Carl von Kraus bearbeitet von Hugo Moser und Helmut Tervooren. 36., neugestaltete und erweiterte Auflage. Stuttgart: S. Hirzel Verlag 1977.;"Lemmatisiert, aber noch nicht disambiguiert

Auszug aus MF nach einzelnen Abschnitten/Autoren. 

Verschiedene Überlieferungen sind als große fortlaufende Kapitelnummer vor dem jeweils ersten Lied gekennzeichnet. Beispiel: Die AC-Überlieferung bei Spervogel ist als Kapitel 1, die J-Überlieferung als Kapitel 2 gekennzeichnet. 

Soll der gesamte MF durchsucht werden, müssen alle dazugehörenden Abschnitte (MNL=MF Namenlose Lieder; MAD= MF Engelhart von Adelnburg) angeleuchtet werden. 

Die Groß-/Kleinschreibung entspricht aus technischen Gründen nur teilweise der Edition.";000000000000cddss--;;81;Minnesangs Frühling;;;;;MWE;;;;;;;;;;;;;;;;;
Prosa-Lancelot (Teil 3);;"Lancelot: nach der Heidelberger Pergamenthandschrift Pal. Germ. 147, hrsg. von Reinhold Kluge  

Berlin: Akademie-Verlag, [1980]1948. 

(= Deutsche Texte des Mittelalters, Bd. 63)";"Vollständig lemmatisiert, aber noch nicht  disambiguiert.



Die Groß-/Kleinschreibung entspricht aus technischen Gründen nur teilweise der Edition.";0000000000000tppp--;;16;;;;;;PL3;1980;1;;;;;;;;;;;;;;;
Prosa-Lancelot (Teil 1);;"Lancelot: nach der Heidelberger Pergamenthandschrift Pal. Germ. 147, hrsg. von Reinhold Kluge  

Berlin: Akademie-Verlag, [1980]1948. 

(= Deutsche Texte des Mittelalters, Bd. 42)";"Vollständig lemmatisiert, aber noch nicht  disambiguiert.



Links zu Cod. Pal. germ. 91.

Die Groß-/Kleinschreibung entspricht aus technischen Gründen nur teilweise der Edition.";0000000000000tppp--;;16;;;;;;PL1;1980;1;;;;;;;;;;;;;;;
Prosa-Lancelot (Teil 2);;"Lancelot: nach der Kölner Papierhandschrift und der Heidelberger Pergamenthandschrift Pal. Germ. 147, hrsg. von Reinhold Kluge  

Berlin: Akademie-Verlag, [1980]1948. ( = DTM, Bd. 47)";"Vollständig lemmatisiert, aber noch nicht  disambiguiert.



Die Groß-/Kleinschreibung entspricht aus technischen Gründen nur teilweise der Edition.";0000000000000tppp--;;16;;;;;;PL2;1980;1;;;;;;;;;;;;;;;
Leich (W.v.V.);324;"Walther von der Vogelweide: Leich. In: Walther von der Vogelweide: Leich, Lieder, Sangsprüche. 14., völlig neubearbeitete Auflage der Ausgabe von Karl Lachmann mit Beiträgen von Thomas Bein und Horst Brunner herausgegeben von Christoph Cormeau. Berlin, New York: de Gruyter 1996.

Der elektronische Text wurde von Thomas Bein (Aachen) zur Verfügung gestellt.";"Der Text entspricht der Ausgabe von Cormeau, aus technischen Gründen wurde die Zählung von Lachmann übernommen. 

Lemmatisiert, aber noch nicht disambiguiert.

Die Groß-/Kleinschreibung entspricht aus technischen Gründen nur teilweise der Edition.";000000000000000pp--;;5;;;"Cologny, Fondation Martin Bodmer, Cod. Bodmer 72; Nordwestböhmen/Oberfranken/südl. Vogtland, Erstes Viertel 14. Jahrhundert; Walther von der Vogelweide, Leich Str. 5,19-8,3; 3,1-5,18 (f. 14r-15r)

Incipit: Maget vil unbewollen, der Gedeones wollen

Explicit: durch dich des unser durfte ger, des wirt din lop gemeret.

http://www.e-codices.unifr.ch/de/cb/0072/14r";;;WLE;;;;;;;;;;;;;;;;;
Mönch von Salzburg  (Weltliche Lieder);344;Der Mönch von Salzburg. Die weltliche Dichtung. Übertragen von C. W. Aigner. Ausgabe der mittelalterlichen Texte von Franz Viktor Spechtler. Salzburg, 1995.;"lemmatisiert, noch nicht disambiguiert.

Die Groß-/Kleinschreibung entspricht aus technischen Gründen nur teilweise der Edition.";000000000000ddss--h;;5;;;;MSA;Moench von Salzburg;MSW;1995;0;;;;;;;;;;;;;;;
Mönch von Salzburg (Geistliche Lieder);344;Die geistlichen Lieder des Mönchs von Salzburg. Hrsg. von Franz Viktor Spechtler. Berlin, New York: de Gruyter 1972 (= Quellen und Forschungen zur Sprach- und Kulturgeschichte der germanischen Völker, N.F. 51 [175])Elektronischer Text vorbereitet von Bettina Hatheyer.;"Nur teilweise lemmatisiert und noch nicht disambiguiert.

Die Groß-/Kleinschreibung entspricht aus technischen Gründen nur teilweise der Edition.";00000000000cddss--h;;5;;;;MSA;Moench von Salzburg;MSG;;;;;;;;;;;;;;;;;
Walther: Lieder und Sangsprüche;324;"Walther von der Vogelweide: Lieder und Sangsprüche. In: Walther, von der Vogelweide: Leich, Lieder, Sangsprüche. 14. völlig neubearbeitete Aufl. der Ausgabe Karl Lachmanns mit Beiträgen von Thomas Bein und Horst Brunner; herausgegeben von Christoph Cormeau. Berlin/New York : W. de Gruyter, 1996. 

Der elektronische Text wurde von Thomas Bein (Aachen) zur Verfügung gestellt.";"Was als ""Kapitel"" erscheint, entspricht der Lesart.



Vollständig lemmatisiert, nicht disambiguiert.

Die Groß-/Kleinschreibung entspricht aus technischen Gründen nur teilweise der Edition.";000000000cnddss--kk;;5;;;;;;WVV;;;;;;;;;;;;;;;;;
Spervogel;128;Des Minnesangs Frühling. Unter Benutzung der Ausgaben von Karl Lachmann und Moriz Haupt, Friedrich Vogt und Carl von Kraus bearbeitet von Hugo Moser und Helmut Tervooren. 36., neugestaltete und erweiterte Auflage. Stuttgart: S. Hirzel Verlag 1977.;"Lemmatisiert, aber noch nicht disambiguiert

Auszug aus MF nach einzelnen Abschnitten/Autoren. 

Verschiedene Überlieferungen sind als große fortlaufende Kapitelnummer vor dem jeweils ersten Lied gekennzeichnet. Beispiel: Die AC-Überlieferung bei Spervogel ist als Kapitel 1, die J-Überlieferung als Kapitel 2 gekennzeichnet. 

Soll der gesamte MF durchsucht werden, müssen alle dazugehörenden Abschnitte (MNL=MF Namenlose Lieder; MAD= MF Engelhart von Adelnburg) angeleuchtet werden. 

Die Groß-/Kleinschreibung entspricht aus technischen Gründen nur teilweise der Edition.";000000000000cddss--;;81;Minnesangs Frühling;;;MSF;Minnesangs Frühling;MSV;;;;;;;;;;;;;;;;;
Die wandelbaren Juden;;Kleinere mittelhochdeutsche Erzählungen, Fabeln und Lehrgedichte. III. Die Heidelberger Handschrift Cod. Pal. Germ. 341. Hrsg. v. Gustav Rosenhagen, Dublin/Zürich: Weidmann 1970. (= Deutsche Texte des Mittelalters Bd. XVII). Der elektronische Text basiert zum Teil auf dem vom Electronic Text Center der University of Virginia / dem Kompetenzzentrum für elektronische Erschließungs- und Publikationsverfahren in den Geisteswissenschaften an der Universität Trier erstellten Text, revidiert von Lesley C. Pleasant and Cindy Filer Speer.;"Die vorgeschriebene Abschnittnummer 152 entspricht der Nummer des Kleingedichtes in der Ausgabe. Übergeschriebene Vokale wurden aufgelöst.

Noch nicht disambiguiert.

Die Groß-/Kleinschreibung entspricht aus technischen Gründen nur teilweise der Edition.";000000000000aaa---h;;3;;;;KMH;Kleinere mittelhochdeutsche Erzählungen, Fabeln und Lehrgedichte;DWJ;;;;;;;;;;;;;;;;;
Der Turse;;Kleinere mittelhochdeutsche Erzählungen, Fabeln und Lehrgedichte. III. Die Heidelberger Handschrift Cod. Pal. Germ. 341. Hrsg. v. Gustav Rosenhagen, Dublin/Zürich: Weidmann 1970. (= Deutsche Texte des Mittelalters Bd. XVII). Der elektronische Text basiert zum Teil auf dem vom Electronic Text Center der University of Virginia / dem Kompetenzzentrum für elektronische Erschließungs- und Publikationsverfahren in den Geisteswissenschaften an der Universität Trier erstellten Text, revidiert von Lesley C. Pleasant and Cindy Filer Speer.;"Die vorgeschriebene Abschnittnummer 154 entspricht der Nummer des Kleingedichtes in der Ausgabe. Übergeschriebene Vokale wurden aufgelöst.

Noch nicht disambiguiert.

Die Groß-/Kleinschreibung entspricht aus technischen Gründen nur teilweise der Edition.";000000000000aaa---h;;3;;;;KMH;Kleinere mittelhochdeutsche Erzählungen, Fabeln und Lehrgedichte;DTU;;;;;;;;;;;;;;;;;
Von Eseln, Gäuchen und Pfaffen;4;Kleinere mittelhochdeutsche Erzählungen, Fabeln und Lehrgedichte. III. Die Heidelberger Handschrift Cod. Pal. Germ. 341. Hrsg. v. Gustav Rosenhagen, Dublin/Zürich: Weidmann 1970. (= Deutsche Texte des Mittelalters Bd. XVII). Der elektronische Text basiert zum Teil auf dem vom Electronic Text Center der University of Virginia u. dem Kompetenzzentrum für elektronische Erschließungs- und Publikationsverfahren in den Geisteswissenschaften an der Universität Trier erstellten Text, revidiert von Lesley C. Pleasant and Cindy Filer Speer.;"Die vorgeschriebene Abschnittnummer 1620 =162 entspricht der Nummer des Kleingedichtes in der Ausgabe. Übergeschriebene Vokale wurden aufgelöst.

Noch nicht disambiguiert.

Die Groß-/Kleinschreibung entspricht aus technischen Gründen nur teilweise der Edition.";0000000000000aaaa--;;3;;;;KMH;Kleinere mittelhochdeutsche Erzählungen, Fabeln und Lehrgedichte;VEG;;;;;;;;;;;;;;;;;
Die geliehenen Kleider;4;Kleinere mittelhochdeutsche Erzählungen, Fabeln und Lehrgedichte. III. Die Heidelberger Handschrift Cod. Pal. Germ. 341. Hrsg. v. Gustav Rosenhagen, Dublin/Zürich: Weidmann 1970. (= Deutsche Texte des Mittelalters Bd. XVII). Der elektronische Text basiert zum Teil auf dem vom Electronic Text Center der University of Virginia / Kompetenzzentrum für elektronische Erschließungs- und Publikationsverfahren in den Geisteswissenschaften an der Universität Trier erstellten Text, revidiert von Lesley C. Pleasant and Cindy Filer Speer.;"Die vorgeschriebene Abschnittnummer 163  entspricht der Nummer des Kleingedichtes in der Ausgabe. Übergeschriebene Vokale wurden aufgelöst.

Noch nicht disambiguiert.

Die Groß-/Kleinschreibung entspricht aus technischen Gründen nur teilweise der Edition.";000000000000aaa---h;;3;;;;KMH;Kleinere mittelhochdeutsche Erzählungen, Fabeln und Lehrgedichte;DGK;;;;;;;;;;;;;;;;;
Der Hort;4;Kleinere mittelhochdeutsche Erzählungen, Fabeln und Lehrgedichte. III. Die Heidelberger Handschrift Cod. Pal. Germ. 341. Hrsg. v. Gustav Rosenhagen, Dublin/Zürich: Weidmann 1970. (= Deutsche Texte des Mittelalters Bd. XVII). Der elektronische Text basiert zum Teil auf dem vom Electronic Text Center der University of Virginia / Kompetenzzentrum für elektronische Erschließungs- und Publikationsverfahren in den Geisteswissenschaften an der Universität Trier erstellten Text, revidiert von Lesley C. Pleasant and Cindy Filer Speer.;"Die vorgeschriebene Abschnittnummer 165  entspricht der Nummer des Kleingedichtes in der Ausgabe. Übergeschriebene Vokale wurden aufgelöst.

Noch nicht disambiguiert.

Die Groß-/Kleinschreibung entspricht aus technischen Gründen nur teilweise der Edition.";000000000000aaa---h;;3;;;;KMH;Kleinere mittelhochdeutsche Erzählungen, Fabeln und Lehrgedichte;DHO;;;;;;;;;;;;;;;;;
Der Kirchtag;4;Kleinere mittelhochdeutsche Erzählungen, Fabeln und Lehrgedichte. III. Die Heidelberger Handschrift Cod. Pal. Germ. 341. Hrsg. v. Gustav Rosenhagen, Dublin/Zürich: Weidmann 1970. (= Deutsche Texte des Mittelalters Bd. XVII). Der elektronische Text basiert zum Teil auf dem vom Electronic Text Center der University of Virginia / dem Kompetenzzentrum für elektronische Erschließungs- und Publikationsverfahren in den Geisteswissenschaften an der Universität Trier erstellten Text, revidiert von Lesley C. Pleasant and Cindy Filer Speer.;"Die vorgeschriebene Abschnittnummer 166  entspricht der Nummer des Kleingedichtes in der Ausgabe. Übergeschriebene Vokale wurden aufgelöst.

Noch nicht disambiguiert.

Die Groß-/Kleinschreibung entspricht aus technischen Gründen nur teilweise der Edition.";000000000000aaa---h;;3;;;;KMH;Kleinere mittelhochdeutsche Erzählungen, Fabeln und Lehrgedichte;DKI;;;;;;;;;;;;;;;;;
Engelhart von Adelnburg;264;Des Minnesangs Frühling. Unter Benutzung der Ausgaben von Karl Lachmann und Moriz Haupt, Friedrich Vogt und Carl von Kraus bearbeitet von Hugo Moser und Helmut Tervooren. 36., neugestaltete und erweiterte Auflage. Stuttgart: S. Hirzel Verlag 1977.;"Lemmatisiert, aber noch nicht disambiguiert

Auszug aus MF nach einzelnen Abschnitten/Autoren. 

Verschiedene Überlieferungen sind als große fortlaufende Kapitelnummer vor dem jeweils ersten Lied gekennzeichnet. Beispiel: Die AC-Überlieferung bei Spervogel ist als Kapitel 1, die J-Überlieferung als Kapitel 2 gekennzeichnet. 

Soll der gesamte MF durchsucht werden, müssen alle dazugehörenden Abschnitte (MNL=MF Namenlose Lieder; MAD= MF Engelhart von Adelnburg) angeleuchtet werden. 

Die Groß-/Kleinschreibung entspricht aus technischen Gründen nur teilweise der Edition.";000000000000cddss--;;81;Minnesangs Frühling;;;MSF;Minnesangs Frühling;MEA;;;;;;;;;;;;;;;;;
Reinmar;284;Des Minnesangs Frühling. Unter Benutzung der Ausgaben von Karl Lachmann und Moriz Haupt, Friedrich Vogt und Carl von Kraus bearbeitet von Hugo Moser und Helmut Tervooren. 36., neugestaltete und erweiterte Auflage. Stuttgart: S. Hirzel Verlag 1977.;"Ab Lied LXI sind die Lieder als ""Pseudo-Reinmar"" ausgewiesen.



Lemmatisiert, aber noch nicht disambiguiert

Auszug aus MF nach einzelnen Abschnitten/ Autoren. 

Verschiedene Überlieferungen sind als große fortlaufende Kapitelnummer vor dem jeweils ersten Lied gekennzeichnet. Beispiel: Die AC-Überlieferung bei Spervogel ist als Kapitel 1, die J-Überlieferung als Kapitel 2 gekennzeichnet. 

Soll der gesamte MF durchsucht werden, müssen alle dazugehörenden Abschnitte (MNL=MF Namenlose Lieder; MAD= MF Engelhart von Adelnburg) angeleuchtet werden. 

Die Groß-/Kleinschreibung entspricht aus technischen Gründen nur teilweise der Edition.";000000000000cddss--;;81;Minnesangs Frühling;;;MSF;Minnesangs Frühling;MRA;;;;;;;;;;;;;;;;;
König Rother;;"König Rother. Hrsg. v. Theodor Frings u. Joachim Kuhnt. 3. Aufl., Halle 1968.

(=Altdeutsche Texte für den akademischen Unterricht, Bd.2).";"Der Text besteht aus 5181 Versen beginnend mit Vers 1 und weist Einschübe auf.

Hochgestellte o,v, etc. und Abbreviaturen wurden aufgelöst. Emendierte Wörter erscheinen kursiv, und im Gegensatz zur Edition alle Eigennamen konsequent groß.

Teilweise lemmatisiert, nicht disambiguiert. 







Die Groß-/Kleinschreibung entspricht aus technischen Gründen nur teilweise der Edition.";00000000000000----i;;304;;Vermutlich von einem mittelfränk. Spielmann geschrieben. Entststand ca. 1150 in Bayern.;;;;ROT;1968;0;;;;;;;;;;;;;;;
Daniel von dem blühenden Tal;4;Der Stricker: Daniel von dem blühenden Tal. Hrsg. von Michael Resler, Tübingen 1983. (= ATB Nr. 92);"Der Text hat 8483 Verszeilen beginnend mit Vers 1.



Voll lemmatisiert und disambiguiert.



Entstanden ca. 1230-1240.

Die Groß-/Kleinschreibung entspricht aus technischen Gründen nur teilweise der Edition.";000000000000000----;;16;;;;;;DA;1983;1;;;;;;;;;;;;;;;
Dietrichs Flucht;;Dietrichs Flucht. In: Deutsches Heldenbuch, zweiter Teil. Hrsg. v. Ernst Martin. Berlin 1866. S. 55-215.;"Lemmatisiert, aber nicht disambiguiert.

Text weist Lücken auf.

Die Groß-/Kleinschreibung entspricht aus technischen Gründen nur teilweise der Edition.";0000000000000-----i;1477;2;;"Dietrichs Flucht ist Titel einer Ende des 13. Jahrhunderts entstandenen mittelhochdeutschen Heldendichtung aus dem Bereich der historischen Dietrichepik. Sie ist in fünf Handschriften aus dem späten 13. bis frühen 16. Jahrhundert überliefert, in vieren davon gemeinsam mit dem Epos von der zeitlich darauf folgenden Rabenschlacht. Dietrichs Flucht berichtet in 10.152 Reimpaarversen, wie Dietrich von Bern die Herrschaft über das ihm von seinem Vater Dietmar anvertraute Land im Kampf gegen Ermanarich (hier Ermrich genannt) verliert. In Dietrichs Flucht wird mitgeteilt, Heinrich der Vogler hätte einen Exkurs gegen Fürstenwillkür verfasst, der an Helches Geldgabe für die Entlohnung von Dietrichs Rittern anschließt. Darum wurde angenommen, Heinrich der Vogler hätte sowohl Flucht als auch Rabenschlacht verfasst. Doch die Unterschiede zwischen beiden Dichtungen sprechen dagegen und eigentlich kann nur der Exkurs selber diesem Dichter zugeschrieben werden.

(siehe: http://de.wikipedia.org/wiki/Dietrichs_Flucht)";;;;DFL;;;;;;;;;;;;;;;;;
Tristrant;42;Eilhart von Oberg. Tristrant. Hrsg. Hadumod Bussmann. Tübingen 1969.;"Lemmatisiert, aber noch nicht disambiguiert.

Der Text beginnt mit Vers 1608.

Er weist Lücken (1625-1654;1680 - 1725;1843-2808;2855-2862;2903-2910;2956-2962;3006-3027;3076;3132-3403;3453-3463;3511-3517;3556-3561; und Einschübe (nach 1763;1816;2823;2834;2866;2994) auf.

Die Groß-/Kleinschreibung entspricht aus technischen Gründen nur teilweise der Edition.";00000000000000----i;;16;;;;;;EIL;;;;;;;;;;;;;;;;;
Eneide;41;Heinrich von Veldeke: Eneasroman, nach dem Text von Ludwig Ettmüller, ins Nhd. Übersetzt, mit einem Stellenkommentar und einem Nachw. v. Dieter Kartschoke. (= Reclams UB 8303) Stuttgart 1986.;"Lemmatisiert; noch nicht disambiguiert.



Der Text weist Lücken (373-374;1083-1084;1191-92;1679-80;2357-58;3443-44;

3549-50;4079-80;4301-02;6367-68;6457-58;6705-06;6367-68;6457-58;6705-06;7763-66;8129-30;8369-70;8495-96; 8781-72;9035-36;9779-82;10703-04;12795-96; und Einschübe (nach 322;324;372;638;1082;1190;1678;1911; 2300;2356;3442;4079;4300;4490;4929; 4938;4955;5610;6366;6456;6704;6366; 6456;6704;7537;7762;8128;8368;8494; 9034;9129;9130;9639;9778;10178;10702; 12012;12718;12794;133241;133601;13461)auf.

Die Groß-/Kleinschreibung entspricht aus technischen Gründen nur teilweise der Edition.";0000000000000-----i;;10;;;"Cologny, Fondation Martin Bodmer, Cod. Bodmer 83(f. 2r-62v); Hessen, drittes Drittel des 14. Jahrhunderts.";;;ENE;1986;1;;;;;;;;;;;;;;;
Engelhard;1;Konrad von Würzburg: Engelhard. Hrsg. von Ingo Reiffenstein. 3., neubearb. Aufl. der Ausgabe von Paul Gereke. Tübingen 1982.(=ATB Nr. 17).;"Lemmatisiert, aber noch nicht  disambiguiert.

Die Groß-/Kleinschreibung entspricht aus technischen Gründen nur teilweise der Edition.";000000000000000----;;4;;;;;;ENG;1982;1;;;;;;;;;;;;;;;
Herzog Ernst (Hs. B);;Herzog Ernst. (= B) Die älteste Überarbeitung des Niederrheinischen Gedichtes. In: Herzog Ernst.Hrsg. v. Karl Bartsch. Wien 1869. S.13-186.;"Lemmatisiert, nicht disambiguiert. Der Text weist eine Lücke in V. 2249 auf.

Die Groß-/Kleinschreibung entspricht aus technischen Gründen nur teilweise der Edition.";000000000000000----;;304;;;;;;ERB;1869;1;;;;;;;;;;;;;;;
Wolfdietrich (Hs. B.);;Wolfdietrich B. In: Arthur Amelung u. Oskar Jänicke : Ortnit und die Wolfdietriche , Berlin 1871 (Deutsches Heldenbuch 3);"Lemmatisiert, aber nicht disambiguiert.

Die Groß-/Kleinschreibung entspricht aus technischen Gründen nur teilweise der Edition.";000000000000000sss-;;2;;;;;;WDB;;;;;;;;;;;;;;;;;
Wolfdietrich (Hs. D.);;Wolfdietrich D. In: Arthur Amelung u. Oskar Jänicke : Ortnit und die Wolfdietriche , Berlin 1871 (Deutsches Heldenbuch 3);"Lemmatisiert, aber nicht disambiguiert.



Der Text enthält Einschübe.

Die Groß-/Kleinschreibung entspricht aus technischen Gründen nur teilweise der Edition.";00000000000000sss-i;;2;;;;;;WDD;;;;;;;;;;;;;;;;;
Himmel und Hölle;;"Himmel und Hölle. In: Denkmäler deutscher Poesie und Prosa

aus dem VIII. - XII. Jahrhundert.

Hrsg. von K. Müllenhoff/W. Scherer, Zürich 1964.";"Lemmatisiert, aber nicht disambiguiert.

190 Verszeilen.

Die Groß-/Kleinschreibung entspricht aus technischen Gründen nur teilweise der Edition.";0000000000000000---;;4;;;;;;HH;;;;;;;;;;;;;;;;;
Der Tugendspiegel oder der Meizoge;;Kleinere mittelhochdeutsche Erzählungen, Fabeln und Lehrgedichte. III. Die Heidelberger Handschrift Cod. Pal. Germ. 341. Hrsg. v. Gustav Rosenhagen, Dublin/Zürich: Weidmann 1970. (= Deutsche Texte des Mittelalters Bd. XVII). Der elektronische Text basiert zum Teil auf dem vom Electronic Text Center der University of Virginia u. dem Kompetenzzentrum für elektronische Erschließungs- und Publikationsverfahren in den Geisteswissenschaften an der Universität Trier erstellten Text, revidiert von Lesley C. Pleasant and Cindy Filer Speer.;"Die vorgeschriebene Abschnittnummer 36 entspricht der Nummer des Kleingedichtes in der Ausgabe. Übergeschriebene Vokale wurden aufgelöst.





Noch nicht disambiguiert

Die Groß-/Kleinschreibung entspricht aus technischen Gründen nur teilweise der Edition.";0000000000000aa---h;;3;;;;KMH;Kleinere mittelhochdeutsche Erzählungen, Fabeln und Lehrgedichte;TSM;;;;;;;;;;;;;;;;;
Warum Gott sein Haupt neiget;;Kleinere mittelhochdeutsche Erzählungen, Fabeln und Lehrgedichte. III. Die Heidelberger Handschrift Cod. Pal. Germ. 341. Hrsg. v. Gustav Rosenhagen, Dublin/Zürich: Weidmann 1970. (= Deutsche Texte des Mittelalters Bd. XVII). Der elektronische Text basiert zum Teil auf dem vom Electronic Text Center der University of Virginia u. dem Kompetenzzentrum für elektronische Erschließungs- und Publikationsverfahren in den Geisteswissenschaften an der Universität Trier erstellten Text, revidiert von Lesley C. Pleasant and;"Die vorgeschriebene Abschnittnummer 41 entspricht der Nummer des Kleingedichtes in der Ausgabe. Übergeschriebene Vokale wurden aufgelöst.



Lemmatisiert, aber noch nicht disambiguiert.

Die Groß-/Kleinschreibung entspricht aus technischen Gründen nur teilweise der Edition.";0000000000000aa---h;;3;;;;;;WGS;;;;;;;;;;;;;;;;;
Von der Messe;4;Kleinere mittelhochdeutsche Erzählungen, Fabeln und Lehrgedichte. III. Die Heidelberger Handschrift Cod. Pal. Germ. 341. Hrsg. v. Gustav Rosenhagen, Dublin/Zürich: Weidmann 1970. (= Deutsche Texte des Mittelalters Bd. XVII). Der elektronische Text basiert zum Teil auf dem vom Electronic Text Center der University of Virginia u. dem Kompetenzzentrum für elektronische Erschließungs- und Publikationsverfahren in den Geisteswissenschaften an der Universität Trier erstellten Text, revidiert von Lesley C. Pleasant and Cindy Filer Speer.;"Die vorgeschriebene Abschnittnummer 61 entspricht der Nummer des Kleingedichtes in der Ausgabe. Übergeschriebene Vokale wurden aufgelöst.

Noch nicht disambiguiert.

Die Groß-/Kleinschreibung entspricht aus technischen Gründen nur teilweise der Edition.";0000000000000aa---h;;3;;;;KMH;Kleinere mittelhochdeutsche Erzählungen, Fabeln und Lehrgedichte;VDM;;;;;;;;;;;;;;;;;
Der wahre Freund;;Kleinere mittelhochdeutsche Erzählungen, Fabeln und Lehrgedichte. III. Die Heidelberger Handschrift Cod. Pal. Germ. 341. Hrsg. v. Gustav Rosenhagen, Dublin/Zürich: Weidmann 1970. (= Deutsche Texte des Mittelalters Bd. XVII). Der elektronische Text basiert zum Teil auf dem vom Electronic Text Center der University of Virginia / dem Kompetenzzentrum für elektronische Erschließungs- und Publikationsverfahren in den Geisteswissenschaften an der Universität Trier erstellten Text, revidiert von Lesley C. Pleasant and Cindy Filer Speer.;"Die vorgeschriebene Abschnittnummer 75 entspricht der Nummer des Kleingedichtes in der Ausgabe. Übergeschriebene Vokale wurden aufgelöst.

Noch nicht disambiguiert.

Die Groß-/Kleinschreibung entspricht aus technischen Gründen nur teilweise der Edition.";0000000000000aa---h;;3;;;;KMH;Kleinere mittelhochdeutsche Erzählungen, Fabeln und Lehrgedichte;DWF;;;;;;;;;;;;;;;;;
Der Marktdieb;4;Kleinere mittelhochdeutsche Erzählungen, Fabeln und Lehrgedichte. III. Die Heidelberger Handschrift Cod. Pal. Germ. 341. Hrsg. v. Gustav Rosenhagen, Dublin/Zürich: Weidmann 1970. (= Deutsche Texte des Mittelalters Bd. XVII). Der elektronische Text basiert zum Teil auf dem vom Electronic Text Center der University of Virginia / dem Kompetenzzentrum für elektronische Erschließungs- und Publikationsverfahren in den Geisteswissenschaften an der Universität Trier erstellten Text, revidiert von Lesley C. Pleasant and Cindy Filer Speer.;"Die vorgeschriebene Abschnittnummer 89 entspricht der Nummer des Kleingedichtes in der Ausgabe. Übergeschriebene Vokale wurden aufgelöst.

Noch nicht disambiguiert.

Die Groß-/Kleinschreibung entspricht aus technischen Gründen nur teilweise der Edition.";0000000000000aa---h;;3;;;;KMH;Kleinere mittelhochdeutsche Erzählungen, Fabeln und Lehrgedichte;DMD;;;;;;;;;;;;;;;;;
Löwe und Maus;;Kleinere mittelhochdeutsche Erzählungen, Fabeln und Lehrgedichte. III. Die Heidelberger Handschrift Cod. Pal. Germ. 341. Hrsg. v. Gustav Rosenhagen, Dublin/Zürich: Weidmann 1970. (= Deutsche Texte des Mittelalters Bd. XVII). Der elektronische Text basiert zum Teil auf dem vom Electronic Text Center der University of Virginia u. dem Kompetenzzentrum für elektronische Erschließungs- und Publikationsverfahren in den Geisteswissenschaften an der Universität Trier erstellten Text, revidiert von Lesley C. Pleasant and Cindy Filer Speer.;"Die vorgeschriebene Abschnittnummer 87 entspricht der Nummer des Kleingedichtes in der Ausgabe. Übergeschriebene Vokale wurden aufgelöst.

Noch nicht disambiguiert.

Die Groß-/Kleinschreibung entspricht aus technischen Gründen nur teilweise der Edition.";0000000000000aa---h;;3;;;;KMH;Kleinere mittelhochdeutsche Erzählungen, Fabeln und Lehrgedichte;LUM;;;;;;;;;;;;;;;;;
Der Hund am Wasser;;Kleinere mittelhochdeutsche Erzählungen, Fabeln und Lehrgedichte. III. Die Heidelberger Handschrift Cod. Pal. Germ. 341. Hrsg. v. Gustav Rosenhagen, Dublin/Zürich: Weidmann 1970. (= Deutsche Texte des Mittelalters Bd. XVII). Der elektronische Text basiert zum Teil auf dem vom Electronic Text Center der University of Virginia / Kompetenzzentrum für elektronische Erschließungs- und Publikationsverfahren in den Geisteswissenschaften an der Universität Trier erstellten Text, revidiert von Lesley C. Pleasant and Cindy Filer Speer.;"Die vorgeschriebene Abschnittnummer 90 entspricht der Nummer des Kleingedichtes in der Ausgabe. Übergeschriebene Vokale wurden aufgelöst.

Noch nicht disambiguiert.

Die Groß-/Kleinschreibung entspricht aus technischen Gründen nur teilweise der Edition.";0000000000000aa---h;;3;;;;KMH;Kleinere mittelhochdeutsche Erzählungen, Fabeln und Lehrgedichte;DHW;;;;;;;;;;;;;;;;;
Der Renner;384;"Hugo von Trimberg: ""Der Renner"", hrsg. v. Gustav Ehrismann (Bibliothek des Litterarischen Vereins Stuttgart), Tübingen 1908-1912, Band I-IV. Die Rohfassung der Transkription wurde von Rudolf Weigand erstellt, von Max Grosse korrigiert und von Henrike Lähnemann redigiert.

http://www.uni-tuebingen.de/mediaevistik/materialien/renner/index.html";"Der Text besteht aus 24611 Verszeilen beginnend mit V. 1. Er enthält zahlreiche Überschriften.

Teilweise lemmatisiert, nicht disambiguiert.

Die Groß-/Kleinschreibung entspricht aus technischen Gründen nur teilweise der Edition.";0000000000000-----h;;101;;;"Textgrundlage ist die Ausgabe von Gustav Ehrismann: Der Renner von Hugo von Trimberg (Bibliothek des Litterarischen Vereins Stuttgart), Tübingen 1908-1912, Band I-IV. Die Rohfassung der Transkription wurde von Rudolf Weigand erstellt, von Max Grosse und für die Verwendung bei der Mittelhochdeutschen Begriffsdatenbank korrigiert und wird von Henrike Lähnemann redigiert. 

Abbildungen aus: Bruno Müller, Die Titelbilder der illustrierten Rennerhandschriften. BHVB 102. 1966, 271-306. Ders.: Hugo von Trimberg und das Bocciaspiel. BHVB 105. 1969, 202-212. Ders.: Südtiroler illustrierte Renner-Handschriften. BHVB 109. 1973, 183-236. Ders.: Die illustrierte Renner-Handschrift in der Bibliotheca Bodmeriana in Cologny-Genf (Hs. CG) im Vergleich mit den sonst erhaltenen bebilderten Renner-Handschriften. BHVB 112. 1976, 77-160.";;;HTR;;;;;;;;;;;;;;;;;
Der Welsche Gast (Inhaltsangabe);405;Der Wälsche Gast des Thomasin von Zirclaria. Hrsg. von Heinrich Rückert. Mit einer Einleitung und einem Register von Friedrich Naumann (Deutsche Neudrucke. Reihe: Texte des Mittelalters, Berlin, 1965.;"Text S. 403 - 415 der Ausgabe. Zeilenzählung neu generiert.

Weder lemmatisiert noch disambiguiert.

Die Groß-/Kleinschreibung entspricht aus technischen Gründen nur teilweise der Edition.";0000000000000ppp--k;;101;;;;;;WGI;1965;1;;;;;;;;;;;;;;;
Parzival;7;Wolfram von Eschenbach: Parzival. Hrsg. v. Albert Leitzmann, 7.Aufl. Tübingen 1961. (=ATB 12);"Voll lemmatisiert, aber nicht disambiguiert.



Entstanden ca. 1200-1210.

Die Groß-/Kleinschreibung entspricht aus technischen Gründen nur teilweise der Edition.";00000000000000aaa--;;16;;;;;;PZ;1961;1;;;;;;;;;;;;;;;
Der Bergmann;;Kleinere mittelhochdeutsche Erzählungen, Fabeln und Lehrgedichte. III. Die Heidelberger Handschrift Cod. Pal. Germ. 341. Hrsg. v. Gustav Rosenhagen, Dublin/Zürich: Weidmann 1970. (= Deutsche Texte des Mittelalters Bd. XVII). Der elektronische Text basiert zum Teil auf dem an der Universität Trier (Kompetenzzentrum für elektronische Erschließungs- und Publikationsverfahren in den Geisteswissenschaften) / University of Virginia (Electronic Text Center)erstellten Text, revidiert von Lesley C. Pleasant and Cindy Filer Speer: http://etext.lib.virginia.edu/german/mhg/;"Die vorgeschriebene Abschnittnummer 58 entspricht der Nummer des Kleingedichtes in der Ausgabe. Übergeschriebene Vokale wurden aufgelöst.

Noch nicht disambiguiert.

Die Groß-/Kleinschreibung entspricht aus technischen Gründen nur teilweise der Edition.";0000000000000aa---h;;3;;;;KMH;Kleinere mittelhochdeutsche Erzählungen, Fabeln und Lehrgedichte;BGM;1970;1;;;;;;;;;;;;;;;
Nibelungenlied (Hs. A);;Das Nibelungenlied. Paralleldruck der Handschriften A, B. und C nebst Lesarten der übrigen Handschriften. Hrsg. v. Michael S. Batts. Tübingen: Niemeyer, 1970.   Elektronischer Text basiert zum Teil auf dem Text von Brigitte Karner und H. Reichert.;"Der Text weist Überschriften auf. Die hochgestellten Zeichen wurden grundsätzlich nach Diphtongen oder Umlauten aufgelöst.



Nur teilweise lemmatisiert und disambiguiert.

Die Groß-/Kleinschreibung entspricht aus technischen Gründen nur teilweise der Edition.";0000000000000ssss-h;;2;Batts;;;;;NLA;1970;1;;;;;;;;;;;;;;;
Gauriel von Muntabel;9;"Gauriel von Muntabel, eine höfische Erzählung aus dem 13. Jahrhunderte,

Hrsg. Ferdinand Khull, Graz 1885.";"Lemmatisiert, aber nicht disambiguiert.

Die Groß-/Kleinschreibung entspricht aus technischen Gründen nur teilweise der Edition.";000000000000000----;;16;;;;;;GL;;;;;;;;;;;;;;;;;
Der milde König;;Kleinere mittelhochdeutsche Erzählungen, Fabeln und Lehrgedichte. III. Die Heidelberger Handschrift Cod. Pal. Germ. 341. Hrsg. v. Gustav Rosenhagen, Dublin/Zürich: Weidmann 1970. (= Deutsche Texte des Mittelalters Bd. XVII). Der elektronische Text basiert zum Teil auf dem vom Electronic Text Center der University of Virginia / dem Kompetenzzentrum für elektronische Erschließungs- und Publikationsverfahren in den Geisteswissenschaften an der Universität Trier erstellten Text, revidiert von Lesley C. Pleasant and Cindy Filer Speer.;"Die vorgeschriebene Abschnittnummer 71 entspricht der Nummer des Kleingedichtes in der Ausgabe. Übergeschriebene Vokale wurden aufgelöst.

Noch nicht disambiguiert.

Die Groß-/Kleinschreibung entspricht aus technischen Gründen nur teilweise der Edition.";0000000000000aa---h;;3;;;;KMH;Kleinere mittelhochdeutsche Erzählungen, Fabeln und Lehrgedichte;DMK;;;;;;;;;;;;;;;;;
Der Sünder und der Einsiedel;4;Kleinere mittelhochdeutsche Erzählungen, Fabeln und Lehrgedichte. III. Die Heidelberger Handschrift Cod. Pal. Germ. 341. Hrsg. v. Gustav Rosenhagen, Dublin/Zürich: Weidmann 1970. (= Deutsche Texte des Mittelalters Bd. XVII). Der elektronische Text basiert zum Teil auf dem vom Electronic Text Center der University of Virginia / dem Kompetenzzentrum für elektronische Erschließungs- und Publikationsverfahren in den Geisteswissenschaften an der Universität Trier erstellten Text, revidiert von Lesley C. Pleasant and Cindy Filer Speer.;"Die vorgeschriebene Abschnittnummer 79 entspricht der Nummer des Kleingedichtes in der Ausgabe. Übergeschriebene Vokale wurden aufgelöst.

Noch nicht disambiguiert.

Die Groß-/Kleinschreibung entspricht aus technischen Gründen nur teilweise der Edition.";0000000000000aa---h;;3;;;;KMH;Kleinere mittelhochdeutsche Erzählungen, Fabeln und Lehrgedichte;DSE;;;;;;;;;;;;;;;;;
Der Spiegel;;Kleinere mittelhochdeutsche Erzählungen, Fabeln und Lehrgedichte. III. Die Heidelberger Handschrift Cod. Pal. Germ. 341. Hrsg. v. Gustav Rosenhagen, Dublin/Zürich: Weidmann 1970. (= Deutsche Texte des Mittelalters Bd. XVII). Der elektronische Text basiert zum Teil auf dem vom Electronic Text Center der University of Virginia / dem Kompetenzzentrum für elektronische Erschließungs- und Publikationsverfahren in den Geisteswissenschaften an der Universität Trier erstellten Text, revidiert von Lesley C. Pleasant and Cindy Filer Speer.;"Die vorgeschriebene Abschnittnummer 82 entspricht der Nummer des Kleingedichtes in der Ausgabe. Übergeschriebene Vokale wurden aufgelöst.

Noch nicht disambiguiert.

Die Groß-/Kleinschreibung entspricht aus technischen Gründen nur teilweise der Edition.";0000000000000aa---h;;3;;;;KMH;Kleinere mittelhochdeutsche Erzählungen, Fabeln und Lehrgedichte;DSP;;;;;;;;;;;;;;;;;
Die verlorenen Christen;4;Kleinere mittelhochdeutsche Erzählungen, Fabeln und Lehrgedichte. III. Die Heidelberger Handschrift Cod. Pal. Germ. 341. Hrsg. v. Gustav Rosenhagen, Dublin/Zürich: Weidmann 1970. (= Deutsche Texte des Mittelalters Bd. XVII). Der elektronische Text basiert zum Teil auf dem vom Electronic Text Center der University of Virginia / dem Kompetenzzentrum für elektronische Erschließungs- und Publikationsverfahren in den Geisteswissenschaften an der Universität Trier erstellten Text, revidiert von Lesley C. Pleasant and Cindy Filer Speer.;"Die vorgeschriebene Abschnittnummer 103 entspricht der Nummer des Kleingedichtes in der Ausgabe. Übergeschriebene Vokale wurden aufgelöst.

Noch nicht disambiguiert.

Die Groß-/Kleinschreibung entspricht aus technischen Gründen nur teilweise der Edition.";0000000000000aaa---;;3;;;;KMH;Kleinere mittelhochdeutsche Erzählungen, Fabeln und Lehrgedichte;DVC;;;;;;;;;;;;;;;;;
Die tumben Pfaffen;4;Kleinere mittelhochdeutsche Erzählungen, Fabeln und Lehrgedichte. III. Die Heidelberger Handschrift Cod. Pal. Germ. 341. Hrsg. v. Gustav Rosenhagen, Dublin/Zürich: Weidmann 1970. (= Deutsche Texte des Mittelalters Bd. XVII). Der elektronische Text basiert zum Teil auf dem vom Electronic Text Center der University of Virginia / dem Kompetenzzentrum für elektronische Erschließungs- und Publikationsverfahren in den Geisteswissenschaften an der Universität Trier erstellten Text, revidiert von Lesley C. Pleasant and Cindy Filer Speer.;"Die vorgeschriebene Abschnittnummer 108 entspricht der Nummer des Kleingedichtes in der Ausgabe. Übergeschriebene Vokale wurden aufgelöst.

Noch nicht disambiguiert.

Die Groß-/Kleinschreibung entspricht aus technischen Gründen nur teilweise der Edition.";000000000000aaa---h;;3;;;;KMH;Kleinere mittelhochdeutsche Erzählungen, Fabeln und Lehrgedichte;DTP;;;;;;;;;;;;;;;;;
Der Jüngere Sigenot;;"Der jüngere Sigenot, nach sämtlichen Handschriften und Drucken hrsg. von A. Clemens Schoener. Heidelberg, C. Winter, 1928. (Germanische Bibliothek. 3.Abt.; Kritische Ausgaben altdeutscher Texte; Bd. 6) Elektronische Fassung von Henrike Lähnemann redigiert.";"lemmatisiert, aber nicht disambiguiert.

Die Groß-/Kleinschreibung entspricht aus technischen Gründen nur teilweise der Edition.";00000000000000sss--;;2;;;;;;JSG;;;;;;;;;;;;;;;;;
Süezkint;425;"Hrsg. F. Pfaff, Heidelberg 1899/1909

Deutsche Liederdichter des 13. Jahrhunderts, Hrsg. C. von Kraus, Tübingen 1952.";"Lemmatisiert, aber nicht disambiguiert.

Die Groß-/Kleinschreibung entspricht aus technischen Gründen nur teilweise der Edition.";000000000000000ds--;;5;;;;;;SZK;;;;;;;;;;;;;;;;;
Nibelungenlied (Hs. B );;Das Nibelungenlied: Paralleldruck d. Hs. A, B u. C nebst Lesarten der übrigen Handschriften, hrsg. von Michael S. Batts. Tübingen: Niemeyer, 1971. Elektronischer Text von Brigitte Karner und H. Reichert.;"Teilweise lemmatisiert. Nicht disambiguiert.

Die Groß-/Kleinschreibung entspricht aus technischen Gründen nur teilweise der Edition.";00000000000000ssss-;;2;nach Batts;;;;;NBB;1971;1;;;;;;;;;;;;;;;
Die geweihten Toren;;Kleinere mittelhochdeutsche Erzählungen, Fabeln und Lehrgedichte. III. Die Heidelberger Handschrift Cod. Pal. Germ. 341. Hrsg. v. Gustav Rosenhagen, Dublin/Zürich: Weidmann 1970. (= Deutsche Texte des Mittelalters Bd. XVII). Der elektronische Text basiert zum Teil auf dem vom Electronic Text Center der University of Virginia / Kompetenzzentrum für elektronische Erschließungs- und Publikationsverfahren in den Geisteswissenschaften an der Universität Trier erstellten Text, revidiert von Lesley C. Pleasant and Cindy Filer Speer.;"Die vorgeschriebene Abschnittnummer 110 entspricht der Nummer des Kleingedichtes in der Ausgabe. Übergeschriebene Vokale wurden aufgelöst.

Noch nicht disambiguiert.

Die Groß-/Kleinschreibung entspricht aus technischen Gründen nur teilweise der Edition.";000000000000aaa---h;;3;;;;KMH;Kleinere mittelhochdeutsche Erzählungen, Fabeln und Lehrgedichte;DGT;;;;;;;;;;;;;;;;;
Die Rebhühner;706;Kleinere mittelhochdeutsche Erzählungen, Fabeln und Lehrgedichte. III. Die Heidelberger Handschrift Cod. Pal. Germ. 341. Hrsg. v. Gustav Rosenhagen, Dublin/Zürich: Weidmann 1970. (= Deutsche Texte des Mittelalters Bd. XVII). Der elektronische Text basiert zum Teil auf dem vom Electronic Text Center der University of Virginia / dem Kompetenzzentrum für elektronische Erschließungs- und Publikationsverfahren in den Geisteswissenschaften an der Universität Trier erstellten Text, revidiert von Lesley C. Pleasant and Cindy Filer Speer.;"Der Text beginnt mit Abschnitt 116. Diese Nummer entspricht der Nummer des Kleingedichtes in der Ausgabe. Übergeschriebene Vokale wurden aufgelöst.

Noch nicht disambiguiert.

Die Groß-/Kleinschreibung entspricht aus technischen Gründen nur teilweise der Edition.";0000000000000aaa---;1576;3;;;;KMH;Kleinere mittelhochdeutsche Erzählungen, Fabeln und Lehrgedichte;DRH;;;;;;;;;;;;;;;;;
Heinrich von Veldeke (limburg. Fassg.);41;Des Minnesangs Frühling. Unter Benutzung der Ausgaben von Karl Lachmann und Moriz Haupt, Friedrich Vogt und Carl von Kraus bearbeitet von Hugo Moser und Helmut Tervooren. 36., neugestaltete und erweiterte Auflage. Stuttgart: S. Hirzel Verlag 1977.;"Lemmatisiert, aber noch nicht disambiguiert

Auszug aus MF nach einzelnen Abschnitten/Autoren. 

Verschiedene Überlieferungen sind als große fortlaufende Kapitelnummer vor dem jeweils ersten Lied gekennzeichnet. Beispiel: Die AC-Überlieferung bei Spervogel ist als Kapitel 1, die J-Überlieferung als Kapitel 2 gekennzeichnet. 

Soll der gesamte MF durchsucht werden, müssen alle dazugehörenden Abschnitte (MNL=MF Namenlose Lieder; MAD= MF Engelhart von Adelnburg) angeleuchtet werden. 

Die Groß-/Kleinschreibung entspricht aus technischen Gründen nur teilweise der Edition.";000000000000cddss--;;81;Minnesangs Frühling;;;MSF;Minnesangs Frühling;MVL;;;;;;;;;;;;;;;;;
Ulrich von Gutenburg;184;Des Minnesangs Frühling. Unter Benutzung der Ausgaben von Karl Lachmann und Moriz Haupt, Friedrich Vogt und Carl von Kraus bearbeitet von Hugo Moser und Helmut Tervooren. 36., neugestaltete und erweiterte Auflage. Stuttgart: S. Hirzel Verlag 1977.;"Lemmatisiert, aber noch nicht disambiguiert

Auszug aus MF nach einzelnen Abschnitten/Autoren. 

Verschiedene Überlieferungen sind als große fortlaufende Kapitelnummer vor dem jeweils ersten Lied gekennzeichnet. Beispiel: Die AC-Überlieferung bei Spervogel ist als Kapitel 1, die J-Überlieferung als Kapitel 2 gekennzeichnet. 

Soll der gesamte MF durchsucht werden, müssen alle dazugehörenden Abschnitte (MNL=MF Namenlose Lieder; MAD= MF Engelhart von Adelnburg) angeleuchtet werden. 

Die Groß-/Kleinschreibung entspricht aus technischen Gründen nur teilweise der Edition.";000000000000cddss--;;81;Minnesangs Frühling;;;MSF;Minnesangs Frühling;MUG;;;;;;;;;;;;;;;;;
Albrecht von Johansdorf;204;Des Minnesangs Frühling. Unter Benutzung der Ausgaben von Karl Lachmann und Moriz Haupt, Friedrich Vogt und Carl von Kraus bearbeitet von Hugo Moser und Helmut Tervooren. 36., neugestaltete und erweiterte Auflage. Stuttgart: S. Hirzel Verlag 1977.;"Lemmatisiert, aber noch nicht disambiguiert

Auszug aus MF nach einzelnen Abschnitten/Autoren. 

Verschiedene Überlieferungen sind als große fortlaufende Kapitelnummer vor dem jeweils ersten Lied gekennzeichnet. Beispiel: Die AC-Überlieferung bei Spervogel ist als Kapitel 1, die J-Überlieferung als Kapitel 2 gekennzeichnet. 

Soll der gesamte MF durchsucht werden, müssen alle dazugehörenden Abschnitte (MNL=MF Namenlose Lieder; MAD= MF Engelhart von Adelnburg) angeleuchtet werden. 

Die Groß-/Kleinschreibung entspricht aus technischen Gründen nur teilweise der Edition.";000000000000cddss--;;81;Minnesangs Frühling;;;MSF;Minnesangs Frühling;MAJ;;;;;;;;;;;;;;;;;
Bernger von Horheim;225;Des Minnesangs Frühling. Unter Benutzung der Ausgaben von Karl Lachmann und Moriz Haupt, Friedrich Vogt und Carl von Kraus bearbeitet von Hugo Moser und Helmut Tervooren. 36., neugestaltete und erweiterte Auflage. Stuttgart: S. Hirzel Verlag 1977.;"Lemmatisiert, aber noch nicht disambiguiert

Auszug aus MF nach einzelnen Abschnitten/Autoren. 

Verschiedene Überlieferungen sind als große fortlaufende Kapitelnummer vor dem jeweils ersten Lied gekennzeichnet. Beispiel: Die AC-Überlieferung bei Spervogel ist als Kapitel 1, die J-Überlieferung als Kapitel 2 gekennzeichnet. 

Soll der gesamte MF durchsucht werden, müssen alle dazugehörenden Abschnitte (MNL=MF Namenlose Lieder; MAD= MF Engelhart von Adelnburg) angeleuchtet werden. 

Die Groß-/Kleinschreibung entspricht aus technischen Gründen nur teilweise der Edition.";000000000000cddss--;;81;Minnesangs Frühling;;;MSF;Minnesangs Frühling;MBH;;;;;;;;;;;;;;;;;
Hartwig von Rute;226;Des Minnesangs Frühling. Unter Benutzung der Ausgaben von Karl Lachmann und Moriz Haupt, Friedrich Vogt und Carl von Kraus bearbeitet von Hugo Moser und Helmut Tervooren. 36., neugestaltete und erweiterte Auflage. Stuttgart: S. Hirzel Verlag 1977.;"Überlieferung als Kapitel 2 gekennzeichnet. 

Soll der gesamte MF durchsucht werden, müssen alle dazugehörenden Abschnitte (MNL=MF Namenlose Lieder; MAD= MF Engelhart von Adelnburg) angeleuchtet werden. 

Die Groß-/Kleinschreibung entspricht aus technischen Gründen nur teilweise der Edition.";000000000000cddss--;;81;Minnesangs Frühling;;;MSF;Minnesangs Frühling;MHT;;;;;;;;;;;;;;;;;
Rudolf von Fenis;230;Des Minnesangs Frühling. Unter Benutzung der Ausgaben von Karl Lachmann und Moriz Haupt, Friedrich Vogt und Carl von Kraus bearbeitet von Hugo Moser und Helmut Tervooren. 36., neugestaltete und erweiterte Auflage. Stuttgart: S. Hirzel Verlag 1977.;"Lemmatisiert, aber noch nicht disambiguiert

Auszug aus MF nach einzelnen Abschnitten/Autoren. 

Verschiedene Überlieferungen sind als große fortlaufende Kapitelnummer vor dem jeweils ersten Lied gekennzeichnet. Beispiel: Die AC-Überlieferung bei Spervogel ist als Kapitel 1, die J-Überlieferung als Kapitel 2 gekennzeichnet. 

Soll der gesamte MF durchsucht werden, müssen alle dazugehörenden Abschnitte (MNL=MF Namenlose Lieder; MAD= MF Engelhart von Adelnburg) angeleuchtet werden.

Die Groß-/Kleinschreibung entspricht aus technischen Gründen nur teilweise der Edition.";000000000000cddss--;;81;Minnesangs Frühling;;;MSF;Minnesangs Frühling;MRF;;;;;;;;;;;;;;;;;
Der Ackermann aus Böhmen (Knieschek 1877);726;Der Ackermann aus Boehmen. Hrsg. v. Johann Knieschek. Prag: Verl. d. Vereins für Geschicht d. Deutschen in Boehmen, in Commission bei F.H. Brockhaus in Leipzig, 1877 (= Bibliothek der mittelhd. Litteratur in Boehmen, Bd. II);Die Groß-/Kleinschreibung entspricht aus technischen Gründen nur teilweise der Edition.;00000000000000pp--h;1736;121;;;;;;AC2;;;;;;;;;;;;;;;;;
Der kluge Knecht;4;Novellistik des Mittelalters. Märendichtung. Hrsg., übers. und kommentiert von Klaus Grubmüller. Frankfurt/M, Deutscher Klassiker Verlag, 1996. S. 10-28. (Bibl. d. Mittelalters, Bd. 23);"lemmatisiert, noch nicht disambiguiert.

Die Groß-/Kleinschreibung entspricht aus technischen Gründen nur teilweise der Edition.";000000000000000---h;;3;;;;NDM;Novellistik des Mittelalters. Märendichtung;SKK;1996;1;;;;;;;;;;;;;;;
Der Welsche Gast;405;"Der Wälsche Gast des Thomasin von Zirclaria. Hrsg. von Heinrich Rückert. Mit einer Einleitung und einem Register von Friedrich Naumann (Deutsche Neudrucke; Reihe: Texte des Mittelalters). Berlin 1965.

Die Einschübe orientieren sich an der digitalen Edition von Minoru Shigeto, Ute Recker und Steven M. Wight: https://www.hs-augsburg.de/~harsch/germanica/Chronologie/13Jh/Thomasin/dwg1.htm (13.05.2016)";"Nur teilweise lemmatisiert, nicht disambiguiert.



Die Zeilenzählung der ursprünglichen Edition weist zwei Auslassungen auf. Deshalb gilt folgende Umrechnung von unserer Version zur Buchausgabe:



Vers 1300 -1495 = +5  Verse

ab Vers 1500    = +10 Verse



Die Einschübe folgen nach den folgenden Verszeilen:



Nach Vers    136  =  4 Verse

Nach Vers   2496  = 30 Verse

Nach Vers   2516  =  4 Verse

Nach Vers   6526  =  2 Verse

Nach Vers   7328  =  2 Verse

Nach Vers   7638  =  6 Verse

Nach Vers   7750  =  6 Verse

Nach Vers  14742  =  4 Verse

Die Groß-/Kleinschreibung entspricht aus technischen Gründen nur teilweise der Edition.";000000000000-----ii;;101;;;;;;WGA;1965;1;;;;;;;;;;;;;;;
Der geäffte Pfaffe;;Kleinere mittelhochdeutsche Erzählungen, Fabeln und Lehrgedichte. III. Die Heidelberger Handschrift Cod. Pal. Germ. 341. Hrsg. v. Gustav Rosenhagen, Dublin/Zürich: Weidmann 1970. (= Deutsche Texte des Mittelalters Bd. XVII). Der elektronische Text basiert zum Teil auf dem vom Electronic Text Center der University of Virginia / Kompetenzzentrum für elektronische Erschließungs- und Publikationsverfahren in den Geisteswissenschaften an der Universität Trier erstellten Text, revidiert von Lesley C. Pleasant and Cindy Filer Speer.;"Die vorgeschriebene Abschnittnummer 209 entspricht der Nummer des Kleingedichtes in der Ausgabe. Übergeschriebene Vokale wurden aufgelöst.

Noch nicht disambiguiert.

Die Groß-/Kleinschreibung entspricht aus technischen Gründen nur teilweise der Edition.";000000000000aaa---h;;3;;;;KMH;Kleinere mittelhochdeutsche Erzählungen, Fabeln und Lehrgedichte;DGP;;;;;;;;;;;;;;;;;
Weltchronik;525;"Jansen Enikels Werke. Hrsg.v. Philipp Strauch, Hannover 1891/München 1980. (= Monumenta Germaniae Historica, 

Deutsche Chroniken Bd. III, 1)

Digitale Version: Ulrich Harsch: https://www.hs-augsburg.de/~harsch/germanica/Chronologie/13Jh/JansEnikel/jan_intr.html (09.08.2017)";"Der Hauptteil des Werkes umfasst 28958 Verszeilen beginnend mit Vers 1. Daneben gibt es zwei Anhänge von 140 bzw. 1504 Verszeilen (sie erscheinen als separate Textdateien).  



Der Text weist zahlreiche Überschriften und Einschübe, vorwiegend aus der Hs. B. auf (nach 918;1084;1428;1512;1720;1932;1968;2366;2618;3150;3368;3640;3648;4308;4402;5064;5202;6098;6514;7148;7422;8130;8366;

8376;8548;8706;8890;8966;8982;9746;

10402;10588;10808;10844;10864;10874;

11076;12490;12854;12960;12976;12988;

14298;14306;14356;15060;15448;15640;

15792;16016;16020;16108;16140;16200;

17098;17438;17626;23800;22284 [Liste der Päpste];26234[aus Hs.10];27652[Prosaeinlage ""Von den Königen""[2.11.12.14.]];28074; [Hs.10];28078[Hs.10].



Noch nicht lemmatisiert und disambiguiert.



Die Groß-/Kleinschreibung entspricht aus technischen Gründen nur teilweise der Edition.";000000000-----iiihh;;41;;"Mehr Information:

http://www.dunphy.de/ac/je/jehome.htm

http://www.dunphy.de/ac/je/wineskin.htm

Faksimileseiten: http://www.uni-tuebingen.de/mediaevistik/materialien/weltchronik.html";"Bayerische Staatsbibliothek München,

Cgm 5.";;;JEW;1891;1;;;;;;;;;;;;;;;
Christi Hort;606;"Gundackers von Judenburg Christi Hort; aus der Wiener Handschrift hrsg. von J. Jaksche. Berlin, Weidmann, 1910 (= Deutsche Texte des Mittelalters ; Bd. 18)

Digitale Edition beruht zum Teil auf der maschinenlesbaren Version der Universität Trier: http://www.mhgta.uni-trier.de";"Der Text besteht aus 5320 Verszeilen beginnend mit Vers 1. Dazwischen stehen zahlreiche Überschriften.



Vollständig lemmatisiert, aber noch nicht disambiguiert.



Die Groß-/Kleinschreibung entspricht aus technischen Gründen nur teilweise der Edition.";00000000000000----h;;4;;"Fr das Werk gibt es folgende Handschriftenzeugnisse:

Gotha, Forschungsbibl., Cod. Chart. A 3

Graz, Universitätsbibl., Cod. 470

München, Staatsbibl., Cgm 7330

Wien, Österr. Nationalbibl., Cod. 15225

Wolfenbüttel, Herzog August Bibl., Cod. 1.5.2. Aug. 2°

Wolfenbüttel, Herzog August Bibl., Cod. 1.16. Aug. 2°";;;;CHH;1910;1;;;;;;;;;;;;;;;
Der Wucherer;4;Kleinere mittelhochdeutsche Erzählungen, Fabeln und Lehrgedichte. III. Die Heidelberger Handschrift Cod. Pal. Germ. 341. Hrsg. v. Gustav Rosenhagen, Dublin/Zürich: Weidmann 1970. (= Deutsche Texte des Mittelalters Bd. XVII). Der elektronische Text basiert zum Teil auf dem vom Electronic Text Center der University of Virginia / dem Kompetenzzentrum für elektronische Erschließungs- und Publikationsverfahren in den Geisteswissenschaften an der Universität Trier erstellten Text, revidiert von Lesley C. Pleasant and Cindy Filer Speer.;"Die vorgeschriebene Abschnittnummer 177 entspricht der Nummer des Kleingedichtes in der Ausgabe. Übergeschriebene Vokale wurden aufgelöst.

Noch nicht disambiguiert.

Die Groß-/Kleinschreibung entspricht aus technischen Gründen nur teilweise der Edition.";000000000000aaa---h;;3;;;;KMH;Kleinere mittelhochdeutsche Erzählungen, Fabeln und Lehrgedichte;DWU;;;;;;;;;;;;;;;;;
Der Roßtäuscher;4;Kleinere mittelhochdeutsche Erzählungen, Fabeln und Lehrgedichte. III. Die Heidelberger Handschrift Cod. Pal. Germ. 341. Hrsg. v. Gustav Rosenhagen, Dublin/Zürich: Weidmann 1970. (= Deutsche Texte des Mittelalters Bd. XVII). Der elektronische Text basiert zum Teil auf dem vom Electronic Text Center der University of Virginia / dem Kompetenzzentrum für elektronische Erschließungs- und Publikationsverfahren in den Geisteswissenschaften an der Universität Trier erstellten Text, revidiert von Lesley C. Pleasant and Cindy Filer Speer.;"Die vorgeschriebene Abschnittnummer 186 entspricht der Nummer des Kleingedichtes in der Ausgabe. Übergeschriebene Vokale wurden aufgelöst.

Noch nicht disambiguiert.

Die Groß-/Kleinschreibung entspricht aus technischen Gründen nur teilweise der Edition.";000000000000aaa---h;;3;;;;KMH;Kleinere mittelhochdeutsche Erzählungen, Fabeln und Lehrgedichte;DRT;;;;;;;;;;;;;;;;;
Falsche und rechte Milte;4;Kleinere mittelhochdeutsche Erzählungen, Fabeln und Lehrgedichte. III. Die Heidelberger Handschrift Cod. Pal. Germ. 341. Hrsg. v. Gustav Rosenhagen, Dublin/Zürich: Weidmann 1970. (= Deutsche Texte des Mittelalters Bd. XVII). Der elektronische Text basiert zum Teil auf dem vom Electronic Text Center der University of Virginia u. dem Kompetenzzentrum für elektronische Erschließungs- und Publikationsverfahren in den Geisteswissenschaften an der Universität Trier erstellten Text, revidiert von Lesley C. Pleasant and Cindy Filer Speer.;"Die vorgeschriebene Abschnittnummer 194 entspricht der Nummer des Kleingedichtes in der Ausgabe. Übergeschriebene Vokale wurden aufgelöst.

Lemmatisiert, noch nicht disambiguiert.

Die Groß-/Kleinschreibung entspricht aus technischen Gründen nur teilweise der Edition.";000000000000aaa---h;;3;;;;KMH;Kleinere mittelhochdeutsche Erzählungen, Fabeln und Lehrgedichte;FRM;;;;;;;;;;;;;;;;;
Die Männler;4;Kleinere mittelhochdeutsche Erzählungen, Fabeln und Lehrgedichte. III. Die Heidelberger Handschrift Cod. Pal. Germ. 341. Hrsg. v. Gustav Rosenhagen, Dublin/Zürich: Weidmann 1970. (= Deutsche Texte des Mittelalters Bd. XVII). Der elektronische Text basiert zum Teil auf dem vom Electronic Text Center der University of Virginia / dem Kompetenzzentrum für elektronische Erschließungs- und Publikationsverfahren in den Geisteswissenschaften an der Universität Trier erstellten Text, revidiert von Lesley C. Pleasant and Cindy Filer Speer.;"Die vorgeschriebene Abschnittnummer 199 entspricht der Nummer des Kleingedichtes in der Ausgabe. Übergeschriebene Vokale wurden aufgelöst.

Noch nicht disambiguiert.

Die Groß-/Kleinschreibung entspricht aus technischen Gründen nur teilweise der Edition.";000000000000aaa---h;;3;;;;KMH;Kleinere mittelhochdeutsche Erzählungen, Fabeln und Lehrgedichte;DML;;;;;;;;;;;;;;;;;
Lambrechts Alexander;565;"Lamprechts Alexander; nach den drei Texten, mit dem Fragment des Alberic von Besançon und den lateinischen Quellen hrsg. und erklärt von Karl Kinzel. Halle a. S.: Buchhandlung des Waisenhauses, 1884. (= Germanistische Handbibliothek; Bd. 6)

Digitale Version basiert auf den Fassungen von Steven M. Wight (siehe: http://dobc.unipv.it/scrineum/wight/alexsv.htm) und von Ralf Schlechtweg-Jahn, 

Bayreuth 2000 und Jost Gippert, Bayreuth, 31.07.2000 / Frankfurt, 19.4.2002 / 2.3.2003. Siehe: http://titus.uni-frankfurt.de/texte/etcs/germ/mhd/a_strass/a_str.htm";"Der Text besteht aus insgesamt 7097 Versen beginnend mit Vers 1 und endend mit Vers 7302. Nach Vers 508 folgt der Einschub aus Alberic von Besançon bestehend aus 245 Versen. Danach folgt eine Lücke. Es geht dann weiter mit Vers 959 bis zum Ende.

Voll lemmatisiert, aber noch nicht disambiguiert.



Die Groß-/Kleinschreibung entspricht aus technischen Gründen nur teilweise der Edition.";000000000000----iii;;10;Strassburger Hs.;;Diese um 1170 entstandene Fassung behandelt in 7302 Versen das ganze Leben Alexanders. Der unbekannte Bearbeiter spiegelt im Alexanderlied die Wirklichkeit staufischer Politik seiner Zeit.;;;AXS;;;;;;;;;;;;;;;;;
Das Kochbuch aus dem Deutschen Orden;;"Gollub, Hermann(Hg.): Aus der Küche der deutschen Ordensritter. 

In: Prussia 31(1935), S. 118-124.

Die edigitale Version basiert auf einer Version von Thomas Gloning, 7/99.";"Der Text beginnt auf S. 119 und besteht aus 33 Rezepten, beginnent mit der Nummer 1. Das zweite Rezept unter der Nummer 24 wird als Einschub geführt. Die vom Herausgeber in runden Klammern gezeigten Emendationen erscheinen hier in kursiv.



Voll lemmatisiert aber nicht disambiguiert.

Die Groß-/Kleinschreibung entspricht aus technischen Gründen nur teilweise der Edition.";0000000000pppaa--hi;1300;161;;Laut Gollub könnte der Text auf der Basis der Schrift aus der zweiten Hälfte des 15. Jahrhunderts stammen.(S. 118);;;;KDO;;;;;;;;;;;;;;;;;
Deutschenspiegel1;;"Deutschenspiegel und Augsburger Sachsenspiegel; hrsg. von Karl August Elckhardt und Alfred Hübner. 2. neubearb Ausg. Published Hannover, Hahnsche Buchhandlung, 1933. (= Monumenta Germaniae historica inde ab anno Christi quingentesimo usque ad annum millesimum et quingentesimum. Fontes iuris Germanici antiqui. nova. ser. ; t. 3).

Die digitale Textfassung beruht zum Teil auf der Version der Universität Trier (Kompetenzzentrum für elektronische Erschließungs- und Publikationsverfahren in den Geisteswissenschaften) / University of Virginia (Electronic Text Center): http://etext.lib.virginia.edu/german/mhg/";"Der ""Deutschenspiegel"" in der obigen Ausgabe zerfällt in drei Teile, ""Das Buch der Könige""(BDK), ""Erster Landrechtsteil""(DL1) und ""Zweiter Landrechtsteil""(DL2) Jeder dieser Teile wird als eigene Texteinheit geführt. ""Das Buch der Könige"" beginnt auf S. 3 der Ausgabe mit einer Vorrede und endet auf S. 71. Es besteht aus insgesamt 12 Kapiteln, die in einzelne Abschnitte/Paragrafen unterteilt sind.

Die Groß-/Kleinschreibung entspricht aus technischen Gründen nur teilweise der Edition.";00000000000ppccaa--;;162;Buch der Könige;"Der ""Deutschenspiegel"" ist die zweite Bearbeitung der oberdeutschen Sachsenspiegelübersetzung. Der Verfasser ist im Kreise der Augsburger Minoriten zu suchen. Er veränderte seine Vorlage durch Korrekturen, Streichungen und Zusätze, in denen er das Augsburger Gewohnheitsrecht und Augsburger Ratsverordnungen verwertete. Er verwendete den Mainzer Landfrieden (vermutlich ein bayrischer Landfriede von 1256) und zwei Reichsgesetze vom 19. Februar 1274, nicht mehr die Beschlüsse des Augsburger Reichstages vom 15. Mai 1275. Folglich muss die Arbeit zwischen Februar 1274 und Mai 1275 entstanden sein (siehe ""Einleitung, S. VI-VII).";"Der ""Deutschenspiegel"" ist als Ganzes, wenn auch nicht lückenlos, in der Innsbrucker Hs. J (Homeyer, Nr. 557) üuberliefert.";;;BDK;;;;;;;;;;;;;;;;;
Berthold von Regensburg;626;"Berthold von Regensburg. Deutsche Predigten (Überlieferungsgruppe *Z) Hrsg. von Dieter Richter. München, W. Fink, 1968. (= Kleine deutsche Prosadenkmäler des Mittelalters 5)

Die digitale Ausgabe beruht teilweise auf der Version des ""Digital Middle High German Text Archive"" University of Virginia / Kompetenzzentrum für elektronische Erschließungs- und Publikationsverfahren in den Geisteswissenschaften an der Universität Trier. URL: http://etext.lib.virginia.edu/german/mhg/";"Die Texte befinden sich auf S. 49 - 72 der Ausgabe. Die Predigten sind von 1 -8 durchnummeriert mit fortlaufender Zeilenzählung für jede einzelne Predigt.

Lemmatisiert, nicht disambiguiert.



Die Groß-/Kleinschreibung entspricht aus technischen Gründen nur teilweise der Edition.";000000000000cpp---k;;163;Überlieferungsgruppe *Z;"Die Predigten der *Z-Gruppe sind in E und M2, W anonym überliefert. die 'Baumgarten'-Handschriften nennen sie (Z 3-8) ""brvoder bertholdes bredige"" (F). Auch der Schreiber der Hs. E (oder ein Vorgänger) hat sie als Berthold-Predigten vertsanden, denn er ändert an zwei Stellen das 'brvder' der Vorlage in 'brvder perhtolt'. Der Hinweis der Handschriften wird bestätigt durch den Vergleich mit den lateinischen Sermones Bertholds.";Die Masse der deutschen Berthold-Predigten gliedert sich in einzelne Überlieferungsgruppen und Sammlungen, die nach handschriftlicher Bezeugung und landschaftlicher Verbreitung, nach Stil, Form und Leserkreis zu differenzieren und verschiedenen Verfassern zuzuweisen sind.  eine dieser überlieferungsgeschichtlichen Einheiten ist die *Z-Gruppe. Z 2-8 wurden erstmals von Joseph Strobl 1880 veröffentlicht, Z 1 erscheint in dieser Ausgabe zum ersten Mal.;;;BRZ;1968;1;;;;;;;;;;;;;;;
Deutsche Predigten Meister Eckharts: eine Auswahl;445;"Deutsche Predigten Meister Eckharts: eine Auswahl. Auf der Grundlage der kritischen Werkausgabe und der Reihe ""Lectura Eckhardi"" hg., übersetzt und kommentiert von Uta Störmer-Caysa. Stuttgart: Reclam 2001.";"Die Seiten wurden nach der kritischen Edition von Josef Quint ausgerichtet; Worttrennungen wurden aufgehoben (der 2. Wortteil wurde in die voraufgehende Zeile übernommen).

Nummernkodierung: Predigtnummer (3-st), Seitenzahl (3-st), Zeilenzahl (2-st); die Predigtüberschriften wurden markiert.

Frau Prof. Störmer-Caysa hat die folgenden Predigten aufgenommen:

Q2, Q5b, Q6, Q9, Q12, Q20a, Q38, Q44, Q52, Q60, Q70 und Q78.

Wir danken Frau Prof. Störmer-Caysa für die Bereitstellung der elektronischen Speicherung des Textes!

Die Groß-/Kleinschreibung entspricht aus technischen Gründen nur teilweise der Edition.";0000000000aaappp--h;;163;;;;;;ECK;2001;1;;;;;;;;;;;;;;;
Die drei Wünsche;4;Novellistik des Mittelalters. Märendichtung. Hrsg, übers. und kommentiert von Klaus Grubmüller. Frankfurt/Main: Dt. Klassiker Verl., 1996. S. 56-69. (= Bibl. d. Mittelalters, Bd. 23);"Noch nicht disambiguiert.

Die Groß-/Kleinschreibung entspricht aus technischen Gründen nur teilweise der Edition.";000000000000000---h;;3;;;;NDM;Novellistik des Mittelalters. Märendichtung;SDW;;;;;;;;;;;;;;;;;
Der arme und der reiche König;4;Novellistik des Mittelalters. Märendichtung. Hrsg, übers. und kommentiert von Klaus Grubmüller. Frankfurt/Main: Dt. Klassiker Verl., 1996. S. 70-80. (= Bibl. d. Mittelalters, Bd. 23);"Lemmatisiert, aber noch nicht disambiguiert.

Die Groß-/Kleinschreibung entspricht aus technischen Gründen nur teilweise der Edition.";000000000000000---h;;3;;;;NDM;Novellistik des Mittelalters. Märendichtung;ARK;;;;;;;;;;;;;;;;;
Die getreue Gattin;465;Novellistik des Mittelalters. Märendichtung. Hrsg, übers. und kommentiert von Klaus Grubmüller. Frankfurt/Main: Dt. Klassiker Verl., 1996. S. 96-110. (= Bibl. d. Mittelalters, Bd. 23).;"Noch nicht disambiguiert.

Die Groß-/Kleinschreibung entspricht aus technischen Gründen nur teilweise der Edition.";000000000000000---h;;244;;Späte Überlieferung im Ambraser Heldenbuch (Im Auftr. von Maximilian I durch Hans Ried, Bozen 1504-1506). Österr. Nationalbibl., Cod. Series nova 2663, Bl. 217r-217v.;Der Text folgt der Ausgabe von Hanns Fischer: Herrand von Wildonie. Vier Erzählungen. 2. revid. Aufl. besorgt durch Paul Sappler, Tübingen 1969.;;;DTG;;;;;;;;;;;;;;;;;
Seifrits Alexander;1687;"Seifrits Alexander aus der Straßburger Handschrift, hrsg. v. Paul Gereke, 

Berlin 1932.

Digitale Version basiert auf der Fassung von Ralf Schlechtweg-Jahn, 

Bayreuth 2000; TITUS Version von Ralf Schlechtweg-Jahn and Jost Gippert, 

Bayreuth, 14.07.2000 / Frankfurt, 14.4.2002 / 2.3.2003.

http://titus.uni-frankfurt.de/texte/etcs/germ/mhd/a_seifr/a_sei.htm";"Der Text besteht aus 9084 Verszeilen beginnend mit Vers 1. Dazu gibt es 139 

Überschriften, die nicht in die Zählung einbezogen sind. Nach Vers 2947 erfolgt eine Zeile Einschub.

Die folgenden Auflösungen wurden vorgenommen: e mit übergeschriebener Tilde > ä/a/e/ae/â/ê; Ligatur oe > oe.

Nur teilweise lemmatisiert, noch nicht disambiguiert.

Die Groß-/Kleinschreibung entspricht aus technischen Gründen nur teilweise der Edition.";0000000000000----hi;;10;;Die Papierhandschrift wird auf ca 1460 datiert und stammt aus dem süddeutschen/bairischen Raum.;"Cod. Pal.germ 347. Heidelberger Universitätsbibliothek.

On-line Hs.-Faximile:

http://digi.ub.uni-heidelberg.de/cpg347

Cologny, Fondation Martin Bodmer, Cod. Bodmer 151;1402(f. 1r-187r);

http://www.e-codices.unifr.ch/de/cb/0151/1r";;;SAX;1932;1;;;;;;;;;;;;;;;
Barlaam und Josaphat;11;"Rudolf von Ems: Barlaam und Josaphat. Hrsg. v. Franz Pfeiffer.

In der Reihe ""Texte des Mittelalters"" hrsg. v. Karl Stackmann,

Berlin 1965.";"Noch nicht lemmatisiert und disambiguiert.

Die Groß-/Kleinschreibung entspricht aus technischen Gründen nur teilweise der Edition.";00000000000000-----;;4;;"Beruht auf einem Roman des 6. Jhs. Stellt als christliche Heiligenlegende die Geschichte Buddhas dar. Die urspr. griechische Fassung war im Mittelalter zunächst in lateinischen Übersetzungen, später in französischen Bearbeitungen verbreitet. Eine deutsche Bearbeitung gab es bereits um 1200 von einem Bischof Otto II von Freising. Eine zweite deutsche Bearbeitung von einem unbekannten Verfasser ist nur in Bruchstücken bekannt geworden; eine dritte stammt von einem Bischof Otto ebenfalls aus dem 13. Jahrhundert. Rudolf von Ems  erstellte seine mhd. Versversion zwischen 1220 und 1250.";;;;BAR;1965;1;;;;;;;;;;;;;;;
Der Wernigeroder Alexander;;Der Grosse Alexander aus der Wernigeroder Handschrift. Hrsg. v. Gustav Guth, Berlin: Weidmannsche Buchhandlung,  1908.(DTM XIII);"Der Text besteht aus 6462 regulären Textzeilen, beginnend mit Vers 1. Dazu kommen jeweils 4 Zeilen Prolog und Epilog. Nach Vers 5830 gibt es 2 Zeilen, nach 6376 eine Zeile Einschub.



Lemmatisiert, noch nicht disambiguiert. 

Die Groß-/Kleinschreibung entspricht aus technischen Gründen nur teilweise der Edition.";0000000000000----hi;;10;;Alemannisches Original in bayrischer Niederschrift. Vermutlich 1397 beendet. Mehr oder weniger freie Uebersetzung der Alexanderdichtung des Quilichinus.;Die Papier Hs. aus dem 14. Jh. bestehend aus 135 Blättern gehört zu der Fürstlich Stolbergschen Bibliothek in Wernigerode unter der Sig. ZB 24o. Sie enthält zwei verschiedene Arten von Papier. Holzdeckel mit abgewetztem roten Leder überzogen.;;;AXW;;;;;;;;;;;;;;;;;
Steirische Reimchronik;104;Seemüller, Josef: Monumenta Germaniae Historica. Deutsche Chroniken. 5,1 u. 5,2. Ottokars Österreichische Reimchronik. Nach den Abschriften Franz Lichtensteins. Unveränderter Nachdruck der 1890-1893 bei der Hahnschen Buchhandlung, Hannover, erschienenen Ausgabe.  München: Monumenta Germaniae Historica, 1980.;"Nur teilweise lemmatisiert und nicht disambiguiert.

Das Werk besteht aus 98 652 Verszeilen beginnend mit Vers 1. 

Die Groß-/Kleinschreibung entspricht aus technischen Gründen nur teilweise der Edition.";000000000000-----ii;1696;41;;Zwischen 1301 und 1319 entstand die Österreichische (od. Steirische) Reimchronik. Es gibt davon acht aus dem späten 14. und 15. Jh. stammende Handschriften. Nur sechs behinhalten auch das Buch von Akkon, das deshalb auch als separater Text (AK) in der MHDBDB weiter geführt wird. Da OVG auch AK enthält, sollte nicht mit beiden Texten gleichzeitig gearbeitet werden.;Von den Handschriften sind drei Fragmente, drei vollständige Ausgaben: Cod. Vindob. 15359 (Fragment), Cod Ser. nov. 4002 (Fragment), Cod. Vindob. 3047, Cod. Admont. 19 (Fragment), Cod. Geulf. 291 (Fragment), Cod. Sangall. 658, Cod. rec. adj. f. 3. Die beiden Erstgenannten gehörten ursprünglich zur gleichen Gesamtausgabe.;;;OVG;;;;;;;;;;;;;;;;;
Das Schneekind (Hs.A);;Novellistik des Mittelalters. Märendichtung. Hrsg, übers. und kommentiert von Klaus Grubmüller. Frankfurt/Main: Dt. Klassiker Verl., 1996. S. 82-93. (= Bibl. d. Mittelalters, Bd. 23);Die Groß-/Kleinschreibung entspricht aus technischen Gründen nur teilweise der Edition.;000000000000000---h;;3;;;;NDM;Novellistik des Mittelalters. Märendichtung;SKA;;;;;;;;;;;;;;;;;
Das Buch der Natur (Buch 1);607;"Konrad, von Megenberg. Das Buch der Natur: die erste Naturgeschichte in deutscher Sprache; hrsg. von Franz Pfeiffer. Stuttgart 1861 (Nachdruck 1962, Faks. G. Olms, Hildesheim-New York 1971, 1994). 

Die digitale Edition beruht teilweise auf der Version von Koyka Stoyanova, 

Berlin, 1997 und der TITUS-Version von Jost Gippert, Frankfurt a/M, 1998-2003. 

http://titus.uni-frankfurt.de/texte/etcs/germ/mhd/konrme/konrm.htm?konrm001.htm";"Der vorliegende Text ist das erste von acht Büchern, das von der Physiologie des Menschen handelt. Er besteht aus insgesamt 50 Kapiteln und einem vorangestellten Gedicht auf insgesamt 53 Seiten beginnend mit Seite 1. Das 49. Kapitel ist in 32 Unterabschnitte eingeteilt. 



Lemmatisiert, aber noch nicht disambiguiert.

Die Groß-/Kleinschreibung entspricht aus technischen Gründen nur teilweise der Edition.";000000000ppccaads--;;122;;"Seine deutschen Werke widmen sich naturwissenschaftlichen Themen und sind von ihm ausdrücklich für Laien geschrieben worden. In den Jahren 1348 bis 1350 schrieb er das ""Buch der Natur"" (oder: ""Buch von den natürlichen Dingen""), das allgemein als das erste systematisierte deutschsprachige Kompendium des Wissens über die geschaffene Natur angesehen wird. Er bediente sich dabei vor allem des ""Liber de natura rerum""(1230-1245) von Thomas von Cantimpré(1201-1270/72) als Quelle. Es erlangte große Bedeutung und Verbreitung und wurde noch in den Jahren 1536 und 1540 in Frankfurt als Naturbuch nachgedruckt.";Heidelberger Hs. Cod. Pal. germ. 300;;;KVM;1861;1;;;;;;;;;;;;;;;
Der Heilige Ulrich;585;"Albert von Augsburg, Das Leben des Heiligen Ulrich. Hrsg. von Karl-Ernst Geith; (= Quellen und Forschungen zur Sprach- und Kulturgeschichte der germanischen Völker 163; Neue Folge 39), Berlin/New York 1971.";"Der Text besteht aus 1605 Verszeilen beginnend mit Vers 1.

Folgende Auflösungen wurden vorgenommen:

·  = ,

u + hochgestelltes o = uo

v + hochgestelltes o = vo

a + hochgestelltes e = ae



Nur teilweise lemmatisiert, nicht disambiguiert.



Die Groß-/Kleinschreibung entspricht aus technischen Gründen nur teilweise der Edition.";000000000000000----;;4;;Die Hs. ist die von Adilbert von Augsburg vorgenommene Übersetzung einer lateinischen Vorlage von Berno von Reichenau. Sie beinhaltet die Vita des Hl. Ulrich (Uodalricus), Bischof von Augsburg, geb. um 890 in Augsburg in Bayern, gestorben am 4. Juli 973 daselbst.;Hs. Cgm 94 der Bayerischen Staatsbibliothek München.;;;HUL;;;;;;;;;;;;;;;;;
Mainauer Naturlehre;;"Die sogenannte Mainauer Naturlehre. Hrsg.v. Helmut R. Plant, Marie Rowlands und Rolf Burkhart, Göppingen: Kümmerle 1972. (= Litterae. Göppinger Beiträge zur Textgeschichte Nr. 18).

Der Text ist eine abgeänderte Version des digitalen Textes von Ulrich Harsch 1999.

http://www.fh-augsburg.de/~harsch/germanica/Chronologie/14Jh/Naturlehre/mai_n000.html";"Der Titel dieser Schrift stammt vom ersten Herausgeber Wilhelm Wackernagel.

Die Seitenzahlen entsprechen den Seiten der Handschrift. Die Handschrift ist zweispaltig, und die Herausgeber haben die vier Spalten mit den Buchstaben a - d bezeichnet. Diesen entsprechen jeweils die Zahlen der Abschnitte 1 - 4 in der MHDBDB Version, und folglich entsprechen die Abschnitte 1/2 den Spalten auf recto und 3/4 denen auf verso.

In der MHDBDB Version wurde die Trennung von Wörtern am Zeilenende, die der Hs. entspricht, aufgehoben, d.h. die so getrennten Wörter wurden entweder am Ende oder am Anfang einer der beiden Zeilen vereinigt. Abkürzungen aus der Hs. wurden vervollständigt.



Der Text ist noch nicht disambiguiert.

Die Groß-/Kleinschreibung entspricht aus technischen Gründen nur teilweise der Edition.";0000000000000pppa--;;122;;Die Mainauer Naturlehre stellt den Versuch dar, das naturwissenschaftliche Wissen der Zeit in deutscher Prosa zusammenzufassen. Als Grundlage dienten vor allem der Tractatus de sphera und der Computus des Johannes de Sacrobosco, sowie das anonyme Secretum secretorum. Enstanden ist sie um das Jahr 1300, der Verfasser ist unbekannt und auch der Entstehungsort ist sicher nicht die 1831 von Wilhelm Wackernagel vermutete Insel Mainau im Bodensee.;"Handschrift der Universitätsbibliothek Basel, B VIII 27

Manuscript Y (York Minster Library, Ms. Add. 34).";;;MNA;;;;;;;;;;;;;;;;;
Der arme Heinrich;2;Hartmann von Aue: Der arme Heinrich. Hrsg. v. Hermann Paul, neu bearbeitet von Kurt Gärtner. 16. durchges. Aufl. Tübingen: Niemeyer, 1996. Elektronischer Text basiert zum Teil auf der Version von Ulrich Harsch 1998. Siehe http://www.fh-augsburg.de/~harsch/germanica/Chronologie/12Jh/Hartmann/har_hein.html;"Der Text weist nach den folgenden Zeilen Einschübe auf: Vers 126, 652, 654, 662, 

852, 980, 1280, 1284, 1332.



Noch nicht disambiguiert.

Die Groß-/Kleinschreibung entspricht aus technischen Gründen nur teilweise der Edition.";00000000000000----i;;1;;;;;;DAH;1996;1;;;;;;;;;;;;;;;
Der begrabene Ehemann;4;Novellistik des Mittelalters. Märendichtung. Hrsg, übers. und kommentiert von Klaus Grubmüller. Frankfurt/Main: Dt. Klassiker Verl., 1996. S. 30-43. (= Bibl. d. Mittelalters, Bd. 23);"Noch nicht disambiguiert.

Die Groß-/Kleinschreibung entspricht aus technischen Gründen nur teilweise der Edition.";000000000000000---h;;3;;;;NDM;Novellistik des Mittelalters. Märendichtung;SBE;1996;1;;;;;;;;;;;;;;;
Das Schneekind (Hs.B);;Novellistik des Mittelalters. Märendichtung. Hrsg, übers. und kommentiert von Klaus Grubmüller. Frankfurt/Main: Dt. Klassiker Verl., 1996. S. 82-93. (= Bibl. d. Mittelalters, Bd. 23);Die Groß-/Kleinschreibung entspricht aus technischen Gründen nur teilweise der Edition.;000000000000000---h;;3;;;;NDM;Novellistik des Mittelalters. Märendichtung;SKB;;;;;;;;;;;;;;;;;
Kaiserchronik (Anhang 2);;"Kaiserchronik eines Regensburger Geistlichen, hrsg. von Edward Schröder. Nachdruck der Ausgabe von 1892; Hannover: Hahn, 1984. (= Monumenta Germaniae historica inde ab anno Christi quingentesimo usque ad annum millesimum et quingentesimum. Scriptorum qui vernacula lingua usi sunt ; t. 1,1. Series Statement Monvmenta Germaniae historica ... Scriptorvm qui vernacvla lingva vsi sunt ... Deutsche Chroniken und andere Geschichtsbücher des Mittelalters, 1,1)";"Der Text enthält 483 Verszeilen beginnend mit Vers 1.



Lemmatisiert, noch nicht disambiguiert.

Die Groß-/Kleinschreibung entspricht aus technischen Gründen nur teilweise der Edition.";0000000000000000---;;41;Schwäbische Fortsetzung;;Siehe Hauptteil Kaiserchronik (KCR);;;KC2;;;;;;;;;;;;;;;;;
Herzogenburger Urkunden I;;"Michael FAIGL, Die Urkunden des regulirten Chorherrenstiftes Herzogenburg vom Jahre seiner Übertragung von St. Georgen 1244 bis 1450 (Wien 1886).

Digitale Bearbeitung: Institut zur Erschließung und Erforschung kirchlicher Quellen (IEEKQ), St.Pölten";"Insgesamt 42 nur deutschsprachige Urkunden numeriert von #1 - 41 und geordnet nach Jahr und Tag der Erstellung, beginnend mit 24.2.1292 und endend mit 5.12.1318. Im Erscheinungsbild erfolgt das Datum in der Folge Jahr - Monat - Tag.

Mit dem Digitalisat der Originalurkunden verlinkt. Der Zeilenumbruch entspricht nicht immer dem Zeilenumbruch der Originalurkunden.



Lemmatisiert, aber noch nicht disambiguiert.



Die Groß-/Kleinschreibung entspricht aus technischen Gründen nur teilweise der Edition.";0000000zzyyyyxxxx--;;141;1292-1318;Alle Urkunden sind Teil des Herzogenburger Stiftsarchiv und sind mit dem Entstehungsdatum versehen.;;;;HZU;;;;;;;;;;;;;;;;;
Mai und Beaflor;;"Mai und Beaflor. 

Hrsg., übersetzt, kommentiert und mit einer Einleitung von Albrecht Classen 

Frankfurt am Main, Berlin, Bern, Bruxelles, New York, Oxford, Wien: Peter Lang 2006.(= Beihefte zur Mediävistik. Hrsg. Peter Dinzelbacher. Bd. 6)";Die Groß-/Kleinschreibung entspricht aus technischen Gründen nur teilweise der Edition.;00000000000000----i;;1;;"Der Text besteht aus 9676 Verszeilen beginnend mit Vers 1. Die Kursiv gezeigten Passagen sind aus der Hs. B übernommen, ebenso der Einschub nach Vers 479.

Nur teilweise lemmatisiert, noch nicht disambiguiert.";;;;MAI;;;;;;;;;;;;;;;;;
Ein alemannisches Büchlein von guter Speise;;Anton Birlinger (Hg.): Ein alemannisches Büchlein von guter Speise. In: Sitzungsberichte der Königlich bayerischen Akademie der Wissenschaften zu München. Phil.-hist. Klasse. 1865. Band II. München 1865.;"Der Text besteht aus 57 Rezepten beginnend mit Rezept 1. Unter den Rezeptnummern 1, 12, 13, 15 sind mehrere Rezepte eingetragen.



Voll lemmatisiert aber nicht disambiguiert.

Die Groß-/Kleinschreibung entspricht aus technischen Gründen nur teilweise der Edition.";0000000000000cca--h;;161;;;Cgm 384, fol. 103b-115b;;;ABS;;;;;;;;;;;;;;;;;
Priester Konrad;646;"Altdeutsche Predigten. Hrsg. v. Anton E. Schönbach. 3. Bd.: Texte. Graz: Styria, 1891.

Die elektronische Texteingabe beruht teilweise auf der digitalen Version des Oxford Text Archive: http://ota.ahds.ac.uk/";"Der Text besteht aus 114 Predigten, die hier als Kapitel geführt werden. Der Text beginnt auf S. 3 mit einer Überschrift und dem einführenden ""Proemium""; er endet auf S. 267.

Teilweise lemmatisiert, nicht disambiguiert.

Die Groß-/Kleinschreibung entspricht aus technischen Gründen nur teilweise der Edition.";000000000pppcccu--h;;163;Altdeutsche Predigten;Die Handschrift stammt aus dem 14. Jh. Ein Schreiber aus dem 15. Jh. hat die Schreibung einiger Abschnitte seiner Zeit angepasst.;Hs. 2684 d. kaiserl Hofbibliothek Wien (Tabulae codicum manuscriptorum 2, 117);;;PKP;1891;1;;;;;;;;;;;;;;;
Deutschenspiegel2;;"Deutschenspiegel und Augsburger Sachsenspiegel; hrsg. von Karl August Elckhardt und Alfred Hübner. 2. neubearb Ausg. Published Hannover, Hahnsche Buchhandlung, 1933. (= Monumenta Germaniae historica inde ab anno Christi quingentesimo usque ad annum millesimum et quingentesimum. Fontes iuris Germanici antiqui. nova. ser. ; t. 3).

Die digitale Textfassung beruht teilweise auf dem am Electronic Text Center der University of Virginia / dem Kompetenzzentrum für elektronische Erschließungs- und Publikationsverfahren in den Geisteswissenschaften an der Universität Trier erstellten Text: http://etext.lib.virginia.edu/german/mhg/";"Der ""Deutschenspiegel"" in der obigen Ausgabe zerfällt in drei Teile, ""Das Buch der Könige""(BDK), ""Erster Landrechtsteil""(DL1) und ""Zweiter Landrechtsteil""(DL2) Jeder dieser Teile wird als eigene Texteinheit geführt. Der I. Landrechtsteil beginnt von S. 75 - 79 mit einer Reimvorrede, gefolgt von einem Prolog S. 80-81. S. 81 beginnt der eigentliche Gesetzbuchteil, der in Abschnitte und Paragraphen eingeteilt ist. Diese sind hier jeweils als 'Kapitel' und 'Abschnitte' ausgegeben. Der I. Landrechtsteil endet mit S. 200. Der Paralleldruck von ""Deutschenspiegel"" und ""Augsburger Sachsenspiegel"" wird aus suchtechnischen Gründen nicht beibehalten. Dafür wird der Text des ""Augsburger Sachsenspiegel"" als dem ""Deutschenspiegel"" angehängte Parallelüberlieferung geführt.

Die Groß-/Kleinschreibung entspricht aus technischen Gründen nur teilweise der Edition.";000000upppcccaaa--h;;162;I. Landrechtsteil;"Der ""Deutschenspiegel"" ist die zweite Bearbeitung der oberdeutschen Sachsenspiegelübersetzung. Der Verfasser ist im Kreise der Augsburger Minoriten zu suchen. Er veränderte seine Vorlage durch Korrekturen, Streichungen und Zusätze, in denen er das Augsburger Gewohnheitsrecht und Augsburger Ratsverordnungen verwertete. Er verwendete den Mainzer Landfrieden (vermutlich ein bayrischer Landfriede von 1256) und zwei Reichsgesetze vom 19. Februar 1274, nicht mehr die Beschlüsse des Augsburger Reichstages vom 15. Mai 1275. Folglich muss die Arbeit zwischen Februar 1274 und Mai 1275 entstanden sein (siehe ""Einleitung, S. VI-VII).";"Der ""Deutschenspiegel"" ist als Ganzes, wenn auch nicht lückenlos, in der Innsbrucker Hs. J (Homeyer, Nr. 557) überliefert.";;;DL1;;;;;;;;;;;;;;;;;
Der Ritterspiegel;666;"Johannes Rothe. Der Ritterspiegel. Hrsg. v. Hans Neumann. Halle/Saale: Niemeyer, 1936. (= ATB, Nr. 38)

Der eingelesene digitale Text entspricht teilweise der Version von Christoph Huber: http://homepages.uni-tuebingen.de/christoph.huber/rothe.htm";"Obwohl die Ausgabe in Strophen eingeteilt ist, gibt es keine Strophenzählung. Die Verszeilen sind durchnummeriert, beginnend mit V. 1 und endend mit V. 4108.



Teilweise lemmatisiert, nicht disambiguiert.

Die Groß-/Kleinschreibung entspricht aus technischen Gründen nur teilweise der Edition.";000000000000000----;;101;;;Beruht wie die Ausgabe von Karl Bartsch von 1860 auf der einzigen Hs. (Landesbibliothek zu Kassel Mss. poet. et rom. 4 0 Nr.8), bei der es sich um eine Paspierhs. handelt. Gegenüber der Ausg Bartsch wurden zahlreiche Verbesserungen vorgenommen.;;;RSP;;;;;;;;;;;;;;;;;
Das heisse Eisen;4;Novellistik des Mittelalters. Märendichtung. Hrsg, übers. und kommentiert von Klaus Grubmüller. Frankfurt/Main: Dt. Klassiker Verl., 1996. S. 44-55. (= Bibl. d. Mittelalters, Bd. 23);"Noch nicht disambiguiert.

Die Groß-/Kleinschreibung entspricht aus technischen Gründen nur teilweise der Edition.";000000000000000---h;;3;;;;NDM;Novellistik des Mittelalters. Märendichtung;SHI;;;;;;;;;;;;;;;;;
Deutschenspiegel3;;"Deutschenspiegel und Augsburger Sachsenspiegel; hrsg. von Karl August Elckhardt und Alfred Hübner. 2. neubearb Ausg. Published Hannover, Hahnsche Buchhandlung, 1933. (= Monumenta Germaniae historica inde ab anno Christi quingentesimo usque ad annum millesimum et quingentesimum. Fontes iuris Germanici antiqui. nova. ser. ; t. 3).

Die digitale Textfassung beruht teilweise auf dem am Electronic Text Center der University of Virginia / dem Kompetenzzentrum für elektronische Erschließungs- und Publikationsverfahren in den Geisteswissenschaften an der Universität Trier erstellten Text: http://etext.lib.virginia.edu/german/mhg/";"Der ""Deutschenspiegel"" in der obigen Ausgabe zerfällt in drei Teile, ""Das Buch der Könige""(BDK), ""Erster Landrechtsteil""(DL1) und ""Zweiter Landrechtsteil""(DL2) Jeder dieser Teile wird als eigene Texteinheit geführt. Der II. Landrechtsteil beginnt auf S. 203 und endet auf S. 229. Er ist wie Teil I. in Abschnitte und Paragrafen eingeteilt. Diese sind hier jeweils als 'Kapitel' und 'Abschnitte' ausgegeben. Der Paralleldruck von ""Deutschenspiegel"" und ""Augsburger Sachsenspiegel"" wird aus suchtechnischen Gründen nicht beibehalten. Dafür wird der Text des ""Augsburger Sachsenspiegels"" als dem ""Deutschenspiegel"" angehängte Parallelüberlieferung geführt. Auf S. 231 befindet sich noch ein kleiner Anhang ""Aus dem Lehnrecht"" bestehend aus Abschnitt 1 und 227.

Die Groß-/Kleinschreibung entspricht aus technischen Gründen nur teilweise der Edition.";000000tpppcccuaa--k;;162;II. Landrechtsteil;"Der ""Deutschenspiegel"" ist die zweite Bearbeitung der oberdeutschen Sachsenspiegelübersetzung. Der Verfasser ist im Kreise der Augsburger Minoriten zu suchen. Er veränderte seine Vorlage durch Korrekturen, Streichungen und Zusätze, in denen er das Augsburger Gewohnheitsrecht und Augsburger Ratsverordnungen verwertete. Er verwendete den Mainzer Landfrieden (vermutlich ein bayrischer Landfriede von 1256) und zwei Reichsgesetze vom 19. Februar 1274, nicht mehr die Beschlüsse des Augsburger Reichstages vom 15. Mai 1275. Folglich muss die Arbeit zwischen Februar 1274 und Mai 1275 entstanden sein (siehe ""Einleitung, S. VI-VII).";"Der ""Deutschenspiegel"" ist als Ganzes, wenn auch nicht lückenlos, in der Innsbrucker Hs. J (Homeyer, Nr. 557) üuberliefert.";;;DL2;;;;;;;;;;;;;;;;;
Daz buoch von guoter spîse (Gloning);;"Das buoch von guoter spise. Aus der

Würzburg-Münchener Handschrift.Hrsg. v. Hans Hajek, Berlin 1958.

Digitale Version basiert auf den digitalen Editionen von Thomas Gloning, 1994; 1996; 5.11.2001 (http://www.staff.uni-marburg.de/~gloning/bvgs.htm) und Alia Atlas(http://cs-people.bu.edu/akatlas/Buch/recipes.html) [hier auch eine englische Übersetzung]";"Die 96 Rezepte sind als Abschnitte durchnummeriert. Dem ersten Rezept geht eine Vorrede von 22 Verszeilen voran, beginnend mit Vers 1.

Eingeschobene Rezepte gibt es nach 5/5;27/10;32/6;74/7;77/6. Nach dem letzten Rezept folgt eine Abschlusszeile.

Teilweise lemmatisiert, nicht disambiguiert.

Die Groß-/Kleinschreibung entspricht aus technischen Gründen nur teilweise der Edition.";000000000000aa--hii;1739;161;;"""Daz buoch von guoter spîse"" besteht aus 96 Rezepten. Es war Teil eines Hausbuchs, das Michael de Leone, fürstbischöflicher Protonotar in Würzburg, um das Jahr 1350 zusammenstellen ließ.";"Zeilengetreue Erfassung nach der Edition. Worttrennungen über das Zeilenende hinaus sind aufgehoben; Übergeschriebene Buchstaben sind nach dem Muster übergeschriebens e auf u > ue aufgelöst.";;;GSP;;;;;;;;;;;;;;;;;
Heinrich von Rugge;224;Des Minnesangs Frühling. Unter Benutzung der Ausgaben von Karl Lachmann und Moriz Haupt, Friedrich Vogt und Carl von Kraus bearbeitet von Hugo Moser und Helmut Tervooren. 36., neugestaltete und erweiterte Auflage. Stuttgart: S. Hirzel Verlag 1977.;"Lemmatisiert, aber noch nicht disambiguiert

Auszug aus MF nach einzelnen Abschnitten/Autoren. 

Verschiedene Überlieferungen sind als große fortlaufende Kapitelnummer vor dem jeweils ersten Lied gekennzeichnet. Beispiel: Die AC-Überlieferung bei Spervogel ist als Kapitel 1, die J-Überlieferung als Kapitel 2 gekennzeichnet. 

Soll der gesamte MF durchsucht werden, müssen alle dazugehörenden Abschnitte (MNL=MF Namenlose Lieder; MAD= MF Engelhart von Adelnburg) angeleuchtet werden. 

Die Groß-/Kleinschreibung entspricht aus technischen Gründen nur teilweise der Edition.";000000000000cddss--;;81;Minnesangs Frühling;;;MSF;Minnesangs Frühling;MHR;;;;;;;;;;;;;;;;;
Das Annolied;;"DAS ANNOLIED. Hrsg. v. Eberhard Nellmann. 3. Aufl. Stuttgart 1986. 

(Reclam Nr. 1416).";"Text ist frühmittelhochdeutsch und in Abschnitte unterschiedlicher Länge gegliedert mit gelegentlichen Überschriften.

Lemmatisiert, nicht disambiguiert.

Die Groß-/Kleinschreibung entspricht aus technischen Gründen nur teilweise der Edition.";00000000000000ss--h;;4;;"Das Annolied wurde wahrscheinlich zwischen 1077 und 1081, jedenfalls um 1100, in frühmittelhochdeutschen Reimpaarversen vermutlich von einem Siegburger Mönch verfasst. Als Anhaltspunkt für die Datierung gilt die Erwähnung von Mainz als Krönungsort. Die Krönungen der deutschen Könige fanden üblicherweise in Aachen statt; deswegen kann sich die Angabe nur auf die Zeit nach der Krönung des Gegenkönigs Rudolf von Rheinfelden 1077 oder auf die Krönung Heinrichs V. 1106 beziehen.



Das Annolied war ein Preislied auf Bischof Anno II. von Köln, den Gründer des Siegburger Klosters. Um die Repräsentationswirkung zu erhöhen, wurde das Gedicht in der Volkssprache verfasst.



Der Inhalt gliedert sich in drei Teile, die Heilsgeschichte vom Beginn der Schöpfung bis in die Zeit Annos II., die Profangeschichte bis zur Gründung der deutschen Städte (wobei auch die Weltreichelehre aus der Vision des Propheten Daniel erwähnt wird) und schließlich die ""Vita Annonis"", das Leben des Bischofs Anno II.



Teile des Annoliedes wurden in die spätere mittelhochdeutsche Kaiserchronik aufgenommen; die beiden Werke werden häufig zusammen besprochen. (siehe Wikipedia)";;;;ANN;;;;;;;;;;;;;;;;;
Liet von Troye;35;"Herbort von Fritslâr: Liet von Troye. Hrsg. v. Ge. Karl Frommann, (=Bibliothek der gesammten deutschen National-Literatur von der ältesten

bis auf die neuere Zeit, Bd. 5), Quedlinburg und Leipzig 1837.";"Hochgestellter Querstrich auf Vokalen für nachfolgendes 'n' ist nach voller Endung augelöst. Getrennt geschriebene Vorsilben, die allein stehen können,  wurden angehängt. Beisp.: ""zu bletzet"" > ""zubletzet"" (zu=zer). Viele in den Anmerkungen vorgeschlagene Interpretationen für ungewöhnliche Schreibweisen wurden umgesetzt. Beispiel: Vers 14866 ""swnme"">""swumme"".



Lemmatisiert, noch nicht  disambiguiert.

Die Groß-/Kleinschreibung entspricht aus technischen Gründen nur teilweise der Edition.";00000000000000-----;;10;;Basiert auf der einzigen Hs., die Teil der alten pfälzischen Bibliothek in Heidelberg ist.;;;;TRY;;;;;;;;;;;;;;;;;
Pyramus und Thisbe;;Novellistik des Mittelalters. Märendichtung. Hrsg, übers. und kommentiert von Klaus Grubmüller. Frankfurt/Main: Dt. Klassiker Verl., 1996. S. 336-362. (= Bibl. d. Mittelalters, Bd. 23);"Ein Autor ist nicht bekannt. Für die Entstehungszeit stehen

als Anhaltspunkte nur die Überlieferung (1393) und - als wenig zuverlässiges Kriterium - die Sprachbehandlung zur Verfügung. Auf dieser Grundlage setzt man das Gedicht allgemein in die 1. Hälfte des 14. Jahrhunderts (z. B. VL 2/VII;Sp. 929).

Die Groß-/Kleinschreibung entspricht aus technischen Gründen nur teilweise der Edition.";000000000000000---h;;3;;"Das Märe ist nur in zwei eng verwandten Märenhandschriften überliefert:

 w (1393, Innsbruck), Bl. 20ra - 24ra (Abdruck: Schmid, Codex Vindobonensis 2885, S. 98-110).

 i (1456, Tirol, von w abhängig), Bl. 14va - 17ra (Faksimile: Sammlung kleinerer deutscher Gedichte, Bl. I4v-17r)



Lemmatisiert, aber nicht disambiguiert.

Ligatur nach oe aufgelöst.";;NDM;;PUT;1996;1;;;;;;;;;;;;;;;
Die Herren zu Österreich;4;Kleinere mittelhochdeutsche Erzählungen, Fabeln und Lehrgedichte. III. Die Heidelberger Handschrift Cod. Pal. Germ. 341. Hrsg. v. Gustav Rosenhagen, Dublin/Zürich: Weidmann 1970. (= Deutsche Texte des Mittelalters Bd. XVII). Der elektronische Text basiert zum Teil auf dem vom Electronic Text Center der University of Virginia u. dem Kompetenzzentrum für elektronische Erschließungs- und Publikationsverfahren in den Geisteswissenschaften an der Universität Trier erstellten Text, revidiert von Lesley C. Pleasant and Cindy Filer Speer.;"Die vorgeschriebene Abschnittnummer 193 entspricht der Nummer des Kleingedichtes in der Ausgabe. Übergeschriebene Vokale wurden aufgelöst.

Noch nicht disambiguiert.

Die Groß-/Kleinschreibung entspricht aus technischen Gründen nur teilweise der Edition.";000000000000aaa---h;;3;;;;KMH;Kleinere mittelhochdeutsche Erzählungen, Fabeln und Lehrgedichte;HZO;;;;;;;;;;;;;;;;;
Der Esel;4;Kleinere mittelhochdeutsche Erzählungen, Fabeln und Lehrgedichte. III. Die Heidelberger Handschrift Cod. Pal. Germ. 341. Hrsg. v. Gustav Rosenhagen, Dublin/Zürich: Weidmann 1970. (= Deutsche Texte des Mittelalters Bd. XVII). Der elektronische Text basiert zum Teil auf dem vom Electronic Text Center der University of Virginia / Kompetenzzentrum für elektronische Erschließungs- und Publikationsverfahren in den Geisteswissenschaften an der Universität Trier erstellten Text, revidiert von Lesley C. Pleasant and Cindy Filer Speer.;"Die vorgeschriebene Abschnittnummer 190 entspricht der Nummer des Kleingedichtes in der Ausgabe. Übergeschriebene Vokale wurden aufgelöst.

Noch nicht disambiguiert.

Die Groß-/Kleinschreibung entspricht aus technischen Gründen nur teilweise der Edition.";000000000000aaa---h;;3;;;;KMH;Kleinere mittelhochdeutsche Erzählungen, Fabeln und Lehrgedichte;DES;;;;;;;;;;;;;;;;;
Lamprechts Alexander (Vorauer Hs.);565;"Lamprechts Alexander; nach den drei Texten, mit dem Fragment des Alberic von Besançon und den lateinischen Quellen hrsg. und erklärt von Karl Kinzel. Halle a. S. : Buchhandlung des Waisenhauses, 1884. (= Germanistische Handbibliothek; Bd. 6)

Die digitale Fassung basiert auf der Version von Steven M. Wight (http://dobc.unipv.it/scrineum/wight/alexsv.htm).";"Der Text besteht aus 1533 Verszeilen beginnend mit Vers 1. Er weist zahlreiche Lücken auf. Die Ergänzung durch den fragmentarisch erhaltenen Text von Alberic von Besançon ist hier nicht eingeschlossen. Sie erscheint in der Straßburger Fassung des Textes.

Nur teilweise lemmatisiert, noch nicht disambiguiert.

Die Groß-/Kleinschreibung entspricht aus technischen Gründen nur teilweise der Edition.";000000000000000----;;10;;Der Vorauer Alexander ist wohl 1150 entstanden und beschäftigt sich mit Alexanders Jugend auf der Basis der Vorlage von Alberic von Besançon.;Vorau, Stiftsbibliothek cod. 256.;;;AXV;;;;;;;;;;;;;;;;;
Der Waldschrat;4;Kleinere mittelhochdeutsche Erzählungen, Fabeln und Lehrgedichte. III. Die Heidelberger Handschrift Cod. Pal. Germ. 341. Hrsg. v. Gustav Rosenhagen, Dublin/Zürich: Weidmann 1970. (= Deutsche Texte des Mittelalters Bd. XVII). Der elektronische Text basiert zum Teil auf dem vom Electronic Text Center der University of Virginia / dem Kompetenzzentrum für elektronische Erschließungs- und Publikationsverfahren in den Geisteswissenschaften an der Universität Trier erstellten Text, revidiert von Lesley C. Pleasant and Cindy Filer Speer.;"Die vorgeschriebene Abschnittnummer 196 entspricht der Nummer des Kleingedichtes in der Ausgabe. Übergeschriebene Vokale wurden aufgelöst.

Noch nicht disambiguiert.

Die Groß-/Kleinschreibung entspricht aus technischen Gründen nur teilweise der Edition.";000000000000aaa---h;;3;;;;KMH;Kleinere mittelhochdeutsche Erzählungen, Fabeln und Lehrgedichte;DWS;;;;;;;;;;;;;;;;;
Rosengarten (Hs. A);;;Die Groß-/Kleinschreibung entspricht aus technischen Gründen nur teilweise der Edition.;000000000000000sss-;;2;;;;;;ROA;;;;;;;;;;;;;;;;;
Kaiserchronik (Anhang 1);;"Kaiserchronik eines Regensburger Geistlichen, hrsg. von Edward Schröder. Nachdruck der Ausgabe von 1892; Hannover: Hahn, 1984. (= Monumenta Germaniae historica inde ab anno Christi quingentesimo usque ad annum millesimum et quingentesimum. Scriptorum qui vernacula lingua usi sunt ; t. 1,1. Series Statement Monvmenta Germaniae historica ... Scriptorvm qui vernacvla lingva vsi sunt ... Deutsche Chroniken und andere Geschichtsbücher des Mittelalters, 1,1)";"Der Text besteht aus 800 Verszeilen beginnend mit Vers 1.



Lemmatisiert, noch nicht disambiguiert.

Die Groß-/Kleinschreibung entspricht aus technischen Gründen nur teilweise der Edition.";0000000000000000---;;41;Bairische Fortsetzung;;siehe Hauptteil Kaiserchronik (KCR);;;KC1;;;;;;;;;;;;;;;;;
Das Kochbuch Meister Eberhards;545;"A. Feyl: Das Kochbuch Meister Eberhards. Diss. Freiburg i.B. 1963.

sowie

Digitale Edition von Thomas Gloning 1994; 1996; 5.11.2001.";"Enthält nur 24 eigentliche Rezepte. Danach folgt unter der Überschrift ""Hienach volgt vonn den kuchenspeisen, warr zu sie gut sein"" eine diätetische Anleitung zur gesunden Ernährung (25-61), gefolgt von Abschnitten über Fische (62-67),über Brot (68), zwei Abteilungen über Fleisch (69-75/76-93), über Getränke (94-100) und zei Abteilungen über Eigenschaften und Wirkungen von Ölen (101-105/106-113).

Voll lemmatisiert aber nicht disambiguiert.

Die Groß-/Kleinschreibung entspricht aus technischen Gründen nur teilweise der Edition.";0000000000000aaa--h;1301;161;;Eine Abschrift im Codex III 1, fol 43 der Öttingen-Wallersteinschen Schlossbibliothek in Harburg auf den Blättern 59r-70r. Entstanden in der ersten Hälfte des 15. Jahrhunderts.;"Der selbe Codex enthält auch ein Arzneibuch, Meister Albrants Rossarzneibuch und ein Salbenbuch.

Weitere Informationen siehe http://homepage.univie.ac.at/thomas.gloning/kobu.htm";;;KME;;;;;;;;;;;;;;;;;
Vom heiligen Geist;4;Die Kleindichtung des Strickers. Gesamtausgabe in fünf Bänden. Hrsg. v. Wolfgang Wilfried Moelleken. Göppingen, 1974. (GAG 107/I-V);"Noch nicht disambiguiert.

Keine Parallelüberlieferung.  

Links zur Hs. Cologny, Fondation Martin Bodmer, Cod. Bodmer 155.

Die Groß-/Kleinschreibung entspricht aus technischen Gründen nur teilweise der Edition.";0000000000aaau----h;;3;;;;STR;Die Kleindichtung des Strickers;VHG;;;;;;;;;;;;;;;;;
Der unbelehrbare Zecher;4;Die Kleindichtung des Strickers. Gesamtausgabe in fünf Bänden. Hrsg. v. Wolfgang Wilfried Moelleken. Göppingen, 1974. (GAG 107/I-V);"Noch nicht disambiguiert.

Keine Parallelüberlieferung.  

Links zur Hs. Cologny, Fondation Martin Bodmer, Cod. Bodmer 72.

Die Groß-/Kleinschreibung entspricht aus technischen Gründen nur teilweise der Edition.";0000000000aaau----h;;3;;;;STR;Die Kleindichtung des Strickers;DUZ;;;;;;;;;;;;;;;;;
Königin vom Mohrenland;4;Die Kleindichtung des Strickers. Gesamtausgabe in fünf Bänden. Hrsg. v. Wolfgang Wilfried Moelleken. Göppingen, 1974. (GAG 107/I-V);"Noch nicht disambiguiert.

Keine Parallelüberlieferung.  

Links zur Hs. Cologny, Fondation Martin Bodmer, Cod. Bodmer 72.

Die Groß-/Kleinschreibung entspricht aus technischen Gründen nur teilweise der Edition.";0000000000aaau----h;;3;;;;STR;Die Kleindichtung des Strickers;KMO;;;;;;;;;;;;;;;;;
Die Katze;4;Die Kleindichtung des Strickers. Gesamtausgabe in fünf Bänden. Hrsg. v. Wolfgang Wilfried Moelleken. Göppingen, 1974. (GAG 107/I-V);"Noch nicht disambiguiert.

Keine Parallelüberlieferung.  

Links zur Hs. Cologny, Fondation Martin Bodmer, Cod. Bodmer 72.

Die Groß-/Kleinschreibung entspricht aus technischen Gründen nur teilweise der Edition.";0000000000aaau----h;;3;;;;STR;Die Kleindichtung des Strickers;KAT;;;;;;;;;;;;;;;;;
Waldschrat;4;Die Kleindichtung des Strickers. Gesamtausgabe in fünf Bänden. Hrsg. v. Wolfgang Wilfried Moelleken. Göppingen, 1974. (GAG 107/I-V);"Noch nicht disambiguiert.

Keine Parallelüberlieferung.  

Links zur Hs. Cologny, Fondation Martin Bodmer, Cod. Bodmer 72.

Die Groß-/Kleinschreibung entspricht aus technischen Gründen nur teilweise der Edition.";0000000000aaau----h;;3;;;;STR;Die Kleindichtung des Strickers;WAS;;;;;;;;;;;;;;;;;
Frauenleben und Pfaffenleben;4;Die Kleindichtung des Strickers. Gesamtausgabe in fünf Bänden. Hrsg. v. Wolfgang Wilfried Moelleken. Göppingen, 1974. (GAG 107/I-V);"Noch nicht disambiguiert.

Keine Parallelüberlieferung.  

Links zur Hs. Cologny, Fondation Martin Bodmer, Cod. Bodmer 72.

Die Groß-/Kleinschreibung entspricht aus technischen Gründen nur teilweise der Edition.";0000000000aaau----h;;3;;;;STR;Die Kleindichtung des Strickers;FUP;;;;;;;;;;;;;;;;;
Der wunderbare Stein;4;Die Kleindichtung des Strickers. Gesamtausgabe in fünf Bänden. Hrsg. v. Wolfgang Wilfried Moelleken. Göppingen, 1974. (GAG 107/I-V);"Noch nicht disambiguiert.

Keine Parallelüberlieferung.  

Link zur Hs. Cologny, Fondation Martin Bodmer, Cod. Bodmer 72.

Die Groß-/Kleinschreibung entspricht aus technischen Gründen nur teilweise der Edition.";0000000000aaau----h;;3;;;;STR;Die Kleindichtung des Strickers;WST;;;;;;;;;;;;;;;;;
Das Bild;4;Die Kleindichtung des Strickers. Gesamtausgabe in fünf Bänden. Hrsg. v. Wolfgang Wilfried Moelleken. Göppingen, 1974. (GAG 107/I-V);"Noch nicht disambiguiert.

Keine Parallelüberlieferung.  

Links zur Hs. Cologny, Fondation Martin Bodmer, Cod. Bodmer 72.

Die Groß-/Kleinschreibung entspricht aus technischen Gründen nur teilweise der Edition.";0000000000aaau----h;;3;;;;STR;Die Kleindichtung des Strickers;BIL;;;;;;;;;;;;;;;;;
Der Tor und Feuer;4;Die Kleindichtung des Strickers. Gesamtausgabe in fünf Bänden. Hrsg. v. Wolfgang Wilfried Moelleken. Göppingen, 1974. (GAG 107/I-V);"Noch nicht disambiguiert.

Keine Parallelüberlieferung.  

Link zur Hs. Cologny, Fondation Martin Bodmer, Cod. Bodmer 72.

Die Groß-/Kleinschreibung entspricht aus technischen Gründen nur teilweise der Edition.";0000000000aaau----h;;3;;;;STR;Die Kleindichtung des Strickers;TUF;;;;;;;;;;;;;;;;;
Die drei Gott verhaßtesten Dinge;4;Die Kleindichtung des Strickers. Gesamtausgabe in fünf Bänden. Hrsg. v. Wolfgang Wilfried Moelleken. Göppingen, 1974. (GAG 107/I-V);"Noch nicht disambiguiert.

Keine Parallelüberlieferung.  

Link zur Hs. Cologny, Fondation Martin Bodmer, Cod. Bodmer 72.

Die Groß-/Kleinschreibung entspricht aus technischen Gründen nur teilweise der Edition.";0000000000aaau----h;;3;;;;STR;Die Kleindichtung des Strickers;GVD;;;;;;;;;;;;;;;;;
Die Geistlichen;4;Die Kleindichtung des Strickers. Gesamtausgabe in fünf Bänden. Hrsg. v. Wolfgang Wilfried Moelleken. Göppingen, 1974. (GAG 107/I-V);"Noch nicht disambiguiert.

Keine Parallelüberlieferung.  

Keine Links zur Hs. Cologny, Fondation Martin Bodmer, Cod. Bodmer 72 oder 155.

Die Groß-/Kleinschreibung entspricht aus technischen Gründen nur teilweise der Edition.";0000000000aaau----h;;3;;;;STR;Die Kleindichtung des Strickers;GEI;;;;;;;;;;;;;;;;;
Der ungeratene Sohn;4;Die Kleindichtung des Strickers. Gesamtausgabe in fünf Bänden. Hrsg. v. Wolfgang Wilfried Moelleken. Göppingen, 1974. (GAG 107/I-V);"Noch nicht disambiguiert.

Keine Parallelüberlieferung.  

Link zur Hs. Cologny, Fondation Martin Bodmer, Cod. Bodmer 72.

Die Groß-/Kleinschreibung entspricht aus technischen Gründen nur teilweise der Edition.";0000000000aaau----h;;3;;;;STR;Die Kleindichtung des Strickers;DUS;;;;;;;;;;;;;;;;;
Beispiel Salomons;4;Die Kleindichtung des Strickers. Gesamtausgabe in fünf Bänden. Hrsg. v. Wolfgang Wilfried Moelleken. Göppingen, 1974. (GAG 107/I-V);"Noch nicht disambiguiert.

Keine Parallelüberlieferung.  

Link zur Hs. Cologny, Fondation Martin Bodmer, Cod. Bodmer 72.

Die Groß-/Kleinschreibung entspricht aus technischen Gründen nur teilweise der Edition.";0000000000aaau----h;;3;;;;STR;Die Kleindichtung des Strickers;BES;;;;;;;;;;;;;;;;;
Die Weisheit Salomons;4;Die Kleindichtung des Strickers. Gesamtausgabe in fünf Bänden. Hrsg. v. Wolfgang Wilfried Moelleken. Göppingen, 1974. (GAG 107/I-V);"Noch nicht disambiguiert.

Keine Parallelüberlieferung.  

Link zur Hs. Cologny, Fondation Martin Bodmer, Cod. Bodmer 72.

Die Groß-/Kleinschreibung entspricht aus technischen Gründen nur teilweise der Edition.";0000000000aaau----h;;3;;;;STR;Die Kleindichtung des Strickers;WSA;;;;;;;;;;;;;;;;;
Von Edelsteinen;4;Die Kleindichtung des Strickers. Gesamtausgabe in fünf Bänden. Hrsg. v. Wolfgang Wilfried Moelleken. Göppingen, 1974. (GAG 107/I-V);"Noch nicht disambiguiert.

Keine Parallelüberlieferung.  

Keine Links zur Hs. Cologny, Fondation Martin Bodmer, Cod. Bodmer 155 oder 72.

Die Groß-/Kleinschreibung entspricht aus technischen Gründen nur teilweise der Edition.";0000000000aaau----h;;3;;;;STR;Die Kleindichtung des Strickers;VES;;;;;;;;;;;;;;;;;
Der gefangene Räuber;4;Die Kleindichtung des Strickers. Gesamtausgabe in fünf Bänden. Hrsg. v. Wolfgang Wilfried Moelleken. Göppingen, 1974. (GAG 107/I-V);"Noch nicht disambiguiert.

Keine Parallelüberlieferung.  

Link zur Hs. Cologny, Fondation Martin Bodmer, Cod. Bodmer 155.

Die Groß-/Kleinschreibung entspricht aus technischen Gründen nur teilweise der Edition.";0000000000aaau----h;;3;;;;STR;Die Kleindichtung des Strickers;GRA;;;;;;;;;;;;;;;;;
Die Messe;4;Die Kleindichtung des Strickers. Gesamtausgabe in fünf Bänden. Hrsg. v. Wolfgang Wilfried Moelleken. Göppingen, 1974. (GAG 107/I-V);"Noch nicht disambiguiert.

Keine Parallelüberlieferung.  

Links zur Hs. Cologny, Fondation Martin Bodmer, Cod. Bodmer 155.

Die Groß-/Kleinschreibung entspricht aus technischen Gründen nur teilweise der Edition.";0000000000aaau----h;;3;;;;STR;Die Kleindichtung des Strickers;DME;;;;;;;;;;;;;;;;;
Edelmann und Pferdehändler;4;Die Kleindichtung des Strickers. Gesamtausgabe in fünf Bänden. Hrsg. v. Wolfgang Wilfried Moelleken. Göppingen, 1974. (GAG 107/I-V);Die Groß-/Kleinschreibung entspricht aus technischen Gründen nur teilweise der Edition.;0000000000aaau----h;;3;;;;STR;Die Kleindichtung des Strickers;EUP;;;;;;;;;;;;;;;;;
Herren zu Österreich;4;Die Kleindichtung des Strickers. Gesamtausgabe in fünf Bänden. Hrsg. v. Wolfgang Wilfried Moelleken. Göppingen, 1974. (GAG 107/I-V);Die Groß-/Kleinschreibung entspricht aus technischen Gründen nur teilweise der Edition.;0000000000aaau----h;;3;;;;STR;Die Kleindichtung des Strickers;HEO;;;;;;;;;;;;;;;;;
Bitte um mildes Gericht;4;Die Kleindichtung des Strickers. Gesamtausgabe in fünf Bänden. Hrsg. v. Wolfgang Wilfried Moelleken. Göppingen, 1974. (GAG 107/I-V);"Noch nicht disambiguiert.

Keine Parallelüberlieferung.  

Keine Links zur Hs. Cologny, Fondation Martin Bodmer, Cod. Bodmer 72 oder 155.

Die Groß-/Kleinschreibung entspricht aus technischen Gründen nur teilweise der Edition.";0000000000aaau----h;;3;;;;STR;Die Kleindichtung des Strickers;BMG;;;;;;;;;;;;;;;;;
Vaterunser;4;Die Kleindichtung des Strickers. Gesamtausgabe in fünf Bänden. Hrsg. v. Wolfgang Wilfried Moelleken. Göppingen, 1974. (GAG 107/I-V);"Noch nicht disambiguiert.

Keine Parallelüberlieferung.  

Keine Links zur Hs. Cologny, Fondation Martin Bodmer, Cod. Bodmer 72 oder 155.

Die Groß-/Kleinschreibung entspricht aus technischen Gründen nur teilweise der Edition.";0000000000aaau----h;;3;;;;STR;Die Kleindichtung des Strickers;VAT;;;;;;;;;;;;;;;;;
Bußgebet;4;Die Kleindichtung des Strickers. Gesamtausgabe in fünf Bänden. Hrsg. v. Wolfgang Wilfried Moelleken. Göppingen, 1974. (GAG 107/I-V);"Noch nicht disambiguiert.

Keine Parallelüberlieferung.  

Keine Links zur Hs. Cologny, Fondation Martin Bodmer, Cod. Bodmer 72 oder 155.

Die Groß-/Kleinschreibung entspricht aus technischen Gründen nur teilweise der Edition.";0000000000aaau----h;;3;;;;STR;Die Kleindichtung des Strickers;BUS;;;;;;;;;;;;;;;;;
Passionsgebet;4;Die Kleindichtung des Strickers. Gesamtausgabe in fünf Bänden. Hrsg. v. Wolfgang Wilfried Moelleken. Göppingen, 1974. (GAG 107/I-V);"Noch nicht disambiguiert.

Keine Parallelüberlieferung.  

Keine Links zur Hs. Cologny, Fondation Martin Bodmer, Cod. Bodmer 72 oder 155.

Die Groß-/Kleinschreibung entspricht aus technischen Gründen nur teilweise der Edition.";0000000000aaau----h;;3;;;;STR;Die Kleindichtung des Strickers;PAS;;;;;;;;;;;;;;;;;
Gebet von den Freuden Marias;4;Die Kleindichtung des Strickers. Gesamtausgabe in fünf Bänden. Hrsg. v. Wolfgang Wilfried Moelleken. Göppingen, 1974. (GAG 107/I-V);"Noch nicht disambiguiert.

Keine Parallelüberlieferung.  

Keine Links zur Hs. Cologny, Fondation Martin Bodmer, Cod. Bodmer 72 oder 155.

Die Groß-/Kleinschreibung entspricht aus technischen Gründen nur teilweise der Edition.";0000000000aaau----h;;3;;;;STR;Die Kleindichtung des Strickers;GFM;;;;;;;;;;;;;;;;;
Mariengruß;4;Die Kleindichtung des Strickers. Gesamtausgabe in fünf Bänden. Hrsg. v. Wolfgang Wilfried Moelleken. Göppingen, 1974. (GAG 107/I-V);"Noch nicht disambiguiert.

Keine Parallelüberlieferung.  

Keine Links zur Hs. Cologny, Fondation Martin Bodmer, Cod. Bodmer 72 oder 155.

Die Groß-/Kleinschreibung entspricht aus technischen Gründen nur teilweise der Edition.";0000000000aaau----h;;3;;;;STR;Die Kleindichtung des Strickers;MAG;;;;;;;;;;;;;;;;;
Das heiße Eisen;4;Die Kleindichtung des Strickers. Gesamtausgabe in fünf Bänden. Hrsg. v. Wolfgang Wilfried Moelleken. Göppingen, 1974. (GAG 107/I-V);"Noch nicht disambiguiert.

Keine Parallelüberlieferung.  

Links zur Hs. Cologny, Fondation Martin Bodmer, Cod. Bodmer 72.

Die Groß-/Kleinschreibung entspricht aus technischen Gründen nur teilweise der Edition.";0000000000aaau----h;;3;;;;STR;Die Kleindichtung des Strickers;DHE;;;;;;;;;;;;;;;;;
Käfer im Rosenhaus;4;Die Kleindichtung des Strickers. Gesamtausgabe in fünf Bänden. Hrsg. v. Wolfgang Wilfried Moelleken. Göppingen, 1974. (GAG 107/I-V);"Noch nicht disambiguiert.

Keine Parallelüberlieferung.  

Links zur Hs. Cologny, Fondation Martin Bodmer, Cod. Bodmer 72.

Die Groß-/Kleinschreibung entspricht aus technischen Gründen nur teilweise der Edition.";0000000000aaau----h;;3;;;;STR;Die Kleindichtung des Strickers;KIR;;;;;;;;;;;;;;;;;
Kater als Freier;4;Die Kleindichtung des Strickers. Gesamtausgabe in fünf Bänden. Hrsg. v. Wolfgang Wilfried Moelleken. Göppingen, 1974. (GAG 107/I-V);"Noch nicht disambiguiert.

Keine Parallelüberlieferung.  

Links zur Hs. Cologny, Fondation Martin Bodmer, Cod. Bodmer 72.

Die Groß-/Kleinschreibung entspricht aus technischen Gründen nur teilweise der Edition.";0000000000aaau----h;;3;;;;STR;Die Kleindichtung des Strickers;KAF;;;;;;;;;;;;;;;;;
Der unfruchtbare Baum;4;Die Kleindichtung des Strickers. Gesamtausgabe in fünf Bänden. Hrsg. v. Wolfgang Wilfried Moelleken. Göppingen, 1974. (GAG 107/I-V);"Noch nicht disambiguiert.

Keine Parallelüberlieferung.  

Links zur Hs. Cologny, Fondation Martin Bodmer, Cod. Bodmer 72.

Die Groß-/Kleinschreibung entspricht aus technischen Gründen nur teilweise der Edition.";0000000000aaau----h;;3;;;;STR;Die Kleindichtung des Strickers;DUB;;;;;;;;;;;;;;;;;
Der junge Baum;4;Die Kleindichtung des Strickers. Gesamtausgabe in fünf Bänden. Hrsg. v. Wolfgang Wilfried Moelleken. Göppingen, 1974. (GAG 107/I-V);"Noch nicht disambiguiert.

Keine Parallelüberlieferung.  

Links zur Hs. Cologny, Fondation Martin Bodmer, Cod. Bodmer 72.

Die Groß-/Kleinschreibung entspricht aus technischen Gründen nur teilweise der Edition.";0000000000aaau----h;;3;;;;STR;Die Kleindichtung des Strickers;DJB;;;;;;;;;;;;;;;;;
Gäuhühner;4;Die Kleindichtung des Strickers. Gesamtausgabe in fünf Bänden. Hrsg. v. Wolfgang Wilfried Moelleken. Göppingen, 1974. (GAG 107/I-V);"Noch nicht disambiguiert.

Keine Parallelüberlieferung.  

Links zur Hs. Cologny, Fondation Martin Bodmer, Cod. Bodmer 72.

Die Groß-/Kleinschreibung entspricht aus technischen Gründen nur teilweise der Edition.";0000000000aaau----h;;3;;;;STR;Die Kleindichtung des Strickers;GAU;;;;;;;;;;;;;;;;;
Der Abgott der Juden;4;Die Kleindichtung des Strickers. Gesamtausgabe in fünf Bänden. Hrsg. v. Wolfgang Wilfried Moelleken. Göppingen, 1974. (GAG 107/I-V);"Noch nicht disambiguiert.

Keine Parallelüberlieferung.  

Links zur Hs. Cologny, Fondation Martin Bodmer, Cod. Bodmer 72.

Die Groß-/Kleinschreibung entspricht aus technischen Gründen nur teilweise der Edition.";0000000000aaau----h;;3;;;;STR;Die Kleindichtung des Strickers;JUA;;;;;;;;;;;;;;;;;
Armer und reicher König;4;Die Kleindichtung des Strickers. Gesamtausgabe in fünf Bänden. Hrsg. v. Wolfgang Wilfried Moelleken. Göppingen, 1974. (GAG 107/I-V);"Noch nicht disambiguiert.

Keine Parallelüberlieferung.  

Links zur Hs. Cologny, Fondation Martin Bodmer, Cod. Bodmer 72.

Die Groß-/Kleinschreibung entspricht aus technischen Gründen nur teilweise der Edition.";0000000000aaau----h;;3;;;;STR;Die Kleindichtung des Strickers;DAR;;;;;;;;;;;;;;;;;
Der junge Ratgeber;4;Die Kleindichtung des Strickers. Gesamtausgabe in fünf Bänden. Hrsg. v. Wolfgang Wilfried Moelleken. Göppingen, 1974. (GAG 107/I-V);"Noch nicht disambiguiert.

Keine Parallelüberlieferung.  

Links zur Hs. Cologny, Fondation Martin Bodmer, Cod. Bodmer 72.

Die Groß-/Kleinschreibung entspricht aus technischen Gründen nur teilweise der Edition.";0000000000aaau----h;;3;;;;STR;Die Kleindichtung des Strickers;DJR;;;;;;;;;;;;;;;;;
Der Hase;4;Die Kleindichtung des Strickers. Gesamtausgabe in fünf Bänden. Hrsg. v. Wolfgang Wilfried Moelleken. Göppingen, 1974. (GAG 107/I-V);"Noch nicht disambiguiert.

Parallelüberlieferung = 2 = Hs. A102.  

Links zur Hs. Cologny, Fondation Martin Bodmer, Cod. Bodmer 72.

Die Groß-/Kleinschreibung entspricht aus technischen Gründen nur teilweise der Edition.";0000000000aaau----h;;3;;;;STR;Die Kleindichtung des Strickers;DHA;;;;;;;;;;;;;;;;;
Die Äffin und die Nuß;4;Die Kleindichtung des Strickers. Gesamtausgabe in fünf Bänden. Hrsg. v. Wolfgang Wilfried Moelleken. Göppingen, 1974. (GAG 107/I-V);"Noch nicht disambiguiert.

Keine Parallelüberlieferung.  

Links zur Hs. Cologny, Fondation Martin Bodmer, Cod. Bodmer 72.

Die Groß-/Kleinschreibung entspricht aus technischen Gründen nur teilweise der Edition.";0000000000aaau----h;;3;;;;STR;Die Kleindichtung des Strickers;AUN;;;;;;;;;;;;;;;;;
Verflogener Falke;4;Die Kleindichtung des Strickers. Gesamtausgabe in fünf Bänden. Hrsg. v. Wolfgang Wilfried Moelleken. Göppingen, 1974. (GAG 107/I-V);"Noch nicht disambiguiert.

Keine Parallelüberlieferung.  

Links zur Hs. Cologny, Fondation Martin Bodmer, Cod. Bodmer 72.

Die Groß-/Kleinschreibung entspricht aus technischen Gründen nur teilweise der Edition.";0000000000aaau----h;;3;;;;STR;Die Kleindichtung des Strickers;VFA;;;;;;;;;;;;;;;;;
Geliehene Kleider;4;Die Kleindichtung des Strickers. Gesamtausgabe in fünf Bänden. Hrsg. v. Wolfgang Wilfried Moelleken. Göppingen, 1974. (GAG 107/I-V);"Noch nicht disambiguiert.

Keine Parallelüberlieferung.  

Links zur Hs. Cologny, Fondation Martin Bodmer, Cod. Bodmer 72.

Die Groß-/Kleinschreibung entspricht aus technischen Gründen nur teilweise der Edition.";0000000000aaau----h;;3;;;;STR;Die Kleindichtung des Strickers;GKL;;;;;;;;;;;;;;;;;
Der Hofhund;4;Die Kleindichtung des Strickers. Gesamtausgabe in fünf Bänden. Hrsg. v. Wolfgang Wilfried Moelleken. Göppingen, 1974. (GAG 107/I-V);"Noch nicht disambiguiert.

Keine Parallelüberlieferung.  

Keine Links zur Hs. Cologny, Fondation Martin Bodmer, Cod. Bodmer 72 oder 155.

Die Groß-/Kleinschreibung entspricht aus technischen Gründen nur teilweise der Edition.";0000000000aaau----h;;3;;;;STR;Die Kleindichtung des Strickers;DHH;;;;;;;;;;;;;;;;;
Der Wolf und der Biber;4;Die Kleindichtung des Strickers. Gesamtausgabe in fünf Bänden. Hrsg. v. Wolfgang Wilfried Moelleken. Göppingen, 1974. (GAG 107/I-V);"Noch nicht disambiguiert.

Keine Parallelüberlieferung.  

Keine Links zur Hs. Cologny, Fondation Martin Bodmer, Cod. Bodmer 72 oder 155.

Die Groß-/Kleinschreibung entspricht aus technischen Gründen nur teilweise der Edition.";0000000000aaau----h;;3;;;;STR;Die Kleindichtung des Strickers;WBI;;;;;;;;;;;;;;;;;
Fliege und Kahlkopf;4;Die Kleindichtung des Strickers. Gesamtausgabe in fünf Bänden. Hrsg. v. Wolfgang Wilfried Moelleken. Göppingen, 1974. (GAG 107/I-V);"Noch nicht disambiguiert.

Keine Parallelüberlieferung.  

Keine Links zur Hs. Cologny, Fondation Martin Bodmer, Cod. Bodmer 72 oder 155.

Die Groß-/Kleinschreibung entspricht aus technischen Gründen nur teilweise der Edition.";0000000000aaau----h;;3;;;;STR;Die Kleindichtung des Strickers;FUK;;;;;;;;;;;;;;;;;
Der blinde Dieb;4;Die Kleindichtung des Strickers. Gesamtausgabe in fünf Bänden. Hrsg. v. Wolfgang Wilfried Moelleken. Göppingen, 1974. (GAG 107/I-V);"Noch nicht disambiguiert.

Keine Parallelüberlieferung.  

Links zur Hs. Cologny, Fondation Martin Bodmer, Cod. Bodmer 72.

Die Groß-/Kleinschreibung entspricht aus technischen Gründen nur teilweise der Edition.";0000000000aaau----h;;3;;;;STR;Die Kleindichtung des Strickers;DBD;;;;;;;;;;;;;;;;;
Von der Hoffahrt;4;Die Kleindichtung des Strickers. Gesamtausgabe in fünf Bänden. Hrsg. v. Wolfgang Wilfried Moelleken. Göppingen, 1974. (GAG 107/I-V);"Noch nicht disambiguiert.

Parallelüberlieferung = 2 = Hs. HKN.  

Links zur Hs. Cologny, Fondation Martin Bodmer, Cod. Bodmer 72.

Die Groß-/Kleinschreibung entspricht aus technischen Gründen nur teilweise der Edition.";0000000000aaau----h;;3;;;;STR;Die Kleindichtung des Strickers;HOF;;;;;;;;;;;;;;;;;
Gott ist Vater, Herr und Bruder;4;Die Kleindichtung des Strickers. Gesamtausgabe in fünf Bänden. Hrsg. v. Wolfgang Wilfried Moelleken. Göppingen, 1974. (GAG 107/I-V);"Noch nicht disambiguiert.

Keine Parallelüberlieferung.  

Keine Links zur Hs. Cologny, Fondation Martin Bodmer, Cod. Bodmer 72 oder 155.

Die Groß-/Kleinschreibung entspricht aus technischen Gründen nur teilweise der Edition.";0000000000aaau----h;;3;;;;STR;Die Kleindichtung des Strickers;GVH;;;;;;;;;;;;;;;;;
Der blinde Führer;4;Die Kleindichtung des Strickers. Gesamtausgabe in fünf Bänden. Hrsg. v. Wolfgang Wilfried Moelleken. Göppingen, 1974. (GAG 107/I-V);"Noch nicht disambiguiert.

Keine Parallelüberlieferung.  

Keine Links zur Hs. Cologny, Fondation Martin Bodmer, Cod. Bodmer 72 oder 155.

Die Groß-/Kleinschreibung entspricht aus technischen Gründen nur teilweise der Edition.";0000000000aaau----h;;3;;;;STR;Die Kleindichtung des Strickers;DBF;;;;;;;;;;;;;;;;;
Der nackte Bote;4;Die Kleindichtung des Strickers. Gesamtausgabe in fünf Bänden. Hrsg. v. Wolfgang Wilfried Moelleken. Göppingen, 1974. (GAG 107/I-V);"Noch nicht disambiguiert.

Keine Parallelüberlieferung.  

Link zur Hs. Cologny, Fondation Martin Bodmer, Cod. Bodmer 72.

Die Groß-/Kleinschreibung entspricht aus technischen Gründen nur teilweise der Edition.";0000000000aaau----h;;3;;;;STR;Die Kleindichtung des Strickers;DNB;;;;;;;;;;;;;;;;;
Des Ehemanns Rat;4;Die Kleindichtung des Strickers. Gesamtausgabe in fünf Bänden. Hrsg. v. Wolfgang Wilfried Moelleken. Göppingen, 1974. (GAG 107/I-V);"Noch nicht disambiguiert.

Keine Parallelüberlieferung.  

Link zur Hs. Cologny, Fondation Martin Bodmer, Cod. Bodmer 72.

Die Groß-/Kleinschreibung entspricht aus technischen Gründen nur teilweise der Edition.";0000000000aaau----h;;244;;;;STR;Die Kleindichtung des Strickers;ERA;;;;;;;;;;;;;;;;;
Hofhund und Jagdhund;4;Die Kleindichtung des Strickers. Gesamtausgabe in fünf Bänden. Hrsg. v. Wolfgang Wilfried Moelleken. Göppingen, 1974. (GAG 107/I-V);"Noch nicht disambiguiert.

Keine Parallelüberlieferung.  

Link zur Hs. Cologny, Fondation Martin Bodmer, Cod. Bodmer 72.

Die Groß-/Kleinschreibung entspricht aus technischen Gründen nur teilweise der Edition.";0000000000aaau----h;;3;;;;STR;Die Kleindichtung des Strickers;HUJ;;;;;;;;;;;;;;;;;
Die reiche Stadt;4;Die Kleindichtung des Strickers. Gesamtausgabe in fünf Bänden. Hrsg. v. Wolfgang Wilfried Moelleken. Göppingen, 1974. (GAG 107/I-V);"Noch nicht disambiguiert.

Keine Parallelüberlieferung.  

Link zur Hs. Cologny, Fondation Martin Bodmer, Cod. Bodmer 72.

Die Groß-/Kleinschreibung entspricht aus technischen Gründen nur teilweise der Edition.";0000000000aaau----h;;3;;;;STR;Die Kleindichtung des Strickers;RST;;;;;;;;;;;;;;;;;
Sünder und Einsiedel;4;Die Kleindichtung des Strickers. Gesamtausgabe in fünf Bänden. Hrsg. v. Wolfgang Wilfried Moelleken. Göppingen, 1974. (GAG 107/I-V);"Noch nicht disambiguiert.

Keine Parallelüberlieferung.  

Link zur Hs. Cologny, Fondation Martin Bodmer, Cod. Bodmer 72.

Die Groß-/Kleinschreibung entspricht aus technischen Gründen nur teilweise der Edition.";0000000000aaau----h;;3;;;;STR;Die Kleindichtung des Strickers;SUE;;;;;;;;;;;;;;;;;
Der Ochse und die Maus;4;Die Kleindichtung des Strickers. Gesamtausgabe in fünf Bänden. Hrsg. v. Wolfgang Wilfried Moelleken. Göppingen, 1974. (GAG 107/I-V);"Noch nicht disambiguiert.

Keine Parallelüberlieferung.  

Link zur Hs. Cologny, Fondation Martin Bodmer, Cod. Bodmer 72.

Die Groß-/Kleinschreibung entspricht aus technischen Gründen nur teilweise der Edition.";0000000000aaau----h;;3;;;;STR;Die Kleindichtung des Strickers;OUM;;;;;;;;;;;;;;;;;
Der Knecht in Herrenkleidern;4;Die Kleindichtung des Strickers. Gesamtausgabe in fünf Bänden. Hrsg. v. Wolfgang Wilfried Moelleken. Göppingen, 1974. (GAG 107/I-V);"Noch nicht disambiguiert.

Keine Parallelüberlieferung.  

Link zur Hs. Cologny, Fondation Martin Bodmer, Cod. Bodmer 72.

Die Groß-/Kleinschreibung entspricht aus technischen Gründen nur teilweise der Edition.";0000000000aaau----h;;3;;;;STR;Die Kleindichtung des Strickers;KIH;;;;;;;;;;;;;;;;;
Kluger Knecht;4;Die Kleindichtung des Strickers. Gesamtausgabe in fünf Bänden. Hrsg. v. Wolfgang Wilfried Moelleken. Göppingen, 1974. (GAG 107/I-V);"Noch nicht disambiguiert.

Parallelüberlieferung = 2 Hs. H209.  

Keine Links zur Hs. Cologny, Fondation Martin Bodmer, Cod. Bodmer 72 oder 155.

Die Groß-/Kleinschreibung entspricht aus technischen Gründen nur teilweise der Edition.";0000000000aaau----h;;3;;;;STR;Die Kleindichtung des Strickers;DKK;1974;1;;;;;;;;;;;;;;;
Krämer;4;Die Kleindichtung des Strickers. Gesamtausgabe in fünf Bänden. Hrsg. v. Wolfgang Wilfried Moelleken. Göppingen, 1974. (GAG 107/I-V);"Noch nicht disambiguiert.

Keine Parallelüberlieferung.  

Links zur Hs. Cologny, Fondation Martin Bodmer, Cod. Bodmer 72.

Die Groß-/Kleinschreibung entspricht aus technischen Gründen nur teilweise der Edition.";0000000000aaau----h;;3;;;;STR;Die Kleindichtung des Strickers;KRA;;;;;;;;;;;;;;;;;
Mahnung zu rechtzeitiger Buße;4;Kleinere mittelhochdeutsche Erzählungen, Fabeln und Lehrgedichte. III. Die Heidelberger Handschrift Cod. Pal. Germ. 341. Hrsg. v. Gustav Rosenhagen, Dublin/Zürich: Weidmann 1970. (= Deutsche Texte des Mittelalters Bd. XVII). Der elektronische Text basiert zum Teil auf dem vom Electronic Text Center der University of Virginia u. dem Kompetenzzentrum für elektronische Erschließungs- und Publikationsverfahren in den Geisteswissenschaften an der Universität Trier erstellten Text, revidiert von Lesley C. Pleasant and Cindy Filer Speer.;"Die vorgeschriebene Abschnittnummer 66 entspricht der Nummer des Kleingedichtes in der Ausgabe. Übergeschriebene Vokale wurden aufgelöst.

Lemmatisiert, noch nicht disambiguiert.

Die Groß-/Kleinschreibung entspricht aus technischen Gründen nur teilweise der Edition.";0000000000000aa---h;;3;;;;KMH;Kleinere mittelhochdeutsche Erzählungen, Fabeln und Lehrgedichte;MZR;;;;;;;;;;;;;;;;;
Die zwei Herren;4;Kleinere mittelhochdeutsche Erzählungen, Fabeln und Lehrgedichte. III. Die Heidelberger Handschrift Cod. Pal. Germ. 341. Hrsg. v. Gustav Rosenhagen, Dublin/Zürich: Weidmann 1970. (= Deutsche Texte des Mittelalters Bd. XVII). Der elektronische Text basiert zum Teil auf dem vom Electronic Text Center der University of Virginia / dem Kompetenzzentrum für elektronische Erschließungs- und Publikationsverfahren in den Geisteswissenschaften an der Universität Trier erstellten Text, revidiert von Lesley C. Pleasant and Cindy Filer Speer.;"Die vorgeschriebene Abschnittnummer 164  entspricht der Nummer des Kleingedichtes in der Ausgabe. Übergeschriebene Vokale wurden aufgelöst.

Noch nicht disambiguiert.

Die Groß-/Kleinschreibung entspricht aus technischen Gründen nur teilweise der Edition.";000000000000aaa---h;;3;;;;KMH;Kleinere mittelhochdeutsche Erzählungen, Fabeln und Lehrgedichte;DZH;;;;;;;;;;;;;;;;;
Die Schlange ohne Gift;4;Die Kleindichtung des Strickers. Gesamtausgabe in fünf Bänden. Hrsg. v. Wolfgang Wilfried Moelleken. Göppingen, 1974. (GAG 107/I-V);"Noch nicht disambiguiert.

Keine Parallelüberlieferung.  

Link zur Hs. Cologny, Fondation Martin Bodmer, Cod. Bodmer 72.

Die Groß-/Kleinschreibung entspricht aus technischen Gründen nur teilweise der Edition.";0000000000aaau----h;;3;;;;STR;Die Kleindichtung des Strickers;SOG;;;;;;;;;;;;;;;;;
Die undankbaren Gäste;4;Die Kleindichtung des Strickers. Gesamtausgabe in fünf Bänden. Hrsg. v. Wolfgang Wilfried Moelleken. Göppingen, 1974. (GAG 107/I-V);"Noch nicht disambiguiert.

Keine Parallelüberlieferung.  

Link zur Hs. Cologny, Fondation Martin Bodmer, Cod. Bodmer 72.

Die Groß-/Kleinschreibung entspricht aus technischen Gründen nur teilweise der Edition.";0000000000aaau----h;;3;;;;STR;Die Kleindichtung des Strickers;UDG;;;;;;;;;;;;;;;;;
Des Teufels Ammen;4;Die Kleindichtung des Strickers. Gesamtausgabe in fünf Bänden. Hrsg. v. Wolfgang Wilfried Moelleken. Göppingen, 1974. (GAG 107/I-V);"Noch nicht disambiguiert.

Keine Parallelüberlieferung.  

Keine Links zur Hs. Cologny, Fondation Martin Bodmer, Cod. Bodmer 72 oder 155.

Die Groß-/Kleinschreibung entspricht aus technischen Gründen nur teilweise der Edition.";0000000000aaau----h;;3;;;;STR;Die Kleindichtung des Strickers;TEA;;;;;;;;;;;;;;;;;
Die eingemauerte Frau;4;Die Kleindichtung des Strickers. Gesamtausgabe in fünf Bänden. Hrsg. v. Wolfgang Wilfried Moelleken. Göppingen, 1974. (GAG 107/I-V);"Noch nicht disambiguiert.

Keine Parallelüberlieferung.  

Keine Links zur Hs. Cologny, Fondation Martin Bodmer, Cod. Bodmer 72 oder 155.

Die Groß-/Kleinschreibung entspricht aus technischen Gründen nur teilweise der Edition.";0000000000aaau----h;;244;;;;STR;Die Kleindichtung des Strickers;EGF;;;;;;;;;;;;;;;;;
Von bösen Frauen;4;Die Kleindichtung des Strickers. Gesamtausgabe in fünf Bänden. Hrsg. v. Wolfgang Wilfried Moelleken. Göppingen, 1974. (GAG 107/I-V);"Noch nicht disambiguiert.

Keine Parallelüberlieferung.  

Link zur Hs. Cologny, Fondation Martin Bodmer, Cod. Bodmer 72.

Die Groß-/Kleinschreibung entspricht aus technischen Gründen nur teilweise der Edition.";0000000000aaau----h;;3;;;;STR;Die Kleindichtung des Strickers;VBF;;;;;;;;;;;;;;;;;
Das stinkende Haus;4;Die Kleindichtung des Strickers. Gesamtausgabe in fünf Bänden. Hrsg. v. Wolfgang Wilfried Moelleken. Göppingen, 1974. (GAG 107/I-V);"Noch nicht disambiguiert.

Parallelüberlieferung nach Vers 114 = 2 = Hs. N und nach Vers 116 = 3 = Hs. N.  

Link zur Hs. Cologny, Fondation Martin Bodmer, Cod. Bodmer 155.

Die Groß-/Kleinschreibung entspricht aus technischen Gründen nur teilweise der Edition.";0000000000aaau----h;;3;;;;STR;Die Kleindichtung des Strickers;STH;;;;;;;;;;;;;;;;;
Die ewige Verdammnis;4;Die Kleindichtung des Strickers. Gesamtausgabe in fünf Bänden. Hrsg. v. Wolfgang Wilfried Moelleken. Göppingen, 1974. (GAG 107/I-V);"Noch nicht disambiguiert.

Keine Parallelüberlieferung.  

Link zur Hs. Cologny, Fondation Martin Bodmer, Cod. Bodmer 72.

Die Groß-/Kleinschreibung entspricht aus technischen Gründen nur teilweise der Edition.";0000000000aaau----h;;3;;;;STR;Die Kleindichtung des Strickers;EWV;;;;;;;;;;;;;;;;;
Die Tochter und der Hund;4;Die Kleindichtung des Strickers. Gesamtausgabe in fünf Bänden. Hrsg. v. Wolfgang Wilfried Moelleken. Göppingen, 1974. (GAG 107/I-V);"Noch nicht disambiguiert.

Keine Parallelüberlieferung.  

Link zur Hs. Cologny, Fondation Martin Bodmer, Cod. Bodmer 72.

Die Groß-/Kleinschreibung entspricht aus technischen Gründen nur teilweise der Edition.";0000000000aaau----h;;3;;;;STR;Die Kleindichtung des Strickers;TUH;;;;;;;;;;;;;;;;;
Die sechs Versuchungen;4;Die Kleindichtung des Strickers. Gesamtausgabe in fünf Bänden. Hrsg. v. Wolfgang Wilfried Moelleken. Göppingen, 1974. (GAG 107/I-V);"Noch nicht disambiguiert.

Keine Parallelüberlieferung.  

Link zur Hs. Cologny, Fondation Martin Bodmer, Cod. Bodmer 155.

Die Groß-/Kleinschreibung entspricht aus technischen Gründen nur teilweise der Edition.";0000000000aaau----h;;3;;;;STR;Die Kleindichtung des Strickers;SEV;;;;;;;;;;;;;;;;;
Der Gast und die Wirtin;4;Die Kleindichtung des Strickers. Gesamtausgabe in fünf Bänden. Hrsg. v. Wolfgang Wilfried Moelleken. Göppingen, 1974. (GAG 107/I-V);"Noch nicht disambiguiert.

Keine Parallelüberlieferung.  

Link zur Hs. Cologny, Fondation Martin Bodmer, Cod. Bodmer 72.

Die Groß-/Kleinschreibung entspricht aus technischen Gründen nur teilweise der Edition.";0000000000aaau----h;;3;;;;STR;Die Kleindichtung des Strickers;GUW;;;;;;;;;;;;;;;;;
Die beiden Königinnen;4;Die Kleindichtung des Strickers. Gesamtausgabe in fünf Bänden. Hrsg. v. Wolfgang Wilfried Moelleken. Göppingen, 1974. (GAG 107/I-V);"Noch nicht disambiguiert.

Keine Parallelüberlieferung.  

Link zur Hs. Cologny, Fondation Martin Bodmer, Cod. Bodmer 72.

Die Groß-/Kleinschreibung entspricht aus technischen Gründen nur teilweise der Edition.";0000000000aaau----h;;3;;;;STR;Die Kleindichtung des Strickers;BEK;;;;;;;;;;;;;;;;;
Wucherer;4;Die Kleindichtung des Strickers. Gesamtausgabe in fünf Bänden. Hrsg. v. Wolfgang Wilfried Moelleken. Göppingen, 1974. (GAG 107/I-V);"Noch nicht disambiguiert.

Keine Parallelüberlieferung.  

Link zur Hs. Cologny, Fondation Martin Bodmer, Cod. Bodmer 72.

Die Groß-/Kleinschreibung entspricht aus technischen Gründen nur teilweise der Edition.";0000000000aaau----h;;3;;;;STR;Die Kleindichtung des Strickers;WUC;;;;;;;;;;;;;;;;;
Wildes Roß;4;Die Kleindichtung des Strickers. Gesamtausgabe in fünf Bänden. Hrsg. v. Wolfgang Wilfried Moelleken. Göppingen, 1974. (GAG 107/I-V);"Noch nicht disambiguiert.

Keine Parallelüberlieferung.  

Links zur Hs. Cologny, Fondation Martin Bodmer, Cod. Bodmer 72.

Die Groß-/Kleinschreibung entspricht aus technischen Gründen nur teilweise der Edition.";0000000000aaau----h;;3;;;;STR;Die Kleindichtung des Strickers;WIR;;;;;;;;;;;;;;;;;
Die falsche und die rechte Freigebigkeit;4;Die Kleindichtung des Strickers. Gesamtausgabe in fünf Bänden. Hrsg. v. Wolfgang Wilfried Moelleken. Göppingen, 1974. (GAG 107/I-V);"Noch nicht disambiguiert.

Keine Parallelüberlieferung.  

Keine Links zur Hs. Cologny, Fondation Martin Bodmer, Cod. Bodmer 72 oder 155.

Die Groß-/Kleinschreibung entspricht aus technischen Gründen nur teilweise der Edition.";0000000000aaau----h;;3;;;;STR;Die Kleindichtung des Strickers;FRF;;;;;;;;;;;;;;;;;
Hort;4;Die Kleindichtung des Strickers. Gesamtausgabe in fünf Bänden. Hrsg. v. Wolfgang Wilfried Moelleken. Göppingen, 1974. (GAG 107/I-V);"Noch nicht disambiguiert.

Keine Parallelüberlieferung.  

Links zur Hs. Cologny, Fondation Martin Bodmer, Cod. Bodmer 72.

Die Groß-/Kleinschreibung entspricht aus technischen Gründen nur teilweise der Edition.";0000000000aaau----h;;3;;;;STR;Die Kleindichtung des Strickers;HOR;;;;;;;;;;;;;;;;;
Des Muses Lehre;4;Die Kleindichtung des Strickers. Gesamtausgabe in fünf Bänden. Hrsg. v. Wolfgang Wilfried Moelleken. Göppingen, 1974. (GAG 107/I-V);"Noch nicht disambiguiert.

Keine Parallelüberlieferung.  

Link zur Hs. Cologny, Fondation Martin Bodmer, Cod. Bodmer 72.

Die Groß-/Kleinschreibung entspricht aus technischen Gründen nur teilweise der Edition.";0000000000aaau----h;;3;;;;STR;Die Kleindichtung des Strickers;MUL;;;;;;;;;;;;;;;;;
Ernsthafte König;4;Die Kleindichtung des Strickers. Gesamtausgabe in fünf Bänden. Hrsg. v. Wolfgang Wilfried Moelleken. Göppingen, 1974. (GAG 107/I-V);"Noch nicht disambiguiert.

Parallelüberlieferung = 2 = Hs. HK und 3 = Hs. B.  

Link zur Hs. Cologny, Fondation Martin Bodmer, Cod. Bodmer 72.

Die Groß-/Kleinschreibung entspricht aus technischen Gründen nur teilweise der Edition.";0000000000aaau----h;;3;;;;STR;Die Kleindichtung des Strickers;EKO;;;;;;;;;;;;;;;;;
Hund und Stein;4;Die Kleindichtung des Strickers. Gesamtausgabe in fünf Bänden. Hrsg. v. Wolfgang Wilfried Moelleken. Göppingen, 1974. (GAG 107/I-V);"Noch nicht disambiguiert.

Keine Parallelüberlieferung.  

Link zur Hs. Cologny, Fondation Martin Bodmer, Cod. Bodmer 72.

Die Groß-/Kleinschreibung entspricht aus technischen Gründen nur teilweise der Edition.";0000000000aaau----h;;3;;;;STR;Die Kleindichtung des Strickers;HST;;;;;;;;;;;;;;;;;
Marktdieb;4;Die Kleindichtung des Strickers. Gesamtausgabe in fünf Bänden. Hrsg. v. Wolfgang Wilfried Moelleken. Göppingen, 1974. (GAG 107/I-V);"Noch nicht disambiguiert.

Keine Parallelüberlieferung.  

Link zur Hs. Cologny, Fondation Martin Bodmer, Cod. Bodmer 72.

Die Groß-/Kleinschreibung entspricht aus technischen Gründen nur teilweise der Edition.";0000000000aaau----h;;3;;;;STR;Die Kleindichtung des Strickers;MKD;;;;;;;;;;;;;;;;;
Der altgewordene Sünder;4;Die Kleindichtung des Strickers. Gesamtausgabe in fünf Bänden. Hrsg. v. Wolfgang Wilfried Moelleken. Göppingen, 1974. (GAG 107/I-V);"Noch nicht disambiguiert.

Keine Parallelüberlieferung.  

Keine Links zur Hs. Cologny, Fondation Martin Bodmer, Cod. Bodmer 72 oder 155.

Die Groß-/Kleinschreibung entspricht aus technischen Gründen nur teilweise der Edition.";0000000000aaau----h;;3;;;;STR;Die Kleindichtung des Strickers;AGS;;;;;;;;;;;;;;;;;
Das entweihte Gotteshaus;4;Die Kleindichtung des Strickers. Gesamtausgabe in fünf Bänden. Hrsg. v. Wolfgang Wilfried Moelleken. Göppingen, 1974. (GAG 107/I-V);"Noch nicht disambiguiert.

Keine Parallelüberlieferung.  

Link zur Hs. Cologny, Fondation Martin Bodmer, Cod. Bodmer 72.

Die Groß-/Kleinschreibung entspricht aus technischen Gründen nur teilweise der Edition.";0000000000aaau----h;;3;;;;STR;Die Kleindichtung des Strickers;EGH;;;;;;;;;;;;;;;;;
Die törichten Pfaffen;4;Die Kleindichtung des Strickers. Gesamtausgabe in fünf Bänden. Hrsg. v. Wolfgang Wilfried Moelleken. Göppingen, 1974. (GAG 107/I-V);"Noch nicht disambiguiert.

Keine Parallelüberlieferung.  

Link zur Hs. Cologny, Fondation Martin Bodmer, Cod. Bodmer 72.

Die Groß-/Kleinschreibung entspricht aus technischen Gründen nur teilweise der Edition.";0000000000aaau----h;;3;;;;STR;Die Kleindichtung des Strickers;TPF;;;;;;;;;;;;;;;;;
Die Pfaffendirne;4;Die Kleindichtung des Strickers. Gesamtausgabe in fünf Bänden. Hrsg. v. Wolfgang Wilfried Moelleken. Göppingen, 1974. (GAG 107/I-V);"Noch nicht disambiguiert.

Keine Parallelüberlieferung.  

Keine Links zur Hs. Cologny, Fondation Martin Bodmer, Cod. Bodmer 72 oder 155.

Die Groß-/Kleinschreibung entspricht aus technischen Gründen nur teilweise der Edition.";0000000000aaau----h;;3;;;;STR;Die Kleindichtung des Strickers;PFD;;;;;;;;;;;;;;;;;
Der ungetreue Knecht;4;Die Kleindichtung des Strickers. Gesamtausgabe in fünf Bänden. Hrsg. v. Wolfgang Wilfried Moelleken. Göppingen, 1974. (GAG 107/I-V);"Noch nicht disambiguiert.

Keine Parallelüberlieferung.  

Keine Links zur Hs. Cologny, Fondation Martin Bodmer, Cod. Bodmer 72 oder 155.

Die Groß-/Kleinschreibung entspricht aus technischen Gründen nur teilweise der Edition.";0000000000aaau----h;;3;;;;STR;Die Kleindichtung des Strickers;UKN;;;;;;;;;;;;;;;;;
Der Taugenichts;4;Die Kleindichtung des Strickers. Gesamtausgabe in fünf Bänden. Hrsg. v. Wolfgang Wilfried Moelleken. Göppingen, 1974. (GAG 107/I-V);"Noch nicht disambiguiert.

Keine Parallelüberlieferung.  

Link zur Hs. Cologny, Fondation Martin Bodmer, Cod. Bodmer 72.

Die Groß-/Kleinschreibung entspricht aus technischen Gründen nur teilweise der Edition.";0000000000aaau----h;;3;;;;STR;Die Kleindichtung des Strickers;TAU;;;;;;;;;;;;;;;;;
Die feisten Jagdvögel;4;Die Kleindichtung des Strickers. Gesamtausgabe in fünf Bänden. Hrsg. v. Wolfgang Wilfried Moelleken. Göppingen, 1974. (GAG 107/I-V);"Noch nicht disambiguiert.

Keine Parallelüberlieferung.  

Link zur Hs. Cologny, Fondation Martin Bodmer, Cod. Bodmer 72.

Die Groß-/Kleinschreibung entspricht aus technischen Gründen nur teilweise der Edition.";0000000000aaau----h;;3;;;;STR;Die Kleindichtung des Strickers;DFJ;;;;;;;;;;;;;;;;;
Die sieben himmlischen Gaben;4;Die Kleindichtung des Strickers. Gesamtausgabe in fünf Bänden. Hrsg. v. Wolfgang Wilfried Moelleken. Göppingen, 1974. (GAG 107/I-V);"Noch nicht disambiguiert.

Keine Parallelüberlieferung.  

Link zur Hs. Cologny, Fondation Martin Bodmer, Cod. Bodmer 72.

Die Groß-/Kleinschreibung entspricht aus technischen Gründen nur teilweise der Edition.";0000000000aaau----h;;3;;;;STR;Die Kleindichtung des Strickers;SHG;;;;;;;;;;;;;;;;;
Lohengrin;;"Lohengrin. Edition und Untersuchungen [von]Thomas Cramer. München: Fink, 1971.



Die elektronische Ausgabe lehnt sich an eine digitale Version aus dem Institut für Bayerische Literaturgeschichte an der Universität München an.";"Das Werk besteht aus 767 zehnzeiligen Strophen beginnend mit Vers 1. Die Strophenzählung der Ausgabe wurde nicht übernommen. Wie in der Ausgabe sind aber alle Zeilen durchgezählt. Dabei lässt sich die jeweilige Strophennummer durch Multiplikation oder Division mit Faktor 10 bestimmen.

Die ersten 67 Strophen (bis Zeile 670) sind dialogisch gegliedert an den ""Wartburgkrieg"" und den Sängerstreit angelehnt.

Nach 5200 gibt es eine Lücke, nach 5223 folgt ein Einschub.

Lemmatisiert, nicht disambiguiert.

Die Groß-/Kleinschreibung entspricht aus technischen Gründen nur teilweise der Edition.";000000000000----iih;;16;;Der Dichter identifiziert sich unter U. als aus Neuhaus (verborgenes Akrostichon NOUHUSIUS in den Zeilen 7621,7624,7627,7631,7634,7639,7641, 7644,7647) Baiern stammend. Das Werk ist wahrscheinlich zwischen 1275 und 1300 entsanden.;"Die Ausgabe lehnt sich an Hs. A an. Das Werk ist in drei vollständigen Hss. überliefert:



A = Universitätsbibl. Heidelberg, cpg. 364. Pergament aus dem Anfang d. 14. Jh.; 113ra-151rb.



B = Universitätsbibl. Heidelberg, cpg.345. Papierhs. um 1475; 1r-181v.



M = Bayrische Staatsbibl. München, Cgm. 4871; Papierhs.; 1-134. Im Jahr 1461 im Auftrag von Artolff von Trenbach von Johannes Fritz von Passau geschrieben.



Cf = Koblenzer Bruchstücke. Preußische Staatsbibl. Berlin, Ms.germ.fol. 724; zwei Pergamentblätter aus der gleichen Hs., teilweise unleserlich. Ende 13. - Anfang 14. Jh.";;;LGR;;;;;;;;;;;;;;;;;
Der Ring (Wießner);627;Heinrich Wittenwilers Ring, nach der Meininger Handschrift hrsg. von Edmund Wießner. Darmstadt: Wiss. Buchges., 1964 (= Deutsche Literatur. Sammlung literarischer Kunst- und Kulturdenkmäler in Entwicklungsreihen. Reihe Realistik des Spätmittelalters, Bd. 3);"Der Text besteht aus 9700 Verszeilen beginnend mit Vers 1. Nach den Zeilen 3524, 3817, 4081 befinden sich Einschübe. Bei der Ausgabe von Textstellen erscheint die Angabe der Seite jeweils an deren Ende.

Teilweise lemmatisiert, nicht disambiguiert.

Die Groß-/Kleinschreibung entspricht aus technischen Gründen nur teilweise der Edition.";000000000000----iih;1742;13;;"Man geht davon aus, dass der ""Ring"" zwischen 1408 und 1415 geschrieben wurde, genau in der Zeit zwischen schweren Auseinandersetzungen der Stadt Konstanz mit der Alten Eidgenossenschaft und dem Konstanzer Konzil im Jahr 1415. Weil er nur in einer Handschrift überliefert ist, kann man davon ausgehen, dass er zu seiner Zeit entweder nicht besonders erfolgreich war oder daß der Autor sein Werk nicht in weiteren Kreisen zirkulieren ließ. Wittenwilers Werk geht zurück auf eine jüngere Fassung eines Bauernhochzeits- schwankes aus der Neidhart Schule (Hs. 104 der Fürstenbergischen Hofbibliothek in Donaueschingen).";;;;WRW;1964;1;;;;;;;;;;;;;;;
Der Ring (Bechstein);627;Der Ring von Heinrich Wittenweiler. Hrsg. v. Ludwig Bechstein, eingel. durch Adelbert Keller. Stuttgart 1851, fotomech. Nachdr. Amsterdam: Rodopi, 1968. (= Bibl. d. literar. Vereins in Stuttgart, Bd. XXIII);"Die Ausgabe folgt den 57 Blättern der Hs. die auf jedem Blatt vier Spalten  von Verszeilen aufweist. Die Nummerierung erfolgt nach Blatt und Spalte, die hier als Seite nn und Abschnitt n geführt werden. D.h.: S. 10/Abschnitt 3 = Blatt 10/Spalte c. Innerhalb jeder Spalte sind die Zeilen durchnummeriert. Bei der Ausgabe von Textstellen erscheint die Angabe von Seite/Blatt jeweils am Ende des letzten Abschnittes. Der Text beginnt auf 1/3, Zeile 1 und endet mit 57/4 Z. 23. Nach den Verszeilen 22/2/35; 24/1/11; 25/4/14 folgen jeweils in sich durchnummerierte Prosaeinschübe.

Nur teilweise lemmatisiert, nicht disambiguiert.



Die Groß-/Kleinschreibung entspricht aus technischen Gründen nur teilweise der Edition.";00000000000ppa--hii;1741;13;;Die Hs. gehörte früher einem Jakob Markwart von Blauburg, der seinen Namen mit ins 16. Jh. gehörenden Schriftzügen auf das erste Blatt eingetragen hat. Die Hs. ging später in den Besitz der herzoglichen Bibliothek in Meiningen über. Die Überschrift stammt von späterer Hand.;;;;WRB;1851;1;;;;;;;;;;;;;;;
Altdeutsche Predigten;;Altdeutsche Predigten und Gebete aus Handschriften. Gesammelt und zur Herausgabe vorbereitet von Wilhelm Wackernagel. Hrsg. mit einem Vorwort von M. Rieger. Basel 1876.;"Der Text besteht aus 72 Predigten aus den verschiedensten Zeiten beginnend mit Predigt 1. Danach folgen 28 Gebete (73 - 101). Kapitelnummer entspricht der Nummer der jeweiligen Predigt oder des jeweiligen Gebetes.

Nur teilweise lemmatisiert, nicht disambiguiert.

Die Groß-/Kleinschreibung entspricht aus technischen Gründen nur teilweise der Edition.";00000000000ccc---hk;;163;;;;;;ADP;1876;1;;;;;;;;;;;;;;;
Frauenehre;4;Klaus Hofmann. Strickers Frauenehre. Überlieferung - Textkritik - Edition literaturgeschichtliche Einordnung. Marburg: N. G. Elwert, 1976.;"Besteht aus 1902 Verszeilen beginnend mit einer zweizeiligen Überschrift.



Lemmatisiert aber nicht disambiguiert.



Die Groß-/Kleinschreibung entspricht aus technischen Gründen nur teilweise der Edition.";00000000000000----h;;244;;;Edition basiert auf der Kombination  (HK) = den sich nahe stehenden Kolocsaer Cod. 1 (K) und Heidelberger Cod. Pal. germ. 341 (H), sowie auf der Wiener Hs. Cod. Vindob. Nr. 2705 (A) und dem Ambraser Heldenbuch Cod. Vindob. ser. nov. Nr. 2663 (d). Die Ausgabe ist ein Paralleldruck der kritischen Edition und HK.;;;SFE;;;;;;;;;;;;;;;;;
Das Beispiel vom Hasen;;Kleinere mittelhochdeutsche Erzählungen, Fabeln und Lehrgedichte. III. Die Heidelberger Handschrift Cod. Pal. Germ. 341. Hrsg. v. Gustav Rosenhagen, Dublin/Zürich: Weidmann 1970. (= Deutsche Texte des Mittelalters Bd. XVII). Der elektronische Text basiert zum Teil auf den vom Electronic Text Center der University of Virginia / Kompetenzzentrum für elektronische Erschließungs- und Publikationsverfahren in den Geisteswissenschaften an der Universität Trier erstellten Text, revidiert von Lesley C. Pleasant and Cindy Filer Speer.;"Die vorgeschriebene Abschnittnummer 1752=175b entspricht der Nummer des Kleingedichtes in der Ausgabe. Übergeschriebene Vokale wurden aufgelöst.

Noch nicht disambiguiert.

Die Groß-/Kleinschreibung entspricht aus technischen Gründen nur teilweise der Edition.";000000000000aaaa---;;3;;;;KMH;Kleinere mittelhochdeutsche Erzählungen, Fabeln und Lehrgedichte;BVH;;;;;;;;;;;;;;;;;
Frau Ehre und Frau Schande;;Kleinere mittelhochdeutsche Erzählungen, Fabeln und Lehrgedichte. III. Die Heidelberger Handschrift Cod. Pal. Germ. 341. Hrsg. v. Gustav Rosenhagen, Dublin/Zürich: Weidmann 1970. (= Deutsche Texte des Mittelalters Bd. XVII). Der elektronische Text basiert zum Teil auf dem vom Electronic Text Center der University of Virginia u. dem Kompetenzzentrum für elektronische Erschließungs- und Publikationsverfahren in den Geisteswissenschaften an der Universität Trier erstellten Text, revidiert von Lesley C. Pleasant and Cindy Filer Speer.;"Die vorgeschriebene Abschnittnummer 176 entspricht der Nummer des Kleingedichtes in der Ausgabe. Übergeschriebene Vokale wurden aufgelöst.

Noch nicht disambiguiert.

Die Groß-/Kleinschreibung entspricht aus technischen Gründen nur teilweise der Edition.";000000000000aaa---h;;3;;;;KMH;Kleinere mittelhochdeutsche Erzählungen, Fabeln und Lehrgedichte;FES;;;;;;;;;;;;;;;;;
Kaiserchronik;;"Kaiserchronik eines Regensburger Geistlichen, hrsg. von Edward Schröder. Nachdruck der Ausgabe von 1892; Hannover: Hahn, 1984. (= Monumenta Germaniae historica inde ab anno Christi quingentesimo usque ad annum millesimum et quingentesimum. Scriptorum qui vernacula lingua usi sunt ; t. 1,1. Series Statement Monvmenta Germaniae historica ... Scriptorvm qui vernacvla lingva vsi sunt ... Deutsche Chroniken und andere Geschichtsbücher des Mittelalters, 1,1)";"Der Text enthält 17283 Verszeilen beginnend mit Vers 1.

Nach den Versen 1791 und 2286 folgt jeweils ein Einschub von einer Zeile.

Die beiden Anhänge erscheinen als separate Dateien (KC1;KC2)

Noch nicht lemmatisiert oder disambiguiert. 

Die Groß-/Kleinschreibung entspricht aus technischen Gründen nur teilweise der Edition.";0000000000000-----i;;41;;"Die ""Kaiserchronik"" ist nicht der Originaltitel, der Verfasser nannte das Werk ursprünglich ""Cronica"". Das wohl zwischen 1140 bis 1150 von einem am Regensburger Hof tätigen Geistlichen verfasste Werk erzählt in 17283 gereimten Versen episodenhaft in 54 Lebenschroniken römischer und deutscher Kaiser eine Weltchronik von der Gründung Roms bis zur Vorbereitung des zweiten Kreuzzuges 1147. Ein Auftraggeber ist wegen des abrupten Endes der Kaiserchronik schwer zu bestimmen. Wahrscheinlich gilt eine Abfassung am Herzogs-oder Bischofshof, da nur ein reicher Auftraggeber auch für den Unterhalt des Schreibers aufkommen konnte. Die Bindung an den Auftraggeber war wohl freier als sonst üblich, als Gönner ist auch Pfalzgraf Otto von Wittelsbach denkbar. Die Kaiserchronik ist in verschiedenen Fassungen überliefert. Die Urfassung wurde mehrfach überarbeitet, zusätzlich existiert eine Prosafassung.";;;;KCR;;;;;;;;;;;;;;;;;
Die beiden Knechte;4;Kleinere mittelhochdeutsche Erzählungen, Fabeln und Lehrgedichte. III. Die Heidelberger Handschrift Cod. Pal. Germ. 341. Hrsg. v. Gustav Rosenhagen, Dublin/Zürich: Weidmann 1970. (= Deutsche Texte des Mittelalters Bd. XVII). Der elektronische Text basiert zum Teil auf dem vom Electronic Text Center der University of Virginia / Kompetenzzentrum für elektronische Erschließungs- und Publikationsverfahren in den Geisteswissenschaften an der Universität Trier erstellten Text, revidiert von Lesley C. Pleasant and Cindy Filer Speer.;"Die vorgeschriebene Abschnittnummer 178 entspricht der Nummer des Kleingedichtes in der Ausgabe. Übergeschriebene Vokale wurden aufgelöst.

Noch nicht disambiguiert.

Die Groß-/Kleinschreibung entspricht aus technischen Gründen nur teilweise der Edition.";000000000000aaa---h;;3;;;;KMH;Kleinere mittelhochdeutsche Erzählungen, Fabeln und Lehrgedichte;DBK;;;;;;;;;;;;;;;;;
Der Weidemann;4;Kleinere mittelhochdeutsche Erzählungen, Fabeln und Lehrgedichte. III. Die Heidelberger Handschrift Cod. Pal. Germ. 341. Hrsg. v. Gustav Rosenhagen, Dublin/Zürich: Weidmann 1970. (= Deutsche Texte des Mittelalters Bd. XVII). Der elektronische Text basiert zum Teil auf dem vom Electronic Text Center der University of Virginia / dem Kompetenzzentrum für elektronische Erschließungs- und Publikationsverfahren in den Geisteswissenschaften an der Universität Trier erstellten Text, revidiert von Lesley C. Pleasant and Cindy Filer Speer.;"Die vorgeschriebene Abschnittnummer 191 entspricht der Nummer des Kleingedichtes in der Ausgabe. Übergeschriebene Vokale wurden aufgelöst.

Noch nicht disambiguiert.

Die Groß-/Kleinschreibung entspricht aus technischen Gründen nur teilweise der Edition.";000000000000aaa---h;;3;;;;KMH;Kleinere mittelhochdeutsche Erzählungen, Fabeln und Lehrgedichte;DWE;;;;;;;;;;;;;;;;;
Boppe;586;Repertorium der Sangsprüche und Meisterlieder des 12. bis 18. Jahrhunderts. Hg. von Horst Brunner und Burghart Wachinger unter Mitarbeit von Eva Klesatschke, Dieter Merzbacher, Johannes Rettelbach, Frieder Schanze. Leitung der Datenverarbeitung Paul Sappler. Bd. 1ff. Tübingen 1986ff.;"Hier erscheinen insgesamt 10 Lieder unter den Siglen (592;596;599;602;609;612;623;624;633). Bis auf 624 sind alle einstrophig.

Lemmatisiert, nicht disambiguiert.

Die Groß-/Kleinschreibung entspricht aus technischen Gründen nur teilweise der Edition.";000000000000aaads--;;5;;;"Die Gedichte entsprechen in der gegebenen Reihenfolge den folgenden Einträgen der Mnchener Hs. BSB, Cgm 4997:

[555rb-va: k 592,2]1/500a.2

[558vb-559ra: k 596,5]1/504a.5

[560vab: k 599,1]1/507a.1

[560vb-561ra: k 599,2]1/507a.2

[562vb-563ra: k 602,3]1/510a.3

[569vab: k 609,2]1/517a.2

[571ra: k 612,1]1/520a.1

[580rb: k 623,3]1/531a.3

[580rb-581ra: k 624]1/507d

[586vb-587ra: k 633,3]1/541a.3";;;BOP;;;;;;;;;;;;;;;;;
Die ungehorsamen Juden;4;Die Kleindichtung des Strickers. Gesamtausgabe in fünf Bänden. Hrsg. v. Wolfgang Wilfried Moelleken. Göppingen, 1974. (GAG 107/I-V);"Noch nicht disambiguiert.

Keine Parallelüberlieferung.  

Link zur Hs. Cologny, Fondation Martin Bodmer, Cod. Bodmer 72.

Die Groß-/Kleinschreibung entspricht aus technischen Gründen nur teilweise der Edition.";0000000000aaau----h;;3;;;;STR;Die Kleindichtung des Strickers;DUJ;;;;;;;;;;;;;;;;;
Meister Albrants Roßarzneibuch;686;Gerhard Eis: Meister Albrants Roßarzneibuch. Verzeichnis der Handschriften. Text der ältesten Fassung. Literaturverzeichnis. Mit einem Vorwort von Dr. med. vet. Ernst Heizmann. Konstanz: Terra Verlag, 1960.;"Der Text erscheint auf den Seiten 15 - 21 der Ausgabe. Er besteht aus 36 vom Herausgeber nummerierten Abschnitten. Die Zeilennummerierung stammt von uns.



Lemmatisiert, nicht disambiguiert.

Die Groß-/Kleinschreibung entspricht aus technischen Gründen nur teilweise der Edition.";00000000000000pp--h;;183;;"Insgesamt ist dieses Werk in 195 Handschriften vollständig oder in Auszügen enthalten. Die Urfassung des Roßarzneibuchs umfasste wohl 36 Rezepte. Die älteste Handschrift Prag, Universitätsbibliothek, Cod. VII E 12. 13. Jh. Bl. 7rv) stammt aus der 2. Hälfte des 13. Jahrhunderts. Sie bricht mit Rezept 24 ab; die restlichen Rezepte sowie Titel und Einleitung sind aus jüngeren Handschriften ergänzt. Die wichtigsten Handschriften sind:

Prag, Universitätsbibliothek VII E 12, Bl. 7rv, 2. Hälfte des 13. Jahrhunderts.

Breslau, Universitätsbibliothek III F 20, Bl. 122v - 123v, 14. Jahrhundert.

Breslau, Universitätsbibliothek III F 20, Bl. 122v/123v, 1361/66.

Cologny, Fondation Martin Bodmer, Cod. Bodmer 62; Südostdeutscher Raum, Zweite Hälfte 14. Jahrhundert.

Prag, Universitätsbibliothek XI D 10, Bl. 145r, 14./15. Jahrhundert.

Prag, Universitätsbibliothek IV E 16, Bl. 110v - 115v, 1435.

München, Cgm 289, Bl. 131v - 135r, 1442.

Schlägl, Stiftsbibliothek 194, Bl. 147r- 152r, 15. Jahrhundert.";;;;ARB;;;;;;;;;;;;;;;;;
Bligger von Steinach;227;Des Minnesangs Frühling. Unter Benutzung der Ausgaben von Karl Lachmann und Moriz Haupt, Friedrich Vogt und Carl von Kraus bearbeitet von Hugo Moser und Helmut Tervooren. 36., neugestaltete und erweiterte Auflage. Stuttgart: S. Hirzel Verlag 1977.;"Überlieferung als Kapitel 2 gekennzeichnet. 

Soll der gesamte MF durchsucht werden, müssen alle dazugehörenden Abschnitte (MNL=MF Namenlose Lieder; MAD= MF Engelhart von Adelnburg) angeleuchtet werden. 

Die Groß-/Kleinschreibung entspricht aus technischen Gründen nur teilweise der Edition.";000000000000cddss--;;81;Minnesangs Frühling;;;MSF;Minnesangs Frühling;MBS;;;;;;;;;;;;;;;;;
Die Eule und der Habicht;4;Kleinere mittelhochdeutsche Erzählungen, Fabeln und Lehrgedichte. III. Die Heidelberger Handschrift Cod. Pal. Germ. 341. Hrsg. v. Gustav Rosenhagen, Dublin/Zürich: Weidmann 1970. (= Deutsche Texte des Mittelalters Bd. XVII). Der elektronische Text basiert zum Teil auf dem vom Electronic Text Center der University of Virginia / Kompetenzzentrum für elektronische Erschließungs- und Publikationsverfahren in den Geisteswissenschaften an der Universität Trier erstellten Text, revidiert von Lesley C. Pleasant and Cindy Filer Speer.;"Die vorgeschriebene Abschnittnummer 168  entspricht der Nummer des Kleingedichtes in der Ausgabe. Übergeschriebene Vokale wurden aufgelöst.

Noch nicht disambiguiert.

Die Groß-/Kleinschreibung entspricht aus technischen Gründen nur teilweise der Edition.";000000000000aaa---h;;3;;;;NDM;Novellistik des Mittelalters. Märendichtung;DEH;;;;;;;;;;;;;;;;;
Der Rabe mit den Pfauenfedern;4;Die Kleindichtung des Strickers. Gesamtausgabe in fünf Bänden. Hrsg. v. Wolfgang Wilfried Moelleken. Göppingen, 1974. (GAG 107/I-V);"Noch nicht disambiguiert.

Parallelüberlieferung = Hs.B.  

Link zur Hs. Cologny, Fondation Martin Bodmer, Cod. Bodmer 72.

Die Groß-/Kleinschreibung entspricht aus technischen Gründen nur teilweise der Edition.";0000000000aaau----h;;3;;;;STR;Die Kleindichtung des Strickers;RPF;;;;;;;;;;;;;;;;;
Der Vogel und der Sperber;4;Die Kleindichtung des Strickers. Gesamtausgabe in fünf Bänden. Hrsg. v. Wolfgang Wilfried Moelleken. Göppingen, 1974. (GAG 107/I-V);"Noch nicht disambiguiert.

Keine Parallelüberlieferung.  

Keine Links zur Hs. Cologny, Fondation Martin Bodmer, Cod. Bodmer 72 oder 155.

Die Groß-/Kleinschreibung entspricht aus technischen Gründen nur teilweise der Edition.";0000000000aaau----h;;3;;;;STR;Die Kleindichtung des Strickers;VUS;;;;;;;;;;;;;;;;;
Die gepfefferte Speise;4;Die Kleindichtung des Strickers. Gesamtausgabe in fünf Bänden. Hrsg. v. Wolfgang Wilfried Moelleken. Göppingen, 1974. (GAG 107/I-V);"Noch nicht disambiguiert.

Keine Parallelüberlieferung.  

Keine Links zur Hs. Cologny, Fondation Martin Bodmer, Cod. Bodmer 72 oder 155.

Die Groß-/Kleinschreibung entspricht aus technischen Gründen nur teilweise der Edition.";0000000000aaau----h;;3;;;;STR;Die Kleindichtung des Strickers;GES;;;;;;;;;;;;;;;;;
Die Äffin und ihre Kinder;4;Die Kleindichtung des Strickers. Gesamtausgabe in fünf Bänden. Hrsg. v. Wolfgang Wilfried Moelleken. Göppingen, 1974. (GAG 107/I-V);"Noch nicht disambiguiert.

Keine Parallelüberlieferung.  

Link zur Hs. Cologny, Fondation Martin Bodmer, Cod. Bodmer 72.

Die Groß-/Kleinschreibung entspricht aus technischen Gründen nur teilweise der Edition.";0000000000aaau----h;;3;;;;STR;Die Kleindichtung des Strickers;AUK;;;;;;;;;;;;;;;;;
Die vier Evangelisten;4;Die Kleindichtung des Strickers. Gesamtausgabe in fünf Bänden. Hrsg. v. Wolfgang Wilfried Moelleken. Göppingen, 1974. (GAG 107/I-V);"Noch nicht disambiguiert.

Keine Parallelüberlieferung.  

Link zur Hs. Cologny, Fondation Martin Bodmer, Cod. Bodmer 155.

Die Groß-/Kleinschreibung entspricht aus technischen Gründen nur teilweise der Edition.";0000000000aaau----h;;3;;;;STR;Die Kleindichtung des Strickers;VEV;;;;;;;;;;;;;;;;;
Die Milch und die Fliegen;4;Die Kleindichtung des Strickers. Gesamtausgabe in fünf Bänden. Hrsg. v. Wolfgang Wilfried Moelleken. Göppingen, 1974. (GAG 107/I-V);"Noch nicht disambiguiert.

Keine Parallelüberlieferung.  

Link zur Hs. Cologny, Fondation Martin Bodmer, Cod. Bodmer 72.

Die Groß-/Kleinschreibung entspricht aus technischen Gründen nur teilweise der Edition.";0000000000aaau----h;;3;;;;STR;Die Kleindichtung des Strickers;MUF;;;;;;;;;;;;;;;;;
Verlorenen Christen;4;Die Kleindichtung des Strickers. Gesamtausgabe in fünf Bänden. Hrsg. v. Wolfgang Wilfried Moelleken. Göppingen, 1974. (GAG 107/I-V);"Noch nicht disambiguiert.

Keine Parallelüberlieferung.  

Keine Links zur Hs. Cologny, Fondation Martin Bodmer, Cod. Bodmer 72 oder 155.

Die Groß-/Kleinschreibung entspricht aus technischen Gründen nur teilweise der Edition.";0000000000aaau----h;;3;;;;STR;Die Kleindichtung des Strickers;VCH;;;;;;;;;;;;;;;;;
Der Richter und der Teufel;4;Die Kleindichtung des Strickers. Gesamtausgabe in fünf Bänden. Hrsg. v. Wolfgang Wilfried Moelleken. Göppingen, 1974. (GAG 107/I-V);"Noch nicht disambiguiert.

Keine Parallelüberlieferung.  

Link zur Hs. Cologny, Fondation Martin Bodmer, Cod. Bodmer 155.

Die Groß-/Kleinschreibung entspricht aus technischen Gründen nur teilweise der Edition.";0000000000aaau----h;;3;;;;STR;Die Kleindichtung des Strickers;RUT;;;;;;;;;;;;;;;;;
Der eigensinnige Spötter;4;Die Kleindichtung des Strickers. Gesamtausgabe in fünf Bänden. Hrsg. v. Wolfgang Wilfried Moelleken. Göppingen, 1974. (GAG 107/I-V);"Noch nicht disambiguiert.

Keine Parallelüberlieferung.  

Link zur Hs. Cologny, Fondation Martin Bodmer, Cod. Bodmer 72.

Die Groß-/Kleinschreibung entspricht aus technischen Gründen nur teilweise der Edition.";0000000000aaau----h;;3;;;;STR;Die Kleindichtung des Strickers;ESP;;;;;;;;;;;;;;;;;
Die Spieler;4;Die Kleindichtung des Strickers. Gesamtausgabe in fünf Bänden. Hrsg. v. Wolfgang Wilfried Moelleken. Göppingen, 1974. (GAG 107/I-V);"Noch nicht disambiguiert.

Keine Parallelüberlieferung.  

Link zur Hs. Cologny, Fondation Martin Bodmer, Cod. Bodmer 155.

Die Groß-/Kleinschreibung entspricht aus technischen Gründen nur teilweise der Edition.";0000000000aaau----h;;3;;;;STR;Die Kleindichtung des Strickers;SPI;;;;;;;;;;;;;;;;;
Die halbe Birne;1;Novellistik des Mittelalters. Märendichtung. Hrsg, übers. und kommentiert von Klaus Grubmüller. Frankfurt/Main: Dt. Klassiker Verl., 1996. S. 178-207. (= Bibl. d. Mittelalters, Bd. 23);"Nicht ganz unumstritten, ob dieser Text Konrad von Würzburg zuzuschreiben ist. Auf Grund der Überlieferung ist es wahrscheinlich. 



Noch nicht disambiguiert.

Die Groß-/Kleinschreibung entspricht aus technischen Gründen nur teilweise der Edition.";000000000000000---h;;3;;;"S = (um 1330-50, Elsass, inzw. verbrannt; Abdr. Myller, Sammlg. deutscher Gedichte III, S. 39-52) Bl. 49r-53r; 

p = (1373 Thüringen) Bl. 129r-133v; 

w = (1393, Innsbruck) Bl. 26r-30v; 

i = (1456, Tirol) Bl. 18r-20v; 

k = (1430-1435, Nordschwaben, Karlsruhe) Bl. 19v-22v; 

l = ('Liedersaal-Hs', um 1430-33, Oberschwaben) Bl. 198r-201r.";;;RHB;1996;1;;;;;;;;;;;;;;;
Der Schlegel;485;Novellistik des Mittelalters. Märendichtung. Hrsg, übers. und kommentiert von Klaus Grubmüller. Frankfurt/Main: Dt. Klassiker Verl., 1996. S. 112-177. (= Bibl. d. Mittelalters, Bd. 23);"Noch nicht disambiguiert.

Die Groß-/Kleinschreibung entspricht aus technischen Gründen nur teilweise der Edition.";00000000000000----h;;3;;Entstanden im letzten viertel des 13. Jahrhunderts.;"Überliefert in Hs. H (1. Viertel 14. Jh., NW-Böhmen/Oberfranken. Bl 103v-111v; Hs. K (1. Viertel 14. Jh. NW-Böhmen/ Oberfranken. Bl 104v-112v; Papierhs. w (1393 Innsbruck; Abdr. Schmid. Codex Vindobonensis 2885, S. 365-396) Bl. 157r-188v; i (1456, Tirol) Bl. 49r-55v; d (1447, Ostschwaben), Bl. 24r-32v.";;;SLG;1996;1;;;;;;;;;;;;;;;
Die Buhlschaft auf dem Baume;;Novellistik des Mittelalters. Märendichtung. Hrsg, übers. und kommentiert von Klaus Grubmüller. Frankfurt/Main: Dt. Klassiker Verl., 1996. S. 244-258. (= Bibl. d. Mittelalters, Bd. 23);"Die Fassung A  der ""Buhlschaft auf dem Baume"" ist nur in einer Handschrift überliefert: m'(1462-82 [1478?], nordbairisch-ostfränkisch [aus Nürnberg?]), Bl. 57r-63r.

Die Groß-/Kleinschreibung entspricht aus technischen Gründen nur teilweise der Edition.";000000000000000---h;;3;Fassung A;Lemmatisiert, nicht disambiguiert. Ligatur nach oe aufgelöst.;;NDM;;BAB;1996;1;;;;;;;;;;;;;;;
Die böse Adelheit;;Novellistik des Mittelalters. Märendichtung. Hrsg, übers. und kommentiert von Klaus Grubmüller. Frankfurt/Main: Dt. Klassiker Verl., 1996. S. 208-218. (= Bibl. d. Mittelalters, Bd. 23);Die Groß-/Kleinschreibung entspricht aus technischen Gründen nur teilweise der Edition.;000000000000000---h;;3;;Lemmatisiert, nicht disambiguiert. Ligatur nach oe aufgelöst.;;NDM;;BAD;;;;;;;;;;;;;;;;;
Das Gebot der Ehre;4;Die Kleindichtung des Strickers. Gesamtausgabe in fünf Bänden. Hrsg. v. Wolfgang Wilfried Moelleken. Göppingen, 1974. (GAG 107/I-V);Die Groß-/Kleinschreibung entspricht aus technischen Gründen nur teilweise der Edition.;0000000000aaau----h;;3;;;;STR;Die Kleindichtung des Strickers;DGE;;;;;;;;;;;;;;;;;
Die beiden Knappen;4;Die Kleindichtung des Strickers. Gesamtausgabe in fünf Bänden. Hrsg. v. Wolfgang Wilfried Moelleken. Göppingen, 1974. (GAG 107/I-V);Die Groß-/Kleinschreibung entspricht aus technischen Gründen nur teilweise der Edition.;0000000000aaau----h;;3;;;;STR;Die Kleindichtung des Strickers;BKN;;;;;;;;;;;;;;;;;
Drei Wünsche;4;Die Kleindichtung des Strickers. Gesamtausgabe in fünf Bänden. Hrsg. v. Wolfgang Wilfried Moelleken. Göppingen, 1974. (GAG 107/I-V);"Noch nicht disambiguiert.

Keine Parallelüberlieferung.  

Links zur Hs. Cologny, Fondation Martin Bodmer, Cod. Bodmer 72.

Die Groß-/Kleinschreibung entspricht aus technischen Gründen nur teilweise der Edition.";0000000000aaau----h;;3;;;;STR;Die Kleindichtung des Strickers;DRW;;;;;;;;;;;;;;;;;
Die Frauenehre;4;Die Kleindichtung des Strickers. Gesamtausgabe in fünf Bänden. Hrsg. v. Wolfgang Wilfried Moelleken. Göppingen, 1974. (GAG 107/I-V);"Noch nicht disambiguiert.

Parallelüberlieferung = 2 = Hs.A73.

Nach V. 1615 sind in der Ausgabe zwei Verse nicht mitgezählt. Ab V. 1616 ist die Zeilenzählung immer mit +2 zu ergänzen.  

Links zur Hs. Cologny, Fondation Martin Bodmer, Cod. Bodmer 72.

Die Groß-/Kleinschreibung entspricht aus technischen Gründen nur teilweise der Edition.";0000000000aaau----h;;244;;;;STR;Die Kleindichtung des Strickers;DFR;;;;;;;;;;;;;;;;;
Der durstige Einsiedel;4;Die Kleindichtung des Strickers. Gesamtausgabe in fünf Bänden. Hrsg. v. Wolfgang Wilfried Moelleken. Göppingen, 1974. (GAG 107/I-V);Die Groß-/Kleinschreibung entspricht aus technischen Gründen nur teilweise der Edition.;0000000000aaau----h;;3;;;;STR;Die Kleindichtung des Strickers;DDE;1974;1;;;;;;;;;;;;;;;
Die drei Waffen;4;Die Kleindichtung des Strickers. Gesamtausgabe in fünf Bänden. Hrsg. v. Wolfgang Wilfried Moelleken. Göppingen, 1974. (GAG 107/I-V);Die Groß-/Kleinschreibung entspricht aus technischen Gründen nur teilweise der Edition.;0000000000aaau----h;;3;;;;STR;Die Kleindichtung des Strickers;DDW;;;;;;;;;;;;;;;;;
Processus Luciferi;4;Die Kleindichtung des Strickers. Gesamtausgabe in fünf Bänden. Hrsg. v. Wolfgang Wilfried Moelleken. Göppingen, 1974. (GAG 107/I-V);"Noch nicht disambiguiert.

Parallelüberlieferung = 2 = Hs. N38.  

Links zur Hs. Cologny, Fondation Martin Bodmer, Cod. Bodmer 155.

Die Groß-/Kleinschreibung entspricht aus technischen Gründen nur teilweise der Edition.";0000000000aaau----h;;3;;;;STR;Die Kleindichtung des Strickers;PRL;;;;;;;;;;;;;;;;;
Der Teufel und die Seele;4;Die Kleindichtung des Strickers. Gesamtausgabe in fünf Bänden. Hrsg. v. Wolfgang Wilfried Moelleken. Göppingen, 1974. (GAG 107/I-V);"Noch nicht disambiguiert.

Keine Parallelüberlieferung. N38.  

Links zur Hs. Cologny, Fondation Martin Bodmer, Cod. Bodmer 155.

Die Groß-/Kleinschreibung entspricht aus technischen Gründen nur teilweise der Edition.";0000000000aaau----h;;3;;;;STR;Die Kleindichtung des Strickers;TDS;;;;;;;;;;;;;;;;;
Gebet zum Meßopfer;4;Die Kleindichtung des Strickers. Gesamtausgabe in fünf Bänden. Hrsg. v. Wolfgang Wilfried Moelleken. Göppingen, 1974. (GAG 107/I-V);"Noch nicht disambiguiert.

Keine Parallelüberlieferung.  

Keine Links zur Hs. Cologny, Fondation Martin Bodmer, Cod. Bodmer 72 oder 155.

Die Groß-/Kleinschreibung entspricht aus technischen Gründen nur teilweise der Edition.";0000000000aaau----h;;3;;;;STR;Die Kleindichtung des Strickers;GZM;;;;;;;;;;;;;;;;;
Commemoratio pro defunctis et vivis;4;Die Kleindichtung des Strickers. Gesamtausgabe in fünf Bänden. Hrsg. v. Wolfgang Wilfried Moelleken. Göppingen, 1974. (GAG 107/I-V);"Noch nicht disambiguiert.

Keine Parallelüberlieferung.  

Keine Links zur Hs. Cologny, Fondation Martin Bodmer, Cod. Bodmer 72 oder 155.

Die Groß-/Kleinschreibung entspricht aus technischen Gründen nur teilweise der Edition.";0000000000aaau----h;;3;;;;STR;Die Kleindichtung des Strickers;CDV;;;;;;;;;;;;;;;;;
Gebet zum Schutzengel;4;Die Kleindichtung des Strickers. Gesamtausgabe in fünf Bänden. Hrsg. v. Wolfgang Wilfried Moelleken. Göppingen, 1974. (GAG 107/I-V);"Noch nicht disambiguiert.

Keine Parallelüberlieferung.  

Keine Links zur Hs. Cologny, Fondation Martin Bodmer, Cod. Bodmer 72 oder 155.

Die Groß-/Kleinschreibung entspricht aus technischen Gründen nur teilweise der Edition.";0000000000aaau----h;;3;;;;STR;Die Kleindichtung des Strickers;GZS;;;;;;;;;;;;;;;;;
Begrabener Ehemann;4;Die Kleindichtung des Strickers. Gesamtausgabe in fünf Bänden. Hrsg. v. Wolfgang Wilfried Moelleken. Göppingen, 1974. (GAG 107/I-V);"Noch nicht disambiguiert.

Keine Parallelüberlieferung.  

Links zur Hs. Cologny, Fondation Martin Bodmer, Cod. Bodmer 72.

Die Groß-/Kleinschreibung entspricht aus technischen Gründen nur teilweise der Edition.";0000000000aaau----h;;3;;;;STR;Die Kleindichtung des Strickers;DBE;1974;1;;;;;;;;;;;;;;;
Hase und Löwe;4;Die Kleindichtung des Strickers. Gesamtausgabe in fünf Bänden. Hrsg. v. Wolfgang Wilfried Moelleken. Göppingen, 1974. (GAG 107/I-V);"Noch nicht disambiguiert.

Keine Parallelüberlieferung.  

Links zur Hs. Cologny, Fondation Martin Bodmer, Cod. Bodmer 72.

Die Groß-/Kleinschreibung entspricht aus technischen Gründen nur teilweise der Edition.";0000000000aaau----h;;3;;;;STR;Die Kleindichtung des Strickers;HAL;;;;;;;;;;;;;;;;;
Eule und Habicht;4;Die Kleindichtung des Strickers. Gesamtausgabe in fünf Bänden. Hrsg. v. Wolfgang Wilfried Moelleken. Göppingen, 1974. (GAG 107/I-V);"Noch nicht disambiguiert.

Keine Parallelüberlieferung.  

Links zur Hs. Cologny, Fondation Martin Bodmer, Cod. Bodmer 72.

Die Groß-/Kleinschreibung entspricht aus technischen Gründen nur teilweise der Edition.";0000000000aaau----h;;3;;;;STR;Die Kleindichtung des Strickers;EUH;;;;;;;;;;;;;;;;;
Der falsche Blinde;4;Die Kleindichtung des Strickers. Gesamtausgabe in fünf Bänden. Hrsg. v. Wolfgang Wilfried Moelleken. Göppingen, 1974. (GAG 107/I-V);"Noch nicht disambiguiert.

Keine Parallelüberlieferung.  

Keine Links zur Hs. Cologny, Fondation Martin Bodmer, Cod. Bodmer 72 oder 155.

Die Groß-/Kleinschreibung entspricht aus technischen Gründen nur teilweise der Edition.";0000000000aaau----h;;3;;;;STR;Die Kleindichtung des Strickers;DFB;;;;;;;;;;;;;;;;;
Der Hahn und die Perle;4;Die Kleindichtung des Strickers. Gesamtausgabe in fünf Bänden. Hrsg. v. Wolfgang Wilfried Moelleken. Göppingen, 1974. (GAG 107/I-V);"Noch nicht disambiguiert.

Keine Parallelüberlieferung.  

Links zur Hs. Cologny, Fondation Martin Bodmer, Cod. Bodmer 72.

Die Groß-/Kleinschreibung entspricht aus technischen Gründen nur teilweise der Edition.";0000000000aaau----h;;3;;;;STR;Die Kleindichtung des Strickers;DHP;;;;;;;;;;;;;;;;;
Esel;4;Die Kleindichtung des Strickers. Gesamtausgabe in fünf Bänden. Hrsg. v. Wolfgang Wilfried Moelleken. Göppingen, 1974. (GAG 107/I-V);"Noch nicht disambiguiert.

Keine Parallelüberlieferung.  

Links zur Hs. Cologny, Fondation Martin Bodmer, Cod. Bodmer 72.

Die Groß-/Kleinschreibung entspricht aus technischen Gründen nur teilweise der Edition.";0000000000aaau----h;;3;;;;STR;Die Kleindichtung des Strickers;ESL;;;;;;;;;;;;;;;;;
Predigtmärlein vom brüllenden Löwen;4;Die Kleindichtung des Strickers. Gesamtausgabe in fünf Bänden. Hrsg. v. Wolfgang Wilfried Moelleken. Göppingen, 1974. (GAG 107/I-V);"Noch nicht disambiguiert.

Keine Parallelüberlieferung.  

Links zur Hs. Cologny, Fondation Martin Bodmer, Cod. Bodmer 155.

Die Groß-/Kleinschreibung entspricht aus technischen Gründen nur teilweise der Edition.";0000000000aaau----h;;3;;;;STR;Die Kleindichtung des Strickers;PBL;;;;;;;;;;;;;;;;;
Vom Tode;4;Die Kleindichtung des Strickers. Gesamtausgabe in fünf Bänden. Hrsg. v. Wolfgang Wilfried Moelleken. Göppingen, 1974. (GAG 107/I-V);"Noch nicht disambiguiert.

Keine Parallelüberlieferung.  

Links zur Hs. Cologny, Fondation Martin Bodmer, Cod. Bodmer 72.

Die Groß-/Kleinschreibung entspricht aus technischen Gründen nur teilweise der Edition.";0000000000aaau----h;;3;;;;STR;Die Kleindichtung des Strickers;VTO;;;;;;;;;;;;;;;;;
Christus eine gebärende Frau;4;Die Kleindichtung des Strickers. Gesamtausgabe in fünf Bänden. Hrsg. v. Wolfgang Wilfried Moelleken. Göppingen, 1974. (GAG 107/I-V);"Noch nicht disambiguiert.

Keine Parallelüberlieferung.  

Links zur Hs. Cologny, Fondation Martin Bodmer, Cod. Bodmer 72.

Die Groß-/Kleinschreibung entspricht aus technischen Gründen nur teilweise der Edition.";0000000000aaau----h;;3;;;;STR;Die Kleindichtung des Strickers;CGF;;;;;;;;;;;;;;;;;
Der Ackermann aus Böhmen (Jungbluth 1969);726;Johannes von Saaz. Der Ackermann aus Böhmen. Hrsg.von Günther Jungbluth. Bd.1. Heidelberg: Winter, 1969.;"Der Text besteht aus 34 Kapiteln, alle mit einer Kapitelüberschrift. Was hier als Kap. 35 bezeichnet steht, ist der Epilog, ein lateinischer Widmungsbrief.

Lemmatisiert, nicht disambiguiert.

Die Groß-/Kleinschreibung entspricht aus technischen Gründen nur teilweise der Edition.";00000000000000cc--h;1737;121;;;Das Werk ist in insgesamt 16 Handschriften und 17 alten Drucken überliefert. Die Ausgabe hält sich in erster Linie an Hs. A(Stuttgart, Württ. Landesbibl., Cod. phil.23,2r-18rb. Verm. ostmitteldt., vollst.aus dem Jahr 1449) und Hs. H(München, Bayr.Staatsbibl.,Cod.germ.monac.579,40r-55ra. Verm. ostmitteldt. vollst. aus dem Jahr 1465. Der Epilog, ein lateinischer Widmungsbrief ist nur in einer Hs. überliefert: Freiburg i.Br., Universitätsbibl.,Cod.Frib.163,fol.96b (15. Jh.). Die anderen Hss. und Drucke sind im Apparat berücksichtigt.;;;AC1;;;;;;;;;;;;;;;;;
Aalener Stadtratsgedicht;786;"Kurt Gärtner, Das Stadtratsgedicht Heinrichs von Rang, in: Aalener Jahrbuch 1978, hrsg. vom Geschichts- und Altertumsverein Aalen, S. 45-74 

(Edition und Kommentar)

Digitale Version: Ulrich Harsch 2005

http://www.fh-augsburg.de/~harsch/germanica/Chronologie/15Jh/HeinrichAalen/hei_stat.html";"Umfasst 261 Verse beginnend mit Vers 1.

Lemmatisiert, nicht disambiguiert.

Die Groß-/Kleinschreibung entspricht aus technischen Gründen nur teilweise der Edition.";0000000000000000---;;101;;Das Stadtratsgedicht ist in einer von Konrad Bollstatter geschriebenen Handschrift überliefert, die sich jetzt in der British Library in London (MS. Add. 16581) befindet.;;;;ASG;1978;0;;;;;;;;;;;;;;;
Unser vrouwen hinvart;827;"Konrad von Heimesfurt.""Unser vrouwen hinvart"" und ""Diu urstende"". Mit Verwendung der Vorarbeiten von Werner Fechter hrsg. v. Kurt Gärtner und Werner J. Hoffmann. Tübingen: Niemeyer, 1989.S.1-52.(= ATB Bd. 99)";"Besteht aus insg. 1210 Verszeilen mit einer Zeile Überschr.

Lemmatisiert, nicht disambiguiert.

Die Groß-/Kleinschreibung entspricht aus technischen Gründen nur teilweise der Edition.";00000000000000----h;;4;;Als Quelle diente Konrad der um 400 verfasste lateinische 'Transitus Mariae', und zwar zum größten Teil der sogen. 'Transitus B' und für die Thomas-Episode der 'Transitus A'. Als wichtigste Nebenquelle hat Konrad die Bibel herangezogen.;"Das Werk ist vollst. in 4 Hss. (A,B,C,I)überliefert. Dazu kommen noch Bruchstücke in 6 weiteren Hss. (D,E,F,G,H,K), von denen F fast die Hälfte des Textses enthält.

A = Donaueschingen, Fürstl. Fürstenberg. Hofbibl., Cod. 74,  2. Viertel d. 14. Jh., 2 Sp., S.118b-129a.

B = Berlin, Staatsbibl. Preuß. Kulturbes., Ms. germ.fol.20, Bl.89ra-94vb, Mitte 15. Jh. Straßbg.

C = Graz, Unibibl., Cod. 781, Bl. 1r-70v, Psalterium aus der 1.H. d. 13.Jh. mit Nachtrag der 'hinvart', jeweils 3 Zeilen auf dem oberen Rand durch eine weibl. Hand. 

I = Seitenstetten, Stiftsbibl., Cod91,Bl.169r-186v., 1.Hälfte 14. Jh.

D = I.Salzburg Unibibl., Cod.M II 58, vollst. erh.

    II. München, Bair. Staatsbibl., Cgm 5249/71 Außenrand und Teil des Textes weggeschnitten.

E = Frankfurt, ehem. i.Bes. von Joseph Baer & Co. jetzt verschollen.

F = Luzern, Provinzarchiv d. Kapuziner, Nachl. P.Adalbert Wagner, letztes Viertel 13. Jh.";;;HIN;1989;1;;;;;;;;;;;;;;;
Die Frauentreue;;Novellistik des Mittelalters. Märendichtung. Hrsg, übers. und kommentiert von Klaus Grubmüller. Frankfurt/Main: Dt. Klassiker Verl., 1996. S. 470-490. (= Bibl. d. Mittelalters, Bd. 23);"Besteht aus 390 Verszeilen mit zwei Zeilen Überschrift.

Lemmatisiert, nicht disambiguiert.

Die Groß-/Kleinschreibung entspricht aus technischen Gründen nur teilweise der Edition.";000000000000000---h;;244;;Das Gedicht ist anonym überliefert. Wahrscheinlich im letzten Jahrzehnt des 13. Jh. im mitteldeutschen Raum entstanden.;"Das Werk ist in zwei großen Sammelhss. für Kleinepik des 14. Jh. und zwei Sammelhss. d. 15. Jh. enthalten, außerdem in einem Fragment einer Sammelhs. und in einer unspezifischen Sammlung.

H = 1. Viertel 13. Jh. NW-Böhmen/ Oberfranken, Bl.137va-140rb.

K = 1. Viertel 13.Jh. NW-Böhmen/ Oberfranken, Abschrift aus H. Bl. 138vb-141rb.

l = ""Liedersaal-Hs."" um 1430/33 Oberschwaben, Bl.10rb-13ra.

m = 1455-1458, nordbair.-ostfränk.[Nürnberg?], Bl.137v-147v.

B(alpha) = um 1350 ostmdt., Bl. 2ra-3vb.";NDM;;DFT;1996;1;;;;;;;;;;;;;;;
Der Jüngling;806;Konrad von Haslau: Der Jüngling. Nach der Heidelberger Hs. Cpg. 341 mit den Lesarten der Leipziger Hs. 946 und der Kolocsaer Hs. (Cod. Bodmer 72). Hrsg. v. Walter Tauber. Tübingen: Max Niemeyer 1984. (=ATB, Bd. 97);"Besteht aus insges. 1264 Verszeilen mit einer Zeile Überschrift. Hochgestellte 'e' wurde nach ie,ue,oe etc. aufgelöst.

Lemmatisiert, nicht disambiguiert.

Die Groß-/Kleinschreibung entspricht aus technischen Gründen nur teilweise der Edition.";00000000000000----h;;101;;Der Hinweis auf den Verfasser stammt aus dem sogen. 'Seifried Helbling', der seinerseits zwischen 1292 und 1294 entstanden ist. Deshalb liegt wahrscheinlich die Entstehungszeit des Werkes um 1277-1283. Der Verfasser war wohl Österreicher wie der Verf. des 'Seifried Helbling'.;"Der Text basiert auf der Hs. H ohne Normalisierung mit Lesarten der anderen Hss.

H = Heidelberg Unibibl., cpg. 341, um 1320/30, mitteldt.(Südböhmen), Bl. 123ra-131ra.

K = Cologny-Genève, Bibliotheca Bodmeriana, Cod. Bodmer 72, früher Kolocsa, Erzbischöfl. Bibl., Ms. 1, um 1320-1330, mitteldt.(Südböhmen), Bl.124rb-132ra.

L = Liepzig, Unibibl., Ms.946, Anfang 14.Jh. mitteldt., Bl.64vb-65v.";;;JUN;1984;1;;;;;;;;;;;;;;;
Der Bildschnitzer von Würzburg;907;Novellistik des Mittelalters. Märendichtung. Hrsg, übers. und kommentiert von Klaus Grubmüller. Frankfurt/Main: Dt. Klassiker Verl., 1996. S. 928-934. (= Bibl. d. Mittelalters, Bd. 23);Die Groß-/Kleinschreibung entspricht aus technischen Gründen nur teilweise der Edition.;000000000000000---h;;3;;Lemmatisiert, nicht disambiguiert. Ligatur nach oe aufgelöst.;;NDM;;DBW;;;;;;;;;;;;;;;;;
Disputation mit einem Juden;907;Novellistik des Mittelalters. Märendichtung. Hrsg, übers. und kommentiert von Klaus Grubmüller. Frankfurt/Main: Dt. Klassiker Verl., 1996. S. 978-1000. (= Bibl. d. Mittelalters, Bd. 23);Die Groß-/Kleinschreibung entspricht aus technischen Gründen nur teilweise der Edition.;000000000000000---h;;3;;"Besteht aus 406 Verszeilen beginnend mit Vers 1.

Lemmatisiert, nicht disambiguiert.";;NDM;;DIS;;;;;;;;;;;;;;;;;
Von einem varnden Schuler;907;Novellistik des Mittelalters. Märendichtung. Hrsg, übers. und kommentiert von Klaus Grubmüller. Frankfurt/Main: Dt. Klassiker Verl., 1996. S. 916-926. (= Bibl. d. Mittelalters, Bd. 23);"Besteht aus 188 Verszeilen beginnend mit Vers 1.

Lemmatisiert, nicht disambiguiert.

Die Groß-/Kleinschreibung entspricht aus technischen Gründen nur teilweise der Edition.";000000000000000---h;;3;;;;NDM;;DFS;;;;;;;;;;;;;;;;;
Die Tinte;907;Novellistik des Mittelalters. Märendichtung. Hrsg, übers. und kommentiert von Klaus Grubmüller. Frankfurt/Main: Dt. Klassiker Verl., 1996. S. 936-942. (= Bibl. d. Mittelalters, Bd. 23);"Besteht aus 114 Verszeilen beginnend mit Vers 1.

Lemmatisiert, nicht disambiguiert.

Die Groß-/Kleinschreibung entspricht aus technischen Gründen nur teilweise der Edition.";000000000000000---h;;3;;;;NDM;;TIN;;;;;;;;;;;;;;;;;
Drei listige Frauen;927;Novellistik des Mittelalters. Märendichtung. Hrsg, übers. und kommentiert von Klaus Grubmüller. Frankfurt/Main: Dt. Klassiker Verl., 1996. S. 840-870. (= Bibl. d. Mittelalters, Bd. 23);"Besteht aus 560 Verszeilen beginnend mit Vers 1.

Lemmatisiert, nicht disambiguiert.

Die Groß-/Kleinschreibung entspricht aus technischen Gründen nur teilweise der Edition.";0000000000000000---;;3;;"Entstehung Ende 14. Jh. Nur in einer Hs. überliefert:

München, Bayr. Staatsbibl, cgm 270, Faszikel 2 = Bl. 321r-331v.";Edition folgt folgt dem von Sappler (Kaufringer I, S. 116-130) orthograf. regulierten und um Fehler bereinigten Text der Hs. [Heinrich Kaufringer. Werke. Hrsg. v. Paul Sappler, 2 Bde., Tübingen 1972-74];NDM;Novellistik des Mittelalters;DLF;1996;1;;;;;;;;;;;;;;;
Die Rache des Ehemannes;927;Novellistik des Mittelalters. Märendichtung. Hrsg, übers. und kommentiert von Klaus Grubmüller. Frankfurt/Main: Dt. Klassiker Verl., 1996. S. 738-766. (= Bibl. d. Mittelalters, Bd. 23);"Besteht aus 516 Verszeilen beginnend mit Vers 1.

Lemmatisiert, nicht disambiguiert.

Die Groß-/Kleinschreibung entspricht aus technischen Gründen nur teilweise der Edition.";0000000000000000---;;244;;"Entstehung Ende 14. Jh. Nur in einer Hs. überliefert:

München, Bayr. Staatsbibl, cgm 270, Faszikel 2 = Bl. 339-349.";Edition folgt folgt dem von Sappler (Kaufringer I, S. 140-153) orthograf. regulierten und um Fehler bereinigten Text der Hs. [Heinrich Kaufringer. Werke. Hrsg. v. Paul Sappler, 2 Bde., Tübingen 1972-74];NDM;Novellistik des Mittelalters;DRE;1996;1;;;;;;;;;;;;;;;
Hugo von Montfort;887;"Hugo von Montfort. Das poetische Werk. Hrsg. v. Wernfried Hofmeister. Mit einem Melodie-Anhang von Agnes Grond. Berlin/New York: DeGruyter, 2005.

Ein digitaler Text wurde von Wernfried Hofmeister zur Verfügung gestellt.";"Bestehend aus 40 Einheiten, die Hugo selbst nach ""Reden, Briefen und Tageweisen"" unterscheidet. Hier ohne die Streuüberlieferung und den Melodie-Anhang.



Bei dem Tagelied Nr.15 wurde in der Ausgabe ab V. 145 ein Vers ausgelassen, d.h. V. 145 = V. 146, usw.

Lemmatisiert, nicht disambiguiert.

Die Groß-/Kleinschreibung entspricht aus technischen Gründen nur teilweise der Edition.";0000000000000dd---k;;5;;Vom Dichter selbst noch  1413 in Auftrag gegebener Heidelberger Prachtcodex.;"Edition basiert auf der Haupthandschrift:

H = Heidelberger Universitätsbibliothek, Cod.pal.germ. 329. Pergam. und Papier 1413/14-23.

Streuüberlieferung:



B = Staatsbibl. Preuß. Kulturbesitz, ms. germ. 757/fol.21; Pergamentbl. um 1400 enth. 5/Vers 225-337.



C = Colmar, Bibliothèque de la Ville, Ms. 84; Sammelhs. 1462/64 enth. 14(126rv); 25(126v-128r).



V = Vorau, Augustiner-Chorherrenstift, Hs. 389; Sammelhs. 15. Jh. enth. 14(170r-171r).";;;HUG;;;;;;;;;;;;;;;;;
Friedrich von Sonnenburg;826;Die Sprüche Friedrichs von Sonnenburg. Hg. v. Achim Masser. Tübingen:Niemeyer, 1979. (= ATB Bd. 86);Die Groß-/Kleinschreibung entspricht aus technischen Gründen nur teilweise der Edition.;000000000000000ss--;;5;Die Sprüche;"Die Ausgabe bringt alle 73 überlieferten Strophen.

Lemmatisiert, aber nicht disambiguiert.";"Die Edition orientiert sich an J als der Leithandschrift.



J = Jenaer Liederhandschrift, Bl. 63v-72v. Enth. insges. 63 Strophen.

C = Cod.Pal.Germ. 848, Groß Heidelberger Liederhs., Bl. 407r Bild und Wappen; Bl. 407v-409r, 26 Str. Dazu Bl. 389r, Str. 91 des Konrad von Würzburg Zugewiesenen (= J 11).

H = Cod.Pal.Germ. 350,2.T. Bl.43ra-44ra. 5 Str.

a = Cod.Pal.Germ. 357,Kleine Hdbg. Liederhs., Anh. Bl.43v-44v, 10 Str.

G = Cod. Sangall. 857, S. 693, 5 Str.

E = Unibibl. München, 2o Cod.ms.731, Würzburger Liederhs., B. 226ra, 1 Str.";;;FVS;1979;0;;;;;;;;;;;;;;;
Der Schalk und die beiden Könige;4;Die Kleindichtung des Strickers. Gesamtausgabe in fünf Bänden. Hrsg. v. Wolfgang Wilfried Moelleken. Göppingen, 1974. (GAG 107/I-V);"Noch nicht disambiguiert.

Keine Parallelüberlieferung.  

Links zur Hs. Cologny, Fondation Martin Bodmer, Cod. Bodmer 72.

Die Groß-/Kleinschreibung entspricht aus technischen Gründen nur teilweise der Edition.";0000000000aaau----h;;3;;;;STR;Die Kleindichtung des Strickers;SBK;;;;;;;;;;;;;;;;;
Diu Crone;867;"Heinrich von dem Türlin. Die Krone (Verse 1 -12281). Nach der Handschrift 2779 der Österreichischen Nationalbibliothek nach Vorarbeiten von Alfred Ebenbauer, Klaus Zatloukal und Horst Pütz. Hrsg. von Fritz Peter Knapp und Manuela Niesner. Tübingen: Niemeyer, 2000 (= ATB Nr. 112)

Heinrich von dem Türlin. Die Krone (Verse 12281 - 30042). Nach der Handschrift Cod. Pal. germ. 374 der Universitätsbibliothek Heidelberg nach Vorarbeiten von Fritz Peter Knapp und Klaus Zatloukal. Hrsg. von Alfred Ebenbauer und Florian Kragl. Tübingen: Niemeyer, 2005 (= ATB Nr. 118)";"Die beiden Bände wurden zusammengelegt und die zehn Verse,am Anfang von Bd. 2, die mit dem Ende des ersten Bandes übereinstimmen gelöscht. Der Text enthält Einschübe. Manche Sonderzeichen konnten nicht übernommen werden. Hochgestellte o und e wurden als uo und ae, etc. umgesetzt. Die Ligatur von oe wurde aufgelöst.

Lemmatisiert, aber noch nicht disambiguiert.

Die Edition weist an zwei Stellen Unregelmäßigkeiten in der Verszählung auf, was dazu führt, dass die Zählung der MHDBDB zwischen V.7475 und V.7534 um 1 voraus ist.

Die Groß-/Kleinschreibung entspricht aus technischen Gründen nur teilweise der Edition.";000000000000-----ii;;16;;;"Als Leithandschrift dienen V für Bd. 1 und P für Bd. 2 ab Vers 12282.

V = Wien, Codex 2779 der Österreichischen Nationalbibliothek, erstes Viertel 14. Jh.; Blatt 131ra-170vc. Das Fragment enth. Vers 1-12281.

D = Linz, Oberösterr. Landesarchiv, Sch 3 II/4e, Fragment.

P = Cod. Pal. germ. 374 der Universitätsbibliothek Heidelberg, 1479, südrheinfrk., Fragment; enth. Verse 1-5911;11957-17109;5912-11956; 17110-Ende.

G = Berlin, Staatsbibl. Preuss. Kulturbesitz, Ms. Germ. in folio 923,9, 1 Bl., Ende 13. Jh. urspr. Schwäbisch Hall.

g = verschollener Teil des Fragments G, benfalls aus Schwäbisch Hall.

K = Kiel, Universitätsbibliothek, MS.K.B.48i,ca. Mitte 14. Jh.; 1 Pergam. Doppelbl. Verse 5922-6001; 6002-6081; 6404-6483;6484-6564.

Kÿ¶ = Kÿ¶ln, Universitäts- und Staatsbibl., S P 62, 1. Hälfte 14. Jh. ostfr.-mitteldt. 1 Bl. Perg. enth. Verse 19304-19349; 19359-19403;19415-19459;19471-19516.";;;CRO;;;;;;;;;;;;;;;;;
Kölner Fechtbuch;;"Matthias Johannes Bauer. Langes Schwert und Schweinespiess. Die anonyme Fechthandschrift aus den verschütteten Beständen des historischen Archivs der Stadt Köln. Graz: ADEVA, 2009.

Eine digitale Vorlage wurde von Herrn Bauer zur Verfügung gestellt.";"Bestehend aus 5 Traktaten, beginnend mit Seite 118 und endend mit S. 132.

Lemmatisiert, nicht disambiguiert.

Die Groß-/Kleinschreibung entspricht aus technischen Gründen nur teilweise der Edition.";00000000000000ppp--;;224;;Die 5 Traktate zur Unterweisung in unterschiedlichen Waffengattungen sind nur in einer einzigen Papierhandschrift aus dem ersten Drittel des 16. Jahrhunderts überliefert.;;;;KFB;;;;;;;;;;;;;;;;;
Der fünfmal getötete Pfarrer;907;Novellistik des Mittelalters. Märendichtung. Hrsg, übers. und kommentiert von Klaus Grubmüller. Frankfurt/Main: Dt. Klassiker Verl., 1996. S. 898-914. (= Bibl. d. Mittelalters, Bd. 23);"Besteht aus 308 Verszeilen beginnend mit Vers 1.

Lemmatisiert, nicht disambiguiert.

Die Groß-/Kleinschreibung entspricht aus technischen Gründen nur teilweise der Edition.";000000000000000---h;;3;;"Enstehung nicht genau datierbar innerhalb der Lebensspanne Rosenplüts.

In zwei Hss. überliefert:

h = um 1490 in Nordbayern[Nürnberg?]; Hamburg, S. 99-115.

w = zwischen 1466 und 1483 in Nordbayern[Nürnberg?]; Weimar Codex Q 568, S. 56-64.";Die Edition folgt der von Hanns Fischer auf der Grundlage von h mit Fehlerkorrekturen aus w erstellten Ausgabe. Einige Eingriffe sind rückgängig gemacht. [Die deutsche Märendichtung des 15. Jahrhunderts. Hrsg. von Hanns Fischer, München 1966.;NDM;;FGP;1996;1;;;;;;;;;;;;;;;
Der feige Ehemann;927;Novellistik des Mittelalters. Märendichtung. Hrsg, übers. und kommentiert von Klaus Grubmüller. Frankfurt/Main: Dt. Klassiker Verl., 1996. S. 720-736. (= Bibl. d. Mittelalters, Bd. 23);"Besteht aus 296 Verszeilen beginnend mit Vers 1.

Lemmatisiert, nicht disambiguiert.

Die Groß-/Kleinschreibung entspricht aus technischen Gründen nur teilweise der Edition.";0000000000000000---;;244;;"Entstehung Ende 14. Jh. Nur in einer Hs. überliefert:

München, Bayr. Staatsbibl, cgm 270, Faszikel 2 = Bl. 234-388.";Edition folgt folgt dem von Sappler (Kaufringer I, S. 73-80) orthograf. regulierten und um Fehler bereinigten Text der Hs. [Heinrich Kaufringer. Werke. Hrsg. v. Paul Sappler, 2 Bde., Tübingen 1972-74];NDM;Novellistik des Mittelalters;DFE;;;;;;;;;;;;;;;;;
Die Suche nach dem glücklichen Ehepaar;927;Novellistik des Mittelalters. Märendichtung. Hrsg, übers. und kommentiert von Klaus Grubmüller. Frankfurt/Main: Dt. Klassiker Verl., 1996. S. 768-796. (= Bibl. d. Mittelalters, Bd. 23);"Besteht aus 506 Verszeilen beginnend mit Vers 1.

Lemmatisiert, nicht disambiguiert.

Die Groß-/Kleinschreibung entspricht aus technischen Gründen nur teilweise der Edition.";0000000000000000---;;3;;"Entstehung Ende 14. Jh. Nur in einer Hs. überliefert:

München, Bayr. Staatsbibl, cgm 270, Faszikel 2 = Bl. 302r-311v.";Edition folgt folgt dem von Sappler (Kaufringer I, S. 92-104) orthograf. regulierten und um Fehler bereinigten Text der Hs. [Heinrich Kaufringer. Werke. Hrsg. v. Paul Sappler, 2 Bde., Tübingen 1972-74];NDM;Novellistik des Mittelalters;SGE;;;;;;;;;;;;;;;;;
Die unschuldige Mörderin;927;Novellistik des Mittelalters. Märendichtung. Hrsg, übers. und kommentiert von Klaus Grubmüller. Frankfurt/Main: Dt. Klassiker Verl., 1996. S. 798-838. (= Bibl. d. Mittelalters, Bd. 23);"Besteht aus 763 Verszeilen beginnend mit Vers 1.

Lemmatisiert, nicht disambiguiert.

Die Groß-/Kleinschreibung entspricht aus technischen Gründen nur teilweise der Edition.";0000000000000000---;;3;;"Entstehung Ende 14. Jh. Nur in einer Hs. überliefert:

München, Bayr. Staatsbibl, cgm 270, Faszikel 2 = Bl. 349v-363v.";Edition folgt folgt dem von Sappler (Kaufringer I, S. 154-173) orthograf. regulierten und um Fehler bereinigten Text der Hs. [Heinrich Kaufringer. Werke. Hrsg. v. Paul Sappler, 2 Bde., Tübingen 1972-74];NDM;Novellistik des Mittelalters;DUM;1996;1;;;;;;;;;;;;;;;
Der Ritter unter dem Zuber;947;Novellistik des Mittelalters. Märendichtung. Hrsg, übers. und kommentiert von Klaus Grubmüller. Frankfurt/Main: Dt. Klassiker Verl., 1996. S. 544-564. (= Bibl. d. Mittelalters, Bd. 23);"Besteht aus 396 Verszeilen beginnend mit Vers 1.

Lemmatisiert, nicht disambiguiert.

Die Groß-/Kleinschreibung entspricht aus technischen Gründen nur teilweise der Edition.";000000000000000---h;;3;;"In vier Hss.überliefert:

S = Straßburger Hs. (um 1330/1350); Bl. 8vb-11vb. 1870 verbrannt.

m = nordbair.-ostfr. [Nürnberg?]; 1462-1482. Bl. 110v-120r.

n = Nürnberg; 1471-1473; B. 207r-217r.

b = Bremen, Staats- und Unibibl., Ms. b42b; Beginn 15. Jh.; Bl. 119r-125r.";Basiert auf der Straßburger Hs., die 1870 verbrannte, aber in einem Abdruck (Christoph Heinrich Myller(Hrsg.). Sammlung deutscher Gedichte aus dem XII., XIII und XIV. Jahrhundert, Bd. 1. o.O. [Berlin] 1784.) erhalten ist.;NDM;Novellistik des Mittelalters;RUZ;;;;;;;;;;;;;;;;;
Der Sperber;;Novellistik des Mittelalters. Märendichtung. Hrsg, übers. und kommentiert von Klaus Grubmüller. Frankfurt/Main: Dt. Klassiker Verl., 1996. S. 568-588. (= Bibl. d. Mittelalters, Bd. 23);"Besteht aus 370 Verszeilen beginnend mit Vers 1.

Lemmatisiert, nicht disambiguiert.

Die Groß-/Kleinschreibung entspricht aus technischen Gründen nur teilweise der Edition.";000000000000000---h;;3;;"Enstehung in der ersten Hälfte des 13. Jh. im nördlichen Alemannien. Mit 11 Textzeugen reichhaltig überliefert, besonders häufig im 14. Jh. Die wichtigsten Hss.:

H = 1. Viertel 14. Jh.; Nordwestböhmen/Oberfr.; Bl. 343vb-346ra.

K = 1. Viertel 14. Jh.; Nordwestböhmen/Oberfr.; Bl.255va-257vb.";"Edition folgt mit einigen Korrekturen der Ausg. von Niewöhner.

Heinrich Niewöhner. Der Sperber und verwandte mhd. Novellen. Berlin 1913.";NDM;Novellistik des Mittelalters;SPW;;;;;;;;;;;;;;;;;
Das Gänslein;;Novellistik des Mittelalters. Märendichtung. Hrsg, übers. und kommentiert von Klaus Grubmüller. Frankfurt/Main: Dt. Klassiker Verl., 1996. S. 648-664. (= Bibl. d. Mittelalters, Bd. 23);"Besteht aus 290 Verszeilen beginnend mit Vers 1.

Lemmatisiert, nicht disambiguiert.

Die Groß-/Kleinschreibung entspricht aus technischen Gründen nur teilweise der Edition.";000000000000000---h;;3;;"Entstehung in der 2. Hälfte des 13. Jh. im alemannischen Gebiet. In 6 Märenhss. überliefert.

H = 1. Viertel 14. Jh. in Nordwestböhmen/Oberfranken; Heidelberg, Bl. 349rb-351ra.

K =  1. Viertel 14. Jh. in  Nordwestböhmen/Oberfranken; Karlsruhe, Bl. 332ra-333vb.

E = um 1350 in Würzburg; München, Bl. 91va-93vb.

w = 1393 in Innsbruck; Wien, Bl. 45rb-47rb.

i = 1456 in Tirol; Innsbruck, Bl.29ra-31ra.

k = 1430/1435 in Nordschwaben; Karlsruhe, Bl.46ra-48rb.";Edition basiert auf E mit normalisierter Orthografie.;NDM;Novellistik des Mittelalters;GSL;;;;;;;;;;;;;;;;;
Das Nonnenturnier;;Novellistik des Mittelalters. Märendichtung. Hrsg, übers. und kommentiert von Klaus Grubmüller. Frankfurt/Main: Dt. Klassiker Verl., 1996. S. 944-976. (= Bibl. d. Mittelalters, Bd. 23);"Besteht aus 602 Verszeilen beginnend mit Vers 1.

Lemmatisiert, nicht disambiguiert.

Die Groß-/Kleinschreibung entspricht aus technischen Gründen nur teilweise der Edition.";000000000000000---h;;244;;;;NDM;Novellistik des Mittelalters;DNT;1996;1;;;;;;;;;;;;;;;
Des Mönches Not;948;Novellistik des Mittelalters. Märendichtung. Hrsg, übers. und kommentiert von Klaus Grubmüller. Frankfurt/Main: Dt. Klassiker Verl., 1996. S. 666-694. (= Bibl. d. Mittelalters, Bd. 23);"Besteht aus 544 Verszeilen beginnend mit Vers 1.

Lemmatisiert, nicht disambiguiert.

Die Groß-/Kleinschreibung entspricht aus technischen Gründen nur teilweise der Edition.";000000000000000---h;;3;;"Entsehung vor 1325.

H = 1. Viertel 14. Jh. in Nordwestböhmen/Oberfranken; Bl. 141rb-144rb.

K = 1. Viertel 14. Jh. in Nordwestböhmen/Oberfranken (Abschrift aus H); Bl. 142rb-145ra.

B = um 1350 ostmitteldt; Fragmente.

k = zwischen 1430 und 1435 in Nordschwaben; Bl. 155vb-159vb.

l = (""Liedersaal Hs."") um 1430/33 in Oberschwaben; Bl. 134rb-137va.

m = 1501 bis nach 1510 in Regensburg; Bl. 125r-130r; V. 1-316.";Edition richtet sich nach HK mit normalisierter Orthografie.;NDM;Novellistik des Mittelalters;DMN;1996;1;;;;;;;;;;;;;;;
Der Mönch als Liebesbote (A);;Novellistik des Mittelalters. Märendichtung. Hrsg, übers. und kommentiert von Klaus Grubmüller. Frankfurt/Main: Dt. Klassiker Verl., 1996. S. 124-142. (= Bibl. d. Mittelalters, Bd. 23);"Besteht aus 346 Reimpaarstrophen.



Lemmatisiert, nicht disambiguiert.

Die Groß-/Kleinschreibung entspricht aus technischen Gründen nur teilweise der Edition.";000000000000000---h;;3;;Die Zuweisung des Gedichts an Konrad von Würzburg in der letzten Verszeile ist höchstwahrscheinlich eine Fälschung. Entstanden ist das Werk frühestens um 1400. Die Geschichte ist unabhängig noch weitere Male überliefert. Siehe 'Der Mönch als Liebesbote (B)' von Heinrich Kaufringer (um 1400)und Der Mönch als Liebesbote (C) von Hans Schneeberger (Ende 15. Jh.);Das Werk ist nur in der Hs. m = (1455-1458)im nordbair.-ostfr. Raum [Nürnberg?], Bl. 214v-222r,überliefert.;NDM;;MLB;;;;;;;;;;;;;;;;;
Der Ritter von Staufenberg;848;Der Ritter von Staufenberg. Hrsg. v. Eckhard Grunewald. Tübingen: Max Niemeyer, 1979. (= ATB 88);"Besteht aus 1192 Verszeilen beginnend mit V.1. Enth. Ueberschriften.

Lemmatisiert, nicht disambiguiert.



Die Groß-/Kleinschreibung entspricht aus technischen Gründen nur teilweise der Edition.";00000000000000----h;;3;;ca. 1310 entstanden.;"Edition basiert auf der Fassung s = Hs. B94 der ehem. Johanniter-Bibl. Strassburg ca. 1430/40 (1870 verbrannt), durch den Abdruck von Moriz Engelhardt 1823 erhalten.

Hs. b = Bristoler Fragm. um 1380 (im Privatbesitz von Prof. A. Closs, University of Bristol)

d1 = Druck Johann Pr d. Aelteren, Strassburg, um 1483.";;;RVS;;;;;;;;;;;;;;;;;
Diu urstende;827;"Konrad von Heimesfurt.""Unser vrouwen hinvart"" und ""Diu urstende"". Mit Verwendung der Vorarbeiten von Werner Fechter hrsg. v. Kurt Gärtner und Werner J. Hoffmann. Tübingen: Niemeyer, 1989. S. 53-129.(= ATB Bd. 99)";"Besteht aus 2162 Verszeilen mit einer Zeile Überschrift.

Lemmatisiert, nicht disambiguiert.

Die Groß-/Kleinschreibung entspricht aus technischen Gründen nur teilweise der Edition.";00000000000000----h;;4;;Hauptquelle war das lateinische apokryphe 'Evangelium Nicodemi', dessen Inhalt Konrad im Prolog zusammenfasst (53-68) und als dessen Verfasser er einen Juden namens Eneas (54) nennt. Dieses Werk war wiederum aus den 'Gesta Pilati' und dem 'Descensus' gebildet. Von dem 'E.N.' gab es zwei Fassungen (A und B). Konrad benutzte wahrscheinlich B, von der man bislang nur ca. ein dutzend Hss. kennt.;"Das Werk ist nur in einer Hs.(V) vollständig überliefert. Etwa ein Drittel des Textes ist in 5 Hss.(W,G,Ms,Ws,Gz) der Weltchronik Heinrichs von München erhalten.

V = Wien Österr. Nationalbibl.,um 1300, Cod. 2696, Bl. 20vb-35ra, 

W = Wolfenbüttel, Herzog-August-Bibl., spätes 14. Jh., Cod.Guelf.1.5.2. Aug.fol. 3 Sp. ab Bl. 252v. 

G = Gotha. Forschungsbibl., 1398 beendet, Cod.Chart, A3; 3 Sp. eingef. in Gundackers von Judenburg 'Christi Hort', Bl.226rc-232rc.

Ms = München, Bair. Staatsbibl., Cgm 7330 (Cim 314)('Runkelsteiner Hs.'), 1394 beendet; 3 Sp. 248va-253vb und 263rc-264ra, Exzerpte.

Ws = Wolfenbüttel, Herzog-August-Bibl., spätes 14. Jh., Cod.Guelf.1.16. Aug.fol. 2 Sp., 1399 beendet. Bl. 174vb-184ra und 202va-204vb Exzerpte.

Gz = Graz, Unibibl., Cod. 470, 2 Sp., 1415 beendet, 232ra-rb;226rc-vb;232rc Exzerpte.";;;URS;1989;1;;;;;;;;;;;;;;;
Aristoteles und Phyllis;;Novellistik des Mittelalters. Märendichtung. Hrsg, übers. und kommentiert von Klaus Grubmüller. Frankfurt/Main: Dt. Klassiker Verl., 1996. S. 492-522. (= Bibl. d. Mittelalters, Bd. 23);"Besteht aus 554 Verszeilen beginnend mit Vers 1.

Lemmatisiert, nicht disambiguiert.

Die Groß-/Kleinschreibung entspricht aus technischen Gründen nur teilweise der Edition.";000000000000000---h;;3;;Entstehung in beiden letzten Jahrzehnten des 13. Jhs. vermutlich am Oberrhein.;"In drei Hss. überliefert. Eine davon ist verbrannt und nur in einem alten Abdruck erhalten, die andere ist aus der Regensburger Jesuiterbibl. ohne signatur ist verschollen, und nur einzelne Lesarten sind davon erhalten.

S = Elsass um 1330/1350 (1870 verbrannt) Abdruck: Myller, Sammlg. dt. Gedichte III, S. XVII-XXI.

k = Nordschwaben 1430-35. Bl. 83ra-87vb. Abdruck: Schmid, codex Karlsruhe 408, S. 348-362.";NDM;;AUP;1996;1;;;;;;;;;;;;;;;
Schrätel und Wasserbär;;Novellistik des Mittelalters. Märendichtung. Hrsg, übers. und kommentiert von Klaus Grubmüller. Frankfurt/Main: Dt. Klassiker Verl., 1996. S. 698-716. (= Bibl. d. Mittelalters, Bd. 23);"Besteht aus 352 Verszeilen beginnend mit Vers 1.

Lemmatisiert, nicht disambiguiert.

Die Groß-/Kleinschreibung entspricht aus technischen Gründen nur teilweise der Edition.";000000000000000---h;;3;;"Enstanden Ende 13. Jh. Nur in einer Hs. berliefert:

H = 1. Viertel 14. Jh. in Nordwestböhmen/Oberfranken; Bl. 371ra-372va, 370r(V. 313-352=Schluss).";Edition richtet sich nach der Hs. mit orthografischer Normalisierung.;NDM;Novellistik des Mittelalters;SUW;;;;;;;;;;;;;;;;;
Die drei Mönche zu Kolmar;1007;Novellistik des Mittelalters. Märendichtung. Hrsg, übers. und kommentiert von Klaus Grubmüller. Frankfurt/Main: Dt. Klassiker Verl., 1996. S. 874-896. (= Bibl. d. Mittelalters, Bd. 23);"Besteht aus 404 Verszeilen beginnend mit Vers 1.

Lemmatisiert, nicht disambiguiert.

Die Groß-/Kleinschreibung entspricht aus technischen Gründen nur teilweise der Edition.";0000000000000000---;;3;;"Enstanden im 14. Jh. Die Autorenangabe 'Niemand' muss als Pseudonym verstanden werden. Nur in einer Hs. überliefert:

l = ""Liedersaal-Hs."" um 1430/33 in Oberschwaben; Bl. 41vb-44rb.";Edition hält sich an die Hs. mit einigen Verbesserungen und normalisierter Ortografie.;NDM;Novellistik des Mittelalters;DDM;;;;;;;;;;;;;;;;;
Werner von Elmendorf;847;Wernher von Elmendorf. Unter Mitarb. von Udo Gerdes et al, hrsg. v. Joachim Bumke. Tübingen: Niemeyer, 1974(= ATB Nr. 77).;"Fragment, bestehend aus 1209 Versen beginnend mit V. 1; bricht ab mit V. 1209.

Das Negationspartikel ""in"", das in der Ausgabe zumeist getrennt vom Verb steht, wurde zum Zweck der besseren Lemmatisierung mit dem Verb verbunden. Beispiel: 'in ist' = 'inist'.

Alle Emendationen und Eingriffe des Herausgebers erscheinen kursiv. Einige vom Hrsg. nur mit '++' markierte fehlende Endungen wurden ergänzt. Das vollständige Wort erscheint kursiv.

Lemmatisiert, nicht disambiguiert.

Die Groß-/Kleinschreibung entspricht aus technischen Gründen nur teilweise der Edition.";000000000000000----;;3;;Entstanden vermutlich um 1170. Basiert auf einem lateinischen Moraltraktat.;"Der Text beruht auf Hs. A, einer flüchtigen Abschrift, die den größten Teil des erhaltenen Werkes enthält. Verbesserungen und Ergänzungen wurden auf der Basis des viel kleineren Fragments der Hs.B vorgenommen, die viell. noch unter Aufsicht des Autors entstanden ist.

A = Klosterneuburg, MS 1056,14.Jh., Bl.1-10(f.65-74).

B = Berlin, Staatsbibl. Preuß. Kulturbes., Ms.germ.oct.226. 4 Blätter überliefern 130 Verse vollst. und Reste von 4 weiteren.";;;WVE;;;;;;;;;;;;;;;;;
Die jüngere Judith;;Die jüngere Judith aus der Vorauer Handschrift. Kritisch hrsg. von Hiltgunt Monecke. Tübingen: Niemeyer 1964. (ATB Nr. 61);"Betseht aus 1821 Versen beginnend mit V. 1.

Lemmatisiert, nicht disambiguiert.

Die Groß-/Kleinschreibung entspricht aus technischen Gründen nur teilweise der Edition.";000000000000000----;;4;;;;;;JUD;;;;;;;;;;;;;;;;;
Das Rädlein;949;Novellistik des Mittelalters. Märendichtung. Hrsg, übers. und kommentiert von Klaus Grubmüller. Frankfurt/Main: Dt. Klassiker Verl., 1996. S. 618-646. (= Bibl. d. Mittelalters, Bd. 23);"Besteht aus 554 Verszeilen beginnend mit Vers 1.

Lemmatisiert, nicht disambiguiert.

Die Groß-/Kleinschreibung entspricht aus technischen Gründen nur teilweise der Edition.";000000000000000---h;;3;;Entstanden im ostmitteldeutschen Raum in der zweiten Hälfte des 13. Jahrhunderts. Nur in drei Märenhss. überliefert, eine davon Fragment.;"Die Ausgabe basiert auf dem Text der Heidelberger Hs.

H = Heidelberger Hs.; 1. Viertel des 14. Jhs. Nordböhmen/Oberfranken; 354 ra - 357 rb.

k = Karlsruher Hs.; zwischen 1430 und 1435, Nordschwaben; Codex Karlsruhe 408; 186 vb - 190 va.

Bß = Berliner Fragment, um 1350, ostmdt.; Nr. 3, 2 ra - 2 vb.";NDM;Novellistik des Mittelalters;RDL;1996;1;;;;;;;;;;;;;;;
Der Münchner Oswald;;Der Münchner Oswald. Mit ein em Anhang: die ostschwäbische Prosabearbeitung des 15. Jahrhunderts hrsg. von Michael Curschmann. Tübingen: Niemeyer, 1974. (= ATB Nr 76).;"Besteht aus 3564 Versen beginnend mit V.1.

Lemmatisiert, nicht disambiguiert.

Die Groß-/Kleinschreibung entspricht aus technischen Gründen nur teilweise der Edition.";000000000000000----;;4;;Die religiös aufgeladene Geschichte des historisch belegten Oswald von Northumbria ist zum ersten Mal bei Beda belegt. Reginald (Mitte 12. Jh.) geht in einigen biografischen Einzelheiten über Beda hinaus. Heinrich von Avranches verfasste 1227 für die Mönche von Peterborough eine 'Vita et Passio Sancti Oswaldi' in Versen. Um 1170 entstand vermutlich in Regensburg ein deutsches weltliches Kurzepos. Im 14. und 15. Jh. entstanden im süddt. Raum eine Reihe von Versionen in Prosa und Versen.;"Die Ausgabe verwendet die Münchner Hs. als Leithandschrift und ergänzt aus den anderen Hss.

M = Bayrische Staatsbibl., Cgm. 719. Papier, Bayern 1444.

S = Schaffhausen, Stadtbibl., Ms. Gen. 10. Papier, Schaffhausen 1472.

W = Wien, Österreichische Nationalbibl., Cod. 12540, Papier, Bayern, 1. Hälfte 15. Jh.

I = Innsbruck, Museum Ferdinandeum, Ms. 1114; Papier, Tirol, Mitte 15. Jh.

s = Stuttgart, Württ. Landesbibl., cod. theol et phil. 4(0)81; Papier, Schwaben 1479-81; Osw.: f.248v-276r.

u = Budapest, Széchény-Nationalbibl., cod. germ. 31,Papier, Bayern, 1471.

b = Berlin, Staatsbibl. der Stiftung Preuß. Kulturbesitz, Ms. germ. 8(0)288; Papier, Bayern, 2. H. 15. Jh.; Osw.: 14r-80r.";;;OSW;;;;;;;;;;;;;;;;;
Der Salamander;4;Die Kleindichtung des Strickers. Gesamtausgabe in fünf Bänden. Hrsg. v. Wolfgang Wilfried Moelleken. Göppingen, 1974. (GAG 107/I-V);"Noch nicht disambiguiert.

Keine Parallelüberlieferung.  

Links zur Hs. Cologny, Fondation Martin Bodmer, Cod. Bodmer 72 und 155.

Die Groß-/Kleinschreibung entspricht aus technischen Gründen nur teilweise der Edition.";0000000000aaau----h;;3;;;;STR;Die Kleindichtung des Strickers;DSA;;;;;;;;;;;;;;;;;
Katzenauge;4;Die Kleindichtung des Strickers. Gesamtausgabe in fünf Bänden. Hrsg. v. Wolfgang Wilfried Moelleken. Göppingen, 1974. (GAG 107/I-V);"Noch nicht disambiguiert.

Keine Parallelüberlieferung.  

Links zur Hs. Cologny, Fondation Martin Bodmer, Cod. Bodmer 72.

Die Groß-/Kleinschreibung entspricht aus technischen Gründen nur teilweise der Edition.";0000000000aaau----h;;3;;;;STR;Die Kleindichtung des Strickers;KAA;;;;;;;;;;;;;;;;;
Die freigebige Königin;4;Die Kleindichtung des Strickers. Gesamtausgabe in fünf Bänden. Hrsg. v. Wolfgang Wilfried Moelleken. Göppingen, 1974. (GAG 107/I-V);"Noch nicht disambiguiert.

Keine Parallelüberlieferung.  

Keine Links zur Hs. Cologny, Fondation Martin Bodmer, Cod. Bodmer 72 oder 155.

Die Groß-/Kleinschreibung entspricht aus technischen Gründen nur teilweise der Edition.";0000000000aaau----h;;3;;;;STR;Die Kleindichtung des Strickers;DFK;;;;;;;;;;;;;;;;;
Der Wolf und das Weib;4;Die Kleindichtung des Strickers. Gesamtausgabe in fünf Bänden. Hrsg. v. Wolfgang Wilfried Moelleken. Göppingen, 1974. (GAG 107/I-V);"Noch nicht disambiguiert.

Keine Parallelüberlieferung.  

Links zur Hs. Cologny, Fondation Martin Bodmer, Cod. Bodmer 72.

Die Groß-/Kleinschreibung entspricht aus technischen Gründen nur teilweise der Edition.";0000000000aaau----h;;3;;;;STR;Die Kleindichtung des Strickers;DWW;;;;;;;;;;;;;;;;;
Von Eseln Gäuchen und Affen;4;Die Kleindichtung des Strickers. Gesamtausgabe in fünf Bänden. Hrsg. v. Wolfgang Wilfried Moelleken. Göppingen, 1974. (GAG 107/I-V);"Noch nicht disambiguiert.

Keine Parallelüberlieferung.  

Links zur Hs. Cologny, Fondation Martin Bodmer, Cod. Bodmer 72.

Die Groß-/Kleinschreibung entspricht aus technischen Gründen nur teilweise der Edition.";0000000000aaau----h;;3;;;;STR;Die Kleindichtung des Strickers;EGA;;;;;;;;;;;;;;;;;
Der Wolf und die Gänse;4;Die Kleindichtung des Strickers. Gesamtausgabe in fünf Bänden. Hrsg. v. Wolfgang Wilfried Moelleken. Göppingen, 1974. (GAG 107/I-V);"Noch nicht disambiguiert.

Keine Parallelüberlieferung.  

Links zur Hs. Cologny, Fondation Martin Bodmer, Cod. Bodmer 72.

Die Groß-/Kleinschreibung entspricht aus technischen Gründen nur teilweise der Edition.";0000000000aaau----h;;3;;;;STR;Die Kleindichtung des Strickers;DWG;;;;;;;;;;;;;;;;;
Der Wolf und sein Sohn;4;Die Kleindichtung des Strickers. Gesamtausgabe in fünf Bänden. Hrsg. v. Wolfgang Wilfried Moelleken. Göppingen, 1974. (GAG 107/I-V);"Noch nicht disambiguiert.

Keine Parallelüberlieferung.  

Links zur Hs. Cologny, Fondation Martin Bodmer, Cod. Bodmer 72.

Die Groß-/Kleinschreibung entspricht aus technischen Gründen nur teilweise der Edition.";0000000000aaau----h;;3;;;;STR;Die Kleindichtung des Strickers;WUS;;;;;;;;;;;;;;;;;
Der Wolf und der Bauer;4;Die Kleindichtung des Strickers. Gesamtausgabe in fünf Bänden. Hrsg. v. Wolfgang Wilfried Moelleken. Göppingen, 1974. (GAG 107/I-V);"Noch nicht disambiguiert.

Keine Parallelüberlieferung.  

Links zur Hs. Cologny, Fondation Martin Bodmer, Cod. Bodmer 72.

Die Groß-/Kleinschreibung entspricht aus technischen Gründen nur teilweise der Edition.";0000000000aaau----h;;3;;;;STR;Die Kleindichtung des Strickers;WUB;;;;;;;;;;;;;;;;;
Zwei Herren;4;Die Kleindichtung des Strickers. Gesamtausgabe in fünf Bänden. Hrsg. v. Wolfgang Wilfried Moelleken. Göppingen, 1974. (GAG 107/I-V);"Noch nicht disambiguiert.

Keine Parallelüberlieferung.  

Links zur Hs. Cologny, Fondation Martin Bodmer, Cod. Bodmer 72.

Die Groß-/Kleinschreibung entspricht aus technischen Gründen nur teilweise der Edition.";0000000000aaau----h;;3;;;;STR;Die Kleindichtung des Strickers;ZWH;;;;;;;;;;;;;;;;;
Kirchtag;4;Die Kleindichtung des Strickers. Gesamtausgabe in fünf Bänden. Hrsg. v. Wolfgang Wilfried Moelleken. Göppingen, 1974. (GAG 107/I-V);"Noch nicht disambiguiert.

Keine Parallelüberlieferung.  

Links zur Hs. Cologny, Fondation Martin Bodmer, Cod. Bodmer 72.

Die Groß-/Kleinschreibung entspricht aus technischen Gründen nur teilweise der Edition.";0000000000aaau----h;;3;;;;STR;Die Kleindichtung des Strickers;KIT;;;;;;;;;;;;;;;;;
Die Martinsnacht;4;Die Kleindichtung des Strickers. Gesamtausgabe in fünf Bänden. Hrsg. v. Wolfgang Wilfried Moelleken. Göppingen, 1974. (GAG 107/I-V);"Noch nicht disambiguiert.

Keine Parallelüberlieferung.  

Links zur Hs. Cologny, Fondation Martin Bodmer, Cod. Bodmer 72.

Die Groß-/Kleinschreibung entspricht aus technischen Gründen nur teilweise der Edition.";0000000000aaau----h;;3;;;;STR;Die Kleindichtung des Strickers;MAR;;;;;;;;;;;;;;;;;
Gegen Gleichgeschlechtlichkeit;4;Die Kleindichtung des Strickers. Gesamtausgabe in fünf Bänden. Hrsg. v. Wolfgang Wilfried Moelleken. Göppingen, 1974. (GAG 107/I-V);"Noch nicht disambiguiert.

Keine Parallelüberlieferung.  

Keine Links zur Hs. Cologny, Fondation Martin Bodmer, Cod. Bodmer 72 oder 155.

Die Groß-/Kleinschreibung entspricht aus technischen Gründen nur teilweise der Edition.";0000000000aaau----h;;3;;;;STR;Die Kleindichtung des Strickers;GGG;;;;;;;;;;;;;;;;;
Die Heidin;;Novellistik des Mittelalters. Märendichtung. Hrsg, übers. und kommentiert von Klaus Grubmüller. Frankfurt/Main: Dt. Klassiker Verl., 1996. S. 364-468. (= Bibl. d. Mittelalters, Bd. 23);"Das Märe ist in zwei eng verwandten Märenhandschriften überliefert:

H    (1. Viertel 14. Jh. Nordwestböhmen/Oberfranken), Bl.111 rb - 123 ra.

K    (1. Viertel 14. Jh. Nordwestböhmen/Oberfranken, Abschrift aus H), Bl. 112rb-124m (Abdruck: Mailáth/Köffinger, S. 191-240).



Neuerdings tritt auch noch ein Fragment aus der Stiftskirche Ossiach (v. 1818-1862) hinzu: Univ.-Bibl. Klagenfurt, Perg. 64 (vgl. Hans Gröchenig, Ein Fragment einer mittelalterlichen Mærenhandschrift aus der UB Klagenfurt, Ein neu aufgefundenes Fragment zur Heidin B und zu Dietrich ron Glesse: Der Gürtel, in: Buchkunde. Zeitschrift für Buchkunde, Philologie und historische Hilfswissenschaften 1 [1984], S. 3-10). Sigle: o.

Die Groß-/Kleinschreibung entspricht aus technischen Gründen nur teilweise der Edition.";00000000000000----h;;3;Fassung B;Lemmatisiert, nicht disambiguiert. Ligatur nach oe aufgelöst.;;NDM;;HEI;1996;1;;;;;;;;;;;;;;;
Ritter Beringer;;Novellistik des Mittelalters. Märendichtung. Hrsg, übers. und kommentiert von Klaus Grubmüller. Frankfurt/Main: Dt. Klassiker Verl., 1996. S. 220-242. (= Bibl. d. Mittelalters, Bd. 23);"Autor und Entstehungszeit sind nicht bekannt; die Überlieferung gibt keine brauchbaren Hinweise. Manches spricht

dafür, daß das Gedicht im Alemannischen entstanden ist

(Schorbach, Edward Schröder), ob aber tatsächlich schon in der zweiten Hälfte des 13. Jahrhunderts (Edward Schröder,S.826: ""aus der nächsten Zeit nach Konrad von Würzburg"")in Straßburg, läßt die korrupte Überlieferung nicht erkennen (Schröders Überlegungen zur Reimtechnik müssen von einem bereits rekonstruierten Text ausgehen). Möglich

bleibt weiter auch Entstehung bis ins 15. Jahrhundert (Schorbach: Ende des 14. Jahrhunderts).

Die Groß-/Kleinschreibung entspricht aus technischen Gründen nur teilweise der Edition.";000000000000000---h;;3;;"Das Märe ist nur in einem Inkunabeldruck überliefert:Die historien von dem ritter beringer. Straßburg: ohne Druckernennung [erschlossen: Matthias Brant] 1495 (GW 3869).

Eine Ausgabe liegt nicht vor; der Text ist bisher nur in einem Faksimile der Inkunabel (Karl Schorbach, Die historien von dem ritter Beringer, Leipzig 1893) und in einer in Versen abgesetzten, interpungierten und um wenige Fehler bereinigten (insgesamt aber nicht fehlerfreien) Transkription (Cramer, Maeren-Dichtung, Bd. 1, S. 71-81) zugänglich. Die Ausgabe gibt den Text der Inkunabel wieder. In einigen Punkten ist in das Erscheinungsbild des Inkunabeltextes eingegriffen.";;NDM;Novellistik des Mittelalters.;RBE;;;;;;;;;;;;;;;;;
Bremse im Blütenhaus;;Kleinere mittelhochdeutsche Erzählungen, Fabeln und Lehrgedichte. III. Die Heidelberger Handschrift Cod. Pal. Germ. 341. Hrsg. v. Gustav Rosenhagen, Dublin/Zürich: Weidmann 1970. (= Deutsche Texte des Mittelalters Bd. XVII). Der elektronische Text basiert zum Teil auf dem vom Electronic Text Center der University of Virginia / vom Kompetenzzentrum für elektronische Erschließungs- und Publikationsverfahren in den Geisteswissenschaften an der Universität Trier erstellten Text, revidiert von Lesley C. Pleasant and Cindy Filer Speer.;"Die vorgeschriebene Abschnittnummer 96 entspricht der Nummer des Kleingedichtes in der Ausgabe. Übergeschriebene Vokale wurden aufgelöst.

Noch nicht disambiguiert.

Die Groß-/Kleinschreibung entspricht aus technischen Gründen nur teilweise der Edition.";0000000000000aa---h;;3;;;;KMH;Kleinere mittelhochdeutsche Erzählungen, Fabeln und Lehrgedichte;BIB;;;;;;;;;;;;;;;;;
Der ernsthafte König;4;Kleinere mittelhochdeutsche Erzählungen, Fabeln und Lehrgedichte. III. Die Heidelberger Handschrift Cod. Pal. Germ. 341. Hrsg. v. Gustav Rosenhagen, Dublin/Zürich: Weidmann 1970. (= Deutsche Texte des Mittelalters Bd. XVII). Der elektronische Text basiert zum Teil auf dem vom Electronic Text Center der University of Virginia / Kompetenzzentrum für elektronische Erschließungs- und Publikationsverfahren in den Geisteswissenschaften an der Universität Trier erstellten Text, revidiert von Lesley C. Pleasant and Cindy Filer Speer.;"Die vorgeschriebene Abschnittnummer 81 entspricht der Nummer des Kleingedichtes in der Ausgabe. Übergeschriebene Vokale wurden aufgelöst.

Noch nicht disambiguiert.

Die Groß-/Kleinschreibung entspricht aus technischen Gründen nur teilweise der Edition.";0000000000000aa---h;;3;;;;KMH;Kleinere mittelhochdeutsche Erzählungen, Fabeln und Lehrgedichte;DEK;;;;;;;;;;;;;;;;;
Die Königin vom Mohrenland;4;Kleinere mittelhochdeutsche Erzählungen, Fabeln und Lehrgedichte. III. Die Heidelberger Handschrift Cod. Pal. Germ. 341. Hrsg. v. Gustav Rosenhagen, Dublin/Zürich: Weidmann 1970. (= Deutsche Texte des Mittelalters Bd. XVII). Der elektronische Text basiert zum Teil auf dem vom Electronic Text Center der University of Virginia / dem Kompetenzzentrum für elektronische Erschließungs- und Publikationsverfahren in den Geisteswissenschaften an der Universität Trier erstellten Text, revidiert von Lesley C. Pleasant and Cindy Filer Speer.;"Die vorgeschriebene Abschnittnummer 143 entspricht der Nummer des Kleingedichtes in der Ausgabe. Übergeschriebene Vokale wurden aufgelöst.

Lemmatisiert, aber noch nicht disambiguiert.

Die Groß-/Kleinschreibung entspricht aus technischen Gründen nur teilweise der Edition.";000000000000aaa---h;;3;;;;KMH;Kleinere mittelhochdeutsche Erzählungen, Fabeln und Lehrgedichte;DKM;;;;;;;;;;;;;;;;;
Der Käfer im Rosenhaus;4;Kleinere mittelhochdeutsche Erzählungen, Fabeln und Lehrgedichte. III. Die Heidelberger Handschrift Cod. Pal. Germ. 341. Hrsg. v. Gustav Rosenhagen, Dublin/Zürich: Weidmann 1970. (= Deutsche Texte des Mittelalters Bd. XVII). Der elektronische Text basiert zum Teil auf dem vom Electronic Text Center der University of Virginia / dem Kompetenzzentrum für elektronische Erschließungs- und Publikationsverfahren in den Geisteswissenschaften an der Universität Trier erstellten Text, revidiert von Lesley C. Pleasant and Cindy Filer Speer.;"Die vorgeschriebene Abschnittnummer 141 entspricht der Nummer des Kleingedichtes in der Ausgabe. Übergeschriebene Vokale wurden aufgelöst.

Noch nicht disambiguiert.

Die Groß-/Kleinschreibung entspricht aus technischen Gründen nur teilweise der Edition.";000000000000aaa---h;;3;;;;KMH;Kleinere mittelhochdeutsche Erzählungen, Fabeln und Lehrgedichte;DKR;;;;;;;;;;;;;;;;;
Ehmanns Rat;4;Kleinere mittelhochdeutsche Erzählungen, Fabeln und Lehrgedichte. III. Die Heidelberger Handschrift Cod. Pal. Germ. 341. Hrsg. v. Gustav Rosenhagen, Dublin/Zürich: Weidmann 1970. (= Deutsche Texte des Mittelalters Bd. XVII). Der elektronische Text basiert zum Teil auf dem vom Electronic Text Center der University of Virginia u. dem Kompetenzzentrum für elektronische Erschließungs- und Publikationsverfahren in den Geisteswissenschaften an der Universität Trier erstellten Text, revidiert von Lesley C. Pleasant and Cindy Filer Speer.;"Die vorgeschriebene Abschnittnummer 117 entspricht der Nummer des Kleingedichtes in der Ausgabe. Übergeschriebene Vokale wurden aufgelöst.

Noch nicht disambiguiert.

Die Groß-/Kleinschreibung entspricht aus technischen Gründen nur teilweise der Edition.";000000000000aaa---h;;244;;;;KMH;Kleinere mittelhochdeutsche Erzählungen, Fabeln und Lehrgedichte;EHR;;;;;;;;;;;;;;;;;
Von christlichen Werken;4;Kleinere mittelhochdeutsche Erzählungen, Fabeln und Lehrgedichte. III. Die Heidelberger Handschrift Cod. Pal. Germ. 341. Hrsg. v. Gustav Rosenhagen, Dublin/Zürich: Weidmann 1970. (= Deutsche Texte des Mittelalters Bd. XVII). Der elektronische Text basiert zum Teil auf dem vom Electronic Text Center der University of Virginia u. dem Kompetenzzentrum für elektronische Erschließungs- und Publikationsverfahren in den Geisteswissenschaften an der Universität Trier erstellten Text, revidiert von Lesley C. Pleasant and Cindy Filer Speer.;"Die vorgeschriebene Abschnittnummer 58 entspricht der Nummer des Kleingedichtes in der Ausgabe. Übergeschriebene Vokale wurden aufgelöst.

Noch nicht disambiguiert.

Die Groß-/Kleinschreibung entspricht aus technischen Gründen nur teilweise der Edition.";0000000000000aa---h;;3;;;;KMH;Kleinere mittelhochdeutsche Erzählungen, Fabeln und Lehrgedichte;VCW;;;;;;;;;;;;;;;;;
Von der besten Frau;;Kleinere mittelhochdeutsche Erzählungen, Fabeln und Lehrgedichte. III. Die Heidelberger Handschrift Cod. Pal. Germ. 341. Hrsg. v. Gustav Rosenhagen, Dublin/Zürich: Weidmann 1970. (= Deutsche Texte des Mittelalters Bd. XVII). Der elektronische Text basiert zum Teil auf dem vom Electronic Text Center der University of Virginia u. dem Kompetenzzentrum für elektronische Erschließungs- und Publikationsverfahren in den Geisteswissenschaften an der Universität Trier erstellten Text, revidiert von Lesley C. Pleasant and Cindy Filer Speer.;"Die vorgeschriebene Abschnittnummer 1621 =162a entspricht der Nummer des Kleingedichtes in der Ausgabe. Übergeschriebene Vokale wurden aufgelöst.

Noch nicht disambiguiert.

Die Groß-/Kleinschreibung entspricht aus technischen Gründen nur teilweise der Edition.";000000000000aaaa---;;244;;;;KMH;Kleinere mittelhochdeutsche Erzählungen, Fabeln und Lehrgedichte;VDB;;;;;;;;;;;;;;;;;
Von drei Freunden;4;Kleinere mittelhochdeutsche Erzählungen, Fabeln und Lehrgedichte. III. Die Heidelberger Handschrift Cod. Pal. Germ. 341. Hrsg. v. Gustav Rosenhagen, Dublin/Zürich: Weidmann 1970. (= Deutsche Texte des Mittelalters Bd. XVII). Der elektronische Text basiert zum Teil auf dem vom Electronic Text Center der University of Virginia u. dem Kompetenzzentrum für elektronische Erschließungs- und Publikationsverfahren in den Geisteswissenschaften an der Universität Trier erstellten Text, revidiert von Lesley C. Pleasant and Cindy Filer Speer.;"Die vorgeschriebene Abschnittnummer 69 entspricht der Nummer des Kleingedichtes in der Ausgabe. Übergeschriebene Vokale wurden aufgelöst.

Noch nicht disambiguiert.

Die Groß-/Kleinschreibung entspricht aus technischen Gründen nur teilweise der Edition.";0000000000000aa---h;;3;;;;KMH;Kleinere mittelhochdeutsche Erzählungen, Fabeln und Lehrgedichte;VDF;;;;;;;;;;;;;;;;;
Der Tropfen auf dem Stein;;Kleinere mittelhochdeutsche Erzählungen, Fabeln und Lehrgedichte. III. Die Heidelberger Handschrift Cod. Pal. Germ. 341. Hrsg. v. Gustav Rosenhagen, Dublin/Zürich: Weidmann 1970. (= Deutsche Texte des Mittelalters Bd. XVII). Der elektronische Text basiert zum Teil auf dem vom Electronic Text Center der University of Virginia / dem Kompetenzzentrum für elektronische Erschließungs- und Publikationsverfahren in den Geisteswissenschaften an der Universität Trier erstellten Text, revidiert von Lesley C. Pleasant and Cindy Filer Speer.;"Die vorgeschriebene Abschnittnummer 112 entspricht der Nummer des Kleingedichtes in der Ausgabe. Übergeschriebene Vokale wurden aufgelöst.

Noch nicht disambiguiert.

Die Groß-/Kleinschreibung entspricht aus technischen Gründen nur teilweise der Edition.";0000000000000aaa---;;3;;;;KMH;Kleinere mittelhochdeutsche Erzählungen, Fabeln und Lehrgedichte;DTS;;;;;;;;;;;;;;;;;
Der Krämer;4;Kleinere mittelhochdeutsche Erzählungen, Fabeln und Lehrgedichte. III. Die Heidelberger Handschrift Cod. Pal. Germ. 341. Hrsg. v. Gustav Rosenhagen, Dublin/Zürich: Weidmann 1970. (= Deutsche Texte des Mittelalters Bd. XVII). Der elektronische Text basiert zum Teil auf dem vom Electronic Text Center der University of Virginia u. dem Kompetenzzentrum für elektronische Erschließungs- und Publikationsverfahren in den Geisteswissenschaften an der Universität Trier erstellten Text, revidiert von Lesley C. Pleasant and Cindy Filer Speer.;"Die vorgeschriebene Abschnittnummer 167  entspricht der Nummer des Kleingedichtes in der Ausgabe. Übergeschriebene Vokale wurden aufgelöst.

Lemmatisiert, noch nicht disambiguiert.

Die Groß-/Kleinschreibung entspricht aus technischen Gründen nur teilweise der Edition.";000000000000aaa---h;;3;;;;KMH;Kleinere mittelhochdeutsche Erzählungen, Fabeln und Lehrgedichte;KRM;;;;;;;;;;;;;;;;;
Von der Hochfahrt;4;Kleinere mittelhochdeutsche Erzählungen, Fabeln und Lehrgedichte. III. Die Heidelberger Handschrift Cod. Pal. Germ. 341. Hrsg. v. Gustav Rosenhagen, Dublin/Zürich: Weidmann 1970. (= Deutsche Texte des Mittelalters Bd. XVII). Der elektronische Text basiert zum Teil auf dem vom Electronic Text Center der University of Virginia u. dem Kompetenzzentrum für elektronische Erschließungs- und Publikationsverfahren in den Geisteswissenschaften an der Universität Trier erstellten Text, revidiert von Lesley C. Pleasant and Cindy Filer Speer.;"Die vorgeschriebene Abschnittnummer 98 entspricht der Nummer des Kleingedichtes in der Ausgabe. Übergeschriebene Vokale wurden aufgelöst.

Noch nicht disambiguiert.

Die Groß-/Kleinschreibung entspricht aus technischen Gründen nur teilweise der Edition.";0000000000000aa---h;;3;;;;KMH;Kleinere mittelhochdeutsche Erzählungen, Fabeln und Lehrgedichte;VDH;;;;;;;;;;;;;;;;;
Der Schüler von Paris;;Novellistik des Mittelalters. Märendichtung. Hrsg, übers. und kommentiert von Klaus Grubmüller. Frankfurt/Main: Dt. Klassiker Verl., 1996. S. 220-242. (= Bibl. d. Mittelalters, Bd. 23);"Die Geschichte vom Schüler von Paris ist im Mittelalter in drei Fassungen erzählt worden, die nicht unmittelbar miteinander zusammenhängen:

- Der Schüler von Paris A, entstanden im späten 13. Jahrhundert in Thüringen, überliefert in vier der kleineren Märenhandschriften (p; Frankfurt, germ. 4°2; Bremen, b 42 b, vgl. Ritter unter dem Zuber [Nr. 20]; Heidelberg, cpg 4), die z. T. (p, Frankfurt) noch ins 14. Jahrhundert zurückreichen.

- Der Schüler von Paris B, entstanden an der Wende des 13./14. Jahrhunderts, überliefert im Handschriftenpaar w1.

- Der Schüler von Paris C, entstanden gleichfalls um die Wende des 13./14. Jahrhunderts in Thüringen, überliefert

als Ganzes nur in Handschrift m aus der 2. Hälfte des 15. Jahrhunderts.

Der zweifelsohne höfische, die Macht der Liebe sentimental verherrlichende Grundgedanke ist in der ältesten Fassung (A) am wenigsten bewahrt. Der Tod des Geliebten wegen zu frühen Geschlechtsverkehrs nach dem Aderlassen verfehlt das Thema der Uberwältigung durch Liebesglück ganz entschieden, und die Einmischung von Schwankmotiven(Mönch als Liebesbote [s. u. Nr. 19], verkleideter Liebhaber)

weicht den Ernst der Geschichte zusätzlich auf. Die Fassungen B und C bewahren ihn, wenn auch in unterschiedlicher Form: B in einer gesuchten, am ""geblümten Stil"" orientierten Sprache, C breiter ausmalend, klarer im Ausdruck.



Die Groß-/Kleinschreibung entspricht aus technischen Gründen nur teilweise der Edition.";000000000000000---h;;3;;"704 Verse mit zwei Zeilen Überschrift.

Lemmatisiert, aber noch nicht disambiguiert.

Der Schüler von Paris B, entstanden an der Wende des 13./14.Jahrhunderts, überliefert im Handschriftenpaar w1.

Die Entscheidung für den Abdruck der Fassung B beruht auf deren älterer und besser kontrollierbarer Überlieferung und auf dem zusätzlichen Reiz, den die Anklänge an den ""geblümten Stil"" für die dafür sonst gar nicht empfängliche Gattung der Mären bedeutet.";;NDM;Novellistik des Mittelalters.;SVP;1996;1;;;;;;;;;;;;;;;
Vom jüngsten Tage;;Kleinere mittelhochdeutsche Erzählungen, Fabeln und Lehrgedichte. III. Die Heidelberger Handschrift Cod. Pal. Germ. 341. Hrsg. v. Gustav Rosenhagen, Dublin/Zürich: Weidmann 1970. (= Deutsche Texte des Mittelalters Bd. XVII). Der elektronische Text basiert zum Teil auf dem vom Electronic Text Center der University of Virginia u. dem Kompetenzzentrum für elektronische Erschließungs- und Publikationsverfahren in den Geisteswissenschaften an der Universität Trier erstellten Text, revidiert von Lesley C. Pleasant and Cindy Filer Speer.;"Die vorgeschriebene Abschnittnummer 6 entspricht der Nummer des Kleingedichtes in der Ausgabe. Übergeschriebene Vokale wurden aufgelöst.



Lemmatisiert, aber noch nicht disambiguiert.

Die Groß-/Kleinschreibung entspricht aus technischen Gründen nur teilweise der Edition.";00000000000000a---h;;3;;;;KMH;Kleinere mittelhochdeutsche Erzählungen, Fabeln und Lehrgedichte;VJT;;;;;;;;;;;;;;;;;
Sanct Franzisken Leben;766;Lamprecht von Regensburg, Sanct Francisken Leben und Tochter Syon, zum ersten Mal hg. nebst Glossar von Karl Weinhold, Paderborn 1880.;"Das Werk ist nur in einer einzigen Handschrift überliefert:

Francisken Leben (Univ.-bibl. Würzburg. Mp. th. o. 17a)

Die Groß-/Kleinschreibung entspricht aus technischen Gründen nur teilweise der Edition.";00000000000000----i;;4;;"Umfasst 5049 Verse beginnend mit Vers 1.

Lemmatisiert, aber noch nicht disambiguiert.";;;;SFL;1880;1;;;;;;;;;;;;;;;
Tochter Syon;766;Lamprecht von Regensburg, Sanct Francisken Leben und Tochter Syon, zum ersten Mal hg. nebst Glossar von Karl Weinhold, Paderborn 1880.;"Das Werk, das vermutlich zwischen 1247 und 1252 als Bearbeitung einer lat. Prosavorlage entstand, ist in drei Hss. überliefert:

L = Lobriser Hs. (Gräflich Nostitzische Bibliothek in Lobris bei Jauer in Schlesien) Pergamenths. vollendet 1314. Bl. 19r - 59v.

P = Prager Hs. (Böhm. Museum Prag) Fragmentar. Pergamenths.(verm. 13. Jh.) Bl. 1-24 & 41-47 erhalten.

G = Giessener Hs. (Universitätsbibl.Nr. 102) Pergamenths. aus 100 Bl. (verm. Mitte 14.Jh.)

Die Groß-/Kleinschreibung entspricht aus technischen Gründen nur teilweise der Edition.";000000000000000----;;4;;"Umfasst 4313 Verse beginnend mit Vers 1.

oe-Ligatur aufgelöst.

Lemmatisiert, aber noch nicht disambiguiert.";;;;TSY;1880;1;;;;;;;;;;;;;;;
Herrand von Wildonie Lieder;465;Deutsche Liederdichter. Hrsg. von Carl von Kraus. Tübingen, M. Niemeyer, 1951-58.;"Lemmatisiert, nicht disambiguiert.

Die Groß-/Kleinschreibung entspricht aus technischen Gründen nur teilweise der Edition.";0000000000ddss---kf;;5;;;;CvK;Carl von Kraus Liederdichter;HWI;;;;;;;;;;;;;;;;;
Gottfried von Strassburg;8;Deutsche Liederdichter. Hrsg. von Carl von Kraus. Tübingen, M. Niemeyer, 1951-58.;"Lemmatisiert, nicht disambiguiert.

Die Groß-/Kleinschreibung entspricht aus technischen Gründen nur teilweise der Edition.";0000000000ddss---kf;;5;;;;CvK;Carl von Kraus Liederdichter;GVS;;;;;;;;;;;;;;;;;
Heinrich Hetzbolt von Wissense;1051;Deutsche Liederdichter. Hrsg. von Carl von Kraus. Tübingen, M. Niemeyer, 1951-58.;"Lemmatisiert, nicht disambiguiert.

Die Groß-/Kleinschreibung entspricht aus technischen Gründen nur teilweise der Edition.";0000000000ddss---kf;;5;;;;CvK;Carl von Kraus Liederdichter;HHW;;;;;;;;;;;;;;;;;
Hawart;1048;Deutsche Liederdichter. Hrsg. von Carl von Kraus. Tübingen, M. Niemeyer, 1951-58.;"Lemmatisiert, nicht disambiguiert.

Die Groß-/Kleinschreibung entspricht aus technischen Gründen nur teilweise der Edition.";0000000000ddss---kf;;5;;;;CvK;Carl von Kraus Liederdichter;HAW;;;;;;;;;;;;;;;;;
Hugo von Werbenwag;1055;Deutsche Liederdichter. Hrsg. von Carl von Kraus. Tübingen, M. Niemeyer, 1951-58.;"Lemmatisiert, nicht disambiguiert.

Die Groß-/Kleinschreibung entspricht aus technischen Gründen nur teilweise der Edition.";0000000000ddss---kf;;5;;;;CvK;Carl von Kraus Liederdichter;HVW;;;;;;;;;;;;;;;;;
Der Kol von Niunzen;1058;Deutsche Liederdichter. Hrsg. von Carl von Kraus. Tübingen, M. Niemeyer, 1951-58.;"Lemmatisiert, nicht disambiguiert.

Die Groß-/Kleinschreibung entspricht aus technischen Gründen nur teilweise der Edition.";0000000000ddss---kf;;5;;;;CvK;Carl von Kraus Liederdichter;KOL;;;;;;;;;;;;;;;;;
Hartmann von Starkenberg;1053;Deutsche Liederdichter. Hrsg. von Carl von Kraus. Tübingen, M. Niemeyer, 1951-58.;"Lemmatisiert, nicht disambiguiert.

Die Groß-/Kleinschreibung entspricht aus technischen Gründen nur teilweise der Edition.";0000000000ddss---kf;;5;;;;CvK;Carl von Kraus Liederdichter;HSB;;;;;;;;;;;;;;;;;
Hiltbolt von Schwangau;1054;Deutsche Liederdichter. Hrsg. von Carl von Kraus. Tübingen, M. Niemeyer, 1951-58.;"Lemmatisiert, nicht disambiguiert.

Die Groß-/Kleinschreibung entspricht aus technischen Gründen nur teilweise der Edition.";0000000000ddss---kf;;5;;;;CvK;Carl von Kraus Liederdichter;HVS;;;;;;;;;;;;;;;;;
König Konrad der Junge;1057;Deutsche Liederdichter. Hrsg. von Carl von Kraus. Tübingen, M. Niemeyer, 1951-58.;"Lemmatisiert, nicht disambiguiert.

Die Groß-/Kleinschreibung entspricht aus technischen Gründen nur teilweise der Edition.";0000000000ddss---kf;;5;;;;CvK;Carl von Kraus Liederdichter;KCJ;;;;;;;;;;;;;;;;;
Leuthold von Seven;1060;Deutsche Liederdichter. Hrsg. von Carl von Kraus. Tübingen, M. Niemeyer, 1951-58.;"Lemmatisiert, nicht disambiguiert.

Die Groß-/Kleinschreibung entspricht aus technischen Gründen nur teilweise der Edition.";0000000000ddss---kf;;5;;;;CvK;Carl von Kraus Liederdichter;LVS;;;;;;;;;;;;;;;;;
Der Markgraf von Hohenburg;1063;Deutsche Liederdichter. Hrsg. von Carl von Kraus. Tübingen, M. Niemeyer, 1951-58.;"Lemmatisiert, nicht disambiguiert.

Die Groß-/Kleinschreibung entspricht aus technischen Gründen nur teilweise der Edition.";0000000000ddss---kf;;5;;;;CvK;Carl von Kraus Liederdichter;MVH;;;;;;;;;;;;;;;;;
Otto von Brandenburg mit dem Pfeil;1066;Deutsche Liederdichter. Hrsg. von Carl von Kraus. Tübingen, M. Niemeyer, 1951-58.;"Lemmatisiert, nicht disambiguiert.

Die Groß-/Kleinschreibung entspricht aus technischen Gründen nur teilweise der Edition.";0000000000ddss---kf;;5;;;;CvK;Carl von Kraus Liederdichter;OBP;;;;;;;;;;;;;;;;;
Otto von Bottenlouben;1067;Deutsche Liederdichter. Hrsg. von Carl von Kraus. Tübingen, M. Niemeyer, 1951-58.;"Lemmatisiert, nicht disambiguiert.

Die Groß-/Kleinschreibung entspricht aus technischen Gründen nur teilweise der Edition.";0000000000ddss---kf;;5;;;;CvK;Carl von Kraus Liederdichter;OVB;;;;;;;;;;;;;;;;;
Reimar der Fiedler;1071;Deutsche Liederdichter. Hrsg. von Carl von Kraus. Tübingen, M. Niemeyer, 1951-58.;"Lemmatisiert, nicht disambiguiert.

Die Groß-/Kleinschreibung entspricht aus technischen Gründen nur teilweise der Edition.";0000000000ddss---kf;;5;;;;CvK;Carl von Kraus Liederdichter;RDV;;;;;;;;;;;;;;;;;
Diocletianus;1167;"Diokletianus' Leben. Hrsg. von Adelbert Keller. Quedlinburg/Leipzig: Gottfried Basse 1841.

Digitale Version: Ulrich Harsch 1998: http://www.hs-augsburg.de/~harsch/germanica/Chronologie/15Jh/Buehel/bue_d000.html (09.08.2017).

Textgrundlage für den Dyocletianus ist die digitale Ausgabe der Akademie der Wissenschaften in Göttingen.";"Lemmatisiert, nicht disambiguiert.



Faksimile: http://www.digital-collections.de/index.html?c=autoren_index&l=en&ab=Hans+%26lt%3Bvon+B%FChel%26gt%3B

Die Groß-/Kleinschreibung entspricht aus technischen Gründen nur teilweise der Edition.";00000000000000ppp--;;10;;;;;;DIO;1841;1;;;;;;;;;;;;;;;
Süezkint der Jude von Trimperg;425;;Die Groß-/Kleinschreibung entspricht aus technischen Gründen nur teilweise der Edition.;0000000000ddss---kf;;5;;;;CvK;Carl von Kraus Liederdichter;SJT;;;;;;;;;;;;;;;;;
Von Munegiur;1062;Deutsche Liederdichter. Hrsg. von Carl von Kraus. Tübingen, M. Niemeyer, 1951-58.;"Lemmatisiert, nicht disambiguiert.

Die Groß-/Kleinschreibung entspricht aus technischen Gründen nur teilweise der Edition.";0000000000ddss---kf;;5;;;;CvK;Carl von Kraus Liederdichter;MUN;;;;;;;;;;;;;;;;;
Rudolf von Rotenburg;1087;Deutsche Liederdichter. Hrsg. von Carl von Kraus. Tübingen, M. Niemeyer, 1951-58.;"Lemmatisiert, nicht disambiguiert.

Die Groß-/Kleinschreibung entspricht aus technischen Gründen nur teilweise der Edition.";0000000000ddss---kf;;5;;;;CvK;Carl von Kraus Liederdichter;RVR;;;;;;;;;;;;;;;;;
Von Stamheim;1088;Deutsche Liederdichter. Hrsg. von Carl von Kraus. Tübingen, M. Niemeyer, 1951-58.;"Lemmatisiert, nicht disambiguiert.

Die Groß-/Kleinschreibung entspricht aus technischen Gründen nur teilweise der Edition.";0000000000ddss---kf;;5;;;;CvK;Carl von Kraus Liederdichter;STA;;;;;;;;;;;;;;;;;
Der tugendhafte Schreiber;1091;Deutsche Liederdichter. Hrsg. von Carl von Kraus. Tübingen, M. Niemeyer, 1951-58.;"Lemmatisiert, nicht disambiguiert.

Die Groß-/Kleinschreibung entspricht aus technischen Gründen nur teilweise der Edition.";0000000000ddss---kf;;5;;;;CvK;Carl von Kraus Liederdichter;TUS;;;;;;;;;;;;;;;;;
Christan von Hamle;1107;Deutsche Liederdichter. Hrsg. von Carl von Kraus. Tübingen, M. Niemeyer, 1951-58.;"Lemmatisiert, nicht disambiguiert.

Die Groß-/Kleinschreibung entspricht aus technischen Gründen nur teilweise der Edition.";0000000000ddss---kf;;5;;;;CvK;Carl von Kraus Liederdichter;KVH;;;;;;;;;;;;;;;;;
Lannzilet;1187;"Lannzilet : (aus dem ""Buch der Abenteuer""), Str. 1-1122 / Ulrich Fuetrer ; herausgegeben von Karl-Eckhard Lenk. Tübingen: M.Niemeyer, 1989.(= ATB Nr. 102)";"Besteht aus 1122 siebenzeiligen Strophen beginnend mit Str. 1.

Dabei handelt es sich um den Teil 1 aus dem ""Buch der Abenteurer"". Teil 2 (Str. 1123-6009) wurde erst 1996 von R. Voß bei Schöningh herausgegeben.



Vollständig lemmatisiert, aber noch nicht disambiguiert.



Die Groß-/Kleinschreibung entspricht aus technischen Gründen nur teilweise der Edition.";0000000000000ssss-h;;16;;;"Ulrich Fuetrers/Füetrers 'Lannzilet' ist in zwei Handschriften und einem Fragment des 15. Jahrhunderts überliefert:

A = München, Bayerische Staatsbibliothek, Cgm 1. Pergament. Entstanden vermutlich um 1490. Bl. 150va-348vb - 3. Buch: Lannzilet vom Lack. Der hier edierte Teil des 'Lannzilet' wird allein von Schreiber 3 bestritten, der auch den Cgm 43 geschrieben hat.



b = Wien, Österreichische Nationalbibliothek, Cod. 3037/3038. Papier, 516 Bl. Geschrieben ca. 1490. Bl. 234rb-516ra 'Lannzilet' (hier edierter Teil: Bl. 234r-283v; Ende von Cod 3037: Bl. 257vb.



F = Berlin, Staatsbibliothek Preußischer Kulturbesitz, Ms. germ. fol. 757, Bl. 11-12, Fragment.

Die Schreibung folgt im allgemeinen der Handschrift A. einige Eingriffe in die Graphie von A: 1. Abkürzungen sind aufgelöst. 2. Doppelkonsonanten einschließlich -ck und -tz/-cz sind vereinfacht nach Konsonant und nach unbetontem Vokal. 3. b und w sind nach dem mhd. Sprachgebrauch ausgegli-chen, nicht jedoch bei Namen und abentewr.

4.j und v stehen für Konsonanten, i und u für Vokale. 5.Die in der Handschrift nur unregelmäßig markierten Umlaute von a, o, u, aw, ue wurden bezeichnet: ä, ö, ü, aw,üe. 6.	w und w werden in der Geltung als zweiter Bestandteil von Diphthongen einheitlich als w wiedergegeben; 6. w und w werden in der Geltung als zweiter Bestandteil von Diphthongen einheitlich als w wiedergegeben; in der Geltung als silbentragende Vokale werden sie bei Voilwörtern entsprechend ihrem Lautwert wiedergegeben (fast nur rw = rue, thw = thue). zw, zw, zû (häufigste Schreibung) und zu wurden einheitlich zu aufgelöst. 8. Die Wortabteilung wurde nach der Handschrift geregelt, wo es sich nicht um untrennbare Präfixe oder eindeutig getrennt zu schreibende syntaktische Fügungen (Präposition + Substantiv, Pronomen + Substantiv) handelt.";;;LZT;1989;1;;;;;;;;;;;;;;;
Hugo von Mülndorf;1052;Deutsche Liederdichter. Hrsg. von Carl von Kraus. Tübingen, M. Niemeyer, 1951-58.;"Lemmatisiert, nicht disambiguiert.

Die Groß-/Kleinschreibung entspricht aus technischen Gründen nur teilweise der Edition.";0000000000ddss---kf;;5;;;;CvK;Carl von Kraus Liederdichter;HMU;;;;;;;;;;;;;;;;;
Christan von Luppin;1059;Deutsche Liederdichter. Hrsg. von Carl von Kraus. Tübingen, M. Niemeyer, 1951-58.;"Lemmatisiert, nicht disambiguiert.

Die Groß-/Kleinschreibung entspricht aus technischen Gründen nur teilweise der Edition.";0000000000ddss---kf;;5;;;;CvK;Carl von Kraus Liederdichter;KVL;;;;;;;;;;;;;;;;;
Veronica;1207;"Die Gedichte des Wilden Mannes. Herausgegeben von Bernard Standring. 

Tübingen: Max Niemeyer Verlag, 1963. S.1 - 21.";"Das Gedicht besteht aus 660 Versen beginnend mit V.1.

Hochgestellte 'o' sind zu 'uo' etc. aufgelöst. 'w' mit hochgestelltem 'o' ist nach 'vvo' aufgelöst. '/' als Zeichen für Zeilentrennung wurde eliminiert.

Nicht disambiguiert.

Die Groß-/Kleinschreibung entspricht aus technischen Gründen nur teilweise der Edition.";000000000000000---0;;4;;;"Die Gedichte des Wilden Mannes sind uns in einer Pergamenthandschrift des 13. Jahrhunderts überliefert, die sich jetzt in der Niedersächsischen Landesbibliothek zu Hannover befindet und die Bezeichnung ""Kodex I 81"" trägt.

94r-121r.";GWM;Die Gedichte des Wilden Mannes;VER;;;;;;;;;;;;;;;;;
Vespasianus;1207;"Die Gedichte des Wilden Mannes. Herausgegeben von Bernard Standring. 

Tübingen: Max Niemeyer Verlag, 1963. S.22-30.";"Das Gedicht besteht aus 278 Versen beginnend mit V.1.

Hochgestellte 'o' sind zu 'uo' etc. aufgelöst. 'w' mit hochgestelltem 'o' ist nach 'vvo' aufgelöst. '/' als Zeichen für Zeilentrennung wurde eliminiert.

Die Groß-/Kleinschreibung entspricht aus technischen Gründen nur teilweise der Edition.";000000000000000---0;;4;;;"Die Gedichte des Wilden Mannes sind uns in einer Pergamenthandschrift des 13. Jahrhunderts überliefert, die sich jetzt in der Niedersächsischen Landesbibliothek zu Hannover befindet und die Bezeichnung ""Kodex I 81"" trägt.

94r-121r.";GWM;Die Gedichte des Wilden Mannes;VSN;;;;;;;;;;;;;;;;;
Van der Girheit;1207;"Die Gedichte des Wilden Mannes. Herausgegeben von Bernard Standring. 

Tübingen: Max Niemeyer Verlag, 1963. S.31-43.";"Das Gedicht besteht aus 660 Versen beginnend mit V.1.

Hochgestellte 'o' sind zu 'uo' etc. aufgelöst. 'w' mit hochgestelltem 'o' ist nach 'vvo' aufgelöst. '/' als Zeichen für Zeilentrennung wurde eliminiert.

Nicht disambiguiert.

Die Groß-/Kleinschreibung entspricht aus technischen Gründen nur teilweise der Edition.";000000000000000---0;;4;;;"Die Gedichte des Wilden Mannes sind uns in einer Pergamenthandschrift des 13. Jahrhunderts überliefert, die sich jetzt in der Niedersächsischen Landesbibliothek zu Hannover befindet und die Bezeichnung ""Kodex I 81"" trägt;94r-121r.";GWM;Die Gedichte des Wilden Mannes;GIR;;;;;;;;;;;;;;;;;
Christliche Lehre;1207;"Die Gedichte des Wilden Mannes. Herausgegeben von Bernard Standring. 

Tübingen: Max Niemeyer Verlag, 1963. S.44-51.";"Das Gedicht besteht aus 660 Versen beginnend mit V.1.

Hochgestellte 'o' sind zu 'uo' etc. aufgelöst. 'w' mit hochgestelltem 'o' ist nach 'vvo' aufgelöst. '/' als Zeichen für Zeilentrennung wurde eliminiert.

Nicht disambiguiert.

Die Groß-/Kleinschreibung entspricht aus technischen Gründen nur teilweise der Edition.";000000000000000---0;;4;;;"Die Gedichte des Wilden Mannes sind uns in einer Pergamenthandschrift des 13. Jahrhunderts überliefert, die sich jetzt in der Niedersächsischen Landesbibliothek zu Hannover befindet und die Bezeichnung ""Kodex I 81"" trägt.

94r-121r.";GWM;Die Gedichte des Wilden Mannes;CL;;;;;;;;;;;;;;;;;
Bruno von Hornberg;987;Deutsche Liederdichter. Hrsg. von Carl von Kraus. Tübingen, M. Niemeyer, 1951-58.;Die Groß-/Kleinschreibung entspricht aus technischen Gründen nur teilweise der Edition.;000000000ddss---khf;;5;;;;CvK;Carl von Kraus Liederdichter;BRH;;;;;;;;;;;;;;;;;
Kraft von Toggenburg;1247;;"Kraft von Toggenburg, Lied 2, Stanza 4, Zeile 8: Hier erfolgte eine Änderung des Wortes ""wan"" in ""man"", die in der Edition nur als Anmerkung erwähnt wird.

Die Groß-/Kleinschreibung entspricht aus technischen Gründen nur teilweise der Edition.";00000000000uddss--h;;5;;;;SMS;Schweizer Minnesänger;SKT;;;;;;;;;;;;;;;;;
Wernher von Hohenberg;1248;;Die Groß-/Kleinschreibung entspricht aus technischen Gründen nur teilweise der Edition.;00000000000uddss--h;;5;;;;SMS;Schweizer Minnesänger;SWH;;;;;;;;;;;;;;;;;
Walther von Klingen;1251;;Die Groß-/Kleinschreibung entspricht aus technischen Gründen nur teilweise der Edition.;00000000000uddss--h;;5;;;;SMS;Schweizer Minnesänger;SWK;;;;;;;;;;;;;;;;;
Jakob von Warte;1249;;Die Groß-/Kleinschreibung entspricht aus technischen Gründen nur teilweise der Edition.;00000000000uddss--h;;5;;;;SMS;Schweizer Minnesänger;SJW;;;;;;;;;;;;;;;;;
Eberhard von Sax;1250;;Die Groß-/Kleinschreibung entspricht aus technischen Gründen nur teilweise der Edition.;00000000000uddss--h;;5;;;;SMS;Schweizer Minnesänger;SES;;;;;;;;;;;;;;;;;
Heinrich von Sax;1252;;Die Groß-/Kleinschreibung entspricht aus technischen Gründen nur teilweise der Edition.;00000000000uddss--h;;5;;;;SMS;Schweizer Minnesänger;SHS;;;;;;;;;;;;;;;;;
Heinrich von Frauenberg;1253;;Die Groß-/Kleinschreibung entspricht aus technischen Gründen nur teilweise der Edition.;00000000000uddss--h;;5;;;;SMS;Schweizer Minnesänger;SHF;;;;;;;;;;;;;;;;;
Der von Gliers;1254;;Die Groß-/Kleinschreibung entspricht aus technischen Gründen nur teilweise der Edition.;00000000000uddss--h;;5;;;;SMS;Schweizer Minnesänger;SDG;;;;;;;;;;;;;;;;;
Wernher von Teufen;1255;;Die Groß-/Kleinschreibung entspricht aus technischen Gründen nur teilweise der Edition.;00000000000uddss--h;;5;;;;SMS;Schweizer Minnesänger;SWT;;;;;;;;;;;;;;;;;
Heinrich von Stretelingen;1256;;Die Groß-/Kleinschreibung entspricht aus technischen Gründen nur teilweise der Edition.;00000000000uddss--h;;5;;;;SMS;Schweizer Minnesänger;SST;;;;;;;;;;;;;;;;;
Hesso von Rinach;1257;;Die Groß-/Kleinschreibung entspricht aus technischen Gründen nur teilweise der Edition.;00000000000uddss--h;;5;;;;SMS;Schweizer Minnesänger;SHR;;;;;;;;;;;;;;;;;
Konrad von Landeck;1262;;Die Groß-/Kleinschreibung entspricht aus technischen Gründen nur teilweise der Edition.;00000000000uddss--h;;5;;;;SMS;Schweizer Minnesänger;SKL;;;;;;;;;;;;;;;;;
Albrecht von Raprechtswil;1260;;Die Groß-/Kleinschreibung entspricht aus technischen Gründen nur teilweise der Edition.;00000000000uddss--h;;5;;;;SMS;Schweizer Minnesänger;SA;;;;;;;;;;;;;;;;;
Otto zum Turm;1261;;Die Groß-/Kleinschreibung entspricht aus technischen Gründen nur teilweise der Edition.;00000000000uddss--h;;5;;;;SMS;Schweizer Minnesänger;SOT;;;;;;;;;;;;;;;;;
Winli;1263;;Die Groß-/Kleinschreibung entspricht aus technischen Gründen nur teilweise der Edition.;00000000000uddss--h;;5;;;;SMS;Schweizer Minnesänger;SWI;;;;;;;;;;;;;;;;;
Konrad von Altstetten;1264;;Die Groß-/Kleinschreibung entspricht aus technischen Gründen nur teilweise der Edition.;00000000000uddss--h;;5;;;;SMS;Schweizer Minnesänger;SKO;;;;;;;;;;;;;;;;;
Der von Trostberg;1265;;Die Groß-/Kleinschreibung entspricht aus technischen Gründen nur teilweise der Edition.;00000000000uddss--h;;5;;;;SMS;Schweizer Minnesänger;SDT;;;;;;;;;;;;;;;;;
Heinrich von Tettingen;1274;;Die Groß-/Kleinschreibung entspricht aus technischen Gründen nur teilweise der Edition.;00000000000uddss--h;;5;;;;SMS;Schweizer Minnesänger;SHT;;;;;;;;;;;;;;;;;
Gast;1272;;Die Groß-/Kleinschreibung entspricht aus technischen Gründen nur teilweise der Edition.;0000000000uddss--hf;;5;;;;SMS;Schweizer Minnesänger;SG;;;;;;;;;;;;;;;;;
Heinrich Teschler;1276;;Die Groß-/Kleinschreibung entspricht aus technischen Gründen nur teilweise der Edition.;00000000000uddss--h;;5;;;;SMS;Schweizer Minnesänger;SMT;;;;;;;;;;;;;;;;;
Basler Alexander;;;Die Groß-/Kleinschreibung entspricht aus technischen Gründen nur teilweise der Edition.;0000000000000000---;;10;Einleitung;;;;;BAX;;;;;;;;;;;;;;;;;
Frauenlob Teil I;1347;"Frauenlob (Heinrich von Meissen). Leichs, Sangsprüche, Lieder. 1. Teil: Einleitungen, Texte. Auf Grund der Vorarbeiten von Helmuth Thomas. Hrsg. v. Karl Stackmann und Karl Bertrau. Göttingen: Vandenhoeck & Ruprecht, 1981.

Texte I-XIII. (Göttinger Ausgabe)";"Band 1 der großen Göttinger Frauenlob-Edition besteht aus 14 Teilen (I-XIV), wobei I-XIII Leichs und XI Lieder sind. Aufgrund unterschiedlicher Zählweisen wurden in FR1 in der MHDBDB nur die Leichs aufgenommen. XIV (Lieder) finden sich in FR2.



Die Ligatur von oe wurde aufgelöst.



Lemmatisiert, aber noch nicht disambiguiert.

Die Groß-/Kleinschreibung entspricht aus technischen Gründen nur teilweise der Edition.";00000000000ddaaa--h;;5;Leiche;;"Nach den von Thomas geleisteten Vorarbeiten wurden in die Göttinger Ausgabe großteils nur jene Texte aufgenommen, die nach Thomas' Urteil als echt galten (von ein paar kleinen Abweichungen abgesehen).

Die wichtigsten Textzeugen für Thomas waren die Jenaer Liederhandschrift (J) mit ihren Nachträgen (Jn1, Jn2) sowie die Große Heidelberger Liederhandschrift(C). Als weitere Quellen zog er heran: die Kolmarer Liederhandschrift (k – auch mit den Siglen t, K und ko bezeichnet), die Wiener Handschrift (W), die Breslauer Handschriftenfragmente, die Anhänge der Heidelberger Handschrift (H und R), die Würzburger Handschrift (E), die Niederrheinische Liederhandschrift (n), die Möserschen Bruchstücke einer niederdeutschen Liederhandschrift (m), die Haager Handschrift, die Weimarer Handschrift (f), die Donaueschinger Liederhandschrift (u), die Wiltener Meistersängerhandschrift (w), die Münchener Meistersängerhandschrift (s), das Prager Gebetbuch Karls IV, ein Brief von Johann von Neumarkt sowie weitere Meistersingerhandschriften.

Insgesamt von Stackmann/Bertau zu Korrkektur- und Überprüfungszwecken herangezogen wurden Hs. a, B, C, E, F, G, H, h, i, J, k, L, n, o, p, r, s, t, u, v, W, w, z sowie die Fragmente A, b, K, M, m, N, P, Q, U und Z (nebst einigen textkritisch wertlosen Überlieferungen).";FRL;Die Lieder des Frauenlob;FR1;;;;;;;;;;;;;;;;;
Alexander Anhang;12;"Ulrich von Eschenbach: Alexander, Anhang

Hrsg. v. Wendelin Toischer (=Bibliothek des litterarischen Vereins in Stuttgart. Bd. CLXXXIII.). Tübingen 1888.";"Lemmatisiert, nicht disambiguiert.

Die Groß-/Kleinschreibung entspricht aus technischen Gründen nur teilweise der Edition.";000000000000000----;;10;;;;;;AXH;1888;1;;;;;;;;;;;;;;;
Wahsmuot von Kunzich;1331;Deutsche Liederdichter. Hrsg. von Carl von Kraus. Tübingen, M. Niemeyer, 1951-58.;Die Groß-/Kleinschreibung entspricht aus technischen Gründen nur teilweise der Edition.;000000000ddss---khf;;5;;;;CvK;Carl von Kraus Liederdichter;WVK;;;;;;;;;;;;;;;;;
Di tutsch kronik von Behem lant;;"Di tutsch kronik von Behem lant. Die gereimte deutsche Übersetzung der alttschechischen Dalimil-Chronik. Rýmovaný německý překlad staročeské Dalimilovy kroniky (Ed. Vlastimil Brom). Brno: Masarykova univerzita 2009, S. 104-585.

Der digitale Text wurde von Vlastimil Brom zur Verfügung gestellt.";"Gereimte deutsche Übersetzung der alttschechischen Reimchronik des so genannten Dalimil.

Die Kapiteleinteilung erfolgt nach dem tschechischen Originaltext: 103 Kapitel (ohne Prolog - Kap. O, seine Stelle nimmt in der Handschrift ein annalistischer Abriss der böhmischen Geschichte ein - TKA).

Der Text beginnt mit S. 101 und endet 

Nur teilweise lemmatisiert und disambiguiert.

Die Groß-/Kleinschreibung entspricht aus technischen Gründen nur teilweise der Edition.";000000000pppccc---h;;41;;Der Text ist wahrscheinlich zwischen 1330 und 1346 in Prag entstanden.;"Die Chronik ist in einer einzigen Handschrift überliefert: Signatur G 45, Bibliothek des Prager Metropolitankapitels, deponiert im Archiv der Prager Burg, Fol. 7ra-103rb.

Die Papierhandschrift ist auf das Jahr 1389 datiert (Schreiberkolophon).";;;TKR;;;;;;;;;;;;;;;;;
Der Schenk von Limburg;1090;Deutsche Liederdichter. Hrsg. von Carl von Kraus. Tübingen, M. Niemeyer, 1951-58.;"Lemmatisiert, nicht disambiguiert.

Die Groß-/Kleinschreibung entspricht aus technischen Gründen nur teilweise der Edition.";0000000000ddss---kf;;5;;;;CvK;Carl von Kraus Liederdichter;SVL;;;;;;;;;;;;;;;;;
Ulrich von Winterstetten Lieder;1092;Deutsche Liederdichter. Hrsg. von Carl von Kraus. Tübingen, M. Niemeyer, 1951-58.;"Lemmatisiert, nicht disambiguiert.

Die Groß-/Kleinschreibung entspricht aus technischen Gründen nur teilweise der Edition.";0000000000ddss---kf;;5;;;;CvK;Carl von Kraus Liederdichter;UVW;;;;;;;;;;;;;;;;;
von Buchheim;1095;Deutsche Liederdichter. Hrsg. von Carl von Kraus. Tübingen, M. Niemeyer, 1951-58.;"Lemmatisiert, nicht disambiguiert.

Die Groß-/Kleinschreibung entspricht aus technischen Gründen nur teilweise der Edition.";0000000000ddss---kf;;5;;;;CvK;Carl von Kraus Liederdichter;VBU;;;;;;;;;;;;;;;;;
Ulrich von Winterstetten Leich;1092;Deutsche Liederdichter. Hrsg. von Carl von Kraus. Tübingen, M. Niemeyer, 1951-58.;"Lemmatisiert, nicht disambiguiert.

Die Groß-/Kleinschreibung entspricht aus technischen Gründen nur teilweise der Edition.";0000000000ddss---kf;;5;;;;CvK;Carl von Kraus Liederdichter;UWL;;;;;;;;;;;;;;;;;
Friedrich der Knecht;1096;Deutsche Liederdichter. Hrsg. von Carl von Kraus. Tübingen, M. Niemeyer, 1951-58.;"Lemmatisiert, nicht disambiguiert.

Die Groß-/Kleinschreibung entspricht aus technischen Gründen nur teilweise der Edition.";0000000000ddss---kf;;5;;;;CvK;Carl von Kraus Liederdichter;VDK;;;;;;;;;;;;;;;;;
Von Obernburg;1097;Deutsche Liederdichter. Hrsg. von Carl von Kraus. Tübingen, M. Niemeyer, 1951-58.;"Lemmatisiert, nicht disambiguiert.

Die Groß-/Kleinschreibung entspricht aus technischen Gründen nur teilweise der Edition.";0000000000ddss---kf;;5;;;;CvK;Carl von Kraus Liederdichter;VOB;;;;;;;;;;;;;;;;;
Von Wissenlo;1102;Deutsche Liederdichter. Hrsg. von Carl von Kraus. Tübingen, M. Niemeyer, 1951-58.;"Lemmatisiert, nicht disambiguiert.

Die Groß-/Kleinschreibung entspricht aus technischen Gründen nur teilweise der Edition.";0000000000ddss---kf;;5;;;;CvK;Carl von Kraus Liederdichter;VWI;;;;;;;;;;;;;;;;;
Von Stadeck;1100;Deutsche Liederdichter. Hrsg. von Carl von Kraus. Tübingen, M. Niemeyer, 1951-58.;"Lemmatisiert, nicht disambiguiert.

Die Groß-/Kleinschreibung entspricht aus technischen Gründen nur teilweise der Edition.";0000000000ddss---kf;;5;;;;CvK;Carl von Kraus Liederdichter;VST;;;;;;;;;;;;;;;;;
Der Taler;1271;;Die Groß-/Kleinschreibung entspricht aus technischen Gründen nur teilweise der Edition.;00000000000uddss--h;;5;;;;SMS;Schweizer Minnesänger;ST;;;;;;;;;;;;;;;;;
Die Minneburg;;"Die Minneburg. Nach der Heidelberger Pergamenthandschrift (Cpg. 455) unter Heranziehung der Kölner Handschrift und der Donaueschinger und Prager Fragmente hrsg. von HANS PYRITZ (DTM 43), Berlin 1950.

Elektronischer Text beruht zum Teil auf:

Die Minneburg[electronic resource] 

Elektronischer Text und Konzeptausdruck hergestellt für das Digitale

Mittelhochdeutsche Textarchiv (www.mhgta.uni-trier.de) und das Mittelhochdeutsche Wörterbuch 

(www.mhdwb.uni-trier.de).";"Das Werk besteht aus Teil 1 = Einleitung, Teil 2 = 3 einführende Gedichte, Teil 3 = Hauptteil, der unvollständig ist bei V. 5488 abbricht.



Teilweise lemmatisiert, nicht disambiguiert.

Die Groß-/Kleinschreibung entspricht aus technischen Gründen nur teilweise der Edition.";000000000000td----h;;244;;Entstanden in Würzburg um 1340.;;;;MNB;;;;;;;;;;;;;;;;;
Willehalm (U.v.T.);46;Meister Ulrich von dem Türlîn: Willehalm. Hrsg. v. S. Singer. Prag 1893. (=Bibliothek der mhd. Litteratur in Böhmen, Bd. 4);"Teilweise lemmatisiert, nicht disambiguiert.

Die Groß-/Kleinschreibung entspricht aus technischen Gründen nur teilweise der Edition.";00000000000000aaa--;;7;;;;;;WUT;;;;;;;;;;;;;;;;;
Abriss der böhmischen Geschichte;;"Di tutsch kronik von Behem lant. Die gereimte deutsche Übersetzung der alttschechischen Dalimil-Chronik. Rýmovaný německý překlad staročeské Dalimilovy kroniky (Ed. Vlastimil Brom). Brno: Masarykova univerzita 2009, S. 84-101.

Der digitale Text wurde von Vlastimil Brom zur Verfügung gestellt.";"Annalistischer Abriss der böhmischen Geschichte bis 1342. Überliefert zusammen mit der gereimten deutschen Übersetzung der Dalimil-Chronik - Di tutsch kronik von Behem lant (TKR) an der Stelle des Prologs. Die Annalen sind textuell unabhängig von der alttschechischen Dalimil-Chronik und gehen auf lateinische Vorlagen zurück.

Die Kapiteleinteilung erfolgt nach den handschriftlichen Überschriften (4 Kapitel) und entspricht der benutzten Ausgabe (Kap. 0-1 - 0-4).

Teilweise lemmatisiert, nicht disambiguiert.

Die Groß-/Kleinschreibung entspricht aus technischen Gründen nur teilweise der Edition.";000000000pppccc---h;;41;;Der Text ist wahrscheinlich zwischen 1342 und 1344 in Prag entstanden.;"Die Annalen sind in einer einzigen Handschrift überliefert: Signatur G 45, Bibliothek des Prager Metropolitankapitels, deponiert im Archiv der Prager Burg, Fol. 1ra-7ra.

Die Papierhandschrift ist auf das Jahr 1389 datiert (Schreiberkolophon).";;;TKA;;;;;;;;;;;;;;;;;
Herzogenburger Urkunden II;;"Michael FAIGL, Die Urkunden des regulirten Chorherrenstiftes Herzogenburg vom Jahre seiner Übertragung von St. Georgen 1244 bis 1450 (Wien 1886).

Digitale Bearbeitung: Institut zur Erschließung und Erforschung kirchlicher Quellen (IEEKQ), St.Pölten";"Insgesamt 258 nur deutschsprachige Urkunden numeriert von 42 - 300 und geordnet nach Jahr und Tag der Erstellung, beginnend mit 2.2.1319 und endend mit 16.6.1450. Im Erscheinungsbild erfolgt das Datum in der Folge Jahr - Monat - Tag.

Mit dem Digitalisat der Originalurkunden verlinkt. Der Zeilenumbruch entspricht hier bis auf wenige Ausnahmen immer dem Zeilenumbruch der Originalurkunden, allerdings ohne Silbentrennung am Zeilenende.



Teilweise Lemmatisiert, noch nicht disambiguiert.



Die Groß-/Kleinschreibung entspricht aus technischen Gründen nur teilweise der Edition.";00000zzzyyyyxxxx---;;141;1319-1450;Alle Urkunden sind Teil des Herzogenburger Stiftsarchiv und sind mit dem Entstehungsdatum versehen.;;;;HZU2;;;;;;;;;;;;;;;;;
Vorrede;;Eine Schweizer Kleinepiksammlung des 15. Jahrhunderts. Hrsg. von Hanns Fischer. Tübingen: Niemeyer 1965. (= ATB Nr. 65), S. 1.;"Besteht aus 18 Versen, beginnend mit V. 1.

Lemmatisiert und disambiguiert.

Die Groß-/Kleinschreibung entspricht aus technischen Gründen nur teilweise der Edition.";0000000000000000--k;;3;;;;SKS;;VOR;;;;;;;;;;;;;;;;;
Der Dürner;1035;Deutsche Liederdichter. Hrsg. von Carl von Kraus. Tübingen, M. Niemeyer, 1951-58.;Die Groß-/Kleinschreibung entspricht aus technischen Gründen nur teilweise der Edition.;000000000ddss---khf;;5;;;;CvK;Carl von Kraus Liederdichter;DUE;;;;;;;;;;;;;;;;;
Friderich von Liningen;1039;Deutsche Liederdichter. Hrsg. von Carl von Kraus. Tübingen, M. Niemeyer, 1951-58.;"Lemmatisiert, nicht disambiguiert.

Die Groß-/Kleinschreibung entspricht aus technischen Gründen nur teilweise der Edition.";000000000ddss---khf;;5;;;;CvK;Carl von Kraus Liederdichter;FVL;;;;;;;;;;;;;;;;;
Der Koch;;Eine Schweizer Kleinepiksammlung des 15. Jahrhunderts. Hrsg. von Hanns Fischer. Tübingen: Niemeyer 1965. (= ATB Nr. 65), S. 56-63.;"Besteht aus 160 Verszeilen beginnend mit V.1.

Lemmatisiert, nicht disambiguiert.

Die Groß-/Kleinschreibung entspricht aus technischen Gründen nur teilweise der Edition.";000000000000000---k;;3;;;;SKS;Eine Schweizer Kleinepiksammlung;KOC;;;;;;;;;;;;;;;;;
Falke und Eule;;Eine Schweizer Kleinepiksammlung des 15. Jahrhunderts. Hrsg. von Hanns Fischer. Tübingen: Niemeyer 1965. (= ATB Nr. 65), S. 5-8.;"Besteht aus 74 Verszeilen beginnend mit V.1.

Lemmatisiert, nicht disambiguiert.

Die Groß-/Kleinschreibung entspricht aus technischen Gründen nur teilweise der Edition.";000000000000000---k;;3;;;;SKS;Eine Schweizer Kleinepiksammlung;FUE;;;;;;;;;;;;;;;;;
Der Pfaffe im Käsekorb;;Eine Schweizer Kleinepiksammlung des 15. Jahrhunderts. Hrsg. von Hanns Fischer. Tübingen: Niemeyer 1965. (= ATB Nr. 65), S. 51-56.;"Besteht aus 99 Verszeilen beginnend mit V.1. Nach Vers 78 folgt ein eingeschobenes Lied.

Lemmatisiert, nicht disambiguiert.

Die Groß-/Kleinschreibung entspricht aus technischen Gründen nur teilweise der Edition.";000000000000000---i;;3;;;;SKS;Eine Schweizer Kleinepiksammlung;PIK;;;;;;;;;;;;;;;;;
Zwischenrede;;Eine Schweizer Kleinepiksammlung des 15. Jahrhunderts. Hrsg. von Hanns Fischer. Tübingen: Niemeyer 1965. (= ATB Nr. 65), S. 80-81.;"Besteht aus 24 Verszeilen beginnend mit V.1.

Lemmatisiert, nicht disambiguiert.

Die Groß-/Kleinschreibung entspricht aus technischen Gründen nur teilweise der Edition.";000000000000000---k;;3;;;;SKS;Eine Schweizer Kleinepiksammlung;ZWR;;;;;;;;;;;;;;;;;
Die gestohlene Monstranz;;Eine Schweizer Kleinepiksammlung des 15. Jahrhunderts. Hrsg. von Hanns Fischer. Tübingen: Niemeyer 1965. (= ATB Nr. 65), S. 84-86.;"Besteht aus 46 Verszeilen beginnend mit V.1.

Lemmatisiert, nicht disambiguiert.

Die Groß-/Kleinschreibung entspricht aus technischen Gründen nur teilweise der Edition.";000000000000000---k;;3;;;;SKS;Eine Schweizer Kleinepiksammlung;DGM;;;;;;;;;;;;;;;;;
Der Burggraf von Lienz;1027;Deutsche Liederdichter. Hrsg. von Carl von Kraus. Tübingen, M. Niemeyer, 1951-58.;"Lemmatisiert, nicht disambiguiert.

Die Groß-/Kleinschreibung entspricht aus technischen Gründen nur teilweise der Edition.";000000000ddss---khf;;5;;;;CvK;Carl von Kraus Liederdichter;BVL;;;;;;;;;;;;;;;;;
Walther von Prisach;1028;Deutsche Liederdichter. Hrsg. von Carl von Kraus. Tübingen, M. Niemeyer, 1951-58.;Die Groß-/Kleinschreibung entspricht aus technischen Gründen nur teilweise der Edition.;000000000ddss---khf;;5;;;;CvK;Carl von Kraus Liederdichter;WVP;;;;;;;;;;;;;;;;;
Brunwart von Augheim;1208;Deutsche Liederdichter. Hrsg. von Carl von Kraus. Tübingen, M. Niemeyer, 1951-58.;"Lemmatisiert, nicht disambiguiert.

Die Groß-/Kleinschreibung entspricht aus technischen Gründen nur teilweise der Edition.";000000000ddss---khf;;5;;;;CvK;Carl von Kraus Liederdichter;BVO;;;;;;;;;;;;;;;;;
Konrad von Kilchberg;1031;Deutsche Liederdichter. Hrsg. von Carl von Kraus. Tübingen, M. Niemeyer, 1951-58.;"Lemmatisiert, nicht disambiguiert.

Die Groß-/Kleinschreibung entspricht aus technischen Gründen nur teilweise der Edition.";000000000ddss---khf;;5;;;;CvK;Carl von Kraus Liederdichter;CKI;;;;;;;;;;;;;;;;;
Der grave von Anhalte;1034;Deutsche Liederdichter. Hrsg. von Carl von Kraus. Tübingen, M. Niemeyer, 1951-58.;"Lemmatisiert, nicht disambiguiert.

Die Groß-/Kleinschreibung entspricht aus technischen Gründen nur teilweise der Edition.";000000000ddss---khf;;5;;;;CvK;Carl von Kraus Liederdichter;DGA;;;;;;;;;;;;;;;;;
Der Düring;1036;Deutsche Liederdichter. Hrsg. von Carl von Kraus. Tübingen, M. Niemeyer, 1951-58.;"Lemmatisiert, nicht disambiguiert.

Die Groß-/Kleinschreibung entspricht aus technischen Gründen nur teilweise der Edition.";000000000ddss---khf;;5;;;;CvK;Carl von Kraus Liederdichter;DUR;;;;;;;;;;;;;;;;;
Der Schulmeister von Esslingen;1089;Deutsche Liederdichter. Hrsg. von Carl von Kraus. Tübingen, M. Niemeyer, 1951-58.;Die Groß-/Kleinschreibung entspricht aus technischen Gründen nur teilweise der Edition.;000000000ddss---khf;;5;;;;CvK;Carl von Kraus Liederdichter;SVE;;;;;;;;;;;;;;;;;
Gedrut — Geltar;1040;Deutsche Liederdichter. Hrsg. von Carl von Kraus. Tübingen, M. Niemeyer, 1951-58.;"Lemmatisiert, nicht disambiguiert.

Die Groß-/Kleinschreibung entspricht aus technischen Gründen nur teilweise der Edition.";000000000ddss---khf;;5;;;;CvK;Carl von Kraus Liederdichter;GEG;;;;;;;;;;;;;;;;;
Goesli von Ehenhein;1041;Deutsche Liederdichter. Hrsg. von Carl von Kraus. Tübingen, M. Niemeyer, 1951-58.;"Lemmatisiert, nicht disambiguiert.

Die Groß-/Kleinschreibung entspricht aus technischen Gründen nur teilweise der Edition.";000000000ddss---khf;;5;;;;CvK;Carl von Kraus Liederdichter;GVE;;;;;;;;;;;;;;;;;
Der wilde Alexander;1037;Deutsche Liederdichter. Hrsg. von Carl von Kraus. Tübingen, M. Niemeyer, 1951-58.;"Lemmatisiert, nicht disambiguiert.

Die Groß-/Kleinschreibung entspricht aus technischen Gründen nur teilweise der Edition.";000000000ddss---khf;;5;;;;CvK;Carl von Kraus Liederdichter;DWA;;;;;;;;;;;;;;;;;
Respice Finem;;Eine Schweizer Kleinepiksammlung des 15. Jahrhunderts. Hrsg. von Hanns Fischer. Tübingen: Niemeyer 1965. (= ATB Nr. 65), S. 18-22.;"Besteht aus 84 Verszeilen beginnend mit V.1.

Lemmatisiert, nicht disambiguiert.

Die Groß-/Kleinschreibung entspricht aus technischen Gründen nur teilweise der Edition.";000000000000000---k;;3;;;;SKS;Eine Schweizer Kleinepiksammlung;REF;;;;;;;;;;;;;;;;;
Fuchs und Wolf im Eimer;;Eine Schweizer Kleinepiksammlung des 15. Jahrhunderts. Hrsg. von Hanns Fischer. Tübingen: Niemeyer 1965. (= ATB Nr. 65), S. 2-5.;"besteht aus 72 Verszeilen beginnend mit V.1.

Lemmatisiert, nicht disambiguiert.

Die Groß-/Kleinschreibung entspricht aus technischen Gründen nur teilweise der Edition.";000000000000000---k;;3;;;;SKS;Eine Schweizer Kleinepiksammlung;FWE;;;;;;;;;;;;;;;;;
Das Säcklein Witz;;Eine Schweizer Kleinepiksammlung des 15. Jahrhunderts. Hrsg. von Hanns Fischer. Tübingen: Niemeyer 1965. (= ATB Nr. 65), S. 22-27.;"Besteht aus 120 Verszeilen beginnend mit V.1.

Lemmatisiert, nicht disambiguiert.

Die Groß-/Kleinschreibung entspricht aus technischen Gründen nur teilweise der Edition.";000000000000000---k;;3;;;;SKS;Eine Schweizer Kleinepiksammlung;DSW;;;;;;;;;;;;;;;;;
Ein Sohn beißt dem Vater die Nase ab;;Eine Schweizer Kleinepiksammlung des 15. Jahrhunderts. Hrsg. von Hanns Fischer. Tübingen: Niemeyer 1965. (= ATB Nr. 65), S. 27-30.;"Besteht aus 72 Verszeilen beginnend mit V.1.

Lemmatisiert, nicht disambiguiert.

Die Groß-/Kleinschreibung entspricht aus technischen Gründen nur teilweise der Edition.";000000000000000---k;;3;;;;SKS;Eine Schweizer Kleinepiksammlung;SBV;;;;;;;;;;;;;;;;;
Der Wolf als Fischer;;Eine Schweizer Kleinepiksammlung des 15. Jahrhunderts. Hrsg. von Hanns Fischer. Tübingen: Niemeyer 1965. (= ATB Nr. 65), S. 31-35.;"Besteht aus 100 Verszeilen beginnend mit V.1.

Lemmatisiert, nicht disambiguiert.

Die Groß-/Kleinschreibung entspricht aus technischen Gründen nur teilweise der Edition.";000000000000000---k;;3;;;;SKS;Eine Schweizer Kleinepiksammlung;WAF;;;;;;;;;;;;;;;;;
Der Pfaffe mit der Schnur;;Eine Schweizer Kleinepiksammlung des 15. Jahrhunderts. Hrsg. von Hanns Fischer. Tübingen: Niemeyer 1965. (= ATB Nr. 65), S. 35-43.;"Besteht aus 192 Verszeilen beginnend mit V.1.

Lemmatisiert, nicht disambiguiert.

Die Groß-/Kleinschreibung entspricht aus technischen Gründen nur teilweise der Edition.";000000000000000---k;;3;;;;SKS;Eine Schweizer Kleinepiksammlung;PMS;;;;;;;;;;;;;;;;;
Die Katze als Nonne;;Eine Schweizer Kleinepiksammlung des 15. Jahrhunderts. Hrsg. von Hanns Fischer. Tübingen: Niemeyer 1965. (= ATB Nr. 65), S. 44-46.;"Besteht aus 60 Verszeilen beginnend mit V.1.

Lemmatisiert, nicht disambiguiert.

Die Groß-/Kleinschreibung entspricht aus technischen Gründen nur teilweise der Edition.";000000000000000---k;;3;;;;SKS;Eine Schweizer Kleinepiksammlung;DKN;;;;;;;;;;;;;;;;;
St. Petrus und der Holzhacker;;Eine Schweizer Kleinepiksammlung des 15. Jahrhunderts. Hrsg. von Hanns Fischer. Tübingen: Niemeyer 1965. (= ATB Nr. 65), S. 47-51.;"Besteht aus 100 Verszeilen beginnend mit V.1.

Lemmatisiert, nicht disambiguiert.

Die Groß-/Kleinschreibung entspricht aus technischen Gründen nur teilweise der Edition.";000000000000000---k;;3;;;;SKS;Eine Schweizer Kleinepiksammlung;STP;;;;;;;;;;;;;;;;;
Der hässliche Pfaffe;;Eine Schweizer Kleinepiksammlung des 15. Jahrhunderts. Hrsg. von Hanns Fischer. Tübingen: Niemeyer 1965. (= ATB Nr. 65), S. 86-89.;"Besteht aus 60 Verszeilen beginnend mit V.1.

Lemmatisiert, nicht disambiguiert.

Die Groß-/Kleinschreibung entspricht aus technischen Gründen nur teilweise der Edition.";000000000000000---k;;3;;;;SKS;Eine Schweizer Kleinepiksammlung;HPF;;;;;;;;;;;;;;;;;
Von Scharfenberg;1327;Deutsche Liederdichter. Hrsg. von Carl von Kraus. Tübingen, M. Niemeyer, 1951-58.;"Lemmatisiert, nicht disambiguiert.

Die Groß-/Kleinschreibung entspricht aus technischen Gründen nur teilweise der Edition.";0000000000ddss---kf;;5;;;;CvK;Carl von Kraus Liederdichter;VSB;;;;;;;;;;;;;;;;;
Herzog Heinrich von Pressela;1050;Deutsche Liederdichter. Hrsg. von Carl von Kraus. Tübingen, M. Niemeyer, 1951-58.;"Lemmatisiert, nicht disambiguiert.

Die Groß-/Kleinschreibung entspricht aus technischen Gründen nur teilweise der Edition.";0000000000ddss---kf;;5;;;;CvK;Carl von Kraus Liederdichter;HHP;;;;;;;;;;;;;;;;;
Vom Geburtsfest Marias;;Marienlegenden aus dem alten Passional. Hrsg. von Hans-Georg Richert. Tübingen: Niemeyer 1965. (= ATB Nr. 64), S. 1-5.;"Lemmatisiert, nicht disambiguiert.

Die Groß-/Kleinschreibung entspricht aus technischen Gründen nur teilweise der Edition.";0000000000000000---;1603;4;;"Das 'Passional' besteht aus drei Büchern: 1. Marienleben, Leben Jesu und Passionsgeschichte, 2. Legenden der Apostel, 3. Legenden der Heiligen, geordnet nach dem liturgischen Jahreskalender (Beginn am 6. Dezember = Nikolaus). Die wichtigste Quelle, aus der die Sammlung schöpfte, ist die lateinische 'Legenda aurea' des Jacobus de Voragine. Allerdings sind die genauen Beziehungen noch nicht befriedigend geklärt. Der Text ist in Mittelhochdeutsch verfasst. Da viele der Ordensbrüder des Deutschen Ordens lateinunkundig und Illiteraten waren, diente das Passional u. a. auch als Tischlesung oder als Predigten, die auch dem Volk vermittelt wurden. Es sollte sowohl zur Kontemplation anregen als auch Beispiele für christliche Vorbilder geben. Besonders wurde auf die Marienverehrung wert gelegt, da der Deutsche Orden Maria als Schutzpatronin erwählt hatte. Im Hochmittelalter stieg die Verehrung der Gottesmutter stark an, die in den Marienlegenden des Alten Passional oft als Advokata bzw. Mittlerin zwischen Gott und dem Menschen stand.Der Verfasser ist unbekannt. Es handelt sich dabei um einen Geistlichen von hoher Bildung, der vermutlich Mitglied des Deutschen Ordens gewesen ist und dieses Werk im Namen eines von ihm Übergeordneten verfasst haben müsste. Durch Untersuchungen der Reimsprache hat man geschlossen, dass er aus Thüringen stammen könnte, auch wenn das 'Passional' im Ordensstaat geschrieben sein dürfte. Möglicherweise ist er auch der Autor des so genannten 'Väterbuchs', einer Geschichtensammlung über heilige Einsiedler.

http://de.wikipedia.org/wiki/Passional";"I = Ehem. Preuß. Staatsbib. Berlin Ms.germ. fol. 778 (z. Z. UB Tübingen), Perg., Wende 13./14. Jh. Haupths. der vorliegenden Ausg. Enth. die B. I und II des Passionals mit den in d. Hdbg. Hs. fehlenden Marienleg. samt »Nachrede« und 6 Jakobuslegenden. Anstelle der Magdalenenlegende Hahn 389,67 ff. finden sich hier drei Legenden.

Zur Zeit in der UB Tübingen, Depot d. ehem. Preuß. Staatsbib.

A = österreichische Nationalb. Wien Cod. 2694, Pergament, frühes 14. Jh. Pass.-Hs. der B. I und II, mit Zusätzen gegenü. H. Enth. auf den Bll. 46ra - 75rb sämtl. Mll. samt ""Nachr."". 

H = UB Heidelberg cpg 352, Perg., 1. H. 14. Jh. Pass.-Hs. der Bücher I und II. Enth. auf den Bll. 92ra-98rb die Mll. I-V.

B = UB Heidelberg cpg 341, Perg., früh. 14. Jh. Enth. auf den Bll. 34ra-61ra die Mll. mit Ausn. der Nrr. XXI und XXV.

C = Metropolitanbib. Kälocsa Cod. 1, Perg., früh. 14. Jh. Enth. auf den Bll. 50rb - 77rb die Mll. mit Ausn. der Nrr. XXI und XXV. Verschollen: Abschrift i. German. Seminar in Hamburg benutzt und Varianten unter der Sigle C mitgeteilt.

D = österreichische Nationalbib. Wien Cod. 2677, Perg., früh. 14. Jh. 

E = ö. Nationalbib. Wien Cod. 2779, Perg., 14. Jh. 

D = ö. Nationalbib. Wien Cod. 2677, Pergament, frühes 14. Jh.

E = österreichische Nationalbibliothek Wien Cod. 2779, Pergament, 14. Jh. 

M = Bib. des Benediktinerstifts Melk Cod. R 18, Perg., 14. Jh.";MAP;Marienlegenden aus dem alten Passional;VGM;;;;;;;;;;;;;;;;;
Erscheinung am Lichtmesstage;;Marienlegenden aus dem alten Passional. Hrsg. von Hans-Georg Richert. Tübingen: Niemeyer 1965. (= ATB Nr. 64), S. 1-5.;"Lemmatisiert, nicht disambiguiert.

Die Groß-/Kleinschreibung entspricht aus technischen Gründen nur teilweise der Edition.";0000000000000000---;1583;4;;"Das 'Passional' besteht aus drei Büchern: 1. Marienleben, Leben Jesu und Passionsgeschichte, 2. Legenden der Apostel, 3. Legenden der Heiligen, geordnet nach dem liturgischen Jahreskalender (Beginn am 6. Dezember = Nikolaus). Die wichtigste Quelle, aus der die Sammlung schöpfte, ist die lateinische 'Legenda aurea' des Jacobus de Voragine. Allerdings sind die genauen Beziehungen noch nicht befriedigend geklärt. Der Text ist in Mittelhochdeutsch verfasst. Da viele der Ordensbrüder des Deutschen Ordens lateinunkundig und Illiteraten waren, diente das Passional u. a. auch als Tischlesung oder als Predigten, die auch dem Volk vermittelt wurden. Es sollte sowohl zur Kontemplation anregen als auch Beispiele für christliche Vorbilder geben. Besonders wurde auf die Marienverehrung wert gelegt, da der Deutsche Orden Maria als Schutzpatronin erwählt hatte. Im Hochmittelalter stieg die Verehrung der Gottesmutter stark an, die in den Marienlegenden des Alten Passional oft als Advokata bzw. Mittlerin zwischen Gott und dem Menschen stand.Der Verfasser ist unbekannt. Es handelt sich dabei um einen Geistlichen von hoher Bildung, der vermutlich Mitglied des Deutschen Ordens gewesen ist und dieses Werk im Namen eines von ihm Übergeordneten verfasst haben müsste. Durch Untersuchungen der Reimsprache hat man geschlossen, dass er aus Thüringen stammen könnte, auch wenn das 'Passional' im Ordensstaat geschrieben sein dürfte. Möglicherweise ist er auch der Autor des so genannten 'Väterbuchs', einer Geschichtensammlung über heilige Einsiedler.

http://de.wikipedia.org/wiki/Passional";"I = Ehem. Preuß. Staatsbib. Berlin Ms.germ. fol. 778 (z. Z. UB Tübingen), Perg., Wende 13./14. Jh. Haupths. der vorliegenden Ausg. Enth. die B. I und II des Passionals mit den in d. Hdbg. Hs. fehlenden Marienleg. samt »Nachrede« und 6 Jakobuslegenden. Anstelle der Magdalenenlegende Hahn 389,67 ff. finden sich hier drei Legenden.

Zur Zeit in der UB Tübingen, Depot d. ehem. Preuß. Staatsbib.

A = österreichische Nationalb. Wien Cod. 2694, Pergament, frühes 14. Jh. Pass.-Hs. der B. I und II, mit Zusätzen gegenü. H. Enth. auf den Bll. 46ra - 75rb sämtl. Mll. samt ""Nachr."". 

H = UB Heidelberg cpg 352, Perg., 1. H. 14. Jh. Pass.-Hs. der Bücher I und II. Enth. auf den Bll. 92ra-98rb die Mll. I-V.

B = UB Heidelberg cpg 341, Perg., früh. 14. Jh. Enth. auf den Bll. 34ra-61ra die Mll. mit Ausn. der Nrr. XXI und XXV.

C = Metropolitanbib. Kälocsa Cod. 1, Perg., früh. 14. Jh. Enth. auf den Bll. 50rb - 77rb die Mll. mit Ausn. der Nrr. XXI und XXV. Verschollen: Abschrift i. German. Seminar in Hamburg benutzt und Varianten unter der Sigle C mitgeteilt.

D = österreichische Nationalbib. Wien Cod. 2677, Perg., früh. 14. Jh. 

E = ö. Nationalbib. Wien Cod. 2779, Perg., 14. Jh. 

D = ö. Nationalbib. Wien Cod. 2677, Pergament, frühes 14. Jh.

E = österreichische Nationalbibliothek Wien Cod. 2779, Pergament, 14. Jh. 

M = Bib. des Benediktinerstifts Melk Cod. R 18, Perg., 14. Jh.";MAP;Marienlegenden aus dem alten Passional;EAL;;;;;;;;;;;;;;;;;
Die Rettung des gehängten Diebes;;Marienlegenden aus dem alten Passional. Hrsg. von Hans-Georg Richert. Tübingen: Niemeyer 1965. (= ATB Nr. 64), S. 1-5.;"Lemmatisiert, nicht disambiguiert.

Die Groß-/Kleinschreibung entspricht aus technischen Gründen nur teilweise der Edition.";0000000000000000---;1595;4;;"Das 'Passional' besteht aus drei Büchern: 1. Marienleben, Leben Jesu und Passionsgeschichte, 2. Legenden der Apostel, 3. Legenden der Heiligen, geordnet nach dem liturgischen Jahreskalender (Beginn am 6. Dezember = Nikolaus). Die wichtigste Quelle, aus der die Sammlung schöpfte, ist die lateinische 'Legenda aurea' des Jacobus de Voragine. Allerdings sind die genauen Beziehungen noch nicht befriedigend geklärt. Der Text ist in Mittelhochdeutsch verfasst. Da viele der Ordensbrüder des Deutschen Ordens lateinunkundig und Illiteraten waren, diente das Passional u. a. auch als Tischlesung oder als Predigten, die auch dem Volk vermittelt wurden. Es sollte sowohl zur Kontemplation anregen als auch Beispiele für christliche Vorbilder geben. Besonders wurde auf die Marienverehrung wert gelegt, da der Deutsche Orden Maria als Schutzpatronin erwählt hatte. Im Hochmittelalter stieg die Verehrung der Gottesmutter stark an, die in den Marienlegenden des Alten Passional oft als Advokata bzw. Mittlerin zwischen Gott und dem Menschen stand.Der Verfasser ist unbekannt. Es handelt sich dabei um einen Geistlichen von hoher Bildung, der vermutlich Mitglied des Deutschen Ordens gewesen ist und dieses Werk im Namen eines von ihm Übergeordneten verfasst haben müsste. Durch Untersuchungen der Reimsprache hat man geschlossen, dass er aus Thüringen stammen könnte, auch wenn das 'Passional' im Ordensstaat geschrieben sein dürfte. Möglicherweise ist er auch der Autor des so genannten 'Väterbuchs', einer Geschichtensammlung über heilige Einsiedler.

http://de.wikipedia.org/wiki/Passional";"I = Ehem. Preuß. Staatsbib. Berlin Ms.germ. fol. 778 (z. Z. UB Tübingen), Perg., Wende 13./14. Jh. Haupths. der vorliegenden Ausg. Enth. die B. I und II des Passionals mit den in d. Hdbg. Hs. fehlenden Marienleg. samt »Nachrede« und 6 Jakobuslegenden. Anstelle der Magdalenenlegende Hahn 389,67 ff. finden sich hier drei Legenden.

Zur Zeit in der UB Tübingen, Depot d. ehem. Preuß. Staatsbib.

A = österreichische Nationalb. Wien Cod. 2694, Pergament, frühes 14. Jh. Pass.-Hs. der B. I und II, mit Zusätzen gegenü. H. Enth. auf den Bll. 46ra - 75rb sämtl. Mll. samt ""Nachr."". 

H = UB Heidelberg cpg 352, Perg., 1. H. 14. Jh. Pass.-Hs. der Bücher I und II. Enth. auf den Bll. 92ra-98rb die Mll. I-V.

B = UB Heidelberg cpg 341, Perg., früh. 14. Jh. Enth. auf den Bll. 34ra-61ra die Mll. mit Ausn. der Nrr. XXI und XXV.

C = Metropolitanbib. Kälocsa Cod. 1, Perg., früh. 14. Jh. Enth. auf den Bll. 50rb - 77rb die Mll. mit Ausn. der Nrr. XXI und XXV. Verschollen: Abschrift i. German. Seminar in Hamburg benutzt und Varianten unter der Sigle C mitgeteilt.

D = österreichische Nationalbib. Wien Cod. 2677, Perg., früh. 14. Jh. 

E = ö. Nationalbib. Wien Cod. 2779, Perg., 14. Jh. 

D = ö. Nationalbib. Wien Cod. 2677, Pergament, frühes 14. Jh.

E = österreichische Nationalbibliothek Wien Cod. 2779, Pergament, 14. Jh. 

M = Bib. des Benediktinerstifts Melk Cod. R 18, Perg., 14. Jh.";MAP;Marienlegenden aus dem alten Passional;RGD;;;;;;;;;;;;;;;;;
Maria im Turnier;;Marienlegenden aus dem alten Passional. Hrsg. von Hans-Georg Richert. Tübingen: Niemeyer 1965. (= ATB Nr. 64), S. 1-5.;"Lemmatisiert, nicht disambiguiert.

Die Groß-/Kleinschreibung entspricht aus technischen Gründen nur teilweise der Edition.";0000000000000000---;1590;4;Maria und der Ritter;"Das 'Passional' besteht aus drei Büchern: 1. Marienleben, Leben Jesu und Passionsgeschichte, 2. Legenden der Apostel, 3. Legenden der Heiligen, geordnet nach dem liturgischen Jahreskalender (Beginn am 6. Dezember = Nikolaus). Die wichtigste Quelle, aus der die Sammlung schöpfte, ist die lateinische 'Legenda aurea' des Jacobus de Voragine. Allerdings sind die genauen Beziehungen noch nicht befriedigend geklärt. Der Text ist in Mittelhochdeutsch verfasst. Da viele der Ordensbrüder des Deutschen Ordens lateinunkundig und Illiteraten waren, diente das Passional u. a. auch als Tischlesung oder als Predigten, die auch dem Volk vermittelt wurden. Es sollte sowohl zur Kontemplation anregen als auch Beispiele für christliche Vorbilder geben. Besonders wurde auf die Marienverehrung wert gelegt, da der Deutsche Orden Maria als Schutzpatronin erwählt hatte. Im Hochmittelalter stieg die Verehrung der Gottesmutter stark an, die in den Marienlegenden des Alten Passional oft als Advokata bzw. Mittlerin zwischen Gott und dem Menschen stand.Der Verfasser ist unbekannt. Es handelt sich dabei um einen Geistlichen von hoher Bildung, der vermutlich Mitglied des Deutschen Ordens gewesen ist und dieses Werk im Namen eines von ihm Übergeordneten verfasst haben müsste. Durch Untersuchungen der Reimsprache hat man geschlossen, dass er aus Thüringen stammen könnte, auch wenn das 'Passional' im Ordensstaat geschrieben sein dürfte. Möglicherweise ist er auch der Autor des so genannten 'Väterbuchs', einer Geschichtensammlung über heilige Einsiedler.

http://de.wikipedia.org/wiki/Passional";"I = Ehem. Preuß. Staatsbib. Berlin Ms.germ. fol. 778 (z. Z. UB Tübingen), Perg., Wende 13./14. Jh. Haupths. der vorliegenden Ausg. Enth. die B. I und II des Passionals mit den in d. Hdbg. Hs. fehlenden Marienleg. samt »Nachrede« und 6 Jakobuslegenden. Anstelle der Magdalenenlegende Hahn 389,67 ff. finden sich hier drei Legenden.

Zur Zeit in der UB Tübingen, Depot d. ehem. Preuß. Staatsbib.

A = österreichische Nationalb. Wien Cod. 2694, Pergament, frühes 14. Jh. Pass.-Hs. der B. I und II, mit Zusätzen gegenü. H. Enth. auf den Bll. 46ra - 75rb sämtl. Mll. samt ""Nachr."". 

H = UB Heidelberg cpg 352, Perg., 1. H. 14. Jh. Pass.-Hs. der Bücher I und II. Enth. auf den Bll. 92ra-98rb die Mll. I-V.

B = UB Heidelberg cpg 341, Perg., früh. 14. Jh. Enth. auf den Bll. 34ra-61ra die Mll. mit Ausn. der Nrr. XXI und XXV.

C = Metropolitanbib. Kälocsa Cod. 1, Perg., früh. 14. Jh. Enth. auf den Bll. 50rb - 77rb die Mll. mit Ausn. der Nrr. XXI und XXV. Verschollen: Abschrift i. German. Seminar in Hamburg benutzt und Varianten unter der Sigle C mitgeteilt.

D = österreichische Nationalbib. Wien Cod. 2677, Perg., früh. 14. Jh. 

E = ö. Nationalbib. Wien Cod. 2779, Perg., 14. Jh. 

D = ö. Nationalbib. Wien Cod. 2677, Pergament, frühes 14. Jh.

E = österreichische Nationalbibliothek Wien Cod. 2779, Pergament, 14. Jh. 

M = Bib. des Benediktinerstifts Melk Cod. R 18, Perg., 14. Jh.";MAP;Marienlegenden aus dem alten Passional;MIT;;;;;;;;;;;;;;;;;
Der Jesusknabe als Geisel;;Marienlegenden aus dem alten Passional. Hrsg. von Hans-Georg Richert. Tübingen: Niemeyer 1965. (= ATB Nr. 64), S. 1-5.;"Lemmatisiert, nicht disambiguiert.

Die Groß-/Kleinschreibung entspricht aus technischen Gründen nur teilweise der Edition.";0000000000000000---;1587;4;Die Witwe und ihr Sohn;"Das 'Passional' besteht aus drei Büchern: 1. Marienleben, Leben Jesu und Passionsgeschichte, 2. Legenden der Apostel, 3. Legenden der Heiligen, geordnet nach dem liturgischen Jahreskalender (Beginn am 6. Dezember = Nikolaus). Die wichtigste Quelle, aus der die Sammlung schöpfte, ist die lateinische 'Legenda aurea' des Jacobus de Voragine. Allerdings sind die genauen Beziehungen noch nicht befriedigend geklärt. Der Text ist in Mittelhochdeutsch verfasst. Da viele der Ordensbrüder des Deutschen Ordens lateinunkundig und Illiteraten waren, diente das Passional u. a. auch als Tischlesung oder als Predigten, die auch dem Volk vermittelt wurden. Es sollte sowohl zur Kontemplation anregen als auch Beispiele für christliche Vorbilder geben. Besonders wurde auf die Marienverehrung wert gelegt, da der Deutsche Orden Maria als Schutzpatronin erwählt hatte. Im Hochmittelalter stieg die Verehrung der Gottesmutter stark an, die in den Marienlegenden des Alten Passional oft als Advokata bzw. Mittlerin zwischen Gott und dem Menschen stand.Der Verfasser ist unbekannt. Es handelt sich dabei um einen Geistlichen von hoher Bildung, der vermutlich Mitglied des Deutschen Ordens gewesen ist und dieses Werk im Namen eines von ihm Übergeordneten verfasst haben müsste. Durch Untersuchungen der Reimsprache hat man geschlossen, dass er aus Thüringen stammen könnte, auch wenn das 'Passional' im Ordensstaat geschrieben sein dürfte. Möglicherweise ist er auch der Autor des so genannten 'Väterbuchs', einer Geschichtensammlung über heilige Einsiedler.

http://de.wikipedia.org/wiki/Passional";"I = Ehem. Preuß. Staatsbib. Berlin Ms.germ. fol. 778 (z. Z. UB Tübingen), Perg., Wende 13./14. Jh. Haupths. der vorliegenden Ausg. Enth. die B. I und II des Passionals mit den in d. Hdbg. Hs. fehlenden Marienleg. samt »Nachrede« und 6 Jakobuslegenden. Anstelle der Magdalenenlegende Hahn 389,67 ff. finden sich hier drei Legenden.

Zur Zeit in der UB Tübingen, Depot d. ehem. Preuß. Staatsbib.

A = österreichische Nationalb. Wien Cod. 2694, Pergament, frühes 14. Jh. Pass.-Hs. der B. I und II, mit Zusätzen gegenü. H. Enth. auf den Bll. 46ra - 75rb sämtl. Mll. samt ""Nachr."". 

H = UB Heidelberg cpg 352, Perg., 1. H. 14. Jh. Pass.-Hs. der Bücher I und II. Enth. auf den Bll. 92ra-98rb die Mll. I-V.

B = UB Heidelberg cpg 341, Perg., früh. 14. Jh. Enth. auf den Bll. 34ra-61ra die Mll. mit Ausn. der Nrr. XXI und XXV.

C = Metropolitanbib. Kälocsa Cod. 1, Perg., früh. 14. Jh. Enth. auf den Bll. 50rb - 77rb die Mll. mit Ausn. der Nrr. XXI und XXV. Verschollen: Abschrift i. German. Seminar in Hamburg benutzt und Varianten unter der Sigle C mitgeteilt.

D = österreichische Nationalbib. Wien Cod. 2677, Perg., früh. 14. Jh. 

E = ö. Nationalbib. Wien Cod. 2779, Perg., 14. Jh. 

D = ö. Nationalbib. Wien Cod. 2677, Pergament, frühes 14. Jh.

E = österreichische Nationalbibliothek Wien Cod. 2779, Pergament, 14. Jh. 

M = Bib. des Benediktinerstifts Melk Cod. R 18, Perg., 14. Jh.";MAP;Marienlegenden aus dem alten Passional;JKN;;;;;;;;;;;;;;;;;
Ein Scholar, Marias Bräutigam;;Marienlegenden aus dem alten Passional. Hrsg. von Hans-Georg Richert. Tübingen: Niemeyer 1965. (= ATB Nr. 64), S. 1-5.;"Lemmatisiert, nicht disambiguiert.

Die Groß-/Kleinschreibung entspricht aus technischen Gründen nur teilweise der Edition.";0000000000000000---;1596;4;;"Das 'Passional' besteht aus drei Büchern: 1. Marienleben, Leben Jesu und Passionsgeschichte, 2. Legenden der Apostel, 3. Legenden der Heiligen, geordnet nach dem liturgischen Jahreskalender (Beginn am 6. Dezember = Nikolaus). Die wichtigste Quelle, aus der die Sammlung schöpfte, ist die lateinische 'Legenda aurea' des Jacobus de Voragine. Allerdings sind die genauen Beziehungen noch nicht befriedigend geklärt. Der Text ist in Mittelhochdeutsch verfasst. Da viele der Ordensbrüder des Deutschen Ordens lateinunkundig und Illiteraten waren, diente das Passional u. a. auch als Tischlesung oder als Predigten, die auch dem Volk vermittelt wurden. Es sollte sowohl zur Kontemplation anregen als auch Beispiele für christliche Vorbilder geben. Besonders wurde auf die Marienverehrung wert gelegt, da der Deutsche Orden Maria als Schutzpatronin erwählt hatte. Im Hochmittelalter stieg die Verehrung der Gottesmutter stark an, die in den Marienlegenden des Alten Passional oft als Advokata bzw. Mittlerin zwischen Gott und dem Menschen stand.Der Verfasser ist unbekannt. Es handelt sich dabei um einen Geistlichen von hoher Bildung, der vermutlich Mitglied des Deutschen Ordens gewesen ist und dieses Werk im Namen eines von ihm Übergeordneten verfasst haben müsste. Durch Untersuchungen der Reimsprache hat man geschlossen, dass er aus Thüringen stammen könnte, auch wenn das 'Passional' im Ordensstaat geschrieben sein dürfte. Möglicherweise ist er auch der Autor des so genannten 'Väterbuchs', einer Geschichtensammlung über heilige Einsiedler.

http://de.wikipedia.org/wiki/Passional";"I = Ehem. Preuß. Staatsbib. Berlin Ms.germ. fol. 778 (z. Z. UB Tübingen), Perg., Wende 13./14. Jh. Haupths. der vorliegenden Ausg. Enth. die B. I und II des Passionals mit den in d. Hdbg. Hs. fehlenden Marienleg. samt »Nachrede« und 6 Jakobuslegenden. Anstelle der Magdalenenlegende Hahn 389,67 ff. finden sich hier drei Legenden.

Zur Zeit in der UB Tübingen, Depot d. ehem. Preuß. Staatsbib.

A = österreichische Nationalb. Wien Cod. 2694, Pergament, frühes 14. Jh. Pass.-Hs. der B. I und II, mit Zusätzen gegenü. H. Enth. auf den Bll. 46ra - 75rb sämtl. Mll. samt ""Nachr."". 

H = UB Heidelberg cpg 352, Perg., 1. H. 14. Jh. Pass.-Hs. der Bücher I und II. Enth. auf den Bll. 92ra-98rb die Mll. I-V.

B = UB Heidelberg cpg 341, Perg., früh. 14. Jh. Enth. auf den Bll. 34ra-61ra die Mll. mit Ausn. der Nrr. XXI und XXV.

C = Metropolitanbib. Kälocsa Cod. 1, Perg., früh. 14. Jh. Enth. auf den Bll. 50rb - 77rb die Mll. mit Ausn. der Nrr. XXI und XXV. Verschollen: Abschrift i. German. Seminar in Hamburg benutzt und Varianten unter der Sigle C mitgeteilt.

D = österreichische Nationalbib. Wien Cod. 2677, Perg., früh. 14. Jh. 

E = ö. Nationalbib. Wien Cod. 2779, Perg., 14. Jh. 

D = ö. Nationalbib. Wien Cod. 2677, Pergament, frühes 14. Jh.

E = österreichische Nationalbibliothek Wien Cod. 2779, Pergament, 14. Jh. 

M = Bib. des Benediktinerstifts Melk Cod. R 18, Perg., 14. Jh.";MAP;Marienlegenden aus dem alten Passional;SMB;;;;;;;;;;;;;;;;;
Salve Sancta Parens;;Marienlegenden aus dem alten Passional. Hrsg. von Hans-Georg Richert. Tübingen: Niemeyer 1965. (= ATB Nr. 64), S. 1-5.;"Lemmatisiert, nicht disambiguiert.

Die Groß-/Kleinschreibung entspricht aus technischen Gründen nur teilweise der Edition.";0000000000000000---;1597;4;Der einfältige Pfarrer;"Das 'Passional' besteht aus drei Büchern: 1. Marienleben, Leben Jesu und Passionsgeschichte, 2. Legenden der Apostel, 3. Legenden der Heiligen, geordnet nach dem liturgischen Jahreskalender (Beginn am 6. Dezember = Nikolaus). Die wichtigste Quelle, aus der die Sammlung schöpfte, ist die lateinische 'Legenda aurea' des Jacobus de Voragine. Allerdings sind die genauen Beziehungen noch nicht befriedigend geklärt. Der Text ist in Mittelhochdeutsch verfasst. Da viele der Ordensbrüder des Deutschen Ordens lateinunkundig und Illiteraten waren, diente das Passional u. a. auch als Tischlesung oder als Predigten, die auch dem Volk vermittelt wurden. Es sollte sowohl zur Kontemplation anregen als auch Beispiele für christliche Vorbilder geben. Besonders wurde auf die Marienverehrung wert gelegt, da der Deutsche Orden Maria als Schutzpatronin erwählt hatte. Im Hochmittelalter stieg die Verehrung der Gottesmutter stark an, die in den Marienlegenden des Alten Passional oft als Advokata bzw. Mittlerin zwischen Gott und dem Menschen stand.Der Verfasser ist unbekannt. Es handelt sich dabei um einen Geistlichen von hoher Bildung, der vermutlich Mitglied des Deutschen Ordens gewesen ist und dieses Werk im Namen eines von ihm Übergeordneten verfasst haben müsste. Durch Untersuchungen der Reimsprache hat man geschlossen, dass er aus Thüringen stammen könnte, auch wenn das 'Passional' im Ordensstaat geschrieben sein dürfte. Möglicherweise ist er auch der Autor des so genannten 'Väterbuchs', einer Geschichtensammlung über heilige Einsiedler.

http://de.wikipedia.org/wiki/Passional";"I = Ehem. Preuß. Staatsbib. Berlin Ms.germ. fol. 778 (z. Z. UB Tübingen), Perg., Wende 13./14. Jh. Haupths. der vorliegenden Ausg. Enth. die B. I und II des Passionals mit den in d. Hdbg. Hs. fehlenden Marienleg. samt »Nachrede« und 6 Jakobuslegenden. Anstelle der Magdalenenlegende Hahn 389,67 ff. finden sich hier drei Legenden.

Zur Zeit in der UB Tübingen, Depot d. ehem. Preuß. Staatsbib.

A = österreichische Nationalb. Wien Cod. 2694, Pergament, frühes 14. Jh. Pass.-Hs. der B. I und II, mit Zusätzen gegenü. H. Enth. auf den Bll. 46ra - 75rb sämtl. Mll. samt ""Nachr."". 

H = UB Heidelberg cpg 352, Perg., 1. H. 14. Jh. Pass.-Hs. der Bücher I und II. Enth. auf den Bll. 92ra-98rb die Mll. I-V.

B = UB Heidelberg cpg 341, Perg., früh. 14. Jh. Enth. auf den Bll. 34ra-61ra die Mll. mit Ausn. der Nrr. XXI und XXV.

C = Metropolitanbib. Kälocsa Cod. 1, Perg., früh. 14. Jh. Enth. auf den Bll. 50rb - 77rb die Mll. mit Ausn. der Nrr. XXI und XXV. Verschollen: Abschrift i. German. Seminar in Hamburg benutzt und Varianten unter der Sigle C mitgeteilt.

D = österreichische Nationalbib. Wien Cod. 2677, Perg., früh. 14. Jh. 

E = ö. Nationalbib. Wien Cod. 2779, Perg., 14. Jh. 

D = ö. Nationalbib. Wien Cod. 2677, Pergament, frühes 14. Jh.

E = österreichische Nationalbibliothek Wien Cod. 2779, Pergament, 14. Jh. 

M = Bib. des Benediktinerstifts Melk Cod. R 18, Perg., 14. Jh.";MAP;Marienlegenden aus dem alten Passional;SSP;;;;;;;;;;;;;;;;;
Der Traum des Scholaren;;Marienlegenden aus dem alten Passional. Hrsg. von Hans-Georg Richert. Tübingen: Niemeyer 1965. (= ATB Nr. 64), S. 1-5.;"Lemmatisiert, nicht disambiguiert.

Die Groß-/Kleinschreibung entspricht aus technischen Gründen nur teilweise der Edition.";0000000000000000---;1601;4;Der Schüler aus Sizilien;"Das 'Passional' besteht aus drei Büchern: 1. Marienleben, Leben Jesu und Passionsgeschichte, 2. Legenden der Apostel, 3. Legenden der Heiligen, geordnet nach dem liturgischen Jahreskalender (Beginn am 6. Dezember = Nikolaus). Die wichtigste Quelle, aus der die Sammlung schöpfte, ist die lateinische 'Legenda aurea' des Jacobus de Voragine. Allerdings sind die genauen Beziehungen noch nicht befriedigend geklärt. Der Text ist in Mittelhochdeutsch verfasst. Da viele der Ordensbrüder des Deutschen Ordens lateinunkundig und Illiteraten waren, diente das Passional u. a. auch als Tischlesung oder als Predigten, die auch dem Volk vermittelt wurden. Es sollte sowohl zur Kontemplation anregen als auch Beispiele für christliche Vorbilder geben. Besonders wurde auf die Marienverehrung wert gelegt, da der Deutsche Orden Maria als Schutzpatronin erwählt hatte. Im Hochmittelalter stieg die Verehrung der Gottesmutter stark an, die in den Marienlegenden des Alten Passional oft als Advokata bzw. Mittlerin zwischen Gott und dem Menschen stand.Der Verfasser ist unbekannt. Es handelt sich dabei um einen Geistlichen von hoher Bildung, der vermutlich Mitglied des Deutschen Ordens gewesen ist und dieses Werk im Namen eines von ihm Übergeordneten verfasst haben müsste. Durch Untersuchungen der Reimsprache hat man geschlossen, dass er aus Thüringen stammen könnte, auch wenn das 'Passional' im Ordensstaat geschrieben sein dürfte. Möglicherweise ist er auch der Autor des so genannten 'Väterbuchs', einer Geschichtensammlung über heilige Einsiedler.

http://de.wikipedia.org/wiki/Passional";"I = Ehem. Preuß. Staatsbib. Berlin Ms.germ. fol. 778 (z. Z. UB Tübingen), Perg., Wende 13./14. Jh. Haupths. der vorliegenden Ausg. Enth. die B. I und II des Passionals mit den in d. Hdbg. Hs. fehlenden Marienleg. samt »Nachrede« und 6 Jakobuslegenden. Anstelle der Magdalenenlegende Hahn 389,67 ff. finden sich hier drei Legenden.

Zur Zeit in der UB Tübingen, Depot d. ehem. Preuß. Staatsbib.

A = österreichische Nationalb. Wien Cod. 2694, Pergament, frühes 14. Jh. Pass.-Hs. der B. I und II, mit Zusätzen gegenü. H. Enth. auf den Bll. 46ra - 75rb sämtl. Mll. samt ""Nachr."". 

H = UB Heidelberg cpg 352, Perg., 1. H. 14. Jh. Pass.-Hs. der Bücher I und II. Enth. auf den Bll. 92ra-98rb die Mll. I-V.

B = UB Heidelberg cpg 341, Perg., früh. 14. Jh. Enth. auf den Bll. 34ra-61ra die Mll. mit Ausn. der Nrr. XXI und XXV.

C = Metropolitanbib. Kälocsa Cod. 1, Perg., früh. 14. Jh. Enth. auf den Bll. 50rb - 77rb die Mll. mit Ausn. der Nrr. XXI und XXV. Verschollen: Abschrift i. German. Seminar in Hamburg benutzt und Varianten unter der Sigle C mitgeteilt.

D = österreichische Nationalbib. Wien Cod. 2677, Perg., früh. 14. Jh. 

E = ö. Nationalbib. Wien Cod. 2779, Perg., 14. Jh. 

D = ö. Nationalbib. Wien Cod. 2677, Pergament, frühes 14. Jh.

E = österreichische Nationalbibliothek Wien Cod. 2779, Pergament, 14. Jh. 

M = Bib. des Benediktinerstifts Melk Cod. R 18, Perg., 14. Jh.";MAP;Marienlegenden aus dem alten Passional;TRS;;;;;;;;;;;;;;;;;
Das Marienbild in Konstantinopel;;Marienlegenden aus dem alten Passional. Hrsg. von Hans-Georg Richert. Tübingen: Niemeyer 1965. (= ATB Nr. 64), S. 1-5.;"Lemmatisiert, nicht disambiguiert.

Die Groß-/Kleinschreibung entspricht aus technischen Gründen nur teilweise der Edition.";0000000000000000---;1589;4;;"Das 'Passional' besteht aus drei Büchern: 1. Marienleben, Leben Jesu und Passionsgeschichte, 2. Legenden der Apostel, 3. Legenden der Heiligen, geordnet nach dem liturgischen Jahreskalender (Beginn am 6. Dezember = Nikolaus). Die wichtigste Quelle, aus der die Sammlung schöpfte, ist die lateinische 'Legenda aurea' des Jacobus de Voragine. Allerdings sind die genauen Beziehungen noch nicht befriedigend geklärt. Der Text ist in Mittelhochdeutsch verfasst. Da viele der Ordensbrüder des Deutschen Ordens lateinunkundig und Illiteraten waren, diente das Passional u. a. auch als Tischlesung oder als Predigten, die auch dem Volk vermittelt wurden. Es sollte sowohl zur Kontemplation anregen als auch Beispiele für christliche Vorbilder geben. Besonders wurde auf die Marienverehrung wert gelegt, da der Deutsche Orden Maria als Schutzpatronin erwählt hatte. Im Hochmittelalter stieg die Verehrung der Gottesmutter stark an, die in den Marienlegenden des Alten Passional oft als Advokata bzw. Mittlerin zwischen Gott und dem Menschen stand.Der Verfasser ist unbekannt. Es handelt sich dabei um einen Geistlichen von hoher Bildung, der vermutlich Mitglied des Deutschen Ordens gewesen ist und dieses Werk im Namen eines von ihm Übergeordneten verfasst haben müsste. Durch Untersuchungen der Reimsprache hat man geschlossen, dass er aus Thüringen stammen könnte, auch wenn das 'Passional' im Ordensstaat geschrieben sein dürfte. Möglicherweise ist er auch der Autor des so genannten 'Väterbuchs', einer Geschichtensammlung über heilige Einsiedler.

http://de.wikipedia.org/wiki/Passional";"I = Ehem. Preuß. Staatsbib. Berlin Ms.germ. fol. 778 (z. Z. UB Tübingen), Perg., Wende 13./14. Jh. Haupths. der vorliegenden Ausg. Enth. die B. I und II des Passionals mit den in d. Hdbg. Hs. fehlenden Marienleg. samt »Nachrede« und 6 Jakobuslegenden. Anstelle der Magdalenenlegende Hahn 389,67 ff. finden sich hier drei Legenden.

Zur Zeit in der UB Tübingen, Depot d. ehem. Preuß. Staatsbib.

A = österreichische Nationalb. Wien Cod. 2694, Pergament, frühes 14. Jh. Pass.-Hs. der B. I und II, mit Zusätzen gegenü. H. Enth. auf den Bll. 46ra - 75rb sämtl. Mll. samt ""Nachr."". 

H = UB Heidelberg cpg 352, Perg., 1. H. 14. Jh. Pass.-Hs. der Bücher I und II. Enth. auf den Bll. 92ra-98rb die Mll. I-V.

B = UB Heidelberg cpg 341, Perg., früh. 14. Jh. Enth. auf den Bll. 34ra-61ra die Mll. mit Ausn. der Nrr. XXI und XXV.

C = Metropolitanbib. Kälocsa Cod. 1, Perg., früh. 14. Jh. Enth. auf den Bll. 50rb - 77rb die Mll. mit Ausn. der Nrr. XXI und XXV. Verschollen: Abschrift i. German. Seminar in Hamburg benutzt und Varianten unter der Sigle C mitgeteilt.

D = österreichische Nationalbib. Wien Cod. 2677, Perg., früh. 14. Jh. 

E = ö. Nationalbib. Wien Cod. 2779, Perg., 14. Jh. 

D = ö. Nationalbib. Wien Cod. 2677, Pergament, frühes 14. Jh.

E = österreichische Nationalbibliothek Wien Cod. 2779, Pergament, 14. Jh. 

M = Bib. des Benediktinerstifts Melk Cod. R 18, Perg., 14. Jh.";MAP;Marienlegenden aus dem alten Passional;MIK;;;;;;;;;;;;;;;;;
Der Teufel als Kämmerer;;Marienlegenden aus dem alten Passional. Hrsg. von Hans-Georg Richert. Tübingen: Niemeyer 1965. (= ATB Nr. 64), S. 1-5.;"Lemmatisiert, nicht disambiguiert.

Die Groß-/Kleinschreibung entspricht aus technischen Gründen nur teilweise der Edition.";0000000000000000---;1599;4;;"Das 'Passional' besteht aus drei Büchern: 1. Marienleben, Leben Jesu und Passionsgeschichte, 2. Legenden der Apostel, 3. Legenden der Heiligen, geordnet nach dem liturgischen Jahreskalender (Beginn am 6. Dezember = Nikolaus). Die wichtigste Quelle, aus der die Sammlung schöpfte, ist die lateinische 'Legenda aurea' des Jacobus de Voragine. Allerdings sind die genauen Beziehungen noch nicht befriedigend geklärt. Der Text ist in Mittelhochdeutsch verfasst. Da viele der Ordensbrüder des Deutschen Ordens lateinunkundig und Illiteraten waren, diente das Passional u. a. auch als Tischlesung oder als Predigten, die auch dem Volk vermittelt wurden. Es sollte sowohl zur Kontemplation anregen als auch Beispiele für christliche Vorbilder geben. Besonders wurde auf die Marienverehrung wert gelegt, da der Deutsche Orden Maria als Schutzpatronin erwählt hatte. Im Hochmittelalter stieg die Verehrung der Gottesmutter stark an, die in den Marienlegenden des Alten Passional oft als Advokata bzw. Mittlerin zwischen Gott und dem Menschen stand.Der Verfasser ist unbekannt. Es handelt sich dabei um einen Geistlichen von hoher Bildung, der vermutlich Mitglied des Deutschen Ordens gewesen ist und dieses Werk im Namen eines von ihm Übergeordneten verfasst haben müsste. Durch Untersuchungen der Reimsprache hat man geschlossen, dass er aus Thüringen stammen könnte, auch wenn das 'Passional' im Ordensstaat geschrieben sein dürfte. Möglicherweise ist er auch der Autor des so genannten 'Väterbuchs', einer Geschichtensammlung über heilige Einsiedler.

http://de.wikipedia.org/wiki/Passional";"I = Ehem. Preuß. Staatsbib. Berlin Ms.germ. fol. 778 (z. Z. UB Tübingen), Perg., Wende 13./14. Jh. Haupths. der vorliegenden Ausg. Enth. die B. I und II des Passionals mit den in d. Hdbg. Hs. fehlenden Marienleg. samt »Nachrede« und 6 Jakobuslegenden. Anstelle der Magdalenenlegende Hahn 389,67 ff. finden sich hier drei Legenden.

Zur Zeit in der UB Tübingen, Depot d. ehem. Preuß. Staatsbib.

A = österreichische Nationalb. Wien Cod. 2694, Pergament, frühes 14. Jh. Pass.-Hs. der B. I und II, mit Zusätzen gegenü. H. Enth. auf den Bll. 46ra - 75rb sämtl. Mll. samt ""Nachr."". 

H = UB Heidelberg cpg 352, Perg., 1. H. 14. Jh. Pass.-Hs. der Bücher I und II. Enth. auf den Bll. 92ra-98rb die Mll. I-V.

B = UB Heidelberg cpg 341, Perg., früh. 14. Jh. Enth. auf den Bll. 34ra-61ra die Mll. mit Ausn. der Nrr. XXI und XXV.

C = Metropolitanbib. Kälocsa Cod. 1, Perg., früh. 14. Jh. Enth. auf den Bll. 50rb - 77rb die Mll. mit Ausn. der Nrr. XXI und XXV. Verschollen: Abschrift i. German. Seminar in Hamburg benutzt und Varianten unter der Sigle C mitgeteilt.

D = österreichische Nationalbib. Wien Cod. 2677, Perg., früh. 14. Jh. 

E = ö. Nationalbib. Wien Cod. 2779, Perg., 14. Jh. 

D = ö. Nationalbib. Wien Cod. 2677, Pergament, frühes 14. Jh.

E = österreichische Nationalbibliothek Wien Cod. 2779, Pergament, 14. Jh. 

M = Bib. des Benediktinerstifts Melk Cod. R 18, Perg., 14. Jh.";MAP;Marienlegenden aus dem alten Passional;TAK;;;;;;;;;;;;;;;;;
Die Ave Maria-Lilie;;Marienlegenden aus dem alten Passional. Hrsg. von Hans-Georg Richert. Tübingen: Niemeyer 1965. (= ATB Nr. 64), S. 1-5.;"Lemmatisiert, nicht disambiguiert.

Die Groß-/Kleinschreibung entspricht aus technischen Gründen nur teilweise der Edition.";0000000000000000---;;4;Von einem Edelmann;;;MAP;Marienlegenden aus dem alten Passional;AML;;;;;;;;;;;;;;;;;
Drei Äpfel zur Warnung;;Marienlegenden aus dem alten Passional. Hrsg. von Hans-Georg Richert. Tübingen: Niemeyer 1965. (= ATB Nr. 64), S. 1-5.;"Lemmatisiert, nicht disambiguiert.

Die Groß-/Kleinschreibung entspricht aus technischen Gründen nur teilweise der Edition.";0000000000000000---;1581;4;Ein Ritter wird Einsiedler;"Das 'Passional' besteht aus drei Büchern: 1. Marienleben, Leben Jesu und Passionsgeschichte, 2. Legenden der Apostel, 3. Legenden der Heiligen, geordnet nach dem liturgischen Jahreskalender (Beginn am 6. Dezember = Nikolaus). Die wichtigste Quelle, aus der die Sammlung schöpfte, ist die lateinische 'Legenda aurea' des Jacobus de Voragine. Allerdings sind die genauen Beziehungen noch nicht befriedigend geklärt. Der Text ist in Mittelhochdeutsch verfasst. Da viele der Ordensbrüder des Deutschen Ordens lateinunkundig und Illiteraten waren, diente das Passional u. a. auch als Tischlesung oder als Predigten, die auch dem Volk vermittelt wurden. Es sollte sowohl zur Kontemplation anregen als auch Beispiele für christliche Vorbilder geben. Besonders wurde auf die Marienverehrung wert gelegt, da der Deutsche Orden Maria als Schutzpatronin erwählt hatte. Im Hochmittelalter stieg die Verehrung der Gottesmutter stark an, die in den Marienlegenden des Alten Passional oft als Advokata bzw. Mittlerin zwischen Gott und dem Menschen stand.Der Verfasser ist unbekannt. Es handelt sich dabei um einen Geistlichen von hoher Bildung, der vermutlich Mitglied des Deutschen Ordens gewesen ist und dieses Werk im Namen eines von ihm Übergeordneten verfasst haben müsste. Durch Untersuchungen der Reimsprache hat man geschlossen, dass er aus Thüringen stammen könnte, auch wenn das 'Passional' im Ordensstaat geschrieben sein dürfte. Möglicherweise ist er auch der Autor des so genannten 'Väterbuchs', einer Geschichtensammlung über heilige Einsiedler.

http://de.wikipedia.org/wiki/Passional";"I = Ehem. Preuß. Staatsbib. Berlin Ms.germ. fol. 778 (z. Z. UB Tübingen), Perg., Wende 13./14. Jh. Haupths. der vorliegenden Ausg. Enth. die B. I und II des Passionals mit den in d. Hdbg. Hs. fehlenden Marienleg. samt »Nachrede« und 6 Jakobuslegenden. Anstelle der Magdalenenlegende Hahn 389,67 ff. finden sich hier drei Legenden.

Zur Zeit in der UB Tübingen, Depot d. ehem. Preuß. Staatsbib.

A = österreichische Nationalb. Wien Cod. 2694, Pergament, frühes 14. Jh. Pass.-Hs. der B. I und II, mit Zusätzen gegenü. H. Enth. auf den Bll. 46ra - 75rb sämtl. Mll. samt ""Nachr."". 

H = UB Heidelberg cpg 352, Perg., 1. H. 14. Jh. Pass.-Hs. der Bücher I und II. Enth. auf den Bll. 92ra-98rb die Mll. I-V.

B = UB Heidelberg cpg 341, Perg., früh. 14. Jh. Enth. auf den Bll. 34ra-61ra die Mll. mit Ausn. der Nrr. XXI und XXV.

C = Metropolitanbib. Kälocsa Cod. 1, Perg., früh. 14. Jh. Enth. auf den Bll. 50rb - 77rb die Mll. mit Ausn. der Nrr. XXI und XXV. Verschollen: Abschrift i. German. Seminar in Hamburg benutzt und Varianten unter der Sigle C mitgeteilt.

D = österreichische Nationalbib. Wien Cod. 2677, Perg., früh. 14. Jh. 

E = ö. Nationalbib. Wien Cod. 2779, Perg., 14. Jh. 

D = ö. Nationalbib. Wien Cod. 2677, Pergament, frühes 14. Jh.

E = österreichische Nationalbibliothek Wien Cod. 2779, Pergament, 14. Jh. 

M = Bib. des Benediktinerstifts Melk Cod. R 18, Perg., 14. Jh.";MAP;Marienlegenden aus dem alten Passional;AZW;;;;;;;;;;;;;;;;;
Maria rettet einen Maler;;Marienlegenden aus dem alten Passional. Hrsg. von Hans-Georg Richert. Tübingen: Niemeyer 1965. (= ATB Nr. 64), S. 1-5.;"Lemmatisiert, nicht disambiguiert.

Die Groß-/Kleinschreibung entspricht aus technischen Gründen nur teilweise der Edition.";0000000000000000---;1591;4;Der Maler und der Teufel;"Das 'Passional' besteht aus drei Büchern: 1. Marienleben, Leben Jesu und Passionsgeschichte, 2. Legenden der Apostel, 3. Legenden der Heiligen, geordnet nach dem liturgischen Jahreskalender (Beginn am 6. Dezember = Nikolaus). Die wichtigste Quelle, aus der die Sammlung schöpfte, ist die lateinische 'Legenda aurea' des Jacobus de Voragine. Allerdings sind die genauen Beziehungen noch nicht befriedigend geklärt. Der Text ist in Mittelhochdeutsch verfasst. Da viele der Ordensbrüder des Deutschen Ordens lateinunkundig und Illiteraten waren, diente das Passional u. a. auch als Tischlesung oder als Predigten, die auch dem Volk vermittelt wurden. Es sollte sowohl zur Kontemplation anregen als auch Beispiele für christliche Vorbilder geben. Besonders wurde auf die Marienverehrung wert gelegt, da der Deutsche Orden Maria als Schutzpatronin erwählt hatte. Im Hochmittelalter stieg die Verehrung der Gottesmutter stark an, die in den Marienlegenden des Alten Passional oft als Advokata bzw. Mittlerin zwischen Gott und dem Menschen stand.Der Verfasser ist unbekannt. Es handelt sich dabei um einen Geistlichen von hoher Bildung, der vermutlich Mitglied des Deutschen Ordens gewesen ist und dieses Werk im Namen eines von ihm Übergeordneten verfasst haben müsste. Durch Untersuchungen der Reimsprache hat man geschlossen, dass er aus Thüringen stammen könnte, auch wenn das 'Passional' im Ordensstaat geschrieben sein dürfte. Möglicherweise ist er auch der Autor des so genannten 'Väterbuchs', einer Geschichtensammlung über heilige Einsiedler.

http://de.wikipedia.org/wiki/Passional";"I = Ehem. Preuß. Staatsbib. Berlin Ms.germ. fol. 778 (z. Z. UB Tübingen), Perg., Wende 13./14. Jh. Haupths. der vorliegenden Ausg. Enth. die B. I und II des Passionals mit den in d. Hdbg. Hs. fehlenden Marienleg. samt »Nachrede« und 6 Jakobuslegenden. Anstelle der Magdalenenlegende Hahn 389,67 ff. finden sich hier drei Legenden.

Zur Zeit in der UB Tübingen, Depot d. ehem. Preuß. Staatsbib.

A = österreichische Nationalb. Wien Cod. 2694, Pergament, frühes 14. Jh. Pass.-Hs. der B. I und II, mit Zusätzen gegenü. H. Enth. auf den Bll. 46ra - 75rb sämtl. Mll. samt ""Nachr."". 

H = UB Heidelberg cpg 352, Perg., 1. H. 14. Jh. Pass.-Hs. der Bücher I und II. Enth. auf den Bll. 92ra-98rb die Mll. I-V.

B = UB Heidelberg cpg 341, Perg., früh. 14. Jh. Enth. auf den Bll. 34ra-61ra die Mll. mit Ausn. der Nrr. XXI und XXV.

C = Metropolitanbib. Kälocsa Cod. 1, Perg., früh. 14. Jh. Enth. auf den Bll. 50rb - 77rb die Mll. mit Ausn. der Nrr. XXI und XXV. Verschollen: Abschrift i. German. Seminar in Hamburg benutzt und Varianten unter der Sigle C mitgeteilt.

D = österreichische Nationalbib. Wien Cod. 2677, Perg., früh. 14. Jh. 

E = ö. Nationalbib. Wien Cod. 2779, Perg., 14. Jh. 

D = ö. Nationalbib. Wien Cod. 2677, Pergament, frühes 14. Jh.

E = österreichische Nationalbibliothek Wien Cod. 2779, Pergament, 14. Jh. 

M = Bib. des Benediktinerstifts Melk Cod. R 18, Perg., 14. Jh.";MAP;Marienlegenden aus dem alten Passional;MRM;;;;;;;;;;;;;;;;;
Die geschwätzigen Mönche;;Marienlegenden aus dem alten Passional. Hrsg. von Hans-Georg Richert. Tübingen: Niemeyer 1965. (= ATB Nr. 64), S. 1-5.;"Lemmatisiert, nicht disambiguiert.

Die Groß-/Kleinschreibung entspricht aus technischen Gründen nur teilweise der Edition.";0000000000000000---;1585;4;Die Mönche und der Teufel;"Das 'Passional' besteht aus drei Büchern: 1. Marienleben, Leben Jesu und Passionsgeschichte, 2. Legenden der Apostel, 3. Legenden der Heiligen, geordnet nach dem liturgischen Jahreskalender (Beginn am 6. Dezember = Nikolaus). Die wichtigste Quelle, aus der die Sammlung schöpfte, ist die lateinische 'Legenda aurea' des Jacobus de Voragine. Allerdings sind die genauen Beziehungen noch nicht befriedigend geklärt. Der Text ist in Mittelhochdeutsch verfasst. Da viele der Ordensbrüder des Deutschen Ordens lateinunkundig und Illiteraten waren, diente das Passional u. a. auch als Tischlesung oder als Predigten, die auch dem Volk vermittelt wurden. Es sollte sowohl zur Kontemplation anregen als auch Beispiele für christliche Vorbilder geben. Besonders wurde auf die Marienverehrung wert gelegt, da der Deutsche Orden Maria als Schutzpatronin erwählt hatte. Im Hochmittelalter stieg die Verehrung der Gottesmutter stark an, die in den Marienlegenden des Alten Passional oft als Advokata bzw. Mittlerin zwischen Gott und dem Menschen stand.Der Verfasser ist unbekannt. Es handelt sich dabei um einen Geistlichen von hoher Bildung, der vermutlich Mitglied des Deutschen Ordens gewesen ist und dieses Werk im Namen eines von ihm Übergeordneten verfasst haben müsste. Durch Untersuchungen der Reimsprache hat man geschlossen, dass er aus Thüringen stammen könnte, auch wenn das 'Passional' im Ordensstaat geschrieben sein dürfte. Möglicherweise ist er auch der Autor des so genannten 'Väterbuchs', einer Geschichtensammlung über heilige Einsiedler.

http://de.wikipedia.org/wiki/Passional";"I = Ehem. Preuß. Staatsbib. Berlin Ms.germ. fol. 778 (z. Z. UB Tübingen), Perg., Wende 13./14. Jh. Haupths. der vorliegenden Ausg. Enth. die B. I und II des Passionals mit den in d. Hdbg. Hs. fehlenden Marienleg. samt »Nachrede« und 6 Jakobuslegenden. Anstelle der Magdalenenlegende Hahn 389,67 ff. finden sich hier drei Legenden.

Zur Zeit in der UB Tübingen, Depot d. ehem. Preuß. Staatsbib.

A = österreichische Nationalb. Wien Cod. 2694, Pergament, frühes 14. Jh. Pass.-Hs. der B. I und II, mit Zusätzen gegenü. H. Enth. auf den Bll. 46ra - 75rb sämtl. Mll. samt ""Nachr."". 

H = UB Heidelberg cpg 352, Perg., 1. H. 14. Jh. Pass.-Hs. der Bücher I und II. Enth. auf den Bll. 92ra-98rb die Mll. I-V.

B = UB Heidelberg cpg 341, Perg., früh. 14. Jh. Enth. auf den Bll. 34ra-61ra die Mll. mit Ausn. der Nrr. XXI und XXV.

C = Metropolitanbib. Kälocsa Cod. 1, Perg., früh. 14. Jh. Enth. auf den Bll. 50rb - 77rb die Mll. mit Ausn. der Nrr. XXI und XXV. Verschollen: Abschrift i. German. Seminar in Hamburg benutzt und Varianten unter der Sigle C mitgeteilt.

D = österreichische Nationalbib. Wien Cod. 2677, Perg., früh. 14. Jh. 

E = ö. Nationalbib. Wien Cod. 2779, Perg., 14. Jh. 

D = ö. Nationalbib. Wien Cod. 2677, Pergament, frühes 14. Jh.

E = österreichische Nationalbibliothek Wien Cod. 2779, Pergament, 14. Jh. 

M = Bib. des Benediktinerstifts Melk Cod. R 18, Perg., 14. Jh.";MAP;Marienlegenden aus dem alten Passional;GSM;;;;;;;;;;;;;;;;;
Der Traum des Sünders;;Marienlegenden aus dem alten Passional. Hrsg. von Hans-Georg Richert. Tübingen: Niemeyer 1965. (= ATB Nr. 64), S. 1-5.;"Lemmatisiert, nicht disambiguiert.

Die Groß-/Kleinschreibung entspricht aus technischen Gründen nur teilweise der Edition.";0000000000000000---;1602;4;;"Das 'Passional' besteht aus drei Büchern: 1. Marienleben, Leben Jesu und Passionsgeschichte, 2. Legenden der Apostel, 3. Legenden der Heiligen, geordnet nach dem liturgischen Jahreskalender (Beginn am 6. Dezember = Nikolaus). Die wichtigste Quelle, aus der die Sammlung schöpfte, ist die lateinische 'Legenda aurea' des Jacobus de Voragine. Allerdings sind die genauen Beziehungen noch nicht befriedigend geklärt. Der Text ist in Mittelhochdeutsch verfasst. Da viele der Ordensbrüder des Deutschen Ordens lateinunkundig und Illiteraten waren, diente das Passional u. a. auch als Tischlesung oder als Predigten, die auch dem Volk vermittelt wurden. Es sollte sowohl zur Kontemplation anregen als auch Beispiele für christliche Vorbilder geben. Besonders wurde auf die Marienverehrung wert gelegt, da der Deutsche Orden Maria als Schutzpatronin erwählt hatte. Im Hochmittelalter stieg die Verehrung der Gottesmutter stark an, die in den Marienlegenden des Alten Passional oft als Advokata bzw. Mittlerin zwischen Gott und dem Menschen stand.Der Verfasser ist unbekannt. Es handelt sich dabei um einen Geistlichen von hoher Bildung, der vermutlich Mitglied des Deutschen Ordens gewesen ist und dieses Werk im Namen eines von ihm Übergeordneten verfasst haben müsste. Durch Untersuchungen der Reimsprache hat man geschlossen, dass er aus Thüringen stammen könnte, auch wenn das 'Passional' im Ordensstaat geschrieben sein dürfte. Möglicherweise ist er auch der Autor des so genannten 'Väterbuchs', einer Geschichtensammlung über heilige Einsiedler.

http://de.wikipedia.org/wiki/Passional";"I = Ehem. Preuß. Staatsbib. Berlin Ms.germ. fol. 778 (z. Z. UB Tübingen), Perg., Wende 13./14. Jh. Haupths. der vorliegenden Ausg. Enth. die B. I und II des Passionals mit den in d. Hdbg. Hs. fehlenden Marienleg. samt »Nachrede« und 6 Jakobuslegenden. Anstelle der Magdalenenlegende Hahn 389,67 ff. finden sich hier drei Legenden.

Zur Zeit in der UB Tübingen, Depot d. ehem. Preuß. Staatsbib.

A = österreichische Nationalb. Wien Cod. 2694, Pergament, frühes 14. Jh. Pass.-Hs. der B. I und II, mit Zusätzen gegenü. H. Enth. auf den Bll. 46ra - 75rb sämtl. Mll. samt ""Nachr."". 

H = UB Heidelberg cpg 352, Perg., 1. H. 14. Jh. Pass.-Hs. der Bücher I und II. Enth. auf den Bll. 92ra-98rb die Mll. I-V.

B = UB Heidelberg cpg 341, Perg., früh. 14. Jh. Enth. auf den Bll. 34ra-61ra die Mll. mit Ausn. der Nrr. XXI und XXV.

C = Metropolitanbib. Kälocsa Cod. 1, Perg., früh. 14. Jh. Enth. auf den Bll. 50rb - 77rb die Mll. mit Ausn. der Nrr. XXI und XXV. Verschollen: Abschrift i. German. Seminar in Hamburg benutzt und Varianten unter der Sigle C mitgeteilt.

D = österreichische Nationalbib. Wien Cod. 2677, Perg., früh. 14. Jh. 

E = ö. Nationalbib. Wien Cod. 2779, Perg., 14. Jh. 

D = ö. Nationalbib. Wien Cod. 2677, Pergament, frühes 14. Jh.

E = österreichische Nationalbibliothek Wien Cod. 2779, Pergament, 14. Jh. 

M = Bib. des Benediktinerstifts Melk Cod. R 18, Perg., 14. Jh.";MAP;Marienlegenden aus dem alten Passional;TSU;;;;;;;;;;;;;;;;;
Maria rettet einen Ritter um seiner Frau Willen;;Marienlegenden aus dem alten Passional. Hrsg. von Hans-Georg Richert. Tübingen: Niemeyer 1965. (= ATB Nr. 64), S. 1-5.;"Lemmatisiert, nicht disambiguiert.

Die Groß-/Kleinschreibung entspricht aus technischen Gründen nur teilweise der Edition.";0000000000000000---;1593;4;Der Ritter und sein Weib;"Das 'Passional' besteht aus drei Büchern: 1. Marienleben, Leben Jesu und Passionsgeschichte, 2. Legenden der Apostel, 3. Legenden der Heiligen, geordnet nach dem liturgischen Jahreskalender (Beginn am 6. Dezember = Nikolaus). Die wichtigste Quelle, aus der die Sammlung schöpfte, ist die lateinische 'Legenda aurea' des Jacobus de Voragine. Allerdings sind die genauen Beziehungen noch nicht befriedigend geklärt. Der Text ist in Mittelhochdeutsch verfasst. Da viele der Ordensbrüder des Deutschen Ordens lateinunkundig und Illiteraten waren, diente das Passional u. a. auch als Tischlesung oder als Predigten, die auch dem Volk vermittelt wurden. Es sollte sowohl zur Kontemplation anregen als auch Beispiele für christliche Vorbilder geben. Besonders wurde auf die Marienverehrung wert gelegt, da der Deutsche Orden Maria als Schutzpatronin erwählt hatte. Im Hochmittelalter stieg die Verehrung der Gottesmutter stark an, die in den Marienlegenden des Alten Passional oft als Advokata bzw. Mittlerin zwischen Gott und dem Menschen stand.Der Verfasser ist unbekannt. Es handelt sich dabei um einen Geistlichen von hoher Bildung, der vermutlich Mitglied des Deutschen Ordens gewesen ist und dieses Werk im Namen eines von ihm Übergeordneten verfasst haben müsste. Durch Untersuchungen der Reimsprache hat man geschlossen, dass er aus Thüringen stammen könnte, auch wenn das 'Passional' im Ordensstaat geschrieben sein dürfte. Möglicherweise ist er auch der Autor des so genannten 'Väterbuchs', einer Geschichtensammlung über heilige Einsiedler.

http://de.wikipedia.org/wiki/Passional";"I = Ehem. Preuß. Staatsbib. Berlin Ms.germ. fol. 778 (z. Z. UB Tübingen), Perg., Wende 13./14. Jh. Haupths. der vorliegenden Ausg. Enth. die B. I und II des Passionals mit den in d. Hdbg. Hs. fehlenden Marienleg. samt »Nachrede« und 6 Jakobuslegenden. Anstelle der Magdalenenlegende Hahn 389,67 ff. finden sich hier drei Legenden.

Zur Zeit in der UB Tübingen, Depot d. ehem. Preuß. Staatsbib.

A = österreichische Nationalb. Wien Cod. 2694, Pergament, frühes 14. Jh. Pass.-Hs. der B. I und II, mit Zusätzen gegenü. H. Enth. auf den Bll. 46ra - 75rb sämtl. Mll. samt ""Nachr."". 

H = UB Heidelberg cpg 352, Perg., 1. H. 14. Jh. Pass.-Hs. der Bücher I und II. Enth. auf den Bll. 92ra-98rb die Mll. I-V.

B = UB Heidelberg cpg 341, Perg., früh. 14. Jh. Enth. auf den Bll. 34ra-61ra die Mll. mit Ausn. der Nrr. XXI und XXV.

C = Metropolitanbib. Kälocsa Cod. 1, Perg., früh. 14. Jh. Enth. auf den Bll. 50rb - 77rb die Mll. mit Ausn. der Nrr. XXI und XXV. Verschollen: Abschrift i. German. Seminar in Hamburg benutzt und Varianten unter der Sigle C mitgeteilt.

D = österreichische Nationalbib. Wien Cod. 2677, Perg., früh. 14. Jh. 

E = ö. Nationalbib. Wien Cod. 2779, Perg., 14. Jh. 

D = ö. Nationalbib. Wien Cod. 2677, Pergament, frühes 14. Jh.

E = österreichische Nationalbibliothek Wien Cod. 2779, Pergament, 14. Jh. 

M = Bib. des Benediktinerstifts Melk Cod. R 18, Perg., 14. Jh.";MAP;Marienlegenden aus dem alten Passional;MRR;;;;;;;;;;;;;;;;;
Der Judenknabe;;Marienlegenden aus dem alten Passional. Hrsg. von Hans-Georg Richert. Tübingen: Niemeyer 1965. (= ATB Nr. 64), S. 1-5.;"Lemmatisiert, nicht disambiguiert.

Die Groß-/Kleinschreibung entspricht aus technischen Gründen nur teilweise der Edition.";0000000000000000---;;3;;;;MAP;Marienlegenden aus dem alten Passional;JUK;;;;;;;;;;;;;;;;;
Reinhart Fuchs;1127;Der Reinhart Fuchs des Elsässers Heinrich. Unter Mitarbeit von Katharina von Goetz, Frank Henrichvark und Sigrid Krause herausgegeben von Klaus Düwel. Tübingen: Niemeyer, 1984 (= ATB Nr. 96).;"Besteht aus 2268 Versen beginnend mit V.1. Einschübe erscheinen nach den Versen 281;345;511;673;674.



Hochgestellte o/u/e wurden aufgelöst. u erscheint zumeist als v.



Lemmatisiert, aber nicht disambiguiert.

Die Groß-/Kleinschreibung entspricht aus technischen Gründen nur teilweise der Edition.";0000000000000----hi;;13;;"Der ""Reinhart Fuchs"" hängt stofflich mit dem afrz. ""Roman de Renart"" eng zusammen, dies eine Sammlung von Tierge-schichten (Schwänken), die immer wieder neue Abenteuer von Fuchs und Wolf bietet. Das Verhältnis zwischen dem afrz. und dem mhd. Text beurteilt Grimm (1834, S. VIII; 1840, S. 6): dem ""Reinhart Fuchs"" hätten ältere Branchen des ""Roman de Renart"" vorgelegen, von denen die erhaltenen Branchen nur Bearbeitungen darstellten. Die romanistische For-schung hat dagegen schon früh betont, daß die überlieferten Branchen Heinrich als Vorlage gedient hätten (Foulet 1914, S. 393ff.). Die Auseinandersetzung zwischen ""Folkloristen"" und ""Äsopisten"" geschah aus der Sicht der jeweiligen Nationalliteratur und beruhte nicht zuletzt auch auf dem gespannten deutsch-französischen Verhältnis im 19. Jh. und in der ersten Hälfte des 20. Jhs. Die grundlegenden Untersuchungen zur mittelalterlichen Tierdichtung von Jauss (1959) haben Foulets Auffassung bestätigt.



Für den ""Reinhart Fuchs"" können die überlieferten Branchen der ersten Periode (1174/76-1190) in schriftlich fixierter Form bzw. in einer mündlichen Vorstufe als Quelle gelten. Es sind dies Br. II und Va von Pierre de St. Cloud (1174-1176), denen bis 1190 die Br. III, IV, XIV, I, X, VI und VIII folgten. Mit der Datierung des ""Reinhart Fuchs"" nach 1192 (s.u. IV) entfällt auch das chronologische Argument gegen diese Annahme.";"Die Ausgabe beruht auf Hs. K mit Verbesserungen aus Hs. P.



Hs. S = (Beginn 13. Jh.,elsässisch) Die Kasseler Bruchstücke mit der Sigle S nach Grimms ""Sendschreiben"") werden unter der Signatur 8° Ms. poet. germ. et rom. 1 in der Murhardschen Bibliothek der Stadt Kassel und Landesbibliothek aufbewahrt.



Hs. P = (ca. 1320-1330, südböhmisch)Pergamenths. Cod. pal. germ. 341 der Universitätsbibliothek Heidelberg, für die die Siglen P und H gebräuchlich sind.



Hs. K = (ca. 1320-1330 bair./mitteldt./südböhmisch)Die aus der Kathedralbibliothek von Kalocsa stammende Hs. mit der Sigle K befindet sich seit 1949 unter der Signatur cod. Bodmer 72 in der Bibliotheca Bodmeriana, Fondation Martin Bodmer, Cologny-Génève.";;;RF;1984;0;;;;;;;;;;;;;;;
Ein böses Weib scheidet eine Ehe;;Eine Schweizer Kleinepiksammlung des 15. Jahrhunderts. Hrsg. von Hanns Fischer. Tübingen: Niemeyer 1965. (= ATB Nr. 65), S. 13-18.;"Besteht aus 116 Verszeilen beginnend mit V.1.

Lemmatisiert, nicht disambiguiert.

Die Groß-/Kleinschreibung entspricht aus technischen Gründen nur teilweise der Edition.";000000000000000---k;;244;;;;SKS;Eine Schweizer Kleinepiksammlung;EBW;;;;;;;;;;;;;;;;;
Gottfried von Neifen;967;Deutsche Liederdichter. Hrsg. von Carl von Kraus. Tübingen, M. Niemeyer, 1951-58.;"Lemmatisiert, nicht disambiguiert.

Die Groß-/Kleinschreibung entspricht aus technischen Gründen nur teilweise der Edition.";000000000ddss---khf;;5;;;;CvK;Carl von Kraus Liederdichter;GVN;;;;;;;;;;;;;;;;;
Zweierlei Bettzeug;;Eine Schweizer Kleinepiksammlung des 15. Jahrhunderts. Hrsg. von Hanns Fischer. Tübingen: Niemeyer 1965. (= ATB Nr. 65), S. 9-12.;"Besteht aus 92 Verszeilen beginnend mit V.1.

Lemmatisiert, nicht disambiguiert.

Die Groß-/Kleinschreibung entspricht aus technischen Gründen nur teilweise der Edition.";000000000000000---k;;3;;;;SKS;Eine Schweizer Kleinepiksammlung;ZWB;;;;;;;;;;;;;;;;;
Die zwei Brote;;Eine Schweizer Kleinepiksammlung des 15. Jahrhunderts. Hrsg. von Hanns Fischer. Tübingen: Niemeyer 1965. (= ATB Nr. 65), S. 63-66.;"Besteht aus 81 Verszeilen beginnend mit V.1.

Lemmatisiert, nicht disambiguiert.

Die Groß-/Kleinschreibung entspricht aus technischen Gründen nur teilweise der Edition.";000000000000000---k;;3;;;;SKS;Eine Schweizer Kleinepiksammlung;DZB;;;;;;;;;;;;;;;;;
Der Wolf und die Geige;;Eine Schweizer Kleinepiksammlung des 15. Jahrhunderts. Hrsg. von Hanns Fischer. Tübingen: Niemeyer 1965. (= ATB Nr. 65), S. 67-69.;"Besteht aus 52 Verszeilen beginnend mit V.1.

Lemmatisiert, nicht disambiguiert.

Die Groß-/Kleinschreibung entspricht aus technischen Gründen nur teilweise der Edition.";000000000000000---k;;3;;;;SKS;Eine Schweizer Kleinepiksammlung;WUG;;;;;;;;;;;;;;;;;
Der dankbare Lindwurm;;Eine Schweizer Kleinepiksammlung des 15. Jahrhunderts. Hrsg. von Hanns Fischer. Tübingen: Niemeyer 1965. (= ATB Nr. 65), S. 69-79.;"Besteht aus 244 Verszeilen beginnend mit V.1.

Lemmatisiert, nicht disambiguiert.

Die Groß-/Kleinschreibung entspricht aus technischen Gründen nur teilweise der Edition.";000000000000000---k;;3;;;;SKS;Eine Schweizer Kleinepiksammlung;DDL;;;;;;;;;;;;;;;;;
Die Sünderin;;Eine Schweizer Kleinepiksammlung des 15. Jahrhunderts. Hrsg. von Hanns Fischer. Tübingen: Niemeyer 1965. (= ATB Nr. 65), S. 89-93.;"Besteht aus 88 Verszeilen beginnend mit V.1.

Lemmatisiert, nicht disambiguiert.

Die Groß-/Kleinschreibung entspricht aus technischen Gründen nur teilweise der Edition.";000000000000000---k;;3;;;;SKS;Eine Schweizer Kleinepiksammlung;DSU;;;;;;;;;;;;;;;;;
Markgraf Heinrich von Meißen;1061;Deutsche Liederdichter. Hrsg. von Carl von Kraus. Tübingen, M. Niemeyer, 1951-58.;"Lemmatisiert, nicht disambiguiert.

Die Groß-/Kleinschreibung entspricht aus technischen Gründen nur teilweise der Edition.";0000000000ddss---kf;;5;;;;CvK;Carl von Kraus Liederdichter;HVM;;;;;;;;;;;;;;;;;
Niune;1064;Deutsche Liederdichter. Hrsg. von Carl von Kraus. Tübingen, M. Niemeyer, 1951-58.;"Lemmatisiert, nicht disambiguiert.

Die Groß-/Kleinschreibung entspricht aus technischen Gründen nur teilweise der Edition.";0000000000ddss---kf;;5;;;;CvK;Carl von Kraus Liederdichter;NIU;;;;;;;;;;;;;;;;;
Reimar der Junge;1069;Deutsche Liederdichter. Hrsg. von Carl von Kraus. Tübingen, M. Niemeyer, 1951-58.;"Lemmatisiert, nicht disambiguiert.

Die Groß-/Kleinschreibung entspricht aus technischen Gründen nur teilweise der Edition.";0000000000ddss---kf;;5;;;;CvK;Carl von Kraus Liederdichter;RDJ;;;;;;;;;;;;;;;;;
Der Püller;1068;Deutsche Liederdichter. Hrsg. von Carl von Kraus. Tübingen, M. Niemeyer, 1951-58.;"Lemmatisiert, nicht disambiguiert.

Die Groß-/Kleinschreibung entspricht aus technischen Gründen nur teilweise der Edition.";0000000000ddss---kf;;5;;;;CvK;Carl von Kraus Liederdichter;PUL;;;;;;;;;;;;;;;;;
Rudolf der Schreiber;1070;Deutsche Liederdichter. Hrsg. von Carl von Kraus. Tübingen, M. Niemeyer, 1951-58.;"Lemmatisiert, nicht disambiguiert.

Die Groß-/Kleinschreibung entspricht aus technischen Gründen nur teilweise der Edition.";0000000000ddss---kf;;5;;;;CvK;Carl von Kraus Liederdichter;RDS;;;;;;;;;;;;;;;;;
Von Sachsendorf;1099;Deutsche Liederdichter. Hrsg. von Carl von Kraus. Tübingen, M. Niemeyer, 1951-58.;"Lemmatisiert, nicht disambiguiert.

Die Groß-/Kleinschreibung entspricht aus technischen Gründen nur teilweise der Edition.";0000000000ddss---kf;;5;;;;CvK;Carl von Kraus Liederdichter;VSA;;;;;;;;;;;;;;;;;
Rubin und Rüdeger;1073;Deutsche Liederdichter. Hrsg. von Carl von Kraus. Tübingen, M. Niemeyer, 1951-58.;"Lemmatisiert, nicht disambiguiert.

Die Groß-/Kleinschreibung entspricht aus technischen Gründen nur teilweise der Edition.";0000000000ddss---kf;;5;;;;CvK;Carl von Kraus Liederdichter;RUR;;;;;;;;;;;;;;;;;
Walter von Mezze;1103;Deutsche Liederdichter. Hrsg. von Carl von Kraus. Tübingen, M. Niemeyer, 1951-58.;"Lemmatisiert, nicht disambiguiert.

Die Groß-/Kleinschreibung entspricht aus technischen Gründen nur teilweise der Edition.";0000000000ddss---kf;;5;;;;CvK;Carl von Kraus Liederdichter;WME;;;;;;;;;;;;;;;;;
Gaude Maria Virgo;;Marienlegenden aus dem alten Passional. Hrsg. von Hans-Georg Richert. Tübingen: Niemeyer 1965. (= ATB Nr. 64), S. 1-5.;"Lemmatisiert, nicht disambiguiert.

Die Groß-/Kleinschreibung entspricht aus technischen Gründen nur teilweise der Edition.";0000000000000000---;1584;4;Ein Blindgeborener wird sehend;"Das 'Passional' besteht aus drei Büchern: 1. Marienleben, Leben Jesu und Passionsgeschichte, 2. Legenden der Apostel, 3. Legenden der Heiligen, geordnet nach dem liturgischen Jahreskalender (Beginn am 6. Dezember = Nikolaus). Die wichtigste Quelle, aus der die Sammlung schöpfte, ist die lateinische 'Legenda aurea' des Jacobus de Voragine. Allerdings sind die genauen Beziehungen noch nicht befriedigend geklärt. Der Text ist in Mittelhochdeutsch verfasst. Da viele der Ordensbrüder des Deutschen Ordens lateinunkundig und Illiteraten waren, diente das Passional u. a. auch als Tischlesung oder als Predigten, die auch dem Volk vermittelt wurden. Es sollte sowohl zur Kontemplation anregen als auch Beispiele für christliche Vorbilder geben. Besonders wurde auf die Marienverehrung wert gelegt, da der Deutsche Orden Maria als Schutzpatronin erwählt hatte. Im Hochmittelalter stieg die Verehrung der Gottesmutter stark an, die in den Marienlegenden des Alten Passional oft als Advokata bzw. Mittlerin zwischen Gott und dem Menschen stand.Der Verfasser ist unbekannt. Es handelt sich dabei um einen Geistlichen von hoher Bildung, der vermutlich Mitglied des Deutschen Ordens gewesen ist und dieses Werk im Namen eines von ihm Übergeordneten verfasst haben müsste. Durch Untersuchungen der Reimsprache hat man geschlossen, dass er aus Thüringen stammen könnte, auch wenn das 'Passional' im Ordensstaat geschrieben sein dürfte. Möglicherweise ist er auch der Autor des so genannten 'Väterbuchs', einer Geschichtensammlung über heilige Einsiedler.

http://de.wikipedia.org/wiki/Passional";"I = Ehem. Preuß. Staatsbib. Berlin Ms.germ. fol. 778 (z. Z. UB Tübingen), Perg., Wende 13./14. Jh. Haupths. der vorliegenden Ausg. Enth. die B. I und II des Passionals mit den in d. Hdbg. Hs. fehlenden Marienleg. samt »Nachrede« und 6 Jakobuslegenden. Anstelle der Magdalenenlegende Hahn 389,67 ff. finden sich hier drei Legenden.

Zur Zeit in der UB Tübingen, Depot d. ehem. Preuß. Staatsbib.

A = österreichische Nationalb. Wien Cod. 2694, Pergament, frühes 14. Jh. Pass.-Hs. der B. I und II, mit Zusätzen gegenü. H. Enth. auf den Bll. 46ra - 75rb sämtl. Mll. samt ""Nachr."". 

H = UB Heidelberg cpg 352, Perg., 1. H. 14. Jh. Pass.-Hs. der Bücher I und II. Enth. auf den Bll. 92ra-98rb die Mll. I-V.

B = UB Heidelberg cpg 341, Perg., früh. 14. Jh. Enth. auf den Bll. 34ra-61ra die Mll. mit Ausn. der Nrr. XXI und XXV.

C = Metropolitanbib. Kälocsa Cod. 1, Perg., früh. 14. Jh. Enth. auf den Bll. 50rb - 77rb die Mll. mit Ausn. der Nrr. XXI und XXV. Verschollen: Abschrift i. German. Seminar in Hamburg benutzt und Varianten unter der Sigle C mitgeteilt.

D = österreichische Nationalbib. Wien Cod. 2677, Perg., früh. 14. Jh. 

E = ö. Nationalbib. Wien Cod. 2779, Perg., 14. Jh. 

D = ö. Nationalbib. Wien Cod. 2677, Pergament, frühes 14. Jh.

E = österreichische Nationalbibliothek Wien Cod. 2779, Pergament, 14. Jh. 

M = Bib. des Benediktinerstifts Melk Cod. R 18, Perg., 14. Jh.";MAP;Marienlegenden aus dem alten Passional;GMV;;;;;;;;;;;;;;;;;
Der ertrunkene Gärtner;;Marienlegenden aus dem alten Passional. Hrsg. von Hans-Georg Richert. Tübingen: Niemeyer 1965. (= ATB Nr. 64), S. 1-5.;"Lemmatisiert, nicht disambiguiert.

Die Groß-/Kleinschreibung entspricht aus technischen Gründen nur teilweise der Edition.";0000000000000000---;1580;4;;"Das 'Passional' besteht aus drei Büchern: 1. Marienleben, Leben Jesu und Passionsgeschichte, 2. Legenden der Apostel, 3. Legenden der Heiligen, geordnet nach dem liturgischen Jahreskalender (Beginn am 6. Dezember = Nikolaus). Die wichtigste Quelle, aus der die Sammlung schöpfte, ist die lateinische 'Legenda aurea' des Jacobus de Voragine. Allerdings sind die genauen Beziehungen noch nicht befriedigend geklärt. Der Text ist in Mittelhochdeutsch verfasst. Da viele der Ordensbrüder des Deutschen Ordens lateinunkundig und Illiteraten waren, diente das Passional u. a. auch als Tischlesung oder als Predigten, die auch dem Volk vermittelt wurden. Es sollte sowohl zur Kontemplation anregen als auch Beispiele für christliche Vorbilder geben. Besonders wurde auf die Marienverehrung wert gelegt, da der Deutsche Orden Maria als Schutzpatronin erwählt hatte. Im Hochmittelalter stieg die Verehrung der Gottesmutter stark an, die in den Marienlegenden des Alten Passional oft als Advokata bzw. Mittlerin zwischen Gott und dem Menschen stand.Der Verfasser ist unbekannt. Es handelt sich dabei um einen Geistlichen von hoher Bildung, der vermutlich Mitglied des Deutschen Ordens gewesen ist und dieses Werk im Namen eines von ihm Übergeordneten verfasst haben müsste. Durch Untersuchungen der Reimsprache hat man geschlossen, dass er aus Thüringen stammen könnte, auch wenn das 'Passional' im Ordensstaat geschrieben sein dürfte. Möglicherweise ist er auch der Autor des so genannten 'Väterbuchs', einer Geschichtensammlung über heilige Einsiedler.

http://de.wikipedia.org/wiki/Passional";"I = Ehem. Preuß. Staatsbib. Berlin Ms.germ. fol. 778 (z. Z. UB Tübingen), Perg., Wende 13./14. Jh. Haupths. der vorliegenden Ausg. Enth. die B. I und II des Passionals mit den in d. Hdbg. Hs. fehlenden Marienleg. samt »Nachrede« und 6 Jakobuslegenden. Anstelle der Magdalenenlegende Hahn 389,67 ff. finden sich hier drei Legenden.

Zur Zeit in der UB Tübingen, Depot d. ehem. Preuß. Staatsbib.

A = österreichische Nationalb. Wien Cod. 2694, Pergament, frühes 14. Jh. Pass.-Hs. der B. I und II, mit Zusätzen gegenü. H. Enth. auf den Bll. 46ra - 75rb sämtl. Mll. samt ""Nachr."". 

H = UB Heidelberg cpg 352, Perg., 1. H. 14. Jh. Pass.-Hs. der Bücher I und II. Enth. auf den Bll. 92ra-98rb die Mll. I-V.

B = UB Heidelberg cpg 341, Perg., früh. 14. Jh. Enth. auf den Bll. 34ra-61ra die Mll. mit Ausn. der Nrr. XXI und XXV.

C = Metropolitanbib. Kälocsa Cod. 1, Perg., früh. 14. Jh. Enth. auf den Bll. 50rb - 77rb die Mll. mit Ausn. der Nrr. XXI und XXV. Verschollen: Abschrift i. German. Seminar in Hamburg benutzt und Varianten unter der Sigle C mitgeteilt.

D = österreichische Nationalbib. Wien Cod. 2677, Perg., früh. 14. Jh. 

E = ö. Nationalbib. Wien Cod. 2779, Perg., 14. Jh. 

D = ö. Nationalbib. Wien Cod. 2677, Pergament, frühes 14. Jh.

E = österreichische Nationalbibliothek Wien Cod. 2779, Pergament, 14. Jh. 

M = Bib. des Benediktinerstifts Melk Cod. R 18, Perg., 14. Jh.";MAP;Marienlegenden aus dem alten Passional;DEG;;;;;;;;;;;;;;;;;
Die Blume im Munde;;Marienlegenden aus dem alten Passional. Hrsg. von Hans-Georg Richert. Tübingen: Niemeyer 1965. (= ATB Nr. 64), S. 1-5.;"Lemmatisiert, nicht disambiguiert.

Die Groß-/Kleinschreibung entspricht aus technischen Gründen nur teilweise der Edition.";0000000000000000---;1582;4;Von einem sündigen Schüler;"Das 'Passional' besteht aus drei Büchern: 1. Marienleben, Leben Jesu und Passionsgeschichte, 2. Legenden der Apostel, 3. Legenden der Heiligen, geordnet nach dem liturgischen Jahreskalender (Beginn am 6. Dezember = Nikolaus). Die wichtigste Quelle, aus der die Sammlung schöpfte, ist die lateinische 'Legenda aurea' des Jacobus de Voragine. Allerdings sind die genauen Beziehungen noch nicht befriedigend geklärt. Der Text ist in Mittelhochdeutsch verfasst. Da viele der Ordensbrüder des Deutschen Ordens lateinunkundig und Illiteraten waren, diente das Passional u. a. auch als Tischlesung oder als Predigten, die auch dem Volk vermittelt wurden. Es sollte sowohl zur Kontemplation anregen als auch Beispiele für christliche Vorbilder geben. Besonders wurde auf die Marienverehrung wert gelegt, da der Deutsche Orden Maria als Schutzpatronin erwählt hatte. Im Hochmittelalter stieg die Verehrung der Gottesmutter stark an, die in den Marienlegenden des Alten Passional oft als Advokata bzw. Mittlerin zwischen Gott und dem Menschen stand.Der Verfasser ist unbekannt. Es handelt sich dabei um einen Geistlichen von hoher Bildung, der vermutlich Mitglied des Deutschen Ordens gewesen ist und dieses Werk im Namen eines von ihm Übergeordneten verfasst haben müsste. Durch Untersuchungen der Reimsprache hat man geschlossen, dass er aus Thüringen stammen könnte, auch wenn das 'Passional' im Ordensstaat geschrieben sein dürfte. Möglicherweise ist er auch der Autor des so genannten 'Väterbuchs', einer Geschichtensammlung über heilige Einsiedler.

http://de.wikipedia.org/wiki/Passional";"I = Ehem. Preuß. Staatsbib. Berlin Ms.germ. fol. 778 (z. Z. UB Tübingen), Perg., Wende 13./14. Jh. Haupths. der vorliegenden Ausg. Enth. die B. I und II des Passionals mit den in d. Hdbg. Hs. fehlenden Marienleg. samt »Nachrede« und 6 Jakobuslegenden. Anstelle der Magdalenenlegende Hahn 389,67 ff. finden sich hier drei Legenden.

Zur Zeit in der UB Tübingen, Depot d. ehem. Preuß. Staatsbib.

A = österreichische Nationalb. Wien Cod. 2694, Pergament, frühes 14. Jh. Pass.-Hs. der B. I und II, mit Zusätzen gegenü. H. Enth. auf den Bll. 46ra - 75rb sämtl. Mll. samt ""Nachr."". 

H = UB Heidelberg cpg 352, Perg., 1. H. 14. Jh. Pass.-Hs. der Bücher I und II. Enth. auf den Bll. 92ra-98rb die Mll. I-V.

B = UB Heidelberg cpg 341, Perg., früh. 14. Jh. Enth. auf den Bll. 34ra-61ra die Mll. mit Ausn. der Nrr. XXI und XXV.

C = Metropolitanbib. Kälocsa Cod. 1, Perg., früh. 14. Jh. Enth. auf den Bll. 50rb - 77rb die Mll. mit Ausn. der Nrr. XXI und XXV. Verschollen: Abschrift i. German. Seminar in Hamburg benutzt und Varianten unter der Sigle C mitgeteilt.

D = österreichische Nationalbib. Wien Cod. 2677, Perg., früh. 14. Jh. 

E = ö. Nationalbib. Wien Cod. 2779, Perg., 14. Jh. 

D = ö. Nationalbib. Wien Cod. 2677, Pergament, frühes 14. Jh.

E = österreichische Nationalbibliothek Wien Cod. 2779, Pergament, 14. Jh. 

M = Bib. des Benediktinerstifts Melk Cod. R 18, Perg., 14. Jh.";MAP;Marienlegenden aus dem alten Passional;BIM;;;;;;;;;;;;;;;;;
Hilfe in Seelennot;;Marienlegenden aus dem alten Passional. Hrsg. von Hans-Georg Richert. Tübingen: Niemeyer 1965. (= ATB Nr. 64), S. 1-5.;"Lemmatisiert, nicht disambiguiert.

Die Groß-/Kleinschreibung entspricht aus technischen Gründen nur teilweise der Edition.";0000000000000000---;1586;4;Maria gebietet dem Meeressturm;"Das 'Passional' besteht aus drei Büchern: 1. Marienleben, Leben Jesu und Passionsgeschichte, 2. Legenden der Apostel, 3. Legenden der Heiligen, geordnet nach dem liturgischen Jahreskalender (Beginn am 6. Dezember = Nikolaus). Die wichtigste Quelle, aus der die Sammlung schöpfte, ist die lateinische 'Legenda aurea' des Jacobus de Voragine. Allerdings sind die genauen Beziehungen noch nicht befriedigend geklärt. Der Text ist in Mittelhochdeutsch verfasst. Da viele der Ordensbrüder des Deutschen Ordens lateinunkundig und Illiteraten waren, diente das Passional u. a. auch als Tischlesung oder als Predigten, die auch dem Volk vermittelt wurden. Es sollte sowohl zur Kontemplation anregen als auch Beispiele für christliche Vorbilder geben. Besonders wurde auf die Marienverehrung wert gelegt, da der Deutsche Orden Maria als Schutzpatronin erwählt hatte. Im Hochmittelalter stieg die Verehrung der Gottesmutter stark an, die in den Marienlegenden des Alten Passional oft als Advokata bzw. Mittlerin zwischen Gott und dem Menschen stand.Der Verfasser ist unbekannt. Es handelt sich dabei um einen Geistlichen von hoher Bildung, der vermutlich Mitglied des Deutschen Ordens gewesen ist und dieses Werk im Namen eines von ihm Übergeordneten verfasst haben müsste. Durch Untersuchungen der Reimsprache hat man geschlossen, dass er aus Thüringen stammen könnte, auch wenn das 'Passional' im Ordensstaat geschrieben sein dürfte. Möglicherweise ist er auch der Autor des so genannten 'Väterbuchs', einer Geschichtensammlung über heilige Einsiedler.

http://de.wikipedia.org/wiki/Passional";"I = Ehem. Preuß. Staatsbib. Berlin Ms.germ. fol. 778 (z. Z. UB Tübingen), Perg., Wende 13./14. Jh. Haupths. der vorliegenden Ausg. Enth. die B. I und II des Passionals mit den in d. Hdbg. Hs. fehlenden Marienleg. samt »Nachrede« und 6 Jakobuslegenden. Anstelle der Magdalenenlegende Hahn 389,67 ff. finden sich hier drei Legenden.

Zur Zeit in der UB Tübingen, Depot d. ehem. Preuß. Staatsbib.

A = österreichische Nationalb. Wien Cod. 2694, Pergament, frühes 14. Jh. Pass.-Hs. der B. I und II, mit Zusätzen gegenü. H. Enth. auf den Bll. 46ra - 75rb sämtl. Mll. samt ""Nachr."". 

H = UB Heidelberg cpg 352, Perg., 1. H. 14. Jh. Pass.-Hs. der Bücher I und II. Enth. auf den Bll. 92ra-98rb die Mll. I-V.

B = UB Heidelberg cpg 341, Perg., früh. 14. Jh. Enth. auf den Bll. 34ra-61ra die Mll. mit Ausn. der Nrr. XXI und XXV.

C = Metropolitanbib. Kälocsa Cod. 1, Perg., früh. 14. Jh. Enth. auf den Bll. 50rb - 77rb die Mll. mit Ausn. der Nrr. XXI und XXV. Verschollen: Abschrift i. German. Seminar in Hamburg benutzt und Varianten unter der Sigle C mitgeteilt.

D = österreichische Nationalbib. Wien Cod. 2677, Perg., früh. 14. Jh. 

E = ö. Nationalbib. Wien Cod. 2779, Perg., 14. Jh. 

D = ö. Nationalbib. Wien Cod. 2677, Pergament, frühes 14. Jh.

E = österreichische Nationalbibliothek Wien Cod. 2779, Pergament, 14. Jh. 

M = Bib. des Benediktinerstifts Melk Cod. R 18, Perg., 14. Jh.";MAP;Marienlegenden aus dem alten Passional;HIS;;;;;;;;;;;;;;;;;
Marien Rosenkranz;;Marienlegenden aus dem alten Passional. Hrsg. von Hans-Georg Richert. Tübingen: Niemeyer 1965. (= ATB Nr. 64), S. 1-5.;"Lemmatisiert, nicht disambiguiert.

Die Groß-/Kleinschreibung entspricht aus technischen Gründen nur teilweise der Edition.";0000000000000000---;1592;4;Der Mönch und die Rosenkränze;"Das 'Passional' besteht aus drei Büchern: 1. Marienleben, Leben Jesu und Passionsgeschichte, 2. Legenden der Apostel, 3. Legenden der Heiligen, geordnet nach dem liturgischen Jahreskalender (Beginn am 6. Dezember = Nikolaus). Die wichtigste Quelle, aus der die Sammlung schöpfte, ist die lateinische 'Legenda aurea' des Jacobus de Voragine. Allerdings sind die genauen Beziehungen noch nicht befriedigend geklärt. Der Text ist in Mittelhochdeutsch verfasst. Da viele der Ordensbrüder des Deutschen Ordens lateinunkundig und Illiteraten waren, diente das Passional u. a. auch als Tischlesung oder als Predigten, die auch dem Volk vermittelt wurden. Es sollte sowohl zur Kontemplation anregen als auch Beispiele für christliche Vorbilder geben. Besonders wurde auf die Marienverehrung wert gelegt, da der Deutsche Orden Maria als Schutzpatronin erwählt hatte. Im Hochmittelalter stieg die Verehrung der Gottesmutter stark an, die in den Marienlegenden des Alten Passional oft als Advokata bzw. Mittlerin zwischen Gott und dem Menschen stand.Der Verfasser ist unbekannt. Es handelt sich dabei um einen Geistlichen von hoher Bildung, der vermutlich Mitglied des Deutschen Ordens gewesen ist und dieses Werk im Namen eines von ihm Übergeordneten verfasst haben müsste. Durch Untersuchungen der Reimsprache hat man geschlossen, dass er aus Thüringen stammen könnte, auch wenn das 'Passional' im Ordensstaat geschrieben sein dürfte. Möglicherweise ist er auch der Autor des so genannten 'Väterbuchs', einer Geschichtensammlung über heilige Einsiedler.

http://de.wikipedia.org/wiki/Passional";"I = Ehem. Preuß. Staatsbib. Berlin Ms.germ. fol. 778 (z. Z. UB Tübingen), Perg., Wende 13./14. Jh. Haupths. der vorliegenden Ausg. Enth. die B. I und II des Passionals mit den in d. Hdbg. Hs. fehlenden Marienleg. samt »Nachrede« und 6 Jakobuslegenden. Anstelle der Magdalenenlegende Hahn 389,67 ff. finden sich hier drei Legenden.

Zur Zeit in der UB Tübingen, Depot d. ehem. Preuß. Staatsbib.

A = österreichische Nationalb. Wien Cod. 2694, Pergament, frühes 14. Jh. Pass.-Hs. der B. I und II, mit Zusätzen gegenü. H. Enth. auf den Bll. 46ra - 75rb sämtl. Mll. samt ""Nachr."". 

H = UB Heidelberg cpg 352, Perg., 1. H. 14. Jh. Pass.-Hs. der Bücher I und II. Enth. auf den Bll. 92ra-98rb die Mll. I-V.

B = UB Heidelberg cpg 341, Perg., früh. 14. Jh. Enth. auf den Bll. 34ra-61ra die Mll. mit Ausn. der Nrr. XXI und XXV.

C = Metropolitanbib. Kälocsa Cod. 1, Perg., früh. 14. Jh. Enth. auf den Bll. 50rb - 77rb die Mll. mit Ausn. der Nrr. XXI und XXV. Verschollen: Abschrift i. German. Seminar in Hamburg benutzt und Varianten unter der Sigle C mitgeteilt.

D = österreichische Nationalbib. Wien Cod. 2677, Perg., früh. 14. Jh. 

E = ö. Nationalbib. Wien Cod. 2779, Perg., 14. Jh. 

D = ö. Nationalbib. Wien Cod. 2677, Pergament, frühes 14. Jh.

E = österreichische Nationalbibliothek Wien Cod. 2779, Pergament, 14. Jh. 

M = Bib. des Benediktinerstifts Melk Cod. R 18, Perg., 14. Jh.";MAP;Marienlegenden aus dem alten Passional;MRO;;;;;;;;;;;;;;;;;
Der Scholar und das Marienbild;;Marienlegenden aus dem alten Passional. Hrsg. von Hans-Georg Richert. Tübingen: Niemeyer 1965. (= ATB Nr. 64), S. 1-5.;"Lemmatisiert, nicht disambiguiert.

Die Groß-/Kleinschreibung entspricht aus technischen Gründen nur teilweise der Edition.";0000000000000000---;1598;4;;"Das 'Passional' besteht aus drei Büchern: 1. Marienleben, Leben Jesu und Passionsgeschichte, 2. Legenden der Apostel, 3. Legenden der Heiligen, geordnet nach dem liturgischen Jahreskalender (Beginn am 6. Dezember = Nikolaus). Die wichtigste Quelle, aus der die Sammlung schöpfte, ist die lateinische 'Legenda aurea' des Jacobus de Voragine. Allerdings sind die genauen Beziehungen noch nicht befriedigend geklärt. Der Text ist in Mittelhochdeutsch verfasst. Da viele der Ordensbrüder des Deutschen Ordens lateinunkundig und Illiteraten waren, diente das Passional u. a. auch als Tischlesung oder als Predigten, die auch dem Volk vermittelt wurden. Es sollte sowohl zur Kontemplation anregen als auch Beispiele für christliche Vorbilder geben. Besonders wurde auf die Marienverehrung wert gelegt, da der Deutsche Orden Maria als Schutzpatronin erwählt hatte. Im Hochmittelalter stieg die Verehrung der Gottesmutter stark an, die in den Marienlegenden des Alten Passional oft als Advokata bzw. Mittlerin zwischen Gott und dem Menschen stand.Der Verfasser ist unbekannt. Es handelt sich dabei um einen Geistlichen von hoher Bildung, der vermutlich Mitglied des Deutschen Ordens gewesen ist und dieses Werk im Namen eines von ihm Übergeordneten verfasst haben müsste. Durch Untersuchungen der Reimsprache hat man geschlossen, dass er aus Thüringen stammen könnte, auch wenn das 'Passional' im Ordensstaat geschrieben sein dürfte. Möglicherweise ist er auch der Autor des so genannten 'Väterbuchs', einer Geschichtensammlung über heilige Einsiedler.

http://de.wikipedia.org/wiki/Passional";"I = Ehem. Preuß. Staatsbib. Berlin Ms.germ. fol. 778 (z. Z. UB Tübingen), Perg., Wende 13./14. Jh. Haupths. der vorliegenden Ausg. Enth. die B. I und II des Passionals mit den in d. Hdbg. Hs. fehlenden Marienleg. samt »Nachrede« und 6 Jakobuslegenden. Anstelle der Magdalenenlegende Hahn 389,67 ff. finden sich hier drei Legenden.

Zur Zeit in der UB Tübingen, Depot d. ehem. Preuß. Staatsbib.

A = österreichische Nationalb. Wien Cod. 2694, Pergament, frühes 14. Jh. Pass.-Hs. der B. I und II, mit Zusätzen gegenü. H. Enth. auf den Bll. 46ra - 75rb sämtl. Mll. samt ""Nachr."". 

H = UB Heidelberg cpg 352, Perg., 1. H. 14. Jh. Pass.-Hs. der Bücher I und II. Enth. auf den Bll. 92ra-98rb die Mll. I-V.

B = UB Heidelberg cpg 341, Perg., früh. 14. Jh. Enth. auf den Bll. 34ra-61ra die Mll. mit Ausn. der Nrr. XXI und XXV.

C = Metropolitanbib. Kälocsa Cod. 1, Perg., früh. 14. Jh. Enth. auf den Bll. 50rb - 77rb die Mll. mit Ausn. der Nrr. XXI und XXV. Verschollen: Abschrift i. German. Seminar in Hamburg benutzt und Varianten unter der Sigle C mitgeteilt.

D = österreichische Nationalbib. Wien Cod. 2677, Perg., früh. 14. Jh. 

E = ö. Nationalbib. Wien Cod. 2779, Perg., 14. Jh. 

D = ö. Nationalbib. Wien Cod. 2677, Pergament, frühes 14. Jh.

E = österreichische Nationalbibliothek Wien Cod. 2779, Pergament, 14. Jh. 

M = Bib. des Benediktinerstifts Melk Cod. R 18, Perg., 14. Jh.";MAP;Marienlegenden aus dem alten Passional;SUM;;;;;;;;;;;;;;;;;
Theophilus;;Marienlegenden aus dem alten Passional. Hrsg. von Hans-Georg Richert. Tübingen: Niemeyer 1965. (= ATB Nr. 64), S. 1-5.;"Lemmatisiert, nicht disambiguiert.

Die Groß-/Kleinschreibung entspricht aus technischen Gründen nur teilweise der Edition.";0000000000000000---;1600;4;;"Das 'Passional' besteht aus drei Büchern: 1. Marienleben, Leben Jesu und Passionsgeschichte, 2. Legenden der Apostel, 3. Legenden der Heiligen, geordnet nach dem liturgischen Jahreskalender (Beginn am 6. Dezember = Nikolaus). Die wichtigste Quelle, aus der die Sammlung schöpfte, ist die lateinische 'Legenda aurea' des Jacobus de Voragine. Allerdings sind die genauen Beziehungen noch nicht befriedigend geklärt. Der Text ist in Mittelhochdeutsch verfasst. Da viele der Ordensbrüder des Deutschen Ordens lateinunkundig und Illiteraten waren, diente das Passional u. a. auch als Tischlesung oder als Predigten, die auch dem Volk vermittelt wurden. Es sollte sowohl zur Kontemplation anregen als auch Beispiele für christliche Vorbilder geben. Besonders wurde auf die Marienverehrung wert gelegt, da der Deutsche Orden Maria als Schutzpatronin erwählt hatte. Im Hochmittelalter stieg die Verehrung der Gottesmutter stark an, die in den Marienlegenden des Alten Passional oft als Advokata bzw. Mittlerin zwischen Gott und dem Menschen stand.Der Verfasser ist unbekannt. Es handelt sich dabei um einen Geistlichen von hoher Bildung, der vermutlich Mitglied des Deutschen Ordens gewesen ist und dieses Werk im Namen eines von ihm Übergeordneten verfasst haben müsste. Durch Untersuchungen der Reimsprache hat man geschlossen, dass er aus Thüringen stammen könnte, auch wenn das 'Passional' im Ordensstaat geschrieben sein dürfte. Möglicherweise ist er auch der Autor des so genannten 'Väterbuchs', einer Geschichtensammlung über heilige Einsiedler.

http://de.wikipedia.org/wiki/Passional";"I = Ehem. Preuß. Staatsbib. Berlin Ms.germ. fol. 778 (z. Z. UB Tübingen), Perg., Wende 13./14. Jh. Haupths. der vorliegenden Ausg. Enth. die B. I und II des Passionals mit den in d. Hdbg. Hs. fehlenden Marienleg. samt »Nachrede« und 6 Jakobuslegenden. Anstelle der Magdalenenlegende Hahn 389,67 ff. finden sich hier drei Legenden.

Zur Zeit in der UB Tübingen, Depot d. ehem. Preuß. Staatsbib.

A = österreichische Nationalb. Wien Cod. 2694, Pergament, frühes 14. Jh. Pass.-Hs. der B. I und II, mit Zusätzen gegenü. H. Enth. auf den Bll. 46ra - 75rb sämtl. Mll. samt ""Nachr."". 

H = UB Heidelberg cpg 352, Perg., 1. H. 14. Jh. Pass.-Hs. der Bücher I und II. Enth. auf den Bll. 92ra-98rb die Mll. I-V.

B = UB Heidelberg cpg 341, Perg., früh. 14. Jh. Enth. auf den Bll. 34ra-61ra die Mll. mit Ausn. der Nrr. XXI und XXV.

C = Metropolitanbib. Kälocsa Cod. 1, Perg., früh. 14. Jh. Enth. auf den Bll. 50rb - 77rb die Mll. mit Ausn. der Nrr. XXI und XXV. Verschollen: Abschrift i. German. Seminar in Hamburg benutzt und Varianten unter der Sigle C mitgeteilt.

D = österreichische Nationalbib. Wien Cod. 2677, Perg., früh. 14. Jh. 

E = ö. Nationalbib. Wien Cod. 2779, Perg., 14. Jh. 

D = ö. Nationalbib. Wien Cod. 2677, Pergament, frühes 14. Jh.

E = österreichische Nationalbibliothek Wien Cod. 2779, Pergament, 14. Jh. 

M = Bib. des Benediktinerstifts Melk Cod. R 18, Perg., 14. Jh.";MAP;Marienlegenden aus dem alten Passional;THE;;;;;;;;;;;;;;;;;
Marias Fürbitte für einen Ritter;;Marienlegenden aus dem alten Passional. Hrsg. von Hans-Georg Richert. Tübingen: Niemeyer 1965. (= ATB Nr. 64), S. 1-5.;"Lemmatisiert, nicht disambiguiert.

Die Groß-/Kleinschreibung entspricht aus technischen Gründen nur teilweise der Edition.";0000000000000000---;1588;4;Der Ritter und der Teufel;"Das 'Passional' besteht aus drei Büchern: 1. Marienleben, Leben Jesu und Passionsgeschichte, 2. Legenden der Apostel, 3. Legenden der Heiligen, geordnet nach dem liturgischen Jahreskalender (Beginn am 6. Dezember = Nikolaus). Die wichtigste Quelle, aus der die Sammlung schöpfte, ist die lateinische 'Legenda aurea' des Jacobus de Voragine. Allerdings sind die genauen Beziehungen noch nicht befriedigend geklärt. Der Text ist in Mittelhochdeutsch verfasst. Da viele der Ordensbrüder des Deutschen Ordens lateinunkundig und Illiteraten waren, diente das Passional u. a. auch als Tischlesung oder als Predigten, die auch dem Volk vermittelt wurden. Es sollte sowohl zur Kontemplation anregen als auch Beispiele für christliche Vorbilder geben. Besonders wurde auf die Marienverehrung wert gelegt, da der Deutsche Orden Maria als Schutzpatronin erwählt hatte. Im Hochmittelalter stieg die Verehrung der Gottesmutter stark an, die in den Marienlegenden des Alten Passional oft als Advokata bzw. Mittlerin zwischen Gott und dem Menschen stand.Der Verfasser ist unbekannt. Es handelt sich dabei um einen Geistlichen von hoher Bildung, der vermutlich Mitglied des Deutschen Ordens gewesen ist und dieses Werk im Namen eines von ihm Übergeordneten verfasst haben müsste. Durch Untersuchungen der Reimsprache hat man geschlossen, dass er aus Thüringen stammen könnte, auch wenn das 'Passional' im Ordensstaat geschrieben sein dürfte. Möglicherweise ist er auch der Autor des so genannten 'Väterbuchs', einer Geschichtensammlung über heilige Einsiedler.

http://de.wikipedia.org/wiki/Passional";"I = Ehem. Preuß. Staatsbib. Berlin Ms.germ. fol. 778 (z. Z. UB Tübingen), Perg., Wende 13./14. Jh. Haupths. der vorliegenden Ausg. Enth. die B. I und II des Passionals mit den in d. Hdbg. Hs. fehlenden Marienleg. samt »Nachrede« und 6 Jakobuslegenden. Anstelle der Magdalenenlegende Hahn 389,67 ff. finden sich hier drei Legenden.

Zur Zeit in der UB Tübingen, Depot d. ehem. Preuß. Staatsbib.

A = österreichische Nationalb. Wien Cod. 2694, Pergament, frühes 14. Jh. Pass.-Hs. der B. I und II, mit Zusätzen gegenü. H. Enth. auf den Bll. 46ra - 75rb sämtl. Mll. samt ""Nachr."". 

H = UB Heidelberg cpg 352, Perg., 1. H. 14. Jh. Pass.-Hs. der Bücher I und II. Enth. auf den Bll. 92ra-98rb die Mll. I-V.

B = UB Heidelberg cpg 341, Perg., früh. 14. Jh. Enth. auf den Bll. 34ra-61ra die Mll. mit Ausn. der Nrr. XXI und XXV.

C = Metropolitanbib. Kälocsa Cod. 1, Perg., früh. 14. Jh. Enth. auf den Bll. 50rb - 77rb die Mll. mit Ausn. der Nrr. XXI und XXV. Verschollen: Abschrift i. German. Seminar in Hamburg benutzt und Varianten unter der Sigle C mitgeteilt.

D = österreichische Nationalbib. Wien Cod. 2677, Perg., früh. 14. Jh. 

E = ö. Nationalbib. Wien Cod. 2779, Perg., 14. Jh. 

D = ö. Nationalbib. Wien Cod. 2677, Pergament, frühes 14. Jh.

E = österreichische Nationalbibliothek Wien Cod. 2779, Pergament, 14. Jh. 

M = Bib. des Benediktinerstifts Melk Cod. R 18, Perg., 14. Jh.";MAP;Marienlegenden aus dem alten Passional;MFR;;;;;;;;;;;;;;;;;
Tannhäuser;1148;Tannhäuser. Die Gedichte der Manessischen Handschrift, Einleitung, Edition u. Textkommentar v. Maria Grazia Cammarota, Übersetzung v. Jürgen Kühnel, Kümmerle Verlag, Göppingen 2009 (=GAG 749);"Text I-VI: Leichs

Text VI-XVI: Lieder



Die ersten sechs Gedichte sind Leichs mit außergewöhnlichen, unkonventionellen Themen (nur wenige andere Autoren verhandeln -später- außer den Themen Liebe und Religion noch andere Themen in Leichform). So ist z.B. der Einleitungsteil von Leich I ein Panegyrikos auf Herzog Friedrich II. von Babenberg; andere Leiche enthalten wiederum politische Einschübe, wie sie sonst eher in der Sangspruchdichtung vorkommen. Ihre Form ist stets eine lange Abfolge von Versikeln in unterschiedlicher Länge und mit unterschiedlichen metrisch-rhythmischen Gliederungen.

Die nachfolgenden Texte sind Lieder. Sie setzen sich aus einer unterschiedlichen Strophenanzahl zusammen, wobei die meisten je drei Strophen haben. Thematisch überwiegt das Minnelied; es gibt aber auch ein Kreuzzugslied (XIII, wahrscheinlich verfasst auf der Überfahrt ins Heilige Land), zwei Sangsprüche (XIII, XIV) in langsamerem Rhythmus sowie eine einzelne Strophe (XVI), die fünf Rätsel enthält.



Die Reimpunkte, die die Editorin am Ende jedes Verses und teilweise auch innerhalb der Verszeilen aus der Handschrift übernommen hat, wurden für diese digitale Ausgabe nicht verwendet. Innerhalb der Zeile haben wir derartige Punkte sinngemäß durch Zäsuren ersetzt.



Tilgungen erscheinen kursiv und in Klammern, da Cammarota diese nicht weggelassen, sondern in die Verszählung mit aufgenommen hat.

Die Groß-/Kleinschreibung entspricht aus technischen Gründen nur teilweise der Edition.";0000000000000dds---;1796;5;;"Wir besitzen keine Kodizes aus dem 13. Jh., die das Werk des Tannhäusers überliefern. Die Texte des Sängers sind allesamt durch spätere Abschriften dokumentiert (seit dem frühen 14. Jh.).

Das am meisten gesicherte Korpus entstammt der Manessischen Handschrift (C) aus dem Beginn des 14. Jhs. (für die Familie Manesse angefertigt).";"Die Leithandschrift für die Edition ist die Manessische Handschrift (C). Die Dichtungen des Tannhäusers befinden sich auf Bl. 264-269. Ein Teil des Blattes 269 und das ganze Blatt 270 sind leer, was darauf schließen lassen könnte, dass noch weitere Tannhäuser-Texte eingefügt werden hätten sollen.

Die Miniatur vor den Gedichten (Bl. 264) zeigt den Autor als vornehmen Ritter des Deutschen Ordens mitsamt des Schriftzugs: ""Der Tanhuser"".

Die Texte sind in zwei Kolumnen angeordnet und prunkvoll in gotischer Minuskel geschrieben. Es gibt 43 blau-rote Initalien, wodurch in 16 Gedichte unterschieden werden kann.

Die in der Berliner Handschrift wiedergegebene Bearbeitung von Lied IX stimmt mit der Version aus dem Codex Manesse weitgehend überein, während die Kolmarer Handschrift viele Abänderungen enthält. Von Lied XII gibt es eine einzige Bearbeitung in der Hans-Sachs-Handschrift.

Das so genannte Bußlied wird ebenfalls dem Tannhäuser zugeordnet und findet sich in der Jenaer Liederhandschrift, der außerdem Melodien beigegeben sind.

Es gibt auch andere Strophen ähnlichen Inhalts, die in verschiedenen Manuskripten aus dem 15.Jh. dem Tannhäuser zugeschrieben werden, allerdings ist sich bei diesen die Forschung weniger einig aufgrund ihrer Authentizität.

Als Leithandschrift wurde der Codex Manesse gewählt, weil er sich quantitativ wie qualitativ deutlich von anderen Handschriften unterscheidet, die den Sänger aufgenommen haben.";;;TA;;;;;;;;;;;;;;;;;
Paränese zum Mariengruß;;Marienlegenden aus dem alten Passional. Hrsg. von Hans-Georg Richert. Tübingen: Niemeyer 1965. (= ATB Nr. 64), S. 1-5.;"Lemmatisiert, nicht disambiguiert.

Die Groß-/Kleinschreibung entspricht aus technischen Gründen nur teilweise der Edition.";0000000000000000---;1594;4;;"Das 'Passional' besteht aus drei Büchern: 1. Marienleben, Leben Jesu und Passionsgeschichte, 2. Legenden der Apostel, 3. Legenden der Heiligen, geordnet nach dem liturgischen Jahreskalender (Beginn am 6. Dezember = Nikolaus). Die wichtigste Quelle, aus der die Sammlung schöpfte, ist die lateinische 'Legenda aurea' des Jacobus de Voragine. Allerdings sind die genauen Beziehungen noch nicht befriedigend geklärt. Der Text ist in Mittelhochdeutsch verfasst. Da viele der Ordensbrüder des Deutschen Ordens lateinunkundig und Illiteraten waren, diente das Passional u. a. auch als Tischlesung oder als Predigten, die auch dem Volk vermittelt wurden. Es sollte sowohl zur Kontemplation anregen als auch Beispiele für christliche Vorbilder geben. Besonders wurde auf die Marienverehrung wert gelegt, da der Deutsche Orden Maria als Schutzpatronin erwählt hatte. Im Hochmittelalter stieg die Verehrung der Gottesmutter stark an, die in den Marienlegenden des Alten Passional oft als Advokata bzw. Mittlerin zwischen Gott und dem Menschen stand.Der Verfasser ist unbekannt. Es handelt sich dabei um einen Geistlichen von hoher Bildung, der vermutlich Mitglied des Deutschen Ordens gewesen ist und dieses Werk im Namen eines von ihm Übergeordneten verfasst haben müsste. Durch Untersuchungen der Reimsprache hat man geschlossen, dass er aus Thüringen stammen könnte, auch wenn das 'Passional' im Ordensstaat geschrieben sein dürfte. Möglicherweise ist er auch der Autor des so genannten 'Väterbuchs', einer Geschichtensammlung über heilige Einsiedler.

http://de.wikipedia.org/wiki/Passional";"I = Ehem. Preuß. Staatsbib. Berlin Ms.germ. fol. 778 (z. Z. UB Tübingen), Perg., Wende 13./14. Jh. Haupths. der vorliegenden Ausg. Enth. die B. I und II des Passionals mit den in d. Hdbg. Hs. fehlenden Marienleg. samt »Nachrede« und 6 Jakobuslegenden. Anstelle der Magdalenenlegende Hahn 389,67 ff. finden sich hier drei Legenden.

Zur Zeit in der UB Tübingen, Depot d. ehem. Preuß. Staatsbib.

A = österreichische Nationalb. Wien Cod. 2694, Pergament, frühes 14. Jh. Pass.-Hs. der B. I und II, mit Zusätzen gegenü. H. Enth. auf den Bll. 46ra - 75rb sämtl. Mll. samt ""Nachr."". 

H = UB Heidelberg cpg 352, Perg., 1. H. 14. Jh. Pass.-Hs. der Bücher I und II. Enth. auf den Bll. 92ra-98rb die Mll. I-V.

B = UB Heidelberg cpg 341, Perg., früh. 14. Jh. Enth. auf den Bll. 34ra-61ra die Mll. mit Ausn. der Nrr. XXI und XXV.

C = Metropolitanbib. Kälocsa Cod. 1, Perg., früh. 14. Jh. Enth. auf den Bll. 50rb - 77rb die Mll. mit Ausn. der Nrr. XXI und XXV. Verschollen: Abschrift i. German. Seminar in Hamburg benutzt und Varianten unter der Sigle C mitgeteilt.

D = österreichische Nationalbib. Wien Cod. 2677, Perg., früh. 14. Jh. 

E = ö. Nationalbib. Wien Cod. 2779, Perg., 14. Jh. 

D = ö. Nationalbib. Wien Cod. 2677, Pergament, frühes 14. Jh.

E = österreichische Nationalbibliothek Wien Cod. 2779, Pergament, 14. Jh. 

M = Bib. des Benediktinerstifts Melk Cod. R 18, Perg., 14. Jh.";MAP;Marienlegenden aus dem alten Passional;PZM;;;;;;;;;;;;;;;;;
Die auslegung vber den Pater noster;1427;"Die Vater-unser-Erklärung in der Volkssprache. Der moselfränkische Text ins Neuhochdt. übertr. v. W. Jungandreas, Trier 1982.(= Nikolaus von Kues in dt. Übersetzung, hrsg. v. Institut für Cusanus-Forschung Trier: Heft 2).

Digitale Version: Ulrich Harsch, 2001.

http://www.hs-augsburg.de/~harsch/germanica/Chronologie/15Jh/Nikolaus/nik_ausl.html";"Der Text besteht aus 46 Abschnitten/Seiten. die Zeilensprünge der digitalen Edition wurden nicht eingehalten, da sie auch nicht den Zeilensprüngen des Originals entsprechen. Silbentrennungen wurden aufgelöst.

Lemmatisiert, nicht disambiguiert.

Die Groß-/Kleinschreibung entspricht aus technischen Gründen nur teilweise der Edition.";00000000000000aa--h;;121;;;;;;VUA;;;;;;;;;;;;;;;;;
Zweites Ehebüchlein;;"Textgrundlage:

Der Druck des Johannes Bämler, 

Augsburg 1476 (Hain 10006)

Digitale Edition: Angus Graham,Sultan Qaboos University Oman

http://www.hs-augsburg.de/~harsch/germanica/Chronologie/15Jh/Lehre/ler_un13.html";"Der Text ist Teil des Sammeldruckes ""Eine Augsburger Sittenlehre"". Er beginnt auf der Folioseite 150v und endet mit 155v. Im Gegensatz zur digitalen Ausgabe Grahams wurde der Folioumbruch strikt eingehalten. Gleichzeitig wurde versucht, dem Zeilenumbruch der Grahamschen Ausgabe zu folgen, was jedoch nicht immer ganz möglich war. Die oft kurzen Folioseiten kommen daher, dass der Hauptteil dieser Seiten von einem Holzschnitt eingenommen wird.

Hochgestelltes 'o' wurde zu 'uo' konvertiert.

Die Groß-/Kleinschreibung entspricht aus technischen Gründen nur teilweise der Edition.";000000000000pppv--h;;244;;Die Augsburger Sittenlehre hat Johannes Bämler im Jahre 1476 in Augsburg gedruckt. Das Kompendium wurde von einem Unbekannten zu Lehrzwecken zusammengestellt und von dem Augsburger Kloster St. Ulrich und Afra in Auftrag gegeben.Vorwort von Angus Graham (in statu nascendi);;ASL;Augsburger Sittenlehre;EB2;0;0;;;;;;;;;;;;;;;
Erstes Ehebüchlein;;"Textgrundlage:

Der Druck des Johannes Bämler, 

Augsburg 1476 (Hain 10006)

Digitale Edition: Angus Graham,Sultan Qaboos University Oman

http://www.hs-augsburg.de/~harsch/germanica/Chronologie/15Jh/Lehre/ler_un12.html";"Der Text ist Teil des Sammeldruckes ""Eine Augsburger Sittenlehre"". Er beginnt auf der Folioseite 143r und endet mit 150r. Im Gegensatz zur digitalen Ausgabe Grahams wurde der Folioumbruch strikt eingehalten. Gleichzeitig wurde versucht, dem Zeilenumbruch der Grahamschen Ausgabe zu folgen, was jedoch nicht immer ganz möglich war. Die oft kurzen Folioseiten kommen daher, dass der Hauptteil dieser Seiten von einem Holzschnitt eingenommen wird.

Hochgestelltes 'o' wurde zu 'uo' aufgeloest.

Lemmatisiert, nicht disambiguiert. 

Die Groß-/Kleinschreibung entspricht aus technischen Gründen nur teilweise der Edition.";000000000000pppv--h;;244;;Die Augsburger Sittenlehre hat Johannes Bämler im Jahre 1476 in Augsburg gedruckt. Das Kompendium wurde von einem Unbekannten zu Lehrzwecken zusammengestellt und von dem Augsburger Kloster St. Ulrich und Afra in Auftrag gegeben.Vorwort von Angus Graham (in statu nascendi);;ASL;Augsburger Sittenlehre;EB1;0;0;;;;;;;;;;;;;;;
Flugschrift Donnerstein;1507;"Lateinische Gedichte deutscher Humanisten. Hrsg.von H. C. Schnur, Stuttgart 1966, S. 22-25.

Digitale Fassung: Ulrich Harsch 2004

http://www.hs-augsburg.de/~harsch/germanica/Chronologie/15Jh/Brant/bra_ensi.html#deu";Die Groß-/Kleinschreibung entspricht aus technischen Gründen nur teilweise der Edition.;0000000000000000--h;;264;Deutsche Fassung;;;;;SBF;;;;;;;;;;;;;;;;;
Rezepte aus dem Mittelalterlichen Hausbuch;;"Das mittelalterliche Hausbuch. Nach dem Originale im Besitz des Fürsten von Waldburg-Wolfegg-Waldsee. Im Auftrage des deutschen Vereins für Kunstwissenschaft hg. von Helmuth Th. Bossert und Willy F. Storck. Leipzig: E.A. Seemann 1912, Seite XXVI.



Digitale Fassung: Thomas Gloning, 7/2002";"- Diakritika, die in den Editionen verwendet werden, wurden radikal reduziert auf i und Umlaute. Längenzeichen, Trema oder überschriebene Diakritika zur Markierung von Diphthongen werden entweder weggelassen oder entsprechend aufgelöst: <o> mit Superskript <e> wird wie auch die Ligatur <œ> in der Übertragung als <oe> dargestellt.

- Textgliedernde Merkmale wie Zeilenumbrüche oder Absätze werden nur dann übernommen, wenn die Edition selbst eine handschriftengetreue Abbildung darzustellen versucht: Dabei werden Zeilenumbrüche durch einen Schrägstrich, Foliowechsel durch doppelten Schrägstrich dargestellt.

- Foliowechsel werden in der elektronischen Edition innerhalb eckiger Klammern im Fließtext notiert. Zeilen, die in den Editionen zum Teil auf RECTO und zum Teil auf VERSO stehen, werden nicht getrennt. Wir optieren bei der Paginierung für jene Seite, die den größeren Textanteil aufweist.

- Anmerkungen, die im Fließtext der Edition aufscheinen, werden übernommen, Fußnoten hingegen werden in der Darstellung des historischen Textes generell weggelassen.

- Auszeichnungen in Form von Textformatierungen, die von den Bearbeiterinnen und Bearbeitern der Printeditionen zur Hervorhebung von zum Beispiel Emendationen verwendet werden, sind nicht in den elektronischen Text eingeflossen.

- Die Zitierfähigkeit der Texte ist insofern gegeben, als dass jedem Rezepttext die in der Edition vergebene Rezeptnummer vorangestellt ist.

- Voll lemmatisiert aber nicht disambiguiert.

Die Groß-/Kleinschreibung entspricht aus technischen Gründen nur teilweise der Edition.";000000000000000z--h;;161;;"Streuüberlieferung von 2 Rezepten aus dem Hausbuch von Schloss Wolfegg.

Innerhalb einer Sammlung von ritterlich-höfischen Inhalten (Turnier, Jagd, Kriegsführung) aber auch  Texten zum Hüttenwesen sind diverse heilkundliche und hauswirtschaftliche Rezepte aufgezeichnet.";"Elektronische Texte zur Verfügung gestellt von Dr. Helmut Klug, Portal der Pflanzen des Mittelalters, http://medieval-plants.org/



Link-Referenz HSC: http://www.handschriftencensus.de/24990



Digitale Fassung: Thomas Gloning, 7/2002";;;FWWB;1912;1;;;;;;;;;;;;;;;
Der Marner Teil III;1467;Der Marner. Lieder und Sangsprüche aus dem 13. Jahrhundert und ihr Weiterleben im Meistersang. Hrsg., eingel., erl. u. übers. v. Eva Willms. Berlin, New York: Walter de Gruyter, 2008.;"Die Ligatur von oe wurde aufgelöst.



Diakritische Zeichen und übergeschriebene Buchstaben (z.B. e bei a, u bei o etc.) wurden buchstabengetreu wiedergegeben (z.B. als ae, oe etc.).



Noch nicht disambiguiert; z.T. lemmatisiert.



Für Teil I (Lieder) s. MRL.

Für Teil II (Sangsprüche) s. MRS.

Die Groß-/Kleinschreibung entspricht aus technischen Gründen nur teilweise der Edition.";0000000000000ddss--;;5;Meisterlieder;;;DMR;Der Marner. Lieder und Sangsprüche;MML;;;;;;;;;;;;;;;;;
Frauenlob Teil III;1347;Frauenlob (Heinrich von Meissen). Sangsprüche in Tönen Frauenlobs. Supplement zur Göttinger Frauenlob-Ausgabe. 1. Teil: Einleitungen, Texte.  Hrsg. v. Jens Haustein und Karl Stackmann. Göttingen: Vandenhoeck & Ruprecht, 2000.;"Band 1 der großen Göttinger Frauenlob-Edition besteht aus 14 Teilen (I-XIV), wobei I-XIII Leichs und XI Lieder sind. Aufgrund unterschiedlicher Zählweisen wurden in FR1 in der MHDBDB die Leichs und in FR2 die Lieder aufgenommen.

Bei FR3 handelt es sich um den erst im Jahr 2000 erschienenen Supplementband, in welchem nach einer erneuten, kritischen Überprüfung der Echtheit eine größere Anzahl von zusätzlichen Strophen und Abschnitten ergänzt wurde.



Es hat den Anschein, als ob den Herausgebern in XII., 204 Zählfehler in der Verszählung unterlaufen wären. Da die Strophen 1-8 jedoch nur auf die GA von 1981 verweisen und erst Strophe 9 mit Vers 161 einsetzt (anstelle korrekterweise mit 146), lässt sich nicht mit Sicherheit nachvollziehen, wo die Zählfehler aufgetaucht sein mögen.



Auf den letzten regulären Ton (Kurzer Ton XIII.) folgen im Supplementband noch zwei Anhänge. In Anhang I finden sich die Sangspruchstrophen der Ettmüllerschen Ausgabe (in der MHDBDB als XV. gezählt). In Anhang II haben die Herausgeber die Zählung XIV. für die Minnelieder aus Ettmüllers Ausgabe verwendet. Um die Reihenfolge XIII.-XIV.-XV. korrekt einzuhalten, mussten die beiden Anhänge deshalb in der MHDBDB umgedreht werden.



Hin und wieder wurden Zäsuren inmitten von Wörtern gesetzt (z.B. de   nnoch). Da eine Lemmatisierung in der Form nicht möglich ist, wurden die jeweiligen Begriffe zusammengezogen (dennoch) und die Zäsur direkt danach eingefügt.



Die Ligatur von oe wurde aufgelöst.



Lemmatisiert, aber noch nicht disambiguiert.

Die Groß-/Kleinschreibung entspricht aus technischen Gründen nur teilweise der Edition.";0000000uddaaass---h;;5;Supplementband;;2000 erschienener Supplementband zur GA von 1981, da nach erneuter Prüfung für manche der Strophen, die Thomas seinerzeit als unecht klassifiziert hatte, eine neue Echtheitsbescheinigung notwendig geworden war.;FRL;Die Lieder des Frauenlob;FR3;;;;;;;;;;;;;;;;;
Tundalus der Ritter;;"Tondolus der Ritter: Die von J. und C. Hist gedruckte Fassung hrsg. von Nigel F. Palmer. München: W. Fink, 1980.(Kleine deutsche Prosadenkmäler des Mittelalters; Heft 13)

Diese Ausgabe basiert auf der Version aus dem Oxford Text Archive:

http://ota.ox.ac.uk/desc/0210";"Die Zeilensprünge basieren auf der ursprünglichen elektronischen Fassung aus Oxford. die Zeilenzählung wurde von uns eingefügt. Dabei werden die Überschriften mitgezählt. Insgesamt sind es 1341 Zeilen. beginnend mit der ersten Überschriftzeile.



Lemmatisiert, nicht disambiguiert. 

Die Groß-/Kleinschreibung entspricht aus technischen Gründen nur teilweise der Edition.";0000000000000----hh;;121;Visio Tnugdali;Transkribiert von: De eius visione, sive De raptu animae. Deutsch. [Speier: Johann und Conrad Hist, nicht nach 1483].;;;;TUN;1980;1;;;;;;;;;;;;;;;
Helmasperger Notariatsinstrument;1527;"Das Helmaspergersche Notariatsinstrument.

In: Gutenberg digital

Hrsg.: Niedersächsische Staats- und 

Universitätsbibliothek, Göttingen 2000.

Digitale Version: Ulrich Harsch 2004.

http://www.fh-augsburg.de/~harsch/germanica/Chronologie/15Jh/Helmasperger/hel_text.html";"Das aus 78 Zeilen bestehende Dokument folgt den von Harsch fetgelegten Zeilensprüngen. Folgende Auflösungen von Sonderzeichen wurden vorgenommen:

Abbreviaturen:

xpĩ = Christi

gñt = genannt

ñ = en

hrñ = herrn

&ĉ = etc.

ē = en

⁹ = en

ã = an oder am

ũ = un oder um

õ = on

∂ = er

e = ius

Lemmatisiert, nicht disambiguiert.

Die Groß-/Kleinschreibung entspricht aus technischen Gründen nur teilweise der Edition.";00000000000000000--;;141;;Der kaiserliche Notar und Kleriker des Bistums Bamberg Ulrich Helmasperger hat am 6. November 1455 in Mainz das nach ihm benannte Helmaspergersche Notariatsinstrument abgefaßt. Es ist die erste zeitgenössische Quelle, die über Johann Gutenbergs Erfindung, das «Werk der Bücher», berichtet. Die Pergamenthandschrift der Staats- und Universitätsbibliothek Göttingen (2° Cod. Ms. hist. lit. 123 Cim.) gibt außerdem Einblicke in die Geschäftsbeziehungen zwischen Johannes Gutenberg und seinem Geldgeber und Teilhaber, dem Kaufmann Johannes Fust. Beide schließen 1449 in Mainz einen Vertrag, und Gutenberg erhält von Fust eine erste Anleihe von 800 Gulden zur Beschaffung von Druckgerätschaften und zur Einrichtung einer Werkstatt im Hof Humbrecht. 1452 und 1453 erhält er nochmals 750 Gulden von Fust. Damit können Satz und Druck der 42-zeiligen Bibel begonnen werden. Als das Werk gedruckt ist, kommt es wegen dieses Geldes zwischen den beiden zum Bruch. Fust strengt gegen Gutenberg einen Prozeß an. Das Helmaspergerschen Notariatsinstrument wird zu Beginn des Prozesses ausgestellt und protokolliert die Darlegung des Sachverhalts durch die Streitparteien. Wie der Prozeß ausging, ob Gutenberg ihn verlor, und damit auch seine Beteiligung an der Bibeldruckerei, ist noch immer umstritten.;"D as H e l m a s p e r g e r s c h e 

N o t a r i a t s i n s t r u m e n t

v o m 6 . N o v e m b e r 1 4 5 5

Handschrift 2° Cod. Ms. hist. lit. 123 Cim.

(Gutenberg digital, Niedersächsische Staats- 

und Universitätsbibliothek, Göttingen)";;;HNI;;;;;;;;;;;;;;;;;
Neun Stück;;"Textgrundlage:

Der Druck des Johannes Bämler, 

Augsburg 1476 (Hain 10006)

Digitale Edition: Angus Graham,Sultan Qaboos University Oman

http://www.hs-augsburg.de/~harsch/germanica/Chronologie/15Jh/Lehre/ler_un14.html";"Der Text ist Teil des Sammeldruckes ""Eine Augsburger Sittenlehre"". Er beginnt auf der Folioseite 156r und endet mit 157v. Im Gegensatz zur digitalen Ausgabe Grahams wurde der Folioumbruch strikt eingehalten. Gleichzeitig wurde versucht, dem Zeilenumbruch der Grahamschen Ausgabe zu folgen, was jedoch nicht immer ganz möglich war. Die oft kurzen Folioseiten kommen daher, dass der Hauptteil dieser Seiten von einem Holzschnitt eingenommen wird.

Hochgestelltes 'o' wurde zu 'uo' aufgeloest.

Lemmatisiert, nicht disambiguiert. 

Die Groß-/Kleinschreibung entspricht aus technischen Gründen nur teilweise der Edition.";000000000000pppv--h;;121;damit man got einen besondern wolgefallen tuot;Die Augsburger Sittenlehre hat Johannes Bämler im Jahre 1476 in Augsburg gedruckt. Das Kompendium wurde von einem Unbekannten zu Lehrzwecken zusammengestellt und von dem Augsburger Kloster St. Ulrich und Afra in Auftrag gegeben.Vorwort von Angus Graham (in statu nascendi);;ASL;Augsburger Sittenlehre;NST;;;;;;;;;;;;;;;;;
Der Marner Teil I;1467;Der Marner. Lieder und Sangsprüche aus dem 13. Jahrhundert und ihr Weiterleben im Meistersang. Hrsg., eingel., erl. u. übers. v. Eva Willms. Berlin, New York: Walter de Gruyter, 2008.;"Die Ligatur von oe wurde aufgelöst.



Diakritische Zeichen und übergeschriebene Buchstaben (z.B. e bei a, u bei o etc.) wurden buchstabengetreu wiedergegeben (z.B. als ae, oe etc.).



Noch nicht disambiguiert; fertig lemmatisiert.



Für Teil II (Sangsprüche) s. MRS.

Für Teil III (Meisterlieder) s. MML.

Die Groß-/Kleinschreibung entspricht aus technischen Gründen nur teilweise der Edition.";0000000000000ddss--;;5;Lieder;;;DMR;Der Marner. Lieder und Sangsprüche;MRL;;;;;;;;;;;;;;;;;
Lehre und Unterweisung;;"Textgrundlage:

Der Druck des Johannes Bämler, 

Augsburg 1476 (Hain 10006)

Digitale Edition: Angus Graham,Sultan Qaboos University Oman

https://www.hs-augsburg.de/~harsch/germanica/Chronologie/15Jh/Lehre/ler_unag.html";"Der Text ist Teil des Sammeldruckes ""Eine Augsburger Sittenlehre"". Er beginnt auf der Folioseite 3r und endet mit 60v. Im Gegensatz zur digitalen Ausgabe Grahams wurde der Folioumbruch strikt eingehalten. Gleichzeitig wurde versucht, dem Zeilenumbruch der Grahamschen Ausgabe zu folgen, was jedoch nicht immer ganz möglich war. Die oft kurzen Folioseiten kommen daher, dass der Hauptteil dieser Seiten von einem Holzschnitt eingenommen wird.

Hochgestelltes 'o' wurde zu 'uo' aufgeloest.

Lemmatisiert, nicht disambiguiert. 

Die Groß-/Kleinschreibung entspricht aus technischen Gründen nur teilweise der Edition.";0000000000000ppv--h;;101;;"Die Augsburger Sittenlehre hat Johannes Bämler im Jahre 1476 in Augsburg gedruckt. Das Kompendium wurde von einem Unbekannten zu Lehrzwecken zusammengestellt und von dem Augsburger Kloster St. Ulrich und Afra in Auftrag gegeben.Vorwort von Angus Graham (in statu nascendi)

Bei 'Lere und underweysung' handelt es sich um eine verkürzte deutsche Fassung der Werke Albertanos von Brescia. Dabei ist 3r-13r aus 'De arte loquendi'; 13r-32v aus 'Liber consolationis'; 33r-60v aus 'De amore'.";;ASL;Augsburger Sittenlehre;LUU;0;0;;;;;;;;;;;;;;;
Register;;"Textgrundlage:

Der Druck des Johannes Bämler, 

Augsburg 1476 (Hain 10006)

Digitale Edition: Angus Graham,Sultan Qaboos University Oman

http://www.hs-augsburg.de/~harsch/germanica/Chronologie/15Jh/Lehre/ler_un01.html";"Der Text ist Teil des Sammeldruckes ""Eine Augsburger Sittenlehre"". Es handelt sich um die Inhaltsangabe des Bandes. Er beginnt auf der Folioseite 1r und endet mit 1v. Im Gegensatz zur digitalen Ausgabe Grahams wurde der Folioumbruch strikt eingehalten. Gleichzeitig wurde versucht, dem Zeilenumbruch der Grahamschen Ausgabe zu folgen, was jedoch nicht immer ganz möglich war. Die oft kurzen Folioseiten kommen daher, dass der Hauptteil dieser Seiten von einem Holzschnitt eingenommen wird.

Hochgestelltes 'o' wurde zu 'uo' konvertiert.

Die Groß-/Kleinschreibung entspricht aus technischen Gründen nur teilweise der Edition.";00000000000000pv--h;;101;;Die Augsburger Sittenlehre hat Johannes Bämler im Jahre 1476 in Augsburg gedruckt. Das Kompendium wurde von einem Unbekannten zu Lehrzwecken zusammengestellt und von dem Augsburger Kloster St. Ulrich und Afra in Auftrag gegeben.Vorwort von Angus Graham (in statu nascendi);;ASL;Augsburger Sittenlehre;REG;;;;;;;;;;;;;;;;;
Daz buoch von guoter spise (Adamson);;Adamson, Melitta: Daz bůch von gůter spise (The Book of Good Food). A Study, Edition, and English Translation of the Oldest German Cookbook. In: Medium aevum quotidianum. Sonderband. 9, (2000).;"- Diakritika, die in den Editionen verwendet werden, wurden radikal reduziert auf i und Umlaute. Längenzeichen, Trema oder überschriebene Diakritika zur Markierung von Diphthongen werden entweder weggelassen oder entsprechend aufgelöst: <o> mit Superskript <e> wird wie auch die Ligatur <œ> in der Übertragung als <oe> dargestellt.

- Textgliedernde Merkmale wie Zeilenumbrüche oder Absätze werden nur dann übernommen, wenn die Edition selbst eine handschriftengetreue Abbildung darzustellen versucht: Dabei werden Zeilenumbrüche durch einen Schrägstrich, Foliowechsel durch doppelten Schrägstrich dargestellt.

- Foliowechsel werden in der elektronischen Edition innerhalb eckiger Klammern im Fließtext notiert. Zeilen, die in den Editionen zum Teil auf RECTO und zum Teil auf VERSO stehen, werden nicht getrennt. Wir optieren bei der Paginierung für jene Seite, die den größeren Textanteil aufweist.

- Anmerkungen, die im Fließtext der Edition aufscheinen, werden übernommen, Fußnoten hingegen werden in der Darstellung des historischen Textes generell weggelassen.

- Auszeichnungen in Form von Textformatierungen, die von den Bearbeiterinnen und Bearbeitern der Printeditionen zur Hervorhebung von zum Beispiel Emendationen verwendet werden, sind nicht in den elektronischen Text eingeflossen.

- Die Zitierfähigkeit der Texte ist insofern gegeben, als dass jedem Rezepttext die in der Edition vergebene Rezeptnummer vorangestellt ist.

- Voll lemmatisiert aber nicht disambiguiert.

Die Groß-/Kleinschreibung entspricht aus technischen Gründen nur teilweise der Edition.";000000000uzzpppv--h;1740;161;;"- Dessau, Anhaltische Landesbücherei, Hs. Georg. 278.2°

- ""Daz buoch von guoter spîse"" besteht aus 96 Rezepten. Es war Teil eines Hausbuchs, das Michael de Leone, fürstbischöflicher Protonotar in Würzburg, um das Jahr 1350 zusammenstellen ließ.

- vorwiegend human- und veterinärmedizinischer Kontext, religiöse Texte";"Elektronische Texte zur Verfügung gestellt von Dr. Helmut Klug, Portal der Pflanzen des Mittelalters, http://medieval-plants.org/



Link-Referenz HSC: http://www.handschriftencensus.de/8909";;;DES2;2000;0;;;;;;;;;;;;;;;
Frauenlob Teil II;1347;"Frauenlob (Heinrich von Meissen). Leichs, Sangsprüche, Lieder. 1. Teil: Einleitungen, Texte. Auf Grund der Vorarbeiten von Helmuth Thomas. Hrsg. v. Karl Stackmann und Karl Bertrau. Göttingen: Vandenhoeck & Ruprecht, 1981.

Texte XIV. (Göttinger Ausgabe)";"Band 1 der großen Göttinger Frauenlob-Edition besteht aus 14 Teilen (I-XIV), wobei I-XIII Leichs und XI Lieder sind. Aufgrund unterschiedlicher Zählweisen wurden in FR2 in der MHDBDB nur die Lieder (XIV.) aufgenommen. I-XIII(Leichs) finden sich in FR1.



Die Ligatur von oe wurde aufgelöst.



Lemmatisiert, aber noch nicht disambiguiert.

Die Groß-/Kleinschreibung entspricht aus technischen Gründen nur teilweise der Edition.";0000000000000dss--h;;5;Lieder;;"Nach den von Thomas geleisteten Vorarbeiten wurden in die Göttinger Ausgabe großteils nur jene Texte aufgenommen, die nach Thomas' Urteil als echt galten (von ein paar kleinen Abweichungen abgesehen).

Die wichtigsten Textzeugen für Thomas waren die Jenaer Liederhandschrift (J) mit ihren Nachträgen (Jn1, Jn2) sowie die Große Heidelberger Liederhandschrift(C). Als weitere Quellen zog er heran: die Kolmarer Liederhandschrift (k – auch mit den Siglen t, K und ko bezeichnet), die Wiener Handschrift (W), die Breslauer Handschriftenfragmente, die Anhänge der Heidelberger Handschrift (H und R), die Würzburger Handschrift (E), die Niederrheinische Liederhandschrift (n), die Möserschen Bruchstücke einer niederdeutschen Liederhandschrift (m), die Haager Handschrift, die Weimarer Handschrift (f), die Donaueschinger Liederhandschrift (u), die Wiltener Meistersängerhandschrift (w), die Münchener Meistersängerhandschrift (s), das Prager Gebetbuch Karls IV, ein Brief von Johann von Neumarkt sowie weitere Meistersingerhandschriften.

Insgesamt von Stackmann/Bertau zu Korrkektur- und Überprüfungszwecken herangezogen wurden Hs. a, B, C, E, F, G, H, h, i, J, k, L, n, o, p, r, s, t, u, v, W, w, z sowie die Fragmente A, b, K, M, m, N, P, Q, U und Z (nebst einigen textkritisch wertlosen Überlieferungen).";FRL;Die Lieder des Frauenlob;FR2;;;;;;;;;;;;;;;;;
Dat nuwe Boych;;"Quellen zur Geschichte der Stadt Köln, Bd. I, hrsg. von Leonard Ennen und Gottfried Eckertz.Köln 1860, S. 422-444.

Digitale Edition beruht auf: Das Bonner Frühneuhochdeutschkorpus

http://www.ikp.uni-bonn.de/dt/forsch/fnhd/151.html [nicht mehr aktiv]";Die Groß-/Kleinschreibung entspricht aus technischen Gründen nur teilweise der Edition.;0000000000000ppp--h;;41;Zünfte und Bruderschaften in Coeln;"Der Text stammt aus Köln 1360-1396.

Der Verfasser stand in engster Beziehung zum Rat der Stadt Köln, und war wohl dort Stadtschreiber.";;;;NBU;;;;;;;;;;;;;;;;;
Apollonius von Tyrus;1407;"Textgrundlage:

Der Druck des Johannes Bämler, 

Augsburg 1476 (Hain 10006)

Digitale Edition: Angus Graham,Sultan Qaboos University Oman

http://www.hs-augsburg.de/~harsch/germanica/Chronologie/15Jh/Steinhoewel/ste_apol.html";"Der Text ist Teil des Sammeldruckes ""Eine Augsburger Sittenlehre"". Er beginnt auf der Folioseite 62r und endet mit 141v. Im ggensatz zur digitalen Ausgabe Grahams wurde der Folioumbruch strikt eingehalten. Gleichzeitig wurde versucht, dem Zeilenumbruch der Grahamschen Ausgabe zu folgen, was jedoch nicht immer ganz möglich war. Die oft kurzen Folioseiten kommen daher, dass der Hauptteil dieser Seiten von einem Holzschnitt eingenommen wird.

Hochgestelltes 'o' wurde zu 'uo' aufgeloest.

Lemmatisiert, nicht disambiguiert.  

Die Groß-/Kleinschreibung entspricht aus technischen Gründen nur teilweise der Edition.";000000000000pppv--h;;10;nach Gottfried von Viterbo, 1461;Die Augsburger Sittenlehre hat Johannes Bämler im Jahre 1476 in Augsburg gedruckt. Das Kompendium wurde von einem Unbekannten zu Lehrzwecken zusammengestellt und von dem Augsburger Kloster St. Ulrich und Afra in Auftrag gegeben.;;ASL;Augsburger Sittenlehre;APO;;;;;;;;;;;;;;;;;
Processus juris;;"Textgrundlage:

Der Druck des Johannes Bämler, 

Augsburg 1476 (Hain 10006)

Digitale Edition: Angus Graham,Sultan Qaboos University Oman

http://www.hs-augsburg.de/~harsch/germanica/Chronologie/15Jh/Lehre/ler_un19.html";"Der Text ist Teil des Sammeldruckes ""Eine Augsburger Sittenlehre"". Er beginnt auf der Folioseite 183r und endet mit 208v. Im Gegensatz zur digitalen Ausgabe Grahams wurde der Folioumbruch strikt eingehalten. Gleichzeitig wurde versucht, dem Zeilenumbruch der Grahamschen Ausgabe zu folgen, was jedoch nicht immer ganz möglich war. Die oft kurzen Folioseiten kommen daher, dass der Hauptteil dieser Seiten von einem Holzschnitt eingenommen wird.

Hochgestelltes 'o' wurde zu 'uo' konvertiert.

Die Groß-/Kleinschreibung entspricht aus technischen Gründen nur teilweise der Edition.";000000000000pppv--h;;101;;Die Augsburger Sittenlehre hat Johannes Bämler im Jahre 1476 in Augsburg gedruckt. Das Kompendium wurde von einem Unbekannten zu Lehrzwecken zusammengestellt und von dem Augsburger Kloster St. Ulrich und Afra in Auftrag gegeben.Vorwort von Angus Graham (in statu nascendi);;ASL;Augsburger Sittenlehre;PRJ;;;;;;;;;;;;;;;;;
Der Marner Teil II;1467;Der Marner. Lieder und Sangsprüche aus dem 13. Jahrhundert und ihr Weiterleben im Meistersang. Hrsg., eingel., erl. u. übers. v. Eva Willms. Berlin, New York: Walter de Gruyter, 2008.;"Die Ligatur von oe wurde aufgelöst.



Diakritische Zeichen und übergeschriebene Buchstaben (z.B. e bei a, u bei o etc.) wurden buchstabengetreu wiedergegeben (z.B. als ae, oe etc.).



Noch nicht disambiguiert; fertig lemmatisiert.



Der Ordnung wegen wurden die beiden unbenannten Töne der Handschrift E (S. 284ff.) als Lied 8 (Strophe 1 und 2) wiedergegeben.



Die div. Folgen ab S. 288ff. wurden nicht mit der römischen Ziffer (z.B. Folge Ia, Ib, Ic im Kurzen Ton), sondern als jeweilige Parallelversionen der rechts danebengestellten Laufnummer der Edition gekennzeichnet (z.B.: IIb = Parallelhs. 2; Lied 7,23).



Für Teil I (Lieder) s. MRL.

Für Teil III (Meisterlieder) s. MML.

Die Groß-/Kleinschreibung entspricht aus technischen Gründen nur teilweise der Edition.";000000000000uddss--;;5;Sangsprüche;;;DMR;Der Marner. Lieder und Sangsprüche;MRS;;;;;;;;;;;;;;;;;
Das fließende Licht der Gottheit;1547;"Mechthild von Magdeburg. Das fließende Licht der Gottheit. Hrsg. von Hans Neumann. Bd. I: Text. Besorgt von Gisela Vollmann-Profe. München 1990.

Bd. II: Untersuchungen. Ergänzt und zum Druck eingerichtet von Gisela Vollmann-Profe, München/Tübingen 1993.

Digitale Version: Ulrich Harsch, 2009. Bibliotheca Augustana:

http://www.hs-augsburg.de/~harsch/germanica/Chronologie/13Jh/Mechthild/mec_vorb.";"Seitenumbrüche entsprechen der Handschrift. Zeilenumbrüche entsprechen der digitalen Ausgabe, nicht der Handschrift und nicht der Edition.

° nach römischen ziffern wurde entfernt.

Hochgestellte 'e' und 'o' wurden aufgelöst (Beisp: u° > uo)

Lemmatisiert, nicht disambiguiert.

Die Groß-/Kleinschreibung entspricht aus technischen Gründen nur teilweise der Edition.";000000000000bppv--h;;121;Buch 1 & 2;Wie die Überlieferung belegt, wurden schon früh Teile des Werks veröffentlicht.;"Die Ausgabe beruht auf der Einsiedeler Hs. Die Endfassung in sieben Büchern ist nur in dieser oberdeutschen Übersetzung aus dem 14. Jahrhundert erhalten (Einsiedeln, Stiftsbibliothek, Hs 277). 

Meier, Gabriel: Catalogus codicum manu scriptorum qui in bibliotheca monasterii Einsidlensis O.S.B. servantur. Einsiedeln/Leipzig 1899. S. 246-248. Mit Korrekturen von Nigel F. Palmer, Oxford. Literaturverzeichnis ergänzt durch P. Odo Lang, Einsiedeln und Nigel F. Palmer, Oxford.";;;FLG;1990;0;;;;;;;;;;;;;;;
Vita Caroli;;"Emler, Josef (Ed.): Život císaře Karla IV (Leben des Kaisers Karl IV.). In: Fontes rerum Bohemicarum III. Praha 1882, S. 396–417.

Der digitale Text wurde von Vlastimil Brom verarbeitet und zur Verfügung gestellt.";"Deutsche Übersetzung der lateinischen Autobiographie des römischen Kaisers und böhmischen Königs Karl IV. (Erfasst werden v.a. die Jugendjahre, bis zur Krönung zum römischen König 1316-1346.)

Die Kapiteleinteilung erfolgt nach dem lateinischen Originaltext, der 20 Kapitel umfasst; die Kapitel 1-2 und 11-13 mit starker homiletischer Prägung wurden in die deutsche Übersetzung nicht aufgenommen.

Die lateinischen Kapitel 1-14 werden Karl IV. persönlich zugeschrieben, die folgenden 15-20 einem anonymen Fortsetzer. Die Übersetzer der ebenfalls vorhandenen alttschechischen und der vorliegenden deutschen Fassung sind unbekannt.

Nur teilweise lemmatisiert, nicht disambiguiert.



Die Groß-/Kleinschreibung entspricht aus technischen Gründen nur teilweise der Edition.";0000000000pppcc---h;;41;;"Der zu Grunde liegende lateinische Text wurde möglicherweise in den Jahren vor der Kaiserkrönung 1355 verfasst; für die Datierung der deutschen (sowie der tschechischen) Übersetzung fehlen stichhaltige Anhaltspunkte. Es könnte noch mit der Regierungszeit Karls (gestorben 1378) gerechnet werden, allerdings war der deutsche Text erst aus dem späteren 15. Jh. überliefert.";"Die deutsche Fassung der Autobiographie war in einer einzigen bekannten Handschrift überliefert: Signatur R 304, Stadtbibliothek Breslau/Wrocław (Polen).

Der Codex aus der zweiten Hälfte des 15. Jh. ist allerdings im 20. Jh. verloren gegangen, der Text der deutschen Vita Caroli liegt ausschließlich in der Edition von Josef Emler (1882) vor.

In der vorliegenden elektronischen Fassung wurden manche Emendationsvorschläge des Herausgebers rückgängig gemacht (z.B.: czoge[n] wir); neuhochdeutsche editorische Ergänzungen einiger vereinfacht übersetzten Passagen anhand des lateinischen Originals werden hier nicht übernommen; einige kleinere ergänzende Emendationen werden an den Sprachusus des Textes angepasst.";;;VTC;;;;;;;;;;;;;;;;;
Ehebüchlein;1447;"Digitale Version: Ulrich Harsch 2005.

http://www.hs-augsburg.de/~harsch/germanica/Chronologie/15Jh/Eyb/eyb_eh00.html



Textgrundlage der digitalen Edition: Deutsche Schriften des Albrecht von Eyb, Erster Band: Das Ehebüchlein. Hrsg. von Max Herrmann, Berlin: Weidmannsche Buchhandlung, 1890. (= Schriften zur germanischen Philologie, 4)";"Die Zeilensprünge wurden der digitalen Version angepasst, aber Silbentrennung ist aufgelöst. Seitensprünge folgen dem Original. A/B vor der Zeilennummer bezeichnen die Spalten.



Die Groß-/Kleinschreibung entspricht aus technischen Gründen nur teilweise der digitalen Edition.



Folgende Auflösungen wurden vorgenommen:

ſ > s

ﬅ > st

ů> ü

ỏ>ö



Teilweise lemmatisiert, nicht disambiguiert.

Die Groß-/Kleinschreibung entspricht aus technischen Gründen nur teilweise der Edition.";00000000000tcppl--h;;244;;;;;;EHB;;;;;;;;;;;;;;;;;
Die Kochrezepte in Codex J. 5 (no.125) der Bibliothek des Priesterseminars Brixen;;Adamson, Melitta: Die Kochrezepte in Codex J. 5 (no.125) der Bibliothek des Priesterseminars Brixen. Edition und Kommentar. In: Würzburger medizinhistorische Mitteilungen 14 (1996), S. 291-303.;"- Diakritika, die in den Editionen verwendet werden, wurden radikal reduziert auf i und Umlaute. Längenzeichen, Trema oder überschriebene Diakritika zur Markierung von Diphthongen werden entweder weggelassen oder entsprechend aufgelöst: <o> mit Superskript <e> wird wie auch die Ligatur <œ> in der Übertragung als <oe> dargestellt.

- Textgliedernde Merkmale wie Zeilenumbrüche oder Absätze werden nur dann übernommen, wenn die Edition selbst eine handschriftengetreue Abbildung darzustellen versucht: Dabei werden Zeilenumbrüche durch einen Schrägstrich, Foliowechsel durch doppelten Schrägstrich dargestellt.

- Foliowechsel werden in der elektronischen Edition innerhalb eckiger Klammern im Fließtext notiert. Zeilen, die in den Editionen zum Teil auf RECTO und zum Teil auf VERSO stehen, werden nicht getrennt. Wir optieren bei der Paginierung für jene Seite, die den größeren Textanteil aufweist.

- Anmerkungen, die im Fließtext der Edition aufscheinen, werden übernommen, Fußnoten hingegen werden in der Darstellung des historischen Textes generell weggelassen.

- Auszeichnungen in Form von Textformatierungen, die von den Bearbeiterinnen und Bearbeitern der Printeditionen zur Hervorhebung von zum Beispiel Emendationen verwendet werden, sind nicht in den elektronischen Text eingeflossen.

- Die Zitierfähigkeit der Texte ist insofern gegeben, als dass jedem Rezepttext die in der Edition vergebene Rezeptnummer vorangestellt ist.

- Voll lemmatisiert aber nicht disambiguiert.

Die Groß-/Kleinschreibung entspricht aus technischen Gründen nur teilweise der Edition.";0000000000zzpppv--h;;161;;"- Einem religiösen Text von Albertus Magnus beigebunden.

- Fragment: Anfang der Sammlung fehlt, Überlieferung beginnt mit dem Ende eines Rezeptes, Sammlung endet mit „Amen“.";"Elektronische Texte zur Verfügung gestellt von Dr. Helmut Klug, Portal der Pflanzen des Mittelalters, http://medieval-plants.org/



Link-Referenz HSC: http://www.handschriftencensus.de/24983";;;BRIX;1996;0;;;;;;;;;;;;;;;
Das Kochbuch aus der Stiftsbibliothek Michaelbeuern;;Ehlert, Trude: Das Kochbuch aus der Stiftsbibliothek Michaelbeuern (Man. cart. 81). Edition und Kommentar. Hrsg. in Zusammenarbeit mit Florian Bambeck, Heike Bezold, Katharina Boll, Martina Fath, Nora Fischer, Michaela Lindner, Markus Nolda, Maria Schaible, Andrea Schartner, Christian Schwaderer und Katrin Wenig. In: Würzburger medizihistorische Mitteilungen 24 (2005), S. 121-43.;"- Diakritika, die in den Editionen verwendet werden, wurden radikal reduziert auf i und Umlaute. Längenzeichen, Trema oder überschriebene Diakritika zur Markierung von Diphthongen werden entweder weggelassen oder entsprechend aufgelöst: <o> mit Superskript <e> wird wie auch die Ligatur <œ> in der Übertragung als <oe> dargestellt.

- Textgliedernde Merkmale wie Zeilenumbrüche oder Absätze werden nur dann übernommen, wenn die Edition selbst eine handschriftengetreue Abbildung darzustellen versucht: Dabei werden Zeilenumbrüche durch einen Schrägstrich, Foliowechsel durch doppelten Schrägstrich dargestellt.

- Foliowechsel werden in der elektronischen Edition innerhalb eckiger Klammern im Fließtext notiert. Zeilen, die in den Editionen zum Teil auf RECTO und zum Teil auf VERSO stehen, werden nicht getrennt. Wir optieren bei der Paginierung für jene Seite, die den größeren Textanteil aufweist.

- Anmerkungen, die im Fließtext der Edition aufscheinen, werden übernommen, Fußnoten hingegen werden in der Darstellung des historischen Textes generell weggelassen.

- Auszeichnungen in Form von Textformatierungen, die von den Bearbeiterinnen und Bearbeitern der Printeditionen zur Hervorhebung von zum Beispiel Emendationen verwendet werden, sind nicht in den elektronischen Text eingeflossen.

- Die Zitierfähigkeit der Texte ist insofern gegeben, als dass jedem Rezepttext die in der Edition vergebene Rezeptnummer vorangestellt ist.

- Voll lemmatisiert aber nicht disambiguiert.

Die Groß-/Kleinschreibung entspricht aus technischen Gründen nur teilweise der Edition.";000000000000zzppv--;1303;161;;"- Michaelbeuern, Stiftsbibliothek, Ms. Cart. 81

- vorwiegend religiöse und einige medizinische Texte

- keine erkennbare Ordnung, überwiegend Fastenspeisen (nur 3 Fleischspeisen)";"Elektronische Texte zur Verfügung gestellt von Dr. Helmut Klug, Portal der Pflanzen des Mittelalters, http://medieval-plants.org/



Link-Referenz HSC: http://www.handschriftencensus.de/11023";;;MSB1;2005;0;;;;;;;;;;;;;;;
Reimchronik der Stadt Cöln;1387;"Eberhard von Groote, Des Meisters Godefrit Hagen, der Zeit Stadtschreibers, 

Reimchronik der Stadt Cöln aus dem dreizehnten Jahrhundert.

Cöln am Rhein 1834. 

Digitale Edition: Daniel Kölligan, Oxford 2007; 

TITUS Version von Jost Gippert Frankfurt a/M, 26.11.2008 

http://titus.uni-frankfurt.de/texte/etcs/germ/mhd/godreimc/godre.htm";"Der Text besteht aus 6289 Versen mit 50 eingeschobenen Versen nach V. 1890 und weiteren 9 eingeschobenen Versen nach V. 2061.



Teilweise lemmatisiert, nicht disambiguiert.



Die Groß-/Kleinschreibung entspricht aus technischen Gründen nur teilweise der Edition.";000000000000----iih;;41;;;"Von Gottfried Hagens Werk ist nur eine vollständige Handschrift erhalten. Die Handschrift F aus dem ersten Drittel des 15. Jahrhunderts ist als Ms. germ. oct. 26[1] in der Frankfurter Stadt- und Universitätsbibliothek registriert. Eberhard von Groote[2] hat die Geschichte des Dokuments rekonstruiert.

 

Ursprünglich befand sich diese Handschrift in der Bibliothek des Herrnleichnamsklosters in Köln. Einen Beleg dafür findet man in dem Verzeichnis biblioth. Coloniensis von Harzheim aus dem Jahr 1747 (S. 103). Später tauchte das Dokument in Frankfurt wieder auf, wo ein Dr. med. Kloß es bei einer Auktion im Hause Hermann kaufte und 1826 an den Bibliothekar Johann Friedrich Böhmer weitergab.

 

Die in Holz eingebundene und gut erhaltene Handschrift umfasst 277 Seiten mit je 25 oder 26 Zeilen. Jede Zeile und jeder Abschnitt beginnt mit einer Initiale in roter Farbe. Das Papier enthält ein Wasserzeichen mit einem spitzblättrigen Kleeblatt. Der Text der Reimchronik umfasst die ersten 257 Seiten. Die restlichen zwanzig Seiten enthalten die Geschichte der Weberschlacht. Dahinter befinden sich noch zehn unbeschriebene Blätter.

http://de.wikipedia.org/wiki/Reimchronik_der_Stadt_K%C3%B6ln#.C3.9Cberlieferung_und_Rezeption";;;RCC;;;;;;;;;;;;;;;;;
Pulkava Chronik;;"Der digitale Text wurde von Vlastimil Brom anhand der handschriftlichen Faksimila (Cgm 1112, BSB München) transkribiert und zur Verfügung gestellt.

Berücksichtigt wurde auch eine Auswahledition des eingegliederten Textes der Wenzelslegende (Kapitel 15-19):

Blaschka, Anton: Die St. Wenzelslegende Kaiser Karls IV. Einleitung, Texte, Kommentar. Prag 1934, S. 64-80.";"Deutsche Übersetzung der lateinisch geschriebenen Böhmischen Chronik des Přibík Pulkava von Radenín - entstanden im Auftrag und mit programmatischer Beteilugung des römischen Kaisers und böhmischen Königs Karl IV. (Erfasst wird die böhmische Geschichte i.w.S. - von dem Turmbau von Babel bis in die ersten Jahrzehnte des 14. Jh.)

Die Kapiteleinteilung erfolgt nach dem lateinischen Originaltext (106 Kapitel). Einige Kapitel sind infolge der Unterschiede im Textumfang der einzelnen lateinischen Redaktionen in der vorliegenden deutschen Übersetzung nicht enthalten. Die alttschechische Übersetzung kann von dem Autor des lateinischen Werkes selbst stammen; der Urheber der vorliegenden bairisch-deutschen Fassung ist unbekannt.

Lemmatisiert und disambiguiert.

Die Groß-/Kleinschreibung entspricht aus technischen Gründen nur teilweise der Edition.";0000000000ccpppv--h;;41;;"Der zu Grunde liegende lateinische Text wurde wahrscheinlich um 1364 verfasst und erfuhr bis etwa 1374 mehrfache Umarbeitungen (in insgesamt 6 Redaktionen); für die Datierung der deutschen (sowie der tschechischen) Übersetzung fehlen stichhaltige Anhaltspunkte. Es könnte noch das ausgehende 14. Jh. oder das 15. Jh. angesetzt werden; der deutsche Text ist erst aus dem späteren 15. Jh. überliefert.";"Die vorliegende bairisch-deutsche Fassung der Pulkava-Chronik wurde anhand der einzigen vollständigen Handschrift (Cgm 1112, BSB München) transkribiert; es liegt ferner ein späterer Fragment vor (Cod. 90 Aug. 20, Herzog August Bibliothek Wolfenbüttel). Eine unabhängige ostmitteldeutsche Übersetzung aus der jetzt verlorenen Hs. R 304, Stadtbibliothek Breslau/Wrocław (Polen) wird hier nicht berücksichtigt.

In der elektronischen Fassung wird weitgehend der handschriftliche Text respektiert; es wurden insbesondere die Großschreibung, Worttrennung und die Interpunktion modernisiert, die Abbreviaturen aufgelöst und einige Buchstabenvarianten vereinheitlicht (s, z).";;;PUC;;;;;;;;;;;;;;;;;
Des Menschen Spiegel;;"Textgrundlage:

Der Druck des Johannes Bämler, 

Augsburg 1476 (Hain 10006)

Digitale Edition: Angus Graham,Sultan Qaboos University Oman

http://www.hs-augsburg.de/~harsch/germanica/Chronologie/15Jh/Lehre/ler_un16.html";"Der Text ist Teil des Sammeldruckes ""Eine Augsburger Sittenlehre"". Er beginnt auf der Folioseite 160r und endet mit 175r. Im Gegensatz zur digitalen Ausgabe Grahams wurde der Folioumbruch strikt eingehalten. Gleichzeitig wurde versucht, dem Zeilenumbruch der Grahamschen Ausgabe zu folgen, was jedoch nicht immer ganz möglich war. Die oft kurzen Folioseiten kommen daher, dass der Hauptteil dieser Seiten von einem Holzschnitt eingenommen wird.

Hochgestelltes 'o' wurde zu 'uo' konvertiert.

Die Groß-/Kleinschreibung entspricht aus technischen Gründen nur teilweise der Edition.";000000000000pppv--h;;101;;Die Augsburger Sittenlehre hat Johannes Bämler im Jahre 1476 in Augsburg gedruckt. Das Kompendium wurde von einem Unbekannten zu Lehrzwecken zusammengestellt und von dem Augsburger Kloster St. Ulrich und Afra in Auftrag gegeben.Vorwort von Angus Graham (in statu nascendi);;ASL;Augsburger Sittenlehre;MSP;;;;;;;;;;;;;;;;;
Fünf Anfechtungen;;"Textgrundlage:

Der Druck des Johannes Bämler, 

Augsburg 1476 (Hain 10006)

Digitale Edition: Angus Graham,Sultan Qaboos University Oman

http://www.hs-augsburg.de/~harsch/germanica/Chronologie/15Jh/Lehre/ler_un17.html";"Der Text ist Teil des Sammeldruckes ""Eine Augsburger Sittenlehre"". Er beginnt auf der Folioseite 175v und endet mit 182r. Im Gegensatz zur digitalen Ausgabe Grahams wurde der Folioumbruch strikt eingehalten. Gleichzeitig wurde versucht, dem Zeilenumbruch der Grahamschen Ausgabe zu folgen, was jedoch nicht immer ganz möglich war. Die oft kurzen Folioseiten kommen daher, dass der Hauptteil dieser Seiten von einem Holzschnitt eingenommen wird.

Hochgestelltes 'o' wurde zu 'uo' konvertiert.

Die Groß-/Kleinschreibung entspricht aus technischen Gründen nur teilweise der Edition.";000000000000pppv--h;;121;;Die Augsburger Sittenlehre hat Johannes Bämler im Jahre 1476 in Augsburg gedruckt. Das Kompendium wurde von einem Unbekannten zu Lehrzwecken zusammengestellt und von dem Augsburger Kloster St. Ulrich und Afra in Auftrag gegeben.Vorwort von Angus Graham (in statu nascendi);;ASL;Augsburger Sittenlehre;FAN;;;;;;;;;;;;;;;;;
Der Jenaer Meißner;1587;Der Meißner der Jenaer Liederhandschrift. Untersuchungen, Ausgabe, Kommentar. Hg. v. Georg Objartel. Erich Schmidt Verlag, Berlin 1977.;"Die Ligatur von oe wurde aufgelöst.

Diakritische Zeichen und übergeschriebene Buchstaben (z.B. e bei a, u bei o etc.) wurden buchstabengetreu wiedergegeben (z.B. als ae, oe etc.).



Teilw. lemmatisiert, aber noch nicht disambiguiert.

Die Groß-/Kleinschreibung entspricht aus technischen Gründen nur teilweise der Edition.";000000000000uddss--;;5;;"Die Jenaer Lhs. (J) enthält auf Bl. 81ra-101rb unter der Überschrift ""Der mysnere"" alle bekannten Strophen des Dichters.";;;;DJEM;1977;1;;;;;;;;;;;;;;;
Rumelant v. Sachsen;1487;Rumelant von Sachsen. Edition - Übersetzung - Kommentar. Hg. v. Holger Runow. De Gruyter, 2011.;"Die Ligatur von oe wurde aufgelöst.



Vollständig lemmatisiert, aber noch nicht disambiguiert.

Die Groß-/Kleinschreibung entspricht aus technischen Gründen nur teilweise der Edition.";0000000000000ddss--;;5;;;;;;RLS;2011;0;;;;;;;;;;;;;;;
Das Narrenschiff;1507;"Sebastian Brant, Das Narrenschiff

Hrsg.: M. Lemmer, Tübingen 1962/1986

Digitale Version: Ulrich Harsch 2004

http://www.hs-augsburg.de/~harsch/germanica/Chronologie/15Jh/Brant/bra_intr.html

Nach der digitalen Ausgabe der

Akademie der Wissenschaften in

Göttingen (DWB-Thesaurus),

die leider im Netz nicht

mehr verfügbar ist.";"In der Basler Ausgabe sind nach Abschnitt CX zwei Abschnitte (CXa und CXb) eingefügt. Hier sind alle Abschnitte durchgezählt. Deshalb ergeben sich folgende Diskrepanzen:

CXa = 111

CXb = 112

CXI = 113

CXII = 114

Ende = 115



Sonderzeichen wurden wie folgt aufgelöst:

ů = uo

ñ = nn

œ = oe

ű = ü

â = an/am

ē = en

ī = in

ō = on

ū = un

Die Zählung in der Vorrede beginnt hier mit Zeile 1 bei ""Hie sunt..."" Diese Zeilen sind bei Harsch nicht mitgezählt. D.h. insgesamt sind es bis zum Ende der Vorrede 149 Zeilen. Will man zu Harschs Zählung gelangen, muss man bei der Vorrede von unserer Zählung jeweils 13 Zeilen abziehen.



Lemmatisiert, aber nicht disambiguiert.

Die Groß-/Kleinschreibung entspricht aus technischen Gründen nur teilweise der Edition.";00000000000aaa---hk;;101;;;;;;NAR;;;;;;;;;;;;;;;;;
Der Junge Meißner;1567;Der Junge Meißner. Sangsprüche, Minnelieder, Meisterlieder. Hg. v. Günter Peperkorn. Artemis Verlag, 1982.;"Die Ligatur von oe wurde aufgelöst.

Diakritische Zeichen und übergeschriebene Buchstaben (z.B. e bei a, u bei o etc.) wurden buchstabengetreu wiedergegeben (z.B. als ae, oe etc.).

Die Kürzel für 'er' (hochgestelltes 's') und 're' (Strich) wurden entsprechend aufgelöst.



""Lied 1"" entspricht der Strophengruppe A, ""Lied 2"" der Strophengruppe B.



Vollständ. lemmatisiert, aber noch nicht disambiguiert.

Die Groß-/Kleinschreibung entspricht aus technischen Gründen nur teilweise der Edition.";000000000000udass--;;5;;;"Die folgenden Informationen beziehen sich aus der behandelten Edition von Günter Peperkorn.

Der Name ""Der Junge Meißner"" ist für den im Sinne der MHDBDB im Mittelpunkt stehenden Dichter allein aus der Manessischen Lhs. bezeugt. Der Eintrag seiner Lieder erfolgte von dem Nachtragsschreiber FS, der u.a. auch Texte von Regenbogen und Frauenlob notierte. Die Bezeichnung des ""Jungen"" Meißners erscheint mit roter Tinte auf Bl. 339va über der ersten Strophe. Bei Bl. 342r hat ein anderer Vorschreiber ""der alte Missener"" am rechten Rand vermerkt ('er' dabei als Kürzel in Form zweier hochgestellter 's'); unter diesem Namen sind durch den Schreiber GS nur drei Strophen in Tönen Reinmars von Zweter und Konrads von Würzburg eingetragen. 

Die Manessische Handschrift überliefert keine Strophen des Dichters, der in der Jenaer Lhs. als ""Meißner"" erscheint. Die Attribute jung/alt können als Versuch einer Differenzierung zwischen diesen beiden Dichtern verstanden werden.

Zieht man in Hinblick auf die Meißner-Unterscheidung zusätzlich noch die Tatsache in Erwähnung, dass im alten Inhaltsverzeichnis der Hs. der Junge Meißner von alter Hand notiert ist, während der Eintrag des Namens Der alte Missener erst von Melchior Goldast stammt, so scheint es, dass der ""Junge"" Meißener bereits vor dem ""Alten"" Meißener wirkte. Er dürfte daher wohl in Abgrenzung zu einem anderen Dichter dieses Namens entstanden sein. Zur Zeit der Niederschrift der Mannessischen Hs. kommen drei weitere Personen in Betracht:

- Markgraf Heinrich III. von Meißen

- Heinrcih von Meißen (Frauenlob)

- der Jenaer Meißner

Zur Frage, von welchem der Junge Meißner unterschieden werden sollte, können nur Vermutungen angestellt werden, allerdings wurde der Name ""Meißner"" für Frauenlob kaum gebraucht.";;;DJUM;1982;1;;;;;;;;;;;;;;;
Cpg. 551, 186r-196v (H2);;Sorbello Staub, Alessandra: Die Basler Rezeptsammlung. Studien zu spätmittelalterlichen deutschen Kochbüchern. Würzburg: Königshausen & Neumann 2002. (Würzburger medizinhistorische Forschungen, 71). [Vorher. Würzburg, Univ., Diss. 2001.];"- 2 unabhängige Teile in einem Sammelband, in Teil 1 (=HUB1) auf 186r-189v 12 Saucen- und Latwergerezepte mit ausgeprägt medizinischem Charakter und sehr individuellem Stil, zeigen das Naheverhältnis von Kochrezepttext und medizinischem Rezept sehr deutlich.

- Diakritika, die in den Editionen verwendet werden, wurden radikal reduziert auf i und Umlaute. Längenzeichen, Trema oder überschriebene Diakritika zur Markierung von Diphthongen werden entweder weggelassen oder entsprechend aufgelöst: <o> mit Superskript <e> wird wie auch die Ligatur <œ> in der Übertragung als <oe> dargestellt.

- Textgliedernde Merkmale wie Zeilenumbrüche oder Absätze werden nur dann übernommen, wenn die Edition selbst eine handschriftengetreue Abbildung darzustellen versucht: Dabei werden Zeilenumbrüche durch einen Schrägstrich, Foliowechsel durch doppelten Schrägstrich dargestellt.

- Anmerkungen, die im Fließtext der Edition aufscheinen, werden übernommen, Fußnoten hingegen werden in der Darstellung des historischen Textes generell weggelassen.

- Auszeichnungen in Form von Textformatierungen, die von den Bearbeiterinnen und Bearbeitern der Printeditionen zur Hervorhebung von zum Beispiel Emendationen verwendet werden, sind nicht in den elektronischen Text eingeflossen.

- Die Zitierfähigkeit der Texte ist insofern gegeben, als dass jedem Rezepttext die in der Edition vergebene Rezeptnummer vorangestellt ist.

- Voll lemmatisiert aber nicht disambiguiert.

Die Groß-/Kleinschreibung entspricht aus technischen Gründen nur teilweise der Edition.";00000000000000zz--h;;161;;- vorwiegend human- und veterinärmedizinischer Kontext, Prognostiken, Haushaltstexte;"Elektronische Texte zur Verfügung gestellt von Dr. Helmut Klug, Portal der Pflanzen des Mittelalters, http://medieval-plants.org/



Link-Referenz HSC: http://www.handschriftencensus.de/10422";;;HUB1;2002;0;;;;;;;;;;;;;;;
Cpg. 551, 197r-204r (H2);;Sorbello Staub, Alessandra: Die Basler Rezeptsammlung. Studien zu spätmittelalterlichen deutschen Kochbüchern. Würzburg: Königshausen & Neumann 2002. (Würzburger medizinhistorische Forschungen, 71). [Vorher. Würzburg, Univ., Diss. 2001.];"- 2 unabhängige Teile in einem Sammelband, in Teil 1 (=HUB1) auf 186r-189v 12 Saucen- und Latwergerezepte mit ausgeprägt medizinischem Charakter und sehr individuellem Stil, zeigen das Naheverhältnis von Kochrezepttext und medizinischem Rezept sehr deutlich.

- Diakritika, die in den Editionen verwendet werden, wurden radikal reduziert auf i und Umlaute. Längenzeichen, Trema oder überschriebene Diakritika zur Markierung von Diphthongen werden entweder weggelassen oder entsprechend aufgelöst: <o> mit Superskript <e> wird wie auch die Ligatur <œ> in der Übertragung als <oe> dargestellt.

- Textgliedernde Merkmale wie Zeilenumbrüche oder Absätze werden nur dann übernommen, wenn die Edition selbst eine handschriftengetreue Abbildung darzustellen versucht: Dabei werden Zeilenumbrüche durch einen Schrägstrich, Foliowechsel durch doppelten Schrägstrich dargestellt.

- Anmerkungen, die im Fließtext der Edition aufscheinen, werden übernommen, Fußnoten hingegen werden in der Darstellung des historischen Textes generell weggelassen.

- Auszeichnungen in Form von Textformatierungen, die von den Bearbeiterinnen und Bearbeitern der Printeditionen zur Hervorhebung von zum Beispiel Emendationen verwendet werden, sind nicht in den elektronischen Text eingeflossen.

- Die Zitierfähigkeit der Texte ist insofern gegeben, als dass jedem Rezepttext die in der Edition vergebene Rezeptnummer vorangestellt ist.

Die Groß-/Kleinschreibung entspricht aus technischen Gründen nur teilweise der Edition.";00000000000000zz--h;;161;;- vorwiegend human- und veterinärmedizinischer Kontext, Prognostiken, Haushaltstexte;"Elektronische Texte zur Verfügung gestellt von Dr. Helmut Klug, Portal der Pflanzen des Mittelalters, http://medieval-plants.org/



Link-Referenz HSC: http://www.handschriftencensus.de/10422";;;HUB2;2002;0;;;;;;;;;;;;;;;
Bruder Wernher;1607;Bruder Wernher. Abbildung und Transkription der gesamten Überlieferung. Bd. I Abbildungen. Bd. II Transkription. Hrsg. von Franz Viktor Spechtler. Göppingen 1984 (Litterae Nr. 27);"Übergeschriebene Diphthonge in der Handschrift werden in der Transkription sukzessive dargestellt.

Offensichtliche Druckfehler in der Transkription sind ausgebessert.

Parallelüberlieferung 1 = Hs. J (Jenaer Liederhandschrift)

Parallelüberlieferung 2 = Hs. C (Codex Manesse)

Parallelüberlieferung 3 = Hs. A (Kleine Heidelberger Liederhandschrift)

In Hs. C fehlt die Strophenummer 11, die Strophennummer 32 ist hingegen doppelt vorhanden. In unserer Textdarstellung sind die Strophen linear durchgezählt, die originale Strophennummerierung der Hs. ist jedoch zusätzlich eingefügt.

Die Groß-/Kleinschreibung entspricht aus technischen Gründen nur teilweise der Edition.";0000000000000uss--k;1658;5;;"Dokumentiert ist die Überlieferung in der Jenaer Liederhs. (J), im Codex Manesse (C) und in der Kleinen Heidelberger Liederhandschrift (A); das Tetschener Fragment (2 vollständige und zwei unvollständige Strophen) wurde nicht in das Textarchiv aufgenommen.";"Hs. J überliefert 67 Strr., Hs. C 38 Strr. und Hs. A 3 Strr.; in jeder der Handschriften sind Strophen sowohl parallel als auch unikal überliefert.";;;BRW;;;;;;;;;;;;;;;;;
Das fließende Licht der Gottheit;1547;Mechthild von Magdeburg. Das fließende Licht der Gottheit. Hrsg. von Hans Neumann. Bd. I:Text. Besorgt von Gisela Vollmann-Profe. München 1990.;"Text erscheint linksbündig inklusive Überschriften. Einrückungen wurden getilgt.

Eckige Klammer wurde mit runder Klammer ersetzt.

Hochgestelltes o > uo

Hochgestelltes e > ae, ue, oe

Hochgestelltes v > ov

Verweise auf Folioseiten wurden getilgt.

Alle Änderungen und Emendationen erscheinen ausnahmslos kursiv.

Silbentrennung wurde aufgelöst.

Nur teilweise lemmatisiert, nicht disambiguiert.

Die Groß-/Kleinschreibung entspricht aus technischen Gründen nur teilweise der Edition.";000000000bpppaa---h;1316;121;Buch 3-7;Wie die Überlieferung belegt, wurden schon früh Teile des Werks veröffentlicht.;"Die Ausgabe beruht auf der Einsiedeler Hs. Die Endfassung in sieben Büchern ist nur in dieser oberdeutschen Übersetzung aus dem 14. Jahrhundert erhalten (Einsiedeln, Stiftsbibliothek, Hs 277). 

Meier, Gabriel: Catalogus codicum manu scriptorum qui in bibliotheca monasterii Einsidlensis O.S.B. servantur. Einsiedeln/Leipzig 1899. S. 246-248. Mit Korrekturen von Nigel F. Palmer, Oxford. Literaturverzeichnis ergänzt durch P. Odo Lang, Einsiedeln und Nigel F. Palmer, Oxford.";;;FLG1;1990;0;;;;;;;;;;;;;;;
Münchner Kochbuchhandschriften aus dem 15. Jahrhundert, Clm 15632;;Münchner Kochbuchhandschriften aus dem 15. Jahrhundert. Cgm 349, 384, 467, 725, 811 und Clm 15632. Hrsg. v. Trude Ehlert [u.a.]. Frankfurt/Main: Tupperware 1999.;"Aufgrund datentechnischer Darstellungsmodi entspricht Rezept 57 dem Rezept 32a in der Edition; 58 entspricht 50a; 59 entspricht 53 a in der Edition.



- Diakritika, die in den Editionen verwendet werden, wurden radikal reduziert auf i und Umlaute. Längenzeichen, Trema oder überschriebene Diakritika zur Markierung von Diphthongen werden entweder weggelassen oder entsprechend aufgelöst: <o> mit Superskript <e> wird wie auch die Ligatur <œ> in der Übertragung als <oe> dargestellt.

- Textgliedernde Merkmale wie Zeilenumbrüche oder Absätze werden nur dann übernommen, wenn die Edition selbst eine handschriftengetreue Abbildung darzustellen versucht: Dabei werden Zeilenumbrüche durch einen Schrägstrich, Foliowechsel durch doppelten Schrägstrich dargestellt.

- Foliowechsel werden in der elektronischen Edition innerhalb eckiger Klammern im Fließtext notiert. Zeilen, die in den Editionen zum Teil auf RECTO und zum Teil auf VERSO stehen, werden nicht getrennt. Wir optieren bei der Paginierung für jene Seite, die den größeren Textanteil aufweist.

- Anmerkungen, die im Fließtext der Edition aufscheinen, werden übernommen, Fußnoten hingegen werden in der Darstellung des historischen Textes generell weggelassen.

- Auszeichnungen in Form von Textformatierungen, die von den Bearbeiterinnen und Bearbeitern der Printeditionen zur Hervorhebung von zum Beispiel Emendationen verwendet werden, sind nicht in den elektronischen Text eingeflossen.

- Die Zitierfähigkeit der Texte ist insofern gegeben, als dass jedem Rezepttext die in der Edition vergebene Rezeptnummer vorangestellt ist.

- voll lemmatisiert; noch nicht disambiguiert

Die Groß-/Kleinschreibung entspricht aus technischen Gründen nur teilweise der Edition.";00000000000000zz--h;1376;161;;"Teil einer lat. Textsammlung (lat. religiöse Texte).

1-14: Fastenspeisen

15-21: Fleischspeisen

22-25: keine erkennbare Ordnung

26-32a: Eierspeisen

33-39: keine erkennbare Ordnung

40-41: Sülzen

42-43: Fruchtmus

44-46: keine erkennbare Ordnung

47-56: Hauptzutat Eier und Milch";"Elektronische Texte zur Verfügung gestellt von Dr. Helmut Klug, Portal der Pflanzen des Mittelalters, http://medieval-plants.org/



Link-Referenz HSC: http://www.handschriftencensus.de/6394";;;MBS2;1999;0;;;;;;;;;;;;;;;
Inntalkochbuch;;Danner, Berthilde: Alte Kochrezepte aus dem bayrischen Inntal. In: Ostbairische Grenzmarken. Passauer JB f. Geschichte, Kunst u. Volkskunde 12 (1970), S.118-128.;"- Diakritika, die in den Editionen verwendet werden, wurden radikal reduziert auf i und Umlaute. Längenzeichen, Trema oder überschriebene Diakritika zur Markierung von Diphthongen werden entweder weggelassen oder entsprechend aufgelöst: <o> mit Superskript <e> wird wie auch die Ligatur <œ> in der Übertragung als <oe> dargestellt.

- Textgliedernde Merkmale wie Zeilenumbrüche oder Absätze werden nur dann übernommen, wenn die Edition selbst eine handschriftengetreue Abbildung darzustellen versucht: Dabei werden Zeilenumbrüche durch einen Schrägstrich, Foliowechsel durch doppelten Schrägstrich dargestellt.

- Foliowechsel werden in der elektronischen Edition innerhalb eckiger Klammern im Fließtext notiert. Zeilen, die in den Editionen zum Teil auf RECTO und zum Teil auf VERSO stehen, werden nicht getrennt. Wir optieren bei der Paginierung für jene Seite, die den größeren Textanteil aufweist.

- Anmerkungen, die im Fließtext der Edition aufscheinen, werden übernommen, Fußnoten hingegen werden in der Darstellung des historischen Textes generell weggelassen.

- Auszeichnungen in Form von Textformatierungen, die von den Bearbeiterinnen und Bearbeitern der Printeditionen zur Hervorhebung von zum Beispiel Emendationen verwendet werden, sind nicht in den elektronischen Text eingeflossen.

- Die Zitierfähigkeit der Texte ist insofern gegeben, als dass jedem Rezepttext die in der Edition vergebene Rezeptnummer vorangestellt ist.

- Voll lemmatisiert aber nicht disambiguiert.



Die Groß-/Kleinschreibung entspricht aus technischen Gründen nur teilweise der Edition.";00000000000zzppv--h;1299;161;;- div. unsortierte Rezepte, teilweise mit lat. Einsprengseln;"Elektronische Texte zur Verfügung gestellt von Dr. Helmut Klug, Portal der Pflanzen des Mittelalters, http://medieval-plants.org/



Link-Referenz HSC: http://www.handschriftencensus.de/9534";;;KBL3;1970;0;;;;;;;;;;;;;;;
Das Reichenauer Kochbuch aus der Badischen Landesbibliothek (Ka1);;"Ehlert, Trude; [u.a.]: Das Reichenauer Kochbuch aus der Badischen Landesbibliothek. Edition und Kommentar. In: Mediaevistik 9 (1996b), S. 135-188";"- Diakritika, die in den Editionen verwendet werden, wurden radikal reduziert auf i und Umlaute. Längenzeichen, Trema oder überschriebene Diakritika zur Markierung von Diphthongen werden entweder weggelassen oder entsprechend aufgelöst: <o> mit Superskript <e> wird wie auch die Ligatur <œ> in der Übertragung als <oe> dargestellt.

- Textgliedernde Merkmale wie Zeilenumbrüche oder Absätze werden nur dann übernommen, wenn die Edition selbst eine handschriftengetreue Abbildung darzustellen versucht: Dabei werden Zeilenumbrüche durch einen Schrägstrich, Foliowechsel durch doppelten Schrägstrich dargestellt.

- Foliowechsel werden in der elektronischen Edition innerhalb eckiger Klammern im Fließtext notiert. Zeilen, die in den Editionen zum Teil auf RECTO und zum Teil auf VERSO stehen, werden nicht getrennt. Wir optieren bei der Paginierung für jene Seite, die den größeren Textanteil aufweist.

- Anmerkungen, die im Fließtext der Edition aufscheinen, werden übernommen, Fußnoten hingegen werden in der Darstellung des historischen Textes generell weggelassen.

- Auszeichnungen in Form von Textformatierungen, die von den Bearbeiterinnen und Bearbeitern der Printeditionen zur Hervorhebung von zum Beispiel Emendationen verwendet werden, sind nicht in den elektronischen Text eingeflossen.

- Die Zitierfähigkeit der Texte ist insofern gegeben, als dass jedem Rezepttext die in der Edition vergebene Rezeptnummer vorangestellt ist.

Die Groß-/Kleinschreibung entspricht aus technischen Gründen nur teilweise der Edition.";000000000zzzpppv--h;;161;;"Kochrezepttexte innerhalb ausschließlich geistlicher Texte, Rezepte bilden eine eigene Lage, eigene (alte) Seitenzählung.

Überlieferungskontext: vorwiegend religiöse Texte";"Elektronische Texte zur Verfügung gestellt von Dr. Helmut Klug, Portal der Pflanzen des Mittelalters, http://medieval-plants.org/



Link-Referenz HSC: http://www.handschriftencensus.de/8460



- klare thematische Blöcke (Hauptzutat, Zubereitung) mit vereinzelten Durchbrechungen erkennbar, auffällig ist die eingeschränkte Nennung von Importgewürzen, Rezepte mit Bär, Wurstrezepte, Hosennestelsulz";;;KBL4;1996;0;;;;;;;;;;;;;;;
Die Kochrezepte der Konstanzer Handschrift A I 1;;Ehlert, Trude: Die (Koch-)Rezepte der Konstanzer Handschrift A I 1. Edition und Kommentar. In: Von wyßheit würt der mensch geert. Festschrift f. Manfred Lemmer. Hrsg. v. Ingrid Kühn, Gotthard Lerchner. Bern [u.a.]: Lang 1993, S. 39-64.;"- Diakritika, die in den Editionen verwendet werden, wurden radikal reduziert auf i und Umlaute. Längenzeichen, Trema oder überschriebene Diakritika zur Markierung von Diphthongen werden entweder weggelassen oder entsprechend aufgelöst: <o> mit Superskript <e> wird wie auch die Ligatur <œ> in der Übertragung als <oe> dargestellt.

- Textgliedernde Merkmale wie Zeilenumbrüche oder Absätze werden nur dann übernommen, wenn die Edition selbst eine handschriftengetreue Abbildung darzustellen versucht: Dabei werden Zeilenumbrüche durch einen Schrägstrich, Foliowechsel durch doppelten Schrägstrich dargestellt.

- Foliowechsel werden in der elektronischen Edition innerhalb eckiger Klammern im Fließtext notiert. Zeilen, die in den Editionen zum Teil auf RECTO und zum Teil auf VERSO stehen, werden nicht getrennt. Wir optieren bei der Paginierung für jene Seite, die den größeren Textanteil aufweist.

- Anmerkungen, die im Fließtext der Edition aufscheinen, werden übernommen, Fußnoten hingegen werden in der Darstellung des historischen Textes generell weggelassen.

- Auszeichnungen in Form von Textformatierungen, die von den Bearbeiterinnen und Bearbeitern der Printeditionen zur Hervorhebung von zum Beispiel Emendationen verwendet werden, sind nicht in den elektronischen Text eingeflossen.

- Die Zitierfähigkeit der Texte ist insofern gegeben, als dass jedem Rezepttext die in der Edition vergebene Rezeptnummer vorangestellt ist.



Die Groß-/Kleinschreibung entspricht aus technischen Gründen nur teilweise der Edition.";00000000000000aaz--;1302;161;;"ausschließlich an den Rändern einiger Blätter, 42 Kochrezepte, darunter Küchen- und Kellertipps, Obstbau, Fischfang, diätetische Hinweise;

Überlieferungskontext: literarische und religiöse Texte";keine erkennbare Ordnung, viele Tips zu Haus-, Garten- und Wirtschaftspraxis;;;KSA1;;;;;;;;;;;;;;;;;
Neidhart-Lieder Hs. C (SNE);64;Neidhart-Lieder. Texte und Melodien sämtlicher Handschriften und Drucke. Hrsgg. von Ulrich Müller, Ingrid Bennewitz, Franz Viktor Spechtler, unter Mitarbeit von Annemarie Eder, Ute Evers, Elke Huber, Sirikit Podroschko, Margarete Springeth, Ruth Weichselbaumer, Eva-Maria Weinhäupl. Bd. 1. Berlin, New York 2007;"Übergeschriebene Buchstaben sowie Ligaturen in der Ausgabe sind sukzessive dargestellt.

Jedes Lied erhält aus datentechnischen Gründen eine Zählung (1-39), die weder in der Handschrift vorhanden noch mit editorischen Zählungen ident ist und daher bei allfälligen Zitaten auch nicht angegeben werden muss:

Lied 1 = C Str. 1-10

Lied 2 = C Str. 11-19

Lied 3 = C Str. 20-22

Lied 4 = C Str. 23-25

Lied 5 = C Str. 26-33

Lied 6 = C Str. 94-99

Lied 7 = C Str. 100-108

Lied 8 = C Str. 109-116

Lied 9 = C Str. 117-131

Lied 10 = C Str. 132-138

Lied 11 = C Str. 139-145

Lied 12 = C Str. 146-150

Lied 13 = C Str. 173-181

Lied 14 = C Str. 182-188

Lied 15 = C Str. 189-191

Lied 16 = C Str. 192-194

Lied 17 = C Str. 195-197

Lied 18 = C Str. 198-200

Lied 19 = C Str. 201-205

Lied 20 = C Str. 206-209

Lied 21 = C Str. 210-212

Lied 22 = C Str. 213-216

Lied 23 = C Str. 217-221

Lied 24 = C Str. 222-226

Lied 25 = C Str. 227-231

Lied 26 = C Str. 232-236

Lied 27 = C Str. 237-239

Lied 28 = C Str. 240-244

Lied 29 = C Str. 245-248

Lied 30 = C Str. 249-254

Lied 31 = C Str. 255-257

Lied 32 = C Str. 258-260

Lied 33 = C Str. 260-265

Lied 34 = C Str. 266-271

Lied 35 = C Str. 272-275

Lied 36 = C Str. 276-279

Lied 37 = C Str. 280-284

Lied 38 = C Str. 285-287

Lied 39 = C Str. 288-289

Die Groß-/Kleinschreibung entspricht aus technischen Gründen nur teilweise der Edition.";000000000000ddss--k;1536;5;;;;;;NEIM;;;;;;;;;;;;;;;;;
Münchner Kochbuchhandschriften aus dem 15. Jahrhundert, Cgm 467;;Münchner Kochbuchhandschriften aus dem 15. Jahrhundert. Cgm 349, 384, 467, 725, 811 und Clm 15632. Hrsg. v. Trude Ehlert [u.a.]. Frankfurt/Main: Tupperware 1999.;"- Die Zählung der Edition beginnt mit 0 (0-3); die Zählung in er MHDBDB ist technisch bedingt verschoben und beginnt mit 1 (1-4).

- Diakritika, die in den Editionen verwendet werden, wurden radikal reduziert auf i und Umlaute. Längenzeichen, Trema oder überschriebene Diakritika zur Markierung von Diphthongen werden entweder weggelassen oder entsprechend aufgelöst: <o> mit Superskript <e> wird wie auch die Ligatur <œ> in der Übertragung als <oe> dargestellt.

- Textgliedernde Merkmale wie Zeilenumbrüche oder Absätze werden nur dann übernommen, wenn die Edition selbst eine handschriftengetreue Abbildung darzustellen versucht: Dabei werden Zeilenumbrüche durch einen Schrägstrich, Foliowechsel durch doppelten Schrägstrich dargestellt.

- Foliowechsel werden in der elektronischen Edition innerhalb eckiger Klammern im Fließtext notiert. Zeilen, die in den Editionen zum Teil auf RECTO und zum Teil auf VERSO stehen, werden nicht getrennt. Wir optieren bei der Paginierung für jene Seite, die den größeren Textanteil aufweist.

- Anmerkungen, die im Fließtext der Edition aufscheinen, werden übernommen, Fußnoten hingegen werden in der Darstellung des historischen Textes generell weggelassen.

- Auszeichnungen in Form von Textformatierungen, die von den Bearbeiterinnen und Bearbeitern der Printeditionen zur Hervorhebung von zum Beispiel Emendationen verwendet werden, sind nicht in den elektronischen Text eingeflossen.

- Die Zitierfähigkeit der Texte ist insofern gegeben, als dass jedem Rezepttext die in der Edition vergebene Rezeptnummer vorangestellt ist.

Die Groß-/Kleinschreibung entspricht aus technischen Gründen nur teilweise der Edition.";000000000000zpppv--;1436;161;;"Überlieferungskontext: Humanmedizin, Kräuterkunde, Haushaltstipps, Zauber.



Nicht abgesetzter Teil der Rezeptsammlung, naturkundliche und medizinische Texte, Haus- und Gartenrezepte, Kochrezepte von zwei hintereinander stehenden Gartenbaurezepten und einem med. Rezept umrahmt.";"Elektronische Texte zur Verfügung gestellt von Dr. Helmut Klug, Portal der Pflanzen des Mittelalters, http://medieval-plants.org/



Link-Referenz HSC: http://www.handschriftencensus.de/8424";;;MBS7;1999;0;;;;;;;;;;;;;;;
Münchner Kochbuchhandschriften aus dem 15. Jahrhundert, Cgm 725;;Münchner Kochbuchhandschriften aus dem 15. Jahrhundert. Cgm 349, 384, 467, 725, 811 und Clm 15632. Hrsg. v. Trude Ehlert [u.a.]. Frankfurt/Main: Tupperware 1999.;"- Diakritika, die in den Editionen verwendet werden, wurden radikal reduziert auf i und Umlaute. Längenzeichen, Trema oder überschriebene Diakritika zur Markierung von Diphthongen werden entweder weggelassen oder entsprechend aufgelöst: <o> mit Superskript <e> wird wie auch die Ligatur <œ> in der Übertragung als <oe> dargestellt.

- Textgliedernde Merkmale wie Zeilenumbrüche oder Absätze werden nur dann übernommen, wenn die Edition selbst eine handschriftengetreue Abbildung darzustellen versucht: Dabei werden Zeilenumbrüche durch einen Schrägstrich, Foliowechsel durch doppelten Schrägstrich dargestellt.

- Foliowechsel werden in der elektronischen Edition innerhalb eckiger Klammern im Fließtext notiert. Zeilen, die in den Editionen zum Teil auf RECTO und zum Teil auf VERSO stehen, werden nicht getrennt. Wir optieren bei der Paginierung für jene Seite, die den größeren Textanteil aufweist.

- Anmerkungen, die im Fließtext der Edition aufscheinen, werden übernommen, Fußnoten hingegen werden in der Darstellung des historischen Textes generell weggelassen.

- Auszeichnungen in Form von Textformatierungen, die von den Bearbeiterinnen und Bearbeitern der Printeditionen zur Hervorhebung von zum Beispiel Emendationen verwendet werden, sind nicht in den elektronischen Text eingeflossen.

- Die Zitierfähigkeit der Texte ist insofern gegeben, als dass jedem Rezepttext die in der Edition vergebene Rezeptnummer vorangestellt ist.

- voll lemmatisiert; noch nicht disambiguiert

Die Groß-/Kleinschreibung entspricht aus technischen Gründen nur teilweise der Edition.";000000000czzpppv--h;1460;161;;"Überlieferungskontext: Humanmedizin, Prognostik, Haushaltsrezepte, Kräutertexte



Kochrezepte sind – mit Nr. 514 beginnend – durchnummeriert und in die Umgebung einer Sammlung verschiedener deutscher und lateinischer medizin. Rezepte ohne Hervorhebung eingeordnet. Die Rezepte auf fol. 41r haben die Nr. 46, 47. Individuelle Überlieferung, gehäufte Verwendung der Zwiebel.";"Ordnung erkennbar, aber nicht durchgängig, schwer nachvollziehbar:

1. Muse (1-6)

2. Gebratenes: zwei Fleischgerichte, gebratene Mandel Milch (9-11)

3. Fischgerichte (12-16)

4. Eierspeisen (17-18)

5. Herstellung von grünem Ingwer (20)



Digitale Texte zur Verfügung gestellt von Mag. Helmut Klug, Portal der Pflanzen des Mittelalters, http://medieval-plants.org/



Link-Referenz HSC: http://www.handschriftencensus.de/3686";;;MBS5;;;;;;;;;;;;;;;;;
Neidhart-Lieder Hs. R (SNE);64;Neidhart-Lieder. Texte und Melodien sämtlicher Handschriften und Drucke. Hrsgg. von Ulrich Müller, Ingrid Bennewitz, Franz Viktor Spechtler, unter Mitarbeit von Annemarie Eder, Ute Evers, Elke Huber, Sirikit Podroschko, Margarete Springeth, Ruth Weichselbaumer, Eva-Maria Weinhäupl. Bd. 1. Berlin, New York 2007;"Nachtragsstrophen (N) in der Ausgabe werden fortlaufend durchgezählt.

In Lied R 25 ist zwischen den Strophen R I und R II eine Nachtragsstrophe eingefügt. Dadurch verändert sich die Strophennummerierung gegenüber der Ausgabe. 

Die Strophe R IV von Lied R 27 steht mit teilweise abweichendem Wortlaut auch als Nachtrag in der Hs. Diese Strophe N (IVb) wird fortlaufend nummeriert. Dadurch verändert sich die Strophennummerierung gegenüber der Ausgabe. 



Die Groß-/Kleinschreibung entspricht aus technischen Gründen nur teilweise der Edition.";000000000000ddss--k;1557;5;;;;;;NEIR;;;;;;;;;;;;;;;;;
Das puch von den VI namen;1727;Das puch von den VI namen des fronleichnams auch goldene Zunge oder liber de corde et sanguine domini. In: Der Mönch von Heilsbronn. Zum ersten Male vollständig herausgegeben von Dr. J.F.L. Theod. Merzdorf. Berlin: H. Ebeling und C. Plahn, 1870,S.3-68.;"Beginnt auf S. 3 der Ausgabe und endet auf S. 68. Die Zeilenzählung wurde durch die MHDBDB generiert.

Hochgestellte o und e wurden > uo und ue aufgelöst.

Vollständig lemmatisiert, aber noch nicht disambiguiert.";00000000000000pp--h;;121;des fronleichnams auch goldene Zunge oder liber de;;Nur die Heidelberger Hs. (ca. 1390) enthält alle vier Werke. Die undatierte, vielleicht etwas jüngere Münchener Hs. (cgm 100) enthält nur den Alexius. Beide Hss. scheinen von derselben Hand geschrieben zu sein. Die Sprachform ist süddeutsch.;;;BVSN;1870;1;;;;;;;;;;;;;;;
Göttweiger Trojanerkrieg;;Der Göttweiger Trojanerkrieg. Mit einer Tafel in Lichtdruck. Hrsg. von Alfred Koppitz (DTM 29), Berlin:Weidmannsche Buchhandlung 1926.(DTM = Deutsche Texte des Mittelalters Bd. 26).;;0000000pppvl-----hk;;10;;;;;;GWTK;0;0;;;;;;;;;;;;;;;
Kochrezeptsammlung des cpg 583;;Mirjam Schulz: Edition und Untersuchung der Kochrezeptsammlung des cpg 583. Magisterarbeit. Würzburg 1998.;"- Rezept Nr. 84 steht eigentlich als 55a in der Edition/Hs. Aufgrund programmiertechnischer Hindernisse musste es jedoch unter neuer Nummer hintangestellt werden.

- Diakritika, die in den Editionen verwendet werden, wurden radikal reduziert auf i und Umlaute. Längenzeichen, Trema oder überschriebene Diakritika zur Markierung von Diphthongen werden entweder weggelassen oder entsprechend aufgelöst: <o> mit Superskript <e> wird wie auch die Ligatur <œ> in der Übertragung als <oe> dargestellt.

- Textgliedernde Merkmale wie Zeilenumbrüche oder Absätze werden nur dann übernommen, wenn die Edition selbst eine handschriftengetreue Abbildung darzustellen versucht: Dabei werden Zeilenumbrüche durch einen Schrägstrich, Foliowechsel durch doppelten Schrägstrich dargestellt.

- Anmerkungen, die im Fließtext der Edition aufscheinen, werden übernommen, Fußnoten hingegen werden in der Darstellung des historischen Textes generell weggelassen.

- Auszeichnungen in Form von Textformatierungen, die von den Bearbeiterinnen und Bearbeitern der Printeditionen zur Hervorhebung von zum Beispiel Emendationen verwendet werden, sind nicht in den elektronischen Text eingeflossen.

- Die Zitierfähigkeit der Texte ist insofern gegeben, als dass jedem Rezepttext die in der Edition vergebene Rezeptnummer vorangestellt ist.

- Anm. zu Kochrezept 63, Zeile 2 (""hörschen pälz""): Die in der Edition verwendete Schreibung ""pälz"" lässt sich nach Einsicht in die Handschrift nicht eindeutig bestätigen. Die Bedeutung von ""hörschen pälz"" ist nicht eindeutig geklärt, wird im Wortindex jedoch bis auf Weiteres mit der Bedeutung ""Beere"" lemmatisiert.

- Voll lemmatisiert aber nicht disambiguiert.

Die Groß-/Kleinschreibung entspricht aus technischen Gründen nur teilweise der Edition.";00000000000000zz--h;1298;161;;- vorwiegend human- und veterinärmedizinischer Kontext, religiöse Texte;"Elektronische Texte zur Verfügung gestellt von Dr. Helmut Klug, Portal der Pflanzen des Mittelalters, http://medieval-plants.org/



Link-Referenz HSC: http://www.handschriftencensus.de/10297";;;HUB3;1998;0;;;;;;;;;;;;;;;
Münchner Kochbuchhandschriften aus dem 15. Jahrhundert, Cgm 811;;Münchner Kochbuchhandschriften aus dem 15. Jahrhundert. Cgm 349, 384, 467, 725, 811 und Clm 15632. Hrsg. v. Trude Ehlert [u.a.]. Frankfurt/Main: Tupperware 1999.;"- Diakritika, die in den Editionen verwendet werden, wurden radikal reduziert auf i und Umlaute. Längenzeichen, Trema oder überschriebene Diakritika zur Markierung von Diphthongen werden entweder weggelassen oder entsprechend aufgelöst: <o> mit Superskript <e> wird wie auch die Ligatur <œ> in der Übertragung als <oe> dargestellt.

- Textgliedernde Merkmale wie Zeilenumbrüche oder Absätze werden nur dann übernommen, wenn die Edition selbst eine handschriftengetreue Abbildung darzustellen versucht: Dabei werden Zeilenumbrüche durch einen Schrägstrich, Foliowechsel durch doppelten Schrägstrich dargestellt.

- Foliowechsel werden in der elektronischen Edition innerhalb eckiger Klammern im Fließtext notiert. Zeilen, die in den Editionen zum Teil auf RECTO und zum Teil auf VERSO stehen, werden nicht getrennt. Wir optieren bei der Paginierung für jene Seite, die den größeren Textanteil aufweist.

- Anmerkungen, die im Fließtext der Edition aufscheinen, werden übernommen, Fußnoten hingegen werden in der Darstellung des historischen Textes generell weggelassen.

- Auszeichnungen in Form von Textformatierungen, die von den Bearbeiterinnen und Bearbeitern der Printeditionen zur Hervorhebung von zum Beispiel Emendationen verwendet werden, sind nicht in den elektronischen Text eingeflossen.

- Die Zitierfähigkeit der Texte ist insofern gegeben, als dass jedem Rezepttext die in der Edition vergebene Rezeptnummer vorangestellt ist.

- Voll lemmatisiert aber nicht disambiguiert.

Die Groß-/Kleinschreibung entspricht aus technischen Gründen nur teilweise der Edition.";0000000000000zppv--;1336;161;;Die Handschrift gehört zum Typus 'bürgerliches Liederbuch', auf 35v und 36r Kochrezepttexte eingetragen. Agraz, 2 Saucen, Latwerge.;"Elektronische Texte zur Verfügung gestellt von Dr. Helmut Klug, Portal der Pflanzen des Mittelalters, http://medieval-plants.org/



Link-Referenz HSC: http://www.handschriftencensus.de/4579";;;MBS1;1999;0;;;;;;;;;;;;;;;
Tristrant (Hs. H);42;Eilhart von Oberg: Tristrant. Hrsg. von Hadumod Bussmann. Tübingen 1969. (= ATB 70).[Nachfolgend: Handschrift H.];"Lemmatisiert, aber noch nicht disambiguiert.

Der Text beginnt mit Vers 1608.

Text weist Lücken und Einschübe (1763; 1814; 1818; 2939; 3421; 3423) auf.

Die Groß-/Kleinschreibung entspricht aus technischen Gründen nur teilweise der Edition.";00000000000000----i;;16;;;;;;EIH;;;;;;;;;;;;;;;;;
Frauendienst (Briefe);5;Hg. Reinhold Bechstein, Leipzig;"Voll lemmatisiert und disambiguiert.



Keine Satzzeichen.



Erster Brief befindet sich auf S. 38/Zeile 9

Die Groß-/Kleinschreibung entspricht aus technischen Gründen nur teilweise der Edition.";0000000000000ppp0--;;62;;;;;;FP;;;;;;;;;;;;;;;;;
Iwein;2;Iwein. Eine Erzählung von Hartmann von Aue . Hrsg. von G.F. Benecke und Lachmann . Neu bearb. von Ludwig Wolff. Siebente Ausgabe. Berlin 1968. Band 1, Text.;"Voll lemmatisiert, aber nicht disambiguiert.

Die Groß-/Kleinschreibung entspricht aus technischen Gründen nur teilweise der Edition.";000000000000000----;;16;;;;;;IW;1968;1;;;;;;;;;;;;;;;
Laurin;;Laurin und Walberan. Hrsg. v. Oskar Jaenicke, In: Deutsches Heldenbuch, 1.Teil. Berlin 1866, S. 201-237.;"Insgesamt 1890 Verszeilen beginnend mit Vers 1.



Lemmatisiert, aber nicht disambiguiert.



Der Text weist einen Einschub nach Vers 1559 auf.

Die Groß-/Kleinschreibung entspricht aus technischen Gründen nur teilweise der Edition.";00000000000000----i;;2;;;"Kopenhagen, Arnamagnæanske Institut, Cod. AM 32.2°; 1. Viertel 15. Jh.; Pergament;Bl. 36r-60v = 'Walberan'-Fortsetzung (unvollständig)

München, Archiv des Historischen Vereins im Stadtarchiv, Cahier I von 4° Nr. 6; 14. Jh. (Roth S. XIV),Pergament Doppelbl., verschollen.";;;LAU;1866;1;;;;;;;;;;;;;;;
Tristan als Mönch;;Tristan als Mönch. Hrsg. v. Betty C. Bushey. Göppingen: Kümmerle 1974. (=Göppinger Arbeiten zur Germanistik 119).;"Vollständig lemmatisiert; noch nicht disambiguiert.

Die Groß-/Kleinschreibung entspricht aus technischen Gründen nur teilweise der Edition.";000000000000000----;;16;;;;;;TRM;1974;1;;;;;;;;;;;;;;;
Rosengarten (Hs. D);;"Die Gedichte vom Rosengarten zu Worms. Hrsg. v. Georg Holz. Halle 1893.

Rosengarten D (II) (S.71-215).";"Lemmatisiert, aber nicht disambiguiert.



Text weist Einschübe auf.



Entstanden um 1250. Die Fassung D versucht sich dem höfischen Geschmack anzupassen.

Die Groß-/Kleinschreibung entspricht aus technischen Gründen nur teilweise der Edition.";0000000000000sss0-i;;2;;;;;;ROD;1893;1;;;;;;;;;;;;;;;
Die Bischöfe;;Kleinere mittelhochdeutsche Erzählungen, Fabeln und Lehrgedichte. III. Die Heidelberger Handschrift Cod. Pal. Germ. 341. Hrsg. v. Gustav Rosenhagen, Dublin/Zürich: Weidmann 1970. (= Deutsche Texte des Mittelalters Bd. XVII). Der elektronische Text basiert zum Teil auf dem vom Electronic Text Center der University of Virginia / Kompetenzzentrum für elektronische Erschließungs- und Publikationsverfahren in den Geisteswissenschaften an der Universität Trier erstellten Text, revidiert von Lesley C. Pleasant and Cindy Filer Speer.;"Die vorgeschriebene Abschnittnummer 109 entspricht der Nummer des Kleingedichtes in der Ausgabe. Übergeschriebene Vokale wurden aufgelöst.

Noch nicht disambiguiert.

Die Groß-/Kleinschreibung entspricht aus technischen Gründen nur teilweise der Edition.";000000000000aaa---h;;3;;;;KMH;Kleinere mittelhochdeutsche Erzählungen, Fabeln und Lehrgedichte;DBS;;;;;;;;;;;;;;;;;
Hartmann von Aue;2;Des Minnesangs Frühling. Unter Benutzung der Ausgaben von Karl Lachmann und Moriz Haupt, Friedrich Vogt und Carl von Kraus bearbeitet von Hugo Moser und Helmut Tervooren. 36., neugestaltete und erweiterte Auflage. Stuttgart: S. Hirzel Verlag 1977.;"Lemmatisiert, aber noch nicht disambiguiert

Auszug aus MF nach einzelnen Abschnitten/Autoren. 

Verschiedene Überlieferungen sind als große fortlaufende Kapitelnummer vor dem jeweils ersten Lied gekennzeichnet. Beispiel: Die AC-Überlieferung bei Spervogel ist als Kapitel 1, die J-Überlieferung als Kapitel 2 gekennzeichnet. 

Soll der gesamte MF durchsucht werden, müssen alle dazugehörenden Abschnitte (MNL=MF Namenlose Lieder; MAD= MF Engelhart von Adelnburg) angeleuchtet werden.

Die Groß-/Kleinschreibung entspricht aus technischen Gründen nur teilweise der Edition.";000000000000cddss--;;81;Minnesangs Frühling;;;MSF;Minnesangs Frühling;MHA;;;;;;;;;;;;;;;;;
Der arme Lazarus;;Kleinere mittelhochdeutsche Erzählungen, Fabeln und Lehrgedichte. III. Die Heidelberger Handschrift Cod. Pal. Germ. 341. Hrsg. v. Gustav Rosenhagen, Dublin/Zürich: Weidmann 1970. (= Deutsche Texte des Mittelalters Bd. XVII). Der elektronische Text basiert zum Teil auf dem vom Electronic Text Center der University of Virginia / Kompetenzzentrum für elektronische Erschließungs- und Publikationsverfahren in den Geisteswissenschaften an der Universität Trier erstellten Text, revidiert von Lesley C. Pleasant and Cindy Filer Speer.;"Die vorgeschriebene Abschnittnummer 59 entspricht der Nummer des Kleingedichtes in der Ausgabe. Übergeschriebene Vokale wurden aufgelöst.

Noch nicht disambiguiert.

Die Groß-/Kleinschreibung entspricht aus technischen Gründen nur teilweise der Edition.";0000000000000aa---h;;3;;;;KMH;Kleinere mittelhochdeutsche Erzählungen, Fabeln und Lehrgedichte;DAL;;;;;;;;;;;;;;;;;
Gärtner;4;Die Kleindichtung des Strickers. Gesamtausgabe in fünf Bänden. Hrsg. v. Wolfgang Wilfried Moelleken. Göppingen, 1974. (GAG 107/I-V);"Noch nicht disambiguiert.

Keine Parallelüberlieferung.  

Links zur Hs. Cologny, Fondation Martin Bodmer, Cod. Bodmer 72.

Die Groß-/Kleinschreibung entspricht aus technischen Gründen nur teilweise der Edition.";0000000000aaau----h;;3;;;;STR;Die Kleindichtung des Strickers;GAE;;;;;;;;;;;;;;;;;
Die schreiende Klage;4;Die Kleindichtung des Strickers. Gesamtausgabe in fünf Bänden. Hrsg. v. Wolfgang Wilfried Moelleken. Göppingen, 1974. (GAG 107/I-V);"Noch nicht disambiguiert.

Keine Parallelüberlieferung.  

Keine Links zur Hs. Cologny, Fondation Martin Bodmer, Cod. Bodmer 72 oder 155.

Die Groß-/Kleinschreibung entspricht aus technischen Gründen nur teilweise der Edition.";0000000000aaau----h;;3;;;;STR;Die Kleindichtung des Strickers;DSK;;;;;;;;;;;;;;;;;
Allerheiligenlitanei;4;Die Kleindichtung des Strickers. Gesamtausgabe in fünf Bänden. Hrsg. v. Wolfgang Wilfried Moelleken. Göppingen, 1974. (GAG 107/I-V);"Noch nicht disambiguiert.

Keine Parallelüberlieferung.  

Keine Links zur Hs. Cologny, Fondation Martin Bodmer, Cod. Bodmer 72 oder 155.

Die Groß-/Kleinschreibung entspricht aus technischen Gründen nur teilweise der Edition.";0000000000aaau----h;;3;;;;STR;Die Kleindichtung des Strickers;ALL;;;;;;;;;;;;;;;;;
Wildpret;4;Die Kleindichtung des Strickers. Gesamtausgabe in fünf Bänden. Hrsg. v. Wolfgang Wilfried Moelleken. Göppingen, 1974. (GAG 107/I-V);"Noch nicht disambiguiert.

Keine Parallelüberlieferung.  

Links zur Hs. Cologny, Fondation Martin Bodmer, Cod. Bodmer 72.

Die Groß-/Kleinschreibung entspricht aus technischen Gründen nur teilweise der Edition.";0000000000aaau----h;;3;;;;STR;Die Kleindichtung des Strickers;DWI;;;;;;;;;;;;;;;;;
Der Wolf und der Hund;4;Die Kleindichtung des Strickers. Gesamtausgabe in fünf Bänden. Hrsg. v. Wolfgang Wilfried Moelleken. Göppingen, 1974. (GAG 107/I-V);"Noch nicht disambiguiert.

Keine Parallelüberlieferung.  

Keine Links zur Hs. Cologny, Fondation Martin Bodmer, Cod. Bodmer 72 oder 155.

Die Groß-/Kleinschreibung entspricht aus technischen Gründen nur teilweise der Edition.";0000000000aaau----h;;3;;;;STR;Die Kleindichtung des Strickers;WUH;;;;;;;;;;;;;;;;;
Wenzel von Beheim;1104;Deutsche Liederdichter. Hrsg. von Carl von Kraus. Tübingen, M. Niemeyer, 1951-58.;"Lemmatisiert, nicht disambiguiert.

Die Groß-/Kleinschreibung entspricht aus technischen Gründen nur teilweise der Edition.";0000000000ddss---kf;;5;;;;CvK;Carl von Kraus Liederdichter;WVB;;;;;;;;;;;;;;;;;
Reimar von Brenneberg;1074;Deutsche Liederdichter. Hrsg. von Carl von Kraus. Tübingen, M. Niemeyer, 1951-58.;"Lemmatisiert, nicht disambiguiert.

Die Groß-/Kleinschreibung entspricht aus technischen Gründen nur teilweise der Edition.";0000000000ddss---kf;;5;;;;CvK;Carl von Kraus Liederdichter;RVB;;;;;;;;;;;;;;;;;
Ulrich von Liechtenstein;5;Deutsche Liederdichter. Hrsg. von Carl von Kraus. Tübingen, M. Niemeyer, 1951-58.;"Lemmatisiert, nicht disambiguiert.

Die Groß-/Kleinschreibung entspricht aus technischen Gründen nur teilweise der Edition.";0000000000ddss---kf;;5;;;;CvK;Carl von Kraus Liederdichter;UVL;;;;;;;;;;;;;;;;;
Heinrich von der Muore;1049;Deutsche Liederdichter. Hrsg. von Carl von Kraus. Tübingen, M. Niemeyer, 1951-58.;"Lemmatisiert, nicht disambiguiert.

Die Groß-/Kleinschreibung entspricht aus technischen Gründen nur teilweise der Edition.";0000000000ddss---kf;;5;;;;CvK;Carl von Kraus Liederdichter;HDM;;;;;;;;;;;;;;;;;
Heinrich der Rost;1268;;Die Groß-/Kleinschreibung entspricht aus technischen Gründen nur teilweise der Edition.;00000000000uddss--h;;5;;;;SMS;Schweizer Minnesänger;SRK;;;;;;;;;;;;;;;;;
Ulrich von Singenberg;1258;;Die Groß-/Kleinschreibung entspricht aus technischen Gründen nur teilweise der Edition.;00000000000uddss--h;;5;;;;SMS;Schweizer Minnesänger;SUS;;;;;;;;;;;;;;;;;
Ulrich von Baumburg;1273;;Die Groß-/Kleinschreibung entspricht aus technischen Gründen nur teilweise der Edition.;00000000000uddss--h;;5;;;;SMS;Schweizer Minnesänger;SUB;;;;;;;;;;;;;;;;;
Johannes Hadlaub;1275;;Die Groß-/Kleinschreibung entspricht aus technischen Gründen nur teilweise der Edition.;00000000000uddss--h;;5;;;;SMS;Schweizer Minnesänger;SJH;;;;;;;;;;;;;;;;;
Goeli;1278;;Die Groß-/Kleinschreibung entspricht aus technischen Gründen nur teilweise der Edition.;0000000000uddss--hf;;5;;;;SMS;Schweizer Minnesänger;SGO;;;;;;;;;;;;;;;;;
Der von Wengen;1269;;Die Groß-/Kleinschreibung entspricht aus technischen Gründen nur teilweise der Edition.;0000000000uddss--hf;;5;;;;SMS;Schweizer Minnesänger;SVW;;;;;;;;;;;;;;;;;
Pfeffel;1270;;Die Groß-/Kleinschreibung entspricht aus technischen Gründen nur teilweise der Edition.;00000000000uddss--h;;5;;;;SMS;Schweizer Minnesänger;SP;;;;;;;;;;;;;;;;;
Johann von Ringgenberg;1259;;Die Groß-/Kleinschreibung entspricht aus technischen Gründen nur teilweise der Edition.;00000000000uddss--h;;5;;;;SMS;Schweizer Minnesänger;SJR;;;;;;;;;;;;;;;;;
Der beichtende Student;;Eine Schweizer Kleinepiksammlung des 15. Jahrhunderts. Hrsg. von Hanns Fischer. Tübingen: Niemeyer 1965. (= ATB Nr. 65), S. 81-84.;"Besteht aus 70 Verszeilen beginnend mit V.1.

Lemmatisiert, nicht disambiguiert.

Die Groß-/Kleinschreibung entspricht aus technischen Gründen nur teilweise der Edition.";000000000000000---k;;3;;;;SKS;Eine Schweizer Kleinepiksammlung;BST;;;;;;;;;;;;;;;;;
Burkart von Hohenfels;1029;Deutsche Liederdichter. Hrsg. von Carl von Kraus. Tübingen, M. Niemeyer, 1951-58.;"Lemmatisiert, nicht disambiguiert.

Die Groß-/Kleinschreibung entspricht aus technischen Gründen nur teilweise der Edition.";000000000ddss---khf;;5;;;;CvK;Carl von Kraus Liederdichter;BUH;;;;;;;;;;;;;;;;;
Dietmar der Setzer;1033;;"Deutsche Liederdichter. Hrsg. von Carl von Kraus. Tübingen, M. Niemeyer, 1951-58. 

Die Groß-/Kleinschreibung entspricht aus technischen Gründen nur teilweise der Edition.";000000000ddss---khf;;5;;;;CvK;Carl von Kraus Liederdichter;DDS;;;;;;;;;;;;;;;;;
Das geschändete Sakrament;;Eine Schweizer Kleinepiksammlung des 15. Jahrhunderts. Hrsg. von Hanns Fischer. Tübingen: Niemeyer 1965. (= ATB Nr. 65), S. 93-95.;"Besteht aus 50 Verszeilen beginnend mit V.1.

Lemmatisiert, nicht disambiguiert.

Die Groß-/Kleinschreibung entspricht aus technischen Gründen nur teilweise der Edition.";000000000000000---k;;3;;;;SKS;Eine Schweizer Kleinepiksammlung;DGS;;;;;;;;;;;;;;;;;
Der Kanzler;1056;Deutsche Liederdichter. Hrsg. von Carl von Kraus. Tübingen, M. Niemeyer, 1951-58.;"Lemmatisiert, nicht disambiguiert.

Die Groß-/Kleinschreibung entspricht aus technischen Gründen nur teilweise der Edition.";0000000000ddss---kf;;5;;;;CvK;Carl von Kraus Liederdichter;KAN;;;;;;;;;;;;;;;;;
Von Suoneck;1101;Deutsche Liederdichter. Hrsg. von Carl von Kraus. Tübingen, M. Niemeyer, 1951-58.;"Lemmatisiert, nicht disambiguiert.

Die Groß-/Kleinschreibung entspricht aus technischen Gründen nur teilweise der Edition.";0000000000ddss---kf;;5;;;;CvK;Carl von Kraus Liederdichter;VSU;;;;;;;;;;;;;;;;;
Minnereden Band 1;;Mittelhochdeutsche Minnereden. Band I, Hrsg. Wilhelm Brauns, Gerhard Thiele, Berlin 1938.(= Deutsche Texte des Mittelalters, Bd. 24);"Hochgestelltes o > uo

Hochgestelltes e > ä,ö,ü

Einige hochgestellte 'e', die eigentlich hochgestellte 'o' sein müssten wurden korrigiert (Beispiel:  tüt > tuot)

Bis ca. S. 113 erscheint in der Edition für 'ü' hochgestelltes e über u, was zu 'ü' konvertiert ist. Danach erscheint ú, das für die digitale Edition beibehalten wurde. 

Vor allem alleinstehende, nicht lemmafähige  Komponenten (Vorsilben) zu Komposita wurden kontrahiert. (Beispiele: ver gasß > vergasß; zer spalten > zerspalten; un eren > uneren)



Teilweise lemmatisiert, nicht disambiguiert.";0000000zzpppv----hk;;244;;;;;;MR1;0;0;;;;;;;;;;;;;;;
Der Mantel;867;"Der Mantel: Bruchstück eines Lanzeletromans des Heinrich von dem Türlin, nebst einer Abh. über die Sage vom Trinkhorn und Mantel und die Quelle der Krone, Hrsg. von Otto Warnatsch, (= Germanistische Abhandlungen; Band 2), Breslau 1883, Nachdruck Hildesheim 1977";"Das Fragment bricht bei Vers 994 ab. Silbentrennung der Ausgabe wurde aufgehoben.

Lemmatisiert, nicht disambiguiert.";0000000000000000---;;16;;Der Mantel ist eine Bearbeitung der Sage vom Zaubermantel, der nur einer keuschen Frau passt. Der Text ist als Fragment einzig im Ambraser Heldenbuch erhalten, wo er den fehlenden Beginn von Hartmanns Erec-Roman 'ersetzt'.(https://de.wikipedia.org/wiki/Heinrich_von_dem_Türlin);;;;MAN;0;0;;;;;;;;;;;;;;;
Reinfried von Braunschweig;;REINFRID VON BRAUNSCHWEIG. Hrsg. von Karl Bartsch. Tübingen: L.F. Fues, 1871 (= Bibliothek des Litterarischen Vereins Stuttgart, CIX);"Fragmentarisches Reimpaarepos, endet in der Ausgabe mit Vers 27627. Aie Ausgabe von Bartsch hat jedoch einen eingefügten Vers(18075) nicht mitgezählt, so dass Vers 18075 bei MHDBDB = 18076 ist, und alle weiteren Verse sich entsprechend verschieben.

Die Groß-/Kleinschreibung entspricht aus technischen Gründen nur teilweise der Edition.";00000000000000-----;1776;1;;;;;;RVBR;;;;;;;;;;;;;;;;;
Willehelm von Heinzenburg;1330;Deutsche Liederdichter. Hrsg. von Carl von Kraus. Tübingen, M. Niemeyer, 1951-58.;Die Groß-/Kleinschreibung entspricht aus technischen Gründen nur teilweise der Edition.;000000000ddss---khf;;5;;;;CvK;Carl von Kraus Liederdichter;WVH;;;;;;;;;;;;;;;;;
König vom Odenwald;1707;Reinhard Olt (Hg.), König vom Odenwald. Gedichte. Mittelhochdeutsch - Neuhochdeutsch. Mit einer Einleitung zur Klärung der Verfasserfrage, hg. und übertragen v. R.O. (Germanische Bibliothek, Reihe 4), Heidelberg 1988.;;000000000000dd---hk;;5;;http://www.handschriftencensus.de/werke/2350;;;;KVO;1988;1;;;;;;;;;;;;;;;
Steinmar;1277;Schiendorfer, Max (Hrsg.): Die Schweizer Minnesänger : Texte. [Neuauflage der Edition von Karl Bartsch]. – Tübingen : Niemeyer, 1990. – (2). (STE = Steinmars Lieder = S. 280–297);Die Groß-/Kleinschreibung entspricht aus technischen Gründen nur teilweise der Edition.;00000000000uddss--h;;5;;;;SMS;Schweizer Minnesänger;STE;0;0;;;;;;;;;;;;;;;
Walberan;;Laurin und Walberan. Hrsg. v. Oskar Jänicke, In: Deutsches Heldenbuch, 2. Teil. Berlin 1866.;"Lemmatisiert, aber nicht disambiguiert.

Die Groß-/Kleinschreibung entspricht aus technischen Gründen nur teilweise der Edition.";000000000000000----;;2;;;"Kopenhagen, Arnamagnæanske Institut, Cod. AM 32.2°; 1. Viertel 15. Jh.; Pergament;Bl. 36r-60v = 'Walberan'-Fortsetzung (unvollständig)

München, Archiv des Historischen Vereins im Stadtarchiv, Cahier I von 4° Nr. 6; 14. Jh. (Roth S. XIV),Pergament Doppelbl., verschollen.";;;WLB;1866;1;;;;;;;;;;;;;;;
Buch von Troja;746;"Hans-Josef Dreckmann(Hrsg.) Das ""Buch von Troja"" von Hans Mair. Kritische Textausgabe und Untersuchung. München 1970.

Basiert z.T. auf:

Das Bonner Frühneuhochdeutschkorpus

http://www.ikp.uni-bonn.de/dt/forsch/fnhd/221.html (nicht mehr abrufbar; aktuell findet man die Version über diesen Link: https://korpora.zim.uni-duisburg-essen.de/Fnhd/ - möglicherweise wurden aber geringfügige Änderungen durchgeführt)";"Sprachraum: Ostschwäbisch (Augsburg), Ort: Nördlingen, Zeit: 1392.



Lateinische Vorlage: Guido de Columnis, Historia destructionis Troiae, 1280-1287.

Die Groß-/Kleinschreibung entspricht aus technischen Gründen nur teilweise der Edition.";00000000000000pp--h;;10;;"Beginnt auf Seite 7.

Lemmatisiert, nicht disambiguiert.

Im Text eingelagerte arabische Ziffern wurden durch römische ersetzt.

Edition basiert auf folgenden Handschriften:

1. Berlin, Staatl. Museen - Kupferstichkabinett, Cod. 78 A 13 (früher Hs. 99)

2. Coburg, Landesbibl., Ms. Sche. 16

Gießen, Universitätsbibl., Hs. 231

3. London, British Libr., Ms. Arundel 6

London, University College, Ms. Germ. 7

4. München, Staatsbibl., Cgm 213

München, Staatsbibl., Cgm 267

5. München, Staatsbibl., Cgm 342

München, Staatsbibl., Cgm 696

6. Straßburg, National- und Universitätsbibl., ms. 2119 (früher L germ. 195.2°)";;;;HMT;1970;1;;;;;;;;;;;;;;;
Studentenabenteuer (A);;"Studabenteuer: Wilhelm Stehmann, Die mittelhochdeutsche Novelle vom Studentenabenteuer (Palaestra 67), Berlin 1909, S. 198-216.

Zur Verfügung gestellt von Friedrich Michael Dimpel.";"Vollständig lemmatisiert; noch nicht disambiguiert.";000000000000000---h;;3;;;;;;VZS;1909;1;;;;;;;;;;;;;;;
Neidhart-Lieder Hs. c (SNE);64;Neidhart-Lieder. Texte und Melodien sämtlicher Handschriften und Drucke. Hrsg. von Ulrich Müller, Ingrid Bennewitz, Franz Viktor Spechtler, unter Mitarbeit von Annemarie Eder, Ute Evers, Elke Huber, Sirikit Podroschko, Margarete Springeth, Ruth Weichselbaumer, Eva-Maria Weinhäupl. Bd. und 2. Berlin, New York 2007;"Übergeschriebene Buchstaben sowie oe-Ligaturen in der Ausgabe sind sukzessive dargestellt.



Noch nicht disambiguiert, zum Teil lemmatisiert.

Die Groß-/Kleinschreibung entspricht aus technischen Gründen nur teilweise der Edition.";00000000000dddss--h;;5;;;;;;NEIC;;;;;;;;;;;;;;;;;
Salzburg, Universitätsbibliothek, M I 128;;"http://www.ubs.sbg.ac.at/sosa/lucull/lucull128.htm

Beatrix Koll, 2009";"- Diakritika, die in den Editionen verwendet werden, wurden radikal reduziert auf i und Umlaute. Längenzeichen, Trema oder überschriebene Diakritika zur Markierung von Diphthongen werden entweder weggelassen oder entsprechend aufgelöst: <o> mit Superskript <e> wird wie auch die Ligatur <œ> in der Übertragung als <oe> dargestellt.

- Textgliedernde Merkmale wie Zeilenumbrüche oder Absätze werden nur dann übernommen, wenn die Edition selbst eine handschriftengetreue Abbildung darzustellen versucht: Dabei werden Zeilenumbrüche durch einen Schrägstrich, Foliowechsel durch doppelten Schrägstrich dargestellt.

- Anmerkungen, die im Fließtext der Edition aufscheinen, werden übernommen, Fußnoten hingegen werden in der Darstellung des historischen Textes generell weggelassen.

- Die Zitierfähigkeit der Texte ist insofern gegeben, als dass jedem Rezepttext die in der Edition vergebene Rezeptnummer vorangestellt ist.

- Teilweise lemmatisiert aber nicht disambiguiert.

Die Groß-/Kleinschreibung entspricht aus technischen Gründen nur teilweise der Edition.";00000000000000dd--h;1816;161;;"M I 128: Medizinische-naturwissenschaftliche Sammelhandschrift (Papierhandschrift, Bayern/Österreich, 1. Drittel 15. Jh.; 341 Bl.; Kochbuch von fol. 318r-331v und 337r-337v)



Überlieferungskontext: medizinische, hauswirtschaftliche Texte, Gartenbau.";"Keine Gliederung erkennbar.



Elektronische Texte zur Verfügung gestellt von Dr. Helmut Klug, Portal der Pflanzen des Mittelalters, http://medieval-plants.org/";;;SUB1;2009;0;;;;;;;;;;;;;;;
Facetiae Latinae et Germanicae;1647;"Adelbert von Keller (Hrsg.): Facetiae (Bibliothek des Litterarischen Vereins in Stuttgart; Bd. 118). Tubingen: Laupp Verlag, 1874.

Digitale Version: Angus Graham

Sultan Qaboos University Oman?Ulrich Harsch 2005.";"Besteht aus 54 Schwänken auf 69 Folioblättern, beginnend mit Blatt 61. auf den vorhergehenden Blättern befindet sich der lateinische Text.



Arabische ziffern in römische umgewandelt: 11=XI

Silbentrennung aufgehoben. Zeilentrennung folgt im Großen und Ganzen der digitalen Edition. Abschnitte und Folioseiten wurden beibehalten mit einem Zeilenumbruch zu Anfang jeder Folioseite.



lemmatisiert, noch nicht disambiguiert.

Die Groß-/Kleinschreibung entspricht aus technischen Gründen nur teilweise der Edition.";0000000000zzpppv--h;;13;;"Im Jahr 1486 wurden im Auftrag des Grafen Eberhard im Bart von Württemberg die Facetiae Latinae et Germanicae, eine Schwanksammlung sowohl in lateinischer Sprache als auch auf deutsch in südschwäbischem Dialekt geschrieben.

Um den Bodensee scheint Tünger am meisten heimisch. Von Constanz aus berechnet er gerne die entfernungen anderer orte; er nennt Aigoltingen (bl. 34), Arbon (bl. 36b), Rorschach (bl. 36b), Lindau (bl. 29b), Buchorn (bl. 48b), Reichenau (bl. 28), Mülheim (bl. 10b), Maura (bl. 11b), das Hegau (bl. 45b), sodann orte der Schweiz, Basel (s. 79), Zürich (bl. 15b), Winterthur (bl. 11), Chur (bl. 19b. 31b. 76b), Vorarlbergs wie Ems (bl. 29b), dann rheinabwärts Straßburg (bl. 9b. 17. 50. 119), Hagenau (s. 90), Kappel (bl. 52. 119), Speier (bl. 17b), weiterhin Frankfurt (bl. 22), Erfurt (bl. 18. s. 91) u. s. w.

Mit diesen ortsangaben stimmt auch die eigenheit der sprache. Sie ist nicht rein hochdeutsch, sie trägt vielmehr die färbung des südschwäbischen idioms, welches an das alemanische streift. Die alemanische form gesin (bl. 81b) findet, sich noch jetzt im Balinger bezirk. Die kürzung des stammvocals in zittlich (bl. 82), wofern die gemination eine bedeutung hat, ist gleichfalls schweizerische eigenheit. Die diphthongierung des à zu au (d. h. ao) wie raut (bl. 78), missraut (bl. 78b), Zaubern (bl. 94) ist jetzt nicht mehr balingisch und weist mehr nach Osten.";In der Handschrift Cod. HB V 24a der Württembergischen Landesbibliothek Stuttgart überliefert.;;;ATF;;;;;;;;;;;;;;;;;
Minnereden Band 2;;"Mittelhochdeutsche Minnereden. Band II, Hrsg. Wilhelm Brauns, Gerhard Thiele, Berlin 1938.(Deutsche Texte des Mittelalters, Bd. 41)

Digitale Version nach einer Ausgabe auf den Seiten der University of Virginia, die nicht mehr im Netz ist.";"Die Zeilenzählung und Folioangaben entsprechen der digitalen Version.



Lemmatisiert, nicht disambiguiert.

Die Groß-/Kleinschreibung entspricht aus technischen Gründen nur teilweise der Edition.";00000zzpppvl----ukh;;244;;"Die ""Minnereden"" waren eine bedeutende literarische Gattung im deutschen Sprachraum des vom Ende des 13. Jahrhundert bis zum späten 15. Jh.  Thematisch führen sie den Minnesang fort, sind aber nicht mehr gesungene Lyrik sondern ""meist in Reimpaarversen verfaßte, nicht selten narrativ gerahmte Reflexionen eines minnenden ‹Ich› über die Regeln, das ‹Wesen› und den ‹Sinn› der zwischengeschlechtlichen Liebe."" (Projekt ""Handbuch Minnereden"" am Institut für Germanistik der TU Dresden)";"Quelle:

Cod. Pal. germ. 313";;;MR2;1938;1;;;;;;;;;;;;;;;
Christi Leiden in einer Vision geschaut;;"Christi Leiden in einer Vision geschaut

(Germanische Bibliothek, 2. Abt., Bd. 39)Hrsg.: R. Priebsch, Heidelberg 1936:

Digitale Version Ulrich Harsch 2007.";"Der Passionstraktat «Christi Leiden in einer Vision geschaut» wurde von einem unbekannten Autor gegen Ende des 14. Jahrhunderts verfaßt. «Das Werk hat in der Forschung bis heute kaum eine Form der Beachtung gefunden, die über das bloße Registrieren der Auffälligkeit seines Realismus hinausginge» (Aleksandra Prica, 2006).

Die Groß-/Kleinschreibung entspricht aus technischen Gründen nur teilweise der Edition.";0000000000appvl---h;;121;;;;;;CLV;;;;;;;;;;;;;;;;;
Waltram von Gresten;1328;Deutsche Liederdichter. Hrsg. von Carl von Kraus. Tübingen, M. Niemeyer, 1951-58.;Die Groß-/Kleinschreibung entspricht aus technischen Gründen nur teilweise der Edition.;000000000ddss---khf;;5;;;;CvK;Carl von Kraus Liederdichter;WVG;;;;;;;;;;;;;;;;;
Wahsmuot von Mülnhusen;1332;Deutsche Liederdichter. Hrsg. von Carl von Kraus. Tübingen, M. Niemeyer, 1951-58.;Die Groß-/Kleinschreibung entspricht aus technischen Gründen nur teilweise der Edition.;000000000ddss---khf;;5;;;;CvK;Carl von Kraus Liederdichter;WVM;;;;;;;;;;;;;;;;;
Die goldene Schmiede;1;Konrad von Würzburg: Die Goldene Schmiede. Herausgegeben von Wilhelm Grimm. Karl J. Klemann, Berlin 1840.;"Besteht aus genau 2000 Versen.



Lemmatisiert, aber nicht disambiguiert.";000000000000000----;;4;;;;;;GS;1840;1;;;;;;;;;;;;;;;
Von sant Alexius;1727;Von sant Alexius, In: Der Mönch von Heilsbronn. Zum ersten Male vollständig herausgegeben von Dr. J.F.L. Theod. Merzdorf. Berlin: H. Ebeling und C. Plahn, 1870,S.147-159.;"Beginnt auf S. 147 der Ausgabe und endet auf S. 159. Die Zeilen- und Seitenzählung entspricht der Ausgabe.

Hochgestellte o und e wurden > uo und ue aufgelöst.

Vollständig lemmatisiert, aber noch nicht disambiguiert.";000000000000ppp---h;;4;;;Nur die Heidelberger Hs. (ca. 1390) enthält alle vier Werke. Die undatierte, vielleicht etwas jüngere Münchener Hs. (cgm 100) enthält nur den Alexius. Beide Hss. scheinen von derselben Hand geschrieben zu sein. Die Sprachform ist süddeutsch.;;;ALX;1870;1;;;;;;;;;;;;;;;
Das puch von der tochter Syon;1727;Das puch von der tochter Syon. In: Der Mönch von Heilsbronn. Zum ersten Male vollständig herausgegeben von Dr. J.F.L. Theod. Merzdorf. Berlin: H. Ebeling und C. Plahn, 1870,S.129-144.;"Beginnt auf S. 129 der Ausgabe und endet auf S. 144. Die Zeilen- und Seitenzählung entspricht der Ausgabe.

Hochgestellte o und e wurden > uo und ue aufgelöst.

Vollständig lemmatisiert, aber noch nicht disambiguiert.";000000000000ppp---h;;4;;;Nur die Heidelberger Hs. (ca. 1390) enthält alle vier Werke. Die undatierte, vielleicht etwas jüngere Münchener Hs. (cgm 100) enthält nur den Alexius. Beide Hss. scheinen von derselben Hand geschrieben zu sein. Die Sprachform ist süddeutsch.;;;PTS;1870;1;;;;;;;;;;;;;;;
Biterolf und Dietleib;;"Biterolf Und Dietleib. In: Deutsches Heldenbuch, Erster Teil.

Hrsg. v. Oskar Jänicke. Berlin 1866, S. 1-197.";"Lemmatisiert, aber nicht disambiguiert.

Text weist Überschriften in Form von Aventiurenbeschreibungen und Lücken auf.

Die Groß-/Kleinschreibung entspricht aus technischen Gründen nur teilweise der Edition.";0000000000000-----h;;2;;"13. Jh. Überliefert im Ambraser Heldenbuch: Der Kodex im Riesenformat von 46 × 33,5 cm umfasst 243 Pergamentblätter, die jeweils dreispaltig beschrieben und an ihren Rändern mit floralen Dekorationen geschmückt sind. Die Sammlung wurde im Auftrag des Kaisers Maximilian I. 1504–1516/17 von dem Zollschreiber Hans Ried in Bozen (Südtirol) zusammengetragen und kalligraphisch niedergeschrieben.[1] Zunächst wurde der Prachtkodex auf Schloss Ambras in Tirol aufbewahrt; seit 1806 befindet sich die Handschrift in der Österreichischen Nationalbibliothek in Wien (Signatur Cod. Ser. nova 2663).[2][3] (https://de.wikipedia.org/wiki/Ambraser_Heldenbuch)";;;;BRF;1866;1;;;;;;;;;;;;;;;
Das puch der siben grâde;1727;Das puch der siben grâde. In: Der Mönch von Heilsbronn. Zum ersten Male vollständig herausgegeben von Dr. J.F.L. Theod. Merzdorf. Berlin: H. Ebeling und C. Plahn, 1870,S.71-125.;"Beginnt auf S. 71 der Ausgabe und endet auf S. 125. Seiten- und Zeilenzählung entsprechen der Ausgabe.

Hochgestellte o und e wurden > uo und ue aufgelöst.

Vollständig lemmatisiert, aber noch nicht disambiguiert.";00000000000ppp----h;;4;;;Nur die Heidelberger Hs. (ca. 1390) enthält alle vier Werke. Die undatierte, vielleicht etwas jüngere Münchener Hs. (cgm 100) enthält nur den Alexius. Beide Hss. scheinen von derselben Hand geschrieben zu sein. Die Sprachform ist süddeutsch.;;;PSG;1870;1;;;;;;;;;;;;;;;
Regimen sanitatis;1627;"G. Eis: Heinrich Münsingers »Regimen sanitatis in fluxu catarrhali ad pectus«. In: Forschungen zur Fachprosa. Bern/ München 1971, 81-90. [Hs. 15. Jahrhundert, zweite Hälfte]

-- Digitale Version: erfaßt und 1 Korrektur gelesen: Thomas Gloning, 6/1996.";"die Seitenzahlen der Edition wurden nicht wiedergegeben, sondern nur die Folioseiten, die mit 212 recto beginnen und mit 217 recto enden.

die folgenden Abweichungen von der Edition wurden vorgenommen:

übergeschriebenes o auf u = uo

übergeschriebenes e auf a = ae

übergeschriebenes e auf o = oe

übergeschriebenes e auf u = ue

übergeschriebenes e auf v = ve

<> =()



Lemmatisiert, noch nicht disambiguiert.



Die Groß-/Kleinschreibung entspricht aus technischen Gründen nur teilweise der Edition.";000000000000pppv--h;;183;;;;;;HMRG;;;;;;;;;;;;;;;;;
Der Stein philosophorum;1147;"H. Buntz, Deutsche alchemistische Traktate des 15. und 16. Jahrhunderts. Diss. München 1969, S. 68ff.; Edition Seite 73-83.

Digitale Edition: Thomas Glonig 2003.";"Zeilengetreue Erfassung, aber Silbentrennung aufgehoben.

Besteht aus einer Vorrede, 32 Abschnitten und einem Ende.

Lemmatisiert, nicht disambiguiert.

Die Groß-/Kleinschreibung entspricht aus technischen Gründen nur teilweise der Edition.";00000000000000aa--h;;284;;;15. Jh., Mitte (Donaueschinger Hs. 811, vgl. Buntz S. 69ff.);;;SPH;;;;;;;;;;;;;;;;;
Des Königs alte Kleider;4;Die Kleindichtung des Strickers. Gesamtausgabe in fünf Bänden. Hrsg. v. Wolfgang Wilfried Moelleken. Göppingen, 1974. (GAG 107/I-V);"Noch nicht disambiguiert.

Keine Parallelüberlieferung.  

Links zur Hs. Cologny, Fondation Martin Bodmer, Cod. Bodmer 72.

Die Groß-/Kleinschreibung entspricht aus technischen Gründen nur teilweise der Edition.";0000000000aaau----h;;3;;;;STR;Die Kleindichtung des Strickers;KAK;;;;;;;;;;;;;;;;;
Nackte Ritter;4;Die Kleindichtung des Strickers. Gesamtausgabe in fünf Bänden. Hrsg. v. Wolfgang Wilfried Moelleken. Göppingen, 1974. (GAG 107/I-V);"Noch nicht disambiguiert.

Keine Parallelüberlieferung.  

Link zur Hs. Cologny, Fondation Martin Bodmer, Cod. Bodmer 72.

Die Groß-/Kleinschreibung entspricht aus technischen Gründen nur teilweise der Edition.";0000000000aaau----h;;3;;;;STR;Die Kleindichtung des Strickers;DNR;;;;;;;;;;;;;;;;;
Der Hund und der Stein;4;Kleinere mittelhochdeutsche Erzählungen, Fabeln und Lehrgedichte. III. Die Heidelberger Handschrift Cod. Pal. Germ. 341. Hrsg. v. Gustav Rosenhagen, Dublin/Zürich: Weidmann 1970. (= Deutsche Texte des Mittelalters Bd. XVII). Der elektronische Text basiert zum Teil auf dem vom Electronic Text Center der University of Virginia / Kompetenzzentrum für elektronische Erschließungs- und Publikationsverfahren in den Geisteswissenschaften an der Universität Trier erstellten Text, revidiert von Lesley C. Pleasant and Cindy Filer Speer.;"Die vorgeschriebene Abschnittnummer 65 entspricht der Nummer des Kleingedichtes in der Ausgabe. Übergeschriebene Vokale wurden aufgelöst.

Noch nicht disambiguiert.

Die Groß-/Kleinschreibung entspricht aus technischen Gründen nur teilweise der Edition.";0000000000000aa---h;;3;;;;KMH;Kleinere mittelhochdeutsche Erzählungen, Fabeln und Lehrgedichte;DHS;;;;;;;;;;;;;;;;;
Die beiden Zimmerleute;4;Die Kleindichtung des Strickers. Gesamtausgabe in fünf Bänden. Hrsg. v. Wolfgang Wilfried Moelleken. Göppingen, 1974. (GAG 107/I-V);"Noch nicht disambiguiert.

Keine Parallelüberlieferung.  

Links zur Hs. Cologny, Fondation Martin Bodmer, Cod. Bodmer 72.

Die Groß-/Kleinschreibung entspricht aus technischen Gründen nur teilweise der Edition.";0000000000aaau----h;;3;;;;STR;Die Kleindichtung des Strickers;BZI;;;;;;;;;;;;;;;;;
Die Mahnung zur rechtzeitigen Buße;4;Die Kleindichtung des Strickers. Gesamtausgabe in fünf Bänden. Hrsg. v. Wolfgang Wilfried Moelleken. Göppingen, 1974. (GAG 107/I-V);"Noch nicht disambiguiert.

Keine Parallelüberlieferung.  

Link zur Hs. Cologny, Fondation Martin Bodmer, Cod. Bodmer 72.

Die Groß-/Kleinschreibung entspricht aus technischen Gründen nur teilweise der Edition.";0000000000aaau----h;;3;;;;STR;Die Kleindichtung des Strickers;DMB;;;;;;;;;;;;;;;;;
Der Pfaffen Leben;4;Die Kleindichtung des Strickers. Gesamtausgabe in fünf Bänden. Hrsg. v. Wolfgang Wilfried Moelleken. Göppingen, 1974. (GAG 107/I-V);"Noch nicht disambiguiert.

Keine Parallelüberlieferung.  

Link zur Hs. Cologny, Fondation Martin Bodmer, Cod. Bodmer 72.

Die Groß-/Kleinschreibung entspricht aus technischen Gründen nur teilweise der Edition.";0000000000aaau----h;;3;;;;STR;Die Kleindichtung des Strickers;PFL;;;;;;;;;;;;;;;;;
Weidemann;4;Die Kleindichtung des Strickers. Gesamtausgabe in fünf Bänden. Hrsg. v. Wolfgang Wilfried Moelleken. Göppingen, 1974. (GAG 107/I-V);"Noch nicht disambiguiert.

Keine Parallelüberlieferung.  

Links zur Hs. Cologny, Fondation Martin Bodmer, Cod. Bodmer 72.

Die Groß-/Kleinschreibung entspricht aus technischen Gründen nur teilweise der Edition.";0000000000aaau----h;;3;;;;STR;Die Kleindichtung des Strickers;WEI;;;;;;;;;;;;;;;;;
Marienlitanei;4;Die Kleindichtung des Strickers. Gesamtausgabe in fünf Bänden. Hrsg. v. Wolfgang Wilfried Moelleken. Göppingen, 1974. (GAG 107/I-V);"Noch nicht disambiguiert.

Keine Parallelüberlieferung.  

Keine Links zur Hs. Cologny, Fondation Martin Bodmer, Cod. Bodmer 72 oder 155.

Die Groß-/Kleinschreibung entspricht aus technischen Gründen nur teilweise der Edition.";0000000000aaau----h;;3;;;;STR;Die Kleindichtung des Strickers;MAL;;;;;;;;;;;;;;;;;
Die Ehre und das Seelenheil;4;Die Kleindichtung des Strickers. Gesamtausgabe in fünf Bänden. Hrsg. v. Wolfgang Wilfried Moelleken. Göppingen, 1974. (GAG 107/I-V);"Noch nicht disambiguiert.

Keine Parallelüberlieferung.  

Links zur Hs. Cologny, Fondation Martin Bodmer, Cod. Bodmer 72.

Die Groß-/Kleinschreibung entspricht aus technischen Gründen nur teilweise der Edition.";0000000000aaau----h;;3;;;;STR;Die Kleindichtung des Strickers;EUS;;;;;;;;;;;;;;;;;
Günther von dem Vorste;1047;Deutsche Liederdichter. Hrsg. von Carl von Kraus. Tübingen, M. Niemeyer, 1951-58.;"Lemmatisiert, nicht disambiguiert.

Die Groß-/Kleinschreibung entspricht aus technischen Gründen nur teilweise der Edition.";0000000000ddss---kf;;5;;;;CvK;Carl von Kraus Liederdichter;GVV;;;;;;;;;;;;;;;;;
Rubin;1072;Deutsche Liederdichter. Hrsg. von Carl von Kraus. Tübingen, M. Niemeyer, 1951-58.;"Lemmatisiert, nicht disambiguiert.

Die Groß-/Kleinschreibung entspricht aus technischen Gründen nur teilweise der Edition.";0000000000ddss---kf;;5;;;;CvK;Carl von Kraus Liederdichter;RUB;;;;;;;;;;;;;;;;;
Namenlos;;Deutsche Liederdichter. Hrsg. von Carl von Kraus. Tübingen, M. Niemeyer, 1951-58.;"Lemmatisiert, nicht disambiguiert.

Die Groß-/Kleinschreibung entspricht aus technischen Gründen nur teilweise der Edition.";0000000000ddss---kf;;5;;;;CvK;Carl von Kraus Liederdichter;NML;;;;;;;;;;;;;;;;;
